// Created by Crowbar 0.74
version 1
nodes
  0 "tag_origin" -1
  1 "tag_view" 0
  2 "tag_ads" 1
  3 "tag_torso" 2
  4 "j_mainroot" 3
  5 "j_spinelower" 4
  6 "j_spineupper" 5
  7 "j_clavicle_le" 6
  8 "j_clavicle_ri" 6
  9 "j_shoulder_le" 7
  10 "j_teres_le" 7
  11 "j_shoulder_ri" 8
  12 "j_teres_ri" 8
  13 "j_shouldertwist_le" 9
  14 "j_elbow_le" 9
  15 "ValveBiped.Bip01_L_UpperArm" 9
  16 "j_shouldertwist_ri" 11
  17 "j_elbow_ri" 11
  18 "ValveBiped.Bip01_R_UpperArm" 11
  19 "j_wristfronttwist1_le" 14
  20 "j_elbowdq_le" 14
  21 "j_wrist_le" 14
  22 "ValveBiped.Bip01_L_Forearm" 14
  23 "j_wristfronttwist1_ri" 17
  24 "j_elbowdq_ri" 17
  25 "j_wrist_ri" 17
  26 "ValveBiped.Bip01_R_Forearm" 17
  27 "j_metaindex_le_1" 21
  28 "j_metamid_le_1" 21
  29 "j_metapinky_le_1" 21
  30 "j_metaring_le_1" 21
  31 "j_thumb_le_1" 21
  32 "ValveBiped.Bip01_L_Hand" 21
  33 "j_metaindex_ri_1" 25
  34 "j_metamid_ri_1" 25
  35 "j_metapinky_ri_1" 25
  36 "j_metaring_ri_1" 25
  37 "j_thumb_ri_1" 25
  38 "ValveBiped.Bip01_R_Hand" 25
  39 "j_index_le_1" 27
  40 "j_mid_le_1" 28
  41 "j_pinky_le_1" 29
  42 "j_webbing_le_3" 29
  43 "j_ring_le_1" 30
  44 "j_thumb_le_2" 31
  45 "j_webbing_le_2" 31
  46 "ValveBiped.Bip01_L_Finger0" 31
  47 "j_index_ri_1" 33
  48 "j_mid_ri_1" 34
  49 "j_pinky_ri_1" 35
  50 "j_webbing_ri_3" 35
  51 "j_ring_ri_1" 36
  52 "j_thumb_ri_2" 37
  53 "j_webbing_ri_2" 37
  54 "ValveBiped.Bip01_R_Finger0" 37
  55 "j_index_le_2" 39
  56 "j_indexbulge_le_1" 39
  57 "j_proc_index_le_1" 39
  58 "ValveBiped.Bip01_L_Finger1" 39
  59 "j_mid_le_2" 40
  60 "j_proc_mid_le_1" 40
  61 "ValveBiped.Bip01_L_Finger2" 40
  62 "j_pinky_le_2" 41
  63 "j_proc_pinky_le_1" 41
  64 "ValveBiped.Bip01_L_Finger4" 41
  65 "j_ring_le_2" 43
  66 "j_proc_ring_le_1" 43
  67 "ValveBiped.Bip01_L_Finger3" 43
  68 "j_thumb_le_3" 44
  69 "ValveBiped.Bip01_L_Finger01" 44
  70 "j_index_ri_2" 47
  71 "j_indexbulge_ri_1" 47
  72 "j_proc_index_ri_1" 47
  73 "ValveBiped.Bip01_R_Finger1" 47
  74 "j_mid_ri_2" 48
  75 "j_proc_mid_ri_1" 48
  76 "ValveBiped.Bip01_R_Finger2" 48
  77 "j_pinky_ri_2" 49
  78 "j_proc_pinky_ri_1" 49
  79 "ValveBiped.Bip01_R_Finger4" 49
  80 "j_ring_ri_2" 51
  81 "j_proc_ring_ri_1" 51
  82 "ValveBiped.Bip01_R_Finger3" 51
  83 "j_thumb_ri_3" 52
  84 "ValveBiped.Bip01_R_Finger01" 52
  85 "j_index_le_3" 55
  86 "ValveBiped.Bip01_L_Finger11" 55
  87 "j_mid_le_3" 59
  88 "ValveBiped.Bip01_L_Finger21" 59
  89 "j_pinky_le_3" 62
  90 "ValveBiped.Bip01_L_Finger41" 62
  91 "j_ring_le_3" 65
  92 "ValveBiped.Bip01_L_Finger31" 65
  93 "ValveBiped.Bip01_L_Finger02" 68
  94 "j_index_ri_3" 70
  95 "ValveBiped.Bip01_R_Finger11" 70
  96 "j_mid_ri_3" 74
  97 "ValveBiped.Bip01_R_Finger21" 74
  98 "j_pinky_ri_3" 77
  99 "ValveBiped.Bip01_R_Finger41" 77
  100 "j_ring_ri_3" 80
  101 "ValveBiped.Bip01_R_Finger31" 80
  102 "ValveBiped.Bip01_R_Finger02" 83
  103 "ValveBiped.Bip01_L_Finger12" 85
  104 "ValveBiped.Bip01_L_Finger22" 87
  105 "ValveBiped.Bip01_L_Finger42" 89
  106 "ValveBiped.Bip01_L_Finger32" 91
  107 "ValveBiped.Bip01_R_Finger12" 94
  108 "ValveBiped.Bip01_R_Finger22" 96
  109 "ValveBiped.Bip01_R_Finger42" 98
  110 "ValveBiped.Bip01_R_Finger32" 100
  111 "ValveBiped.Anim_Attachment_RH" -1
  112 "tag_pistol_offset" 111
  113 "tag_holo" 112
  114 "tag_acog_2" 112
  115 "j_gun" -1
  116 "j_hammer" 112
  117 "tag_align_gun" 112
  118 "tag_barrel_attach" 112
  119 "tag_brass" 112
  120 "tag_folding_grip" 112
  121 "tag_ik_loc_le" 112
  122 "tag_laser_attach" 112
  123 "tag_mag_attach" 112
  124 "tag_pistolgrip_attach" 112
  125 "tag_reflex" 112
  126 "tag_scope" 112
  127 "tag_stock_attach" 112
  128 "j_trigger" 127
  129 "tag_trigger_hide" 128
  130 "j_magrelease" 112
  131 "j_safety" 112
  132 "j_slidestop" 112
  133 "tag_rail" 112
  134 "tag_sync" 0
  135 "tag_camera_scripted" 0
  136 "tag_cambone" 1
  137 "tag_camera" 136
  138 "tag_weapon" 3
  139 "tag_player" 137
  140 "tag_playerhelmet" 137
  141 "j_hip_le" 4
  142 "j_hip_ri" 4
  143 "j_groinprotector" 4
  144 "j_crotch" 4
  145 "j_hiptwist_le" 141
  146 "j_knee_le" 141
  147 "j_hip_proc_le" 141
  148 "j_hiptwist_ri" 142
  149 "j_knee_ri" 142
  150 "j_hip_proc_ri" 142
  151 "j_proc_spinelower" 5
  152 "j_ankle_le" 146
  153 "j_kneedq_le" 146
  154 "tag_stowed_thigh" 148
  155 "j_ankle_ri" 149
  156 "j_kneedq_ri" 149
  157 "j_neck" 6
  158 "j_spine4" 6
  159 "j_proc_spineupper" 6
  160 "j_ball_le" 152
  161 "j_ball_ri" 155
  162 "tag_carry_attach" 7
  163 "j_head" 157
  164 "j_chest" 158
  165 "j_mag1" 123
  166 "j_mag2" 123
  167 "j_slide" 118
  168 "tag_flash" 118
  169 "j_eyeball_le" 163
  170 "j_eyeball_ri" 163
  171 "j_head_end" 163
  172 "j_jaw" 163
  173 "j_nvg" 163
  174 "j_shield_le" 14
  175 "j_shield_ri" 17
  176 "j_helmet" 171
  177 "j_proc_wristfronttwist1_le" 19
  178 "j_webbing_le_1" 21
  179 "tag_weapon_left" 21
  180 "tag_accessory_left" 21
  181 "j_proc_metaindex_le_1" 21
  182 "j_proc_metaknuckle_le_1" 21
  183 "j_proc_metapinky_le_1" 21
  184 "j_webbing_ri_1" 25
  185 "tag_weapon_right" 25
  186 "tag_knife_attach2" 25
  187 "tag_accessory_right" 25
  188 "j_proc_metaindex_ri_1" 25
  189 "j_proc_metaknuckle_ri_1" 25
  190 "j_proc_metapinky_ri_1" 25
  191 "j_visor" 176
  192 "j_visor_inner" 176
  193 "tag_wrist_attach_le" 177
  194 "j_proc_metaindex_le_2" 181
  195 "j_proc_knuckle_le_1" 182
  196 "j_proc_idle_knuckle_le_1" 182
  197 "j_proc_orient_knuckle_le_1" 182
  198 "j_proc_metapinky_le_2" 183
  199 "j_proc_metaindex_ri_2" 188
  200 "j_proc_knuckle_ri_1" 189
  201 "j_proc_idle_knuckle_ri_1" 189
  202 "j_proc_orient_knuckle_ri_1" 189
  203 "j_proc_metapinky_ri_2" 190
  204 "j_thumb_le_4" 68
  205 "j_thumb_ri_4" 83
  206 "j_index_le_4" 85
  207 "j_index_ri_4" 94
end
skeleton
  time 0
    0 0.000000 0.000000 0.000000 0.000000 0.000000 -1.570796
    1 0.000000 0.000000 0.000000 0.000000 0.000000 0.000000
    2 0.000000 0.000000 0.000000 0.000000 0.000000 0.000000
    3 0.000000 0.000000 0.000000 0.000000 0.000000 0.000000
    4 0.000000 0.000000 0.000000 0.000000 0.000000 0.000000
    5 0.000000 0.000000 0.000000 0.000000 0.000000 0.000000
    6 0.000000 0.000000 0.000000 0.000000 0.000000 0.000000
    7 0.000000 0.000000 0.000000 0.000000 0.000000 0.000000
    8 0.000000 0.000000 0.000000 0.000000 0.000000 0.000000
    9 0.000000 0.000000 0.000000 0.000000 0.000000 0.000000
    10 0.000000 0.000000 0.000000 0.000000 0.000000 0.000000
    11 0.000000 0.000000 0.000000 0.000000 0.000000 0.000000
    12 0.000000 0.000000 0.000000 0.000000 0.000000 0.000000
    13 0.000000 0.000000 0.000000 0.000000 0.000000 0.000000
    14 0.000000 0.000000 0.000000 0.000000 0.000000 0.000000
    15 0.000000 0.000000 0.000000 0.000000 0.000000 0.000000
    16 0.000000 0.000000 0.000000 0.000000 0.000000 0.000000
    17 0.000000 0.000000 0.000000 0.000000 0.000000 0.000000
    18 0.000000 0.000000 0.000000 0.000000 0.000000 0.000000
    19 0.000000 0.000000 0.000000 0.000000 0.000000 0.000000
    20 0.000000 0.000000 0.000000 0.000000 0.000000 0.000000
    21 0.000000 0.000000 0.000000 0.000000 0.000000 0.000000
    22 0.000000 0.000000 0.000000 0.000000 0.000000 0.000000
    23 0.000000 0.000000 0.000000 0.000000 0.000000 0.000000
    24 0.000000 0.000000 0.000000 0.000000 0.000000 0.000000
    25 0.000000 0.000000 0.000000 0.000000 0.000000 0.000000
    26 0.000000 0.000000 0.000000 0.000000 0.000000 0.000000
    27 0.000000 0.000000 0.000000 0.000000 0.000000 0.000000
    28 0.000000 0.000000 0.000000 0.000000 0.000000 0.000000
    29 0.000000 0.000000 0.000000 0.000000 0.000000 0.000000
    30 0.000000 0.000000 0.000000 0.000000 0.000000 0.000000
    31 0.000000 0.000000 0.000000 0.000000 0.000000 0.000000
    32 0.000000 0.000000 0.000000 0.000000 0.000000 0.000000
    33 0.000000 0.000000 0.000000 0.000000 0.000000 0.000000
    34 0.000000 0.000000 0.000000 0.000000 0.000000 0.000000
    35 0.000000 0.000000 0.000000 0.000000 0.000000 0.000000
    36 0.000000 0.000000 0.000000 0.000000 0.000000 0.000000
    37 0.000000 0.000000 0.000000 0.000000 0.000000 0.000000
    38 0.000000 0.000000 0.000000 0.000000 0.000000 0.000000
    39 0.000000 0.000000 0.000000 0.000000 0.000000 0.000000
    40 0.000000 0.000000 0.000000 0.000000 0.000000 0.000000
    41 0.000000 0.000000 0.000000 0.000000 0.000000 0.000000
    42 0.000000 0.000000 0.000000 0.000000 0.000000 0.000000
    43 0.000000 0.000000 0.000000 0.000000 0.000000 0.000000
    44 0.000000 0.000000 0.000000 0.000000 0.000000 0.000000
    45 0.000000 0.000000 0.000000 0.000000 0.000000 0.000000
    46 0.000000 0.000000 0.000000 0.000000 0.000000 0.000000
    47 0.000000 0.000000 0.000000 0.000000 0.000000 0.000000
    48 0.000000 0.000000 0.000000 0.000000 0.000000 0.000000
    49 0.000000 0.000000 0.000000 0.000000 0.000000 0.000000
    50 0.000000 0.000000 0.000000 0.000000 0.000000 0.000000
    51 0.000000 0.000000 0.000000 0.000000 0.000000 0.000000
    52 0.000000 0.000000 0.000000 0.000000 0.000000 0.000000
    53 0.000000 0.000000 0.000000 0.000000 0.000000 0.000000
    54 0.000000 0.000000 0.000000 0.000000 0.000000 0.000000
    55 0.000000 0.000000 0.000000 0.000000 0.000000 0.000000
    56 0.000000 0.000000 0.000000 0.000000 0.000000 0.000000
    57 0.000000 0.000000 0.000000 0.000000 0.000000 0.000000
    58 0.000000 0.000000 0.000000 0.000000 0.000000 0.000000
    59 0.000000 0.000000 0.000000 0.000000 0.000000 0.000000
    60 0.000000 0.000000 0.000000 0.000000 0.000000 0.000000
    61 0.000000 0.000000 0.000000 0.000000 0.000000 0.000000
    62 0.000000 0.000000 0.000000 0.000000 0.000000 0.000000
    63 0.000000 0.000000 0.000000 0.000000 0.000000 0.000000
    64 0.000000 0.000000 0.000000 0.000000 0.000000 0.000000
    65 0.000000 0.000000 0.000000 0.000000 0.000000 0.000000
    66 0.000000 0.000000 0.000000 0.000000 0.000000 0.000000
    67 0.000000 0.000000 0.000000 0.000000 0.000000 0.000000
    68 0.000000 0.000000 0.000000 0.000000 0.000000 0.000000
    69 0.000000 0.000000 0.000000 0.000000 0.000000 0.000000
    70 0.000000 0.000000 0.000000 0.000000 0.000000 0.000000
    71 0.000000 0.000000 0.000000 0.000000 0.000000 0.000000
    72 0.000000 0.000000 0.000000 0.000000 0.000000 0.000000
    73 0.000000 0.000000 0.000000 0.000000 0.000000 0.000000
    74 0.000000 0.000000 0.000000 0.000000 0.000000 0.000000
    75 0.000000 0.000000 0.000000 0.000000 0.000000 0.000000
    76 0.000000 0.000000 0.000000 0.000000 0.000000 0.000000
    77 0.000000 0.000000 0.000000 0.000000 0.000000 0.000000
    78 0.000000 0.000000 0.000000 0.000000 0.000000 0.000000
    79 0.000000 0.000000 0.000000 0.000000 0.000000 0.000000
    80 0.000000 0.000000 0.000000 0.000000 0.000000 0.000000
    81 0.000000 0.000000 0.000000 0.000000 0.000000 0.000000
    82 0.000000 0.000000 0.000000 0.000000 0.000000 0.000000
    83 0.000000 0.000000 0.000000 0.000000 0.000000 0.000000
    84 0.000000 0.000000 0.000000 0.000000 0.000000 0.000000
    85 0.000000 0.000000 0.000000 0.000000 0.000000 0.000000
    86 0.000000 0.000000 0.000000 0.000000 0.000000 0.000000
    87 0.000000 0.000000 0.000000 0.000000 0.000000 0.000000
    88 0.000000 0.000000 0.000000 0.000000 0.000000 0.000000
    89 0.000000 0.000000 0.000000 0.000000 0.000000 0.000000
    90 0.000000 0.000000 0.000000 0.000000 0.000000 0.000000
    91 0.000000 0.000000 0.000000 0.000000 0.000000 0.000000
    92 0.000000 0.000000 0.000000 0.000000 0.000000 0.000000
    93 0.000000 0.000000 0.000000 0.000000 0.000000 0.000000
    94 0.000000 0.000000 0.000000 0.000000 0.000000 0.000000
    95 0.000000 0.000000 0.000000 0.000000 0.000000 0.000000
    96 0.000000 0.000000 0.000000 0.000000 0.000000 0.000000
    97 0.000000 0.000000 0.000000 0.000000 0.000000 0.000000
    98 0.000000 0.000000 0.000000 0.000000 0.000000 0.000000
    99 0.000000 0.000000 0.000000 0.000000 0.000000 0.000000
    100 0.000000 0.000000 0.000000 0.000000 0.000000 0.000000
    101 0.000000 0.000000 0.000000 0.000000 0.000000 0.000000
    102 0.000000 0.000000 0.000000 0.000000 0.000000 0.000000
    103 0.000000 0.000000 0.000000 0.000000 0.000000 0.000000
    104 0.000000 0.000000 0.000000 0.000000 0.000000 0.000000
    105 0.000000 0.000000 0.000000 0.000000 0.000000 0.000000
    106 0.000000 0.000000 0.000000 0.000000 0.000000 0.000000
    107 0.000000 0.000000 0.000000 0.000000 0.000000 0.000000
    108 0.000000 0.000000 0.000000 0.000000 0.000000 0.000000
    109 0.000000 0.000000 0.000000 0.000000 0.000000 0.000000
    110 0.000000 0.000000 0.000000 0.000000 0.000000 0.000000
    111 0.000000 0.000000 0.000000 0.000000 0.000000 -1.570796
    112 0.000000 0.000000 0.000000 0.000000 0.000000 0.000000
    113 0.000000 0.000000 0.000000 0.000000 0.000000 0.000000
    114 0.000000 0.000000 0.000000 0.000000 0.000000 0.000000
    115 0.000000 0.000000 0.000000 0.000000 0.000000 -1.570796
    116 0.000000 0.000000 0.000000 0.000000 0.000000 0.000000
    117 0.000000 0.000000 0.000000 0.000000 0.000000 0.000000
    118 0.000000 0.000000 0.000000 0.000000 0.000000 0.000000
    119 0.000000 0.000000 0.000000 0.000000 0.000000 0.000000
    120 0.000000 0.000000 0.000000 0.000000 0.000000 0.000000
    121 0.000000 0.000000 0.000000 0.000000 0.000000 0.000000
    122 0.000000 0.000000 0.000000 0.000000 0.000000 0.000000
    123 0.000000 0.000000 0.000000 0.000000 0.000000 0.000000
    124 0.000000 0.000000 0.000000 0.000000 0.000000 0.000000
    125 0.000000 0.000000 0.000000 0.000000 0.000000 0.000000
    126 0.000000 0.000000 0.000000 0.000000 0.000000 0.000000
    127 0.000000 0.000000 0.000000 0.000000 0.000000 0.000000
    128 0.000000 0.000000 0.000000 0.000000 0.000000 0.000000
    129 0.000000 0.000000 0.000000 0.000000 0.000000 0.000000
    130 0.000000 0.000000 0.000000 0.000000 0.000000 0.000000
    131 0.000000 0.000000 0.000000 0.000000 0.000000 0.000000
    132 0.000000 0.000000 0.000000 0.000000 0.000000 0.000000
    133 0.000000 0.000000 0.000000 0.000000 0.000000 0.000000
    134 0.000000 0.000000 0.000000 0.000000 0.000000 0.000000
    135 0.000000 0.000000 0.000000 0.000000 0.000000 0.000000
    136 0.000000 0.000000 0.000000 0.000000 0.000000 0.000000
    137 0.000000 0.000000 0.000000 0.000000 0.000000 0.000000
    138 0.000000 0.000000 0.000000 0.000000 0.000000 0.000000
    139 0.000000 0.000000 0.000000 0.000000 0.000000 0.000000
    140 0.000000 0.000000 0.000000 0.000000 0.000000 0.000000
    141 0.000000 0.000000 0.000000 0.000000 0.000000 0.000000
    142 0.000000 0.000000 0.000000 0.000000 0.000000 0.000000
    143 0.000000 0.000000 0.000000 0.000000 0.000000 0.000000
    144 0.000000 0.000000 0.000000 0.000000 0.000000 0.000000
    145 0.000000 0.000000 0.000000 0.000000 0.000000 0.000000
    146 0.000000 0.000000 0.000000 0.000000 0.000000 0.000000
    147 0.000000 0.000000 0.000000 0.000000 0.000000 0.000000
    148 0.000000 0.000000 0.000000 0.000000 0.000000 0.000000
    149 0.000000 0.000000 0.000000 0.000000 0.000000 0.000000
    150 0.000000 0.000000 0.000000 0.000000 0.000000 0.000000
    151 0.000000 0.000000 0.000000 0.000000 0.000000 0.000000
    152 0.000000 0.000000 0.000000 0.000000 0.000000 0.000000
    153 0.000000 0.000000 0.000000 0.000000 0.000000 0.000000
    154 0.000000 0.000000 0.000000 0.000000 0.000000 0.000000
    155 0.000000 0.000000 0.000000 0.000000 0.000000 0.000000
    156 0.000000 0.000000 0.000000 0.000000 0.000000 0.000000
    157 0.000000 0.000000 0.000000 0.000000 0.000000 0.000000
    158 0.000000 0.000000 0.000000 0.000000 0.000000 0.000000
    159 0.000000 0.000000 0.000000 0.000000 0.000000 0.000000
    160 0.000000 0.000000 0.000000 0.000000 0.000000 0.000000
    161 0.000000 0.000000 0.000000 0.000000 0.000000 0.000000
    162 0.000000 0.000000 0.000000 0.000000 0.000000 0.000000
    163 0.000000 0.000000 0.000000 0.000000 0.000000 0.000000
    164 0.000000 0.000000 0.000000 0.000000 0.000000 0.000000
    165 0.000000 0.000000 0.000000 0.000000 0.000000 0.000000
    166 0.000000 0.000000 0.000000 0.000000 0.000000 0.000000
    167 0.000000 0.000000 0.000000 0.000000 0.000000 0.000000
    168 0.000000 0.000000 0.000000 0.000000 0.000000 0.000000
    169 0.000000 0.000000 0.000000 0.000000 0.000000 0.000000
    170 0.000000 0.000000 0.000000 0.000000 0.000000 0.000000
    171 0.000000 0.000000 0.000000 0.000000 0.000000 0.000000
    172 0.000000 0.000000 0.000000 0.000000 0.000000 0.000000
    173 0.000000 0.000000 0.000000 0.000000 0.000000 0.000000
    174 0.000000 0.000000 0.000000 0.000000 0.000000 0.000000
    175 0.000000 0.000000 0.000000 0.000000 0.000000 0.000000
    176 0.000000 0.000000 0.000000 0.000000 0.000000 0.000000
    177 0.000000 0.000000 0.000000 0.000000 0.000000 0.000000
    178 0.000000 0.000000 0.000000 0.000000 0.000000 0.000000
    179 0.000000 0.000000 0.000000 0.000000 0.000000 0.000000
    180 0.000000 0.000000 0.000000 0.000000 0.000000 0.000000
    181 0.000000 0.000000 0.000000 0.000000 0.000000 0.000000
    182 0.000000 0.000000 0.000000 0.000000 0.000000 0.000000
    183 0.000000 0.000000 0.000000 0.000000 0.000000 0.000000
    184 0.000000 0.000000 0.000000 0.000000 0.000000 0.000000
    185 0.000000 0.000000 0.000000 0.000000 0.000000 0.000000
    186 0.000000 0.000000 0.000000 0.000000 0.000000 0.000000
    187 0.000000 0.000000 0.000000 0.000000 0.000000 0.000000
    188 0.000000 0.000000 0.000000 0.000000 0.000000 0.000000
    189 0.000000 0.000000 0.000000 0.000000 0.000000 0.000000
    190 0.000000 0.000000 0.000000 0.000000 0.000000 0.000000
    191 0.000000 0.000000 0.000000 0.000000 0.000000 0.000000
    192 0.000000 0.000000 0.000000 0.000000 0.000000 0.000000
    193 0.000000 0.000000 0.000000 0.000000 0.000000 0.000000
    194 0.000000 0.000000 0.000000 0.000000 0.000000 0.000000
    195 0.000000 0.000000 0.000000 0.000000 0.000000 0.000000
    196 0.000000 0.000000 0.000000 0.000000 0.000000 0.000000
    197 0.000000 0.000000 0.000000 0.000000 0.000000 0.000000
    198 0.000000 0.000000 0.000000 0.000000 0.000000 0.000000
    199 0.000000 0.000000 0.000000 0.000000 0.000000 0.000000
    200 0.000000 0.000000 0.000000 0.000000 0.000000 0.000000
    201 0.000000 0.000000 0.000000 0.000000 0.000000 0.000000
    202 0.000000 0.000000 0.000000 0.000000 0.000000 0.000000
    203 0.000000 0.000000 0.000000 0.000000 0.000000 0.000000
    204 0.000000 0.000000 0.000000 0.000000 0.000000 0.000000
    205 0.000000 0.000000 0.000000 0.000000 0.000000 0.000000
    206 0.000000 0.000000 0.000000 0.000000 0.000000 0.000000
    207 0.000000 0.000000 0.000000 0.000000 0.000000 0.000000
  time 1
    0 0.000000 0.000000 0.000000 0.000000 0.000000 -1.570796
    1 0.000000 0.000000 0.000000 0.000000 0.000000 0.000000
    2 0.000000 0.000000 0.000000 0.000000 0.000000 0.000000
    3 0.000000 0.000000 0.000000 0.000000 0.000000 0.000000
    4 0.000000 0.000000 0.000000 0.000000 0.000000 0.000000
    5 0.000000 0.000000 0.000000 0.000000 0.000000 0.000000
    6 0.000000 0.000000 0.000000 0.000000 0.000000 0.000000
    7 0.000000 0.000000 0.000000 0.000000 0.000000 0.000000
    8 -0.007813 -0.031251 0.039064 0.001321 0.004615 -0.001192
    9 0.000000 0.000000 0.000000 -0.000855 0.001899 -0.003429
    10 0.000000 0.000000 0.000000 0.000000 0.000000 0.000000
    11 0.000000 0.000000 0.000000 0.000000 0.000000 0.000000
    12 0.000000 0.000000 0.000000 0.000000 0.000000 0.000000
    13 0.000000 0.000000 0.000000 0.000915 0.000000 0.000000
    14 0.000000 0.000000 0.000000 0.000060 0.000000 0.007308
    15 0.000000 0.000000 0.000000 0.000000 0.000000 0.000000
    16 0.000000 0.000000 0.000000 0.000000 0.000000 0.000000
    17 0.000000 0.000000 0.000000 0.000000 0.000000 0.000000
    18 0.000000 0.000000 0.000000 0.000000 0.000000 0.000000
    19 0.000000 0.000000 0.000000 -0.001669 0.000000 0.000000
    20 0.000000 0.000000 0.000000 0.000000 0.000000 -0.005078
    21 0.000000 0.000000 0.000000 -0.003625 0.002615 -0.005612
    22 0.000000 0.000000 0.000000 0.000000 0.000000 0.000000
    23 0.000000 0.000000 0.000000 0.000000 0.000000 0.000000
    24 0.000000 0.000000 0.000000 0.000000 0.000000 0.000000
    25 0.000000 0.000000 0.000000 0.000000 0.000000 0.000000
    26 0.000000 0.000000 0.000000 0.000000 0.000000 0.000000
    27 0.000000 0.000000 0.000000 0.000000 0.000000 0.000000
    28 0.000000 0.000000 0.000000 0.000000 0.000000 0.000000
    29 0.000000 0.000000 0.000000 0.000000 0.000000 0.000000
    30 0.000000 0.000000 0.000000 0.000000 0.000000 0.000000
    31 0.000000 0.000000 0.000000 0.000000 0.000000 0.000000
    32 0.000000 0.000000 0.000000 0.000000 0.000000 0.000000
    33 0.000000 0.000000 0.000000 0.000000 0.000000 0.000000
    34 0.000000 0.000000 0.000000 0.000000 0.000000 0.000000
    35 0.000000 0.000000 0.000000 0.000000 0.000000 0.000000
    36 0.000000 0.000000 0.000000 0.000000 0.000000 0.000000
    37 0.000000 0.000000 0.000000 0.000000 0.000000 0.000000
    38 0.000000 0.000000 0.000000 0.000000 0.000000 0.000000
    39 0.000000 0.000000 0.000000 0.000000 0.000000 0.000000
    40 0.000000 0.000000 0.000000 0.000000 0.000000 0.000000
    41 0.000000 0.000000 0.000000 0.000000 0.000000 0.000000
    42 0.000000 0.000000 0.000000 0.000000 0.000000 0.000000
    43 0.000000 0.000000 0.000000 0.000000 0.000000 0.000000
    44 0.000000 0.000000 0.000000 0.000000 0.000000 0.000000
    45 0.000000 0.000000 0.000000 0.000000 0.000000 0.000000
    46 0.000000 0.000000 0.000000 0.000000 0.000000 0.000000
    47 0.000000 0.000000 0.000000 0.000000 0.000000 0.000000
    48 0.000000 0.000000 0.000000 0.000000 0.000000 0.000000
    49 0.000000 0.000000 0.000000 0.000000 0.000000 0.000000
    50 0.000000 0.000000 0.000000 0.000000 0.000000 0.000000
    51 0.000000 0.000000 0.000000 0.000000 0.000000 0.000000
    52 0.000000 0.000000 0.000000 0.000000 0.000000 0.000000
    53 0.000000 0.000000 0.000000 0.000000 0.000000 0.000000
    54 0.000000 0.000000 0.000000 0.000000 0.000000 0.000000
    55 0.000000 0.000000 0.000000 0.000000 0.000000 0.000000
    56 0.000000 0.000000 0.000000 0.000000 0.000000 0.000000
    57 0.000000 0.000000 0.000000 0.000000 0.000000 0.000000
    58 0.000000 0.000000 0.000000 0.000000 0.000000 0.000000
    59 0.000000 0.000000 0.000000 0.000000 0.000000 0.000000
    60 0.000000 0.000000 0.000000 0.000000 0.000000 0.000000
    61 0.000000 0.000000 0.000000 0.000000 0.000000 0.000000
    62 0.000000 0.000000 0.000000 0.000000 0.000000 0.000000
    63 0.000000 0.000000 0.000000 0.000000 0.000000 0.000000
    64 0.000000 0.000000 0.000000 0.000000 0.000000 0.000000
    65 0.000000 0.000000 0.000000 0.000000 0.000000 0.000000
    66 0.000000 0.000000 0.000000 0.000000 0.000000 0.000000
    67 0.000000 0.000000 0.000000 0.000000 0.000000 0.000000
    68 0.000000 0.000000 0.000000 0.000000 0.000000 0.000000
    69 0.000000 0.000000 0.000000 0.000000 0.000000 0.000000
    70 0.000000 0.000000 0.000000 0.000000 0.000000 0.000000
    71 0.000000 0.000000 0.000000 0.000000 0.000000 0.000000
    72 0.000000 0.000000 0.000000 0.000000 0.000000 0.000000
    73 0.000000 0.000000 0.000000 0.000000 0.000000 0.000000
    74 0.000000 0.000000 0.000000 0.000000 0.000000 0.000000
    75 0.000000 0.000000 0.000000 0.000000 0.000000 0.000000
    76 0.000000 0.000000 0.000000 0.000000 0.000000 0.000000
    77 0.000000 0.000000 0.000000 0.000000 0.000000 0.000000
    78 0.000000 0.000000 0.000000 0.000000 0.000000 0.000000
    79 0.000000 0.000000 0.000000 0.000000 0.000000 0.000000
    80 0.000000 0.000000 0.000000 0.000000 0.000000 0.000000
    81 0.000000 0.000000 0.000000 0.000000 0.000000 0.000000
    82 0.000000 0.000000 0.000000 0.000000 0.000000 0.000000
    83 0.000000 0.000000 0.000000 0.000000 0.000000 0.000000
    84 0.000000 0.000000 0.000000 0.000000 0.000000 0.000000
    85 0.000000 0.000000 0.000000 0.000000 0.000000 0.000000
    86 0.000000 0.000000 0.000000 0.000000 0.000000 0.000000
    87 0.000000 0.000000 0.000000 0.000000 0.000000 0.000000
    88 0.000000 0.000000 0.000000 0.000000 0.000000 0.000000
    89 0.000000 0.000000 0.000000 0.000000 0.000000 0.000000
    90 0.000000 0.000000 0.000000 0.000000 0.000000 0.000000
    91 0.000000 0.000000 0.000000 0.000000 0.000000 0.000000
    92 0.000000 0.000000 0.000000 0.000000 0.000000 0.000000
    93 0.000000 0.000000 0.000000 0.000000 0.000000 0.000000
    94 0.000000 0.000000 0.000000 0.000000 0.000000 0.000000
    95 0.000000 0.000000 0.000000 0.000000 0.000000 0.000000
    96 0.000000 0.000000 0.000000 0.000000 0.000000 0.000000
    97 0.000000 0.000000 0.000000 0.000000 0.000000 0.000000
    98 0.000000 0.000000 0.000000 0.000000 0.000000 0.000000
    99 0.000000 0.000000 0.000000 0.000000 0.000000 0.000000
    100 0.000000 0.000000 0.000000 0.000000 0.000000 0.000000
    101 0.000000 0.000000 0.000000 0.000000 0.000000 0.000000
    102 0.000000 0.000000 0.000000 0.000000 0.000000 0.000000
    103 0.000000 0.000000 0.000000 0.000000 0.000000 0.000000
    104 0.000000 0.000000 0.000000 0.000000 0.000000 0.000000
    105 0.000000 0.000000 0.000000 0.000000 0.000000 0.000000
    106 0.000000 0.000000 0.000000 0.000000 0.000000 0.000000
    107 0.000000 0.000000 0.000000 0.000000 0.000000 0.000000
    108 0.000000 0.000000 0.000000 0.000000 0.000000 0.000000
    109 0.000000 0.000000 0.000000 0.000000 0.000000 0.000000
    110 0.000000 0.000000 0.000000 0.000000 0.000000 0.000000
    111 0.000000 0.000000 0.000000 0.000000 0.000000 -1.570796
    112 0.031251 0.007813 -0.019532 -0.004600 -0.001358 0.001213
    113 0.000000 0.000000 0.000000 0.000000 0.000000 0.000000
    114 0.000000 0.000000 0.000000 0.000000 0.000000 0.000000
    115 -0.039064 0.019532 -0.011719 -0.001133 -0.004278 -1.573122
    116 0.000000 0.000000 0.000000 0.000000 0.000000 0.000000
    117 0.000000 0.000000 0.000000 0.000000 0.000000 0.000000
    118 0.000000 0.000000 0.000000 0.000000 0.000000 0.000000
    119 0.000000 0.000000 0.000000 0.000000 0.000000 0.000000
    120 0.000000 0.000000 0.000000 0.000000 0.000000 0.000000
    121 0.000000 0.000000 0.000000 0.000000 0.000000 0.000000
    122 0.000000 0.000000 0.000000 0.000000 0.000000 0.000000
    123 0.000000 0.000000 0.000000 0.000000 0.000000 0.000000
    124 0.000000 0.000000 0.000000 0.000000 0.000000 0.000000
    125 0.000000 0.000000 0.000000 0.000000 0.000000 0.000000
    126 0.000000 0.000000 0.000000 0.000000 0.000000 0.000000
    127 0.000000 0.000000 0.000000 0.000000 0.000000 0.000000
    128 0.000000 0.000000 0.000000 0.000000 0.000000 0.000000
    129 0.000000 0.000000 0.000000 0.000000 0.000000 0.000000
    130 0.000000 0.000000 0.000000 0.000000 0.000000 0.000000
    131 0.000000 0.000000 0.000000 0.000000 0.000000 0.000000
    132 0.000000 0.000000 0.000000 0.000000 0.000000 0.000000
    133 0.000000 0.000000 0.000000 0.000000 0.000000 0.000000
    134 0.000000 0.000000 0.000000 0.000000 0.000000 0.000000
    135 0.000000 0.000000 0.000000 0.000000 0.000000 0.000000
    136 0.000000 0.000000 0.000000 0.000000 0.000000 0.000000
    137 0.000000 0.000000 0.000000 -0.000132 0.000000 0.000000
    138 0.039064 0.019532 -0.007813 -0.004539 -0.001358 0.001213
    139 0.000000 0.000000 0.000000 0.000000 0.000000 0.000000
    140 0.000000 0.000000 0.000000 0.000000 0.000000 0.000000
    141 0.000000 0.000000 0.000000 0.000000 0.000000 0.000000
    142 0.000000 0.000000 0.000000 0.000000 0.000000 0.000000
    143 0.000000 0.000000 0.000000 0.000000 0.000000 0.000000
    144 0.000000 0.000000 0.000000 0.000000 0.000000 0.000000
    145 0.000000 0.000000 0.000000 0.000000 0.000000 0.000000
    146 0.000000 0.000000 0.000000 0.000000 0.000000 0.000000
    147 0.000000 0.000000 0.000000 0.000000 0.000000 0.000000
    148 0.000000 0.000000 0.000000 0.000000 0.000000 0.000000
    149 0.000000 0.000000 0.000000 0.000000 0.000000 0.000000
    150 0.000000 0.000000 0.000000 0.000000 0.000000 0.000000
    151 0.000000 0.000000 0.000000 0.000000 0.000000 0.000000
    152 0.000000 0.000000 0.000000 0.000000 0.000000 0.000000
    153 0.000000 0.000000 0.000000 0.000000 0.000000 0.000000
    154 0.000000 0.000000 0.000000 0.000000 0.000000 0.000000
    155 0.000000 0.000000 0.000000 0.000000 0.000000 0.000000
    156 0.000000 0.000000 0.000000 0.000000 0.000000 0.000000
    157 0.000000 0.000000 0.000000 0.000000 0.000000 0.000000
    158 0.000000 0.000000 0.000000 0.000000 0.000000 0.000000
    159 0.000000 0.000000 0.000000 0.000000 0.000000 0.000000
    160 0.000000 0.000000 0.000000 0.000000 0.000000 0.000000
    161 0.000000 0.000000 0.000000 0.000000 0.000000 0.000000
    162 0.000000 0.000000 0.000000 0.000000 0.000000 0.000000
    163 0.000000 0.000000 0.000000 0.000000 0.000000 0.000000
    164 0.000000 0.000000 0.000000 0.000000 0.000000 0.000000
    165 0.000000 0.000000 0.000000 0.000000 0.000000 0.000000
    166 0.000000 0.000000 0.000000 0.000000 0.000000 0.000000
    167 0.000000 0.000000 0.000000 0.000000 0.000000 0.000000
    168 0.000000 0.000000 0.000000 0.000000 0.000000 0.000000
    169 0.000000 0.000000 0.000000 0.000000 0.000000 0.000000
    170 0.000000 0.000000 0.000000 0.000000 0.000000 0.000000
    171 0.000000 0.000000 0.000000 0.000000 0.000000 0.000000
    172 0.000000 0.000000 0.000000 0.000000 0.000000 0.000000
    173 0.000000 0.000000 0.000000 0.000000 0.000132 0.000000
    174 0.000000 0.000000 0.000000 -0.001139 0.000000 0.000000
    175 0.000000 0.000000 0.000000 0.000000 0.000000 0.000000
    176 0.000000 0.000000 0.000000 0.000000 0.000000 0.000000
    177 0.000000 0.000000 0.000000 0.000000 0.000000 0.000000
    178 0.000000 0.000000 0.000000 0.000000 0.000000 0.000000
    179 0.000000 0.000000 0.000000 0.000000 0.000000 0.000000
    180 0.000000 0.000000 0.000000 0.000000 0.000000 0.000000
    181 0.000000 0.000000 0.000000 0.000000 0.000000 0.000000
    182 0.000000 0.000000 0.000000 0.000000 0.000000 0.000000
    183 0.000000 0.000000 0.000000 0.000000 0.000000 0.000000
    184 0.000000 0.000000 0.000000 0.000000 0.000000 0.000000
    185 0.000000 0.000000 0.000000 0.000000 0.000000 0.000000
    186 0.000000 0.000000 0.000000 0.000000 0.000000 0.000000
    187 0.000000 0.000000 0.000000 0.000000 0.000000 0.000000
    188 0.000000 0.000000 0.000000 0.000000 0.000000 0.000000
    189 0.000000 0.000000 0.000000 0.000000 0.000000 0.000000
    190 0.000000 0.000000 0.000000 0.000000 0.000000 0.000000
    191 0.000000 0.000000 0.000000 0.000000 0.000000 0.000000
    192 0.000000 0.000000 0.000000 0.000000 0.000000 0.000000
    193 0.000000 0.000000 0.000000 0.000000 0.000000 0.000000
    194 0.000000 0.000000 0.000000 0.000000 0.000000 0.000000
    195 0.000000 0.000000 0.000000 0.000000 0.000000 0.000000
    196 0.000000 0.000000 0.000000 0.000000 0.000000 0.000000
    197 0.000000 0.000000 0.000000 0.000000 0.000000 0.000000
    198 0.000000 0.000000 0.000000 0.000000 0.000000 0.000000
    199 0.000000 0.000000 0.000000 0.000000 0.000000 0.000000
    200 0.000000 0.000000 0.000000 0.000000 0.000000 0.000000
    201 0.000000 0.000000 0.000000 0.000000 0.000000 0.000000
    202 0.000000 0.000000 0.000000 0.000000 0.000000 0.000000
    203 0.000000 0.000000 0.000000 0.000000 0.000000 0.000000
    204 0.000000 0.000000 0.000000 0.000000 0.000000 0.000000
    205 0.000000 0.000000 0.000000 0.000000 0.000000 0.000000
    206 0.000000 0.000000 0.000000 0.000000 0.000000 0.000000
    207 0.000000 0.000000 0.000000 0.000000 0.000000 0.000000
  time 2
    0 0.000000 0.000000 0.000000 0.000000 0.000000 -1.570796
    1 0.000000 0.000000 0.000000 0.000000 0.000000 0.000000
    2 0.000000 0.000000 0.000000 0.000000 0.000000 0.000000
    3 0.000000 0.000000 0.000000 0.000000 0.000000 0.000000
    4 0.000000 0.000000 0.000000 0.000000 0.000000 0.000000
    5 0.000000 0.000000 0.000000 0.000000 0.000000 0.000000
    6 0.000000 0.000000 0.000000 0.000000 0.000000 0.000000
    7 0.000000 0.000000 0.000000 0.000000 0.000000 0.000000
    8 -0.050783 -0.093753 0.117191 0.004767 0.016735 -0.004259
    9 0.000000 0.000000 0.000000 -0.001614 0.003798 -0.007102
    10 0.000000 0.000000 0.000000 0.000000 0.000000 0.000000
    11 0.000000 0.000000 0.000000 0.000000 0.000000 0.000000
    12 0.000000 0.000000 0.000000 0.000000 0.000000 0.000000
    13 0.000000 0.000000 0.000000 0.001830 0.000000 0.000000
    14 0.000000 0.000000 0.000000 0.000036 0.000000 0.021178
    15 0.000000 0.000000 0.000000 0.000000 0.000000 0.000000
    16 0.000000 0.000000 0.000000 0.000000 0.000000 0.000000
    17 0.000000 0.000000 0.000000 0.000000 0.000000 0.000000
    18 0.000000 0.000000 0.000000 0.000000 0.000000 0.000000
    19 0.000000 0.000000 0.000000 -0.003283 0.000000 0.000000
    20 0.000000 0.000000 0.000000 0.000000 0.000000 -0.010232
    21 0.000000 0.000000 0.000000 -0.012082 0.007248 -0.017799
    22 0.000000 0.000000 0.000000 0.000000 0.000000 0.000000
    23 0.000000 0.000000 0.000000 0.000000 0.000000 0.000000
    24 0.000000 0.000000 0.000000 0.000000 0.000000 0.000000
    25 0.000000 0.000000 0.000000 0.000000 0.000000 0.000000
    26 0.000000 0.000000 0.000000 0.000000 0.000000 0.000000
    27 0.000000 0.000000 0.000000 0.000000 0.000000 0.000000
    28 0.000000 0.000000 0.000000 0.000000 0.000000 0.000000
    29 0.000000 0.000000 0.000000 0.000000 0.000000 0.000000
    30 0.000000 0.000000 0.000000 0.000000 0.000000 0.000000
    31 0.000000 0.000000 0.000000 0.000000 0.000000 0.000000
    32 0.000000 0.000000 0.000000 0.000000 0.000000 0.000000
    33 0.000000 0.000000 0.000000 0.000000 0.000000 0.000000
    34 0.000000 0.000000 0.000000 0.000000 0.000000 0.000000
    35 0.000000 0.000000 0.000000 0.000000 0.000000 0.000000
    36 0.000000 0.000000 0.000000 0.000000 0.000000 0.000000
    37 0.000000 0.000000 0.000000 0.000000 0.000000 0.000000
    38 0.000000 0.000000 0.000000 0.000000 0.000000 0.000000
    39 0.000000 0.000000 0.000000 0.000000 0.000000 0.000000
    40 0.000000 0.000000 0.000000 0.000000 0.000000 0.000000
    41 0.000000 0.000000 0.000000 0.000000 0.000000 0.000000
    42 0.000000 0.000000 0.000000 0.000000 0.000000 0.000000
    43 0.000000 0.000000 0.000000 0.000000 0.000000 0.000000
    44 0.000000 0.000000 0.000000 0.000000 0.000000 0.000000
    45 0.000000 0.000000 0.000000 0.000000 0.000000 0.000000
    46 0.000000 0.000000 0.000000 0.000000 0.000000 0.000000
    47 0.000000 0.000000 0.000000 0.000000 0.000000 0.000000
    48 0.000000 0.000000 0.000000 0.000000 0.000000 0.000000
    49 0.000000 0.000000 0.000000 0.000000 0.000000 0.000000
    50 0.000000 0.000000 0.000000 0.000000 0.000000 0.000000
    51 0.000000 0.000000 0.000000 0.000000 0.000000 0.000000
    52 0.000000 0.000000 0.000000 0.000000 0.000000 0.000000
    53 0.000000 0.000000 0.000000 0.000000 0.000000 0.000000
    54 0.000000 0.000000 0.000000 0.000000 0.000000 0.000000
    55 0.000000 0.000000 0.000000 0.000000 0.000000 0.000000
    56 0.000000 0.000000 0.000000 0.000000 0.000000 0.000000
    57 0.000000 0.000000 0.000000 0.000000 0.000000 0.000000
    58 0.000000 0.000000 0.000000 0.000000 0.000000 0.000000
    59 0.000000 0.000000 0.000000 0.000000 0.000000 0.000000
    60 0.000000 0.000000 0.000000 0.000000 0.000000 0.000000
    61 0.000000 0.000000 0.000000 0.000000 0.000000 0.000000
    62 0.000000 0.000000 0.000000 0.000000 0.000000 0.000000
    63 0.000000 0.000000 0.000000 0.000000 0.000000 0.000000
    64 0.000000 0.000000 0.000000 0.000000 0.000000 0.000000
    65 0.000000 0.000000 0.000000 0.000000 0.000000 0.000000
    66 0.000000 0.000000 0.000000 0.000000 0.000000 0.000000
    67 0.000000 0.000000 0.000000 0.000000 0.000000 0.000000
    68 0.000000 0.000000 0.000000 0.000000 0.000000 0.000000
    69 0.000000 0.000000 0.000000 0.000000 0.000000 0.000000
    70 0.000000 0.000000 0.000000 0.000000 0.000000 0.000000
    71 0.000000 0.000000 0.000000 0.000000 0.000000 0.000000
    72 0.000000 0.000000 0.000000 0.000000 0.000000 0.000000
    73 0.000000 0.000000 0.000000 0.000000 0.000000 0.000000
    74 0.000000 0.000000 0.000000 0.000000 0.000000 0.000000
    75 0.000000 0.000000 0.000000 0.000000 0.000000 0.000000
    76 0.000000 0.000000 0.000000 0.000000 0.000000 0.000000
    77 0.000000 0.000000 0.000000 0.000000 0.000000 0.000000
    78 0.000000 0.000000 0.000000 0.000000 0.000000 0.000000
    79 0.000000 0.000000 0.000000 0.000000 0.000000 0.000000
    80 0.000000 0.000000 0.000000 0.000000 0.000000 0.000000
    81 0.000000 0.000000 0.000000 0.000000 0.000000 0.000000
    82 0.000000 0.000000 0.000000 0.000000 0.000000 0.000000
    83 0.000000 0.000000 0.000000 0.000000 0.000000 0.000000
    84 0.000000 0.000000 0.000000 0.000000 0.000000 0.000000
    85 0.000000 0.000000 0.000000 0.000000 0.000000 0.000000
    86 0.000000 0.000000 0.000000 0.000000 0.000000 0.000000
    87 0.000000 0.000000 0.000000 0.000000 0.000000 0.000000
    88 0.000000 0.000000 0.000000 0.000000 0.000000 0.000000
    89 0.000000 0.000000 0.000000 0.000000 0.000000 0.000000
    90 0.000000 0.000000 0.000000 0.000000 0.000000 0.000000
    91 0.000000 0.000000 0.000000 0.000000 0.000000 0.000000
    92 0.000000 0.000000 0.000000 0.000000 0.000000 0.000000
    93 0.000000 0.000000 0.000000 0.000000 0.000000 0.000000
    94 0.000000 0.000000 0.000000 0.000000 0.000000 0.000000
    95 0.000000 0.000000 0.000000 0.000000 0.000000 0.000000
    96 0.000000 0.000000 0.000000 0.000000 0.000000 0.000000
    97 0.000000 0.000000 0.000000 0.000000 0.000000 0.000000
    98 0.000000 0.000000 0.000000 0.000000 0.000000 0.000000
    99 0.000000 0.000000 0.000000 0.000000 0.000000 0.000000
    100 0.000000 0.000000 0.000000 0.000000 0.000000 0.000000
    101 0.000000 0.000000 0.000000 0.000000 0.000000 0.000000
    102 0.000000 0.000000 0.000000 0.000000 0.000000 0.000000
    103 0.000000 0.000000 0.000000 0.000000 0.000000 0.000000
    104 0.000000 0.000000 0.000000 0.000000 0.000000 0.000000
    105 0.000000 0.000000 0.000000 0.000000 0.000000 0.000000
    106 0.000000 0.000000 0.000000 0.000000 0.000000 0.000000
    107 0.000000 0.000000 0.000000 0.000000 0.000000 0.000000
    108 0.000000 0.000000 0.000000 0.000000 0.000000 0.000000
    109 0.000000 0.000000 0.000000 0.000000 0.000000 0.000000
    110 0.000000 0.000000 0.000000 0.000000 0.000000 0.000000
    111 0.000000 0.000000 0.000000 0.000000 0.000000 -1.570796
    112 0.070315 0.019532 -0.062502 -0.016578 -0.005057 0.004291
    113 0.000000 0.000000 0.000000 0.000000 0.000000 0.000000
    114 0.000000 0.000000 0.000000 0.000000 0.000000 0.000000
    115 -0.132817 0.093753 -0.070315 -0.004153 -0.015063 -1.579472
    116 0.000000 0.000000 0.000000 0.000000 0.000000 0.000000
    117 0.000000 0.000000 0.000000 0.000000 0.000000 0.000000
    118 0.000000 0.000000 0.000000 0.000000 0.000000 0.000000
    119 0.000000 0.000000 0.000000 0.000000 0.000000 0.000000
    120 0.000000 0.000000 0.000000 0.000000 0.000000 0.000000
    121 0.000000 0.000000 0.000000 0.000000 0.000000 0.000000
    122 0.000000 0.000000 0.000000 0.000000 0.000000 0.000000
    123 0.000000 0.000000 0.000000 0.000000 0.000000 0.000000
    124 0.000000 0.000000 0.000000 0.000000 0.000000 0.000000
    125 0.000000 0.000000 0.000000 0.000000 0.000000 0.000000
    126 0.000000 0.000000 0.000000 0.000000 0.000000 0.000000
    127 0.000000 0.000000 0.000000 0.000000 0.000000 0.000000
    128 0.000000 0.000000 0.000000 0.000000 0.000000 0.000000
    129 0.000000 0.000000 0.000000 0.000000 0.000000 0.000000
    130 0.000000 0.000000 0.000000 0.000000 0.000000 0.000000
    131 0.000000 0.000000 0.000000 0.000000 0.000000 0.000000
    132 0.000000 0.000000 0.000000 0.000000 0.000000 0.000000
    133 0.000000 0.000000 0.000000 0.000000 0.000000 0.000000
    134 0.000000 0.000000 0.000000 0.000000 0.000000 0.000000
    135 0.000000 0.000000 0.000000 0.000000 0.000000 0.000000
    136 0.000000 0.000000 0.000000 0.000000 0.000000 0.000000
    137 0.000000 0.000000 0.000000 -0.000276 0.000000 0.000000
    138 0.074221 0.039064 -0.011719 -0.016614 -0.005010 0.004197
    139 0.000000 0.000000 0.000000 0.000000 0.000000 0.000000
    140 0.000000 0.000000 0.000000 0.000000 0.000000 0.000000
    141 0.000000 0.000000 0.000000 0.000000 0.000000 0.000000
    142 0.000000 0.000000 0.000000 0.000000 0.000000 0.000000
    143 0.000000 0.000000 0.000000 0.000000 0.000000 0.000000
    144 0.000000 0.000000 0.000000 0.000000 0.000000 0.000000
    145 0.000000 0.000000 0.000000 0.000000 0.000000 0.000000
    146 0.000000 0.000000 0.000000 0.000000 0.000000 0.000000
    147 0.000000 0.000000 0.000000 0.000000 0.000000 0.000000
    148 0.000000 0.000000 0.000000 0.000000 0.000000 0.000000
    149 0.000000 0.000000 0.000000 0.000000 0.000000 0.000000
    150 0.000000 0.000000 0.000000 0.000000 0.000000 0.000000
    151 0.000000 0.000000 0.000000 0.000000 0.000000 0.000000
    152 0.000000 0.000000 0.000000 0.000000 0.000000 0.000000
    153 0.000000 0.000000 0.000000 0.000000 0.000000 0.000000
    154 0.000000 0.000000 0.000000 0.000000 0.000000 0.000000
    155 0.000000 0.000000 0.000000 0.000000 0.000000 0.000000
    156 0.000000 0.000000 0.000000 0.000000 0.000000 0.000000
    157 0.000000 0.000000 0.000000 0.000000 0.000000 0.000000
    158 0.000000 0.000000 0.000000 0.000000 0.000000 0.000000
    159 0.000000 0.000000 0.000000 0.000000 0.000000 0.000000
    160 0.000000 0.000000 0.000000 0.000000 0.000000 0.000000
    161 0.000000 0.000000 0.000000 0.000000 0.000000 0.000000
    162 0.000000 0.000000 0.000000 0.000000 0.000000 0.000000
    163 0.000000 0.000000 0.000000 0.000000 0.000000 0.000000
    164 0.000000 0.000000 0.000000 0.000000 0.000000 0.000000
    165 0.000000 0.000000 0.000000 0.000000 0.000000 0.000000
    166 0.000000 0.000000 0.000000 0.000000 0.000000 0.000000
    167 0.000000 0.000000 0.000000 0.000000 0.000000 0.000000
    168 0.000000 0.000000 0.000000 0.000000 0.000000 0.000000
    169 0.000000 0.000000 0.000000 0.000000 0.000000 0.000000
    170 0.000000 0.000000 0.000000 0.000000 0.000000 0.000000
    171 0.000000 0.000000 0.000000 0.000000 0.000000 0.000000
    172 0.000000 0.000000 0.000000 0.000000 0.000000 0.000000
    173 0.000000 0.000000 0.000000 0.000000 0.000276 0.000000
    174 0.000000 0.000000 0.000000 -0.002278 0.000000 0.000000
    175 0.000000 0.000000 0.000000 0.000000 0.000000 0.000000
    176 0.000000 0.000000 0.000000 0.000000 0.000000 0.000000
    177 0.000000 0.000000 0.000000 0.000000 0.000000 0.000000
    178 0.000000 0.000000 0.000000 0.000000 0.000000 0.000000
    179 0.000000 0.000000 0.000000 0.000000 0.000000 0.000000
    180 0.000000 0.000000 0.000000 0.000000 0.000000 0.000000
    181 0.000000 0.000000 0.000000 0.000000 0.000000 0.000000
    182 0.000000 0.000000 0.000000 0.000000 0.000000 0.000000
    183 0.000000 0.000000 0.000000 0.000000 0.000000 0.000000
    184 0.000000 0.000000 0.000000 0.000000 0.000000 0.000000
    185 0.000000 0.000000 0.000000 0.000000 0.000000 0.000000
    186 0.000000 0.000000 0.000000 0.000000 0.000000 0.000000
    187 0.000000 0.000000 0.000000 0.000000 0.000000 0.000000
    188 0.000000 0.000000 0.000000 0.000000 0.000000 0.000000
    189 0.000000 0.000000 0.000000 0.000000 0.000000 0.000000
    190 0.000000 0.000000 0.000000 0.000000 0.000000 0.000000
    191 0.000000 0.000000 0.000000 0.000000 0.000000 0.000000
    192 0.000000 0.000000 0.000000 0.000000 0.000000 0.000000
    193 0.000000 0.000000 0.000000 0.000000 0.000000 0.000000
    194 0.000000 0.000000 0.000000 0.000000 0.000000 0.000000
    195 0.000000 0.000000 0.000000 0.000000 0.000000 0.000000
    196 0.000000 0.000000 0.000000 0.000000 0.000000 0.000000
    197 0.000000 0.000000 0.000000 0.000000 0.000000 0.000000
    198 0.000000 0.000000 0.000000 0.000000 0.000000 0.000000
    199 0.000000 0.000000 0.000000 0.000000 0.000000 0.000000
    200 0.000000 0.000000 0.000000 0.000000 0.000000 0.000000
    201 0.000000 0.000000 0.000000 0.000000 0.000000 0.000000
    202 0.000000 0.000000 0.000000 0.000000 0.000000 0.000000
    203 0.000000 0.000000 0.000000 0.000000 0.000000 0.000000
    204 0.000000 0.000000 0.000000 0.000000 0.000000 0.000000
    205 0.000000 0.000000 0.000000 0.000000 0.000000 0.000000
    206 0.000000 0.000000 0.000000 0.000000 0.000000 0.000000
    207 0.000000 0.000000 0.000000 0.000000 0.000000 0.000000
  time 3
    0 0.000000 0.000000 0.000000 0.000000 0.000000 -1.570796
    1 0.000000 0.000000 0.000000 0.000000 0.000000 0.000000
    2 0.000000 0.000000 0.000000 0.000000 0.000000 0.000000
    3 0.000000 0.000000 0.000000 0.000000 0.000000 0.000000
    4 0.000000 0.000000 0.000000 0.000000 0.000000 0.000000
    5 0.000000 0.000000 0.000000 0.000000 0.000000 0.000000
    6 0.000000 0.000000 0.000000 0.000000 0.000000 0.000000
    7 0.000000 0.000000 0.000000 0.000000 0.000000 0.000000
    8 -0.113285 -0.167974 0.222663 0.008213 0.028855 -0.007212
    9 0.000000 0.000000 0.000000 -0.003513 0.007779 -0.010694
    10 0.000000 0.000000 0.000000 0.000000 0.000000 0.000000
    11 0.000000 0.000000 0.000000 0.000000 0.000000 0.000000
    12 0.000000 0.000000 0.000000 0.000000 0.000000 0.000000
    13 0.000000 0.000000 0.000000 0.002804 0.000000 0.000000
    14 0.000000 0.000000 0.000000 0.000012 0.000000 0.035048
    15 0.000000 0.000000 0.000000 0.000000 0.000000 0.000000
    16 0.000000 0.000000 0.000000 0.000000 0.000000 0.000000
    17 0.000000 0.000000 0.000000 0.000000 0.000000 0.000000
    18 0.000000 0.000000 0.000000 0.000000 0.000000 0.000000
    19 0.000000 0.000000 0.000000 -0.005006 0.000000 0.000000
    20 0.000000 0.000000 0.000000 0.000000 0.000000 -0.017300
    21 0.000000 0.000000 0.000000 -0.023121 0.012478 -0.032750
    22 0.000000 0.000000 0.000000 0.000000 0.000000 0.000000
    23 0.000000 0.000000 0.000000 0.000000 0.000000 0.000000
    24 0.000000 0.000000 0.000000 0.000000 0.000000 0.000000
    25 0.000000 0.000000 0.000000 0.000000 0.000000 0.000000
    26 0.000000 0.000000 0.000000 0.000000 0.000000 0.000000
    27 0.000000 0.000000 0.000000 0.000000 0.000000 0.000000
    28 0.000000 0.000000 0.000000 0.000000 0.000000 0.000000
    29 0.000000 0.000000 0.000000 0.000000 0.000000 0.000000
    30 0.000000 0.000000 0.000000 0.000000 0.000000 0.000000
    31 0.000000 0.000000 0.000000 0.000000 0.000000 0.000000
    32 0.000000 0.000000 0.000000 0.000000 0.000000 0.000000
    33 0.000000 0.000000 0.000000 0.000000 0.000000 0.000000
    34 0.000000 0.000000 0.000000 0.000000 0.000000 0.000000
    35 0.000000 0.000000 0.000000 0.000000 0.000000 0.000000
    36 0.000000 0.000000 0.000000 0.000000 0.000000 0.000000
    37 0.000000 0.000000 0.000000 0.000000 0.000000 0.000000
    38 0.000000 0.000000 0.000000 0.000000 0.000000 0.000000
    39 0.000000 0.000000 0.000000 0.000000 0.000000 0.000000
    40 0.000000 0.000000 0.000000 0.000000 0.000000 0.000000
    41 0.000000 0.000000 0.000000 0.000000 0.000000 0.000000
    42 0.000000 0.000000 0.000000 0.000000 0.000000 0.000000
    43 0.000000 0.000000 0.000000 0.000000 0.000000 0.000000
    44 0.000000 0.000000 0.000000 0.000000 0.000000 0.000000
    45 0.000000 0.000000 0.000000 0.000000 0.000000 0.000000
    46 0.000000 0.000000 0.000000 0.000000 0.000000 0.000000
    47 0.000000 0.000000 0.000000 0.000000 0.000000 0.000000
    48 0.000000 0.000000 0.000000 0.000000 0.000000 0.000000
    49 0.000000 0.000000 0.000000 0.000000 0.000000 0.000000
    50 0.000000 0.000000 0.000000 0.000000 0.000000 0.000000
    51 0.000000 0.000000 0.000000 0.000000 0.000000 0.000000
    52 0.000000 0.000000 0.000000 0.000000 0.000000 0.000000
    53 0.000000 0.000000 0.000000 0.000000 0.000000 0.000000
    54 0.000000 0.000000 0.000000 0.000000 0.000000 0.000000
    55 0.000000 0.000000 0.000000 0.000000 0.000000 0.000000
    56 0.000000 0.000000 0.000000 0.000000 0.000000 0.000000
    57 0.000000 0.000000 0.000000 0.000000 0.000000 0.000000
    58 0.000000 0.000000 0.000000 0.000000 0.000000 0.000000
    59 0.000000 0.000000 0.000000 0.000000 0.000000 0.000000
    60 0.000000 0.000000 0.000000 0.000000 0.000000 0.000000
    61 0.000000 0.000000 0.000000 0.000000 0.000000 0.000000
    62 0.000000 0.000000 0.000000 0.000000 0.000000 0.000000
    63 0.000000 0.000000 0.000000 0.000000 0.000000 0.000000
    64 0.000000 0.000000 0.000000 0.000000 0.000000 0.000000
    65 0.000000 0.000000 0.000000 0.000000 0.000000 0.000000
    66 0.000000 0.000000 0.000000 0.000000 0.000000 0.000000
    67 0.000000 0.000000 0.000000 0.000000 0.000000 0.000000
    68 0.000000 0.000000 0.000000 0.000000 0.000000 0.000000
    69 0.000000 0.000000 0.000000 0.000000 0.000000 0.000000
    70 0.000000 0.000000 0.000000 0.000000 0.000000 0.000000
    71 0.000000 0.000000 0.000000 0.000000 0.000000 0.000000
    72 0.000000 0.000000 0.000000 0.000000 0.000000 0.000000
    73 0.000000 0.000000 0.000000 0.000000 0.000000 0.000000
    74 0.000000 0.000000 0.000000 0.000000 0.000000 0.000000
    75 0.000000 0.000000 0.000000 0.000000 0.000000 0.000000
    76 0.000000 0.000000 0.000000 0.000000 0.000000 0.000000
    77 0.000000 0.000000 0.000000 0.000000 0.000000 0.000000
    78 0.000000 0.000000 0.000000 0.000000 0.000000 0.000000
    79 0.000000 0.000000 0.000000 0.000000 0.000000 0.000000
    80 0.000000 0.000000 0.000000 0.000000 0.000000 0.000000
    81 0.000000 0.000000 0.000000 0.000000 0.000000 0.000000
    82 0.000000 0.000000 0.000000 0.000000 0.000000 0.000000
    83 0.000000 0.000000 0.000000 0.000000 0.000000 0.000000
    84 0.000000 0.000000 0.000000 0.000000 0.000000 0.000000
    85 0.000000 0.000000 0.000000 0.000000 0.000000 0.000000
    86 0.000000 0.000000 0.000000 0.000000 0.000000 0.000000
    87 0.000000 0.000000 0.000000 0.000000 0.000000 0.000000
    88 0.000000 0.000000 0.000000 0.000000 0.000000 0.000000
    89 0.000000 0.000000 0.000000 0.000000 0.000000 0.000000
    90 0.000000 0.000000 0.000000 0.000000 0.000000 0.000000
    91 0.000000 0.000000 0.000000 0.000000 0.000000 0.000000
    92 0.000000 0.000000 0.000000 0.000000 0.000000 0.000000
    93 0.000000 0.000000 0.000000 0.000000 0.000000 0.000000
    94 0.000000 0.000000 0.000000 0.000000 0.000000 0.000000
    95 0.000000 0.000000 0.000000 0.000000 0.000000 0.000000
    96 0.000000 0.000000 0.000000 0.000000 0.000000 0.000000
    97 0.000000 0.000000 0.000000 0.000000 0.000000 0.000000
    98 0.000000 0.000000 0.000000 0.000000 0.000000 0.000000
    99 0.000000 0.000000 0.000000 0.000000 0.000000 0.000000
    100 0.000000 0.000000 0.000000 0.000000 0.000000 0.000000
    101 0.000000 0.000000 0.000000 0.000000 0.000000 0.000000
    102 0.000000 0.000000 0.000000 0.000000 0.000000 0.000000
    103 0.000000 0.000000 0.000000 0.000000 0.000000 0.000000
    104 0.000000 0.000000 0.000000 0.000000 0.000000 0.000000
    105 0.000000 0.000000 0.000000 0.000000 0.000000 0.000000
    106 0.000000 0.000000 0.000000 0.000000 0.000000 0.000000
    107 0.000000 0.000000 0.000000 0.000000 0.000000 0.000000
    108 0.000000 0.000000 0.000000 0.000000 0.000000 0.000000
    109 0.000000 0.000000 0.000000 0.000000 0.000000 0.000000
    110 0.000000 0.000000 0.000000 0.000000 0.000000 0.000000
    111 0.000000 0.000000 0.000000 0.000000 0.000000 -1.570796
    112 0.117191 0.042970 -0.136723 -0.028749 -0.008615 0.007462
    113 0.000000 0.000000 0.000000 0.000000 0.000000 0.000000
    114 0.000000 0.000000 0.000000 0.000000 0.000000 0.000000
    115 -0.238289 0.179693 -0.113285 -0.007249 -0.025985 -1.585822
    116 0.000000 0.000000 0.000000 0.000000 0.000000 0.000000
    117 0.000000 0.000000 0.000000 0.000000 0.000000 0.000000
    118 0.000000 0.000000 0.000000 0.000000 0.000000 0.000000
    119 0.000000 0.000000 0.000000 0.000000 0.000000 0.000000
    120 0.000000 0.000000 0.000000 0.000000 0.000000 0.000000
    121 0.000000 0.000000 0.000000 0.000000 0.000000 0.000000
    122 0.000000 0.000000 0.000000 0.000000 0.000000 0.000000
    123 0.000000 0.000000 0.000000 0.000000 0.000000 0.000000
    124 0.000000 0.000000 0.000000 0.000000 0.000000 0.000000
    125 0.000000 0.000000 0.000000 0.000000 0.000000 0.000000
    126 0.000000 0.000000 0.000000 0.000000 0.000000 0.000000
    127 0.000000 0.000000 0.000000 0.000000 0.000000 0.000000
    128 0.000000 0.000000 0.000000 0.000000 0.000000 0.000000
    129 0.000000 0.000000 0.000000 0.000000 0.000000 0.000000
    130 0.000000 0.000000 0.000000 0.000000 0.000000 0.000000
    131 0.000000 0.000000 0.000000 0.000000 0.000000 0.000000
    132 0.000000 0.000000 0.000000 0.000000 0.000000 0.000000
    133 0.000000 0.000000 0.000000 0.000000 0.000000 0.000000
    134 0.000000 0.000000 0.000000 0.000000 0.000000 0.000000
    135 0.000000 0.000000 0.000000 0.000000 0.000000 0.000000
    136 0.000000 0.000000 0.000000 0.000000 0.000000 0.000000
    137 0.000000 0.000000 0.000000 -0.000407 0.000000 0.000000
    138 0.132817 0.070315 -0.062502 -0.028689 -0.008662 0.007555
    139 0.000000 0.000000 0.000000 0.000000 0.000000 0.000000
    140 0.000000 0.000000 0.000000 0.000000 0.000000 0.000000
    141 0.000000 0.000000 0.000000 0.000000 0.000000 0.000000
    142 0.000000 0.000000 0.000000 0.000000 0.000000 0.000000
    143 0.000000 0.000000 0.000000 0.000000 0.000000 0.000000
    144 0.000000 0.000000 0.000000 0.000000 0.000000 0.000000
    145 0.000000 0.000000 0.000000 0.000000 0.000000 0.000000
    146 0.000000 0.000000 0.000000 0.000000 0.000000 0.000000
    147 0.000000 0.000000 0.000000 0.000000 0.000000 0.000000
    148 0.000000 0.000000 0.000000 0.000000 0.000000 0.000000
    149 0.000000 0.000000 0.000000 0.000000 0.000000 0.000000
    150 0.000000 0.000000 0.000000 0.000000 0.000000 0.000000
    151 0.000000 0.000000 0.000000 0.000000 0.000000 0.000000
    152 0.000000 0.000000 0.000000 0.000000 0.000000 0.000000
    153 0.000000 0.000000 0.000000 0.000000 0.000000 0.000000
    154 0.000000 0.000000 0.000000 0.000000 0.000000 0.000000
    155 0.000000 0.000000 0.000000 0.000000 0.000000 0.000000
    156 0.000000 0.000000 0.000000 0.000000 0.000000 0.000000
    157 0.000000 0.000000 0.000000 0.000000 0.000000 0.000000
    158 0.000000 0.000000 0.000000 0.000000 0.000000 0.000000
    159 0.000000 0.000000 0.000000 0.000000 0.000000 0.000000
    160 0.000000 0.000000 0.000000 0.000000 0.000000 0.000000
    161 0.000000 0.000000 0.000000 0.000000 0.000000 0.000000
    162 0.000000 0.000000 0.000000 0.000000 0.000000 0.000000
    163 0.000000 0.000000 0.000000 0.000000 0.000000 0.000000
    164 0.000000 0.000000 0.000000 0.000000 0.000000 0.000000
    165 0.000000 0.000000 0.000000 0.000000 0.000000 0.000000
    166 0.000000 0.000000 0.000000 0.000000 0.000000 0.000000
    167 0.000000 0.000000 0.000000 0.000000 0.000000 0.000000
    168 0.000000 0.000000 0.000000 0.000000 0.000000 0.000000
    169 0.000000 0.000000 0.000000 0.000000 0.000000 0.000000
    170 0.000000 0.000000 0.000000 0.000000 0.000000 0.000000
    171 0.000000 0.000000 0.000000 0.000000 0.000000 0.000000
    172 0.000000 0.000000 0.000000 0.000000 0.000000 0.000000
    173 0.000000 0.000000 0.000000 0.000000 0.000407 0.000000
    174 0.000000 0.000000 0.000000 -0.003417 0.000000 0.000000
    175 0.000000 0.000000 0.000000 0.000000 0.000000 0.000000
    176 0.000000 0.000000 0.000000 0.000000 0.000000 0.000000
    177 0.000000 0.000000 0.000000 0.000000 0.000000 0.000000
    178 0.000000 0.000000 0.000000 0.000000 0.000000 0.000000
    179 0.000000 0.000000 0.000000 0.000000 0.000000 0.000000
    180 0.000000 0.000000 0.000000 0.000000 0.000000 0.000000
    181 0.000000 0.000000 0.000000 0.000000 0.000000 0.000000
    182 0.000000 0.000000 0.000000 0.000000 0.000000 0.000000
    183 0.000000 0.000000 0.000000 0.000000 0.000000 0.000000
    184 0.000000 0.000000 0.000000 0.000000 0.000000 0.000000
    185 0.000000 0.000000 0.000000 0.000000 0.000000 0.000000
    186 0.000000 0.000000 0.000000 0.000000 0.000000 0.000000
    187 0.000000 0.000000 0.000000 0.000000 0.000000 0.000000
    188 0.000000 0.000000 0.000000 0.000000 0.000000 0.000000
    189 0.000000 0.000000 0.000000 0.000000 0.000000 0.000000
    190 0.000000 0.000000 0.000000 0.000000 0.000000 0.000000
    191 0.000000 0.000000 0.000000 0.000000 0.000000 0.000000
    192 0.000000 0.000000 0.000000 0.000000 0.000000 0.000000
    193 0.000000 0.000000 0.000000 0.000000 0.000000 0.000000
    194 0.000000 0.000000 0.000000 0.000000 0.000000 0.000000
    195 0.000000 0.000000 0.000000 0.000000 0.000000 0.000000
    196 0.000000 0.000000 0.000000 0.000000 0.000000 0.000000
    197 0.000000 0.000000 0.000000 0.000000 0.000000 0.000000
    198 0.000000 0.000000 0.000000 0.000000 0.000000 0.000000
    199 0.000000 0.000000 0.000000 0.000000 0.000000 0.000000
    200 0.000000 0.000000 0.000000 0.000000 0.000000 0.000000
    201 0.000000 0.000000 0.000000 0.000000 0.000000 0.000000
    202 0.000000 0.000000 0.000000 0.000000 0.000000 0.000000
    203 0.000000 0.000000 0.000000 0.000000 0.000000 0.000000
    204 0.000000 0.000000 0.000000 0.000000 0.000000 0.000000
    205 0.000000 0.000000 0.000000 0.000000 0.000000 0.000000
    206 0.000000 0.000000 0.000000 0.000000 0.000000 0.000000
    207 0.000000 0.000000 0.000000 0.000000 0.000000 0.000000
  time 4
    0 0.000000 0.000000 0.000000 0.000000 0.000000 -1.570796
    1 0.000000 0.000000 0.000000 0.000000 0.000000 0.000000
    2 0.000000 0.000000 0.000000 0.000000 0.000000 0.000000
    3 0.000000 0.000000 0.000000 0.000000 0.000000 0.000000
    4 0.000000 0.000000 0.000000 0.000000 0.000000 0.000000
    5 0.000000 0.000000 0.000000 0.000000 0.000000 0.000000
    6 0.000000 0.000000 0.000000 0.000000 0.000000 0.000000
    7 0.000000 0.000000 0.000000 0.000000 0.000000 0.000000
    8 -0.179693 -0.242195 0.316416 0.010453 0.041419 -0.010392
    9 0.000000 0.000000 0.000000 -0.005507 0.011792 -0.014449
    10 0.000000 0.000000 0.000000 0.000000 0.000000 0.000000
    11 0.000000 0.000000 0.000000 0.000000 0.000000 0.000000
    12 0.000000 0.000000 0.000000 0.000000 0.000000 0.000000
    13 0.000000 0.000000 0.000000 0.003719 0.000000 0.000000
    14 0.000000 0.000000 0.000000 0.000000 0.000000 0.048769
    15 0.000000 0.000000 0.000000 0.000000 0.000000 0.000000
    16 0.000000 0.000000 0.000000 0.000000 0.000000 0.000000
    17 0.000000 0.000000 0.000000 0.000000 0.000000 0.000000
    18 0.000000 0.000000 0.000000 0.000000 0.000000 0.000000
    19 0.000000 0.000000 0.000000 -0.006621 0.000000 0.000000
    20 0.000000 0.000000 0.000000 0.000000 0.000000 -0.024393
    21 0.000000 0.000000 0.000000 -0.034269 0.017521 -0.047784
    22 0.000000 0.000000 0.000000 0.000000 0.000000 0.000000
    23 0.000000 0.000000 0.000000 0.000000 0.000000 0.000000
    24 0.000000 0.000000 0.000000 0.000000 0.000000 0.000000
    25 0.000000 0.000000 0.000000 0.000000 0.000000 0.000000
    26 0.000000 0.000000 0.000000 0.000000 0.000000 0.000000
    27 0.000000 0.000000 0.000000 0.000000 0.000000 0.000000
    28 0.000000 0.000000 0.000000 0.000000 0.000000 0.000000
    29 0.000000 0.000000 0.000000 0.000000 0.000000 0.000000
    30 0.000000 0.000000 0.000000 0.000000 0.000000 0.000000
    31 0.000000 0.000000 0.000000 0.000000 0.000000 0.000000
    32 0.000000 0.000000 0.000000 0.000000 0.000000 0.000000
    33 0.000000 0.000000 0.000000 0.000000 0.000000 0.000000
    34 0.000000 0.000000 0.000000 0.000000 0.000000 0.000000
    35 0.000000 0.000000 0.000000 0.000000 0.000000 0.000000
    36 0.000000 0.000000 0.000000 0.000000 0.000000 0.000000
    37 0.000000 0.000000 0.000000 0.000000 0.000000 0.000000
    38 0.000000 0.000000 0.000000 0.000000 0.000000 0.000000
    39 0.000000 0.000000 0.000000 0.000000 0.000000 0.000000
    40 0.000000 0.000000 0.000000 0.000000 0.000000 0.000000
    41 0.000000 0.000000 0.000000 0.000000 0.000000 0.000000
    42 0.000000 0.000000 0.000000 0.000000 0.000000 0.000000
    43 0.000000 0.000000 0.000000 0.000000 0.000000 0.000000
    44 0.000000 0.000000 0.000000 0.000000 0.000000 0.000000
    45 0.000000 0.000000 0.000000 0.000000 0.000000 0.000000
    46 0.000000 0.000000 0.000000 0.000000 0.000000 0.000000
    47 0.000000 0.000000 0.000000 0.000000 0.000000 0.000000
    48 0.000000 0.000000 0.000000 0.000000 0.000000 0.000000
    49 0.000000 0.000000 0.000000 0.000000 0.000000 0.000000
    50 0.000000 0.000000 0.000000 0.000000 0.000000 0.000000
    51 0.000000 0.000000 0.000000 0.000000 0.000000 0.000000
    52 0.000000 0.000000 0.000000 0.000000 0.000000 0.000000
    53 0.000000 0.000000 0.000000 0.000000 0.000000 0.000000
    54 0.000000 0.000000 0.000000 0.000000 0.000000 0.000000
    55 0.000000 0.000000 0.000000 0.000000 0.000000 0.000000
    56 0.000000 0.000000 0.000000 0.000000 0.000000 0.000000
    57 0.000000 0.000000 0.000000 0.000000 0.000000 0.000000
    58 0.000000 0.000000 0.000000 0.000000 0.000000 0.000000
    59 0.000000 0.000000 0.000000 0.000000 0.000000 0.000000
    60 0.000000 0.000000 0.000000 0.000000 0.000000 0.000000
    61 0.000000 0.000000 0.000000 0.000000 0.000000 0.000000
    62 0.000000 0.000000 0.000000 0.000000 0.000000 0.000000
    63 0.000000 0.000000 0.000000 0.000000 0.000000 0.000000
    64 0.000000 0.000000 0.000000 0.000000 0.000000 0.000000
    65 0.000000 0.000000 0.000000 0.000000 0.000000 0.000000
    66 0.000000 0.000000 0.000000 0.000000 0.000000 0.000000
    67 0.000000 0.000000 0.000000 0.000000 0.000000 0.000000
    68 0.000000 0.000000 0.000000 0.000000 0.000000 0.000000
    69 0.000000 0.000000 0.000000 0.000000 0.000000 0.000000
    70 0.000000 0.000000 0.000000 0.000000 0.000000 0.000000
    71 0.000000 0.000000 0.000000 0.000000 0.000000 0.000000
    72 0.000000 0.000000 0.000000 0.000000 0.000000 0.000000
    73 0.000000 0.000000 0.000000 0.000000 0.000000 0.000000
    74 0.000000 0.000000 0.000000 0.000000 0.000000 0.000000
    75 0.000000 0.000000 0.000000 0.000000 0.000000 0.000000
    76 0.000000 0.000000 0.000000 0.000000 0.000000 0.000000
    77 0.000000 0.000000 0.000000 0.000000 0.000000 0.000000
    78 0.000000 0.000000 0.000000 0.000000 0.000000 0.000000
    79 0.000000 0.000000 0.000000 0.000000 0.000000 0.000000
    80 0.000000 0.000000 0.000000 0.000000 0.000000 0.000000
    81 0.000000 0.000000 0.000000 0.000000 0.000000 0.000000
    82 0.000000 0.000000 0.000000 0.000000 0.000000 0.000000
    83 0.000000 0.000000 0.000000 0.000000 0.000000 0.000000
    84 0.000000 0.000000 0.000000 0.000000 0.000000 0.000000
    85 0.000000 0.000000 0.000000 0.000000 0.000000 0.000000
    86 0.000000 0.000000 0.000000 0.000000 0.000000 0.000000
    87 0.000000 0.000000 0.000000 0.000000 0.000000 0.000000
    88 0.000000 0.000000 0.000000 0.000000 0.000000 0.000000
    89 0.000000 0.000000 0.000000 0.000000 0.000000 0.000000
    90 0.000000 0.000000 0.000000 0.000000 0.000000 0.000000
    91 0.000000 0.000000 0.000000 0.000000 0.000000 0.000000
    92 0.000000 0.000000 0.000000 0.000000 0.000000 0.000000
    93 0.000000 0.000000 0.000000 0.000000 0.000000 0.000000
    94 0.000000 0.000000 0.000000 0.000000 0.000000 0.000000
    95 0.000000 0.000000 0.000000 0.000000 0.000000 0.000000
    96 0.000000 0.000000 0.000000 0.000000 0.000000 0.000000
    97 0.000000 0.000000 0.000000 0.000000 0.000000 0.000000
    98 0.000000 0.000000 0.000000 0.000000 0.000000 0.000000
    99 0.000000 0.000000 0.000000 0.000000 0.000000 0.000000
    100 0.000000 0.000000 0.000000 0.000000 0.000000 0.000000
    101 0.000000 0.000000 0.000000 0.000000 0.000000 0.000000
    102 0.000000 0.000000 0.000000 0.000000 0.000000 0.000000
    103 0.000000 0.000000 0.000000 0.000000 0.000000 0.000000
    104 0.000000 0.000000 0.000000 0.000000 0.000000 0.000000
    105 0.000000 0.000000 0.000000 0.000000 0.000000 0.000000
    106 0.000000 0.000000 0.000000 0.000000 0.000000 0.000000
    107 0.000000 0.000000 0.000000 0.000000 0.000000 0.000000
    108 0.000000 0.000000 0.000000 0.000000 0.000000 0.000000
    109 0.000000 0.000000 0.000000 0.000000 0.000000 0.000000
    110 0.000000 0.000000 0.000000 0.000000 0.000000 0.000000
    111 0.000000 0.000000 0.000000 0.000000 0.000000 -1.570796
    112 0.175787 0.070315 -0.207038 -0.041207 -0.010956 0.010820
    113 0.000000 0.000000 0.000000 0.000000 0.000000 0.000000
    114 0.000000 0.000000 0.000000 0.000000 0.000000 0.000000
    115 -0.335948 0.273446 -0.156255 -0.011402 -0.036907 -1.591725
    116 0.000000 0.000000 0.000000 0.000000 0.000000 0.000000
    117 0.000000 0.000000 0.000000 0.000000 0.000000 0.000000
    118 0.000000 0.000000 0.000000 0.000000 0.000000 0.000000
    119 0.000000 0.000000 0.000000 0.000000 0.000000 0.000000
    120 0.000000 0.000000 0.000000 0.000000 0.000000 0.000000
    121 0.000000 0.000000 0.000000 0.000000 0.000000 0.000000
    122 0.000000 0.000000 0.000000 0.000000 0.000000 0.000000
    123 0.000000 0.000000 0.000000 0.000000 0.000000 0.000000
    124 0.000000 0.000000 0.000000 0.000000 0.000000 0.000000
    125 0.000000 0.000000 0.000000 0.000000 0.000000 0.000000
    126 0.000000 0.000000 0.000000 0.000000 0.000000 0.000000
    127 0.000000 0.000000 0.000000 0.000000 0.000000 0.000000
    128 0.000000 0.000000 0.000000 0.000000 0.000000 0.000000
    129 0.000000 0.000000 0.000000 0.000000 0.000000 0.000000
    130 0.000000 0.000000 0.000000 0.000000 0.000000 0.000000
    131 0.000000 0.000000 0.000000 0.000000 0.000000 0.000000
    132 0.000000 0.000000 0.000000 0.000000 0.000000 0.000000
    133 0.000000 0.000000 0.000000 0.000000 0.000000 0.000000
    134 0.000000 0.000000 0.000000 0.000000 0.000000 0.000000
    135 0.000000 0.000000 0.000000 0.000000 0.000000 0.000000
    136 0.000000 0.000000 0.000000 0.000000 0.000000 0.000000
    137 0.000000 0.000000 0.000000 -0.000551 0.000000 0.000000
    138 0.187506 0.113285 -0.105472 -0.041192 -0.011003 0.010726
    139 0.000000 0.000000 0.000000 0.000000 0.000000 0.000000
    140 0.000000 0.000000 0.000000 0.000000 0.000000 0.000000
    141 0.000000 0.000000 0.000000 0.000000 0.000000 0.000000
    142 0.000000 0.000000 0.000000 0.000000 0.000000 0.000000
    143 0.000000 0.000000 0.000000 0.000000 0.000000 0.000000
    144 0.000000 0.000000 0.000000 0.000000 0.000000 0.000000
    145 0.000000 0.000000 0.000000 0.000000 0.000000 0.000000
    146 0.000000 0.000000 0.000000 0.000000 0.000000 0.000000
    147 0.000000 0.000000 0.000000 0.000000 0.000000 0.000000
    148 0.000000 0.000000 0.000000 0.000000 0.000000 0.000000
    149 0.000000 0.000000 0.000000 0.000000 0.000000 0.000000
    150 0.000000 0.000000 0.000000 0.000000 0.000000 0.000000
    151 0.000000 0.000000 0.000000 0.000000 0.000000 0.000000
    152 0.000000 0.000000 0.000000 0.000000 0.000000 0.000000
    153 0.000000 0.000000 0.000000 0.000000 0.000000 0.000000
    154 0.000000 0.000000 0.000000 0.000000 0.000000 0.000000
    155 0.000000 0.000000 0.000000 0.000000 0.000000 0.000000
    156 0.000000 0.000000 0.000000 0.000000 0.000000 0.000000
    157 0.000000 0.000000 0.000000 0.000000 0.000000 0.000000
    158 0.000000 0.000000 0.000000 0.000000 0.000000 0.000000
    159 0.000000 0.000000 0.000000 0.000000 0.000000 0.000000
    160 0.000000 0.000000 0.000000 0.000000 0.000000 0.000000
    161 0.000000 0.000000 0.000000 0.000000 0.000000 0.000000
    162 0.000000 0.000000 0.000000 0.000000 0.000000 0.000000
    163 0.000000 0.000000 0.000000 0.000000 0.000000 0.000000
    164 0.000000 0.000000 0.000000 0.000000 0.000000 0.000000
    165 0.000000 0.000000 0.000000 0.000000 0.000000 0.000000
    166 0.000000 0.000000 0.000000 0.000000 0.000000 0.000000
    167 0.000000 0.000000 0.000000 0.000000 0.000000 0.000000
    168 0.000000 0.000000 0.000000 0.000000 0.000000 0.000000
    169 0.000000 0.000000 0.000000 0.000000 0.000000 0.000000
    170 0.000000 0.000000 0.000000 0.000000 0.000000 0.000000
    171 0.000000 0.000000 0.000000 0.000000 0.000000 0.000000
    172 0.000000 0.000000 0.000000 0.000000 0.000000 0.000000
    173 0.000000 0.000000 0.000000 0.000000 0.000551 0.000000
    174 0.000000 0.000000 0.000000 -0.004556 0.000000 0.000000
    175 0.000000 0.000000 0.000000 0.000000 0.000000 0.000000
    176 0.000000 0.000000 0.000000 0.000000 0.000000 0.000000
    177 0.000000 0.000000 0.000000 0.000000 0.000000 0.000000
    178 0.000000 0.000000 0.000000 0.000000 0.000000 0.000000
    179 0.000000 0.000000 0.000000 0.000000 0.000000 0.000000
    180 0.000000 0.000000 0.000000 0.000000 0.000000 0.000000
    181 0.000000 0.000000 0.000000 0.000000 0.000000 0.000000
    182 0.000000 0.000000 0.000000 0.000000 0.000000 0.000000
    183 0.000000 0.000000 0.000000 0.000000 0.000000 0.000000
    184 0.000000 0.000000 0.000000 0.000000 0.000000 0.000000
    185 0.000000 0.000000 0.000000 0.000000 0.000000 0.000000
    186 0.000000 0.000000 0.000000 0.000000 0.000000 0.000000
    187 0.000000 0.000000 0.000000 0.000000 0.000000 0.000000
    188 0.000000 0.000000 0.000000 0.000000 0.000000 0.000000
    189 0.000000 0.000000 0.000000 0.000000 0.000000 0.000000
    190 0.000000 0.000000 0.000000 0.000000 0.000000 0.000000
    191 0.000000 0.000000 0.000000 0.000000 0.000000 0.000000
    192 0.000000 0.000000 0.000000 0.000000 0.000000 0.000000
    193 0.000000 0.000000 0.000000 0.000000 0.000000 0.000000
    194 0.000000 0.000000 0.000000 0.000000 0.000000 0.000000
    195 0.000000 0.000000 0.000000 0.000000 0.000000 0.000000
    196 0.000000 0.000000 0.000000 0.000000 0.000000 0.000000
    197 0.000000 0.000000 0.000000 0.000000 0.000000 0.000000
    198 0.000000 0.000000 0.000000 0.000000 0.000000 0.000000
    199 0.000000 0.000000 0.000000 0.000000 0.000000 0.000000
    200 0.000000 0.000000 0.000000 0.000000 0.000000 0.000000
    201 0.000000 0.000000 0.000000 0.000000 0.000000 0.000000
    202 0.000000 0.000000 0.000000 0.000000 0.000000 0.000000
    203 0.000000 0.000000 0.000000 0.000000 0.000000 0.000000
    204 0.000000 0.000000 0.000000 0.000000 0.000000 0.000000
    205 0.000000 0.000000 0.000000 0.000000 0.000000 0.000000
    206 0.000000 0.000000 0.000000 0.000000 0.000000 0.000000
    207 0.000000 0.000000 0.000000 0.000000 0.000000 0.000000
  time 5
    0 0.000000 0.000000 0.000000 0.000000 0.000000 -1.570796
    1 0.000000 0.000000 0.000000 0.000000 0.000000 0.000000
    2 0.000000 0.000000 0.000000 0.000000 0.000000 0.000000
    3 0.000000 0.000000 0.000000 0.000000 0.000000 0.000000
    4 0.000000 0.000000 0.000000 0.000000 0.000000 0.000000
    5 0.000000 0.000000 0.000000 0.000000 0.000000 0.000000
    6 0.000000 0.000000 0.000000 0.000000 0.000000 0.000000
    7 0.000000 0.000000 0.000000 0.000000 0.000000 0.000000
    8 -0.222663 -0.292978 0.378918 0.012578 0.054040 -0.013515
    9 0.000000 0.000000 0.000000 -0.007501 0.015743 -0.013632
    10 0.000000 0.000000 0.000000 0.000000 0.000000 0.000000
    11 0.000000 0.000000 0.000000 0.000000 0.000000 0.000000
    12 0.000000 0.000000 0.000000 0.000000 0.000000 0.000000
    13 0.000000 0.000000 0.000000 0.004634 0.000000 0.000000
    14 0.000000 0.000000 0.000000 -0.000060 0.000000 0.055182
    15 0.000000 0.000000 0.000000 0.000000 0.000000 0.000000
    16 0.000000 0.000000 0.000000 0.000000 0.000000 0.000000
    17 0.000000 0.000000 0.000000 0.000000 0.000000 0.000000
    18 0.000000 0.000000 0.000000 0.000000 0.000000 0.000000
    19 0.000000 0.000000 0.000000 -0.010335 0.000000 0.000000
    20 0.000000 0.000000 0.000000 0.000000 0.000000 -0.027608
    21 0.000000 0.000000 0.000000 -0.043275 0.020099 -0.058212
    22 0.000000 0.000000 0.000000 0.000000 0.000000 0.000000
    23 0.000000 0.000000 0.000000 0.000000 0.000000 0.000000
    24 0.000000 0.000000 0.000000 0.000000 0.000000 0.000000
    25 0.000000 0.000000 0.000000 0.000000 0.000000 0.000000
    26 0.000000 0.000000 0.000000 0.000000 0.000000 0.000000
    27 0.000000 0.000000 0.000000 0.000000 0.000000 0.000000
    28 0.000000 0.000000 0.000000 0.000000 0.000000 0.000000
    29 0.000000 0.000000 0.000000 0.000000 0.000000 0.000000
    30 0.000000 0.000000 0.000000 0.000000 0.000000 0.000000
    31 0.000000 0.000000 0.000000 0.000000 0.000000 0.000000
    32 0.000000 0.000000 0.000000 0.000000 0.000000 0.000000
    33 0.000000 0.000000 0.000000 0.000000 0.000000 0.000000
    34 0.000000 0.000000 0.000000 0.000000 0.000000 0.000000
    35 0.000000 0.000000 0.000000 0.000000 0.000000 0.000000
    36 0.000000 0.000000 0.000000 0.000000 0.000000 0.000000
    37 0.000000 0.000000 0.000000 0.000000 0.000000 0.000000
    38 0.000000 0.000000 0.000000 0.000000 0.000000 0.000000
    39 0.000000 0.000000 0.000000 0.000000 0.000000 0.000000
    40 0.000000 0.000000 0.000000 0.000000 0.000000 0.000000
    41 0.000000 0.000000 0.000000 0.000000 0.000000 0.000000
    42 0.000000 0.000000 0.000000 0.000000 0.000000 0.000000
    43 0.000000 0.000000 0.000000 0.000000 0.000000 0.000000
    44 0.000000 0.000000 0.000000 0.000000 0.000000 0.000000
    45 0.000000 0.000000 0.000000 0.000000 0.000000 0.000000
    46 0.000000 0.000000 0.000000 0.000000 0.000000 0.000000
    47 0.000000 0.000000 0.000000 0.000000 0.000000 0.000000
    48 0.000000 0.000000 0.000000 0.000000 0.000000 0.000000
    49 0.000000 0.000000 0.000000 0.000000 0.000000 0.000000
    50 0.000000 0.000000 0.000000 0.000000 0.000000 0.000000
    51 0.000000 0.000000 0.000000 0.000000 0.000000 0.000000
    52 0.000000 0.000000 0.000000 0.000000 0.000000 0.000000
    53 0.000000 0.000000 0.000000 0.000000 0.000000 0.000000
    54 0.000000 0.000000 0.000000 0.000000 0.000000 0.000000
    55 0.000000 0.000000 0.000000 0.000000 0.000000 0.000000
    56 0.000000 0.000000 0.000000 0.000000 0.000000 0.000000
    57 0.000000 0.000000 0.000000 0.000000 0.000000 0.000000
    58 0.000000 0.000000 0.000000 0.000000 0.000000 0.000000
    59 0.000000 0.000000 0.000000 0.000000 0.000000 0.000000
    60 0.000000 0.000000 0.000000 0.000000 0.000000 0.000000
    61 0.000000 0.000000 0.000000 0.000000 0.000000 0.000000
    62 0.000000 0.000000 0.000000 0.000000 0.000000 0.000000
    63 0.000000 0.000000 0.000000 0.000000 0.000000 0.000000
    64 0.000000 0.000000 0.000000 0.000000 0.000000 0.000000
    65 0.000000 0.000000 0.000000 0.000000 0.000000 0.000000
    66 0.000000 0.000000 0.000000 0.000000 0.000000 0.000000
    67 0.000000 0.000000 0.000000 0.000000 0.000000 0.000000
    68 0.000000 0.000000 0.000000 0.000000 0.000000 0.000000
    69 0.000000 0.000000 0.000000 0.000000 0.000000 0.000000
    70 0.000000 0.000000 0.000000 0.000000 0.000000 0.000000
    71 0.000000 0.000000 0.000000 0.000000 0.000000 0.000000
    72 0.000000 0.000000 0.000000 0.000000 0.000000 0.000000
    73 0.000000 0.000000 0.000000 0.000000 0.000000 0.000000
    74 0.000000 0.000000 0.000000 0.000000 0.000000 0.000000
    75 0.000000 0.000000 0.000000 0.000000 0.000000 0.000000
    76 0.000000 0.000000 0.000000 0.000000 0.000000 0.000000
    77 0.000000 0.000000 0.000000 0.000000 0.000000 0.000000
    78 0.000000 0.000000 0.000000 0.000000 0.000000 0.000000
    79 0.000000 0.000000 0.000000 0.000000 0.000000 0.000000
    80 0.000000 0.000000 0.000000 0.000000 0.000000 0.000000
    81 0.000000 0.000000 0.000000 0.000000 0.000000 0.000000
    82 0.000000 0.000000 0.000000 0.000000 0.000000 0.000000
    83 0.000000 0.000000 0.000000 0.000000 0.000000 0.000000
    84 0.000000 0.000000 0.000000 0.000000 0.000000 0.000000
    85 0.000000 0.000000 0.000000 0.000000 0.000000 0.000000
    86 0.000000 0.000000 0.000000 0.000000 0.000000 0.000000
    87 0.000000 0.000000 0.000000 0.000000 0.000000 0.000000
    88 0.000000 0.000000 0.000000 0.000000 0.000000 0.000000
    89 0.000000 0.000000 0.000000 0.000000 0.000000 0.000000
    90 0.000000 0.000000 0.000000 0.000000 0.000000 0.000000
    91 0.000000 0.000000 0.000000 0.000000 0.000000 0.000000
    92 0.000000 0.000000 0.000000 0.000000 0.000000 0.000000
    93 0.000000 0.000000 0.000000 0.000000 0.000000 0.000000
    94 0.000000 0.000000 0.000000 0.000000 0.000000 0.000000
    95 0.000000 0.000000 0.000000 0.000000 0.000000 0.000000
    96 0.000000 0.000000 0.000000 0.000000 0.000000 0.000000
    97 0.000000 0.000000 0.000000 0.000000 0.000000 0.000000
    98 0.000000 0.000000 0.000000 0.000000 0.000000 0.000000
    99 0.000000 0.000000 0.000000 0.000000 0.000000 0.000000
    100 0.000000 0.000000 0.000000 0.000000 0.000000 0.000000
    101 0.000000 0.000000 0.000000 0.000000 0.000000 0.000000
    102 0.000000 0.000000 0.000000 0.000000 0.000000 0.000000
    103 0.000000 0.000000 0.000000 0.000000 0.000000 0.000000
    104 0.000000 0.000000 0.000000 0.000000 0.000000 0.000000
    105 0.000000 0.000000 0.000000 0.000000 0.000000 0.000000
    106 0.000000 0.000000 0.000000 0.000000 0.000000 0.000000
    107 0.000000 0.000000 0.000000 0.000000 0.000000 0.000000
    108 0.000000 0.000000 0.000000 0.000000 0.000000 0.000000
    109 0.000000 0.000000 0.000000 0.000000 0.000000 0.000000
    110 0.000000 0.000000 0.000000 0.000000 0.000000 0.000000
    111 0.000000 0.000000 0.000000 0.000000 0.000000 -1.570796
    112 0.191412 0.082034 -0.328135 -0.053664 -0.013251 0.013991
    113 0.000000 0.000000 0.000000 0.000000 0.000000 0.000000
    114 0.000000 0.000000 0.000000 0.000000 0.000000 0.000000
    115 -0.421888 0.359386 -0.230476 -0.015555 -0.047874 -1.597449
    116 0.000000 0.000000 0.000000 0.000000 0.000000 0.000000
    117 0.000000 0.000000 0.000000 0.000000 0.000000 0.000000
    118 0.000000 0.000000 0.000000 0.000000 0.000000 0.000000
    119 0.000000 0.000000 0.000000 0.000000 0.000000 0.000000
    120 0.000000 0.000000 0.000000 0.000000 0.000000 0.000000
    121 0.000000 0.000000 0.000000 0.000000 0.000000 0.000000
    122 0.000000 0.000000 0.000000 0.000000 0.000000 0.000000
    123 0.000000 0.000000 0.000000 0.000000 0.000000 0.000000
    124 0.000000 0.000000 0.000000 0.000000 0.000000 0.000000
    125 0.000000 0.000000 0.000000 0.000000 0.000000 0.000000
    126 0.000000 0.000000 0.000000 0.000000 0.000000 0.000000
    127 0.000000 0.000000 0.000000 0.000000 0.000000 0.000000
    128 0.000000 0.000000 0.000000 0.000000 0.000000 0.000000
    129 0.000000 0.000000 0.000000 0.000000 0.000000 0.000000
    130 0.000000 0.000000 0.000000 0.000000 0.000000 0.000000
    131 0.000000 0.000000 0.000000 0.000000 0.000000 0.000000
    132 0.000000 0.000000 0.000000 0.000000 0.000000 0.000000
    133 0.000000 0.000000 0.000000 0.000000 0.000000 0.000000
    134 0.000000 0.000000 0.000000 0.000000 0.000000 0.000000
    135 0.000000 0.000000 0.000000 0.000000 0.000000 0.000000
    136 0.000000 0.000000 0.000000 0.000000 0.000000 0.000000
    137 0.000000 0.000000 0.000000 -0.000695 0.000000 0.000000
    138 0.210944 0.136723 -0.210944 -0.053781 -0.013250 0.014084
    139 0.000000 0.000000 0.000000 0.000000 0.000000 0.000000
    140 0.000000 0.000000 0.000000 0.000000 0.000000 0.000000
    141 0.000000 0.000000 0.000000 0.000000 0.000000 0.000000
    142 0.000000 0.000000 0.000000 0.000000 0.000000 0.000000
    143 0.000000 0.000000 0.000000 0.000000 0.000000 0.000000
    144 0.000000 0.000000 0.000000 0.000000 0.000000 0.000000
    145 0.000000 0.000000 0.000000 0.000000 0.000000 0.000000
    146 0.000000 0.000000 0.000000 0.000000 0.000000 0.000000
    147 0.000000 0.000000 0.000000 0.000000 0.000000 0.000000
    148 0.000000 0.000000 0.000000 0.000000 0.000000 0.000000
    149 0.000000 0.000000 0.000000 0.000000 0.000000 0.000000
    150 0.000000 0.000000 0.000000 0.000000 0.000000 0.000000
    151 0.000000 0.000000 0.000000 0.000000 0.000000 0.000000
    152 0.000000 0.000000 0.000000 0.000000 0.000000 0.000000
    153 0.000000 0.000000 0.000000 0.000000 0.000000 0.000000
    154 0.000000 0.000000 0.000000 0.000000 0.000000 0.000000
    155 0.000000 0.000000 0.000000 0.000000 0.000000 0.000000
    156 0.000000 0.000000 0.000000 0.000000 0.000000 0.000000
    157 0.000000 0.000000 0.000000 0.000000 0.000000 0.000000
    158 0.000000 0.000000 0.000000 0.000000 0.000000 0.000000
    159 0.000000 0.000000 0.000000 0.000000 0.000000 0.000000
    160 0.000000 0.000000 0.000000 0.000000 0.000000 0.000000
    161 0.000000 0.000000 0.000000 0.000000 0.000000 0.000000
    162 0.000000 0.000000 0.000000 0.000000 0.000000 0.000000
    163 0.000000 0.000000 0.000000 0.000000 0.000000 0.000000
    164 0.000000 0.000000 0.000000 0.000000 0.000000 0.000000
    165 0.000000 0.000000 0.000000 0.000000 0.000000 0.000000
    166 0.000000 0.000000 0.000000 0.000000 0.000000 0.000000
    167 0.000000 0.000000 0.000000 0.000000 0.000000 0.000000
    168 0.000000 0.000000 0.000000 0.000000 0.000000 0.000000
    169 0.000000 0.000000 0.000000 0.000000 0.000000 0.000000
    170 0.000000 0.000000 0.000000 0.000000 0.000000 0.000000
    171 0.000000 0.000000 0.000000 0.000000 0.000000 0.000000
    172 0.000000 0.000000 0.000000 0.000000 0.000000 0.000000
    173 0.000000 0.000000 0.000000 0.000000 0.000695 0.000000
    174 0.000000 0.000000 0.000000 -0.005695 0.000000 0.000000
    175 0.000000 0.000000 0.000000 0.000000 0.000000 0.000000
    176 0.000000 0.000000 0.000000 0.000000 0.000000 0.000000
    177 0.000000 0.000000 0.000000 0.000000 0.000000 0.000000
    178 0.000000 0.000000 0.000000 0.000000 0.000000 0.000000
    179 0.000000 0.000000 0.000000 0.000000 0.000000 0.000000
    180 0.000000 0.000000 0.000000 0.000000 0.000000 0.000000
    181 0.000000 0.000000 0.000000 0.000000 0.000000 0.000000
    182 0.000000 0.000000 0.000000 0.000000 0.000000 0.000000
    183 0.000000 0.000000 0.000000 0.000000 0.000000 0.000000
    184 0.000000 0.000000 0.000000 0.000000 0.000000 0.000000
    185 0.000000 0.000000 0.000000 0.000000 0.000000 0.000000
    186 0.000000 0.000000 0.000000 0.000000 0.000000 0.000000
    187 0.000000 0.000000 0.000000 0.000000 0.000000 0.000000
    188 0.000000 0.000000 0.000000 0.000000 0.000000 0.000000
    189 0.000000 0.000000 0.000000 0.000000 0.000000 0.000000
    190 0.000000 0.000000 0.000000 0.000000 0.000000 0.000000
    191 0.000000 0.000000 0.000000 0.000000 0.000000 0.000000
    192 0.000000 0.000000 0.000000 0.000000 0.000000 0.000000
    193 0.000000 0.000000 0.000000 0.000000 0.000000 0.000000
    194 0.000000 0.000000 0.000000 0.000000 0.000000 0.000000
    195 0.000000 0.000000 0.000000 0.000000 0.000000 0.000000
    196 0.000000 0.000000 0.000000 0.000000 0.000000 0.000000
    197 0.000000 0.000000 0.000000 0.000000 0.000000 0.000000
    198 0.000000 0.000000 0.000000 0.000000 0.000000 0.000000
    199 0.000000 0.000000 0.000000 0.000000 0.000000 0.000000
    200 0.000000 0.000000 0.000000 0.000000 0.000000 0.000000
    201 0.000000 0.000000 0.000000 0.000000 0.000000 0.000000
    202 0.000000 0.000000 0.000000 0.000000 0.000000 0.000000
    203 0.000000 0.000000 0.000000 0.000000 0.000000 0.000000
    204 0.000000 0.000000 0.000000 0.000000 0.000000 0.000000
    205 0.000000 0.000000 0.000000 0.000000 0.000000 0.000000
    206 0.000000 0.000000 0.000000 0.000000 0.000000 0.000000
    207 0.000000 0.000000 0.000000 0.000000 0.000000 0.000000
  time 6
    0 0.000000 0.000000 0.000000 0.000000 0.000000 -1.570796
    1 0.000000 0.000000 0.000000 0.000000 0.000000 0.000000
    2 0.000000 0.000000 0.000000 0.000000 0.000000 0.000000
    3 0.000000 0.000000 0.000000 0.000000 0.000000 0.000000
    4 0.000000 0.000000 0.000000 0.000000 0.000000 0.000000
    5 0.000000 0.000000 0.000000 0.000000 0.000000 0.000000
    6 0.000000 0.000000 0.000000 0.000000 0.000000 0.000000
    7 0.000000 0.000000 0.000000 0.000000 0.000000 0.000000
    8 -0.253914 -0.304697 0.378918 0.010625 0.059711 -0.015161
    9 0.000000 0.000000 0.000000 -0.009115 0.018897 -0.007184
    10 0.000000 0.000000 0.000000 0.000000 0.000000 0.000000
    11 0.000000 0.000000 0.000000 0.000000 0.000000 0.000000
    12 0.000000 0.000000 0.000000 0.000000 0.000000 0.000000
    13 0.000000 0.000000 0.000000 0.005608 0.000000 0.000000
    14 0.000000 0.000000 0.000000 0.000000 0.000000 0.050111
    15 0.000000 0.000000 0.000000 0.000000 0.000000 0.000000
    16 0.000000 0.000000 0.000000 0.000000 0.000000 0.000000
    17 0.000000 0.000000 0.000000 0.000000 0.000000 0.000000
    18 0.000000 0.000000 0.000000 0.000000 0.000000 0.000000
    19 0.000000 0.000000 0.000000 -0.013941 0.000000 0.000000
    20 0.000000 0.000000 0.000000 0.000000 0.000000 -0.024980
    21 0.000000 0.000000 0.000000 -0.047724 0.018642 -0.060641
    22 0.000000 0.000000 0.000000 0.000000 0.000000 0.000000
    23 0.000000 0.000000 0.000000 0.000000 0.000000 0.000000
    24 0.000000 0.000000 0.000000 0.000000 0.000000 0.000000
    25 0.000000 0.000000 0.000000 0.000000 0.000000 0.000000
    26 0.000000 0.000000 0.000000 0.000000 0.000000 0.000000
    27 0.000000 0.000000 0.000000 0.000000 0.000000 0.000000
    28 0.000000 0.000000 0.000000 0.000000 0.000000 0.000000
    29 0.000000 0.000000 0.000000 0.000000 0.000000 0.000000
    30 0.000000 0.000000 0.000000 0.000000 0.000000 0.000000
    31 0.000000 0.000000 0.000000 0.000000 0.000000 0.000000
    32 0.000000 0.000000 0.000000 0.000000 0.000000 0.000000
    33 0.000000 0.000000 0.000000 0.000000 0.000000 0.000000
    34 0.000000 0.000000 0.000000 0.000000 0.000000 0.000000
    35 0.000000 0.000000 0.000000 0.000000 0.000000 0.000000
    36 0.000000 0.000000 0.000000 0.000000 0.000000 0.000000
    37 0.000000 0.000000 0.000000 0.000000 0.000000 0.000000
    38 0.000000 0.000000 0.000000 0.000000 0.000000 0.000000
    39 0.000000 0.000000 0.000000 0.000000 0.000000 0.000000
    40 0.000000 0.000000 0.000000 0.000000 0.000000 0.000000
    41 0.000000 0.000000 0.000000 0.000000 0.000000 0.000000
    42 0.000000 0.000000 0.000000 0.000000 0.000000 0.000000
    43 0.000000 0.000000 0.000000 0.000000 0.000000 0.000000
    44 0.000000 0.000000 0.000000 0.000000 0.000000 0.000000
    45 0.000000 0.000000 0.000000 0.000000 0.000000 0.000000
    46 0.000000 0.000000 0.000000 0.000000 0.000000 0.000000
    47 0.000000 0.000000 0.000000 0.000000 0.000000 0.000000
    48 0.000000 0.000000 0.000000 0.000000 0.000000 0.000000
    49 0.000000 0.000000 0.000000 0.000000 0.000000 0.000000
    50 0.000000 0.000000 0.000000 0.000000 0.000000 0.000000
    51 0.000000 0.000000 0.000000 0.000000 0.000000 0.000000
    52 0.000000 0.000000 0.000000 0.000000 0.000000 0.000000
    53 0.000000 0.000000 0.000000 0.000000 0.000000 0.000000
    54 0.000000 0.000000 0.000000 0.000000 0.000000 0.000000
    55 0.000000 0.000000 0.000000 0.000000 0.000000 0.000000
    56 0.000000 0.000000 0.000000 0.000000 0.000000 0.000000
    57 0.000000 0.000000 0.000000 0.000000 0.000000 0.000000
    58 0.000000 0.000000 0.000000 0.000000 0.000000 0.000000
    59 0.000000 0.000000 0.000000 0.000000 0.000000 0.000000
    60 0.000000 0.000000 0.000000 0.000000 0.000000 0.000000
    61 0.000000 0.000000 0.000000 0.000000 0.000000 0.000000
    62 0.000000 0.000000 0.000000 0.000000 0.000000 0.000000
    63 0.000000 0.000000 0.000000 0.000000 0.000000 0.000000
    64 0.000000 0.000000 0.000000 0.000000 0.000000 0.000000
    65 0.000000 0.000000 0.000000 0.000000 0.000000 0.000000
    66 0.000000 0.000000 0.000000 0.000000 0.000000 0.000000
    67 0.000000 0.000000 0.000000 0.000000 0.000000 0.000000
    68 0.000000 0.000000 0.000000 0.000000 0.000000 0.000000
    69 0.000000 0.000000 0.000000 0.000000 0.000000 0.000000
    70 0.000000 0.000000 0.000000 0.000000 0.000000 0.000000
    71 0.000000 0.000000 0.000000 0.000000 0.000000 0.000000
    72 0.000000 0.000000 0.000000 0.000000 0.000000 0.000000
    73 0.000000 0.000000 0.000000 0.000000 0.000000 0.000000
    74 0.000000 0.000000 0.000000 0.000000 0.000000 0.000000
    75 0.000000 0.000000 0.000000 0.000000 0.000000 0.000000
    76 0.000000 0.000000 0.000000 0.000000 0.000000 0.000000
    77 0.000000 0.000000 0.000000 0.000000 0.000000 0.000000
    78 0.000000 0.000000 0.000000 0.000000 0.000000 0.000000
    79 0.000000 0.000000 0.000000 0.000000 0.000000 0.000000
    80 0.000000 0.000000 0.000000 0.000000 0.000000 0.000000
    81 0.000000 0.000000 0.000000 0.000000 0.000000 0.000000
    82 0.000000 0.000000 0.000000 0.000000 0.000000 0.000000
    83 0.000000 0.000000 0.000000 0.000000 0.000000 0.000000
    84 0.000000 0.000000 0.000000 0.000000 0.000000 0.000000
    85 0.000000 0.000000 0.000000 0.000000 0.000000 0.000000
    86 0.000000 0.000000 0.000000 0.000000 0.000000 0.000000
    87 0.000000 0.000000 0.000000 0.000000 0.000000 0.000000
    88 0.000000 0.000000 0.000000 0.000000 0.000000 0.000000
    89 0.000000 0.000000 0.000000 0.000000 0.000000 0.000000
    90 0.000000 0.000000 0.000000 0.000000 0.000000 0.000000
    91 0.000000 0.000000 0.000000 0.000000 0.000000 0.000000
    92 0.000000 0.000000 0.000000 0.000000 0.000000 0.000000
    93 0.000000 0.000000 0.000000 0.000000 0.000000 0.000000
    94 0.000000 0.000000 0.000000 0.000000 0.000000 0.000000
    95 0.000000 0.000000 0.000000 0.000000 0.000000 0.000000
    96 0.000000 0.000000 0.000000 0.000000 0.000000 0.000000
    97 0.000000 0.000000 0.000000 0.000000 0.000000 0.000000
    98 0.000000 0.000000 0.000000 0.000000 0.000000 0.000000
    99 0.000000 0.000000 0.000000 0.000000 0.000000 0.000000
    100 0.000000 0.000000 0.000000 0.000000 0.000000 0.000000
    101 0.000000 0.000000 0.000000 0.000000 0.000000 0.000000
    102 0.000000 0.000000 0.000000 0.000000 0.000000 0.000000
    103 0.000000 0.000000 0.000000 0.000000 0.000000 0.000000
    104 0.000000 0.000000 0.000000 0.000000 0.000000 0.000000
    105 0.000000 0.000000 0.000000 0.000000 0.000000 0.000000
    106 0.000000 0.000000 0.000000 0.000000 0.000000 0.000000
    107 0.000000 0.000000 0.000000 0.000000 0.000000 0.000000
    108 0.000000 0.000000 0.000000 0.000000 0.000000 0.000000
    109 0.000000 0.000000 0.000000 0.000000 0.000000 0.000000
    110 0.000000 0.000000 0.000000 0.000000 0.000000 0.000000
    111 0.000000 0.000000 0.000000 0.000000 0.000000 -1.570796
    112 0.218757 0.105472 -0.417982 -0.059318 -0.011378 0.015670
    113 0.000000 0.000000 0.000000 0.000000 0.000000 0.000000
    114 0.000000 0.000000 0.000000 0.000000 0.000000 0.000000
    115 -0.445326 0.402356 -0.261727 -0.019783 -0.052152 -1.598522
    116 0.000000 0.000000 0.000000 0.000000 0.000000 0.000000
    117 0.000000 0.000000 0.000000 0.000000 0.000000 0.000000
    118 0.000000 0.000000 0.000000 0.000000 0.000000 0.000000
    119 0.000000 0.000000 0.000000 0.000000 0.000000 0.000000
    120 0.000000 0.000000 0.000000 0.000000 0.000000 0.000000
    121 0.000000 0.000000 0.000000 0.000000 0.000000 0.000000
    122 0.000000 0.000000 0.000000 0.000000 0.000000 0.000000
    123 0.000000 0.000000 0.000000 0.000000 0.000000 0.000000
    124 0.000000 0.000000 0.000000 0.000000 0.000000 0.000000
    125 0.000000 0.000000 0.000000 0.000000 0.000000 0.000000
    126 0.000000 0.000000 0.000000 0.000000 0.000000 0.000000
    127 0.000000 0.000000 0.000000 0.000000 0.000000 0.000000
    128 0.000000 0.000000 0.000000 0.000000 0.000000 0.000000
    129 0.000000 0.000000 0.000000 0.000000 0.000000 0.000000
    130 0.000000 0.000000 0.000000 0.000000 0.000000 0.000000
    131 0.000000 0.000000 0.000000 0.000000 0.000000 0.000000
    132 0.000000 0.000000 0.000000 0.000000 0.000000 0.000000
    133 0.000000 0.000000 0.000000 0.000000 0.000000 0.000000
    134 0.000000 0.000000 0.000000 0.000000 0.000000 0.000000
    135 0.000000 0.000000 0.000000 0.000000 0.000000 0.000000
    136 0.000000 0.000000 0.000000 0.000000 0.000000 0.000000
    137 0.000000 0.000000 0.000000 -0.000851 0.000000 0.000000
    138 0.230476 0.167974 -0.312510 -0.059433 -0.011330 0.015576
    139 0.000000 0.000000 0.000000 0.000000 0.000000 0.000000
    140 0.000000 0.000000 0.000000 0.000000 0.000000 0.000000
    141 0.000000 0.000000 0.000000 0.000000 0.000000 0.000000
    142 0.000000 0.000000 0.000000 0.000000 0.000000 0.000000
    143 0.000000 0.000000 0.000000 0.000000 0.000000 0.000000
    144 0.000000 0.000000 0.000000 0.000000 0.000000 0.000000
    145 0.000000 0.000000 0.000000 0.000000 0.000000 0.000000
    146 0.000000 0.000000 0.000000 0.000000 0.000000 0.000000
    147 0.000000 0.000000 0.000000 0.000000 0.000000 0.000000
    148 0.000000 0.000000 0.000000 0.000000 0.000000 0.000000
    149 0.000000 0.000000 0.000000 0.000000 0.000000 0.000000
    150 0.000000 0.000000 0.000000 0.000000 0.000000 0.000000
    151 0.000000 0.000000 0.000000 0.000000 0.000000 0.000000
    152 0.000000 0.000000 0.000000 0.000000 0.000000 0.000000
    153 0.000000 0.000000 0.000000 0.000000 0.000000 0.000000
    154 0.000000 0.000000 0.000000 0.000000 0.000000 0.000000
    155 0.000000 0.000000 0.000000 0.000000 0.000000 0.000000
    156 0.000000 0.000000 0.000000 0.000000 0.000000 0.000000
    157 0.000000 0.000000 0.000000 0.000000 0.000000 0.000000
    158 0.000000 0.000000 0.000000 0.000000 0.000000 0.000000
    159 0.000000 0.000000 0.000000 0.000000 0.000000 0.000000
    160 0.000000 0.000000 0.000000 0.000000 0.000000 0.000000
    161 0.000000 0.000000 0.000000 0.000000 0.000000 0.000000
    162 0.000000 0.000000 0.000000 0.000000 0.000000 0.000000
    163 0.000000 0.000000 0.000000 0.000000 0.000000 0.000000
    164 0.000000 0.000000 0.000000 0.000000 0.000000 0.000000
    165 0.000000 0.000000 0.000000 0.000000 0.000000 0.000000
    166 0.000000 0.000000 0.000000 0.000000 0.000000 0.000000
    167 0.000000 0.000000 0.000000 0.000000 0.000000 0.000000
    168 0.000000 0.000000 0.000000 0.000000 0.000000 0.000000
    169 0.000000 0.000000 0.000000 0.000000 0.000000 0.000000
    170 0.000000 0.000000 0.000000 0.000000 0.000000 0.000000
    171 0.000000 0.000000 0.000000 0.000000 0.000000 0.000000
    172 0.000000 0.000000 0.000000 0.000000 0.000000 0.000000
    173 0.000000 0.000000 0.000000 0.000000 0.000851 0.000000
    174 0.000000 0.000000 0.000000 -0.006834 0.000000 0.000000
    175 0.000000 0.000000 0.000000 0.000000 0.000000 0.000000
    176 0.000000 0.000000 0.000000 0.000000 0.000000 0.000000
    177 0.000000 0.000000 0.000000 0.000000 0.000000 0.000000
    178 0.000000 0.000000 0.000000 0.000000 0.000000 0.000000
    179 0.000000 0.000000 0.000000 0.000000 0.000000 0.000000
    180 0.000000 0.000000 0.000000 0.000000 0.000000 0.000000
    181 0.000000 0.000000 0.000000 0.000000 0.000000 0.000000
    182 0.000000 0.000000 0.000000 0.000000 0.000000 0.000000
    183 0.000000 0.000000 0.000000 0.000000 0.000000 0.000000
    184 0.000000 0.000000 0.000000 0.000000 0.000000 0.000000
    185 0.000000 0.000000 0.000000 0.000000 0.000000 0.000000
    186 0.000000 0.000000 0.000000 0.000000 0.000000 0.000000
    187 0.000000 0.000000 0.000000 0.000000 0.000000 0.000000
    188 0.000000 0.000000 0.000000 0.000000 0.000000 0.000000
    189 0.000000 0.000000 0.000000 0.000000 0.000000 0.000000
    190 0.000000 0.000000 0.000000 0.000000 0.000000 0.000000
    191 0.000000 0.000000 0.000000 0.000000 0.000000 0.000000
    192 0.000000 0.000000 0.000000 0.000000 0.000000 0.000000
    193 0.000000 0.000000 0.000000 0.000000 0.000000 0.000000
    194 0.000000 0.000000 0.000000 0.000000 0.000000 0.000000
    195 0.000000 0.000000 0.000000 0.000000 0.000000 0.000000
    196 0.000000 0.000000 0.000000 0.000000 0.000000 0.000000
    197 0.000000 0.000000 0.000000 0.000000 0.000000 0.000000
    198 0.000000 0.000000 0.000000 0.000000 0.000000 0.000000
    199 0.000000 0.000000 0.000000 0.000000 0.000000 0.000000
    200 0.000000 0.000000 0.000000 0.000000 0.000000 0.000000
    201 0.000000 0.000000 0.000000 0.000000 0.000000 0.000000
    202 0.000000 0.000000 0.000000 0.000000 0.000000 0.000000
    203 0.000000 0.000000 0.000000 0.000000 0.000000 0.000000
    204 0.000000 0.000000 0.000000 0.000000 0.000000 0.000000
    205 0.000000 0.000000 0.000000 0.000000 0.000000 0.000000
    206 0.000000 0.000000 0.000000 0.000000 0.000000 0.000000
    207 0.000000 0.000000 0.000000 0.000000 0.000000 0.000000
  time 7
    0 0.000000 0.000000 0.000000 0.000000 0.000000 -1.570796
    1 0.000000 0.000000 0.000000 0.000000 0.000000 0.000000
    2 0.000000 0.000000 0.000000 0.000000 0.000000 0.000000
    3 0.000000 0.000000 0.000000 0.000000 0.000000 0.000000
    4 0.000000 0.000000 0.000000 0.000000 0.000000 0.000000
    5 0.000000 0.000000 0.000000 0.000000 0.000000 0.000000
    6 0.000000 0.000000 0.000000 0.000000 0.000000 0.000000
    7 0.000000 0.000000 0.000000 0.000000 0.000000 0.000000
    8 -0.230476 -0.261727 0.304697 0.004882 0.058988 -0.015161
    9 0.000000 0.000000 0.000000 -0.010065 0.021072 0.006286
    10 0.000000 0.000000 0.000000 0.000000 0.000000 0.000000
    11 0.000000 0.000000 0.000000 0.000000 0.000000 0.000000
    12 0.000000 0.000000 0.000000 0.000000 0.000000 0.000000
    13 0.000000 0.000000 0.000000 0.006552 0.000000 0.000000
    14 0.000000 0.000000 0.000000 0.000000 0.000000 0.029157
    15 0.000000 0.000000 0.000000 0.000000 0.000000 0.000000
    16 0.000000 0.000000 0.000000 0.000000 0.000000 0.000000
    17 0.000000 0.000000 0.000000 0.000000 0.000000 0.000000
    18 0.000000 0.000000 0.000000 0.000000 0.000000 0.000000
    19 0.000000 0.000000 0.000000 -0.017547 0.000000 0.000000
    20 0.000000 0.000000 0.000000 0.000060 0.000000 -0.014646
    21 0.000000 0.000000 0.000000 -0.047065 0.011880 -0.052307
    22 0.000000 0.000000 0.000000 0.000000 0.000000 0.000000
    23 0.000000 0.000000 0.000000 0.000000 0.000000 0.000000
    24 0.000000 0.000000 0.000000 0.000000 0.000000 0.000000
    25 0.000000 0.000000 0.000000 0.000000 0.000000 0.000000
    26 0.000000 0.000000 0.000000 0.000000 0.000000 0.000000
    27 0.000000 0.000000 0.000000 0.000000 0.000000 0.000000
    28 0.000000 0.000000 0.000000 0.000000 0.000000 0.000000
    29 0.000000 0.000000 0.000000 0.000000 0.000000 0.000000
    30 0.000000 0.000000 0.000000 0.000000 0.000000 0.000000
    31 0.000000 0.000000 0.000000 0.000000 0.000000 0.000000
    32 0.000000 0.000000 0.000000 0.000000 0.000000 0.000000
    33 0.000000 0.000000 0.000000 0.000000 0.000000 0.000000
    34 0.000000 0.000000 0.000000 0.000000 0.000000 0.000000
    35 0.000000 0.000000 0.000000 0.000000 0.000000 0.000000
    36 0.000000 0.000000 0.000000 0.000000 0.000000 0.000000
    37 0.000000 0.000000 0.000000 0.000000 0.000000 0.000000
    38 0.000000 0.000000 0.000000 0.000000 0.000000 0.000000
    39 0.000000 0.000000 0.000000 0.000000 0.000000 0.000000
    40 0.000000 0.000000 0.000000 0.000000 0.000000 0.000000
    41 0.000000 0.000000 0.000000 0.000000 0.000000 0.000000
    42 0.000000 0.000000 0.000000 0.000000 0.000000 0.000000
    43 0.000000 0.000000 0.000000 0.000000 0.000000 0.000000
    44 0.000000 0.000000 0.000000 0.000000 0.000000 0.000000
    45 0.000000 0.000000 0.000000 0.000000 0.000000 0.000000
    46 0.000000 0.000000 0.000000 0.000000 0.000000 0.000000
    47 0.000000 0.000000 0.000000 0.000000 0.000000 0.000000
    48 0.000000 0.000000 0.000000 0.000000 0.000000 0.000000
    49 0.000000 0.000000 0.000000 0.000000 0.000000 0.000000
    50 0.000000 0.000000 0.000000 0.000000 0.000000 0.000000
    51 0.000000 0.000000 0.000000 0.000000 0.000000 0.000000
    52 0.000000 0.000000 0.000000 0.000000 0.000000 0.000000
    53 0.000000 0.000000 0.000000 0.000000 0.000000 0.000000
    54 0.000000 0.000000 0.000000 0.000000 0.000000 0.000000
    55 0.000000 0.000000 0.000000 0.000000 0.000000 0.000000
    56 0.000000 0.000000 0.000000 0.000000 0.000000 0.000000
    57 0.000000 0.000000 0.000000 0.000000 0.000000 0.000000
    58 0.000000 0.000000 0.000000 0.000000 0.000000 0.000000
    59 0.000000 0.000000 0.000000 0.000000 0.000000 0.000000
    60 0.000000 0.000000 0.000000 0.000000 0.000000 0.000000
    61 0.000000 0.000000 0.000000 0.000000 0.000000 0.000000
    62 0.000000 0.000000 0.000000 0.000000 0.000000 0.000000
    63 0.000000 0.000000 0.000000 0.000000 0.000000 0.000000
    64 0.000000 0.000000 0.000000 0.000000 0.000000 0.000000
    65 0.000000 0.000000 0.000000 0.000000 0.000000 0.000000
    66 0.000000 0.000000 0.000000 0.000000 0.000000 0.000000
    67 0.000000 0.000000 0.000000 0.000000 0.000000 0.000000
    68 0.000000 0.000000 0.000000 0.000000 0.000000 0.000000
    69 0.000000 0.000000 0.000000 0.000000 0.000000 0.000000
    70 0.000000 0.000000 0.000000 0.000000 0.000000 0.000000
    71 0.000000 0.000000 0.000000 0.000000 0.000000 0.000000
    72 0.000000 0.000000 0.000000 0.000000 0.000000 0.000000
    73 0.000000 0.000000 0.000000 0.000000 0.000000 0.000000
    74 0.000000 0.000000 0.000000 0.000000 0.000000 0.000000
    75 0.000000 0.000000 0.000000 0.000000 0.000000 0.000000
    76 0.000000 0.000000 0.000000 0.000000 0.000000 0.000000
    77 0.000000 0.000000 0.000000 0.000000 0.000000 0.000000
    78 0.000000 0.000000 0.000000 0.000000 0.000000 0.000000
    79 0.000000 0.000000 0.000000 0.000000 0.000000 0.000000
    80 0.000000 0.000000 0.000000 0.000000 0.000000 0.000000
    81 0.000000 0.000000 0.000000 0.000000 0.000000 0.000000
    82 0.000000 0.000000 0.000000 0.000000 0.000000 0.000000
    83 0.000000 0.000000 0.000000 0.000000 0.000000 0.000000
    84 0.000000 0.000000 0.000000 0.000000 0.000000 0.000000
    85 0.000000 0.000000 0.000000 0.000000 0.000000 0.000000
    86 0.000000 0.000000 0.000000 0.000000 0.000000 0.000000
    87 0.000000 0.000000 0.000000 0.000000 0.000000 0.000000
    88 0.000000 0.000000 0.000000 0.000000 0.000000 0.000000
    89 0.000000 0.000000 0.000000 0.000000 0.000000 0.000000
    90 0.000000 0.000000 0.000000 0.000000 0.000000 0.000000
    91 0.000000 0.000000 0.000000 0.000000 0.000000 0.000000
    92 0.000000 0.000000 0.000000 0.000000 0.000000 0.000000
    93 0.000000 0.000000 0.000000 0.000000 0.000000 0.000000
    94 0.000000 0.000000 0.000000 0.000000 0.000000 0.000000
    95 0.000000 0.000000 0.000000 0.000000 0.000000 0.000000
    96 0.000000 0.000000 0.000000 0.000000 0.000000 0.000000
    97 0.000000 0.000000 0.000000 0.000000 0.000000 0.000000
    98 0.000000 0.000000 0.000000 0.000000 0.000000 0.000000
    99 0.000000 0.000000 0.000000 0.000000 0.000000 0.000000
    100 0.000000 0.000000 0.000000 0.000000 0.000000 0.000000
    101 0.000000 0.000000 0.000000 0.000000 0.000000 0.000000
    102 0.000000 0.000000 0.000000 0.000000 0.000000 0.000000
    103 0.000000 0.000000 0.000000 0.000000 0.000000 0.000000
    104 0.000000 0.000000 0.000000 0.000000 0.000000 0.000000
    105 0.000000 0.000000 0.000000 0.000000 0.000000 0.000000
    106 0.000000 0.000000 0.000000 0.000000 0.000000 0.000000
    107 0.000000 0.000000 0.000000 0.000000 0.000000 0.000000
    108 0.000000 0.000000 0.000000 0.000000 0.000000 0.000000
    109 0.000000 0.000000 0.000000 0.000000 0.000000 0.000000
    110 0.000000 0.000000 0.000000 0.000000 0.000000 0.000000
    111 0.000000 0.000000 0.000000 0.000000 0.000000 -1.570796
    112 0.167974 0.093753 -0.515641 -0.058839 -0.005572 0.015204
    113 0.000000 0.000000 0.000000 0.000000 0.000000 0.000000
    114 0.000000 0.000000 0.000000 0.000000 0.000000 0.000000
    115 -0.402356 0.378918 -0.285165 -0.024389 -0.049922 -1.595571
    116 0.000000 0.000000 0.000000 0.000000 0.000000 0.000000
    117 0.000000 0.000000 0.000000 0.000000 0.000000 0.000000
    118 0.000000 0.000000 0.000000 0.000000 0.000000 0.000000
    119 0.000000 0.000000 0.000000 0.000000 0.000000 0.000000
    120 0.000000 0.000000 0.000000 0.000000 0.000000 0.000000
    121 0.000000 0.000000 0.000000 0.000000 0.000000 0.000000
    122 0.000000 0.000000 0.000000 0.000000 0.000000 0.000000
    123 0.000000 0.000000 0.000000 0.000000 0.000000 0.000000
    124 0.000000 0.000000 0.000000 0.000000 0.000000 0.000000
    125 0.000000 0.000000 0.000000 0.000000 0.000000 0.000000
    126 0.000000 0.000000 0.000000 0.000000 0.000000 0.000000
    127 0.000000 0.000000 0.000000 0.000000 0.000000 0.000000
    128 0.000000 0.000000 0.000000 0.000000 0.000000 0.000000
    129 0.000000 0.000000 0.000000 0.000000 0.000000 0.000000
    130 0.000000 0.000000 0.000000 0.000000 0.000000 0.000000
    131 0.000000 0.000000 0.000000 0.000000 0.000000 0.000000
    132 0.000000 0.000000 0.000000 0.000000 0.000000 0.000000
    133 0.000000 0.000000 0.000000 0.000000 0.000000 0.000000
    134 0.000000 0.000000 0.000000 0.000000 0.000000 0.000000
    135 0.000000 0.000000 0.000000 0.000000 0.000000 0.000000
    136 0.000000 0.000000 0.000000 0.000000 0.000000 0.000000
    137 0.000000 0.000000 0.000000 -0.000995 0.000000 0.000000
    138 0.175787 0.156255 -0.464858 -0.058919 -0.005572 0.015110
    139 0.000000 0.000000 0.000000 0.000000 0.000000 0.000000
    140 0.000000 0.000000 0.000000 0.000000 0.000000 0.000000
    141 0.000000 0.000000 0.000000 0.000000 0.000000 0.000000
    142 0.000000 0.000000 0.000000 0.000000 0.000000 0.000000
    143 0.000000 0.000000 0.000000 0.000000 0.000000 0.000000
    144 0.000000 0.000000 0.000000 0.000000 0.000000 0.000000
    145 0.000000 0.000000 0.000000 0.000000 0.000000 0.000000
    146 0.000000 0.000000 0.000000 0.000000 0.000000 0.000000
    147 0.000000 0.000000 0.000000 0.000000 0.000000 0.000000
    148 0.000000 0.000000 0.000000 0.000000 0.000000 0.000000
    149 0.000000 0.000000 0.000000 0.000000 0.000000 0.000000
    150 0.000000 0.000000 0.000000 0.000000 0.000000 0.000000
    151 0.000000 0.000000 0.000000 0.000000 0.000000 0.000000
    152 0.000000 0.000000 0.000000 0.000000 0.000000 0.000000
    153 0.000000 0.000000 0.000000 0.000000 0.000000 0.000000
    154 0.000000 0.000000 0.000000 0.000000 0.000000 0.000000
    155 0.000000 0.000000 0.000000 0.000000 0.000000 0.000000
    156 0.000000 0.000000 0.000000 0.000000 0.000000 0.000000
    157 0.000000 0.000000 0.000000 0.000000 0.000000 0.000000
    158 0.000000 0.000000 0.000000 0.000000 0.000000 0.000000
    159 0.000000 0.000000 0.000000 0.000000 0.000000 0.000000
    160 0.000000 0.000000 0.000000 0.000000 0.000000 0.000000
    161 0.000000 0.000000 0.000000 0.000000 0.000000 0.000000
    162 0.000000 0.000000 0.000000 0.000000 0.000000 0.000000
    163 0.000000 0.000000 0.000000 0.000000 0.000000 0.000000
    164 0.000000 0.000000 0.000000 0.000000 0.000000 0.000000
    165 0.000000 0.000000 0.000000 0.000000 0.000000 0.000000
    166 0.000000 0.000000 0.000000 0.000000 0.000000 0.000000
    167 0.000000 0.000000 0.000000 0.000000 0.000000 0.000000
    168 0.000000 0.000000 0.000000 0.000000 0.000000 0.000000
    169 0.000000 0.000000 0.000000 0.000000 0.000000 0.000000
    170 0.000000 0.000000 0.000000 0.000000 0.000000 0.000000
    171 0.000000 0.000000 0.000000 0.000000 0.000000 0.000000
    172 0.000000 0.000000 0.000000 0.000000 0.000000 0.000000
    173 0.000000 0.000000 0.000000 0.000000 0.000995 0.000000
    174 0.000000 0.000000 0.000000 -0.008009 0.000000 0.000000
    175 0.000000 0.000000 0.000000 0.000000 0.000000 0.000000
    176 0.000000 0.000000 0.000000 0.000000 0.000000 0.000000
    177 0.000000 0.000000 0.000000 0.000000 0.000000 0.000000
    178 0.000000 0.000000 0.000000 0.000000 0.000000 0.000000
    179 0.000000 0.000000 0.000000 0.000000 0.000000 0.000000
    180 0.000000 0.000000 0.000000 0.000000 0.000000 0.000000
    181 0.000000 0.000000 0.000000 0.000000 0.000000 0.000000
    182 0.000000 0.000000 0.000000 0.000000 0.000000 0.000000
    183 0.000000 0.000000 0.000000 0.000000 0.000000 0.000000
    184 0.000000 0.000000 0.000000 0.000000 0.000000 0.000000
    185 0.000000 0.000000 0.000000 0.000000 0.000000 0.000000
    186 0.000000 0.000000 0.000000 0.000000 0.000000 0.000000
    187 0.000000 0.000000 0.000000 0.000000 0.000000 0.000000
    188 0.000000 0.000000 0.000000 0.000000 0.000000 0.000000
    189 0.000000 0.000000 0.000000 0.000000 0.000000 0.000000
    190 0.000000 0.000000 0.000000 0.000000 0.000000 0.000000
    191 0.000000 0.000000 0.000000 0.000000 0.000000 0.000000
    192 0.000000 0.000000 0.000000 0.000000 0.000000 0.000000
    193 0.000000 0.000000 0.000000 0.000000 0.000000 0.000000
    194 0.000000 0.000000 0.000000 0.000000 0.000000 0.000000
    195 0.000000 0.000000 0.000000 0.000000 0.000000 0.000000
    196 0.000000 0.000000 0.000000 0.000000 0.000000 0.000000
    197 0.000000 0.000000 0.000000 0.000000 0.000000 0.000000
    198 0.000000 0.000000 0.000000 0.000000 0.000000 0.000000
    199 0.000000 0.000000 0.000000 0.000000 0.000000 0.000000
    200 0.000000 0.000000 0.000000 0.000000 0.000000 0.000000
    201 0.000000 0.000000 0.000000 0.000000 0.000000 0.000000
    202 0.000000 0.000000 0.000000 0.000000 0.000000 0.000000
    203 0.000000 0.000000 0.000000 0.000000 0.000000 0.000000
    204 0.000000 0.000000 0.000000 0.000000 0.000000 0.000000
    205 0.000000 0.000000 0.000000 0.000000 0.000000 0.000000
    206 0.000000 0.000000 0.000000 0.000000 0.000000 0.000000
    207 0.000000 0.000000 0.000000 0.000000 0.000000 0.000000
  time 8
    0 0.000000 0.000000 0.000000 0.000000 0.000000 -1.570796
    1 0.000000 0.000000 0.000000 0.000000 0.000000 0.000000
    2 0.000000 0.000000 0.000000 0.000000 0.000000 0.000000
    3 0.000000 0.000000 0.000000 0.000000 0.000000 0.000000
    4 0.000000 0.000000 0.000000 0.000000 0.000000 0.000000
    5 0.000000 0.000000 0.000000 0.000000 0.000000 0.000000
    6 0.000000 0.000000 0.000000 0.000000 0.000000 0.000000
    7 0.000000 0.000000 0.000000 0.000000 0.000000 0.000000
    8 -0.167974 -0.164068 0.156255 -0.003848 0.053929 -0.013571
    9 0.000000 0.000000 0.000000 -0.010065 0.021593 0.024245
    10 0.000000 0.000000 0.000000 0.000000 0.000000 0.000000
    11 0.000000 0.000000 0.000000 0.000000 0.000000 0.000000
    12 0.000000 0.000000 0.000000 0.000000 0.000000 0.000000
    13 0.000000 0.000000 0.000000 0.007467 0.000000 0.000000
    14 0.000000 0.000000 0.000000 0.000000 0.000000 -0.002685
    15 0.000000 0.000000 0.000000 0.000000 0.000000 0.000000
    16 0.000000 0.000000 0.000000 0.000000 0.000000 0.000000
    17 0.000000 0.000000 0.000000 0.000000 0.000000 0.000000
    18 0.000000 0.000000 0.000000 0.000000 0.000000 0.000000
    19 0.000000 0.000000 0.000000 -0.021154 0.000000 0.000000
    20 0.000000 0.000000 0.000000 0.000036 0.000000 0.001327
    21 0.000000 0.000000 0.000000 -0.043111 0.001420 -0.035639
    22 0.000000 0.000000 0.000000 0.000000 0.000000 0.000000
    23 0.000000 0.000000 0.000000 0.000000 0.000000 0.000000
    24 0.000000 0.000000 0.000000 0.000000 0.000000 0.000000
    25 0.000000 0.000000 0.000000 0.000000 0.000000 0.000000
    26 0.000000 0.000000 0.000000 0.000000 0.000000 0.000000
    27 0.000000 0.000000 0.000000 0.000000 0.000000 0.000000
    28 0.000000 0.000000 0.000000 0.000000 0.000000 0.000000
    29 0.000000 0.000000 0.000000 0.000000 0.000000 0.000000
    30 0.000000 0.000000 0.000000 0.000000 0.000000 0.000000
    31 0.000000 0.000000 0.000000 0.000000 0.000000 0.000000
    32 0.000000 0.000000 0.000000 0.000000 0.000000 0.000000
    33 0.000000 0.000000 0.000000 0.000000 0.000000 0.000000
    34 0.000000 0.000000 0.000000 0.000000 0.000000 0.000000
    35 0.000000 0.000000 0.000000 0.000000 0.000000 0.000000
    36 0.000000 0.000000 0.000000 0.000000 0.000000 0.000000
    37 0.000000 0.000000 0.000000 0.000000 0.000000 0.000000
    38 0.000000 0.000000 0.000000 0.000000 0.000000 0.000000
    39 0.000000 0.000000 0.000000 0.000000 0.000000 0.000000
    40 0.000000 0.000000 0.000000 0.000000 0.000000 0.000000
    41 0.000000 0.000000 0.000000 0.000000 0.000000 0.000000
    42 0.000000 0.000000 0.000000 0.000000 0.000000 0.000000
    43 0.000000 0.000000 0.000000 0.000000 0.000000 0.000000
    44 0.000000 0.000000 0.000000 0.000000 0.000000 0.000000
    45 0.000000 0.000000 0.000000 0.000000 0.000000 0.000000
    46 0.000000 0.000000 0.000000 0.000000 0.000000 0.000000
    47 0.000000 0.000000 0.000000 0.000000 0.000000 0.000000
    48 0.000000 0.000000 0.000000 0.000000 0.000000 0.000000
    49 0.000000 0.000000 0.000000 0.000000 0.000000 0.000000
    50 0.000000 0.000000 0.000000 0.000000 0.000000 0.000000
    51 0.000000 0.000000 0.000000 0.000000 0.000000 0.000000
    52 0.000000 0.000000 0.000000 0.000000 0.000000 0.000000
    53 0.000000 0.000000 0.000000 0.000000 0.000000 0.000000
    54 0.000000 0.000000 0.000000 0.000000 0.000000 0.000000
    55 0.000000 0.000000 0.000000 0.000000 0.000000 0.000000
    56 0.000000 0.000000 0.000000 0.000000 0.000000 0.000000
    57 0.000000 0.000000 0.000000 0.000000 0.000000 0.000000
    58 0.000000 0.000000 0.000000 0.000000 0.000000 0.000000
    59 0.000000 0.000000 0.000000 0.000000 0.000000 0.000000
    60 0.000000 0.000000 0.000000 0.000000 0.000000 0.000000
    61 0.000000 0.000000 0.000000 0.000000 0.000000 0.000000
    62 0.000000 0.000000 0.000000 0.000000 0.000000 0.000000
    63 0.000000 0.000000 0.000000 0.000000 0.000000 0.000000
    64 0.000000 0.000000 0.000000 0.000000 0.000000 0.000000
    65 0.000000 0.000000 0.000000 0.000000 0.000000 0.000000
    66 0.000000 0.000000 0.000000 0.000000 0.000000 0.000000
    67 0.000000 0.000000 0.000000 0.000000 0.000000 0.000000
    68 0.000000 0.000000 0.000000 0.000000 0.000000 0.000000
    69 0.000000 0.000000 0.000000 0.000000 0.000000 0.000000
    70 0.000000 0.000000 0.000000 0.000000 0.000000 0.000000
    71 0.000000 0.000000 0.000000 0.000000 0.000000 0.000000
    72 0.000000 0.000000 0.000000 0.000000 0.000000 0.000000
    73 0.000000 0.000000 0.000000 0.000000 0.000000 0.000000
    74 0.000000 0.000000 0.000000 0.000000 0.000000 0.000000
    75 0.000000 0.000000 0.000000 0.000000 0.000000 0.000000
    76 0.000000 0.000000 0.000000 0.000000 0.000000 0.000000
    77 0.000000 0.000000 0.000000 0.000000 0.000000 0.000000
    78 0.000000 0.000000 0.000000 0.000000 0.000000 0.000000
    79 0.000000 0.000000 0.000000 0.000000 0.000000 0.000000
    80 0.000000 0.000000 0.000000 0.000000 0.000000 0.000000
    81 0.000000 0.000000 0.000000 0.000000 0.000000 0.000000
    82 0.000000 0.000000 0.000000 0.000000 0.000000 0.000000
    83 0.000000 0.000000 0.000000 0.000000 0.000000 0.000000
    84 0.000000 0.000000 0.000000 0.000000 0.000000 0.000000
    85 0.000000 0.000000 0.000000 0.000000 0.000000 0.000000
    86 0.000000 0.000000 0.000000 0.000000 0.000000 0.000000
    87 0.000000 0.000000 0.000000 0.000000 0.000000 0.000000
    88 0.000000 0.000000 0.000000 0.000000 0.000000 0.000000
    89 0.000000 0.000000 0.000000 0.000000 0.000000 0.000000
    90 0.000000 0.000000 0.000000 0.000000 0.000000 0.000000
    91 0.000000 0.000000 0.000000 0.000000 0.000000 0.000000
    92 0.000000 0.000000 0.000000 0.000000 0.000000 0.000000
    93 0.000000 0.000000 0.000000 0.000000 0.000000 0.000000
    94 0.000000 0.000000 0.000000 0.000000 0.000000 0.000000
    95 0.000000 0.000000 0.000000 0.000000 0.000000 0.000000
    96 0.000000 0.000000 0.000000 0.000000 0.000000 0.000000
    97 0.000000 0.000000 0.000000 0.000000 0.000000 0.000000
    98 0.000000 0.000000 0.000000 0.000000 0.000000 0.000000
    99 0.000000 0.000000 0.000000 0.000000 0.000000 0.000000
    100 0.000000 0.000000 0.000000 0.000000 0.000000 0.000000
    101 0.000000 0.000000 0.000000 0.000000 0.000000 0.000000
    102 0.000000 0.000000 0.000000 0.000000 0.000000 0.000000
    103 0.000000 0.000000 0.000000 0.000000 0.000000 0.000000
    104 0.000000 0.000000 0.000000 0.000000 0.000000 0.000000
    105 0.000000 0.000000 0.000000 0.000000 0.000000 0.000000
    106 0.000000 0.000000 0.000000 0.000000 0.000000 0.000000
    107 0.000000 0.000000 0.000000 0.000000 0.000000 0.000000
    108 0.000000 0.000000 0.000000 0.000000 0.000000 0.000000
    109 0.000000 0.000000 0.000000 0.000000 0.000000 0.000000
    110 0.000000 0.000000 0.000000 0.000000 0.000000 0.000000
    111 0.000000 0.000000 0.000000 0.000000 0.000000 -1.570796
    112 0.113285 0.101566 -0.593768 -0.053952 0.003184 0.012965
    113 0.000000 0.000000 0.000000 0.000000 0.000000 0.000000
    114 0.000000 0.000000 0.000000 0.000000 0.000000 0.000000
    115 -0.292978 0.292978 -0.312510 -0.029599 -0.042823 -1.589847
    116 0.000000 0.000000 0.000000 0.000000 0.000000 0.000000
    117 0.000000 0.000000 0.000000 0.000000 0.000000 0.000000
    118 0.000000 0.000000 0.000000 0.000000 0.000000 0.000000
    119 0.000000 0.000000 0.000000 0.000000 0.000000 0.000000
    120 0.000000 0.000000 0.000000 0.000000 0.000000 0.000000
    121 0.000000 0.000000 0.000000 0.000000 0.000000 0.000000
    122 0.000000 0.000000 0.000000 0.000000 0.000000 0.000000
    123 0.000000 0.000000 0.000000 0.000000 0.000000 0.000000
    124 0.000000 0.000000 0.000000 0.000000 0.000000 0.000000
    125 0.000000 0.000000 0.000000 0.000000 0.000000 0.000000
    126 0.000000 0.000000 0.000000 0.000000 0.000000 0.000000
    127 0.000000 0.000000 0.000000 0.000000 0.000000 0.000000
    128 0.000000 0.000000 0.000000 0.000000 0.000000 0.000000
    129 0.000000 0.000000 0.000000 0.000000 0.000000 0.000000
    130 0.000000 0.000000 0.000000 0.000000 0.000000 0.000000
    131 0.000000 0.000000 0.000000 0.000000 0.000000 0.000000
    132 0.000000 0.000000 0.000000 0.000000 0.000000 0.000000
    133 0.000000 0.000000 0.000000 0.000000 0.000000 0.000000
    134 0.000000 0.000000 0.000000 0.000000 0.000000 0.000000
    135 0.000000 0.000000 0.000000 0.000000 0.000000 0.000000
    136 0.000000 0.000000 0.000000 0.000000 0.000000 0.000000
    137 0.000000 0.000000 0.000000 -0.001139 0.000000 0.000000
    138 0.113285 0.144536 -0.621113 -0.053952 0.003184 0.012965
    139 0.000000 0.000000 0.000000 0.000000 0.000000 0.000000
    140 0.000000 0.000000 0.000000 0.000000 0.000000 0.000000
    141 0.000000 0.000000 0.000000 0.000000 0.000000 0.000000
    142 0.000000 0.000000 0.000000 0.000000 0.000000 0.000000
    143 0.000000 0.000000 0.000000 0.000000 0.000000 0.000000
    144 0.000000 0.000000 0.000000 0.000000 0.000000 0.000000
    145 0.000000 0.000000 0.000000 0.000000 0.000000 0.000000
    146 0.000000 0.000000 0.000000 0.000000 0.000000 0.000000
    147 0.000000 0.000000 0.000000 0.000000 0.000000 0.000000
    148 0.000000 0.000000 0.000000 0.000000 0.000000 0.000000
    149 0.000000 0.000000 0.000000 0.000000 0.000000 0.000000
    150 0.000000 0.000000 0.000000 0.000000 0.000000 0.000000
    151 0.000000 0.000000 0.000000 0.000000 0.000000 0.000000
    152 0.000000 0.000000 0.000000 0.000000 0.000000 0.000000
    153 0.000000 0.000000 0.000000 0.000000 0.000000 0.000000
    154 0.000000 0.000000 0.000000 0.000000 0.000000 0.000000
    155 0.000000 0.000000 0.000000 0.000000 0.000000 0.000000
    156 0.000000 0.000000 0.000000 0.000000 0.000000 0.000000
    157 0.000000 0.000000 0.000000 0.000000 0.000000 0.000000
    158 0.000000 0.000000 0.000000 0.000000 0.000000 0.000000
    159 0.000000 0.000000 0.000000 0.000000 0.000000 0.000000
    160 0.000000 0.000000 0.000000 0.000000 0.000000 0.000000
    161 0.000000 0.000000 0.000000 0.000000 0.000000 0.000000
    162 0.000000 0.000000 0.000000 0.000000 0.000000 0.000000
    163 0.000000 0.000000 0.000000 0.000000 0.000000 0.000000
    164 0.000000 0.000000 0.000000 0.000000 0.000000 0.000000
    165 0.000000 0.000000 0.000000 0.000000 0.000000 0.000000
    166 0.000000 0.000000 0.000000 0.000000 0.000000 0.000000
    167 0.000000 0.000000 0.000000 0.000000 0.000000 0.000000
    168 0.000000 0.000000 0.000000 0.000000 0.000000 0.000000
    169 0.000000 0.000000 0.000000 0.000000 0.000000 0.000000
    170 0.000000 0.000000 0.000000 0.000000 0.000000 0.000000
    171 0.000000 0.000000 0.000000 0.000000 0.000000 0.000000
    172 0.000000 0.000000 0.000000 0.000000 0.000000 0.000000
    173 0.000000 0.000000 0.000000 0.000000 0.001139 0.000000
    174 0.000000 0.000000 0.000000 -0.010214 0.000000 0.000000
    175 0.000000 0.000000 0.000000 0.000000 0.000000 0.000000
    176 0.000000 0.000000 0.000000 0.000000 0.000000 0.000000
    177 0.000000 0.000000 0.000000 0.000000 0.000000 0.000000
    178 0.000000 0.000000 0.000000 0.000000 0.000000 0.000000
    179 0.000000 0.000000 0.000000 0.000000 0.000000 0.000000
    180 0.000000 0.000000 0.000000 0.000000 0.000000 0.000000
    181 0.000000 0.000000 0.000000 0.000000 0.000000 0.000000
    182 0.000000 0.000000 0.000000 0.000000 0.000000 0.000000
    183 0.000000 0.000000 0.000000 0.000000 0.000000 0.000000
    184 0.000000 0.000000 0.000000 0.000000 0.000000 0.000000
    185 0.000000 0.000000 0.000000 0.000000 0.000000 0.000000
    186 0.000000 0.000000 0.000000 0.000000 0.000000 0.000000
    187 0.000000 0.000000 0.000000 0.000000 0.000000 0.000000
    188 0.000000 0.000000 0.000000 0.000000 0.000000 0.000000
    189 0.000000 0.000000 0.000000 0.000000 0.000000 0.000000
    190 0.000000 0.000000 0.000000 0.000000 0.000000 0.000000
    191 0.000000 0.000000 0.000000 0.000000 0.000000 0.000000
    192 0.000000 0.000000 0.000000 0.000000 0.000000 0.000000
    193 0.000000 0.000000 0.000000 0.000000 0.000000 0.000000
    194 0.000000 0.000000 0.000000 0.000000 0.000000 0.000000
    195 0.000000 0.000000 0.000000 0.000000 0.000000 0.000000
    196 0.000000 0.000000 0.000000 0.000000 0.000000 0.000000
    197 0.000000 0.000000 0.000000 0.000000 0.000000 0.000000
    198 0.000000 0.000000 0.000000 0.000000 0.000000 0.000000
    199 0.000000 0.000000 0.000000 0.000000 0.000000 0.000000
    200 0.000000 0.000000 0.000000 0.000000 0.000000 0.000000
    201 0.000000 0.000000 0.000000 0.000000 0.000000 0.000000
    202 0.000000 0.000000 0.000000 0.000000 0.000000 0.000000
    203 0.000000 0.000000 0.000000 0.000000 0.000000 0.000000
    204 0.000000 0.000000 0.000000 0.000000 0.000000 0.000000
    205 0.000000 0.000000 0.000000 0.000000 0.000000 0.000000
    206 0.000000 0.000000 0.000000 0.000000 0.000000 0.000000
    207 0.000000 0.000000 0.000000 0.000000 0.000000 0.000000
  time 9
    0 0.000000 0.000000 0.000000 0.000000 0.000000 -1.570796
    1 0.000000 0.000000 0.000000 0.000000 0.000000 0.000000
    2 0.000000 0.000000 0.000000 0.000000 0.000000 0.000000
    3 0.000000 0.000000 0.000000 0.000000 0.000000 0.000000
    4 0.000000 0.000000 0.000000 0.000000 0.000000 0.000000
    5 0.000000 0.000000 0.000000 0.000000 0.000000 0.000000
    6 0.000000 0.000000 0.000000 0.000000 0.000000 0.000000
    7 0.000000 0.000000 0.000000 0.000000 0.000000 0.000000
    8 -0.062502 -0.050783 -0.007813 -0.014703 0.044255 -0.011243
    9 0.000000 0.000000 0.000000 -0.010065 0.022175 0.042204
    10 0.000000 0.000000 0.000000 0.000000 0.000000 0.000000
    11 0.000000 0.000000 0.000000 0.000000 0.000000 0.000000
    12 0.000000 0.000000 0.000000 0.000000 0.000000 0.000000
    13 0.000000 0.000000 0.000000 0.006995 0.000000 0.000000
    14 0.000000 0.000000 0.000000 0.000000 0.000000 -0.034675
    15 0.000000 0.000000 0.000000 0.000000 0.000000 0.000000
    16 0.000000 0.000000 0.000000 0.000000 0.000000 0.000000
    17 0.000000 0.000000 0.000000 0.000000 0.000000 0.000000
    18 0.000000 0.000000 0.000000 0.000000 0.000000 0.000000
    19 0.000000 0.000000 0.000000 -0.026105 0.000000 0.000000
    20 0.000000 0.000000 0.000000 0.000012 0.000000 0.017300
    21 0.000000 0.000000 0.000000 -0.036301 -0.009377 -0.013736
    22 0.000000 0.000000 0.000000 0.000000 0.000000 0.000000
    23 0.000000 0.000000 0.000000 0.000000 0.000000 0.000000
    24 0.000000 0.000000 0.000000 0.000000 0.000000 0.000000
    25 0.000000 0.000000 0.000000 0.000000 0.000000 0.000000
    26 0.000000 0.000000 0.000000 0.000000 0.000000 0.000000
    27 0.000000 0.000000 0.000000 0.000000 0.000000 0.000000
    28 0.000000 0.000000 0.000000 0.000000 0.000000 0.000000
    29 0.000000 0.000000 0.000000 0.000000 0.000000 0.000000
    30 0.000000 0.000000 0.000000 0.000000 0.000000 0.000000
    31 0.000000 0.000000 0.000000 0.000000 0.000000 0.000000
    32 0.000000 0.000000 0.000000 0.000000 0.000000 0.000000
    33 0.000000 0.000000 0.000000 0.000000 0.000000 0.000000
    34 0.000000 0.000000 0.000000 0.000000 0.000000 0.000000
    35 0.000000 0.000000 0.000000 0.000000 0.000000 0.000000
    36 0.000000 0.000000 0.000000 0.000000 0.000000 0.000000
    37 0.000000 0.000000 0.000000 0.000000 0.000000 0.000000
    38 0.000000 0.000000 0.000000 0.000000 0.000000 0.000000
    39 0.000000 0.000000 0.000000 0.000000 0.000000 0.000000
    40 0.000000 0.000000 0.000000 0.000000 0.000000 0.000000
    41 0.000000 0.000000 0.000000 0.000000 0.000000 0.000000
    42 0.000000 0.000000 0.000000 0.000000 0.000000 0.000000
    43 0.000000 0.000000 0.000000 0.000000 0.000000 0.000000
    44 0.000000 0.000000 0.000000 0.000000 0.000000 0.000000
    45 0.000000 0.000000 0.000000 0.000000 0.000000 0.000000
    46 0.000000 0.000000 0.000000 0.000000 0.000000 0.000000
    47 0.000000 0.000000 0.000000 0.000000 0.000000 0.000000
    48 0.000000 0.000000 0.000000 0.000000 0.000000 0.000000
    49 0.000000 0.000000 0.000000 0.000000 0.000000 0.000000
    50 0.000000 0.000000 0.000000 0.000000 0.000000 0.000000
    51 0.000000 0.000000 0.000000 0.000000 0.000000 0.000000
    52 0.000000 0.000000 0.000000 0.000000 0.000000 0.000000
    53 0.000000 0.000000 0.000000 0.000000 0.000000 0.000000
    54 0.000000 0.000000 0.000000 0.000000 0.000000 0.000000
    55 0.000000 0.000000 0.000000 0.000000 0.000000 0.000000
    56 0.000000 0.000000 0.000000 0.000000 0.000000 0.000000
    57 0.000000 0.000000 0.000000 0.000000 0.000000 0.000000
    58 0.000000 0.000000 0.000000 0.000000 0.000000 0.000000
    59 0.000000 0.000000 0.000000 0.000000 0.000000 0.000000
    60 0.000000 0.000000 0.000000 0.000000 0.000000 0.000000
    61 0.000000 0.000000 0.000000 0.000000 0.000000 0.000000
    62 0.000000 0.000000 0.000000 0.000000 0.000000 0.000000
    63 0.000000 0.000000 0.000000 0.000000 0.000000 0.000000
    64 0.000000 0.000000 0.000000 0.000000 0.000000 0.000000
    65 0.000000 0.000000 0.000000 0.000000 0.000000 0.000000
    66 0.000000 0.000000 0.000000 0.000000 0.000000 0.000000
    67 0.000000 0.000000 0.000000 0.000000 0.000000 0.000000
    68 0.000000 0.000000 0.000000 0.000000 0.000000 0.000000
    69 0.000000 0.000000 0.000000 0.000000 0.000000 0.000000
    70 0.000000 0.000000 0.000000 0.000000 0.000000 0.000000
    71 0.000000 0.000000 0.000000 0.000000 0.000000 0.000000
    72 0.000000 0.000000 0.000000 0.000000 0.000000 0.000000
    73 0.000000 0.000000 0.000000 0.000000 0.000000 0.000000
    74 0.000000 0.000000 0.000000 0.000000 0.000000 0.000000
    75 0.000000 0.000000 0.000000 0.000000 0.000000 0.000000
    76 0.000000 0.000000 0.000000 0.000000 0.000000 0.000000
    77 0.000000 0.000000 0.000000 0.000000 0.000000 0.000000
    78 0.000000 0.000000 0.000000 0.000000 0.000000 0.000000
    79 0.000000 0.000000 0.000000 0.000000 0.000000 0.000000
    80 0.000000 0.000000 0.000000 0.000000 0.000000 0.000000
    81 0.000000 0.000000 0.000000 0.000000 0.000000 0.000000
    82 0.000000 0.000000 0.000000 0.000000 0.000000 0.000000
    83 0.000000 0.000000 0.000000 0.000000 0.000000 0.000000
    84 0.000000 0.000000 0.000000 0.000000 0.000000 0.000000
    85 0.000000 0.000000 0.000000 0.000000 0.000000 0.000000
    86 0.000000 0.000000 0.000000 0.000000 0.000000 0.000000
    87 0.000000 0.000000 0.000000 0.000000 0.000000 0.000000
    88 0.000000 0.000000 0.000000 0.000000 0.000000 0.000000
    89 0.000000 0.000000 0.000000 0.000000 0.000000 0.000000
    90 0.000000 0.000000 0.000000 0.000000 0.000000 0.000000
    91 0.000000 0.000000 0.000000 0.000000 0.000000 0.000000
    92 0.000000 0.000000 0.000000 0.000000 0.000000 0.000000
    93 0.000000 0.000000 0.000000 0.000000 0.000000 0.000000
    94 0.000000 0.000000 0.000000 0.000000 0.000000 0.000000
    95 0.000000 0.000000 0.000000 0.000000 0.000000 0.000000
    96 0.000000 0.000000 0.000000 0.000000 0.000000 0.000000
    97 0.000000 0.000000 0.000000 0.000000 0.000000 0.000000
    98 0.000000 0.000000 0.000000 0.000000 0.000000 0.000000
    99 0.000000 0.000000 0.000000 0.000000 0.000000 0.000000
    100 0.000000 0.000000 0.000000 0.000000 0.000000 0.000000
    101 0.000000 0.000000 0.000000 0.000000 0.000000 0.000000
    102 0.000000 0.000000 0.000000 0.000000 0.000000 0.000000
    103 0.000000 0.000000 0.000000 0.000000 0.000000 0.000000
    104 0.000000 0.000000 0.000000 0.000000 0.000000 0.000000
    105 0.000000 0.000000 0.000000 0.000000 0.000000 0.000000
    106 0.000000 0.000000 0.000000 0.000000 0.000000 0.000000
    107 0.000000 0.000000 0.000000 0.000000 0.000000 0.000000
    108 0.000000 0.000000 0.000000 0.000000 0.000000 0.000000
    109 0.000000 0.000000 0.000000 0.000000 0.000000 0.000000
    110 0.000000 0.000000 0.000000 0.000000 0.000000 0.000000
    111 0.000000 0.000000 0.000000 0.000000 0.000000 -1.570796
    112 0.031251 0.082034 -0.644551 -0.044561 0.014094 0.009887
    113 0.000000 0.000000 0.000000 0.000000 0.000000 0.000000
    114 0.000000 0.000000 0.000000 0.000000 0.000000 0.000000
    115 -0.156255 0.167974 -0.304697 -0.034205 -0.031628 -1.581082
    116 0.000000 0.000000 0.000000 0.000000 0.000000 0.000000
    117 0.000000 0.000000 0.000000 0.000000 0.000000 0.000000
    118 0.000000 0.000000 0.000000 0.000000 0.000000 0.000000
    119 0.000000 0.000000 0.000000 0.000000 0.000000 0.000000
    120 0.000000 0.000000 0.000000 0.000000 0.000000 0.000000
    121 0.000000 0.000000 0.000000 0.000000 0.000000 0.000000
    122 0.000000 0.000000 0.000000 0.000000 0.000000 0.000000
    123 0.000000 0.000000 0.000000 0.000000 0.000000 0.000000
    124 0.000000 0.000000 0.000000 0.000000 0.000000 0.000000
    125 0.000000 0.000000 0.000000 0.000000 0.000000 0.000000
    126 0.000000 0.000000 0.000000 0.000000 0.000000 0.000000
    127 0.000000 0.000000 0.000000 0.000000 0.000000 0.000000
    128 0.000000 0.000000 0.000000 0.000000 0.000000 0.000000
    129 0.000000 0.000000 0.000000 0.000000 0.000000 0.000000
    130 0.000000 0.000000 0.000000 0.000000 0.000000 0.000000
    131 0.000000 0.000000 0.000000 0.000000 0.000000 0.000000
    132 0.000000 0.000000 0.000000 0.000000 0.000000 0.000000
    133 0.000000 0.000000 0.000000 0.000000 0.000000 0.000000
    134 0.000000 0.000000 0.000000 0.000000 0.000000 0.000000
    135 0.000000 0.000000 0.000000 0.000000 0.000000 0.000000
    136 0.000000 0.000000 0.000000 0.000000 0.000000 0.000000
    137 0.000000 0.000000 0.000000 -0.001270 0.000000 0.000000
    138 0.011719 0.113285 -0.769555 -0.044532 0.014093 0.009887
    139 0.000000 0.000000 0.000000 0.000000 0.000000 0.000000
    140 0.000000 0.000000 0.000000 0.000000 0.000000 0.000000
    141 0.000000 0.000000 0.000000 0.000000 0.000000 0.000000
    142 0.000000 0.000000 0.000000 0.000000 0.000000 0.000000
    143 0.000000 0.000000 0.000000 0.000000 0.000000 0.000000
    144 0.000000 0.000000 0.000000 0.000000 0.000000 0.000000
    145 0.000000 0.000000 0.000000 0.000000 0.000000 0.000000
    146 0.000000 0.000000 0.000000 0.000000 0.000000 0.000000
    147 0.000000 0.000000 0.000000 0.000000 0.000000 0.000000
    148 0.000000 0.000000 0.000000 0.000000 0.000000 0.000000
    149 0.000000 0.000000 0.000000 0.000000 0.000000 0.000000
    150 0.000000 0.000000 0.000000 0.000000 0.000000 0.000000
    151 0.000000 0.000000 0.000000 0.000000 0.000000 0.000000
    152 0.000000 0.000000 0.000000 0.000000 0.000000 0.000000
    153 0.000000 0.000000 0.000000 0.000000 0.000000 0.000000
    154 0.000000 0.000000 0.000000 0.000000 0.000000 0.000000
    155 0.000000 0.000000 0.000000 0.000000 0.000000 0.000000
    156 0.000000 0.000000 0.000000 0.000000 0.000000 0.000000
    157 0.000000 0.000000 0.000000 0.000000 0.000000 0.000000
    158 0.000000 0.000000 0.000000 0.000000 0.000000 0.000000
    159 0.000000 0.000000 0.000000 0.000000 0.000000 0.000000
    160 0.000000 0.000000 0.000000 0.000000 0.000000 0.000000
    161 0.000000 0.000000 0.000000 0.000000 0.000000 0.000000
    162 0.000000 0.000000 0.000000 0.000000 0.000000 0.000000
    163 0.000000 0.000000 0.000000 0.000000 0.000000 0.000000
    164 0.000000 0.000000 0.000000 0.000000 0.000000 0.000000
    165 0.000000 0.000000 0.000000 0.000000 0.000000 0.000000
    166 0.000000 0.000000 0.000000 0.000000 0.000000 0.000000
    167 0.000000 0.000000 0.000000 0.000000 0.000000 0.000000
    168 0.000000 0.000000 0.000000 0.000000 0.000000 0.000000
    169 0.000000 0.000000 0.000000 0.000000 0.000000 0.000000
    170 0.000000 0.000000 0.000000 0.000000 0.000000 0.000000
    171 0.000000 0.000000 0.000000 0.000000 0.000000 0.000000
    172 0.000000 0.000000 0.000000 0.000000 0.000000 0.000000
    173 0.000000 0.000000 0.000000 0.000000 0.001270 0.000000
    174 0.000000 0.000000 0.000000 -0.012345 -0.000024 0.000024
    175 0.000000 0.000000 0.000000 0.000000 0.000000 0.000000
    176 0.000000 0.000000 0.000000 0.000000 0.000000 0.000000
    177 0.000000 0.000000 0.000000 0.000000 0.000000 0.000000
    178 0.000000 0.000000 0.000000 0.000000 0.000000 0.000000
    179 0.000000 0.000000 0.000000 0.000000 0.000000 0.000000
    180 0.000000 0.000000 0.000000 0.000000 0.000000 0.000000
    181 0.000000 0.000000 0.000000 0.000000 0.000000 0.000000
    182 0.000000 0.000000 0.000000 0.000000 0.000000 0.000000
    183 0.000000 0.000000 0.000000 0.000000 0.000000 0.000000
    184 0.000000 0.000000 0.000000 0.000000 0.000000 0.000000
    185 0.000000 0.000000 0.000000 0.000000 0.000000 0.000000
    186 0.000000 0.000000 0.000000 0.000000 0.000000 0.000000
    187 0.000000 0.000000 0.000000 0.000000 0.000000 0.000000
    188 0.000000 0.000000 0.000000 0.000000 0.000000 0.000000
    189 0.000000 0.000000 0.000000 0.000000 0.000000 0.000000
    190 0.000000 0.000000 0.000000 0.000000 0.000000 0.000000
    191 0.000000 0.000000 0.000000 0.000000 0.000000 0.000000
    192 0.000000 0.000000 0.000000 0.000000 0.000000 0.000000
    193 0.000000 0.000000 0.000000 0.000000 0.000000 0.000000
    194 0.000000 0.000000 0.000000 0.000000 0.000000 0.000000
    195 0.000000 0.000000 0.000000 0.000000 0.000000 0.000000
    196 0.000000 0.000000 0.000000 0.000000 0.000000 0.000000
    197 0.000000 0.000000 0.000000 0.000000 0.000000 0.000000
    198 0.000000 0.000000 0.000000 0.000000 0.000000 0.000000
    199 0.000000 0.000000 0.000000 0.000000 0.000000 0.000000
    200 0.000000 0.000000 0.000000 0.000000 0.000000 0.000000
    201 0.000000 0.000000 0.000000 0.000000 0.000000 0.000000
    202 0.000000 0.000000 0.000000 0.000000 0.000000 0.000000
    203 0.000000 0.000000 0.000000 0.000000 0.000000 0.000000
    204 0.000000 0.000000 0.000000 0.000000 0.000000 0.000000
    205 0.000000 0.000000 0.000000 0.000000 0.000000 0.000000
    206 0.000000 0.000000 0.000000 0.000000 0.000000 0.000000
    207 0.000000 0.000000 0.000000 0.000000 0.000000 0.000000
  time 10
    0 0.000000 0.000000 0.000000 0.000000 0.000000 -1.570796
    1 0.000000 0.000000 0.000000 0.000000 0.000000 0.000000
    2 0.000000 0.000000 0.000000 0.000000 0.000000 0.000000
    3 0.000000 0.000000 0.000000 0.000000 0.000000 0.000000
    4 0.000000 0.000000 0.000000 0.000000 0.000000 0.000000
    5 0.000000 0.000000 0.000000 0.000000 0.000000 0.000000
    6 0.000000 0.000000 0.000000 0.000000 0.000000 0.000000
    7 0.000000 0.000000 0.000000 0.000000 0.000000 0.000000
    8 0.058596 0.050783 -0.187506 -0.025615 0.034637 -0.008858
    9 0.000000 0.000000 0.000000 -0.009305 0.021103 0.057714
    10 0.000000 0.000000 0.000000 0.000000 0.000000 0.000000
    11 0.000000 0.000000 0.000000 0.000000 0.000000 0.000000
    12 0.000000 0.000000 0.000000 0.000000 0.000000 0.000000
    13 0.000000 0.000000 0.000000 0.006493 0.000000 0.000000
    14 0.000000 0.000000 0.000000 0.000000 0.000000 -0.066591
    15 0.000000 0.000000 0.000000 0.000000 0.000000 0.000000
    16 0.000000 0.000000 0.000000 0.000000 0.000000 0.000000
    17 0.000000 0.000000 0.000000 0.000000 0.000000 0.000000
    18 0.000000 0.000000 0.000000 0.000000 0.000000 0.000000
    19 0.000000 0.000000 0.000000 -0.031004 0.000000 0.000000
    20 0.000000 0.000000 0.000000 0.000000 0.000000 0.033298
    21 0.000000 0.000000 0.000000 -0.029766 -0.020323 0.008041
    22 0.000000 0.000000 0.000000 0.000000 0.000000 0.000000
    23 0.000000 0.000000 0.000000 0.000000 0.000000 0.000000
    24 0.000000 0.000000 0.000000 0.000000 0.000000 0.000000
    25 0.000000 0.000000 0.000000 0.000000 0.000000 0.000000
    26 0.000000 0.000000 0.000000 0.000000 0.000000 0.000000
    27 0.000000 0.000000 0.000000 0.000000 0.000000 0.000000
    28 0.000000 0.000000 0.000000 0.000000 0.000000 0.000000
    29 0.000000 0.000000 0.000000 0.000000 0.000000 0.000000
    30 0.000000 0.000000 0.000000 0.000000 0.000000 0.000000
    31 0.000000 0.000000 0.000000 0.000000 0.000000 0.000000
    32 0.000000 0.000000 0.000000 0.000000 0.000000 0.000000
    33 0.000000 0.000000 0.000000 0.000000 0.000000 0.000000
    34 0.000000 0.000000 0.000000 0.000000 0.000000 0.000000
    35 0.000000 0.000000 0.000000 0.000000 0.000000 0.000000
    36 0.000000 0.000000 0.000000 0.000000 0.000000 0.000000
    37 0.000000 0.000000 0.000000 0.000000 0.000000 0.000000
    38 0.000000 0.000000 0.000000 0.000000 0.000000 0.000000
    39 0.000000 0.000000 0.000000 0.000000 0.000000 0.000000
    40 0.000000 0.000000 0.000000 0.000000 0.000000 0.000000
    41 0.000000 0.000000 0.000000 0.000000 0.000000 0.000000
    42 0.000000 0.000000 0.000000 0.000000 0.000000 0.000000
    43 0.000000 0.000000 0.000000 0.000000 0.000000 0.000000
    44 0.000000 0.000000 0.000000 0.000000 0.000000 0.000000
    45 0.000000 0.000000 0.000000 0.000000 0.000000 0.000000
    46 0.000000 0.000000 0.000000 0.000000 0.000000 0.000000
    47 0.000000 0.000000 0.000000 0.000000 0.000000 0.000000
    48 0.000000 0.000000 0.000000 0.000000 0.000000 0.000000
    49 0.000000 0.000000 0.000000 0.000000 0.000000 0.000000
    50 0.000000 0.000000 0.000000 0.000000 0.000000 0.000000
    51 0.000000 0.000000 0.000000 0.000000 0.000000 0.000000
    52 0.000000 0.000000 0.000000 0.000000 0.000000 0.000000
    53 0.000000 0.000000 0.000000 0.000000 0.000000 0.000000
    54 0.000000 0.000000 0.000000 0.000000 0.000000 0.000000
    55 0.000000 0.000000 0.000000 0.000000 0.000000 0.000000
    56 0.000000 0.000000 0.000000 0.000000 0.000000 0.000000
    57 0.000000 0.000000 0.000000 0.000000 0.000000 0.000000
    58 0.000000 0.000000 0.000000 0.000000 0.000000 0.000000
    59 0.000000 0.000000 0.000000 0.000000 0.000000 0.000000
    60 0.000000 0.000000 0.000000 0.000000 0.000000 0.000000
    61 0.000000 0.000000 0.000000 0.000000 0.000000 0.000000
    62 0.000000 0.000000 0.000000 0.000000 0.000000 0.000000
    63 0.000000 0.000000 0.000000 0.000000 0.000000 0.000000
    64 0.000000 0.000000 0.000000 0.000000 0.000000 0.000000
    65 0.000000 0.000000 0.000000 0.000000 0.000000 0.000000
    66 0.000000 0.000000 0.000000 0.000000 0.000000 0.000000
    67 0.000000 0.000000 0.000000 0.000000 0.000000 0.000000
    68 0.000000 0.000000 0.000000 0.000000 0.000000 0.000000
    69 0.000000 0.000000 0.000000 0.000000 0.000000 0.000000
    70 0.000000 0.000000 0.000000 0.000000 0.000000 0.000000
    71 0.000000 0.000000 0.000000 0.000000 0.000000 0.000000
    72 0.000000 0.000000 0.000000 0.000000 0.000000 0.000000
    73 0.000000 0.000000 0.000000 0.000000 0.000000 0.000000
    74 0.000000 0.000000 0.000000 0.000000 0.000000 0.000000
    75 0.000000 0.000000 0.000000 0.000000 0.000000 0.000000
    76 0.000000 0.000000 0.000000 0.000000 0.000000 0.000000
    77 0.000000 0.000000 0.000000 0.000000 0.000000 0.000000
    78 0.000000 0.000000 0.000000 0.000000 0.000000 0.000000
    79 0.000000 0.000000 0.000000 0.000000 0.000000 0.000000
    80 0.000000 0.000000 0.000000 0.000000 0.000000 0.000000
    81 0.000000 0.000000 0.000000 0.000000 0.000000 0.000000
    82 0.000000 0.000000 0.000000 0.000000 0.000000 0.000000
    83 0.000000 0.000000 0.000000 0.000000 0.000000 0.000000
    84 0.000000 0.000000 0.000000 0.000000 0.000000 0.000000
    85 0.000000 0.000000 0.000000 0.000000 0.000000 0.000000
    86 0.000000 0.000000 0.000000 0.000000 0.000000 0.000000
    87 0.000000 0.000000 0.000000 0.000000 0.000000 0.000000
    88 0.000000 0.000000 0.000000 0.000000 0.000000 0.000000
    89 0.000000 0.000000 0.000000 0.000000 0.000000 0.000000
    90 0.000000 0.000000 0.000000 0.000000 0.000000 0.000000
    91 0.000000 0.000000 0.000000 0.000000 0.000000 0.000000
    92 0.000000 0.000000 0.000000 0.000000 0.000000 0.000000
    93 0.000000 0.000000 0.000000 0.000000 0.000000 0.000000
    94 0.000000 0.000000 0.000000 0.000000 0.000000 0.000000
    95 0.000000 0.000000 0.000000 0.000000 0.000000 0.000000
    96 0.000000 0.000000 0.000000 0.000000 0.000000 0.000000
    97 0.000000 0.000000 0.000000 0.000000 0.000000 0.000000
    98 0.000000 0.000000 0.000000 0.000000 0.000000 0.000000
    99 0.000000 0.000000 0.000000 0.000000 0.000000 0.000000
    100 0.000000 0.000000 0.000000 0.000000 0.000000 0.000000
    101 0.000000 0.000000 0.000000 0.000000 0.000000 0.000000
    102 0.000000 0.000000 0.000000 0.000000 0.000000 0.000000
    103 0.000000 0.000000 0.000000 0.000000 0.000000 0.000000
    104 0.000000 0.000000 0.000000 0.000000 0.000000 0.000000
    105 0.000000 0.000000 0.000000 0.000000 0.000000 0.000000
    106 0.000000 0.000000 0.000000 0.000000 0.000000 0.000000
    107 0.000000 0.000000 0.000000 0.000000 0.000000 0.000000
    108 0.000000 0.000000 0.000000 0.000000 0.000000 0.000000
    109 0.000000 0.000000 0.000000 0.000000 0.000000 0.000000
    110 0.000000 0.000000 0.000000 0.000000 0.000000 0.000000
    111 0.000000 0.000000 0.000000 0.000000 0.000000 -1.570796
    112 -0.039064 0.062502 -0.687521 -0.035074 0.025144 0.006809
    113 0.000000 0.000000 0.000000 0.000000 0.000000 0.000000
    114 0.000000 0.000000 0.000000 0.000000 0.000000 0.000000
    115 -0.027345 0.007813 -0.292978 -0.038811 -0.020433 -1.572496
    116 0.000000 0.000000 0.000000 0.000000 0.000000 0.000000
    117 0.000000 0.000000 0.000000 0.000000 0.000000 0.000000
    118 0.000000 0.000000 0.000000 0.000000 0.000000 0.000000
    119 0.000000 0.000000 0.000000 0.000000 0.000000 0.000000
    120 0.000000 0.000000 0.000000 0.000000 0.000000 0.000000
    121 0.000000 0.000000 0.000000 0.000000 0.000000 0.000000
    122 0.000000 0.000000 0.000000 0.000000 0.000000 0.000000
    123 0.000000 0.000000 0.000000 0.000000 0.000000 0.000000
    124 0.000000 0.000000 0.000000 0.000000 0.000000 0.000000
    125 0.000000 0.000000 0.000000 0.000000 0.000000 0.000000
    126 0.000000 0.000000 0.000000 0.000000 0.000000 0.000000
    127 0.000000 0.000000 0.000000 0.000000 0.000000 0.000000
    128 0.000000 0.000000 0.000000 0.000000 0.000000 0.000000
    129 0.000000 0.000000 0.000000 0.000000 0.000000 0.000000
    130 0.000000 0.000000 0.000000 0.000000 0.000000 0.000000
    131 0.000000 0.000000 0.000000 0.000000 0.000000 0.000000
    132 0.000000 0.000000 0.000000 0.000000 0.000000 0.000000
    133 0.000000 0.000000 0.000000 0.000000 0.000000 0.000000
    134 0.000000 0.000000 0.000000 0.000000 0.000000 0.000000
    135 0.000000 0.000000 0.000000 0.000000 0.000000 0.000000
    136 0.000000 0.000000 0.000000 0.000000 0.000000 0.000000
    137 0.000000 0.000000 0.000000 -0.001414 0.000000 0.000000
    138 -0.074221 0.074221 -0.917997 -0.035112 0.025095 0.006809
    139 0.000000 0.000000 0.000000 0.000000 0.000000 0.000000
    140 0.000000 0.000000 0.000000 0.000000 0.000000 0.000000
    141 0.000000 0.000000 0.000000 0.000000 0.000000 0.000000
    142 0.000000 0.000000 0.000000 0.000000 0.000000 0.000000
    143 0.000000 0.000000 0.000000 0.000000 0.000000 0.000000
    144 0.000000 0.000000 0.000000 0.000000 0.000000 0.000000
    145 0.000000 0.000000 0.000000 0.000000 0.000000 0.000000
    146 0.000000 0.000000 0.000000 0.000000 0.000000 0.000000
    147 0.000000 0.000000 0.000000 0.000000 0.000000 0.000000
    148 0.000000 0.000000 0.000000 0.000000 0.000000 0.000000
    149 0.000000 0.000000 0.000000 0.000000 0.000000 0.000000
    150 0.000000 0.000000 0.000000 0.000000 0.000000 0.000000
    151 0.000000 0.000000 0.000000 0.000000 0.000000 0.000000
    152 0.000000 0.000000 0.000000 0.000000 0.000000 0.000000
    153 0.000000 0.000000 0.000000 0.000000 0.000000 0.000000
    154 0.000000 0.000000 0.000000 0.000000 0.000000 0.000000
    155 0.000000 0.000000 0.000000 0.000000 0.000000 0.000000
    156 0.000000 0.000000 0.000000 0.000000 0.000000 0.000000
    157 0.000000 0.000000 0.000000 0.000000 0.000000 0.000000
    158 0.000000 0.000000 0.000000 0.000000 0.000000 0.000000
    159 0.000000 0.000000 0.000000 0.000000 0.000000 0.000000
    160 0.000000 0.000000 0.000000 0.000000 0.000000 0.000000
    161 0.000000 0.000000 0.000000 0.000000 0.000000 0.000000
    162 0.000000 0.000000 0.000000 0.000000 0.000000 0.000000
    163 0.000000 0.000000 0.000000 0.000000 0.000000 0.000000
    164 0.000000 0.000000 0.000000 0.000000 0.000000 0.000000
    165 0.000000 0.000000 0.000000 0.000000 0.000000 0.000000
    166 0.000000 0.000000 0.000000 0.000000 0.000000 0.000000
    167 0.000000 0.000000 0.000000 0.000000 0.000000 0.000000
    168 0.000000 0.000000 0.000000 0.000000 0.000000 0.000000
    169 0.000000 0.000000 0.000000 0.000000 0.000000 0.000000
    170 0.000000 0.000000 0.000000 0.000000 0.000000 0.000000
    171 0.000000 0.000000 0.000000 0.000000 0.000000 0.000000
    172 0.000000 0.000000 0.000000 0.000000 0.000000 0.000000
    173 0.000000 0.000000 0.000000 0.000000 0.001414 0.000000
    174 0.000000 0.000000 0.000000 -0.014476 -0.000036 0.000036
    175 0.000000 0.000000 0.000000 0.000000 0.000000 0.000000
    176 0.000000 0.000000 0.000000 0.000000 0.000000 0.000000
    177 0.000000 0.000000 0.000000 0.000000 0.000000 0.000000
    178 0.000000 0.000000 0.000000 0.000000 0.000000 0.000000
    179 0.000000 0.000000 0.000000 0.000000 0.000000 0.000000
    180 0.000000 0.000000 0.000000 0.000000 0.000000 0.000000
    181 0.000000 0.000000 0.000000 0.000000 0.000000 0.000000
    182 0.000000 0.000000 0.000000 0.000000 0.000000 0.000000
    183 0.000000 0.000000 0.000000 0.000000 0.000000 0.000000
    184 0.000000 0.000000 0.000000 0.000000 0.000000 0.000000
    185 0.000000 0.000000 0.000000 0.000000 0.000000 0.000000
    186 0.000000 0.000000 0.000000 0.000000 0.000000 0.000000
    187 0.000000 0.000000 0.000000 0.000000 0.000000 0.000000
    188 0.000000 0.000000 0.000000 0.000000 0.000000 0.000000
    189 0.000000 0.000000 0.000000 0.000000 0.000000 0.000000
    190 0.000000 0.000000 0.000000 0.000000 0.000000 0.000000
    191 0.000000 0.000000 0.000000 0.000000 0.000000 0.000000
    192 0.000000 0.000000 0.000000 0.000000 0.000000 0.000000
    193 0.000000 0.000000 0.000000 0.000000 0.000000 0.000000
    194 0.000000 0.000000 0.000000 0.000000 0.000000 0.000000
    195 0.000000 0.000000 0.000000 0.000000 0.000000 0.000000
    196 0.000000 0.000000 0.000000 0.000000 0.000000 0.000000
    197 0.000000 0.000000 0.000000 0.000000 0.000000 0.000000
    198 0.000000 0.000000 0.000000 0.000000 0.000000 0.000000
    199 0.000000 0.000000 0.000000 0.000000 0.000000 0.000000
    200 0.000000 0.000000 0.000000 0.000000 0.000000 0.000000
    201 0.000000 0.000000 0.000000 0.000000 0.000000 0.000000
    202 0.000000 0.000000 0.000000 0.000000 0.000000 0.000000
    203 0.000000 0.000000 0.000000 0.000000 0.000000 0.000000
    204 0.000000 0.000000 0.000000 0.000000 0.000000 0.000000
    205 0.000000 0.000000 0.000000 0.000000 0.000000 0.000000
    206 0.000000 0.000000 0.000000 0.000000 0.000000 0.000000
    207 0.000000 0.000000 0.000000 0.000000 0.000000 0.000000
  time 11
    0 0.000000 0.000000 0.000000 0.000000 0.000000 -1.570796
    1 0.000000 0.000000 0.000000 0.000000 0.000000 0.000000
    2 0.000000 0.000000 0.000000 0.000000 0.000000 0.000000
    3 0.000000 0.000000 0.000000 0.000000 0.000000 0.000000
    4 0.000000 0.000000 0.000000 0.000000 0.000000 0.000000
    5 0.000000 0.000000 0.000000 0.000000 0.000000 0.000000
    6 0.000000 0.000000 0.000000 0.000000 0.000000 0.000000
    7 0.000000 0.000000 0.000000 0.000000 0.000000 0.000000
    8 0.210944 0.117191 -0.324229 -0.035034 0.022517 -0.008291
    9 0.000000 0.000000 0.000000 -0.008451 0.019020 0.067673
    10 0.000000 0.000000 0.000000 0.000000 0.000000 0.000000
    11 0.000000 0.000000 0.000000 0.000000 0.000000 0.000000
    12 0.000000 0.000000 0.000000 0.000000 0.000000 0.000000
    13 0.000000 0.000000 0.000000 0.005962 0.000000 0.000000
    14 0.000000 0.000000 0.000000 0.000000 0.000000 -0.087545
    15 0.000000 0.000000 0.000000 0.000000 0.000000 0.000000
    16 0.000000 0.000000 0.000000 0.000000 0.000000 0.000000
    17 0.000000 0.000000 0.000000 0.000000 0.000000 0.000000
    18 0.000000 0.000000 0.000000 0.000000 0.000000 0.000000
    19 0.000000 0.000000 0.000000 -0.035956 0.000000 0.000000
    20 0.000000 0.000000 0.000000 0.000000 0.000000 0.043734
    21 0.000000 0.000000 0.000000 -0.021748 -0.028131 0.028394
    22 0.000000 0.000000 0.000000 0.000000 0.000000 0.000000
    23 0.000000 0.000000 0.000000 0.000000 0.000000 0.000000
    24 0.000000 0.000000 0.000000 0.000000 0.000000 0.000000
    25 0.000000 0.000000 0.000000 0.000000 0.000000 0.000000
    26 0.000000 0.000000 0.000000 0.000000 0.000000 0.000000
    27 0.000000 0.000000 0.000000 0.000000 0.000000 0.000000
    28 0.000000 0.000000 0.000000 0.000000 0.000000 0.000000
    29 0.000000 0.000000 0.000000 0.000000 0.000000 0.000000
    30 0.000000 0.000000 0.000000 0.000000 0.000000 0.000000
    31 0.000000 0.000000 0.000000 0.000000 0.000000 0.000000
    32 0.000000 0.000000 0.000000 0.000000 0.000000 0.000000
    33 0.000000 0.000000 0.000000 0.000000 0.000000 0.000000
    34 0.000000 0.000000 0.000000 0.000000 0.000000 0.000000
    35 0.000000 0.000000 0.000000 0.000000 0.000000 0.000000
    36 0.000000 0.000000 0.000000 0.000000 0.000000 0.000000
    37 0.000000 0.000000 0.000000 0.000000 0.000000 0.000000
    38 0.000000 0.000000 0.000000 0.000000 0.000000 0.000000
    39 0.000000 0.000000 0.000000 0.000000 0.000000 0.000000
    40 0.000000 0.000000 0.000000 0.000000 0.000000 0.000000
    41 0.000000 0.000000 0.000000 0.000000 0.000000 0.000000
    42 0.000000 0.000000 0.000000 0.000000 0.000000 0.000000
    43 0.000000 0.000000 0.000000 0.000000 0.000000 0.000000
    44 0.000000 0.000000 0.000000 0.000000 0.000000 0.000000
    45 0.000000 0.000000 0.000000 0.000000 0.000000 0.000000
    46 0.000000 0.000000 0.000000 0.000000 0.000000 0.000000
    47 0.000000 0.000000 0.000000 0.000000 0.000000 0.000000
    48 0.000000 0.000000 0.000000 0.000000 0.000000 0.000000
    49 0.000000 0.000000 0.000000 0.000000 0.000000 0.000000
    50 0.000000 0.000000 0.000000 0.000000 0.000000 0.000000
    51 0.000000 0.000000 0.000000 0.000000 0.000000 0.000000
    52 0.000000 0.000000 0.000000 0.000000 0.000000 0.000000
    53 0.000000 0.000000 0.000000 0.000000 0.000000 0.000000
    54 0.000000 0.000000 0.000000 0.000000 0.000000 0.000000
    55 0.000000 0.000000 0.000000 0.000000 0.000000 0.000000
    56 0.000000 0.000000 0.000000 0.000000 0.000000 0.000000
    57 0.000000 0.000000 0.000000 0.000000 0.000000 0.000000
    58 0.000000 0.000000 0.000000 0.000000 0.000000 0.000000
    59 0.000000 0.000000 0.000000 0.000000 0.000000 0.000000
    60 0.000000 0.000000 0.000000 0.000000 0.000000 0.000000
    61 0.000000 0.000000 0.000000 0.000000 0.000000 0.000000
    62 0.000000 0.000000 0.000000 0.000000 0.000000 0.000000
    63 0.000000 0.000000 0.000000 0.000000 0.000000 0.000000
    64 0.000000 0.000000 0.000000 0.000000 0.000000 0.000000
    65 0.000000 0.000000 0.000000 0.000000 0.000000 0.000000
    66 0.000000 0.000000 0.000000 0.000000 0.000000 0.000000
    67 0.000000 0.000000 0.000000 0.000000 0.000000 0.000000
    68 0.000000 0.000000 0.000000 0.000000 0.000000 0.000000
    69 0.000000 0.000000 0.000000 0.000000 0.000000 0.000000
    70 0.000000 0.000000 0.000000 0.000000 0.000000 0.000000
    71 0.000000 0.000000 0.000000 0.000000 0.000000 0.000000
    72 0.000000 0.000000 0.000000 0.000000 0.000000 0.000000
    73 0.000000 0.000000 0.000000 0.000000 0.000000 0.000000
    74 0.000000 0.000000 0.000000 0.000000 0.000000 0.000000
    75 0.000000 0.000000 0.000000 0.000000 0.000000 0.000000
    76 0.000000 0.000000 0.000000 0.000000 0.000000 0.000000
    77 0.000000 0.000000 0.000000 0.000000 0.000000 0.000000
    78 0.000000 0.000000 0.000000 0.000000 0.000000 0.000000
    79 0.000000 0.000000 0.000000 0.000000 0.000000 0.000000
    80 0.000000 0.000000 0.000000 0.000000 0.000000 0.000000
    81 0.000000 0.000000 0.000000 0.000000 0.000000 0.000000
    82 0.000000 0.000000 0.000000 0.000000 0.000000 0.000000
    83 0.000000 0.000000 0.000000 0.000000 0.000000 0.000000
    84 0.000000 0.000000 0.000000 0.000000 0.000000 0.000000
    85 0.000000 0.000000 0.000000 0.000000 0.000000 0.000000
    86 0.000000 0.000000 0.000000 0.000000 0.000000 0.000000
    87 0.000000 0.000000 0.000000 0.000000 0.000000 0.000000
    88 0.000000 0.000000 0.000000 0.000000 0.000000 0.000000
    89 0.000000 0.000000 0.000000 0.000000 0.000000 0.000000
    90 0.000000 0.000000 0.000000 0.000000 0.000000 0.000000
    91 0.000000 0.000000 0.000000 0.000000 0.000000 0.000000
    92 0.000000 0.000000 0.000000 0.000000 0.000000 0.000000
    93 0.000000 0.000000 0.000000 0.000000 0.000000 0.000000
    94 0.000000 0.000000 0.000000 0.000000 0.000000 0.000000
    95 0.000000 0.000000 0.000000 0.000000 0.000000 0.000000
    96 0.000000 0.000000 0.000000 0.000000 0.000000 0.000000
    97 0.000000 0.000000 0.000000 0.000000 0.000000 0.000000
    98 0.000000 0.000000 0.000000 0.000000 0.000000 0.000000
    99 0.000000 0.000000 0.000000 0.000000 0.000000 0.000000
    100 0.000000 0.000000 0.000000 0.000000 0.000000 0.000000
    101 0.000000 0.000000 0.000000 0.000000 0.000000 0.000000
    102 0.000000 0.000000 0.000000 0.000000 0.000000 0.000000
    103 0.000000 0.000000 0.000000 0.000000 0.000000 0.000000
    104 0.000000 0.000000 0.000000 0.000000 0.000000 0.000000
    105 0.000000 0.000000 0.000000 0.000000 0.000000 0.000000
    106 0.000000 0.000000 0.000000 0.000000 0.000000 0.000000
    107 0.000000 0.000000 0.000000 0.000000 0.000000 0.000000
    108 0.000000 0.000000 0.000000 0.000000 0.000000 0.000000
    109 0.000000 0.000000 0.000000 0.000000 0.000000 0.000000
    110 0.000000 0.000000 0.000000 0.000000 0.000000 0.000000
    111 0.000000 0.000000 0.000000 0.000000 0.000000 -1.570796
    112 -0.085940 0.019532 -0.707053 -0.023191 0.034789 0.006156
    113 0.000000 0.000000 0.000000 0.000000 0.000000 0.000000
    114 0.000000 0.000000 0.000000 0.000000 0.000000 0.000000
    115 0.042970 -0.144536 -0.242195 -0.040397 -0.009466 -1.561942
    116 0.000000 0.000000 0.000000 0.000000 0.000000 0.000000
    117 0.000000 0.000000 0.000000 0.000000 0.000000 0.000000
    118 0.000000 0.000000 0.000000 0.000000 0.000000 0.000000
    119 0.000000 0.000000 0.000000 0.000000 0.000000 0.000000
    120 0.000000 0.000000 0.000000 0.000000 0.000000 0.000000
    121 0.000000 0.000000 0.000000 0.000000 0.000000 0.000000
    122 0.000000 0.000000 0.000000 0.000000 0.000000 0.000000
    123 0.000000 0.000000 0.000000 0.000000 0.000000 0.000000
    124 0.000000 0.000000 0.000000 0.000000 0.000000 0.000000
    125 0.000000 0.000000 0.000000 0.000000 0.000000 0.000000
    126 0.000000 0.000000 0.000000 0.000000 0.000000 0.000000
    127 0.000000 0.000000 0.000000 0.000000 0.000000 0.000000
    128 0.000000 0.000000 0.000000 0.000000 0.000000 0.000000
    129 0.000000 0.000000 0.000000 0.000000 0.000000 0.000000
    130 0.000000 0.000000 0.000000 0.000000 0.000000 0.000000
    131 0.000000 0.000000 0.000000 0.000000 0.000000 0.000000
    132 0.000000 0.000000 0.000000 0.000000 0.000000 0.000000
    133 0.000000 0.000000 0.000000 0.000000 0.000000 0.000000
    134 0.000000 0.000000 0.000000 0.000000 0.000000 0.000000
    135 0.000000 0.000000 0.000000 0.000000 0.000000 0.000000
    136 0.000000 0.000000 0.000000 0.000000 0.000000 0.000000
    137 0.000000 0.000000 0.000000 -0.001570 0.000000 0.000000
    138 -0.136723 0.050783 -1.023469 -0.023208 0.034834 0.006156
    139 0.000000 0.000000 0.000000 0.000000 0.000000 0.000000
    140 0.000000 0.000000 0.000000 0.000000 0.000000 0.000000
    141 0.000000 0.000000 0.000000 0.000000 0.000000 0.000000
    142 0.000000 0.000000 0.000000 0.000000 0.000000 0.000000
    143 0.000000 0.000000 0.000000 0.000000 0.000000 0.000000
    144 0.000000 0.000000 0.000000 0.000000 0.000000 0.000000
    145 0.000000 0.000000 0.000000 0.000000 0.000000 0.000000
    146 0.000000 0.000000 0.000000 0.000000 0.000000 0.000000
    147 0.000000 0.000000 0.000000 0.000000 0.000000 0.000000
    148 0.000000 0.000000 0.000000 0.000000 0.000000 0.000000
    149 0.000000 0.000000 0.000000 0.000000 0.000000 0.000000
    150 0.000000 0.000000 0.000000 0.000000 0.000000 0.000000
    151 0.000000 0.000000 0.000000 0.000000 0.000000 0.000000
    152 0.000000 0.000000 0.000000 0.000000 0.000000 0.000000
    153 0.000000 0.000000 0.000000 0.000000 0.000000 0.000000
    154 0.000000 0.000000 0.000000 0.000000 0.000000 0.000000
    155 0.000000 0.000000 0.000000 0.000000 0.000000 0.000000
    156 0.000000 0.000000 0.000000 0.000000 0.000000 0.000000
    157 0.000000 0.000000 0.000000 0.000000 0.000000 0.000000
    158 0.000000 0.000000 0.000000 0.000000 0.000000 0.000000
    159 0.000000 0.000000 0.000000 0.000000 0.000000 0.000000
    160 0.000000 0.000000 0.000000 0.000000 0.000000 0.000000
    161 0.000000 0.000000 0.000000 0.000000 0.000000 0.000000
    162 0.000000 0.000000 0.000000 0.000000 0.000000 0.000000
    163 0.000000 0.000000 0.000000 0.000000 0.000000 0.000000
    164 0.000000 0.000000 0.000000 0.000000 0.000000 0.000000
    165 0.000000 0.000000 0.000000 0.000000 0.000000 0.000000
    166 0.000000 0.000000 0.000000 0.000000 0.000000 0.000000
    167 0.000000 0.000000 0.000000 0.000000 0.000000 0.000000
    168 0.000000 0.000000 0.000000 0.000000 0.000000 0.000000
    169 0.000000 0.000000 0.000000 0.000000 0.000000 0.000000
    170 0.000000 0.000000 0.000000 0.000000 0.000000 0.000000
    171 0.000000 0.000000 0.000000 0.000000 0.000000 0.000000
    172 0.000000 0.000000 0.000000 0.000000 0.000000 0.000000
    173 0.000000 0.000000 0.000000 0.000000 0.001570 0.000000
    174 0.000000 0.000000 0.000000 -0.016680 -0.000048 0.000048
    175 0.000000 0.000000 0.000000 0.000000 0.000000 0.000000
    176 0.000000 0.000000 0.000000 0.000000 0.000000 0.000000
    177 0.000000 0.000000 0.000000 0.000000 0.000000 0.000000
    178 0.000000 0.000000 0.000000 0.000000 0.000000 0.000000
    179 0.000000 0.000000 0.000000 0.000000 0.000000 0.000000
    180 0.000000 0.000000 0.000000 0.000000 0.000000 0.000000
    181 0.000000 0.000000 0.000000 0.000000 0.000000 0.000000
    182 0.000000 0.000000 0.000000 0.000000 0.000000 0.000000
    183 0.000000 0.000000 0.000000 0.000000 0.000000 0.000000
    184 0.000000 0.000000 0.000000 0.000000 0.000000 0.000000
    185 0.000000 0.000000 0.000000 0.000000 0.000000 0.000000
    186 0.000000 0.000000 0.000000 0.000000 0.000000 0.000000
    187 0.000000 0.000000 0.000000 0.000000 0.000000 0.000000
    188 0.000000 0.000000 0.000000 0.000000 0.000000 0.000000
    189 0.000000 0.000000 0.000000 0.000000 0.000000 0.000000
    190 0.000000 0.000000 0.000000 0.000000 0.000000 0.000000
    191 0.000000 0.000000 0.000000 0.000000 0.000000 0.000000
    192 0.000000 0.000000 0.000000 0.000000 0.000000 0.000000
    193 0.000000 0.000000 0.000000 0.000000 0.000000 0.000000
    194 0.000000 0.000000 0.000000 0.000000 0.000000 0.000000
    195 0.000000 0.000000 0.000000 0.000000 0.000000 0.000000
    196 0.000000 0.000000 0.000000 0.000000 0.000000 0.000000
    197 0.000000 0.000000 0.000000 0.000000 0.000000 0.000000
    198 0.000000 0.000000 0.000000 0.000000 0.000000 0.000000
    199 0.000000 0.000000 0.000000 0.000000 0.000000 0.000000
    200 0.000000 0.000000 0.000000 0.000000 0.000000 0.000000
    201 0.000000 0.000000 0.000000 0.000000 0.000000 0.000000
    202 0.000000 0.000000 0.000000 0.000000 0.000000 0.000000
    203 0.000000 0.000000 0.000000 0.000000 0.000000 0.000000
    204 0.000000 0.000000 0.000000 0.000000 0.000000 0.000000
    205 0.000000 0.000000 0.000000 0.000000 0.000000 0.000000
    206 0.000000 0.000000 0.000000 0.000000 0.000000 0.000000
    207 0.000000 0.000000 0.000000 0.000000 0.000000 0.000000
  time 12
    0 0.000000 0.000000 0.000000 0.000000 0.000000 -1.570796
    1 0.000000 0.000000 0.000000 0.000000 0.000000 0.000000
    2 0.000000 0.000000 0.000000 0.000000 0.000000 0.000000
    3 0.000000 0.000000 0.000000 0.000000 0.000000 0.000000
    4 0.000000 0.000000 0.000000 0.000000 0.000000 0.000000
    5 0.000000 0.000000 0.000000 0.000000 0.000000 0.000000
    6 0.000000 0.000000 0.000000 0.000000 0.000000 0.000000
    7 0.000000 0.000000 0.000000 0.000000 0.000000 0.000000
    8 0.359386 0.144536 -0.386731 -0.044510 0.010397 -0.007723
    9 0.000000 0.000000 0.000000 -0.007406 0.016386 0.072326
    10 0.000000 0.000000 0.000000 0.000000 0.000000 0.000000
    11 0.000000 0.000000 0.000000 0.000000 0.000000 0.000000
    12 0.000000 0.000000 0.000000 0.000000 0.000000 0.000000
    13 0.000000 0.000000 0.000000 0.005490 0.000000 0.000000
    14 0.000000 0.000000 0.000000 0.000060 0.000000 -0.098656
    15 0.000000 0.000000 0.000000 0.000000 0.000000 0.000000
    16 0.000000 0.000000 0.000000 0.000000 0.000000 0.000000
    17 0.000000 0.000000 0.000000 0.000000 0.000000 0.000000
    18 0.000000 0.000000 0.000000 0.000000 0.000000 0.000000
    19 0.000000 0.000000 0.000000 -0.035740 -0.000012 0.000000
    20 0.000000 0.000000 0.000000 0.000024 0.000000 0.047740
    21 0.000000 0.000000 0.000000 -0.013730 -0.034631 0.044685
    22 0.000000 0.000000 0.000000 0.000000 0.000000 0.000000
    23 0.000000 0.000000 0.000000 0.000000 0.000000 0.000000
    24 0.000000 0.000000 0.000000 0.000000 0.000000 0.000000
    25 0.000000 0.000000 0.000000 0.000000 0.000000 0.000000
    26 0.000000 0.000000 0.000000 0.000000 0.000000 0.000000
    27 0.000000 0.000000 0.000000 0.000000 0.000000 0.000000
    28 0.000000 0.000000 0.000000 0.000000 0.000000 0.000000
    29 0.000000 0.000000 0.000000 0.000000 0.000000 0.000000
    30 0.000000 0.000000 0.000000 0.000000 0.000000 0.000000
    31 0.000000 0.000000 0.000000 0.000000 0.000000 0.000000
    32 0.000000 0.000000 0.000000 0.000000 0.000000 0.000000
    33 0.000000 0.000000 0.000000 0.000000 0.000000 0.000000
    34 0.000000 0.000000 0.000000 0.000000 0.000000 0.000000
    35 0.000000 0.000000 0.000000 0.000000 0.000000 0.000000
    36 0.000000 0.000000 0.000000 0.000000 0.000000 0.000000
    37 0.000000 0.000000 0.000000 0.000000 0.000000 0.000000
    38 0.000000 0.000000 0.000000 0.000000 0.000000 0.000000
    39 0.000000 0.000000 0.000000 0.000000 0.000000 0.000000
    40 0.000000 0.000000 0.000000 0.000000 0.000000 0.000000
    41 0.000000 0.000000 0.000000 0.000000 0.000000 0.000000
    42 0.000000 0.000000 0.000000 0.000000 0.000000 0.000000
    43 0.000000 0.000000 0.000000 0.000000 0.000000 0.000000
    44 0.000000 0.000000 0.000000 0.000000 0.000000 0.000000
    45 0.000000 0.000000 0.000000 0.000000 0.000000 0.000000
    46 0.000000 0.000000 0.000000 0.000000 0.000000 0.000000
    47 0.000000 0.000000 0.000000 0.000000 0.000000 0.000000
    48 0.000000 0.000000 0.000000 0.000000 0.000000 0.000000
    49 0.000000 0.000000 0.000000 0.000000 0.000000 0.000000
    50 0.000000 0.000000 0.000000 0.000000 0.000000 0.000000
    51 0.000000 0.000000 0.000000 0.000000 0.000000 0.000000
    52 0.000000 0.000000 0.000000 0.000000 0.000000 0.000000
    53 0.000000 0.000000 0.000000 0.000000 0.000000 0.000000
    54 0.000000 0.000000 0.000000 0.000000 0.000000 0.000000
    55 0.000000 0.000000 0.000000 0.000000 0.000000 0.000000
    56 0.000000 0.000000 0.000000 0.000000 0.000000 0.000000
    57 0.000000 0.000000 0.000000 0.000000 0.000000 0.000000
    58 0.000000 0.000000 0.000000 0.000000 0.000000 0.000000
    59 0.000000 0.000000 0.000000 0.000000 0.000000 0.000000
    60 0.000000 0.000000 0.000000 0.000000 0.000000 0.000000
    61 0.000000 0.000000 0.000000 0.000000 0.000000 0.000000
    62 0.000000 0.000000 0.000000 0.000000 0.000000 0.000000
    63 0.000000 0.000000 0.000000 0.000000 0.000000 0.000000
    64 0.000000 0.000000 0.000000 0.000000 0.000000 0.000000
    65 0.000000 0.000000 0.000000 0.000000 0.000000 0.000000
    66 0.000000 0.000000 0.000000 0.000000 0.000000 0.000000
    67 0.000000 0.000000 0.000000 0.000000 0.000000 0.000000
    68 0.000000 0.000000 0.000000 0.000000 0.000000 0.000000
    69 0.000000 0.000000 0.000000 0.000000 0.000000 0.000000
    70 0.000000 0.000000 0.000000 0.000000 0.000000 0.000000
    71 0.000000 0.000000 0.000000 0.000000 0.000000 0.000000
    72 0.000000 0.000000 0.000000 0.000000 0.000000 0.000000
    73 0.000000 0.000000 0.000000 0.000000 0.000000 0.000000
    74 0.000000 0.000000 0.000000 0.000000 0.000000 0.000000
    75 0.000000 0.000000 0.000000 0.000000 0.000000 0.000000
    76 0.000000 0.000000 0.000000 0.000000 0.000000 0.000000
    77 0.000000 0.000000 0.000000 0.000000 0.000000 0.000000
    78 0.000000 0.000000 0.000000 0.000000 0.000000 0.000000
    79 0.000000 0.000000 0.000000 0.000000 0.000000 0.000000
    80 0.000000 0.000000 0.000000 0.000000 0.000000 0.000000
    81 0.000000 0.000000 0.000000 0.000000 0.000000 0.000000
    82 0.000000 0.000000 0.000000 0.000000 0.000000 0.000000
    83 0.000000 0.000000 0.000000 0.000000 0.000000 0.000000
    84 0.000000 0.000000 0.000000 0.000000 0.000000 0.000000
    85 0.000000 0.000000 0.000000 0.000000 0.000000 0.000000
    86 0.000000 0.000000 0.000000 0.000000 0.000000 0.000000
    87 0.000000 0.000000 0.000000 0.000000 0.000000 0.000000
    88 0.000000 0.000000 0.000000 0.000000 0.000000 0.000000
    89 0.000000 0.000000 0.000000 0.000000 0.000000 0.000000
    90 0.000000 0.000000 0.000000 0.000000 0.000000 0.000000
    91 0.000000 0.000000 0.000000 0.000000 0.000000 0.000000
    92 0.000000 0.000000 0.000000 0.000000 0.000000 0.000000
    93 0.000000 0.000000 0.000000 0.000000 0.000000 0.000000
    94 0.000000 0.000000 0.000000 0.000000 0.000000 0.000000
    95 0.000000 0.000000 0.000000 0.000000 0.000000 0.000000
    96 0.000000 0.000000 0.000000 0.000000 0.000000 0.000000
    97 0.000000 0.000000 0.000000 0.000000 0.000000 0.000000
    98 0.000000 0.000000 0.000000 0.000000 0.000000 0.000000
    99 0.000000 0.000000 0.000000 0.000000 0.000000 0.000000
    100 0.000000 0.000000 0.000000 0.000000 0.000000 0.000000
    101 0.000000 0.000000 0.000000 0.000000 0.000000 0.000000
    102 0.000000 0.000000 0.000000 0.000000 0.000000 0.000000
    103 0.000000 0.000000 0.000000 0.000000 0.000000 0.000000
    104 0.000000 0.000000 0.000000 0.000000 0.000000 0.000000
    105 0.000000 0.000000 0.000000 0.000000 0.000000 0.000000
    106 0.000000 0.000000 0.000000 0.000000 0.000000 0.000000
    107 0.000000 0.000000 0.000000 0.000000 0.000000 0.000000
    108 0.000000 0.000000 0.000000 0.000000 0.000000 0.000000
    109 0.000000 0.000000 0.000000 0.000000 0.000000 0.000000
    110 0.000000 0.000000 0.000000 0.000000 0.000000 0.000000
    111 0.000000 0.000000 0.000000 0.000000 0.000000 -1.570796
    112 -0.093753 0.019532 -0.687521 -0.011308 0.044528 0.005783
    113 0.000000 0.000000 0.000000 0.000000 0.000000 0.000000
    114 0.000000 0.000000 0.000000 0.000000 0.000000 0.000000
    115 0.074221 -0.292978 -0.105472 -0.041907 0.001411 -1.551209
    116 0.000000 0.000000 0.000000 0.000000 0.000000 0.000000
    117 0.000000 0.000000 0.000000 0.000000 0.000000 0.000000
    118 0.000000 0.000000 0.000000 0.000000 0.000000 0.000000
    119 0.000000 0.000000 0.000000 0.000000 0.000000 0.000000
    120 0.000000 0.000000 0.000000 0.000000 0.000000 0.000000
    121 0.000000 0.000000 0.000000 0.000000 0.000000 0.000000
    122 0.000000 0.000000 0.000000 0.000000 0.000000 0.000000
    123 0.000000 0.000000 0.000000 0.000000 0.000000 0.000000
    124 0.000000 0.000000 0.000000 0.000000 0.000000 0.000000
    125 0.000000 0.000000 0.000000 0.000000 0.000000 0.000000
    126 0.000000 0.000000 0.000000 0.000000 0.000000 0.000000
    127 0.000000 0.000000 0.000000 0.000000 0.000000 0.000000
    128 0.000000 0.000000 0.000000 0.000000 0.000000 0.000000
    129 0.000000 0.000000 0.000000 0.000000 0.000000 0.000000
    130 0.000000 0.000000 0.000000 0.000000 0.000000 0.000000
    131 0.000000 0.000000 0.000000 0.000000 0.000000 0.000000
    132 0.000000 0.000000 0.000000 0.000000 0.000000 0.000000
    133 0.000000 0.000000 0.000000 0.000000 0.000000 0.000000
    134 0.000000 0.000000 0.000000 0.000000 0.000000 0.000000
    135 0.000000 0.000000 0.000000 0.000000 0.000000 0.000000
    136 0.000000 0.000000 0.000000 0.000000 0.000000 0.000000
    137 0.000000 0.000000 0.000000 -0.001714 0.000000 0.000000
    138 -0.164068 0.058596 -1.089877 -0.011219 0.044525 0.005783
    139 0.000000 0.000000 0.000000 0.000000 0.000000 0.000000
    140 0.000000 0.000000 0.000000 0.000000 0.000000 0.000000
    141 0.000000 0.000000 0.000000 0.000000 0.000000 0.000000
    142 0.000000 0.000000 0.000000 0.000000 0.000000 0.000000
    143 0.000000 0.000000 0.000000 0.000000 0.000000 0.000000
    144 0.000000 0.000000 0.000000 0.000000 0.000000 0.000000
    145 0.000000 0.000000 0.000000 0.000000 0.000000 0.000000
    146 0.000000 0.000000 0.000000 0.000000 0.000000 0.000000
    147 0.000000 0.000000 0.000000 0.000000 0.000000 0.000000
    148 0.000000 0.000000 0.000000 0.000000 0.000000 0.000000
    149 0.000000 0.000000 0.000000 0.000000 0.000000 0.000000
    150 0.000000 0.000000 0.000000 0.000000 0.000000 0.000000
    151 0.000000 0.000000 0.000000 0.000000 0.000000 0.000000
    152 0.000000 0.000000 0.000000 0.000000 0.000000 0.000000
    153 0.000000 0.000000 0.000000 0.000000 0.000000 0.000000
    154 0.000000 0.000000 0.000000 0.000000 0.000000 0.000000
    155 0.000000 0.000000 0.000000 0.000000 0.000000 0.000000
    156 0.000000 0.000000 0.000000 0.000000 0.000000 0.000000
    157 0.000000 0.000000 0.000000 0.000000 0.000000 0.000000
    158 0.000000 0.000000 0.000000 0.000000 0.000000 0.000000
    159 0.000000 0.000000 0.000000 0.000000 0.000000 0.000000
    160 0.000000 0.000000 0.000000 0.000000 0.000000 0.000000
    161 0.000000 0.000000 0.000000 0.000000 0.000000 0.000000
    162 0.000000 0.000000 0.000000 0.000000 0.000000 0.000000
    163 0.000000 0.000000 0.000000 0.000000 0.000000 0.000000
    164 0.000000 0.000000 0.000000 0.000000 0.000000 0.000000
    165 0.000000 0.000000 0.000000 0.000000 0.000000 0.000000
    166 0.000000 0.000000 0.000000 0.000000 0.000000 0.000000
    167 0.000000 0.000000 0.000000 0.000000 0.000000 0.000000
    168 0.000000 0.000000 0.000000 0.000000 0.000000 0.000000
    169 0.000000 0.000000 0.000000 0.000000 0.000000 0.000000
    170 0.000000 0.000000 0.000000 0.000000 0.000000 0.000000
    171 0.000000 0.000000 0.000000 0.000000 0.000000 0.000000
    172 0.000000 0.000000 0.000000 0.000000 0.000000 0.000000
    173 0.000000 0.000000 0.000000 0.000000 0.001714 0.000000
    174 0.000000 0.000000 0.000000 -0.018848 -0.000060 0.000060
    175 0.000000 0.000000 0.000000 0.000000 0.000000 0.000000
    176 0.000000 0.000000 0.000000 0.000000 0.000000 0.000000
    177 0.000000 0.000000 0.000000 0.000000 0.000000 0.000000
    178 0.000000 0.000000 0.000000 0.000000 0.000000 0.000000
    179 0.000000 0.000000 0.000000 0.000000 0.000000 0.000000
    180 0.000000 0.000000 0.000000 0.000000 0.000000 0.000000
    181 0.000000 0.000000 0.000000 0.000000 0.000000 0.000000
    182 0.000000 0.000000 0.000000 0.000000 0.000000 0.000000
    183 0.000000 0.000000 0.000000 0.000000 0.000000 0.000000
    184 0.000000 0.000000 0.000000 0.000000 0.000000 0.000000
    185 0.000000 0.000000 0.000000 0.000000 0.000000 0.000000
    186 0.000000 0.000000 0.000000 0.000000 0.000000 0.000000
    187 0.000000 0.000000 0.000000 0.000000 0.000000 0.000000
    188 0.000000 0.000000 0.000000 0.000000 0.000000 0.000000
    189 0.000000 0.000000 0.000000 0.000000 0.000000 0.000000
    190 0.000000 0.000000 0.000000 0.000000 0.000000 0.000000
    191 0.000000 0.000000 0.000000 0.000000 0.000000 0.000000
    192 0.000000 0.000000 0.000000 0.000000 0.000000 0.000000
    193 0.000000 0.000000 0.000000 0.000000 0.000000 0.000000
    194 0.000000 0.000000 0.000000 0.000000 0.000000 0.000000
    195 0.000000 0.000000 0.000000 0.000000 0.000000 0.000000
    196 0.000000 0.000000 0.000000 0.000000 0.000000 0.000000
    197 0.000000 0.000000 0.000000 0.000000 0.000000 0.000000
    198 0.000000 0.000000 0.000000 0.000000 0.000000 0.000000
    199 0.000000 0.000000 0.000000 0.000000 0.000000 0.000000
    200 0.000000 0.000000 0.000000 0.000000 0.000000 0.000000
    201 0.000000 0.000000 0.000000 0.000000 0.000000 0.000000
    202 0.000000 0.000000 0.000000 0.000000 0.000000 0.000000
    203 0.000000 0.000000 0.000000 0.000000 0.000000 0.000000
    204 0.000000 0.000000 0.000000 0.000000 0.000000 0.000000
    205 0.000000 0.000000 0.000000 0.000000 0.000000 0.000000
    206 0.000000 0.000000 0.000000 0.000000 0.000000 0.000000
    207 0.000000 0.000000 0.000000 0.000000 0.000000 0.000000
  time 13
    0 0.000000 0.000000 0.000000 0.000000 0.000000 -1.570796
    1 0.000000 0.000000 0.000000 0.000000 0.000000 0.000000
    2 0.000000 0.000000 0.000000 0.000000 0.000000 0.000000
    3 0.000000 0.000000 0.000000 0.000000 0.000000 0.000000
    4 0.000000 0.000000 0.000000 0.000000 0.000000 0.000000
    5 0.000000 0.000000 0.000000 0.000000 0.000000 0.000000
    6 0.000000 0.000000 0.000000 0.000000 0.000000 0.000000
    7 0.000000 0.000000 0.000000 0.000000 0.000000 0.000000
    8 0.484390 0.136723 -0.359386 -0.049909 -0.000723 -0.010562
    9 0.000000 0.000000 0.000000 -0.006552 0.013936 0.071673
    10 0.000000 0.000000 0.000000 0.000000 0.000000 0.000000
    11 0.000000 0.000000 0.000000 0.000000 0.000000 0.000000
    12 0.000000 0.000000 0.000000 0.000000 0.000000 0.000000
    13 0.000000 0.000000 0.000000 0.004988 0.000000 0.000000
    14 0.000000 0.000000 0.000000 0.000000 0.000000 -0.103503
    15 0.000000 0.000000 0.000000 0.000000 0.000000 0.000000
    16 0.000000 0.000000 0.000000 0.000000 0.000000 0.000000
    17 0.000000 0.000000 0.000000 0.000000 0.000000 0.000000
    18 0.000000 0.000000 0.000000 0.000000 0.000000 0.000000
    19 0.000000 0.000000 0.000000 -0.035633 -0.000036 0.000000
    20 0.000000 0.000000 0.000000 0.000060 0.000000 0.051746
    21 0.000000 0.000000 0.000000 -0.006316 -0.041468 0.056286
    22 0.000000 0.000000 0.000000 0.000000 0.000000 0.000000
    23 0.000000 0.000000 0.000000 0.000000 0.000000 0.000000
    24 0.000000 0.000000 0.000000 0.000000 0.000000 0.000000
    25 0.000000 0.000000 0.000000 0.000000 0.000000 0.000000
    26 0.000000 0.000000 0.000000 0.000000 0.000000 0.000000
    27 0.000000 0.000000 0.000000 0.000000 0.000000 0.000000
    28 0.000000 0.000000 0.000000 0.000000 0.000000 0.000000
    29 0.000000 0.000000 0.000000 0.000000 0.000000 0.000000
    30 0.000000 0.000000 0.000000 0.000000 0.000000 0.000000
    31 0.000000 0.000000 0.000000 0.000000 0.000000 0.000000
    32 0.000000 0.000000 0.000000 0.000000 0.000000 0.000000
    33 0.000000 0.000000 0.000000 0.000000 0.000000 0.000000
    34 0.000000 0.000000 0.000000 0.000000 0.000000 0.000000
    35 0.000000 0.000000 0.000000 0.000000 0.000000 0.000000
    36 0.000000 0.000000 0.000000 0.000000 0.000000 0.000000
    37 0.000000 0.000000 0.000000 0.000000 0.000000 0.000000
    38 0.000000 0.000000 0.000000 0.000000 0.000000 0.000000
    39 0.000000 0.000000 0.000000 0.000000 0.000000 0.000000
    40 0.000000 0.000000 0.000000 0.000000 0.000000 0.000000
    41 0.000000 0.000000 0.000000 0.000000 0.000000 0.000000
    42 0.000000 0.000000 0.000000 0.000000 0.000000 0.000000
    43 0.000000 0.000000 0.000000 0.000000 0.000000 0.000000
    44 0.000000 0.000000 0.000000 0.000000 0.000000 0.000000
    45 0.000000 0.000000 0.000000 0.000000 0.000000 0.000000
    46 0.000000 0.000000 0.000000 0.000000 0.000000 0.000000
    47 0.000000 0.000000 0.000000 0.000000 0.000000 0.000000
    48 0.000000 0.000000 0.000000 0.000000 0.000000 0.000000
    49 0.000000 0.000000 0.000000 0.000000 0.000000 0.000000
    50 0.000000 0.000000 0.000000 0.000000 0.000000 0.000000
    51 0.000000 0.000000 0.000000 0.000000 0.000000 0.000000
    52 0.000000 0.000000 0.000000 0.000000 0.000000 0.000000
    53 0.000000 0.000000 0.000000 0.000000 0.000000 0.000000
    54 0.000000 0.000000 0.000000 0.000000 0.000000 0.000000
    55 0.000000 0.000000 0.000000 0.000000 0.000000 0.000000
    56 0.000000 0.000000 0.000000 0.000000 0.000000 0.000000
    57 0.000000 0.000000 0.000000 0.000000 0.000000 0.000000
    58 0.000000 0.000000 0.000000 0.000000 0.000000 0.000000
    59 0.000000 0.000000 0.000000 0.000000 0.000000 0.000000
    60 0.000000 0.000000 0.000000 0.000000 0.000000 0.000000
    61 0.000000 0.000000 0.000000 0.000000 0.000000 0.000000
    62 0.000000 0.000000 0.000000 0.000000 0.000000 0.000000
    63 0.000000 0.000000 0.000000 0.000000 0.000000 0.000000
    64 0.000000 0.000000 0.000000 0.000000 0.000000 0.000000
    65 0.000000 0.000000 0.000000 0.000000 0.000000 0.000000
    66 0.000000 0.000000 0.000000 0.000000 0.000000 0.000000
    67 0.000000 0.000000 0.000000 0.000000 0.000000 0.000000
    68 0.000000 0.000000 0.000000 0.000000 0.000000 0.000000
    69 0.000000 0.000000 0.000000 0.000000 0.000000 0.000000
    70 0.000000 0.000000 0.000000 0.000000 0.000000 0.000000
    71 0.000000 0.000000 0.000000 0.000000 0.000000 0.000000
    72 0.000000 0.000000 0.000000 0.000000 0.000000 0.000000
    73 0.000000 0.000000 0.000000 0.000000 0.000000 0.000000
    74 0.000000 0.000000 0.000000 0.000000 0.000000 0.000000
    75 0.000000 0.000000 0.000000 0.000000 0.000000 0.000000
    76 0.000000 0.000000 0.000000 0.000000 0.000000 0.000000
    77 0.000000 0.000000 0.000000 0.000000 0.000000 0.000000
    78 0.000000 0.000000 0.000000 0.000000 0.000000 0.000000
    79 0.000000 0.000000 0.000000 0.000000 0.000000 0.000000
    80 0.000000 0.000000 0.000000 0.000000 0.000000 0.000000
    81 0.000000 0.000000 0.000000 0.000000 0.000000 0.000000
    82 0.000000 0.000000 0.000000 0.000000 0.000000 0.000000
    83 0.000000 0.000000 0.000000 0.000000 0.000000 0.000000
    84 0.000000 0.000000 0.000000 0.000000 0.000000 0.000000
    85 0.000000 0.000000 0.000000 0.000000 0.000000 0.000000
    86 0.000000 0.000000 0.000000 0.000000 0.000000 0.000000
    87 0.000000 0.000000 0.000000 0.000000 0.000000 0.000000
    88 0.000000 0.000000 0.000000 0.000000 0.000000 0.000000
    89 0.000000 0.000000 0.000000 0.000000 0.000000 0.000000
    90 0.000000 0.000000 0.000000 0.000000 0.000000 0.000000
    91 0.000000 0.000000 0.000000 0.000000 0.000000 0.000000
    92 0.000000 0.000000 0.000000 0.000000 0.000000 0.000000
    93 0.000000 0.000000 0.000000 0.000000 0.000000 0.000000
    94 0.000000 0.000000 0.000000 0.000000 0.000000 0.000000
    95 0.000000 0.000000 0.000000 0.000000 0.000000 0.000000
    96 0.000000 0.000000 0.000000 0.000000 0.000000 0.000000
    97 0.000000 0.000000 0.000000 0.000000 0.000000 0.000000
    98 0.000000 0.000000 0.000000 0.000000 0.000000 0.000000
    99 0.000000 0.000000 0.000000 0.000000 0.000000 0.000000
    100 0.000000 0.000000 0.000000 0.000000 0.000000 0.000000
    101 0.000000 0.000000 0.000000 0.000000 0.000000 0.000000
    102 0.000000 0.000000 0.000000 0.000000 0.000000 0.000000
    103 0.000000 0.000000 0.000000 0.000000 0.000000 0.000000
    104 0.000000 0.000000 0.000000 0.000000 0.000000 0.000000
    105 0.000000 0.000000 0.000000 0.000000 0.000000 0.000000
    106 0.000000 0.000000 0.000000 0.000000 0.000000 0.000000
    107 0.000000 0.000000 0.000000 0.000000 0.000000 0.000000
    108 0.000000 0.000000 0.000000 0.000000 0.000000 0.000000
    109 0.000000 0.000000 0.000000 0.000000 0.000000 0.000000
    110 0.000000 0.000000 0.000000 0.000000 0.000000 0.000000
    111 0.000000 0.000000 0.000000 0.000000 0.000000 -1.570796
    112 -0.105472 -0.007813 -0.695334 -0.000192 0.050288 0.008954
    113 0.000000 0.000000 0.000000 0.000000 0.000000 0.000000
    114 0.000000 0.000000 0.000000 0.000000 0.000000 0.000000
    115 0.050783 -0.390637 0.062502 -0.040095 0.007964 -1.540387
    116 0.000000 0.000000 0.000000 0.000000 0.000000 0.000000
    117 0.000000 0.000000 0.000000 0.000000 0.000000 0.000000
    118 0.000000 0.000000 0.000000 0.000000 0.000000 0.000000
    119 0.000000 0.000000 0.000000 0.000000 0.000000 0.000000
    120 0.000000 0.000000 0.000000 0.000000 0.000000 0.000000
    121 0.000000 0.000000 0.000000 0.000000 0.000000 0.000000
    122 0.000000 0.000000 0.000000 0.000000 0.000000 0.000000
    123 0.000000 0.000000 0.000000 0.000000 0.000000 0.000000
    124 0.000000 0.000000 0.000000 0.000000 0.000000 0.000000
    125 0.000000 0.000000 0.000000 0.000000 0.000000 0.000000
    126 0.000000 0.000000 0.000000 0.000000 0.000000 0.000000
    127 0.000000 0.000000 0.000000 0.000000 0.000000 0.000000
    128 0.000000 0.000000 0.000000 0.000000 0.000000 0.000000
    129 0.000000 0.000000 0.000000 0.000000 0.000000 0.000000
    130 0.000000 0.000000 0.000000 0.000000 0.000000 0.000000
    131 0.000000 0.000000 0.000000 0.000000 0.000000 0.000000
    132 0.000000 0.000000 0.000000 0.000000 0.000000 0.000000
    133 0.000000 0.000000 0.000000 0.000000 0.000000 0.000000
    134 0.000000 0.000000 0.000000 0.000000 0.000000 0.000000
    135 0.000000 0.000000 0.000000 0.000000 0.000000 0.000000
    136 0.000000 0.000000 0.000000 0.000000 0.000000 0.000000
    137 0.000000 0.000000 0.000000 -0.001858 0.000000 0.000000
    138 -0.187506 0.062502 -1.152379 -0.000257 0.050237 0.008954
    139 0.000000 0.000000 0.000000 0.000000 0.000000 0.000000
    140 0.000000 0.000000 0.000000 0.000000 0.000000 0.000000
    141 0.000000 0.000000 0.000000 0.000000 0.000000 0.000000
    142 0.000000 0.000000 0.000000 0.000000 0.000000 0.000000
    143 0.000000 0.000000 0.000000 0.000000 0.000000 0.000000
    144 0.000000 0.000000 0.000000 0.000000 0.000000 0.000000
    145 0.000000 0.000000 0.000000 0.000000 0.000000 0.000000
    146 0.000000 0.000000 0.000000 0.000000 0.000000 0.000000
    147 0.000000 0.000000 0.000000 0.000000 0.000000 0.000000
    148 0.000000 0.000000 0.000000 0.000000 0.000000 0.000000
    149 0.000000 0.000000 0.000000 0.000000 0.000000 0.000000
    150 0.000000 0.000000 0.000000 0.000000 0.000000 0.000000
    151 0.000000 0.000000 0.000000 0.000000 0.000000 0.000000
    152 0.000000 0.000000 0.000000 0.000000 0.000000 0.000000
    153 0.000000 0.000000 0.000000 0.000000 0.000000 0.000000
    154 0.000000 0.000000 0.000000 0.000000 0.000000 0.000000
    155 0.000000 0.000000 0.000000 0.000000 0.000000 0.000000
    156 0.000000 0.000000 0.000000 0.000000 0.000000 0.000000
    157 0.000000 0.000000 0.000000 0.000000 0.000000 0.000000
    158 0.000000 0.000000 0.000000 0.000000 0.000000 0.000000
    159 0.000000 0.000000 0.000000 0.000000 0.000000 0.000000
    160 0.000000 0.000000 0.000000 0.000000 0.000000 0.000000
    161 0.000000 0.000000 0.000000 0.000000 0.000000 0.000000
    162 0.000000 0.000000 0.000000 0.000000 0.000000 0.000000
    163 0.000000 0.000000 0.000000 0.000000 0.000000 0.000000
    164 0.000000 0.000000 0.000000 0.000000 0.000000 0.000000
    165 0.000000 0.000000 0.000000 0.000000 0.000000 0.000000
    166 0.000000 0.000000 0.000000 0.000000 0.000000 0.000000
    167 0.000000 0.000000 0.000000 0.000000 0.000000 0.000000
    168 0.000000 0.000000 0.000000 0.000000 0.000000 0.000000
    169 0.000000 0.000000 0.000000 0.000000 0.000000 0.000000
    170 0.000000 0.000000 0.000000 0.000000 0.000000 0.000000
    171 0.000000 0.000000 0.000000 0.000000 0.000000 0.000000
    172 0.000000 0.000000 0.000000 0.000000 0.000000 0.000000
    173 0.000000 0.000000 0.000000 0.000000 0.001858 0.000000
    174 0.000000 0.000000 0.000000 -0.018260 -0.000024 0.000024
    175 0.000000 0.000000 0.000000 0.000000 0.000000 0.000000
    176 0.000000 0.000000 0.000000 0.000000 0.000000 0.000000
    177 0.000000 0.000000 0.000000 0.000000 0.000000 0.000000
    178 0.000000 0.000000 0.000000 0.000000 0.000000 0.000000
    179 0.000000 0.000000 0.000000 0.000000 0.000000 0.000000
    180 0.000000 0.000000 0.000000 0.000000 0.000000 0.000000
    181 0.000000 0.000000 0.000000 0.000000 0.000000 0.000000
    182 0.000000 0.000000 0.000000 0.000000 0.000000 0.000000
    183 0.000000 0.000000 0.000000 0.000000 0.000000 0.000000
    184 0.000000 0.000000 0.000000 0.000000 0.000000 0.000000
    185 0.000000 0.000000 0.000000 0.000000 0.000000 0.000000
    186 0.000000 0.000000 0.000000 0.000000 0.000000 0.000000
    187 0.000000 0.000000 0.000000 0.000000 0.000000 0.000000
    188 0.000000 0.000000 0.000000 0.000000 0.000000 0.000000
    189 0.000000 0.000000 0.000000 0.000000 0.000000 0.000000
    190 0.000000 0.000000 0.000000 0.000000 0.000000 0.000000
    191 0.000000 0.000000 0.000000 0.000000 0.000000 0.000000
    192 0.000000 0.000000 0.000000 0.000000 0.000000 0.000000
    193 0.000000 0.000000 0.000000 0.000000 0.000000 0.000000
    194 0.000000 0.000000 0.000000 0.000000 0.000000 0.000000
    195 0.000000 0.000000 0.000000 0.000000 0.000000 0.000000
    196 0.000000 0.000000 0.000000 0.000000 0.000000 0.000000
    197 0.000000 0.000000 0.000000 0.000000 0.000000 0.000000
    198 0.000000 0.000000 0.000000 0.000000 0.000000 0.000000
    199 0.000000 0.000000 0.000000 0.000000 0.000000 0.000000
    200 0.000000 0.000000 0.000000 0.000000 0.000000 0.000000
    201 0.000000 0.000000 0.000000 0.000000 0.000000 0.000000
    202 0.000000 0.000000 0.000000 0.000000 0.000000 0.000000
    203 0.000000 0.000000 0.000000 0.000000 0.000000 0.000000
    204 0.000000 0.000000 0.000000 0.000000 0.000000 0.000000
    205 0.000000 0.000000 0.000000 0.000000 0.000000 0.000000
    206 0.000000 0.000000 0.000000 0.000000 0.000000 0.000000
    207 0.000000 0.000000 0.000000 0.000000 0.000000 0.000000
  time 14
    0 0.000000 0.000000 0.000000 0.000000 0.000000 -1.570796
    1 0.000000 0.000000 0.000000 0.000000 0.000000 0.000000
    2 0.000000 0.000000 0.000000 0.000000 0.000000 0.000000
    3 0.000000 0.000000 0.000000 0.000000 0.000000 0.000000
    4 0.000000 0.000000 0.000000 0.000000 0.000000 0.000000
    5 0.000000 0.000000 0.000000 0.000000 0.000000 0.000000
    6 0.000000 0.000000 0.000000 0.000000 0.000000 0.000000
    7 0.000000 0.000000 0.000000 0.000000 0.000000 0.000000
    8 0.578143 0.113285 -0.281259 -0.052321 -0.009841 -0.014537
    9 0.000000 0.000000 0.000000 -0.005507 0.011547 0.071020
    10 0.000000 0.000000 0.000000 0.000000 0.000000 0.000000
    11 0.000000 0.000000 0.000000 0.000000 0.000000 0.000000
    12 0.000000 0.000000 0.000000 0.000000 0.000000 0.000000
    13 0.000000 0.000000 0.000000 0.004457 0.000000 0.000000
    14 0.000000 0.000000 0.000000 0.000000 0.000000 -0.102981
    15 0.000000 0.000000 0.000000 0.000000 0.000000 0.000000
    16 0.000000 0.000000 0.000000 0.000000 0.000000 0.000000
    17 0.000000 0.000000 0.000000 0.000000 0.000000 0.000000
    18 0.000000 0.000000 0.000000 0.000000 0.000000 0.000000
    19 0.000000 0.000000 0.000000 -0.035363 -0.000060 0.000000
    20 0.000000 0.000000 0.000000 0.000000 0.000000 0.051542
    21 0.000000 0.000000 0.000000 -0.000330 -0.047445 0.062945
    22 0.000000 0.000000 0.000000 0.000000 0.000000 0.000000
    23 0.000000 0.000000 0.000000 0.000000 0.000000 0.000000
    24 0.000000 0.000000 0.000000 0.000000 0.000000 0.000000
    25 0.000000 0.000000 0.000000 0.000000 0.000000 0.000000
    26 0.000000 0.000000 0.000000 0.000000 0.000000 0.000000
    27 0.000000 0.000000 0.000000 0.000000 0.000000 0.000000
    28 0.000000 0.000000 0.000000 0.000000 0.000000 0.000000
    29 0.000000 0.000000 0.000000 0.000000 0.000000 0.000000
    30 0.000000 0.000000 0.000000 0.000000 0.000000 0.000000
    31 0.000000 0.000000 0.000000 0.000000 0.000000 0.000000
    32 0.000000 0.000000 0.000000 0.000000 0.000000 0.000000
    33 0.000000 0.000000 0.000000 0.000000 0.000000 0.000000
    34 0.000000 0.000000 0.000000 0.000000 0.000000 0.000000
    35 0.000000 0.000000 0.000000 0.000000 0.000000 0.000000
    36 0.000000 0.000000 0.000000 0.000000 0.000000 0.000000
    37 0.000000 0.000000 0.000000 0.000000 0.000000 0.000000
    38 0.000000 0.000000 0.000000 0.000000 0.000000 0.000000
    39 0.000000 0.000000 0.000000 0.000000 0.000000 0.000000
    40 0.000000 0.000000 0.000000 0.000000 0.000000 0.000000
    41 0.000000 0.000000 0.000000 0.000000 0.000000 0.000000
    42 0.000000 0.000000 0.000000 0.000000 0.000000 0.000000
    43 0.000000 0.000000 0.000000 0.000000 0.000000 0.000000
    44 0.000000 0.000000 0.000000 0.000000 0.000000 0.000000
    45 0.000000 0.000000 0.000000 0.000000 0.000000 0.000000
    46 0.000000 0.000000 0.000000 0.000000 0.000000 0.000000
    47 0.000000 0.000000 0.000000 0.000000 0.000000 0.000000
    48 0.000000 0.000000 0.000000 0.000000 0.000000 0.000000
    49 0.000000 0.000000 0.000000 0.000000 0.000000 0.000000
    50 0.000000 0.000000 0.000000 0.000000 0.000000 0.000000
    51 0.000000 0.000000 0.000000 0.000000 0.000000 0.000000
    52 0.000000 0.000000 0.000000 0.000000 0.000000 0.000000
    53 0.000000 0.000000 0.000000 0.000000 0.000000 0.000000
    54 0.000000 0.000000 0.000000 0.000000 0.000000 0.000000
    55 0.000000 0.000000 0.000000 0.000000 0.000000 0.000000
    56 0.000000 0.000000 0.000000 0.000000 0.000000 0.000000
    57 0.000000 0.000000 0.000000 0.000000 0.000000 0.000000
    58 0.000000 0.000000 0.000000 0.000000 0.000000 0.000000
    59 0.000000 0.000000 0.000000 0.000000 0.000000 0.000000
    60 0.000000 0.000000 0.000000 0.000000 0.000000 0.000000
    61 0.000000 0.000000 0.000000 0.000000 0.000000 0.000000
    62 0.000000 0.000000 0.000000 0.000000 0.000000 0.000000
    63 0.000000 0.000000 0.000000 0.000000 0.000000 0.000000
    64 0.000000 0.000000 0.000000 0.000000 0.000000 0.000000
    65 0.000000 0.000000 0.000000 0.000000 0.000000 0.000000
    66 0.000000 0.000000 0.000000 0.000000 0.000000 0.000000
    67 0.000000 0.000000 0.000000 0.000000 0.000000 0.000000
    68 0.000000 0.000000 0.000000 0.000000 0.000000 0.000000
    69 0.000000 0.000000 0.000000 0.000000 0.000000 0.000000
    70 0.000000 0.000000 0.000000 0.000000 0.000000 0.000000
    71 0.000000 0.000000 0.000000 0.000000 0.000000 0.000000
    72 0.000000 0.000000 0.000000 0.000000 0.000000 0.000000
    73 0.000000 0.000000 0.000000 0.000000 0.000000 0.000000
    74 0.000000 0.000000 0.000000 0.000000 0.000000 0.000000
    75 0.000000 0.000000 0.000000 0.000000 0.000000 0.000000
    76 0.000000 0.000000 0.000000 0.000000 0.000000 0.000000
    77 0.000000 0.000000 0.000000 0.000000 0.000000 0.000000
    78 0.000000 0.000000 0.000000 0.000000 0.000000 0.000000
    79 0.000000 0.000000 0.000000 0.000000 0.000000 0.000000
    80 0.000000 0.000000 0.000000 0.000000 0.000000 0.000000
    81 0.000000 0.000000 0.000000 0.000000 0.000000 0.000000
    82 0.000000 0.000000 0.000000 0.000000 0.000000 0.000000
    83 0.000000 0.000000 0.000000 0.000000 0.000000 0.000000
    84 0.000000 0.000000 0.000000 0.000000 0.000000 0.000000
    85 0.000000 0.000000 0.000000 0.000000 0.000000 0.000000
    86 0.000000 0.000000 0.000000 0.000000 0.000000 0.000000
    87 0.000000 0.000000 0.000000 0.000000 0.000000 0.000000
    88 0.000000 0.000000 0.000000 0.000000 0.000000 0.000000
    89 0.000000 0.000000 0.000000 0.000000 0.000000 0.000000
    90 0.000000 0.000000 0.000000 0.000000 0.000000 0.000000
    91 0.000000 0.000000 0.000000 0.000000 0.000000 0.000000
    92 0.000000 0.000000 0.000000 0.000000 0.000000 0.000000
    93 0.000000 0.000000 0.000000 0.000000 0.000000 0.000000
    94 0.000000 0.000000 0.000000 0.000000 0.000000 0.000000
    95 0.000000 0.000000 0.000000 0.000000 0.000000 0.000000
    96 0.000000 0.000000 0.000000 0.000000 0.000000 0.000000
    97 0.000000 0.000000 0.000000 0.000000 0.000000 0.000000
    98 0.000000 0.000000 0.000000 0.000000 0.000000 0.000000
    99 0.000000 0.000000 0.000000 0.000000 0.000000 0.000000
    100 0.000000 0.000000 0.000000 0.000000 0.000000 0.000000
    101 0.000000 0.000000 0.000000 0.000000 0.000000 0.000000
    102 0.000000 0.000000 0.000000 0.000000 0.000000 0.000000
    103 0.000000 0.000000 0.000000 0.000000 0.000000 0.000000
    104 0.000000 0.000000 0.000000 0.000000 0.000000 0.000000
    105 0.000000 0.000000 0.000000 0.000000 0.000000 0.000000
    106 0.000000 0.000000 0.000000 0.000000 0.000000 0.000000
    107 0.000000 0.000000 0.000000 0.000000 0.000000 0.000000
    108 0.000000 0.000000 0.000000 0.000000 0.000000 0.000000
    109 0.000000 0.000000 0.000000 0.000000 0.000000 0.000000
    110 0.000000 0.000000 0.000000 0.000000 0.000000 0.000000
    111 0.000000 0.000000 0.000000 0.000000 0.000000 -1.570796
    112 -0.093753 -0.031251 -0.675802 0.008625 0.052910 0.013338
    113 0.000000 0.000000 0.000000 0.000000 0.000000 0.000000
    114 0.000000 0.000000 0.000000 0.000000 0.000000 0.000000
    115 -0.007813 -0.445326 0.250008 -0.036697 0.011377 -1.531354
    116 0.000000 0.000000 0.000000 0.000000 0.000000 0.000000
    117 0.000000 0.000000 0.000000 0.000000 0.000000 0.000000
    118 0.000000 0.000000 0.000000 0.000000 0.000000 0.000000
    119 0.000000 0.000000 0.000000 0.000000 0.000000 0.000000
    120 0.000000 0.000000 0.000000 0.000000 0.000000 0.000000
    121 0.000000 0.000000 0.000000 0.000000 0.000000 0.000000
    122 0.000000 0.000000 0.000000 0.000000 0.000000 0.000000
    123 0.000000 0.000000 0.000000 0.000000 0.000000 0.000000
    124 0.000000 0.000000 0.000000 0.000000 0.000000 0.000000
    125 0.000000 0.000000 0.000000 0.000000 0.000000 0.000000
    126 0.000000 0.000000 0.000000 0.000000 0.000000 0.000000
    127 0.000000 0.000000 0.000000 0.000000 0.000000 0.000000
    128 0.000000 0.000000 0.000000 0.000000 0.000000 0.000000
    129 0.000000 0.000000 0.000000 0.000000 0.000000 0.000000
    130 0.000000 0.000000 0.000000 0.000000 0.000000 0.000000
    131 0.000000 0.000000 0.000000 0.000000 0.000000 0.000000
    132 0.000000 0.000000 0.000000 0.000000 0.000000 0.000000
    133 0.000000 0.000000 0.000000 0.000000 0.000000 0.000000
    134 0.000000 0.000000 0.000000 0.000000 0.000000 0.000000
    135 0.000000 0.000000 0.000000 0.000000 0.000000 0.000000
    136 0.000000 0.000000 0.000000 0.000000 0.000000 0.000000
    137 0.000000 0.000000 0.000000 -0.001989 0.000000 0.000000
    138 -0.179693 0.093753 -1.152379 0.008649 0.052953 0.013431
    139 0.000000 0.000000 0.000000 0.000000 0.000000 0.000000
    140 0.000000 0.000000 0.000000 0.000000 0.000000 0.000000
    141 0.000000 0.000000 0.000000 0.000000 0.000000 0.000000
    142 0.000000 0.000000 0.000000 0.000000 0.000000 0.000000
    143 0.000000 0.000000 0.000000 0.000000 0.000000 0.000000
    144 0.000000 0.000000 0.000000 0.000000 0.000000 0.000000
    145 0.000000 0.000000 0.000000 0.000000 0.000000 0.000000
    146 0.000000 0.000000 0.000000 0.000000 0.000000 0.000000
    147 0.000000 0.000000 0.000000 0.000000 0.000000 0.000000
    148 0.000000 0.000000 0.000000 0.000000 0.000000 0.000000
    149 0.000000 0.000000 0.000000 0.000000 0.000000 0.000000
    150 0.000000 0.000000 0.000000 0.000000 0.000000 0.000000
    151 0.000000 0.000000 0.000000 0.000000 0.000000 0.000000
    152 0.000000 0.000000 0.000000 0.000000 0.000000 0.000000
    153 0.000000 0.000000 0.000000 0.000000 0.000000 0.000000
    154 0.000000 0.000000 0.000000 0.000000 0.000000 0.000000
    155 0.000000 0.000000 0.000000 0.000000 0.000000 0.000000
    156 0.000000 0.000000 0.000000 0.000000 0.000000 0.000000
    157 0.000000 0.000000 0.000000 0.000000 0.000000 0.000000
    158 0.000000 0.000000 0.000000 0.000000 0.000000 0.000000
    159 0.000000 0.000000 0.000000 0.000000 0.000000 0.000000
    160 0.000000 0.000000 0.000000 0.000000 0.000000 0.000000
    161 0.000000 0.000000 0.000000 0.000000 0.000000 0.000000
    162 0.000000 0.000000 0.000000 0.000000 0.000000 0.000000
    163 0.000000 0.000000 0.000000 0.000000 0.000000 0.000000
    164 0.000000 0.000000 0.000000 0.000000 0.000000 0.000000
    165 0.000000 0.000000 0.000000 0.000000 0.000000 0.000000
    166 0.000000 0.000000 0.000000 0.000000 0.000000 0.000000
    167 0.000000 0.000000 0.000000 0.000000 0.000000 0.000000
    168 0.000000 0.000000 0.000000 0.000000 0.000000 0.000000
    169 0.000000 0.000000 0.000000 0.000000 0.000000 0.000000
    170 0.000000 0.000000 0.000000 0.000000 0.000000 0.000000
    171 0.000000 0.000000 0.000000 0.000000 0.000000 0.000000
    172 0.000000 0.000000 0.000000 0.000000 0.000000 0.000000
    173 0.000000 0.000000 0.000000 0.000000 0.001989 0.000000
    174 0.000000 0.000000 0.000000 -0.017672 0.000000 0.000000
    175 0.000000 0.000000 0.000000 0.000000 0.000000 0.000000
    176 0.000000 0.000000 0.000000 0.000000 0.000000 0.000000
    177 0.000000 0.000000 0.000000 0.000000 0.000000 0.000000
    178 0.000000 0.000000 0.000000 0.000000 0.000000 0.000000
    179 0.000000 0.000000 0.000000 0.000000 0.000000 0.000000
    180 0.000000 0.000000 0.000000 0.000000 0.000000 0.000000
    181 0.000000 0.000000 0.000000 0.000000 0.000000 0.000000
    182 0.000000 0.000000 0.000000 0.000000 0.000000 0.000000
    183 0.000000 0.000000 0.000000 0.000000 0.000000 0.000000
    184 0.000000 0.000000 0.000000 0.000000 0.000000 0.000000
    185 0.000000 0.000000 0.000000 0.000000 0.000000 0.000000
    186 0.000000 0.000000 0.000000 0.000000 0.000000 0.000000
    187 0.000000 0.000000 0.000000 0.000000 0.000000 0.000000
    188 0.000000 0.000000 0.000000 0.000000 0.000000 0.000000
    189 0.000000 0.000000 0.000000 0.000000 0.000000 0.000000
    190 0.000000 0.000000 0.000000 0.000000 0.000000 0.000000
    191 0.000000 0.000000 0.000000 0.000000 0.000000 0.000000
    192 0.000000 0.000000 0.000000 0.000000 0.000000 0.000000
    193 0.000000 0.000000 0.000000 0.000000 0.000000 0.000000
    194 0.000000 0.000000 0.000000 0.000000 0.000000 0.000000
    195 0.000000 0.000000 0.000000 0.000000 0.000000 0.000000
    196 0.000000 0.000000 0.000000 0.000000 0.000000 0.000000
    197 0.000000 0.000000 0.000000 0.000000 0.000000 0.000000
    198 0.000000 0.000000 0.000000 0.000000 0.000000 0.000000
    199 0.000000 0.000000 0.000000 0.000000 0.000000 0.000000
    200 0.000000 0.000000 0.000000 0.000000 0.000000 0.000000
    201 0.000000 0.000000 0.000000 0.000000 0.000000 0.000000
    202 0.000000 0.000000 0.000000 0.000000 0.000000 0.000000
    203 0.000000 0.000000 0.000000 0.000000 0.000000 0.000000
    204 0.000000 0.000000 0.000000 0.000000 0.000000 0.000000
    205 0.000000 0.000000 0.000000 0.000000 0.000000 0.000000
    206 0.000000 0.000000 0.000000 0.000000 0.000000 0.000000
    207 0.000000 0.000000 0.000000 0.000000 0.000000 0.000000
  time 15
    0 0.000000 0.000000 0.000000 0.000000 0.000000 -1.570796
    1 0.000000 0.000000 0.000000 0.000000 0.000000 0.000000
    2 0.000000 0.000000 0.000000 0.000000 0.000000 0.000000
    3 0.000000 0.000000 0.000000 0.000000 0.000000 0.000000
    4 0.000000 0.000000 0.000000 0.000000 0.000000 0.000000
    5 0.000000 0.000000 0.000000 0.000000 0.000000 0.000000
    6 0.000000 0.000000 0.000000 0.000000 0.000000 0.000000
    7 0.000000 0.000000 0.000000 0.000000 0.000000 0.000000
    8 0.515641 0.082034 -0.175787 -0.046980 -0.015456 -0.016411
    9 0.000000 0.000000 0.000000 -0.004842 0.009648 0.064816
    10 0.000000 0.000000 0.000000 0.000000 0.000000 0.000000
    11 0.000000 0.000000 0.000000 0.000000 0.000000 0.000000
    12 0.000000 0.000000 0.000000 0.000000 0.000000 0.000000
    13 0.000000 0.000000 0.000000 0.003955 0.000000 0.000000
    14 0.000000 0.000000 0.000000 0.000000 0.000060 -0.094107
    15 0.000000 0.000000 0.000000 0.000000 0.000000 0.000000
    16 0.000000 0.000000 0.000000 0.000000 0.000000 0.000000
    17 0.000000 0.000000 0.000000 0.000000 0.000000 0.000000
    18 0.000000 0.000000 0.000000 0.000000 0.000000 0.000000
    19 0.000000 0.000000 0.000000 -0.027666 0.000000 -0.000060
    20 0.000000 0.000000 0.000000 0.000000 0.000000 0.047051
    21 0.000000 0.000000 0.000000 0.004998 -0.047520 0.058338
    22 0.000000 0.000000 0.000000 0.000000 0.000000 0.000000
    23 0.000000 0.000000 0.000000 0.000000 0.000000 0.000000
    24 0.000000 0.000000 0.000000 0.000000 0.000000 0.000000
    25 0.000000 0.000000 0.000000 0.000000 0.000000 0.000000
    26 0.000000 0.000000 0.000000 0.000000 0.000000 0.000000
    27 0.000000 0.000000 0.000000 0.000000 0.000000 0.000000
    28 0.000000 0.000000 0.000000 0.000000 0.000000 0.000000
    29 0.000000 0.000000 0.000000 0.000000 0.000000 0.000000
    30 0.000000 0.000000 0.000000 0.000000 0.000000 0.000000
    31 0.000000 0.000000 0.000000 0.000000 0.000000 0.000000
    32 0.000000 0.000000 0.000000 0.000000 0.000000 0.000000
    33 0.000000 0.000000 0.000000 0.000000 0.000000 0.000000
    34 0.000000 0.000000 0.000000 0.000000 0.000000 0.000000
    35 0.000000 0.000000 0.000000 0.000000 0.000000 0.000000
    36 0.000000 0.000000 0.000000 0.000000 0.000000 0.000000
    37 0.000000 0.000000 0.000000 0.000000 0.000000 0.000000
    38 0.000000 0.000000 0.000000 0.000000 0.000000 0.000000
    39 0.000000 0.000000 0.000000 0.000000 0.000000 0.000000
    40 0.000000 0.000000 0.000000 0.000000 0.000000 0.000000
    41 0.000000 0.000000 0.000000 0.000000 0.000000 0.000000
    42 0.000000 0.000000 0.000000 0.000000 0.000000 0.000000
    43 0.000000 0.000000 0.000000 0.000000 0.000000 0.000000
    44 0.000000 0.000000 0.000000 0.000000 0.000000 0.000000
    45 0.000000 0.000000 0.000000 0.000000 0.000000 0.000000
    46 0.000000 0.000000 0.000000 0.000000 0.000000 0.000000
    47 0.000000 0.000000 0.000000 0.000000 0.000000 0.000000
    48 0.000000 0.000000 0.000000 0.000000 0.000000 0.000000
    49 0.000000 0.000000 0.000000 0.000000 0.000000 0.000000
    50 0.000000 0.000000 0.000000 0.000000 0.000000 0.000000
    51 0.000000 0.000000 0.000000 0.000000 0.000000 0.000000
    52 0.000000 0.000000 0.000000 0.000000 0.000000 0.000000
    53 0.000000 0.000000 0.000000 0.000000 0.000000 0.000000
    54 0.000000 0.000000 0.000000 0.000000 0.000000 0.000000
    55 0.000000 0.000000 0.000000 0.000000 0.000000 0.000000
    56 0.000000 0.000000 0.000000 0.000000 0.000000 0.000000
    57 0.000000 0.000000 0.000000 0.000000 0.000000 0.000000
    58 0.000000 0.000000 0.000000 0.000000 0.000000 0.000000
    59 0.000000 0.000000 0.000000 0.000000 0.000000 0.000000
    60 0.000000 0.000000 0.000000 0.000000 0.000000 0.000000
    61 0.000000 0.000000 0.000000 0.000000 0.000000 0.000000
    62 0.000000 0.000000 0.000000 0.000000 0.000000 0.000000
    63 0.000000 0.000000 0.000000 0.000000 0.000000 0.000000
    64 0.000000 0.000000 0.000000 0.000000 0.000000 0.000000
    65 0.000000 0.000000 0.000000 0.000000 0.000000 0.000000
    66 0.000000 0.000000 0.000000 0.000000 0.000000 0.000000
    67 0.000000 0.000000 0.000000 0.000000 0.000000 0.000000
    68 0.000000 0.000000 0.000000 0.000000 0.000000 0.000000
    69 0.000000 0.000000 0.000000 0.000000 0.000000 0.000000
    70 0.000000 0.000000 0.000000 0.000000 0.000000 0.000000
    71 0.000000 0.000000 0.000000 0.000000 0.000000 0.000000
    72 0.000000 0.000000 0.000000 0.000000 0.000000 0.000000
    73 0.000000 0.000000 0.000000 0.000000 0.000000 0.000000
    74 0.000000 0.000000 0.000000 0.000000 0.000000 0.000000
    75 0.000000 0.000000 0.000000 0.000000 0.000000 0.000000
    76 0.000000 0.000000 0.000000 0.000000 0.000000 0.000000
    77 0.000000 0.000000 0.000000 0.000000 0.000000 0.000000
    78 0.000000 0.000000 0.000000 0.000000 0.000000 0.000000
    79 0.000000 0.000000 0.000000 0.000000 0.000000 0.000000
    80 0.000000 0.000000 0.000000 0.000000 0.000000 0.000000
    81 0.000000 0.000000 0.000000 0.000000 0.000000 0.000000
    82 0.000000 0.000000 0.000000 0.000000 0.000000 0.000000
    83 0.000000 0.000000 0.000000 0.000000 0.000000 0.000000
    84 0.000000 0.000000 0.000000 0.000000 0.000000 0.000000
    85 0.000000 0.000000 0.000000 0.000000 0.000000 0.000000
    86 0.000000 0.000000 0.000000 0.000000 0.000000 0.000000
    87 0.000000 0.000000 0.000000 0.000000 0.000000 0.000000
    88 0.000000 0.000000 0.000000 0.000000 0.000000 0.000000
    89 0.000000 0.000000 0.000000 0.000000 0.000000 0.000000
    90 0.000000 0.000000 0.000000 0.000000 0.000000 0.000000
    91 0.000000 0.000000 0.000000 0.000000 0.000000 0.000000
    92 0.000000 0.000000 0.000000 0.000000 0.000000 0.000000
    93 0.000000 0.000000 0.000000 0.000000 0.000000 0.000000
    94 0.000000 0.000000 0.000000 0.000000 0.000000 0.000000
    95 0.000000 0.000000 0.000000 0.000000 0.000000 0.000000
    96 0.000000 0.000000 0.000000 0.000000 0.000000 0.000000
    97 0.000000 0.000000 0.000000 0.000000 0.000000 0.000000
    98 0.000000 0.000000 0.000000 0.000000 0.000000 0.000000
    99 0.000000 0.000000 0.000000 0.000000 0.000000 0.000000
    100 0.000000 0.000000 0.000000 0.000000 0.000000 0.000000
    101 0.000000 0.000000 0.000000 0.000000 0.000000 0.000000
    102 0.000000 0.000000 0.000000 0.000000 0.000000 0.000000
    103 0.000000 0.000000 0.000000 0.000000 0.000000 0.000000
    104 0.000000 0.000000 0.000000 0.000000 0.000000 0.000000
    105 0.000000 0.000000 0.000000 0.000000 0.000000 0.000000
    106 0.000000 0.000000 0.000000 0.000000 0.000000 0.000000
    107 0.000000 0.000000 0.000000 0.000000 0.000000 0.000000
    108 0.000000 0.000000 0.000000 0.000000 0.000000 0.000000
    109 0.000000 0.000000 0.000000 0.000000 0.000000 0.000000
    110 0.000000 0.000000 0.000000 0.000000 0.000000 0.000000
    111 0.000000 0.000000 0.000000 0.000000 0.000000 -1.570796
    112 -0.074221 -0.031251 -0.632832 0.014374 0.047806 0.015670
    113 0.000000 0.000000 0.000000 0.000000 0.000000 0.000000
    114 0.000000 0.000000 0.000000 0.000000 0.000000 0.000000
    115 -0.058596 -0.367199 0.359386 -0.028995 0.011832 -1.529118
    116 0.000000 0.000000 0.000000 0.000000 0.000000 0.000000
    117 0.000000 0.000000 0.000000 0.000000 0.000000 0.000000
    118 0.000000 0.000000 0.000000 0.000000 0.000000 0.000000
    119 0.000000 0.000000 0.000000 0.000000 0.000000 0.000000
    120 0.000000 0.000000 0.000000 0.000000 0.000000 0.000000
    121 0.000000 0.000000 0.000000 0.000000 0.000000 0.000000
    122 0.000000 0.000000 0.000000 0.000000 0.000000 0.000000
    123 0.000000 0.000000 0.000000 0.000000 0.000000 0.000000
    124 0.000000 0.000000 0.000000 0.000000 0.000000 0.000000
    125 0.000000 0.000000 0.000000 0.000000 0.000000 0.000000
    126 0.000000 0.000000 0.000000 0.000000 0.000000 0.000000
    127 0.000000 0.000000 0.000000 0.000000 0.000000 0.000000
    128 0.000000 0.000000 0.000000 0.000000 0.000000 0.000000
    129 0.000000 0.000000 0.000000 0.000000 0.000000 0.000000
    130 0.000000 0.000000 0.000000 0.000000 0.000000 0.000000
    131 0.000000 0.000000 0.000000 0.000000 0.000000 0.000000
    132 0.000000 0.000000 0.000000 0.000000 0.000000 0.000000
    133 0.000000 0.000000 0.000000 0.000000 0.000000 0.000000
    134 0.000000 0.000000 0.000000 0.000000 0.000000 0.000000
    135 0.000000 0.000000 0.000000 0.000000 0.000000 0.000000
    136 0.000000 0.000000 0.000000 0.000000 0.000000 0.000000
    137 0.000000 0.000000 0.000000 -0.002133 0.000000 0.000000
    138 -0.156255 0.125004 -1.066439 0.014473 0.047803 0.015763
    139 0.000000 0.000000 0.000000 0.000000 0.000000 0.000000
    140 0.000000 0.000000 0.000000 0.000000 0.000000 0.000000
    141 0.000000 0.000000 0.000000 0.000000 0.000000 0.000000
    142 0.000000 0.000000 0.000000 0.000000 0.000000 0.000000
    143 0.000000 0.000000 0.000000 0.000000 0.000000 0.000000
    144 0.000000 0.000000 0.000000 0.000000 0.000000 0.000000
    145 0.000000 0.000000 0.000000 0.000000 0.000000 0.000000
    146 0.000000 0.000000 0.000000 0.000000 0.000000 0.000000
    147 0.000000 0.000000 0.000000 0.000000 0.000000 0.000000
    148 0.000000 0.000000 0.000000 0.000000 0.000000 0.000000
    149 0.000000 0.000000 0.000000 0.000000 0.000000 0.000000
    150 0.000000 0.000000 0.000000 0.000000 0.000000 0.000000
    151 0.000000 0.000000 0.000000 0.000000 0.000000 0.000000
    152 0.000000 0.000000 0.000000 0.000000 0.000000 0.000000
    153 0.000000 0.000000 0.000000 0.000000 0.000000 0.000000
    154 0.000000 0.000000 0.000000 0.000000 0.000000 0.000000
    155 0.000000 0.000000 0.000000 0.000000 0.000000 0.000000
    156 0.000000 0.000000 0.000000 0.000000 0.000000 0.000000
    157 0.000000 0.000000 0.000000 0.000000 0.000000 0.000000
    158 0.000000 0.000000 0.000000 0.000000 0.000000 0.000000
    159 0.000000 0.000000 0.000000 0.000000 0.000000 0.000000
    160 0.000000 0.000000 0.000000 0.000000 0.000000 0.000000
    161 0.000000 0.000000 0.000000 0.000000 0.000000 0.000000
    162 0.000000 0.000000 0.000000 0.000000 0.000000 0.000000
    163 0.000000 0.000000 0.000000 0.000000 0.000000 0.000000
    164 0.000000 0.000000 0.000000 0.000000 0.000000 0.000000
    165 0.000000 0.000000 0.000000 0.000000 0.000000 0.000000
    166 0.000000 0.000000 0.000000 0.000000 0.000000 0.000000
    167 0.000000 0.000000 0.000000 0.000000 0.000000 0.000000
    168 0.000000 0.000000 0.000000 0.000000 0.000000 0.000000
    169 0.000000 0.000000 0.000000 0.000000 0.000000 0.000000
    170 0.000000 0.000000 0.000000 0.000000 0.000000 0.000000
    171 0.000000 0.000000 0.000000 0.000000 0.000000 0.000000
    172 0.000000 0.000000 0.000000 0.000000 0.000000 0.000000
    173 0.000000 0.000000 0.000000 0.000000 0.002133 0.000000
    174 0.000000 0.000000 0.000000 -0.012198 0.000000 0.000024
    175 0.000000 0.000000 0.000000 0.000000 0.000000 0.000000
    176 0.000000 0.000000 0.000000 0.000000 0.000000 0.000000
    177 0.000000 0.000000 0.000000 0.000000 0.000000 0.000000
    178 0.000000 0.000000 0.000000 0.000000 0.000000 0.000000
    179 0.000000 0.000000 0.000000 0.000000 0.000000 0.000000
    180 0.000000 0.000000 0.000000 0.000000 0.000000 0.000000
    181 0.000000 0.000000 0.000000 0.000000 0.000000 0.000000
    182 0.000000 0.000000 0.000000 0.000000 0.000000 0.000000
    183 0.000000 0.000000 0.000000 0.000000 0.000000 0.000000
    184 0.000000 0.000000 0.000000 0.000000 0.000000 0.000000
    185 0.000000 0.000000 0.000000 0.000000 0.000000 0.000000
    186 0.000000 0.000000 0.000000 0.000000 0.000000 0.000000
    187 0.000000 0.000000 0.000000 0.000000 0.000000 0.000000
    188 0.000000 0.000000 0.000000 0.000000 0.000000 0.000000
    189 0.000000 0.000000 0.000000 0.000000 0.000000 0.000000
    190 0.000000 0.000000 0.000000 0.000000 0.000000 0.000000
    191 0.000000 0.000000 0.000000 0.000000 0.000000 0.000000
    192 0.000000 0.000000 0.000000 0.000000 0.000000 0.000000
    193 0.000000 0.000000 0.000000 0.000000 0.000000 0.000000
    194 0.000000 0.000000 0.000000 0.000000 0.000000 0.000000
    195 0.000000 0.000000 0.000000 0.000000 0.000000 0.000000
    196 0.000000 0.000000 0.000000 0.000000 0.000000 0.000000
    197 0.000000 0.000000 0.000000 0.000000 0.000000 0.000000
    198 0.000000 0.000000 0.000000 0.000000 0.000000 0.000000
    199 0.000000 0.000000 0.000000 0.000000 0.000000 0.000000
    200 0.000000 0.000000 0.000000 0.000000 0.000000 0.000000
    201 0.000000 0.000000 0.000000 0.000000 0.000000 0.000000
    202 0.000000 0.000000 0.000000 0.000000 0.000000 0.000000
    203 0.000000 0.000000 0.000000 0.000000 0.000000 0.000000
    204 0.000000 0.000000 0.000000 0.000000 0.000000 0.000000
    205 0.000000 0.000000 0.000000 0.000000 0.000000 0.000000
    206 0.000000 0.000000 0.000000 0.000000 0.000000 0.000000
    207 0.000000 0.000000 0.000000 0.000000 0.000000 0.000000
  time 16
    0 0.000000 0.000000 0.000000 0.000000 0.000000 -1.570796
    1 0.000000 0.000000 0.000000 0.000000 0.000000 0.000000
    2 0.000000 0.000000 0.000000 0.000000 0.000000 0.000000
    3 0.000000 0.000000 0.000000 0.000000 0.000000 0.000000
    4 0.000000 0.000000 0.000000 0.000000 0.000000 0.000000
    5 0.000000 0.000000 0.000000 0.000000 0.000000 0.000000
    6 0.000000 0.000000 0.000000 0.000000 0.000000 0.000000
    7 0.000000 0.000000 0.000000 0.000000 0.000000 0.000000
    8 0.273446 0.050783 -0.070315 -0.033196 -0.017513 -0.014821
    9 0.000000 0.000000 0.000000 -0.004273 0.008086 0.053469
    10 0.000000 0.000000 0.000000 0.000000 0.000000 0.000000
    11 0.000000 0.000000 0.000000 0.000000 0.000000 0.000000
    12 0.000000 0.000000 0.000000 0.000000 0.000000 0.000000
    13 0.000000 0.000000 0.000000 0.003483 0.000000 0.000000
    14 0.000000 0.000000 0.000000 0.000000 0.000000 -0.076956
    15 0.000000 0.000000 0.000000 0.000000 0.000000 0.000000
    16 0.000000 0.000000 0.000000 0.000000 0.000000 0.000000
    17 0.000000 0.000000 0.000000 0.000000 0.000000 0.000000
    18 0.000000 0.000000 0.000000 0.000000 0.000000 0.000000
    19 0.000000 0.000000 0.000000 -0.013295 0.000000 -0.000060
    20 0.000000 0.000000 0.000000 0.000000 0.000000 0.037789
    21 0.000000 0.000000 0.000000 0.010325 -0.040048 0.042005
    22 0.000000 0.000000 0.000000 0.000000 0.000000 0.000000
    23 0.000000 0.000000 0.000000 0.000000 0.000000 0.000000
    24 0.000000 0.000000 0.000000 0.000000 0.000000 0.000000
    25 0.000000 0.000000 0.000000 0.000000 0.000000 0.000000
    26 0.000000 0.000000 0.000000 0.000000 0.000000 0.000000
    27 0.000000 0.000000 0.000000 0.000000 0.000000 0.000000
    28 0.000000 0.000000 0.000000 0.000000 0.000000 0.000000
    29 0.000000 0.000000 0.000000 0.000000 0.000000 0.000000
    30 0.000000 0.000000 0.000000 0.000000 0.000000 0.000000
    31 0.000000 0.000000 0.000000 0.000000 0.000000 0.000000
    32 0.000000 0.000000 0.000000 0.000000 0.000000 0.000000
    33 0.000000 0.000000 0.000000 0.000000 0.000000 0.000000
    34 0.000000 0.000000 0.000000 0.000000 0.000000 0.000000
    35 0.000000 0.000000 0.000000 0.000000 0.000000 0.000000
    36 0.000000 0.000000 0.000000 0.000000 0.000000 0.000000
    37 0.000000 0.000000 0.000000 0.000000 0.000000 0.000000
    38 0.000000 0.000000 0.000000 0.000000 0.000000 0.000000
    39 0.000000 0.000000 0.000000 0.000000 0.000000 0.000000
    40 0.000000 0.000000 0.000000 0.000000 0.000000 0.000000
    41 0.000000 0.000000 0.000000 0.000000 0.000000 0.000000
    42 0.000000 0.000000 0.000000 0.000000 0.000000 0.000000
    43 0.000000 0.000000 0.000000 0.000000 0.000000 0.000000
    44 0.000000 0.000000 0.000000 0.000000 0.000000 0.000000
    45 0.000000 0.000000 0.000000 0.000000 0.000000 0.000000
    46 0.000000 0.000000 0.000000 0.000000 0.000000 0.000000
    47 0.000000 0.000000 0.000000 0.000000 0.000000 0.000000
    48 0.000000 0.000000 0.000000 0.000000 0.000000 0.000000
    49 0.000000 0.000000 0.000000 0.000000 0.000000 0.000000
    50 0.000000 0.000000 0.000000 0.000000 0.000000 0.000000
    51 0.000000 0.000000 0.000000 0.000000 0.000000 0.000000
    52 0.000000 0.000000 0.000000 0.000000 0.000000 0.000000
    53 0.000000 0.000000 0.000000 0.000000 0.000000 0.000000
    54 0.000000 0.000000 0.000000 0.000000 0.000000 0.000000
    55 0.000000 0.000000 0.000000 0.000000 0.000000 0.000000
    56 0.000000 0.000000 0.000000 0.000000 0.000000 0.000000
    57 0.000000 0.000000 0.000000 0.000000 0.000000 0.000000
    58 0.000000 0.000000 0.000000 0.000000 0.000000 0.000000
    59 0.000000 0.000000 0.000000 0.000000 0.000000 0.000000
    60 0.000000 0.000000 0.000000 0.000000 0.000000 0.000000
    61 0.000000 0.000000 0.000000 0.000000 0.000000 0.000000
    62 0.000000 0.000000 0.000000 0.000000 0.000000 0.000000
    63 0.000000 0.000000 0.000000 0.000000 0.000000 0.000000
    64 0.000000 0.000000 0.000000 0.000000 0.000000 0.000000
    65 0.000000 0.000000 0.000000 0.000000 0.000000 0.000000
    66 0.000000 0.000000 0.000000 0.000000 0.000000 0.000000
    67 0.000000 0.000000 0.000000 0.000000 0.000000 0.000000
    68 0.000000 0.000000 0.000000 0.000000 0.000000 0.000000
    69 0.000000 0.000000 0.000000 0.000000 0.000000 0.000000
    70 0.000000 0.000000 0.000000 0.000000 0.000000 0.000000
    71 0.000000 0.000000 0.000000 0.000000 0.000000 0.000000
    72 0.000000 0.000000 0.000000 0.000000 0.000000 0.000000
    73 0.000000 0.000000 0.000000 0.000000 0.000000 0.000000
    74 0.000000 0.000000 0.000000 0.000000 0.000000 0.000000
    75 0.000000 0.000000 0.000000 0.000000 0.000000 0.000000
    76 0.000000 0.000000 0.000000 0.000000 0.000000 0.000000
    77 0.000000 0.000000 0.000000 0.000000 0.000000 0.000000
    78 0.000000 0.000000 0.000000 0.000000 0.000000 0.000000
    79 0.000000 0.000000 0.000000 0.000000 0.000000 0.000000
    80 0.000000 0.000000 0.000000 0.000000 0.000000 0.000000
    81 0.000000 0.000000 0.000000 0.000000 0.000000 0.000000
    82 0.000000 0.000000 0.000000 0.000000 0.000000 0.000000
    83 0.000000 0.000000 0.000000 0.000000 0.000000 0.000000
    84 0.000000 0.000000 0.000000 0.000000 0.000000 0.000000
    85 0.000000 0.000000 0.000000 0.000000 0.000000 0.000000
    86 0.000000 0.000000 0.000000 0.000000 0.000000 0.000000
    87 0.000000 0.000000 0.000000 0.000000 0.000000 0.000000
    88 0.000000 0.000000 0.000000 0.000000 0.000000 0.000000
    89 0.000000 0.000000 0.000000 0.000000 0.000000 0.000000
    90 0.000000 0.000000 0.000000 0.000000 0.000000 0.000000
    91 0.000000 0.000000 0.000000 0.000000 0.000000 0.000000
    92 0.000000 0.000000 0.000000 0.000000 0.000000 0.000000
    93 0.000000 0.000000 0.000000 0.000000 0.000000 0.000000
    94 0.000000 0.000000 0.000000 0.000000 0.000000 0.000000
    95 0.000000 0.000000 0.000000 0.000000 0.000000 0.000000
    96 0.000000 0.000000 0.000000 0.000000 0.000000 0.000000
    97 0.000000 0.000000 0.000000 0.000000 0.000000 0.000000
    98 0.000000 0.000000 0.000000 0.000000 0.000000 0.000000
    99 0.000000 0.000000 0.000000 0.000000 0.000000 0.000000
    100 0.000000 0.000000 0.000000 0.000000 0.000000 0.000000
    101 0.000000 0.000000 0.000000 0.000000 0.000000 0.000000
    102 0.000000 0.000000 0.000000 0.000000 0.000000 0.000000
    103 0.000000 0.000000 0.000000 0.000000 0.000000 0.000000
    104 0.000000 0.000000 0.000000 0.000000 0.000000 0.000000
    105 0.000000 0.000000 0.000000 0.000000 0.000000 0.000000
    106 0.000000 0.000000 0.000000 0.000000 0.000000 0.000000
    107 0.000000 0.000000 0.000000 0.000000 0.000000 0.000000
    108 0.000000 0.000000 0.000000 0.000000 0.000000 0.000000
    109 0.000000 0.000000 0.000000 0.000000 0.000000 0.000000
    110 0.000000 0.000000 0.000000 0.000000 0.000000 0.000000
    111 0.000000 0.000000 0.000000 0.000000 0.000000 -1.570796
    112 -0.058596 0.000000 -0.558611 0.016674 0.033946 0.014364
    113 0.000000 0.000000 0.000000 0.000000 0.000000 0.000000
    114 0.000000 0.000000 0.000000 0.000000 0.000000 0.000000
    115 -0.074221 -0.136723 0.367199 -0.016461 0.009921 -1.535468
    116 0.000000 0.000000 0.000000 0.000000 0.000000 0.000000
    117 0.000000 0.000000 0.000000 0.000000 0.000000 0.000000
    118 0.000000 0.000000 0.000000 0.000000 0.000000 0.000000
    119 0.000000 0.000000 0.000000 0.000000 0.000000 0.000000
    120 0.000000 0.000000 0.000000 0.000000 0.000000 0.000000
    121 0.000000 0.000000 0.000000 0.000000 0.000000 0.000000
    122 0.000000 0.000000 0.000000 0.000000 0.000000 0.000000
    123 0.000000 0.000000 0.000000 0.000000 0.000000 0.000000
    124 0.000000 0.000000 0.000000 0.000000 0.000000 0.000000
    125 0.000000 0.000000 0.000000 0.000000 0.000000 0.000000
    126 0.000000 0.000000 0.000000 0.000000 0.000000 0.000000
    127 0.000000 0.000000 0.000000 0.000000 0.000000 0.000000
    128 0.000000 0.000000 0.000000 0.000000 0.000000 0.000000
    129 0.000000 0.000000 0.000000 0.000000 0.000000 0.000000
    130 0.000000 0.000000 0.000000 0.000000 0.000000 0.000000
    131 0.000000 0.000000 0.000000 0.000000 0.000000 0.000000
    132 0.000000 0.000000 0.000000 0.000000 0.000000 0.000000
    133 0.000000 0.000000 0.000000 0.000000 0.000000 0.000000
    134 0.000000 0.000000 0.000000 0.000000 0.000000 0.000000
    135 0.000000 0.000000 0.000000 0.000000 0.000000 0.000000
    136 0.000000 0.000000 0.000000 0.000000 0.000000 0.000000
    137 0.000000 0.000000 0.000000 -0.002277 0.000000 0.000000
    138 -0.105472 0.144536 -0.867214 0.016699 0.033991 0.014457
    139 0.000000 0.000000 0.000000 0.000000 0.000000 0.000000
    140 0.000000 0.000000 0.000000 0.000000 0.000000 0.000000
    141 0.000000 0.000000 0.000000 0.000000 0.000000 0.000000
    142 0.000000 0.000000 0.000000 0.000000 0.000000 0.000000
    143 0.000000 0.000000 0.000000 0.000000 0.000000 0.000000
    144 0.000000 0.000000 0.000000 0.000000 0.000000 0.000000
    145 0.000000 0.000000 0.000000 0.000000 0.000000 0.000000
    146 0.000000 0.000000 0.000000 0.000000 0.000000 0.000000
    147 0.000000 0.000000 0.000000 0.000000 0.000000 0.000000
    148 0.000000 0.000000 0.000000 0.000000 0.000000 0.000000
    149 0.000000 0.000000 0.000000 0.000000 0.000000 0.000000
    150 0.000000 0.000000 0.000000 0.000000 0.000000 0.000000
    151 0.000000 0.000000 0.000000 0.000000 0.000000 0.000000
    152 0.000000 0.000000 0.000000 0.000000 0.000000 0.000000
    153 0.000000 0.000000 0.000000 0.000000 0.000000 0.000000
    154 0.000000 0.000000 0.000000 0.000000 0.000000 0.000000
    155 0.000000 0.000000 0.000000 0.000000 0.000000 0.000000
    156 0.000000 0.000000 0.000000 0.000000 0.000000 0.000000
    157 0.000000 0.000000 0.000000 0.000000 0.000000 0.000000
    158 0.000000 0.000000 0.000000 0.000000 0.000000 0.000000
    159 0.000000 0.000000 0.000000 0.000000 0.000000 0.000000
    160 0.000000 0.000000 0.000000 0.000000 0.000000 0.000000
    161 0.000000 0.000000 0.000000 0.000000 0.000000 0.000000
    162 0.000000 0.000000 0.000000 0.000000 0.000000 0.000000
    163 0.000000 0.000000 0.000000 0.000000 0.000000 0.000000
    164 0.000000 0.000000 0.000000 0.000000 0.000000 0.000000
    165 0.000000 0.000000 0.000000 0.000000 0.000000 0.000000
    166 0.000000 0.000000 0.000000 0.000000 0.000000 0.000000
    167 0.000000 0.000000 0.000000 0.000000 0.000000 0.000000
    168 0.000000 0.000000 0.000000 0.000000 0.000000 0.000000
    169 0.000000 0.000000 0.000000 0.000000 0.000000 0.000000
    170 0.000000 0.000000 0.000000 0.000000 0.000000 0.000000
    171 0.000000 0.000000 0.000000 0.000000 0.000000 0.000000
    172 0.000000 0.000000 0.000000 0.000000 0.000000 0.000000
    173 0.000000 0.000000 0.000000 0.000000 0.002277 0.000000
    174 0.000000 0.000000 0.000000 -0.006723 0.000000 0.000060
    175 0.000000 0.000000 0.000000 0.000000 0.000000 0.000000
    176 0.000000 0.000000 0.000000 0.000000 0.000000 0.000000
    177 0.000000 0.000000 0.000000 0.000000 0.000000 0.000000
    178 0.000000 0.000000 0.000000 0.000000 0.000000 0.000000
    179 0.000000 0.000000 0.000000 0.000000 0.000000 0.000000
    180 0.000000 0.000000 0.000000 0.000000 0.000000 0.000000
    181 0.000000 0.000000 0.000000 0.000000 0.000000 0.000000
    182 0.000000 0.000000 0.000000 0.000000 0.000000 0.000000
    183 0.000000 0.000000 0.000000 0.000000 0.000000 0.000000
    184 0.000000 0.000000 0.000000 0.000000 0.000000 0.000000
    185 0.000000 0.000000 0.000000 0.000000 0.000000 0.000000
    186 0.000000 0.000000 0.000000 0.000000 0.000000 0.000000
    187 0.000000 0.000000 0.000000 0.000000 0.000000 0.000000
    188 0.000000 0.000000 0.000000 0.000000 0.000000 0.000000
    189 0.000000 0.000000 0.000000 0.000000 0.000000 0.000000
    190 0.000000 0.000000 0.000000 0.000000 0.000000 0.000000
    191 0.000000 0.000000 0.000000 0.000000 0.000000 0.000000
    192 0.000000 0.000000 0.000000 0.000000 0.000000 0.000000
    193 0.000000 0.000000 0.000000 0.000000 0.000000 0.000000
    194 0.000000 0.000000 0.000000 0.000000 0.000000 0.000000
    195 0.000000 0.000000 0.000000 0.000000 0.000000 0.000000
    196 0.000000 0.000000 0.000000 0.000000 0.000000 0.000000
    197 0.000000 0.000000 0.000000 0.000000 0.000000 0.000000
    198 0.000000 0.000000 0.000000 0.000000 0.000000 0.000000
    199 0.000000 0.000000 0.000000 0.000000 0.000000 0.000000
    200 0.000000 0.000000 0.000000 0.000000 0.000000 0.000000
    201 0.000000 0.000000 0.000000 0.000000 0.000000 0.000000
    202 0.000000 0.000000 0.000000 0.000000 0.000000 0.000000
    203 0.000000 0.000000 0.000000 0.000000 0.000000 0.000000
    204 0.000000 0.000000 0.000000 0.000000 0.000000 0.000000
    205 0.000000 0.000000 0.000000 0.000000 0.000000 0.000000
    206 0.000000 0.000000 0.000000 0.000000 0.000000 0.000000
    207 0.000000 0.000000 0.000000 0.000000 0.000000 0.000000
  time 17
    0 0.000000 0.000000 0.000000 0.000000 0.000000 -1.570796
    1 0.000000 0.000000 0.000000 0.000000 0.000000 0.000000
    2 0.000000 0.000000 0.000000 0.000000 0.000000 0.000000
    3 0.000000 0.000000 0.000000 0.000000 0.000000 0.000000
    4 0.000000 0.000000 0.000000 0.000000 0.000000 0.000000
    5 0.000000 0.000000 0.000000 0.000000 0.000000 0.000000
    6 0.000000 0.000000 0.000000 0.000000 0.000000 0.000000
    7 0.000000 0.000000 0.000000 0.000000 0.000000 0.000000
    8 -0.019532 0.031251 -0.007813 -0.017919 -0.015901 -0.010108
    9 0.000000 0.000000 0.000000 -0.003513 0.006462 0.041959
    10 0.000000 0.000000 0.000000 0.000000 0.000000 0.000000
    11 0.000000 0.000000 0.000000 0.000000 0.000000 0.000000
    12 0.000000 0.000000 0.000000 0.000000 0.000000 0.000000
    13 0.000000 0.000000 0.000000 0.002981 0.000000 0.000000
    14 0.000000 0.000000 0.000000 0.000000 0.000000 -0.056375
    15 0.000000 0.000000 0.000000 0.000000 0.000000 0.000000
    16 0.000000 0.000000 0.000000 0.000000 0.000000 0.000000
    17 0.000000 0.000000 0.000000 0.000000 0.000000 0.000000
    18 0.000000 0.000000 0.000000 0.000000 0.000000 0.000000
    19 0.000000 0.000000 0.000000 0.001077 0.000000 -0.000060
    20 0.000000 0.000000 0.000000 0.000000 0.000000 0.028527
    21 0.000000 0.000000 0.000000 0.013894 -0.028131 0.021777
    22 0.000000 0.000000 0.000000 0.000000 0.000000 0.000000
    23 0.000000 0.000000 0.000000 0.000000 0.000000 0.000000
    24 0.000000 0.000000 0.000000 0.000000 0.000000 0.000000
    25 0.000000 0.000000 0.000000 0.000000 0.000000 0.000000
    26 0.000000 0.000000 0.000000 0.000000 0.000000 0.000000
    27 0.000000 0.000000 0.000000 0.000000 0.000000 0.000000
    28 0.000000 0.000000 0.000000 0.000000 0.000000 0.000000
    29 0.000000 0.000000 0.000000 0.000000 0.000000 0.000000
    30 0.000000 0.000000 0.000000 0.000000 0.000000 0.000000
    31 0.000000 0.000000 0.000000 0.000000 0.000000 0.000000
    32 0.000000 0.000000 0.000000 0.000000 0.000000 0.000000
    33 0.000000 0.000000 0.000000 0.000000 0.000000 0.000000
    34 0.000000 0.000000 0.000000 0.000000 0.000000 0.000000
    35 0.000000 0.000000 0.000000 0.000000 0.000000 0.000000
    36 0.000000 0.000000 0.000000 0.000000 0.000000 0.000000
    37 0.000000 0.000000 0.000000 0.000000 0.000000 0.000000
    38 0.000000 0.000000 0.000000 0.000000 0.000000 0.000000
    39 0.000000 0.000000 0.000000 0.000000 0.000000 0.000000
    40 0.000000 0.000000 0.000000 0.000000 0.000000 0.000000
    41 0.000000 0.000000 0.000000 0.000000 0.000000 0.000000
    42 0.000000 0.000000 0.000000 0.000000 0.000000 0.000000
    43 0.000000 0.000000 0.000000 0.000000 0.000000 0.000000
    44 0.000000 0.000000 0.000000 0.000000 0.000000 0.000000
    45 0.000000 0.000000 0.000000 0.000000 0.000000 0.000000
    46 0.000000 0.000000 0.000000 0.000000 0.000000 0.000000
    47 0.000000 0.000000 0.000000 0.000000 0.000000 0.000000
    48 0.000000 0.000000 0.000000 0.000000 0.000000 0.000000
    49 0.000000 0.000000 0.000000 0.000000 0.000000 0.000000
    50 0.000000 0.000000 0.000000 0.000000 0.000000 0.000000
    51 0.000000 0.000000 0.000000 0.000000 0.000000 0.000000
    52 0.000000 0.000000 0.000000 0.000000 0.000000 0.000000
    53 0.000000 0.000000 0.000000 0.000000 0.000000 0.000000
    54 0.000000 0.000000 0.000000 0.000000 0.000000 0.000000
    55 0.000000 0.000000 0.000000 0.000000 0.000000 0.000000
    56 0.000000 0.000000 0.000000 0.000000 0.000000 0.000000
    57 0.000000 0.000000 0.000000 0.000000 0.000000 0.000000
    58 0.000000 0.000000 0.000000 0.000000 0.000000 0.000000
    59 0.000000 0.000000 0.000000 0.000000 0.000000 0.000000
    60 0.000000 0.000000 0.000000 0.000000 0.000000 0.000000
    61 0.000000 0.000000 0.000000 0.000000 0.000000 0.000000
    62 0.000000 0.000000 0.000000 0.000000 0.000000 0.000000
    63 0.000000 0.000000 0.000000 0.000000 0.000000 0.000000
    64 0.000000 0.000000 0.000000 0.000000 0.000000 0.000000
    65 0.000000 0.000000 0.000000 0.000000 0.000000 0.000000
    66 0.000000 0.000000 0.000000 0.000000 0.000000 0.000000
    67 0.000000 0.000000 0.000000 0.000000 0.000000 0.000000
    68 0.000000 0.000000 0.000000 0.000000 0.000000 0.000000
    69 0.000000 0.000000 0.000000 0.000000 0.000000 0.000000
    70 0.000000 0.000000 0.000000 0.000000 0.000000 0.000000
    71 0.000000 0.000000 0.000000 0.000000 0.000000 0.000000
    72 0.000000 0.000000 0.000000 0.000000 0.000000 0.000000
    73 0.000000 0.000000 0.000000 0.000000 0.000000 0.000000
    74 0.000000 0.000000 0.000000 0.000000 0.000000 0.000000
    75 0.000000 0.000000 0.000000 0.000000 0.000000 0.000000
    76 0.000000 0.000000 0.000000 0.000000 0.000000 0.000000
    77 0.000000 0.000000 0.000000 0.000000 0.000000 0.000000
    78 0.000000 0.000000 0.000000 0.000000 0.000000 0.000000
    79 0.000000 0.000000 0.000000 0.000000 0.000000 0.000000
    80 0.000000 0.000000 0.000000 0.000000 0.000000 0.000000
    81 0.000000 0.000000 0.000000 0.000000 0.000000 0.000000
    82 0.000000 0.000000 0.000000 0.000000 0.000000 0.000000
    83 0.000000 0.000000 0.000000 0.000000 0.000000 0.000000
    84 0.000000 0.000000 0.000000 0.000000 0.000000 0.000000
    85 0.000000 0.000000 0.000000 0.000000 0.000000 0.000000
    86 0.000000 0.000000 0.000000 0.000000 0.000000 0.000000
    87 0.000000 0.000000 0.000000 0.000000 0.000000 0.000000
    88 0.000000 0.000000 0.000000 0.000000 0.000000 0.000000
    89 0.000000 0.000000 0.000000 0.000000 0.000000 0.000000
    90 0.000000 0.000000 0.000000 0.000000 0.000000 0.000000
    91 0.000000 0.000000 0.000000 0.000000 0.000000 0.000000
    92 0.000000 0.000000 0.000000 0.000000 0.000000 0.000000
    93 0.000000 0.000000 0.000000 0.000000 0.000000 0.000000
    94 0.000000 0.000000 0.000000 0.000000 0.000000 0.000000
    95 0.000000 0.000000 0.000000 0.000000 0.000000 0.000000
    96 0.000000 0.000000 0.000000 0.000000 0.000000 0.000000
    97 0.000000 0.000000 0.000000 0.000000 0.000000 0.000000
    98 0.000000 0.000000 0.000000 0.000000 0.000000 0.000000
    99 0.000000 0.000000 0.000000 0.000000 0.000000 0.000000
    100 0.000000 0.000000 0.000000 0.000000 0.000000 0.000000
    101 0.000000 0.000000 0.000000 0.000000 0.000000 0.000000
    102 0.000000 0.000000 0.000000 0.000000 0.000000 0.000000
    103 0.000000 0.000000 0.000000 0.000000 0.000000 0.000000
    104 0.000000 0.000000 0.000000 0.000000 0.000000 0.000000
    105 0.000000 0.000000 0.000000 0.000000 0.000000 0.000000
    106 0.000000 0.000000 0.000000 0.000000 0.000000 0.000000
    107 0.000000 0.000000 0.000000 0.000000 0.000000 0.000000
    108 0.000000 0.000000 0.000000 0.000000 0.000000 0.000000
    109 0.000000 0.000000 0.000000 0.000000 0.000000 0.000000
    110 0.000000 0.000000 0.000000 0.000000 0.000000 0.000000
    111 0.000000 0.000000 0.000000 0.000000 0.000000 -1.570796
    112 -0.039064 0.019532 -0.441420 0.015429 0.018589 0.009887
    113 0.000000 0.000000 0.000000 0.000000 0.000000 0.000000
    114 0.000000 0.000000 0.000000 0.000000 0.000000 0.000000
    115 -0.058596 0.113285 0.285165 -0.005286 0.007873 -1.546648
    116 0.000000 0.000000 0.000000 0.000000 0.000000 0.000000
    117 0.000000 0.000000 0.000000 0.000000 0.000000 0.000000
    118 0.000000 0.000000 0.000000 0.000000 0.000000 0.000000
    119 0.000000 0.000000 0.000000 0.000000 0.000000 0.000000
    120 0.000000 0.000000 0.000000 0.000000 0.000000 0.000000
    121 0.000000 0.000000 0.000000 0.000000 0.000000 0.000000
    122 0.000000 0.000000 0.000000 0.000000 0.000000 0.000000
    123 0.000000 0.000000 0.000000 0.000000 0.000000 0.000000
    124 0.000000 0.000000 0.000000 0.000000 0.000000 0.000000
    125 0.000000 0.000000 0.000000 0.000000 0.000000 0.000000
    126 0.000000 0.000000 0.000000 0.000000 0.000000 0.000000
    127 0.000000 0.000000 0.000000 0.000000 0.000000 0.000000
    128 0.000000 0.000000 0.000000 0.000000 0.000000 0.000000
    129 0.000000 0.000000 0.000000 0.000000 0.000000 0.000000
    130 0.000000 0.000000 0.000000 0.000000 0.000000 0.000000
    131 0.000000 0.000000 0.000000 0.000000 0.000000 0.000000
    132 0.000000 0.000000 0.000000 0.000000 0.000000 0.000000
    133 0.000000 0.000000 0.000000 0.000000 0.000000 0.000000
    134 0.000000 0.000000 0.000000 0.000000 0.000000 0.000000
    135 0.000000 0.000000 0.000000 0.000000 0.000000 0.000000
    136 0.000000 0.000000 0.000000 0.000000 0.000000 0.000000
    137 0.000000 0.000000 0.000000 -0.002433 0.000000 0.000000
    138 -0.070315 0.132817 -0.613300 0.015415 0.018587 0.009887
    139 0.000000 0.000000 0.000000 0.000000 0.000000 0.000000
    140 0.000000 0.000000 0.000000 0.000000 0.000000 0.000000
    141 0.000000 0.000000 0.000000 0.000000 0.000000 0.000000
    142 0.000000 0.000000 0.000000 0.000000 0.000000 0.000000
    143 0.000000 0.000000 0.000000 0.000000 0.000000 0.000000
    144 0.000000 0.000000 0.000000 0.000000 0.000000 0.000000
    145 0.000000 0.000000 0.000000 0.000000 0.000000 0.000000
    146 0.000000 0.000000 0.000000 0.000000 0.000000 0.000000
    147 0.000000 0.000000 0.000000 0.000000 0.000000 0.000000
    148 0.000000 0.000000 0.000000 0.000000 0.000000 0.000000
    149 0.000000 0.000000 0.000000 0.000000 0.000000 0.000000
    150 0.000000 0.000000 0.000000 0.000000 0.000000 0.000000
    151 0.000000 0.000000 0.000000 0.000000 0.000000 0.000000
    152 0.000000 0.000000 0.000000 0.000000 0.000000 0.000000
    153 0.000000 0.000000 0.000000 0.000000 0.000000 0.000000
    154 0.000000 0.000000 0.000000 0.000000 0.000000 0.000000
    155 0.000000 0.000000 0.000000 0.000000 0.000000 0.000000
    156 0.000000 0.000000 0.000000 0.000000 0.000000 0.000000
    157 0.000000 0.000000 0.000000 0.000000 0.000000 0.000000
    158 0.000000 0.000000 0.000000 0.000000 0.000000 0.000000
    159 0.000000 0.000000 0.000000 0.000000 0.000000 0.000000
    160 0.000000 0.000000 0.000000 0.000000 0.000000 0.000000
    161 0.000000 0.000000 0.000000 0.000000 0.000000 0.000000
    162 0.000000 0.000000 0.000000 0.000000 0.000000 0.000000
    163 0.000000 0.000000 0.000000 0.000000 0.000000 0.000000
    164 0.000000 0.000000 0.000000 0.000000 0.000000 0.000000
    165 0.000000 0.000000 0.000000 0.000000 0.000000 0.000000
    166 0.000000 0.000000 0.000000 0.000000 0.000000 0.000000
    167 0.000000 0.000000 0.000000 0.000000 0.000000 0.000000
    168 0.000000 0.000000 0.000000 0.000000 0.000000 0.000000
    169 0.000000 0.000000 0.000000 0.000000 0.000000 0.000000
    170 0.000000 0.000000 0.000000 0.000000 0.000000 0.000000
    171 0.000000 0.000000 0.000000 0.000000 0.000000 0.000000
    172 0.000000 0.000000 0.000000 0.000000 0.000000 0.000000
    173 0.000000 0.000000 0.000000 0.000000 0.002433 0.000000
    174 0.000000 0.000000 0.000000 -0.000478 0.000000 0.000024
    175 0.000000 0.000000 0.000000 0.000000 0.000000 0.000000
    176 0.000000 0.000000 0.000000 0.000000 0.000000 0.000000
    177 0.000000 0.000000 0.000000 0.000000 0.000000 0.000000
    178 0.000000 0.000000 0.000000 0.000000 0.000000 0.000000
    179 0.000000 0.000000 0.000000 0.000000 0.000000 0.000000
    180 0.000000 0.000000 0.000000 0.000000 0.000000 0.000000
    181 0.000000 0.000000 0.000000 0.000000 0.000000 0.000000
    182 0.000000 0.000000 0.000000 0.000000 0.000000 0.000000
    183 0.000000 0.000000 0.000000 0.000000 0.000000 0.000000
    184 0.000000 0.000000 0.000000 0.000000 0.000000 0.000000
    185 0.000000 0.000000 0.000000 0.000000 0.000000 0.000000
    186 0.000000 0.000000 0.000000 0.000000 0.000000 0.000000
    187 0.000000 0.000000 0.000000 0.000000 0.000000 0.000000
    188 0.000000 0.000000 0.000000 0.000000 0.000000 0.000000
    189 0.000000 0.000000 0.000000 0.000000 0.000000 0.000000
    190 0.000000 0.000000 0.000000 0.000000 0.000000 0.000000
    191 0.000000 0.000000 0.000000 0.000000 0.000000 0.000000
    192 0.000000 0.000000 0.000000 0.000000 0.000000 0.000000
    193 0.000000 0.000000 0.000000 0.000000 0.000000 0.000000
    194 0.000000 0.000000 0.000000 0.000000 0.000000 0.000000
    195 0.000000 0.000000 0.000000 0.000000 0.000000 0.000000
    196 0.000000 0.000000 0.000000 0.000000 0.000000 0.000000
    197 0.000000 0.000000 0.000000 0.000000 0.000000 0.000000
    198 0.000000 0.000000 0.000000 0.000000 0.000000 0.000000
    199 0.000000 0.000000 0.000000 0.000000 0.000000 0.000000
    200 0.000000 0.000000 0.000000 0.000000 0.000000 0.000000
    201 0.000000 0.000000 0.000000 0.000000 0.000000 0.000000
    202 0.000000 0.000000 0.000000 0.000000 0.000000 0.000000
    203 0.000000 0.000000 0.000000 0.000000 0.000000 0.000000
    204 0.000000 0.000000 0.000000 0.000000 0.000000 0.000000
    205 0.000000 0.000000 0.000000 0.000000 0.000000 0.000000
    206 0.000000 0.000000 0.000000 0.000000 0.000000 0.000000
    207 0.000000 0.000000 0.000000 0.000000 0.000000 0.000000
  time 18
    0 0.000000 0.000000 0.000000 0.000000 0.000000 -1.570796
    1 0.000000 0.000000 0.000000 0.000000 0.000000 0.000000
    2 0.000000 0.000000 0.000000 0.000000 0.000000 0.000000
    3 0.000000 0.000000 0.000000 0.000000 0.000000 0.000000
    4 0.000000 0.000000 0.000000 0.000000 0.000000 0.000000
    5 0.000000 0.000000 0.000000 0.000000 0.000000 0.000000
    6 0.000000 0.000000 0.000000 0.000000 0.000000 0.000000
    7 0.000000 0.000000 0.000000 0.000000 0.000000 0.000000
    8 -0.253914 0.007813 0.007813 -0.002757 -0.014400 -0.005281
    9 0.000000 0.000000 0.000000 -0.002849 0.004900 0.030612
    10 0.000000 0.000000 0.000000 0.000000 0.000000 0.000000
    11 0.000000 0.000000 0.000000 0.000000 0.000000 0.000000
    12 0.000000 0.000000 0.000000 0.000000 0.000000 0.000000
    13 0.000000 0.000000 0.000000 0.002450 0.000000 0.000000
    14 0.000000 0.000000 0.000000 0.000000 0.000000 -0.035719
    15 0.000000 0.000000 0.000000 0.000000 0.000000 0.000000
    16 0.000000 0.000000 0.000000 0.000000 0.000000 0.000000
    17 0.000000 0.000000 0.000000 0.000000 0.000000 0.000000
    18 0.000000 0.000000 0.000000 0.000000 0.000000 0.000000
    19 0.000000 0.000000 0.000000 0.011573 0.000000 0.000000
    20 0.000000 0.000000 0.000000 0.000000 0.000000 0.019239
    21 0.000000 0.000000 0.000000 0.015048 -0.015429 0.004607
    22 0.000000 0.000000 0.000000 0.000000 0.000000 0.000000
    23 0.000000 0.000000 0.000000 0.000000 0.000000 0.000000
    24 0.000000 0.000000 0.000000 0.000000 0.000000 0.000000
    25 0.000000 0.000000 0.000000 0.000000 0.000000 0.000000
    26 0.000000 0.000000 0.000000 0.000000 0.000000 0.000000
    27 0.000000 0.000000 0.000000 0.000000 0.000000 0.000000
    28 0.000000 0.000000 0.000000 0.000000 0.000000 0.000000
    29 0.000000 0.000000 0.000000 0.000000 0.000000 0.000000
    30 0.000000 0.000000 0.000000 0.000000 0.000000 0.000000
    31 0.000000 0.000000 0.000000 0.000000 0.000000 0.000000
    32 0.000000 0.000000 0.000000 0.000000 0.000000 0.000000
    33 0.000000 0.000000 0.000000 0.000000 0.000000 0.000000
    34 0.000000 0.000000 0.000000 0.000000 0.000000 0.000000
    35 0.000000 0.000000 0.000000 0.000000 0.000000 0.000000
    36 0.000000 0.000000 0.000000 0.000000 0.000000 0.000000
    37 0.000000 0.000000 0.000000 0.000000 0.000000 0.000000
    38 0.000000 0.000000 0.000000 0.000000 0.000000 0.000000
    39 0.000000 0.000000 0.000000 0.000000 0.000000 0.000000
    40 0.000000 0.000000 0.000000 0.000000 0.000000 0.000000
    41 0.000000 0.000000 0.000000 0.000000 0.000000 0.000000
    42 0.000000 0.000000 0.000000 0.000000 0.000000 0.000000
    43 0.000000 0.000000 0.000000 0.000000 0.000000 0.000000
    44 0.000000 0.000000 0.000000 0.000000 0.000000 0.000000
    45 0.000000 0.000000 0.000000 0.000000 0.000000 0.000000
    46 0.000000 0.000000 0.000000 0.000000 0.000000 0.000000
    47 0.000000 0.000000 0.000000 0.000000 0.000000 0.000000
    48 0.000000 0.000000 0.000000 0.000000 0.000000 0.000000
    49 0.000000 0.000000 0.000000 0.000000 0.000000 0.000000
    50 0.000000 0.000000 0.000000 0.000000 0.000000 0.000000
    51 0.000000 0.000000 0.000000 0.000000 0.000000 0.000000
    52 0.000000 0.000000 0.000000 0.000000 0.000000 0.000000
    53 0.000000 0.000000 0.000000 0.000000 0.000000 0.000000
    54 0.000000 0.000000 0.000000 0.000000 0.000000 0.000000
    55 0.000000 0.000000 0.000000 0.000000 0.000000 0.000000
    56 0.000000 0.000000 0.000000 0.000000 0.000000 0.000000
    57 0.000000 0.000000 0.000000 0.000000 0.000000 0.000000
    58 0.000000 0.000000 0.000000 0.000000 0.000000 0.000000
    59 0.000000 0.000000 0.000000 0.000000 0.000000 0.000000
    60 0.000000 0.000000 0.000000 0.000000 0.000000 0.000000
    61 0.000000 0.000000 0.000000 0.000000 0.000000 0.000000
    62 0.000000 0.000000 0.000000 0.000000 0.000000 0.000000
    63 0.000000 0.000000 0.000000 0.000000 0.000000 0.000000
    64 0.000000 0.000000 0.000000 0.000000 0.000000 0.000000
    65 0.000000 0.000000 0.000000 0.000000 0.000000 0.000000
    66 0.000000 0.000000 0.000000 0.000000 0.000000 0.000000
    67 0.000000 0.000000 0.000000 0.000000 0.000000 0.000000
    68 0.000000 0.000000 0.000000 0.000000 0.000000 0.000000
    69 0.000000 0.000000 0.000000 0.000000 0.000000 0.000000
    70 0.000000 0.000000 0.000000 0.000000 0.000000 0.000000
    71 0.000000 0.000000 0.000000 0.000000 0.000000 0.000000
    72 0.000000 0.000000 0.000000 0.000000 0.000000 0.000000
    73 0.000000 0.000000 0.000000 0.000000 0.000000 0.000000
    74 0.000000 0.000000 0.000000 0.000000 0.000000 0.000000
    75 0.000000 0.000000 0.000000 0.000000 0.000000 0.000000
    76 0.000000 0.000000 0.000000 0.000000 0.000000 0.000000
    77 0.000000 0.000000 0.000000 0.000000 0.000000 0.000000
    78 0.000000 0.000000 0.000000 0.000000 0.000000 0.000000
    79 0.000000 0.000000 0.000000 0.000000 0.000000 0.000000
    80 0.000000 0.000000 0.000000 0.000000 0.000000 0.000000
    81 0.000000 0.000000 0.000000 0.000000 0.000000 0.000000
    82 0.000000 0.000000 0.000000 0.000000 0.000000 0.000000
    83 0.000000 0.000000 0.000000 0.000000 0.000000 0.000000
    84 0.000000 0.000000 0.000000 0.000000 0.000000 0.000000
    85 0.000000 0.000000 0.000000 0.000000 0.000000 0.000000
    86 0.000000 0.000000 0.000000 0.000000 0.000000 0.000000
    87 0.000000 0.000000 0.000000 0.000000 0.000000 0.000000
    88 0.000000 0.000000 0.000000 0.000000 0.000000 0.000000
    89 0.000000 0.000000 0.000000 0.000000 0.000000 0.000000
    90 0.000000 0.000000 0.000000 0.000000 0.000000 0.000000
    91 0.000000 0.000000 0.000000 0.000000 0.000000 0.000000
    92 0.000000 0.000000 0.000000 0.000000 0.000000 0.000000
    93 0.000000 0.000000 0.000000 0.000000 0.000000 0.000000
    94 0.000000 0.000000 0.000000 0.000000 0.000000 0.000000
    95 0.000000 0.000000 0.000000 0.000000 0.000000 0.000000
    96 0.000000 0.000000 0.000000 0.000000 0.000000 0.000000
    97 0.000000 0.000000 0.000000 0.000000 0.000000 0.000000
    98 0.000000 0.000000 0.000000 0.000000 0.000000 0.000000
    99 0.000000 0.000000 0.000000 0.000000 0.000000 0.000000
    100 0.000000 0.000000 0.000000 0.000000 0.000000 0.000000
    101 0.000000 0.000000 0.000000 0.000000 0.000000 0.000000
    102 0.000000 0.000000 0.000000 0.000000 0.000000 0.000000
    103 0.000000 0.000000 0.000000 0.000000 0.000000 0.000000
    104 0.000000 0.000000 0.000000 0.000000 0.000000 0.000000
    105 0.000000 0.000000 0.000000 0.000000 0.000000 0.000000
    106 0.000000 0.000000 0.000000 0.000000 0.000000 0.000000
    107 0.000000 0.000000 0.000000 0.000000 0.000000 0.000000
    108 0.000000 0.000000 0.000000 0.000000 0.000000 0.000000
    109 0.000000 0.000000 0.000000 0.000000 0.000000 0.000000
    110 0.000000 0.000000 0.000000 0.000000 0.000000 0.000000
    111 0.000000 0.000000 0.000000 0.000000 0.000000 -1.570796
    112 -0.027345 0.050783 -0.328135 0.014279 0.003278 0.005317
    113 0.000000 0.000000 0.000000 0.000000 0.000000 0.000000
    114 0.000000 0.000000 0.000000 0.000000 0.000000 0.000000
    115 -0.031251 0.304697 0.167974 0.005890 0.006007 -1.557738
    116 0.000000 0.000000 0.000000 0.000000 0.000000 0.000000
    117 0.000000 0.000000 0.000000 0.000000 0.000000 0.000000
    118 0.000000 0.000000 0.000000 0.000000 0.000000 0.000000
    119 0.000000 0.000000 0.000000 0.000000 0.000000 0.000000
    120 0.000000 0.000000 0.000000 0.000000 0.000000 0.000000
    121 0.000000 0.000000 0.000000 0.000000 0.000000 0.000000
    122 0.000000 0.000000 0.000000 0.000000 0.000000 0.000000
    123 0.000000 0.000000 0.000000 0.000000 0.000000 0.000000
    124 0.000000 0.000000 0.000000 0.000000 0.000000 0.000000
    125 0.000000 0.000000 0.000000 0.000000 0.000000 0.000000
    126 0.000000 0.000000 0.000000 0.000000 0.000000 0.000000
    127 0.000000 0.000000 0.000000 0.000000 0.000000 0.000000
    128 0.000000 0.000000 0.000000 0.000000 0.000000 0.000000
    129 0.000000 0.000000 0.000000 0.000000 0.000000 0.000000
    130 0.000000 0.000000 0.000000 0.000000 0.000000 0.000000
    131 0.000000 0.000000 0.000000 0.000000 0.000000 0.000000
    132 0.000000 0.000000 0.000000 0.000000 0.000000 0.000000
    133 0.000000 0.000000 0.000000 0.000000 0.000000 0.000000
    134 0.000000 0.000000 0.000000 0.000000 0.000000 0.000000
    135 0.000000 0.000000 0.000000 0.000000 0.000000 0.000000
    136 0.000000 0.000000 0.000000 0.000000 0.000000 0.000000
    137 0.000000 0.000000 0.000000 -0.002577 0.000000 0.000000
    138 -0.031251 0.117191 -0.359386 0.014302 0.003231 0.005223
    139 0.000000 0.000000 0.000000 0.000000 0.000000 0.000000
    140 0.000000 0.000000 0.000000 0.000000 0.000000 0.000000
    141 0.000000 0.000000 0.000000 0.000000 0.000000 0.000000
    142 0.000000 0.000000 0.000000 0.000000 0.000000 0.000000
    143 0.000000 0.000000 0.000000 0.000000 0.000000 0.000000
    144 0.000000 0.000000 0.000000 0.000000 0.000000 0.000000
    145 0.000000 0.000000 0.000000 0.000000 0.000000 0.000000
    146 0.000000 0.000000 0.000000 0.000000 0.000000 0.000000
    147 0.000000 0.000000 0.000000 0.000000 0.000000 0.000000
    148 0.000000 0.000000 0.000000 0.000000 0.000000 0.000000
    149 0.000000 0.000000 0.000000 0.000000 0.000000 0.000000
    150 0.000000 0.000000 0.000000 0.000000 0.000000 0.000000
    151 0.000000 0.000000 0.000000 0.000000 0.000000 0.000000
    152 0.000000 0.000000 0.000000 0.000000 0.000000 0.000000
    153 0.000000 0.000000 0.000000 0.000000 0.000000 0.000000
    154 0.000000 0.000000 0.000000 0.000000 0.000000 0.000000
    155 0.000000 0.000000 0.000000 0.000000 0.000000 0.000000
    156 0.000000 0.000000 0.000000 0.000000 0.000000 0.000000
    157 0.000000 0.000000 0.000000 0.000000 0.000000 0.000000
    158 0.000000 0.000000 0.000000 0.000000 0.000000 0.000000
    159 0.000000 0.000000 0.000000 0.000000 0.000000 0.000000
    160 0.000000 0.000000 0.000000 0.000000 0.000000 0.000000
    161 0.000000 0.000000 0.000000 0.000000 0.000000 0.000000
    162 0.000000 0.000000 0.000000 0.000000 0.000000 0.000000
    163 0.000000 0.000000 0.000000 0.000000 0.000000 0.000000
    164 0.000000 0.000000 0.000000 0.000000 0.000000 0.000000
    165 0.000000 0.000000 0.000000 0.000000 0.000000 0.000000
    166 0.000000 0.000000 0.000000 0.000000 0.000000 0.000000
    167 0.000000 0.000000 0.000000 0.000000 0.000000 0.000000
    168 0.000000 0.000000 0.000000 0.000000 0.000000 0.000000
    169 0.000000 0.000000 0.000000 0.000000 0.000000 0.000000
    170 0.000000 0.000000 0.000000 0.000000 0.000000 0.000000
    171 0.000000 0.000000 0.000000 0.000000 0.000000 0.000000
    172 0.000000 0.000000 0.000000 0.000000 0.000000 0.000000
    173 0.000000 0.000000 0.000000 0.000000 0.002577 0.000000
    174 0.000000 0.000000 0.000000 0.005731 0.000000 0.000000
    175 0.000000 0.000000 0.000000 0.000000 0.000000 0.000000
    176 0.000000 0.000000 0.000000 0.000000 0.000000 0.000000
    177 0.000000 0.000000 0.000000 0.000000 0.000000 0.000000
    178 0.000000 0.000000 0.000000 0.000000 0.000000 0.000000
    179 0.000000 0.000000 0.000000 0.000000 0.000000 0.000000
    180 0.000000 0.000000 0.000000 0.000000 0.000000 0.000000
    181 0.000000 0.000000 0.000000 0.000000 0.000000 0.000000
    182 0.000000 0.000000 0.000000 0.000000 0.000000 0.000000
    183 0.000000 0.000000 0.000000 0.000000 0.000000 0.000000
    184 0.000000 0.000000 0.000000 0.000000 0.000000 0.000000
    185 0.000000 0.000000 0.000000 0.000000 0.000000 0.000000
    186 0.000000 0.000000 0.000000 0.000000 0.000000 0.000000
    187 0.000000 0.000000 0.000000 0.000000 0.000000 0.000000
    188 0.000000 0.000000 0.000000 0.000000 0.000000 0.000000
    189 0.000000 0.000000 0.000000 0.000000 0.000000 0.000000
    190 0.000000 0.000000 0.000000 0.000000 0.000000 0.000000
    191 0.000000 0.000000 0.000000 0.000000 0.000000 0.000000
    192 0.000000 0.000000 0.000000 0.000000 0.000000 0.000000
    193 0.000000 0.000000 0.000000 0.000000 0.000000 0.000000
    194 0.000000 0.000000 0.000000 0.000000 0.000000 0.000000
    195 0.000000 0.000000 0.000000 0.000000 0.000000 0.000000
    196 0.000000 0.000000 0.000000 0.000000 0.000000 0.000000
    197 0.000000 0.000000 0.000000 0.000000 0.000000 0.000000
    198 0.000000 0.000000 0.000000 0.000000 0.000000 0.000000
    199 0.000000 0.000000 0.000000 0.000000 0.000000 0.000000
    200 0.000000 0.000000 0.000000 0.000000 0.000000 0.000000
    201 0.000000 0.000000 0.000000 0.000000 0.000000 0.000000
    202 0.000000 0.000000 0.000000 0.000000 0.000000 0.000000
    203 0.000000 0.000000 0.000000 0.000000 0.000000 0.000000
    204 0.000000 0.000000 0.000000 0.000000 0.000000 0.000000
    205 0.000000 0.000000 0.000000 0.000000 0.000000 0.000000
    206 0.000000 0.000000 0.000000 0.000000 0.000000 0.000000
    207 0.000000 0.000000 0.000000 0.000000 0.000000 0.000000
  time 19
    0 0.000000 0.000000 0.000000 0.000000 0.000000 -1.570796
    1 0.000000 0.000000 0.000000 0.000000 0.000000 0.000000
    2 0.000000 0.000000 0.000000 0.000000 0.000000 0.000000
    3 0.000000 0.000000 0.000000 0.000000 0.000000 0.000000
    4 0.000000 0.000000 0.000000 0.000000 0.000000 0.000000
    5 0.000000 0.000000 0.000000 0.000000 0.000000 0.000000
    6 0.000000 0.000000 0.000000 0.000000 0.000000 0.000000
    7 0.000000 0.000000 0.000000 0.000000 0.000000 0.000000
    8 -0.335948 0.000000 0.019532 0.004480 -0.010953 -0.001704
    9 0.000000 0.000000 0.000000 -0.002184 0.003338 0.019102
    10 0.000000 0.000000 0.000000 0.000000 0.000000 0.000000
    11 0.000000 0.000000 0.000000 0.000000 0.000000 0.000000
    12 0.000000 0.000000 0.000000 0.000000 0.000000 0.000000
    13 0.000000 0.000000 0.000000 0.001948 0.000000 0.000000
    14 0.000000 0.000000 0.000000 0.000000 0.000000 -0.019985
    15 0.000000 0.000000 0.000000 0.000000 0.000000 0.000000
    16 0.000000 0.000000 0.000000 0.000000 0.000000 0.000000
    17 0.000000 0.000000 0.000000 0.000000 0.000000 0.000000
    18 0.000000 0.000000 0.000000 0.000000 0.000000 0.000000
    19 0.000000 0.000000 0.000000 0.015017 0.000000 0.000000
    20 0.000000 0.000000 0.000000 0.000000 0.000000 0.009977
    21 0.000000 0.000000 0.000000 0.013180 -0.006575 -0.004732
    22 0.000000 0.000000 0.000000 0.000000 0.000000 0.000000
    23 0.000000 0.000000 0.000000 0.000000 0.000000 0.000000
    24 0.000000 0.000000 0.000000 0.000000 0.000000 0.000000
    25 0.000000 0.000000 0.000000 0.000000 0.000000 0.000000
    26 0.000000 0.000000 0.000000 0.000000 0.000000 0.000000
    27 0.000000 0.000000 0.000000 0.000000 0.000000 0.000000
    28 0.000000 0.000000 0.000000 0.000000 0.000000 0.000000
    29 0.000000 0.000000 0.000000 0.000000 0.000000 0.000000
    30 0.000000 0.000000 0.000000 0.000000 0.000000 0.000000
    31 0.000000 0.000000 0.000000 0.000000 0.000000 0.000000
    32 0.000000 0.000000 0.000000 0.000000 0.000000 0.000000
    33 0.000000 0.000000 0.000000 0.000000 0.000000 0.000000
    34 0.000000 0.000000 0.000000 0.000000 0.000000 0.000000
    35 0.000000 0.000000 0.000000 0.000000 0.000000 0.000000
    36 0.000000 0.000000 0.000000 0.000000 0.000000 0.000000
    37 0.000000 0.000000 0.000000 0.000000 0.000000 0.000000
    38 0.000000 0.000000 0.000000 0.000000 0.000000 0.000000
    39 0.000000 0.000000 0.000000 0.000000 0.000000 0.000000
    40 0.000000 0.000000 0.000000 0.000000 0.000000 0.000000
    41 0.000000 0.000000 0.000000 0.000000 0.000000 0.000000
    42 0.000000 0.000000 0.000000 0.000000 0.000000 0.000000
    43 0.000000 0.000000 0.000000 0.000000 0.000000 0.000000
    44 0.000000 0.000000 0.000000 0.000000 0.000000 0.000000
    45 0.000000 0.000000 0.000000 0.000000 0.000000 0.000000
    46 0.000000 0.000000 0.000000 0.000000 0.000000 0.000000
    47 0.000000 0.000000 0.000000 0.000000 0.000000 0.000000
    48 0.000000 0.000000 0.000000 0.000000 0.000000 0.000000
    49 0.000000 0.000000 0.000000 0.000000 0.000000 0.000000
    50 0.000000 0.000000 0.000000 0.000000 0.000000 0.000000
    51 0.000000 0.000000 0.000000 0.000000 0.000000 0.000000
    52 0.000000 0.000000 0.000000 0.000000 0.000000 0.000000
    53 0.000000 0.000000 0.000000 0.000000 0.000000 0.000000
    54 0.000000 0.000000 0.000000 0.000000 0.000000 0.000000
    55 0.000000 0.000000 0.000000 0.000000 0.000000 0.000000
    56 0.000000 0.000000 0.000000 0.000000 0.000000 0.000000
    57 0.000000 0.000000 0.000000 0.000000 0.000000 0.000000
    58 0.000000 0.000000 0.000000 0.000000 0.000000 0.000000
    59 0.000000 0.000000 0.000000 0.000000 0.000000 0.000000
    60 0.000000 0.000000 0.000000 0.000000 0.000000 0.000000
    61 0.000000 0.000000 0.000000 0.000000 0.000000 0.000000
    62 0.000000 0.000000 0.000000 0.000000 0.000000 0.000000
    63 0.000000 0.000000 0.000000 0.000000 0.000000 0.000000
    64 0.000000 0.000000 0.000000 0.000000 0.000000 0.000000
    65 0.000000 0.000000 0.000000 0.000000 0.000000 0.000000
    66 0.000000 0.000000 0.000000 0.000000 0.000000 0.000000
    67 0.000000 0.000000 0.000000 0.000000 0.000000 0.000000
    68 0.000000 0.000000 0.000000 0.000000 0.000000 0.000000
    69 0.000000 0.000000 0.000000 0.000000 0.000000 0.000000
    70 0.000000 0.000000 0.000000 0.000000 0.000000 0.000000
    71 0.000000 0.000000 0.000000 0.000000 0.000000 0.000000
    72 0.000000 0.000000 0.000000 0.000000 0.000000 0.000000
    73 0.000000 0.000000 0.000000 0.000000 0.000000 0.000000
    74 0.000000 0.000000 0.000000 0.000000 0.000000 0.000000
    75 0.000000 0.000000 0.000000 0.000000 0.000000 0.000000
    76 0.000000 0.000000 0.000000 0.000000 0.000000 0.000000
    77 0.000000 0.000000 0.000000 0.000000 0.000000 0.000000
    78 0.000000 0.000000 0.000000 0.000000 0.000000 0.000000
    79 0.000000 0.000000 0.000000 0.000000 0.000000 0.000000
    80 0.000000 0.000000 0.000000 0.000000 0.000000 0.000000
    81 0.000000 0.000000 0.000000 0.000000 0.000000 0.000000
    82 0.000000 0.000000 0.000000 0.000000 0.000000 0.000000
    83 0.000000 0.000000 0.000000 0.000000 0.000000 0.000000
    84 0.000000 0.000000 0.000000 0.000000 0.000000 0.000000
    85 0.000000 0.000000 0.000000 0.000000 0.000000 0.000000
    86 0.000000 0.000000 0.000000 0.000000 0.000000 0.000000
    87 0.000000 0.000000 0.000000 0.000000 0.000000 0.000000
    88 0.000000 0.000000 0.000000 0.000000 0.000000 0.000000
    89 0.000000 0.000000 0.000000 0.000000 0.000000 0.000000
    90 0.000000 0.000000 0.000000 0.000000 0.000000 0.000000
    91 0.000000 0.000000 0.000000 0.000000 0.000000 0.000000
    92 0.000000 0.000000 0.000000 0.000000 0.000000 0.000000
    93 0.000000 0.000000 0.000000 0.000000 0.000000 0.000000
    94 0.000000 0.000000 0.000000 0.000000 0.000000 0.000000
    95 0.000000 0.000000 0.000000 0.000000 0.000000 0.000000
    96 0.000000 0.000000 0.000000 0.000000 0.000000 0.000000
    97 0.000000 0.000000 0.000000 0.000000 0.000000 0.000000
    98 0.000000 0.000000 0.000000 0.000000 0.000000 0.000000
    99 0.000000 0.000000 0.000000 0.000000 0.000000 0.000000
    100 0.000000 0.000000 0.000000 0.000000 0.000000 0.000000
    101 0.000000 0.000000 0.000000 0.000000 0.000000 0.000000
    102 0.000000 0.000000 0.000000 0.000000 0.000000 0.000000
    103 0.000000 0.000000 0.000000 0.000000 0.000000 0.000000
    104 0.000000 0.000000 0.000000 0.000000 0.000000 0.000000
    105 0.000000 0.000000 0.000000 0.000000 0.000000 0.000000
    106 0.000000 0.000000 0.000000 0.000000 0.000000 0.000000
    107 0.000000 0.000000 0.000000 0.000000 0.000000 0.000000
    108 0.000000 0.000000 0.000000 0.000000 0.000000 0.000000
    109 0.000000 0.000000 0.000000 0.000000 0.000000 0.000000
    110 0.000000 0.000000 0.000000 0.000000 0.000000 0.000000
    111 0.000000 0.000000 0.000000 0.000000 0.000000 -1.570796
    112 -0.011719 0.058596 -0.218757 0.010925 -0.004261 0.001772
    113 0.000000 0.000000 0.000000 0.000000 0.000000 0.000000
    114 0.000000 0.000000 0.000000 0.000000 0.000000 0.000000
    115 -0.007813 0.347667 0.082034 0.009816 0.004278 -1.565519
    116 0.000000 0.000000 0.000000 0.000000 0.000000 0.000000
    117 0.000000 0.000000 0.000000 0.000000 0.000000 0.000000
    118 0.000000 0.000000 0.000000 0.000000 0.000000 0.000000
    119 0.000000 0.000000 0.000000 0.000000 0.000000 0.000000
    120 0.000000 0.000000 0.000000 0.000000 0.000000 0.000000
    121 0.000000 0.000000 0.000000 0.000000 0.000000 0.000000
    122 0.000000 0.000000 0.000000 0.000000 0.000000 0.000000
    123 0.000000 0.000000 0.000000 0.000000 0.000000 0.000000
    124 0.000000 0.000000 0.000000 0.000000 0.000000 0.000000
    125 0.000000 0.000000 0.000000 0.000000 0.000000 0.000000
    126 0.000000 0.000000 0.000000 0.000000 0.000000 0.000000
    127 0.000000 0.000000 0.000000 0.000000 0.000000 0.000000
    128 0.000000 0.000000 0.000000 0.000000 0.000000 0.000000
    129 0.000000 0.000000 0.000000 0.000000 0.000000 0.000000
    130 0.000000 0.000000 0.000000 0.000000 0.000000 0.000000
    131 0.000000 0.000000 0.000000 0.000000 0.000000 0.000000
    132 0.000000 0.000000 0.000000 0.000000 0.000000 0.000000
    133 0.000000 0.000000 0.000000 0.000000 0.000000 0.000000
    134 0.000000 0.000000 0.000000 0.000000 0.000000 0.000000
    135 0.000000 0.000000 0.000000 0.000000 0.000000 0.000000
    136 0.000000 0.000000 0.000000 0.000000 0.000000 0.000000
    137 0.000000 0.000000 0.000000 -0.002721 0.000000 0.000000
    138 -0.007813 0.085940 -0.179693 0.010962 -0.004261 0.001772
    139 0.000000 0.000000 0.000000 0.000000 0.000000 0.000000
    140 0.000000 0.000000 0.000000 0.000000 0.000000 0.000000
    141 0.000000 0.000000 0.000000 0.000000 0.000000 0.000000
    142 0.000000 0.000000 0.000000 0.000000 0.000000 0.000000
    143 0.000000 0.000000 0.000000 0.000000 0.000000 0.000000
    144 0.000000 0.000000 0.000000 0.000000 0.000000 0.000000
    145 0.000000 0.000000 0.000000 0.000000 0.000000 0.000000
    146 0.000000 0.000000 0.000000 0.000000 0.000000 0.000000
    147 0.000000 0.000000 0.000000 0.000000 0.000000 0.000000
    148 0.000000 0.000000 0.000000 0.000000 0.000000 0.000000
    149 0.000000 0.000000 0.000000 0.000000 0.000000 0.000000
    150 0.000000 0.000000 0.000000 0.000000 0.000000 0.000000
    151 0.000000 0.000000 0.000000 0.000000 0.000000 0.000000
    152 0.000000 0.000000 0.000000 0.000000 0.000000 0.000000
    153 0.000000 0.000000 0.000000 0.000000 0.000000 0.000000
    154 0.000000 0.000000 0.000000 0.000000 0.000000 0.000000
    155 0.000000 0.000000 0.000000 0.000000 0.000000 0.000000
    156 0.000000 0.000000 0.000000 0.000000 0.000000 0.000000
    157 0.000000 0.000000 0.000000 0.000000 0.000000 0.000000
    158 0.000000 0.000000 0.000000 0.000000 0.000000 0.000000
    159 0.000000 0.000000 0.000000 0.000000 0.000000 0.000000
    160 0.000000 0.000000 0.000000 0.000000 0.000000 0.000000
    161 0.000000 0.000000 0.000000 0.000000 0.000000 0.000000
    162 0.000000 0.000000 0.000000 0.000000 0.000000 0.000000
    163 0.000000 0.000000 0.000000 0.000000 0.000000 0.000000
    164 0.000000 0.000000 0.000000 0.000000 0.000000 0.000000
    165 0.000000 0.000000 0.000000 0.000000 0.000000 0.000000
    166 0.000000 0.000000 0.000000 0.000000 0.000000 0.000000
    167 0.000000 0.000000 0.000000 0.000000 0.000000 0.000000
    168 0.000000 0.000000 0.000000 0.000000 0.000000 0.000000
    169 0.000000 0.000000 0.000000 0.000000 0.000000 0.000000
    170 0.000000 0.000000 0.000000 0.000000 0.000000 0.000000
    171 0.000000 0.000000 0.000000 0.000000 0.000000 0.000000
    172 0.000000 0.000000 0.000000 0.000000 0.000000 0.000000
    173 0.000000 0.000000 0.000000 0.000000 0.002721 0.000000
    174 0.000000 0.000000 0.000000 0.006099 0.000000 0.000000
    175 0.000000 0.000000 0.000000 0.000000 0.000000 0.000000
    176 0.000000 0.000000 0.000000 0.000000 0.000000 0.000000
    177 0.000000 0.000000 0.000000 0.000000 0.000000 0.000000
    178 0.000000 0.000000 0.000000 0.000000 0.000000 0.000000
    179 0.000000 0.000000 0.000000 0.000000 0.000000 0.000000
    180 0.000000 0.000000 0.000000 0.000000 0.000000 0.000000
    181 0.000000 0.000000 0.000000 0.000000 0.000000 0.000000
    182 0.000000 0.000000 0.000000 0.000000 0.000000 0.000000
    183 0.000000 0.000000 0.000000 0.000000 0.000000 0.000000
    184 0.000000 0.000000 0.000000 0.000000 0.000000 0.000000
    185 0.000000 0.000000 0.000000 0.000000 0.000000 0.000000
    186 0.000000 0.000000 0.000000 0.000000 0.000000 0.000000
    187 0.000000 0.000000 0.000000 0.000000 0.000000 0.000000
    188 0.000000 0.000000 0.000000 0.000000 0.000000 0.000000
    189 0.000000 0.000000 0.000000 0.000000 0.000000 0.000000
    190 0.000000 0.000000 0.000000 0.000000 0.000000 0.000000
    191 0.000000 0.000000 0.000000 0.000000 0.000000 0.000000
    192 0.000000 0.000000 0.000000 0.000000 0.000000 0.000000
    193 0.000000 0.000000 0.000000 0.000000 0.000000 0.000000
    194 0.000000 0.000000 0.000000 0.000000 0.000000 0.000000
    195 0.000000 0.000000 0.000000 0.000000 0.000000 0.000000
    196 0.000000 0.000000 0.000000 0.000000 0.000000 0.000000
    197 0.000000 0.000000 0.000000 0.000000 0.000000 0.000000
    198 0.000000 0.000000 0.000000 0.000000 0.000000 0.000000
    199 0.000000 0.000000 0.000000 0.000000 0.000000 0.000000
    200 0.000000 0.000000 0.000000 0.000000 0.000000 0.000000
    201 0.000000 0.000000 0.000000 0.000000 0.000000 0.000000
    202 0.000000 0.000000 0.000000 0.000000 0.000000 0.000000
    203 0.000000 0.000000 0.000000 0.000000 0.000000 0.000000
    204 0.000000 0.000000 0.000000 0.000000 0.000000 0.000000
    205 0.000000 0.000000 0.000000 0.000000 0.000000 0.000000
    206 0.000000 0.000000 0.000000 0.000000 0.000000 0.000000
    207 0.000000 0.000000 0.000000 0.000000 0.000000 0.000000
  time 20
    0 0.000000 0.000000 0.000000 0.000000 0.000000 -1.570796
    1 0.000000 0.000000 0.000000 0.000000 0.000000 0.000000
    2 0.000000 0.000000 0.000000 0.000000 0.000000 0.000000
    3 0.000000 0.000000 0.000000 0.000000 0.000000 0.000000
    4 0.000000 0.000000 0.000000 0.000000 0.000000 0.000000
    5 0.000000 0.000000 0.000000 0.000000 0.000000 0.000000
    6 0.000000 0.000000 0.000000 0.000000 0.000000 0.000000
    7 0.000000 0.000000 0.000000 0.000000 0.000000 0.000000
    8 -0.285165 0.000000 0.019532 0.006088 -0.007061 0.000000
    9 0.000000 0.000000 0.000000 -0.001234 0.002144 0.011837
    10 0.000000 0.000000 0.000000 0.000000 0.000000 0.000000
    11 0.000000 0.000000 0.000000 0.000000 0.000000 0.000000
    12 0.000000 0.000000 0.000000 0.000000 0.000000 0.000000
    13 0.000000 0.000000 0.000000 0.001476 0.000000 0.000000
    14 0.000000 0.000000 0.000000 0.000000 0.000000 -0.009545
    15 0.000000 0.000000 0.000000 0.000000 0.000000 0.000000
    16 0.000000 0.000000 0.000000 0.000000 0.000000 0.000000
    17 0.000000 0.000000 0.000000 0.000000 0.000000 0.000000
    18 0.000000 0.000000 0.000000 0.000000 0.000000 0.000000
    19 0.000000 0.000000 0.000000 0.011250 0.000000 -0.000024
    20 0.000000 0.000000 0.000000 0.000000 0.000000 0.005869
    21 0.000000 0.000000 0.000000 0.009391 -0.001868 -0.007078
    22 0.000000 0.000000 0.000000 0.000000 0.000000 0.000000
    23 0.000000 0.000000 0.000000 0.000000 0.000000 0.000000
    24 0.000000 0.000000 0.000000 0.000000 0.000000 0.000000
    25 0.000000 0.000000 0.000000 0.000000 0.000000 0.000000
    26 0.000000 0.000000 0.000000 0.000000 0.000000 0.000000
    27 0.000000 0.000000 0.000000 0.000000 0.000000 0.000000
    28 0.000000 0.000000 0.000000 0.000000 0.000000 0.000000
    29 0.000000 0.000000 0.000000 0.000000 0.000000 0.000000
    30 0.000000 0.000000 0.000000 0.000000 0.000000 0.000000
    31 0.000000 0.000000 0.000000 0.000000 0.000000 0.000000
    32 0.000000 0.000000 0.000000 0.000000 0.000000 0.000000
    33 0.000000 0.000000 0.000000 0.000000 0.000000 0.000000
    34 0.000000 0.000000 0.000000 0.000000 0.000000 0.000000
    35 0.000000 0.000000 0.000000 0.000000 0.000000 0.000000
    36 0.000000 0.000000 0.000000 0.000000 0.000000 0.000000
    37 0.000000 0.000000 0.000000 0.000000 0.000000 0.000000
    38 0.000000 0.000000 0.000000 0.000000 0.000000 0.000000
    39 0.000000 0.000000 0.000000 0.000000 0.000000 0.000000
    40 0.000000 0.000000 0.000000 0.000000 0.000000 0.000000
    41 0.000000 0.000000 0.000000 0.000000 0.000000 0.000000
    42 0.000000 0.000000 0.000000 0.000000 0.000000 0.000000
    43 0.000000 0.000000 0.000000 0.000000 0.000000 0.000000
    44 0.000000 0.000000 0.000000 0.000000 0.000000 0.000000
    45 0.000000 0.000000 0.000000 0.000000 0.000000 0.000000
    46 0.000000 0.000000 0.000000 0.000000 0.000000 0.000000
    47 0.000000 0.000000 0.000000 0.000000 0.000000 0.000000
    48 0.000000 0.000000 0.000000 0.000000 0.000000 0.000000
    49 0.000000 0.000000 0.000000 0.000000 0.000000 0.000000
    50 0.000000 0.000000 0.000000 0.000000 0.000000 0.000000
    51 0.000000 0.000000 0.000000 0.000000 0.000000 0.000000
    52 0.000000 0.000000 0.000000 0.000000 0.000000 0.000000
    53 0.000000 0.000000 0.000000 0.000000 0.000000 0.000000
    54 0.000000 0.000000 0.000000 0.000000 0.000000 0.000000
    55 0.000000 0.000000 0.000000 0.000000 0.000000 0.000000
    56 0.000000 0.000000 0.000000 0.000000 0.000000 0.000000
    57 0.000000 0.000000 0.000000 0.000000 0.000000 0.000000
    58 0.000000 0.000000 0.000000 0.000000 0.000000 0.000000
    59 0.000000 0.000000 0.000000 0.000000 0.000000 0.000000
    60 0.000000 0.000000 0.000000 0.000000 0.000000 0.000000
    61 0.000000 0.000000 0.000000 0.000000 0.000000 0.000000
    62 0.000000 0.000000 0.000000 0.000000 0.000000 0.000000
    63 0.000000 0.000000 0.000000 0.000000 0.000000 0.000000
    64 0.000000 0.000000 0.000000 0.000000 0.000000 0.000000
    65 0.000000 0.000000 0.000000 0.000000 0.000000 0.000000
    66 0.000000 0.000000 0.000000 0.000000 0.000000 0.000000
    67 0.000000 0.000000 0.000000 0.000000 0.000000 0.000000
    68 0.000000 0.000000 0.000000 0.000000 0.000000 0.000000
    69 0.000000 0.000000 0.000000 0.000000 0.000000 0.000000
    70 0.000000 0.000000 0.000000 0.000000 0.000000 0.000000
    71 0.000000 0.000000 0.000000 0.000000 0.000000 0.000000
    72 0.000000 0.000000 0.000000 0.000000 0.000000 0.000000
    73 0.000000 0.000000 0.000000 0.000000 0.000000 0.000000
    74 0.000000 0.000000 0.000000 0.000000 0.000000 0.000000
    75 0.000000 0.000000 0.000000 0.000000 0.000000 0.000000
    76 0.000000 0.000000 0.000000 0.000000 0.000000 0.000000
    77 0.000000 0.000000 0.000000 0.000000 0.000000 0.000000
    78 0.000000 0.000000 0.000000 0.000000 0.000000 0.000000
    79 0.000000 0.000000 0.000000 0.000000 0.000000 0.000000
    80 0.000000 0.000000 0.000000 0.000000 0.000000 0.000000
    81 0.000000 0.000000 0.000000 0.000000 0.000000 0.000000
    82 0.000000 0.000000 0.000000 0.000000 0.000000 0.000000
    83 0.000000 0.000000 0.000000 0.000000 0.000000 0.000000
    84 0.000000 0.000000 0.000000 0.000000 0.000000 0.000000
    85 0.000000 0.000000 0.000000 0.000000 0.000000 0.000000
    86 0.000000 0.000000 0.000000 0.000000 0.000000 0.000000
    87 0.000000 0.000000 0.000000 0.000000 0.000000 0.000000
    88 0.000000 0.000000 0.000000 0.000000 0.000000 0.000000
    89 0.000000 0.000000 0.000000 0.000000 0.000000 0.000000
    90 0.000000 0.000000 0.000000 0.000000 0.000000 0.000000
    91 0.000000 0.000000 0.000000 0.000000 0.000000 0.000000
    92 0.000000 0.000000 0.000000 0.000000 0.000000 0.000000
    93 0.000000 0.000000 0.000000 0.000000 0.000000 0.000000
    94 0.000000 0.000000 0.000000 0.000000 0.000000 0.000000
    95 0.000000 0.000000 0.000000 0.000000 0.000000 0.000000
    96 0.000000 0.000000 0.000000 0.000000 0.000000 0.000000
    97 0.000000 0.000000 0.000000 0.000000 0.000000 0.000000
    98 0.000000 0.000000 0.000000 0.000000 0.000000 0.000000
    99 0.000000 0.000000 0.000000 0.000000 0.000000 0.000000
    100 0.000000 0.000000 0.000000 0.000000 0.000000 0.000000
    101 0.000000 0.000000 0.000000 0.000000 0.000000 0.000000
    102 0.000000 0.000000 0.000000 0.000000 0.000000 0.000000
    103 0.000000 0.000000 0.000000 0.000000 0.000000 0.000000
    104 0.000000 0.000000 0.000000 0.000000 0.000000 0.000000
    105 0.000000 0.000000 0.000000 0.000000 0.000000 0.000000
    106 0.000000 0.000000 0.000000 0.000000 0.000000 0.000000
    107 0.000000 0.000000 0.000000 0.000000 0.000000 0.000000
    108 0.000000 0.000000 0.000000 0.000000 0.000000 0.000000
    109 0.000000 0.000000 0.000000 0.000000 0.000000 0.000000
    110 0.000000 0.000000 0.000000 0.000000 0.000000 0.000000
    111 0.000000 0.000000 0.000000 0.000000 0.000000 -1.570796
    112 -0.007813 0.042970 -0.125004 0.007187 -0.005900 0.000187
    113 0.000000 0.000000 0.000000 0.000000 0.000000 0.000000
    114 0.000000 0.000000 0.000000 0.000000 0.000000 0.000000
    115 0.000000 0.285165 0.031251 0.008910 0.002594 -1.569723
    116 0.000000 0.000000 0.000000 0.000000 0.000000 0.000000
    117 0.000000 0.000000 0.000000 0.000000 0.000000 0.000000
    118 0.000000 0.000000 0.000000 0.000000 0.000000 0.000000
    119 0.000000 0.000000 0.000000 0.000000 0.000000 0.000000
    120 0.000000 0.000000 0.000000 0.000000 0.000000 0.000000
    121 0.000000 0.000000 0.000000 0.000000 0.000000 0.000000
    122 0.000000 0.000000 0.000000 0.000000 0.000000 0.000000
    123 0.000000 0.000000 0.000000 0.000000 0.000000 0.000000
    124 0.000000 0.000000 0.000000 0.000000 0.000000 0.000000
    125 0.000000 0.000000 0.000000 0.000000 0.000000 0.000000
    126 0.000000 0.000000 0.000000 0.000000 0.000000 0.000000
    127 0.000000 0.000000 0.000000 0.000000 0.000000 0.000000
    128 0.000000 0.000000 0.000000 0.000000 0.000000 0.000000
    129 0.000000 0.000000 0.000000 0.000000 0.000000 0.000000
    130 0.000000 0.000000 0.000000 0.000000 0.000000 0.000000
    131 0.000000 0.000000 0.000000 0.000000 0.000000 0.000000
    132 0.000000 0.000000 0.000000 0.000000 0.000000 0.000000
    133 0.000000 0.000000 0.000000 0.000000 0.000000 0.000000
    134 0.000000 0.000000 0.000000 0.000000 0.000000 0.000000
    135 0.000000 0.000000 0.000000 0.000000 0.000000 0.000000
    136 0.000000 0.000000 0.000000 0.000000 0.000000 0.000000
    137 0.000000 0.000000 0.000000 -0.002852 0.000000 0.000000
    138 0.000000 0.058596 -0.070315 0.007194 -0.005899 0.000187
    139 0.000000 0.000000 0.000000 0.000000 0.000000 0.000000
    140 0.000000 0.000000 0.000000 0.000000 0.000000 0.000000
    141 0.000000 0.000000 0.000000 0.000000 0.000000 0.000000
    142 0.000000 0.000000 0.000000 0.000000 0.000000 0.000000
    143 0.000000 0.000000 0.000000 0.000000 0.000000 0.000000
    144 0.000000 0.000000 0.000000 0.000000 0.000000 0.000000
    145 0.000000 0.000000 0.000000 0.000000 0.000000 0.000000
    146 0.000000 0.000000 0.000000 0.000000 0.000000 0.000000
    147 0.000000 0.000000 0.000000 0.000000 0.000000 0.000000
    148 0.000000 0.000000 0.000000 0.000000 0.000000 0.000000
    149 0.000000 0.000000 0.000000 0.000000 0.000000 0.000000
    150 0.000000 0.000000 0.000000 0.000000 0.000000 0.000000
    151 0.000000 0.000000 0.000000 0.000000 0.000000 0.000000
    152 0.000000 0.000000 0.000000 0.000000 0.000000 0.000000
    153 0.000000 0.000000 0.000000 0.000000 0.000000 0.000000
    154 0.000000 0.000000 0.000000 0.000000 0.000000 0.000000
    155 0.000000 0.000000 0.000000 0.000000 0.000000 0.000000
    156 0.000000 0.000000 0.000000 0.000000 0.000000 0.000000
    157 0.000000 0.000000 0.000000 0.000000 0.000000 0.000000
    158 0.000000 0.000000 0.000000 0.000000 0.000000 0.000000
    159 0.000000 0.000000 0.000000 0.000000 0.000000 0.000000
    160 0.000000 0.000000 0.000000 0.000000 0.000000 0.000000
    161 0.000000 0.000000 0.000000 0.000000 0.000000 0.000000
    162 0.000000 0.000000 0.000000 0.000000 0.000000 0.000000
    163 0.000000 0.000000 0.000000 0.000000 0.000000 0.000000
    164 0.000000 0.000000 0.000000 0.000000 0.000000 0.000000
    165 0.000000 0.000000 0.000000 0.000000 0.000000 0.000000
    166 0.000000 0.000000 0.000000 0.000000 0.000000 0.000000
    167 0.000000 0.000000 0.000000 0.000000 0.000000 0.000000
    168 0.000000 0.000000 0.000000 0.000000 0.000000 0.000000
    169 0.000000 0.000000 0.000000 0.000000 0.000000 0.000000
    170 0.000000 0.000000 0.000000 0.000000 0.000000 0.000000
    171 0.000000 0.000000 0.000000 0.000000 0.000000 0.000000
    172 0.000000 0.000000 0.000000 0.000000 0.000000 0.000000
    173 0.000000 0.000000 0.000000 0.000000 0.002852 0.000000
    174 0.000000 0.000000 0.000000 0.006393 0.000000 0.000000
    175 0.000000 0.000000 0.000000 0.000000 0.000000 0.000000
    176 0.000000 0.000000 0.000000 0.000000 0.000000 0.000000
    177 0.000000 0.000000 0.000000 0.000000 0.000000 0.000000
    178 0.000000 0.000000 0.000000 0.000000 0.000000 0.000000
    179 0.000000 0.000000 0.000000 0.000000 0.000000 0.000000
    180 0.000000 0.000000 0.000000 0.000000 0.000000 0.000000
    181 0.000000 0.000000 0.000000 0.000000 0.000000 0.000000
    182 0.000000 0.000000 0.000000 0.000000 0.000000 0.000000
    183 0.000000 0.000000 0.000000 0.000000 0.000000 0.000000
    184 0.000000 0.000000 0.000000 0.000000 0.000000 0.000000
    185 0.000000 0.000000 0.000000 0.000000 0.000000 0.000000
    186 0.000000 0.000000 0.000000 0.000000 0.000000 0.000000
    187 0.000000 0.000000 0.000000 0.000000 0.000000 0.000000
    188 0.000000 0.000000 0.000000 0.000000 0.000000 0.000000
    189 0.000000 0.000000 0.000000 0.000000 0.000000 0.000000
    190 0.000000 0.000000 0.000000 0.000000 0.000000 0.000000
    191 0.000000 0.000000 0.000000 0.000000 0.000000 0.000000
    192 0.000000 0.000000 0.000000 0.000000 0.000000 0.000000
    193 0.000000 0.000000 0.000000 0.000000 0.000000 0.000000
    194 0.000000 0.000000 0.000000 0.000000 0.000000 0.000000
    195 0.000000 0.000000 0.000000 0.000000 0.000000 0.000000
    196 0.000000 0.000000 0.000000 0.000000 0.000000 0.000000
    197 0.000000 0.000000 0.000000 0.000000 0.000000 0.000000
    198 0.000000 0.000000 0.000000 0.000000 0.000000 0.000000
    199 0.000000 0.000000 0.000000 0.000000 0.000000 0.000000
    200 0.000000 0.000000 0.000000 0.000000 0.000000 0.000000
    201 0.000000 0.000000 0.000000 0.000000 0.000000 0.000000
    202 0.000000 0.000000 0.000000 0.000000 0.000000 0.000000
    203 0.000000 0.000000 0.000000 0.000000 0.000000 0.000000
    204 0.000000 0.000000 0.000000 0.000000 0.000000 0.000000
    205 0.000000 0.000000 0.000000 0.000000 0.000000 0.000000
    206 0.000000 0.000000 0.000000 0.000000 0.000000 0.000000
    207 0.000000 0.000000 0.000000 0.000000 0.000000 0.000000
  time 21
    0 0.000000 0.000000 0.000000 0.000000 0.000000 -1.570796
    1 0.000000 0.000000 0.000000 0.000000 0.000000 0.000000
    2 0.000000 0.000000 0.000000 0.000000 0.000000 0.000000
    3 0.000000 0.000000 0.000000 0.000000 0.000000 0.000000
    4 0.000000 0.000000 0.000000 0.000000 0.000000 0.000000
    5 0.000000 0.000000 0.000000 0.000000 0.000000 0.000000
    6 0.000000 0.000000 0.000000 0.000000 0.000000 0.000000
    7 0.000000 0.000000 0.000000 0.000000 0.000000 0.000000
    8 -0.167974 0.000000 0.007813 0.004078 -0.004615 0.000000
    9 0.000000 0.000000 0.000000 -0.000570 0.000858 0.004735
    10 0.000000 0.000000 0.000000 0.000000 0.000000 0.000000
    11 0.000000 0.000000 0.000000 0.000000 0.000000 0.000000
    12 0.000000 0.000000 0.000000 0.000000 0.000000 0.000000
    13 0.000000 0.000000 0.000000 0.000974 0.000000 0.000000
    14 0.000000 0.000000 0.000000 0.000000 0.000000 -0.005071
    15 0.000000 0.000000 0.000000 0.000000 0.000000 0.000000
    16 0.000000 0.000000 0.000000 0.000000 0.000000 0.000000
    17 0.000000 0.000000 0.000000 0.000000 0.000000 0.000000
    18 0.000000 0.000000 0.000000 0.000000 0.000000 0.000000
    19 0.000000 0.000000 0.000000 0.007428 0.000000 -0.000060
    20 0.000000 0.000000 0.000000 0.000000 0.000000 0.001761
    21 0.000000 0.000000 0.000000 0.005382 -0.000822 -0.004314
    22 0.000000 0.000000 0.000000 0.000000 0.000000 0.000000
    23 0.000000 0.000000 0.000000 0.000000 0.000000 0.000000
    24 0.000000 0.000000 0.000000 0.000000 0.000000 0.000000
    25 0.000000 0.000000 0.000000 0.000000 0.000000 0.000000
    26 0.000000 0.000000 0.000000 0.000000 0.000000 0.000000
    27 0.000000 0.000000 0.000000 0.000000 0.000000 0.000000
    28 0.000000 0.000000 0.000000 0.000000 0.000000 0.000000
    29 0.000000 0.000000 0.000000 0.000000 0.000000 0.000000
    30 0.000000 0.000000 0.000000 0.000000 0.000000 0.000000
    31 0.000000 0.000000 0.000000 0.000000 0.000000 0.000000
    32 0.000000 0.000000 0.000000 0.000000 0.000000 0.000000
    33 0.000000 0.000000 0.000000 0.000000 0.000000 0.000000
    34 0.000000 0.000000 0.000000 0.000000 0.000000 0.000000
    35 0.000000 0.000000 0.000000 0.000000 0.000000 0.000000
    36 0.000000 0.000000 0.000000 0.000000 0.000000 0.000000
    37 0.000000 0.000000 0.000000 0.000000 0.000000 0.000000
    38 0.000000 0.000000 0.000000 0.000000 0.000000 0.000000
    39 0.000000 0.000000 0.000000 0.000000 0.000000 0.000000
    40 0.000000 0.000000 0.000000 0.000000 0.000000 0.000000
    41 0.000000 0.000000 0.000000 0.000000 0.000000 0.000000
    42 0.000000 0.000000 0.000000 0.000000 0.000000 0.000000
    43 0.000000 0.000000 0.000000 0.000000 0.000000 0.000000
    44 0.000000 0.000000 0.000000 0.000000 0.000000 0.000000
    45 0.000000 0.000000 0.000000 0.000000 0.000000 0.000000
    46 0.000000 0.000000 0.000000 0.000000 0.000000 0.000000
    47 0.000000 0.000000 0.000000 0.000000 0.000000 0.000000
    48 0.000000 0.000000 0.000000 0.000000 0.000000 0.000000
    49 0.000000 0.000000 0.000000 0.000000 0.000000 0.000000
    50 0.000000 0.000000 0.000000 0.000000 0.000000 0.000000
    51 0.000000 0.000000 0.000000 0.000000 0.000000 0.000000
    52 0.000000 0.000000 0.000000 0.000000 0.000000 0.000000
    53 0.000000 0.000000 0.000000 0.000000 0.000000 0.000000
    54 0.000000 0.000000 0.000000 0.000000 0.000000 0.000000
    55 0.000000 0.000000 0.000000 0.000000 0.000000 0.000000
    56 0.000000 0.000000 0.000000 0.000000 0.000000 0.000000
    57 0.000000 0.000000 0.000000 0.000000 0.000000 0.000000
    58 0.000000 0.000000 0.000000 0.000000 0.000000 0.000000
    59 0.000000 0.000000 0.000000 0.000000 0.000000 0.000000
    60 0.000000 0.000000 0.000000 0.000000 0.000000 0.000000
    61 0.000000 0.000000 0.000000 0.000000 0.000000 0.000000
    62 0.000000 0.000000 0.000000 0.000000 0.000000 0.000000
    63 0.000000 0.000000 0.000000 0.000000 0.000000 0.000000
    64 0.000000 0.000000 0.000000 0.000000 0.000000 0.000000
    65 0.000000 0.000000 0.000000 0.000000 0.000000 0.000000
    66 0.000000 0.000000 0.000000 0.000000 0.000000 0.000000
    67 0.000000 0.000000 0.000000 0.000000 0.000000 0.000000
    68 0.000000 0.000000 0.000000 0.000000 0.000000 0.000000
    69 0.000000 0.000000 0.000000 0.000000 0.000000 0.000000
    70 0.000000 0.000000 0.000000 0.000000 0.000000 0.000000
    71 0.000000 0.000000 0.000000 0.000000 0.000000 0.000000
    72 0.000000 0.000000 0.000000 0.000000 0.000000 0.000000
    73 0.000000 0.000000 0.000000 0.000000 0.000000 0.000000
    74 0.000000 0.000000 0.000000 0.000000 0.000000 0.000000
    75 0.000000 0.000000 0.000000 0.000000 0.000000 0.000000
    76 0.000000 0.000000 0.000000 0.000000 0.000000 0.000000
    77 0.000000 0.000000 0.000000 0.000000 0.000000 0.000000
    78 0.000000 0.000000 0.000000 0.000000 0.000000 0.000000
    79 0.000000 0.000000 0.000000 0.000000 0.000000 0.000000
    80 0.000000 0.000000 0.000000 0.000000 0.000000 0.000000
    81 0.000000 0.000000 0.000000 0.000000 0.000000 0.000000
    82 0.000000 0.000000 0.000000 0.000000 0.000000 0.000000
    83 0.000000 0.000000 0.000000 0.000000 0.000000 0.000000
    84 0.000000 0.000000 0.000000 0.000000 0.000000 0.000000
    85 0.000000 0.000000 0.000000 0.000000 0.000000 0.000000
    86 0.000000 0.000000 0.000000 0.000000 0.000000 0.000000
    87 0.000000 0.000000 0.000000 0.000000 0.000000 0.000000
    88 0.000000 0.000000 0.000000 0.000000 0.000000 0.000000
    89 0.000000 0.000000 0.000000 0.000000 0.000000 0.000000
    90 0.000000 0.000000 0.000000 0.000000 0.000000 0.000000
    91 0.000000 0.000000 0.000000 0.000000 0.000000 0.000000
    92 0.000000 0.000000 0.000000 0.000000 0.000000 0.000000
    93 0.000000 0.000000 0.000000 0.000000 0.000000 0.000000
    94 0.000000 0.000000 0.000000 0.000000 0.000000 0.000000
    95 0.000000 0.000000 0.000000 0.000000 0.000000 0.000000
    96 0.000000 0.000000 0.000000 0.000000 0.000000 0.000000
    97 0.000000 0.000000 0.000000 0.000000 0.000000 0.000000
    98 0.000000 0.000000 0.000000 0.000000 0.000000 0.000000
    99 0.000000 0.000000 0.000000 0.000000 0.000000 0.000000
    100 0.000000 0.000000 0.000000 0.000000 0.000000 0.000000
    101 0.000000 0.000000 0.000000 0.000000 0.000000 0.000000
    102 0.000000 0.000000 0.000000 0.000000 0.000000 0.000000
    103 0.000000 0.000000 0.000000 0.000000 0.000000 0.000000
    104 0.000000 0.000000 0.000000 0.000000 0.000000 0.000000
    105 0.000000 0.000000 0.000000 0.000000 0.000000 0.000000
    106 0.000000 0.000000 0.000000 0.000000 0.000000 0.000000
    107 0.000000 0.000000 0.000000 0.000000 0.000000 0.000000
    108 0.000000 0.000000 0.000000 0.000000 0.000000 0.000000
    109 0.000000 0.000000 0.000000 0.000000 0.000000 0.000000
    110 0.000000 0.000000 0.000000 0.000000 0.000000 0.000000
    111 0.000000 0.000000 0.000000 0.000000 0.000000 -1.570796
    112 0.000000 0.019532 -0.070315 0.004696 -0.003980 0.000000
    113 0.000000 0.000000 0.000000 0.000000 0.000000 0.000000
    114 0.000000 0.000000 0.000000 0.000000 0.000000 0.000000
    115 0.000000 0.167974 0.019532 0.005890 0.001684 -1.570170
    116 0.000000 0.000000 0.000000 0.000000 0.000000 0.000000
    117 0.000000 0.000000 0.000000 0.000000 0.000000 0.000000
    118 0.000000 0.000000 0.000000 0.000000 0.000000 0.000000
    119 0.000000 0.000000 0.000000 0.000000 0.000000 0.000000
    120 0.000000 0.000000 0.000000 0.000000 0.000000 0.000000
    121 0.000000 0.000000 0.000000 0.000000 0.000000 0.000000
    122 0.000000 0.000000 0.000000 0.000000 0.000000 0.000000
    123 0.000000 0.000000 0.000000 0.000000 0.000000 0.000000
    124 0.000000 0.000000 0.000000 0.000000 0.000000 0.000000
    125 0.000000 0.000000 0.000000 0.000000 0.000000 0.000000
    126 0.000000 0.000000 0.000000 0.000000 0.000000 0.000000
    127 0.000000 0.000000 0.000000 0.000000 0.000000 0.000000
    128 0.000000 0.000000 0.000000 0.000000 0.000000 0.000000
    129 0.000000 0.000000 0.000000 0.000000 0.000000 0.000000
    130 0.000000 0.000000 0.000000 0.000000 0.000000 0.000000
    131 0.000000 0.000000 0.000000 0.000000 0.000000 0.000000
    132 0.000000 0.000000 0.000000 0.000000 0.000000 0.000000
    133 0.000000 0.000000 0.000000 0.000000 0.000000 0.000000
    134 0.000000 0.000000 0.000000 0.000000 0.000000 0.000000
    135 0.000000 0.000000 0.000000 0.000000 0.000000 0.000000
    136 0.000000 0.000000 0.000000 0.000000 0.000000 0.000000
    137 0.000000 0.000000 0.000000 -0.002996 0.000000 0.000000
    138 0.000000 0.031251 -0.039064 0.004796 -0.003980 0.000000
    139 0.000000 0.000000 0.000000 0.000000 0.000000 0.000000
    140 0.000000 0.000000 0.000000 0.000000 0.000000 0.000000
    141 0.000000 0.000000 0.000000 0.000000 0.000000 0.000000
    142 0.000000 0.000000 0.000000 0.000000 0.000000 0.000000
    143 0.000000 0.000000 0.000000 0.000000 0.000000 0.000000
    144 0.000000 0.000000 0.000000 0.000000 0.000000 0.000000
    145 0.000000 0.000000 0.000000 0.000000 0.000000 0.000000
    146 0.000000 0.000000 0.000000 0.000000 0.000000 0.000000
    147 0.000000 0.000000 0.000000 0.000000 0.000000 0.000000
    148 0.000000 0.000000 0.000000 0.000000 0.000000 0.000000
    149 0.000000 0.000000 0.000000 0.000000 0.000000 0.000000
    150 0.000000 0.000000 0.000000 0.000000 0.000000 0.000000
    151 0.000000 0.000000 0.000000 0.000000 0.000000 0.000000
    152 0.000000 0.000000 0.000000 0.000000 0.000000 0.000000
    153 0.000000 0.000000 0.000000 0.000000 0.000000 0.000000
    154 0.000000 0.000000 0.000000 0.000000 0.000000 0.000000
    155 0.000000 0.000000 0.000000 0.000000 0.000000 0.000000
    156 0.000000 0.000000 0.000000 0.000000 0.000000 0.000000
    157 0.000000 0.000000 0.000000 0.000000 0.000000 0.000000
    158 0.000000 0.000000 0.000000 0.000000 0.000000 0.000000
    159 0.000000 0.000000 0.000000 0.000000 0.000000 0.000000
    160 0.000000 0.000000 0.000000 0.000000 0.000000 0.000000
    161 0.000000 0.000000 0.000000 0.000000 0.000000 0.000000
    162 0.000000 0.000000 0.000000 0.000000 0.000000 0.000000
    163 0.000000 0.000000 0.000000 0.000000 0.000000 0.000000
    164 0.000000 0.000000 0.000000 0.000000 0.000000 0.000000
    165 0.000000 0.000000 0.000000 0.000000 0.000000 0.000000
    166 0.000000 0.000000 0.000000 0.000000 0.000000 0.000000
    167 0.000000 0.000000 0.000000 0.000000 0.000000 0.000000
    168 0.000000 0.000000 0.000000 0.000000 0.000000 0.000000
    169 0.000000 0.000000 0.000000 0.000000 0.000000 0.000000
    170 0.000000 0.000000 0.000000 0.000000 0.000000 0.000000
    171 0.000000 0.000000 0.000000 0.000000 0.000000 0.000000
    172 0.000000 0.000000 0.000000 0.000000 0.000000 0.000000
    173 0.000000 0.000000 0.000000 0.000000 0.002996 0.000000
    174 0.000000 0.000000 0.000000 0.004262 0.000000 0.000000
    175 0.000000 0.000000 0.000000 0.000000 0.000000 0.000000
    176 0.000000 0.000000 0.000000 0.000000 0.000000 0.000000
    177 0.000000 0.000000 0.000000 0.000000 0.000000 0.000000
    178 0.000000 0.000000 0.000000 0.000000 0.000000 0.000000
    179 0.000000 0.000000 0.000000 0.000000 0.000000 0.000000
    180 0.000000 0.000000 0.000000 0.000000 0.000000 0.000000
    181 0.000000 0.000000 0.000000 0.000000 0.000000 0.000000
    182 0.000000 0.000000 0.000000 0.000000 0.000000 0.000000
    183 0.000000 0.000000 0.000000 0.000000 0.000000 0.000000
    184 0.000000 0.000000 0.000000 0.000000 0.000000 0.000000
    185 0.000000 0.000000 0.000000 0.000000 0.000000 0.000000
    186 0.000000 0.000000 0.000000 0.000000 0.000000 0.000000
    187 0.000000 0.000000 0.000000 0.000000 0.000000 0.000000
    188 0.000000 0.000000 0.000000 0.000000 0.000000 0.000000
    189 0.000000 0.000000 0.000000 0.000000 0.000000 0.000000
    190 0.000000 0.000000 0.000000 0.000000 0.000000 0.000000
    191 0.000000 0.000000 0.000000 0.000000 0.000000 0.000000
    192 0.000000 0.000000 0.000000 0.000000 0.000000 0.000000
    193 0.000000 0.000000 0.000000 0.000000 0.000000 0.000000
    194 0.000000 0.000000 0.000000 0.000000 0.000000 0.000000
    195 0.000000 0.000000 0.000000 0.000000 0.000000 0.000000
    196 0.000000 0.000000 0.000000 0.000000 0.000000 0.000000
    197 0.000000 0.000000 0.000000 0.000000 0.000000 0.000000
    198 0.000000 0.000000 0.000000 0.000000 0.000000 0.000000
    199 0.000000 0.000000 0.000000 0.000000 0.000000 0.000000
    200 0.000000 0.000000 0.000000 0.000000 0.000000 0.000000
    201 0.000000 0.000000 0.000000 0.000000 0.000000 0.000000
    202 0.000000 0.000000 0.000000 0.000000 0.000000 0.000000
    203 0.000000 0.000000 0.000000 0.000000 0.000000 0.000000
    204 0.000000 0.000000 0.000000 0.000000 0.000000 0.000000
    205 0.000000 0.000000 0.000000 0.000000 0.000000 0.000000
    206 0.000000 0.000000 0.000000 0.000000 0.000000 0.000000
    207 0.000000 0.000000 0.000000 0.000000 0.000000 0.000000
  time 22
    0 0.000000 0.000000 0.000000 0.000000 0.000000 -1.570796
    1 0.000000 0.000000 0.000000 0.000000 0.000000 0.000000
    2 0.000000 0.000000 0.000000 0.000000 0.000000 0.000000
    3 0.000000 0.000000 0.000000 0.000000 0.000000 0.000000
    4 0.000000 0.000000 0.000000 0.000000 0.000000 0.000000
    5 0.000000 0.000000 0.000000 0.000000 0.000000 0.000000
    6 0.000000 0.000000 0.000000 0.000000 0.000000 0.000000
    7 0.000000 0.000000 0.000000 0.000000 0.000000 0.000000
    8 -0.050783 0.000000 0.000000 0.001953 -0.002279 0.000000
    9 0.000000 0.000000 0.000000 -0.000285 0.000429 0.002286
    10 0.000000 0.000000 0.000000 0.000000 0.000000 0.000000
    11 0.000000 0.000000 0.000000 0.000000 0.000000 0.000000
    12 0.000000 0.000000 0.000000 0.000000 0.000000 0.000000
    13 0.000000 0.000000 0.000000 0.000443 0.000000 0.000000
    14 0.000000 0.000000 0.000000 0.000000 0.000000 -0.000597
    15 0.000000 0.000000 0.000000 0.000000 0.000000 0.000000
    16 0.000000 0.000000 0.000000 0.000000 0.000000 0.000000
    17 0.000000 0.000000 0.000000 0.000000 0.000000 0.000000
    18 0.000000 0.000000 0.000000 0.000000 0.000000 0.000000
    19 0.000000 0.000000 0.000000 0.003714 0.000000 -0.000024
    20 0.000000 0.000000 0.000000 0.000000 0.000000 0.000868
    21 0.000000 0.000000 0.000000 0.001428 0.000112 -0.001633
    22 0.000000 0.000000 0.000000 0.000000 0.000000 0.000000
    23 0.000000 0.000000 0.000000 0.000000 0.000000 0.000000
    24 0.000000 0.000000 0.000000 0.000000 0.000000 0.000000
    25 0.000000 0.000000 0.000000 0.000000 0.000000 0.000000
    26 0.000000 0.000000 0.000000 0.000000 0.000000 0.000000
    27 0.000000 0.000000 0.000000 0.000000 0.000000 0.000000
    28 0.000000 0.000000 0.000000 0.000000 0.000000 0.000000
    29 0.000000 0.000000 0.000000 0.000000 0.000000 0.000000
    30 0.000000 0.000000 0.000000 0.000000 0.000000 0.000000
    31 0.000000 0.000000 0.000000 0.000000 0.000000 0.000000
    32 0.000000 0.000000 0.000000 0.000000 0.000000 0.000000
    33 0.000000 0.000000 0.000000 0.000000 0.000000 0.000000
    34 0.000000 0.000000 0.000000 0.000000 0.000000 0.000000
    35 0.000000 0.000000 0.000000 0.000000 0.000000 0.000000
    36 0.000000 0.000000 0.000000 0.000000 0.000000 0.000000
    37 0.000000 0.000000 0.000000 0.000000 0.000000 0.000000
    38 0.000000 0.000000 0.000000 0.000000 0.000000 0.000000
    39 0.000000 0.000000 0.000000 0.000000 0.000000 0.000000
    40 0.000000 0.000000 0.000000 0.000000 0.000000 0.000000
    41 0.000000 0.000000 0.000000 0.000000 0.000000 0.000000
    42 0.000000 0.000000 0.000000 0.000000 0.000000 0.000000
    43 0.000000 0.000000 0.000000 0.000000 0.000000 0.000000
    44 0.000000 0.000000 0.000000 0.000000 0.000000 0.000000
    45 0.000000 0.000000 0.000000 0.000000 0.000000 0.000000
    46 0.000000 0.000000 0.000000 0.000000 0.000000 0.000000
    47 0.000000 0.000000 0.000000 0.000000 0.000000 0.000000
    48 0.000000 0.000000 0.000000 0.000000 0.000000 0.000000
    49 0.000000 0.000000 0.000000 0.000000 0.000000 0.000000
    50 0.000000 0.000000 0.000000 0.000000 0.000000 0.000000
    51 0.000000 0.000000 0.000000 0.000000 0.000000 0.000000
    52 0.000000 0.000000 0.000000 0.000000 0.000000 0.000000
    53 0.000000 0.000000 0.000000 0.000000 0.000000 0.000000
    54 0.000000 0.000000 0.000000 0.000000 0.000000 0.000000
    55 0.000000 0.000000 0.000000 0.000000 0.000000 0.000000
    56 0.000000 0.000000 0.000000 0.000000 0.000000 0.000000
    57 0.000000 0.000000 0.000000 0.000000 0.000000 0.000000
    58 0.000000 0.000000 0.000000 0.000000 0.000000 0.000000
    59 0.000000 0.000000 0.000000 0.000000 0.000000 0.000000
    60 0.000000 0.000000 0.000000 0.000000 0.000000 0.000000
    61 0.000000 0.000000 0.000000 0.000000 0.000000 0.000000
    62 0.000000 0.000000 0.000000 0.000000 0.000000 0.000000
    63 0.000000 0.000000 0.000000 0.000000 0.000000 0.000000
    64 0.000000 0.000000 0.000000 0.000000 0.000000 0.000000
    65 0.000000 0.000000 0.000000 0.000000 0.000000 0.000000
    66 0.000000 0.000000 0.000000 0.000000 0.000000 0.000000
    67 0.000000 0.000000 0.000000 0.000000 0.000000 0.000000
    68 0.000000 0.000000 0.000000 0.000000 0.000000 0.000000
    69 0.000000 0.000000 0.000000 0.000000 0.000000 0.000000
    70 0.000000 0.000000 0.000000 0.000000 0.000000 0.000000
    71 0.000000 0.000000 0.000000 0.000000 0.000000 0.000000
    72 0.000000 0.000000 0.000000 0.000000 0.000000 0.000000
    73 0.000000 0.000000 0.000000 0.000000 0.000000 0.000000
    74 0.000000 0.000000 0.000000 0.000000 0.000000 0.000000
    75 0.000000 0.000000 0.000000 0.000000 0.000000 0.000000
    76 0.000000 0.000000 0.000000 0.000000 0.000000 0.000000
    77 0.000000 0.000000 0.000000 0.000000 0.000000 0.000000
    78 0.000000 0.000000 0.000000 0.000000 0.000000 0.000000
    79 0.000000 0.000000 0.000000 0.000000 0.000000 0.000000
    80 0.000000 0.000000 0.000000 0.000000 0.000000 0.000000
    81 0.000000 0.000000 0.000000 0.000000 0.000000 0.000000
    82 0.000000 0.000000 0.000000 0.000000 0.000000 0.000000
    83 0.000000 0.000000 0.000000 0.000000 0.000000 0.000000
    84 0.000000 0.000000 0.000000 0.000000 0.000000 0.000000
    85 0.000000 0.000000 0.000000 0.000000 0.000000 0.000000
    86 0.000000 0.000000 0.000000 0.000000 0.000000 0.000000
    87 0.000000 0.000000 0.000000 0.000000 0.000000 0.000000
    88 0.000000 0.000000 0.000000 0.000000 0.000000 0.000000
    89 0.000000 0.000000 0.000000 0.000000 0.000000 0.000000
    90 0.000000 0.000000 0.000000 0.000000 0.000000 0.000000
    91 0.000000 0.000000 0.000000 0.000000 0.000000 0.000000
    92 0.000000 0.000000 0.000000 0.000000 0.000000 0.000000
    93 0.000000 0.000000 0.000000 0.000000 0.000000 0.000000
    94 0.000000 0.000000 0.000000 0.000000 0.000000 0.000000
    95 0.000000 0.000000 0.000000 0.000000 0.000000 0.000000
    96 0.000000 0.000000 0.000000 0.000000 0.000000 0.000000
    97 0.000000 0.000000 0.000000 0.000000 0.000000 0.000000
    98 0.000000 0.000000 0.000000 0.000000 0.000000 0.000000
    99 0.000000 0.000000 0.000000 0.000000 0.000000 0.000000
    100 0.000000 0.000000 0.000000 0.000000 0.000000 0.000000
    101 0.000000 0.000000 0.000000 0.000000 0.000000 0.000000
    102 0.000000 0.000000 0.000000 0.000000 0.000000 0.000000
    103 0.000000 0.000000 0.000000 0.000000 0.000000 0.000000
    104 0.000000 0.000000 0.000000 0.000000 0.000000 0.000000
    105 0.000000 0.000000 0.000000 0.000000 0.000000 0.000000
    106 0.000000 0.000000 0.000000 0.000000 0.000000 0.000000
    107 0.000000 0.000000 0.000000 0.000000 0.000000 0.000000
    108 0.000000 0.000000 0.000000 0.000000 0.000000 0.000000
    109 0.000000 0.000000 0.000000 0.000000 0.000000 0.000000
    110 0.000000 0.000000 0.000000 0.000000 0.000000 0.000000
    111 0.000000 0.000000 0.000000 0.000000 0.000000 -1.570796
    112 0.000000 0.000000 -0.019532 0.002396 -0.001967 0.000000
    113 0.000000 0.000000 0.000000 0.000000 0.000000 0.000000
    114 0.000000 0.000000 0.000000 0.000000 0.000000 0.000000
    115 0.000000 0.050783 0.007813 0.002945 0.000865 -1.570528
    116 0.000000 0.000000 0.000000 0.000000 0.000000 0.000000
    117 0.000000 0.000000 0.000000 0.000000 0.000000 0.000000
    118 0.000000 0.000000 0.000000 0.000000 0.000000 0.000000
    119 0.000000 0.000000 0.000000 0.000000 0.000000 0.000000
    120 0.000000 0.000000 0.000000 0.000000 0.000000 0.000000
    121 0.000000 0.000000 0.000000 0.000000 0.000000 0.000000
    122 0.000000 0.000000 0.000000 0.000000 0.000000 0.000000
    123 0.000000 0.000000 0.000000 0.000000 0.000000 0.000000
    124 0.000000 0.000000 0.000000 0.000000 0.000000 0.000000
    125 0.000000 0.000000 0.000000 0.000000 0.000000 0.000000
    126 0.000000 0.000000 0.000000 0.000000 0.000000 0.000000
    127 0.000000 0.000000 0.000000 0.000000 0.000000 0.000000
    128 0.000000 0.000000 0.000000 0.000000 0.000000 0.000000
    129 0.000000 0.000000 0.000000 0.000000 0.000000 0.000000
    130 0.000000 0.000000 0.000000 0.000000 0.000000 0.000000
    131 0.000000 0.000000 0.000000 0.000000 0.000000 0.000000
    132 0.000000 0.000000 0.000000 0.000000 0.000000 0.000000
    133 0.000000 0.000000 0.000000 0.000000 0.000000 0.000000
    134 0.000000 0.000000 0.000000 0.000000 0.000000 0.000000
    135 0.000000 0.000000 0.000000 0.000000 0.000000 0.000000
    136 0.000000 0.000000 0.000000 0.000000 0.000000 0.000000
    137 0.000000 0.000000 0.000000 -0.003152 0.000000 0.000000
    138 0.000000 0.007813 0.000000 0.002398 -0.001920 0.000000
    139 0.000000 0.000000 0.000000 0.000000 0.000000 0.000000
    140 0.000000 0.000000 0.000000 0.000000 0.000000 0.000000
    141 0.000000 0.000000 0.000000 0.000000 0.000000 0.000000
    142 0.000000 0.000000 0.000000 0.000000 0.000000 0.000000
    143 0.000000 0.000000 0.000000 0.000000 0.000000 0.000000
    144 0.000000 0.000000 0.000000 0.000000 0.000000 0.000000
    145 0.000000 0.000000 0.000000 0.000000 0.000000 0.000000
    146 0.000000 0.000000 0.000000 0.000000 0.000000 0.000000
    147 0.000000 0.000000 0.000000 0.000000 0.000000 0.000000
    148 0.000000 0.000000 0.000000 0.000000 0.000000 0.000000
    149 0.000000 0.000000 0.000000 0.000000 0.000000 0.000000
    150 0.000000 0.000000 0.000000 0.000000 0.000000 0.000000
    151 0.000000 0.000000 0.000000 0.000000 0.000000 0.000000
    152 0.000000 0.000000 0.000000 0.000000 0.000000 0.000000
    153 0.000000 0.000000 0.000000 0.000000 0.000000 0.000000
    154 0.000000 0.000000 0.000000 0.000000 0.000000 0.000000
    155 0.000000 0.000000 0.000000 0.000000 0.000000 0.000000
    156 0.000000 0.000000 0.000000 0.000000 0.000000 0.000000
    157 0.000000 0.000000 0.000000 0.000000 0.000000 0.000000
    158 0.000000 0.000000 0.000000 0.000000 0.000000 0.000000
    159 0.000000 0.000000 0.000000 0.000000 0.000000 0.000000
    160 0.000000 0.000000 0.000000 0.000000 0.000000 0.000000
    161 0.000000 0.000000 0.000000 0.000000 0.000000 0.000000
    162 0.000000 0.000000 0.000000 0.000000 0.000000 0.000000
    163 0.000000 0.000000 0.000000 0.000000 0.000000 0.000000
    164 0.000000 0.000000 0.000000 0.000000 0.000000 0.000000
    165 0.000000 0.000000 0.000000 0.000000 0.000000 0.000000
    166 0.000000 0.000000 0.000000 0.000000 0.000000 0.000000
    167 0.000000 0.000000 0.000000 0.000000 0.000000 0.000000
    168 0.000000 0.000000 0.000000 0.000000 0.000000 0.000000
    169 0.000000 0.000000 0.000000 0.000000 0.000000 0.000000
    170 0.000000 0.000000 0.000000 0.000000 0.000000 0.000000
    171 0.000000 0.000000 0.000000 0.000000 0.000000 0.000000
    172 0.000000 0.000000 0.000000 0.000000 0.000000 0.000000
    173 0.000000 0.000000 0.000000 0.000000 0.003152 0.000000
    174 0.000000 0.000000 0.000000 0.002131 0.000000 0.000000
    175 0.000000 0.000000 0.000000 0.000000 0.000000 0.000000
    176 0.000000 0.000000 0.000000 0.000000 0.000000 0.000000
    177 0.000000 0.000000 0.000000 0.000000 0.000000 0.000000
    178 0.000000 0.000000 0.000000 0.000000 0.000000 0.000000
    179 0.000000 0.000000 0.000000 0.000000 0.000000 0.000000
    180 0.000000 0.000000 0.000000 0.000000 0.000000 0.000000
    181 0.000000 0.000000 0.000000 0.000000 0.000000 0.000000
    182 0.000000 0.000000 0.000000 0.000000 0.000000 0.000000
    183 0.000000 0.000000 0.000000 0.000000 0.000000 0.000000
    184 0.000000 0.000000 0.000000 0.000000 0.000000 0.000000
    185 0.000000 0.000000 0.000000 0.000000 0.000000 0.000000
    186 0.000000 0.000000 0.000000 0.000000 0.000000 0.000000
    187 0.000000 0.000000 0.000000 0.000000 0.000000 0.000000
    188 0.000000 0.000000 0.000000 0.000000 0.000000 0.000000
    189 0.000000 0.000000 0.000000 0.000000 0.000000 0.000000
    190 0.000000 0.000000 0.000000 0.000000 0.000000 0.000000
    191 0.000000 0.000000 0.000000 0.000000 0.000000 0.000000
    192 0.000000 0.000000 0.000000 0.000000 0.000000 0.000000
    193 0.000000 0.000000 0.000000 0.000000 0.000000 0.000000
    194 0.000000 0.000000 0.000000 0.000000 0.000000 0.000000
    195 0.000000 0.000000 0.000000 0.000000 0.000000 0.000000
    196 0.000000 0.000000 0.000000 0.000000 0.000000 0.000000
    197 0.000000 0.000000 0.000000 0.000000 0.000000 0.000000
    198 0.000000 0.000000 0.000000 0.000000 0.000000 0.000000
    199 0.000000 0.000000 0.000000 0.000000 0.000000 0.000000
    200 0.000000 0.000000 0.000000 0.000000 0.000000 0.000000
    201 0.000000 0.000000 0.000000 0.000000 0.000000 0.000000
    202 0.000000 0.000000 0.000000 0.000000 0.000000 0.000000
    203 0.000000 0.000000 0.000000 0.000000 0.000000 0.000000
    204 0.000000 0.000000 0.000000 0.000000 0.000000 0.000000
    205 0.000000 0.000000 0.000000 0.000000 0.000000 0.000000
    206 0.000000 0.000000 0.000000 0.000000 0.000000 0.000000
    207 0.000000 0.000000 0.000000 0.000000 0.000000 0.000000
  time 23
    0 0.000000 0.000000 0.000000 0.000000 0.000000 -1.570796
    1 0.000000 0.000000 0.000000 0.000000 0.000000 0.000000
    2 0.000000 0.000000 0.000000 0.000000 0.000000 0.000000
    3 0.000000 0.000000 0.000000 0.000000 0.000000 0.000000
    4 0.000000 0.000000 0.000000 0.000000 0.000000 0.000000
    5 0.000000 0.000000 0.000000 0.000000 0.000000 0.000000
    6 0.000000 0.000000 0.000000 0.000000 0.000000 0.000000
    7 0.000000 0.000000 0.000000 0.000000 0.000000 0.000000
    8 0.000000 0.000000 0.000000 0.000000 0.000000 0.000000
    9 0.000000 0.000000 0.000000 0.000000 0.000000 0.000000
    10 0.000000 0.000000 0.000000 0.000000 0.000000 0.000000
    11 0.000000 0.000000 0.000000 0.000000 0.000000 0.000000
    12 0.000000 0.000000 0.000000 0.000000 0.000000 0.000000
    13 0.000000 0.000000 0.000000 0.000000 0.000000 0.000000
    14 0.000000 0.000000 0.000000 0.000000 0.000000 0.000000
    15 0.000000 0.000000 0.000000 0.000000 0.000000 0.000000
    16 0.000000 0.000000 0.000000 0.000000 0.000000 0.000000
    17 0.000000 0.000000 0.000000 0.000000 0.000000 0.000000
    18 0.000000 0.000000 0.000000 0.000000 0.000000 0.000000
    19 0.000000 0.000000 0.000000 0.000000 0.000000 0.000000
    20 0.000000 0.000000 0.000000 0.000000 0.000000 0.000000
    21 0.000000 0.000000 0.000000 0.000000 0.000000 0.000000
    22 0.000000 0.000000 0.000000 0.000000 0.000000 0.000000
    23 0.000000 0.000000 0.000000 0.000000 0.000000 0.000000
    24 0.000000 0.000000 0.000000 0.000000 0.000000 0.000000
    25 0.000000 0.000000 0.000000 0.000000 0.000000 0.000000
    26 0.000000 0.000000 0.000000 0.000000 0.000000 0.000000
    27 0.000000 0.000000 0.000000 0.000000 0.000000 0.000000
    28 0.000000 0.000000 0.000000 0.000000 0.000000 0.000000
    29 0.000000 0.000000 0.000000 0.000000 0.000000 0.000000
    30 0.000000 0.000000 0.000000 0.000000 0.000000 0.000000
    31 0.000000 0.000000 0.000000 0.000000 0.000000 0.000000
    32 0.000000 0.000000 0.000000 0.000000 0.000000 0.000000
    33 0.000000 0.000000 0.000000 0.000000 0.000000 0.000000
    34 0.000000 0.000000 0.000000 0.000000 0.000000 0.000000
    35 0.000000 0.000000 0.000000 0.000000 0.000000 0.000000
    36 0.000000 0.000000 0.000000 0.000000 0.000000 0.000000
    37 0.000000 0.000000 0.000000 0.000000 0.000000 0.000000
    38 0.000000 0.000000 0.000000 0.000000 0.000000 0.000000
    39 0.000000 0.000000 0.000000 0.000000 0.000000 0.000000
    40 0.000000 0.000000 0.000000 0.000000 0.000000 0.000000
    41 0.000000 0.000000 0.000000 0.000000 0.000000 0.000000
    42 0.000000 0.000000 0.000000 0.000000 0.000000 0.000000
    43 0.000000 0.000000 0.000000 0.000000 0.000000 0.000000
    44 0.000000 0.000000 0.000000 0.000000 0.000000 0.000000
    45 0.000000 0.000000 0.000000 0.000000 0.000000 0.000000
    46 0.000000 0.000000 0.000000 0.000000 0.000000 0.000000
    47 0.000000 0.000000 0.000000 0.000000 0.000000 0.000000
    48 0.000000 0.000000 0.000000 0.000000 0.000000 0.000000
    49 0.000000 0.000000 0.000000 0.000000 0.000000 0.000000
    50 0.000000 0.000000 0.000000 0.000000 0.000000 0.000000
    51 0.000000 0.000000 0.000000 0.000000 0.000000 0.000000
    52 0.000000 0.000000 0.000000 0.000000 0.000000 0.000000
    53 0.000000 0.000000 0.000000 0.000000 0.000000 0.000000
    54 0.000000 0.000000 0.000000 0.000000 0.000000 0.000000
    55 0.000000 0.000000 0.000000 0.000000 0.000000 0.000000
    56 0.000000 0.000000 0.000000 0.000000 0.000000 0.000000
    57 0.000000 0.000000 0.000000 0.000000 0.000000 0.000000
    58 0.000000 0.000000 0.000000 0.000000 0.000000 0.000000
    59 0.000000 0.000000 0.000000 0.000000 0.000000 0.000000
    60 0.000000 0.000000 0.000000 0.000000 0.000000 0.000000
    61 0.000000 0.000000 0.000000 0.000000 0.000000 0.000000
    62 0.000000 0.000000 0.000000 0.000000 0.000000 0.000000
    63 0.000000 0.000000 0.000000 0.000000 0.000000 0.000000
    64 0.000000 0.000000 0.000000 0.000000 0.000000 0.000000
    65 0.000000 0.000000 0.000000 0.000000 0.000000 0.000000
    66 0.000000 0.000000 0.000000 0.000000 0.000000 0.000000
    67 0.000000 0.000000 0.000000 0.000000 0.000000 0.000000
    68 0.000000 0.000000 0.000000 0.000000 0.000000 0.000000
    69 0.000000 0.000000 0.000000 0.000000 0.000000 0.000000
    70 0.000000 0.000000 0.000000 0.000000 0.000000 0.000000
    71 0.000000 0.000000 0.000000 0.000000 0.000000 0.000000
    72 0.000000 0.000000 0.000000 0.000000 0.000000 0.000000
    73 0.000000 0.000000 0.000000 0.000000 0.000000 0.000000
    74 0.000000 0.000000 0.000000 0.000000 0.000000 0.000000
    75 0.000000 0.000000 0.000000 0.000000 0.000000 0.000000
    76 0.000000 0.000000 0.000000 0.000000 0.000000 0.000000
    77 0.000000 0.000000 0.000000 0.000000 0.000000 0.000000
    78 0.000000 0.000000 0.000000 0.000000 0.000000 0.000000
    79 0.000000 0.000000 0.000000 0.000000 0.000000 0.000000
    80 0.000000 0.000000 0.000000 0.000000 0.000000 0.000000
    81 0.000000 0.000000 0.000000 0.000000 0.000000 0.000000
    82 0.000000 0.000000 0.000000 0.000000 0.000000 0.000000
    83 0.000000 0.000000 0.000000 0.000000 0.000000 0.000000
    84 0.000000 0.000000 0.000000 0.000000 0.000000 0.000000
    85 0.000000 0.000000 0.000000 0.000000 0.000000 0.000000
    86 0.000000 0.000000 0.000000 0.000000 0.000000 0.000000
    87 0.000000 0.000000 0.000000 0.000000 0.000000 0.000000
    88 0.000000 0.000000 0.000000 0.000000 0.000000 0.000000
    89 0.000000 0.000000 0.000000 0.000000 0.000000 0.000000
    90 0.000000 0.000000 0.000000 0.000000 0.000000 0.000000
    91 0.000000 0.000000 0.000000 0.000000 0.000000 0.000000
    92 0.000000 0.000000 0.000000 0.000000 0.000000 0.000000
    93 0.000000 0.000000 0.000000 0.000000 0.000000 0.000000
    94 0.000000 0.000000 0.000000 0.000000 0.000000 0.000000
    95 0.000000 0.000000 0.000000 0.000000 0.000000 0.000000
    96 0.000000 0.000000 0.000000 0.000000 0.000000 0.000000
    97 0.000000 0.000000 0.000000 0.000000 0.000000 0.000000
    98 0.000000 0.000000 0.000000 0.000000 0.000000 0.000000
    99 0.000000 0.000000 0.000000 0.000000 0.000000 0.000000
    100 0.000000 0.000000 0.000000 0.000000 0.000000 0.000000
    101 0.000000 0.000000 0.000000 0.000000 0.000000 0.000000
    102 0.000000 0.000000 0.000000 0.000000 0.000000 0.000000
    103 0.000000 0.000000 0.000000 0.000000 0.000000 0.000000
    104 0.000000 0.000000 0.000000 0.000000 0.000000 0.000000
    105 0.000000 0.000000 0.000000 0.000000 0.000000 0.000000
    106 0.000000 0.000000 0.000000 0.000000 0.000000 0.000000
    107 0.000000 0.000000 0.000000 0.000000 0.000000 0.000000
    108 0.000000 0.000000 0.000000 0.000000 0.000000 0.000000
    109 0.000000 0.000000 0.000000 0.000000 0.000000 0.000000
    110 0.000000 0.000000 0.000000 0.000000 0.000000 0.000000
    111 0.000000 0.000000 0.000000 0.000000 0.000000 -1.570796
    112 0.000000 0.000000 0.000000 0.000000 0.000000 0.000000
    113 0.000000 0.000000 0.000000 0.000000 0.000000 0.000000
    114 0.000000 0.000000 0.000000 0.000000 0.000000 0.000000
    115 0.000000 0.000000 0.000000 0.000000 0.000000 -1.570796
    116 0.000000 0.000000 0.000000 0.000000 0.000000 0.000000
    117 0.000000 0.000000 0.000000 0.000000 0.000000 0.000000
    118 0.000000 0.000000 0.000000 0.000000 0.000000 0.000000
    119 0.000000 0.000000 0.000000 0.000000 0.000000 0.000000
    120 0.000000 0.000000 0.000000 0.000000 0.000000 0.000000
    121 0.000000 0.000000 0.000000 0.000000 0.000000 0.000000
    122 0.000000 0.000000 0.000000 0.000000 0.000000 0.000000
    123 0.000000 0.000000 0.000000 0.000000 0.000000 0.000000
    124 0.000000 0.000000 0.000000 0.000000 0.000000 0.000000
    125 0.000000 0.000000 0.000000 0.000000 0.000000 0.000000
    126 0.000000 0.000000 0.000000 0.000000 0.000000 0.000000
    127 0.000000 0.000000 0.000000 0.000000 0.000000 0.000000
    128 0.000000 0.000000 0.000000 0.000000 0.000000 0.000000
    129 0.000000 0.000000 0.000000 0.000000 0.000000 0.000000
    130 0.000000 0.000000 0.000000 0.000000 0.000000 0.000000
    131 0.000000 0.000000 0.000000 0.000000 0.000000 0.000000
    132 0.000000 0.000000 0.000000 0.000000 0.000000 0.000000
    133 0.000000 0.000000 0.000000 0.000000 0.000000 0.000000
    134 0.000000 0.000000 0.000000 0.000000 0.000000 0.000000
    135 0.000000 0.000000 0.000000 0.000000 0.000000 0.000000
    136 0.000000 0.000000 0.000000 0.000000 0.000000 0.000000
    137 0.000000 0.000000 0.000000 -0.003296 0.000000 0.000000
    138 0.000000 0.000000 0.000000 0.000000 0.000000 0.000000
    139 0.000000 0.000000 0.000000 0.000000 0.000000 0.000000
    140 0.000000 0.000000 0.000000 0.000000 0.000000 0.000000
    141 0.000000 0.000000 0.000000 0.000000 0.000000 0.000000
    142 0.000000 0.000000 0.000000 0.000000 0.000000 0.000000
    143 0.000000 0.000000 0.000000 0.000000 0.000000 0.000000
    144 0.000000 0.000000 0.000000 0.000000 0.000000 0.000000
    145 0.000000 0.000000 0.000000 0.000000 0.000000 0.000000
    146 0.000000 0.000000 0.000000 0.000000 0.000000 0.000000
    147 0.000000 0.000000 0.000000 0.000000 0.000000 0.000000
    148 0.000000 0.000000 0.000000 0.000000 0.000000 0.000000
    149 0.000000 0.000000 0.000000 0.000000 0.000000 0.000000
    150 0.000000 0.000000 0.000000 0.000000 0.000000 0.000000
    151 0.000000 0.000000 0.000000 0.000000 0.000000 0.000000
    152 0.000000 0.000000 0.000000 0.000000 0.000000 0.000000
    153 0.000000 0.000000 0.000000 0.000000 0.000000 0.000000
    154 0.000000 0.000000 0.000000 0.000000 0.000000 0.000000
    155 0.000000 0.000000 0.000000 0.000000 0.000000 0.000000
    156 0.000000 0.000000 0.000000 0.000000 0.000000 0.000000
    157 0.000000 0.000000 0.000000 0.000000 0.000000 0.000000
    158 0.000000 0.000000 0.000000 0.000000 0.000000 0.000000
    159 0.000000 0.000000 0.000000 0.000000 0.000000 0.000000
    160 0.000000 0.000000 0.000000 0.000000 0.000000 0.000000
    161 0.000000 0.000000 0.000000 0.000000 0.000000 0.000000
    162 0.000000 0.000000 0.000000 0.000000 0.000000 0.000000
    163 0.000000 0.000000 0.000000 0.000000 0.000000 0.000000
    164 0.000000 0.000000 0.000000 0.000000 0.000000 0.000000
    165 0.000000 0.000000 0.000000 0.000000 0.000000 0.000000
    166 0.000000 0.000000 0.000000 0.000000 0.000000 0.000000
    167 0.000000 0.000000 0.000000 0.000000 0.000000 0.000000
    168 0.000000 0.000000 0.000000 0.000000 0.000000 0.000000
    169 0.000000 0.000000 0.000000 0.000000 0.000000 0.000000
    170 0.000000 0.000000 0.000000 0.000000 0.000000 0.000000
    171 0.000000 0.000000 0.000000 0.000000 0.000000 0.000000
    172 0.000000 0.000000 0.000000 0.000000 0.000000 0.000000
    173 0.000000 0.000000 0.000000 0.000000 0.003296 0.000000
    174 0.000000 0.000000 0.000000 0.000000 0.000000 0.000000
    175 0.000000 0.000000 0.000000 0.000000 0.000000 0.000000
    176 0.000000 0.000000 0.000000 0.000000 0.000000 0.000000
    177 0.000000 0.000000 0.000000 0.000000 0.000000 0.000000
    178 0.000000 0.000000 0.000000 0.000000 0.000000 0.000000
    179 0.000000 0.000000 0.000000 0.000000 0.000000 0.000000
    180 0.000000 0.000000 0.000000 0.000000 0.000000 0.000000
    181 0.000000 0.000000 0.000000 0.000000 0.000000 0.000000
    182 0.000000 0.000000 0.000000 0.000000 0.000000 0.000000
    183 0.000000 0.000000 0.000000 0.000000 0.000000 0.000000
    184 0.000000 0.000000 0.000000 0.000000 0.000000 0.000000
    185 0.000000 0.000000 0.000000 0.000000 0.000000 0.000000
    186 0.000000 0.000000 0.000000 0.000000 0.000000 0.000000
    187 0.000000 0.000000 0.000000 0.000000 0.000000 0.000000
    188 0.000000 0.000000 0.000000 0.000000 0.000000 0.000000
    189 0.000000 0.000000 0.000000 0.000000 0.000000 0.000000
    190 0.000000 0.000000 0.000000 0.000000 0.000000 0.000000
    191 0.000000 0.000000 0.000000 0.000000 0.000000 0.000000
    192 0.000000 0.000000 0.000000 0.000000 0.000000 0.000000
    193 0.000000 0.000000 0.000000 0.000000 0.000000 0.000000
    194 0.000000 0.000000 0.000000 0.000000 0.000000 0.000000
    195 0.000000 0.000000 0.000000 0.000000 0.000000 0.000000
    196 0.000000 0.000000 0.000000 0.000000 0.000000 0.000000
    197 0.000000 0.000000 0.000000 0.000000 0.000000 0.000000
    198 0.000000 0.000000 0.000000 0.000000 0.000000 0.000000
    199 0.000000 0.000000 0.000000 0.000000 0.000000 0.000000
    200 0.000000 0.000000 0.000000 0.000000 0.000000 0.000000
    201 0.000000 0.000000 0.000000 0.000000 0.000000 0.000000
    202 0.000000 0.000000 0.000000 0.000000 0.000000 0.000000
    203 0.000000 0.000000 0.000000 0.000000 0.000000 0.000000
    204 0.000000 0.000000 0.000000 0.000000 0.000000 0.000000
    205 0.000000 0.000000 0.000000 0.000000 0.000000 0.000000
    206 0.000000 0.000000 0.000000 0.000000 0.000000 0.000000
    207 0.000000 0.000000 0.000000 0.000000 0.000000 0.000000
end
