// Created by Crowbar 0.74
version 1
nodes
  0 "tag_origin" -1
  1 "tag_view" 0
  2 "tag_ads" 1
  3 "tag_torso" 2
  4 "j_mainroot" 3
  5 "j_spinelower" 4
  6 "j_spineupper" 5
  7 "j_clavicle_le" 6
  8 "j_clavicle_ri" 6
  9 "j_shoulder_le" 7
  10 "j_teres_le" 7
  11 "j_shoulder_ri" 8
  12 "j_teres_ri" 8
  13 "j_shouldertwist_le" 9
  14 "j_elbow_le" 9
  15 "ValveBiped.Bip01_L_UpperArm" 9
  16 "j_shouldertwist_ri" 11
  17 "j_elbow_ri" 11
  18 "ValveBiped.Bip01_R_UpperArm" 11
  19 "j_wristfronttwist1_le" 14
  20 "j_elbowdq_le" 14
  21 "j_wrist_le" 14
  22 "ValveBiped.Bip01_L_Forearm" 14
  23 "j_wristfronttwist1_ri" 17
  24 "j_elbowdq_ri" 17
  25 "j_wrist_ri" 17
  26 "ValveBiped.Bip01_R_Forearm" 17
  27 "j_metaindex_le_1" 21
  28 "j_metamid_le_1" 21
  29 "j_metapinky_le_1" 21
  30 "j_metaring_le_1" 21
  31 "j_thumb_le_1" 21
  32 "ValveBiped.Bip01_L_Hand" 21
  33 "j_metaindex_ri_1" 25
  34 "j_metamid_ri_1" 25
  35 "j_metapinky_ri_1" 25
  36 "j_metaring_ri_1" 25
  37 "j_thumb_ri_1" 25
  38 "ValveBiped.Bip01_R_Hand" 25
  39 "j_index_le_1" 27
  40 "j_mid_le_1" 28
  41 "j_pinky_le_1" 29
  42 "j_webbing_le_3" 29
  43 "j_ring_le_1" 30
  44 "j_thumb_le_2" 31
  45 "j_webbing_le_2" 31
  46 "ValveBiped.Bip01_L_Finger0" 31
  47 "j_index_ri_1" 33
  48 "j_mid_ri_1" 34
  49 "j_pinky_ri_1" 35
  50 "j_webbing_ri_3" 35
  51 "j_ring_ri_1" 36
  52 "j_thumb_ri_2" 37
  53 "j_webbing_ri_2" 37
  54 "ValveBiped.Bip01_R_Finger0" 37
  55 "j_index_le_2" 39
  56 "j_indexbulge_le_1" 39
  57 "j_proc_index_le_1" 39
  58 "ValveBiped.Bip01_L_Finger1" 39
  59 "j_mid_le_2" 40
  60 "j_proc_mid_le_1" 40
  61 "ValveBiped.Bip01_L_Finger2" 40
  62 "j_pinky_le_2" 41
  63 "j_proc_pinky_le_1" 41
  64 "ValveBiped.Bip01_L_Finger4" 41
  65 "j_ring_le_2" 43
  66 "j_proc_ring_le_1" 43
  67 "ValveBiped.Bip01_L_Finger3" 43
  68 "j_thumb_le_3" 44
  69 "ValveBiped.Bip01_L_Finger01" 44
  70 "j_index_ri_2" 47
  71 "j_indexbulge_ri_1" 47
  72 "j_proc_index_ri_1" 47
  73 "ValveBiped.Bip01_R_Finger1" 47
  74 "j_mid_ri_2" 48
  75 "j_proc_mid_ri_1" 48
  76 "ValveBiped.Bip01_R_Finger2" 48
  77 "j_pinky_ri_2" 49
  78 "j_proc_pinky_ri_1" 49
  79 "ValveBiped.Bip01_R_Finger4" 49
  80 "j_ring_ri_2" 51
  81 "j_proc_ring_ri_1" 51
  82 "ValveBiped.Bip01_R_Finger3" 51
  83 "j_thumb_ri_3" 52
  84 "ValveBiped.Bip01_R_Finger01" 52
  85 "j_index_le_3" 55
  86 "ValveBiped.Bip01_L_Finger11" 55
  87 "j_mid_le_3" 59
  88 "ValveBiped.Bip01_L_Finger21" 59
  89 "j_pinky_le_3" 62
  90 "ValveBiped.Bip01_L_Finger41" 62
  91 "j_ring_le_3" 65
  92 "ValveBiped.Bip01_L_Finger31" 65
  93 "ValveBiped.Bip01_L_Finger02" 68
  94 "j_index_ri_3" 70
  95 "ValveBiped.Bip01_R_Finger11" 70
  96 "j_mid_ri_3" 74
  97 "ValveBiped.Bip01_R_Finger21" 74
  98 "j_pinky_ri_3" 77
  99 "ValveBiped.Bip01_R_Finger41" 77
  100 "j_ring_ri_3" 80
  101 "ValveBiped.Bip01_R_Finger31" 80
  102 "ValveBiped.Bip01_R_Finger02" 83
  103 "ValveBiped.Bip01_L_Finger12" 85
  104 "ValveBiped.Bip01_L_Finger22" 87
  105 "ValveBiped.Bip01_L_Finger42" 89
  106 "ValveBiped.Bip01_L_Finger32" 91
  107 "ValveBiped.Bip01_R_Finger12" 94
  108 "ValveBiped.Bip01_R_Finger22" 96
  109 "ValveBiped.Bip01_R_Finger42" 98
  110 "ValveBiped.Bip01_R_Finger32" 100
  111 "ValveBiped.Anim_Attachment_RH" -1
  112 "tag_pistol_offset" 111
  113 "tag_holo" 112
  114 "tag_acog_2" 112
  115 "j_gun" -1
  116 "j_hammer" 112
  117 "tag_align_gun" 112
  118 "tag_barrel_attach" 112
  119 "tag_brass" 112
  120 "tag_folding_grip" 112
  121 "tag_ik_loc_le" 112
  122 "tag_laser_attach" 112
  123 "tag_mag_attach" 112
  124 "tag_pistolgrip_attach" 112
  125 "tag_reflex" 112
  126 "tag_scope" 112
  127 "tag_stock_attach" 112
  128 "j_trigger" 127
  129 "tag_trigger_hide" 128
  130 "j_magrelease" 112
  131 "j_safety" 112
  132 "j_slidestop" 112
  133 "tag_rail" 112
  134 "tag_sync" 0
  135 "tag_camera_scripted" 0
  136 "tag_cambone" 1
  137 "tag_camera" 136
  138 "tag_weapon" 3
  139 "tag_player" 137
  140 "tag_playerhelmet" 137
  141 "j_hip_le" 4
  142 "j_hip_ri" 4
  143 "j_groinprotector" 4
  144 "j_crotch" 4
  145 "j_hiptwist_le" 141
  146 "j_knee_le" 141
  147 "j_hip_proc_le" 141
  148 "j_hiptwist_ri" 142
  149 "j_knee_ri" 142
  150 "j_hip_proc_ri" 142
  151 "j_proc_spinelower" 5
  152 "j_ankle_le" 146
  153 "j_kneedq_le" 146
  154 "tag_stowed_thigh" 148
  155 "j_ankle_ri" 149
  156 "j_kneedq_ri" 149
  157 "j_neck" 6
  158 "j_spine4" 6
  159 "j_proc_spineupper" 6
  160 "j_ball_le" 152
  161 "j_ball_ri" 155
  162 "tag_carry_attach" 7
  163 "j_head" 157
  164 "j_chest" 158
  165 "j_mag1" 123
  166 "j_mag2" 123
  167 "j_slide" 118
  168 "tag_flash" 118
  169 "j_eyeball_le" 163
  170 "j_eyeball_ri" 163
  171 "j_head_end" 163
  172 "j_jaw" 163
  173 "j_nvg" 163
  174 "j_shield_le" 14
  175 "j_shield_ri" 17
  176 "j_helmet" 171
  177 "j_proc_wristfronttwist1_le" 19
  178 "j_webbing_le_1" 21
  179 "tag_weapon_left" 21
  180 "tag_accessory_left" 21
  181 "j_proc_metaindex_le_1" 21
  182 "j_proc_metaknuckle_le_1" 21
  183 "j_proc_metapinky_le_1" 21
  184 "j_webbing_ri_1" 25
  185 "tag_weapon_right" 25
  186 "tag_knife_attach2" 25
  187 "tag_accessory_right" 25
  188 "j_proc_metaindex_ri_1" 25
  189 "j_proc_metaknuckle_ri_1" 25
  190 "j_proc_metapinky_ri_1" 25
  191 "j_visor" 176
  192 "j_visor_inner" 176
  193 "tag_wrist_attach_le" 177
  194 "j_proc_metaindex_le_2" 181
  195 "j_proc_knuckle_le_1" 182
  196 "j_proc_idle_knuckle_le_1" 182
  197 "j_proc_orient_knuckle_le_1" 182
  198 "j_proc_metapinky_le_2" 183
  199 "j_proc_metaindex_ri_2" 188
  200 "j_proc_knuckle_ri_1" 189
  201 "j_proc_idle_knuckle_ri_1" 189
  202 "j_proc_orient_knuckle_ri_1" 189
  203 "j_proc_metapinky_ri_2" 190
  204 "j_thumb_le_4" 68
  205 "j_thumb_ri_4" 83
  206 "j_index_le_4" 85
  207 "j_index_ri_4" 94
end
skeleton
  time 0
    0 0.000000 0.000000 0.000000 0.000000 0.000000 -1.570796
    1 -0.106323 0.000000 -0.000198 0.000000 0.000000 0.000000
    2 0.000000 0.000000 0.000000 0.000000 0.000000 0.000000
    3 -0.904000 0.000000 -11.806000 0.000000 0.000000 0.000000
    4 0.000000 0.000000 -14.313999 0.000000 -1.570796 1.570857
    5 3.533001 0.000000 0.000000 0.000000 0.000000 0.000000
    6 6.250000 0.000000 0.000000 0.000000 0.000000 0.000000
    7 7.589844 6.851563 -1.851563 -1.153277 1.547377 -1.153364
    8 11.554688 8.109375 4.390625 0.044783 -1.073398 -0.039574
    9 5.790726 0.002787 -0.000113 -1.335616 0.287694 -1.808842
    10 5.999492 -0.000592 -4.000343 0.000000 0.000000 0.000000
    11 5.791316 0.002582 0.004799 1.403071 -0.321469 -1.942390
    12 5.999492 -0.000592 4.000336 0.000000 0.000000 0.000000
    13 0.500225 0.000133 -0.000088 0.354516 0.000000 0.000000
    14 11.534559 0.004255 -0.001312 0.000043 0.000033 -0.726460
    15 -0.829338 0.893824 0.079659 -0.148839 0.047645 0.087266
    16 0.500225 0.000132 0.000076 -0.388899 0.000012 0.000060
    17 11.536401 0.004432 -0.000089 0.000006 -0.000022 -0.599878
    18 -0.829586 0.894698 -0.079464 0.045377 -0.019621 0.087266
    19 10.599884 0.000105 -0.000553 -0.683909 -0.000012 -0.000048
    20 0.119665 -0.275181 -0.000805 -0.000060 0.000011 0.363321
    21 11.042057 -0.000189 0.004704 -0.607609 0.098738 0.491961
    22 -1.214832 0.203470 -0.477489 -0.135025 -0.078677 -0.001289
    23 10.599880 0.000105 0.000549 -0.132233 0.000000 -0.000048
    24 0.096225 -0.282994 0.000801 0.000000 -0.000023 0.300018
    25 11.041742 0.003171 -0.000571 -0.172355 0.717601 0.086452
    26 -1.063377 0.077663 0.150230 0.045121 0.020046 -0.012850
    27 0.610302 -0.939470 0.070343 -1.654891 -0.083619 -0.180398
    28 0.639940 -0.199121 0.060188 -1.665502 -0.069863 -0.072259
    29 0.600155 1.080261 -0.339535 -1.744123 0.106204 0.045568
    30 0.610207 0.400743 -0.010101 -1.761999 0.010568 0.029006
    31 0.634715 -0.693997 -0.232343 0.290626 0.046979 -1.082194
    32 -0.792125 0.203736 0.461300 1.439074 -0.003453 -0.018305
    33 0.610300 -0.939469 -0.070351 1.655295 0.140103 -0.175724
    34 0.639937 -0.199121 -0.060200 1.659401 0.202520 -0.040512
    35 0.600157 1.080259 0.339531 1.741577 0.106966 0.153573
    36 0.610205 0.400743 0.010086 1.767162 0.146059 0.084219
    37 0.624002 -0.695300 0.232270 -0.835015 -0.412941 -0.906155
    38 -0.626031 -0.069983 -0.080517 -1.447153 0.086151 0.021559
    39 2.621377 -0.002532 -0.001438 0.011617 -0.173814 0.904477
    40 2.656250 0.000106 -0.000829 -0.087665 -0.136083 1.023537
    41 2.202488 0.003368 -0.006769 -0.089456 -0.143276 1.068757
    42 0.599952 0.959240 -0.300102 -0.174544 0.000000 0.000000
    43 2.557190 -0.001967 0.006359 0.000269 -0.126846 1.057992
    44 2.095024 -0.003873 -0.002193 -0.627910 0.029997 0.680863
    45 1.000000 0.000646 -1.041992 -0.000001 0.000000 0.000000
    46 -0.122639 -0.721856 0.661690 -0.486644 0.223964 0.243056
    47 2.622113 -0.000648 0.002741 0.164982 0.528368 0.327407
    48 2.658203 0.000780 0.000160 0.597727 0.336290 1.187863
    49 2.200016 0.001663 0.004743 0.407980 -0.072364 1.427705
    50 0.599951 0.959244 0.300102 0.174544 0.000000 0.000000
    51 2.556570 -0.000385 0.000554 0.402081 0.153040 1.281439
    52 2.103851 0.005614 -0.001014 0.819138 -0.369601 0.539115
    53 0.999374 -0.000237 1.244519 0.292927 0.028379 0.134647
    54 0.310846 -0.606445 -0.498005 0.308107 -0.197598 0.313976
    55 1.869163 -0.004741 -0.000994 -0.000007 0.000004 1.282877
    56 1.200941 0.399582 -0.000237 -0.009465 0.016087 0.007127
    57 0.000586 0.100342 -0.000319 -0.120035 -0.021926 -0.209617
    58 -0.161663 0.051712 0.194808 -2.941982 0.122408 -0.060194
    59 2.010092 -0.007109 -0.003377 0.000065 -0.000023 1.294938
    60 0.000240 0.099802 -0.000395 -0.018823 0.010833 -0.239219
    61 -0.203197 0.048607 0.069150 -3.093332 0.033217 -0.046722
    62 1.180428 -0.006214 0.000780 -0.000014 0.000012 0.672937
    63 -0.000196 0.099625 -0.000034 0.000000 0.000000 -0.314102
    64 -0.088736 -0.688435 -0.145203 2.930407 -0.136130 0.513013
    65 1.712069 -0.003328 -0.000088 -0.017151 -0.021125 1.013694
    66 -0.000580 0.100145 -0.000311 -0.010912 0.023129 -0.260841
    67 -0.146030 -0.232426 -0.014225 3.028455 -0.094299 0.113020
    68 1.290632 0.000362 -0.000032 -0.067006 0.043037 -0.236015
    69 -0.658121 -0.003575 0.072645 -0.142711 0.027792 -0.077299
    70 1.868080 -0.003049 0.006083 -0.000045 0.000015 1.013731
    71 1.200079 0.399944 -0.000093 0.009465 -0.016087 0.007127
    72 0.000591 0.100342 0.000319 0.120035 0.021926 -0.209617
    73 0.068077 0.002285 -0.080050 3.111376 -0.069366 -0.060847
    74 2.015780 -0.005083 0.006086 0.000071 -0.000013 1.418090
    75 0.000229 0.099802 0.000395 0.018823 -0.010833 -0.239219
    76 -0.018673 -0.001009 0.047544 3.109244 0.002635 -0.106673
    77 1.178665 0.001595 0.000845 -0.000006 -0.000060 0.723827
    78 -0.000198 0.099628 0.000034 0.000000 0.000000 -0.314102
    79 0.036892 -0.634449 0.266284 -2.801062 0.174301 0.490914
    80 1.704350 -0.002506 -0.000686 -0.000106 -0.000001 1.086521
    81 -0.000576 0.100136 0.000311 0.010912 -0.023129 -0.260841
    82 -0.003952 -0.281811 0.115047 -3.059162 0.089004 0.167964
    83 1.289627 0.003949 0.000061 0.217003 -0.034765 0.510492
    84 -0.171528 -0.018148 -0.099873 0.013484 -0.062184 -0.011780
    85 0.919922 -0.000299 -0.000417 0.000000 0.000000 0.165533
    86 -0.342617 0.053404 -0.025571 -2.909301 -0.017248 0.075276
    87 1.098633 -0.000424 0.000134 0.000000 0.000000 -0.170004
    88 -0.384983 0.330998 0.006848 -3.087207 -0.018765 -0.184279
    89 0.678146 0.006192 0.000002 -0.000018 -0.000019 0.160564
    90 -0.123848 0.072737 0.029507 2.898184 -0.060627 0.094834
    91 1.017166 -0.000154 -0.000252 0.000049 -0.000074 -0.068582
    92 -0.344986 0.123129 0.143151 2.994981 0.012396 0.059140
    93 -0.730988 0.177046 0.039141 -0.123731 0.076518 -0.084310
    94 0.925900 0.001298 -0.000896 -0.000002 -0.000011 0.484986
    95 -0.124027 -0.052092 0.038496 3.077813 -0.008519 0.039229
    96 1.100430 -0.003552 0.000503 0.000041 -0.000006 0.880269
    97 -0.330082 0.160641 0.042780 3.128073 0.034033 -0.171236
    98 0.675854 0.005438 0.003272 0.000014 0.000003 1.006527
    99 -0.019516 -0.016531 0.038578 -2.763781 0.050305 0.076828
    100 1.018891 0.001206 0.001121 0.000090 0.000031 1.057648
    101 -0.155312 0.130643 -0.021921 -3.022466 0.022433 -0.024903
    102 -0.252209 0.061937 -0.024914 -0.007671 -0.063171 -0.044392
    103 -0.085991 0.185203 -0.015180 -2.937063 -0.113970 -0.138991
    104 -0.286537 0.179852 0.024264 -3.109353 -0.049645 -0.029915
    105 -0.019489 0.147084 0.079203 2.893815 0.038585 -0.060594
    106 -0.046482 0.251898 0.129548 3.016165 0.077112 -0.042864
    107 0.039120 -0.040298 0.047739 3.084219 0.030470 -0.037414
    108 -0.233757 0.066630 0.001754 -3.133086 0.040141 -0.065413
    109 0.044266 0.020128 0.001684 -2.778763 -0.118872 -0.040488
    110 0.071495 0.074127 -0.048302 -3.035917 -0.059482 0.104366
    111 0.000000 0.000000 0.000000 0.000000 0.000000 -1.570796
    112 13.348064 -0.546892 -4.781396 -0.366260 0.000047 0.000000
    113 1.414063 0.000000 2.341797 0.000000 0.000000 0.000000
    114 1.194336 0.000004 2.341797 0.000000 0.000000 0.000000
    115 5.687674 8.844020 -7.090060 -0.101709 -0.845028 -1.305166
    116 -0.575999 -0.004000 0.701999 0.000000 0.000000 0.000000
    117 -0.222000 0.000000 2.060996 0.000000 0.000000 0.000000
    118 0.414999 0.000000 0.937998 0.000000 0.000000 0.000000
    119 1.086997 -0.554999 1.709997 0.000000 0.000000 -1.570755
    120 4.654990 0.000000 0.242000 0.000000 0.000000 0.000000
    121 -1.234999 2.354995 -2.038996 -1.607303 0.223150 -0.356359
    122 4.367991 0.000000 0.177000 0.000000 0.000000 0.000000
    123 0.537998 0.000000 -3.214993 0.000000 0.000000 0.000000
    124 -0.126000 0.000000 -1.241997 0.000000 0.000000 0.000000
    125 1.572997 0.000000 2.342995 0.000000 0.000000 0.000000
    126 1.201998 0.000000 2.375995 0.000000 0.000000 0.000000
    127 -1.451998 0.000000 -3.396993 0.000000 0.000000 0.000000
    128 3.501993 0.017000 3.580993 0.000000 0.000000 0.000000
    129 0.000000 0.000000 0.000000 0.000000 0.000000 0.000000
    130 0.745997 0.090000 -0.642999 0.000000 0.000000 0.000000
    131 -0.716000 0.604999 0.624999 0.000000 0.000000 0.000000
    132 2.751994 0.107000 0.669999 0.000000 0.000000 0.000000
    133 3.184993 0.000000 1.365997 0.000000 0.000000 0.000000
    134 0.000000 0.000000 0.000000 0.000000 0.000000 0.000000
    135 -0.106000 0.000000 64.320000 0.000000 0.000000 0.000000
    136 0.000000 0.000000 0.000000 0.000000 0.000000 0.000000
    137 0.000000 0.000000 0.000000 0.000000 0.000000 0.000000
    138 23.465069 -1.030432 5.766148 -0.366404 0.000106 -0.000089
    139 0.106000 0.000000 -64.320000 0.000000 0.000000 0.000000
    140 0.000000 0.000000 0.000000 0.000000 0.000000 0.000000
    141 0.000000 0.000000 -4.867002 -3.141592 0.000000 -3.128591
    142 0.000000 0.000000 4.867000 -3.141592 0.000000 -3.128591
    143 4.000000 -6.500000 0.000000 0.000000 0.000000 0.000977
    144 -6.500000 0.000000 0.000000 0.000000 1.570796 0.000000
    145 1.000088 -0.000029 0.000000 0.000000 0.000000 0.000000
    146 17.162516 -0.000404 0.000000 0.000000 0.000000 0.119214
    147 9.999891 -0.000303 0.000000 0.000000 0.000000 0.000000
    148 1.000088 -0.000029 0.000000 0.000000 0.000000 0.000000
    149 17.162516 -0.000404 0.000000 0.000000 0.000000 0.119214
    150 9.499836 0.000212 0.000000 0.000000 0.000000 0.000000
    151 0.000000 0.000000 0.000000 0.000000 0.000000 0.000000
    152 17.749374 0.295515 0.000000 0.000000 0.000000 -1.158958
    153 0.017889 0.299792 0.000000 0.000000 0.000000 -0.059582
    154 12.283573 1.581456 -4.696000 1.462269 -0.086726 0.090185
    155 17.749376 0.295515 0.000000 0.000000 0.000000 -1.158958
    156 0.017889 0.299792 0.000000 0.000000 0.000000 -0.059582
    157 13.354000 0.000000 0.000000 0.000000 0.000000 -0.294101
    158 4.530998 0.000000 0.000000 0.000000 0.000000 0.000000
    159 0.000000 0.000000 0.000000 0.000000 0.000000 0.000000
    160 5.413524 0.000347 0.000000 0.000000 0.000000 -0.518055
    161 5.413524 0.000347 0.000000 0.000000 0.000000 -0.518055
    162 4.662001 -5.366332 4.825191 1.569713 1.561305 -3.121213
    163 3.116966 -0.000443 0.000000 0.000000 0.000000 0.294101
    164 0.000000 0.000000 0.000000 0.000000 0.000000 0.000000
    165 -0.537999 0.000000 2.587000 0.000000 0.000000 0.000000
    166 -13.874111 21.999107 -52.119568 0.366313 0.000000 0.000000
    167 2.302999 0.000000 0.188000 0.000000 0.000000 0.000000
    168 6.748000 0.000000 0.546000 0.000000 0.000000 0.000000
    169 3.512001 -3.547000 -1.066000 0.000000 1.570796 0.000000
    170 3.456001 -3.517000 1.169000 0.000000 1.570796 0.000000
    171 6.233002 0.000000 0.000000 0.000000 0.000000 0.000000
    172 -0.171997 -0.106000 -0.902000 1.570713 1.029176 -3.134550
    173 6.241997 -6.380000 0.000000 0.000000 0.000000 0.000000
    174 3.999434 -0.000526 -0.000332 -0.341947 0.000000 0.000000
    175 3.999901 0.000041 0.001011 -0.066115 0.000000 0.000000
    176 1.598000 0.000000 0.000000 0.000000 0.000000 0.000000
    177 -1.145525 0.000130 0.000668 0.000000 0.000000 0.000000
    178 2.299679 -2.499979 -0.599480 0.892008 0.221446 -0.527246
    179 10.098688 -3.054417 1.288986 1.608640 -0.348087 -0.236250
    180 -9.580679 -27.862114 -37.184673 0.812879 -0.123459 -0.568477
    181 0.649933 -0.548295 0.093651 -1.665913 -0.131399 -0.112062
    182 0.657076 0.008402 0.040371 -1.665945 -0.131407 -0.000013
    183 0.665774 0.747222 -0.029186 -1.665935 -0.131408 0.094976
    184 2.300138 -2.499413 0.600155 -0.892033 -0.221459 -0.527258
    185 11.382039 1.378774 3.523220 1.871077 -0.298180 0.208368
    186 2.762350 0.116950 1.523975 1.629482 0.064153 1.743800
    187 7.228323 7.928203 -3.925648 2.328713 0.123459 -0.568477
    188 0.650394 -0.547731 -0.092979 1.665913 0.131399 -0.112062
    189 0.657068 0.008396 -0.040379 1.665945 0.131407 -0.000013
    190 0.665772 0.747219 0.029182 1.665935 0.131408 0.094976
    191 -4.481003 -0.202000 0.000000 0.000000 0.000000 0.000000
    192 -5.516998 -0.291000 -0.001000 0.000000 0.000000 0.000000
    193 -0.857697 0.104072 0.104679 0.023536 0.163924 0.013632
    194 1.899121 0.000423 -0.000439 0.027386 -0.033311 0.477848
    195 1.799660 -0.000233 0.000231 0.027386 -0.033311 0.477848
    196 1.799660 -0.000233 0.000231 0.027386 -0.033311 0.477848
    197 1.799660 -0.000233 0.000231 0.027386 -0.033311 0.477848
    198 1.900310 -0.000137 -0.000517 0.027386 -0.033311 0.477848
    199 1.899435 -0.000317 -0.000150 -0.027386 0.033311 0.477848
    200 1.799664 -0.000237 -0.000233 -0.027386 0.033311 0.477848
    201 1.799664 -0.000237 -0.000233 -0.027386 0.033311 0.477848
    202 1.799664 -0.000237 -0.000233 -0.027386 0.033311 0.477848
    203 1.900727 0.000557 -0.000072 -0.027386 0.033311 0.477848
    204 0.599884 0.400188 -0.000027 0.000000 0.000000 0.000000
    205 0.599888 0.400187 0.000031 0.000000 0.000000 -3.141592
    206 0.599503 0.400696 0.000235 0.000000 0.000000 0.000000
    207 0.600399 0.399632 -0.000467 0.000000 0.000000 -3.141592
  time 1
    0 0.000000 0.000000 0.000000 0.000000 0.000000 -1.570796
    1 -0.106323 0.000000 -0.000198 0.000000 0.000000 0.000000
    2 0.000000 0.000000 0.000000 0.000000 0.000000 0.000000
    3 -0.904000 0.000000 -11.806000 0.000000 0.000000 0.000000
    4 0.000000 0.000000 -14.313999 0.000000 -1.570796 1.570857
    5 3.533001 0.000000 0.000000 0.000000 0.000000 0.000000
    6 6.250000 0.000000 0.000000 0.000000 0.000000 0.000000
    7 7.589844 6.851563 -1.851563 -1.153277 1.547377 -1.153364
    8 11.554688 8.109375 4.390625 0.044783 -1.073398 -0.039574
    9 5.790726 0.002787 -0.000113 -1.332483 0.290788 -1.804189
    10 5.999492 -0.000592 -4.000343 0.000000 0.000000 0.000000
    11 5.791316 0.002582 0.004799 1.402697 -0.319980 -1.942655
    12 5.999492 -0.000592 4.000336 0.000000 0.000000 0.000000
    13 0.500225 0.000133 -0.000088 0.352096 0.000000 0.000000
    14 11.534559 0.000348 -0.001312 -0.000017 0.000009 -0.741225
    15 -0.829338 0.893824 0.079659 -0.148839 0.047645 0.087266
    16 0.500225 0.000132 0.000076 -0.390350 0.000000 0.000024
    17 11.532495 0.004432 -0.000089 0.000006 -0.000022 -0.601833
    18 -0.829586 0.894698 -0.079464 0.045377 -0.019621 0.087266
    19 10.599884 0.000105 -0.000553 -0.680518 0.000060 0.000036
    20 0.119665 -0.275181 -0.000805 0.000012 0.000047 0.370695
    21 11.042057 -0.000189 0.000798 -0.593769 0.096833 0.529443
    22 -1.214832 0.203470 -0.477489 -0.135025 -0.078677 -0.001289
    23 10.599880 0.000105 0.000549 -0.104407 0.000000 0.000000
    24 0.096225 -0.279087 0.000801 -0.000012 -0.000059 0.301004
    25 11.041742 0.003171 -0.000571 -0.134901 0.706298 0.110948
    26 -1.063377 0.077663 0.150230 0.045121 0.020046 -0.012850
    27 0.610302 -0.939470 0.070343 -1.654891 -0.083619 -0.180386
    28 0.639940 -0.199121 0.060188 -1.665502 -0.069875 -0.072259
    29 0.600155 1.080261 -0.339535 -1.744176 0.106204 0.045580
    30 0.610207 0.400743 -0.010101 -1.761999 0.010568 0.029018
    31 0.634715 -0.693997 -0.232343 0.291838 0.037665 -1.065428
    32 -0.792125 0.203736 0.461300 1.439074 -0.003453 -0.018305
    33 0.610300 -0.939469 -0.070351 1.655295 0.140103 -0.175712
    34 0.639937 -0.199121 -0.060200 1.659401 0.202520 -0.040500
    35 0.600157 1.080259 0.339531 1.741577 0.106966 0.153573
    36 0.610205 0.400743 0.010086 1.767162 0.146059 0.084219
    37 0.624002 -0.695300 0.236176 -0.834088 -0.419506 -0.895471
    38 -0.626031 -0.069983 -0.080517 -1.447153 0.086151 0.021559
    39 2.621377 -0.002532 -0.001438 0.011617 -0.173814 0.904477
    40 2.656250 0.000106 -0.000829 -0.087665 -0.136083 1.023537
    41 2.206394 0.003368 -0.006769 -0.089456 -0.143259 1.068683
    42 0.599952 0.959240 -0.300102 -0.174544 0.000000 0.000000
    43 2.553283 -0.001967 0.006359 0.000269 -0.126858 1.057992
    44 2.095024 -0.003873 -0.002193 -0.718086 0.048422 0.708907
    45 1.000000 0.000646 -1.041992 -0.000001 0.000000 0.000000
    46 -0.122639 -0.721856 0.661690 -0.486644 0.223964 0.243056
    47 2.622113 -0.004555 0.002741 0.206743 0.558378 0.405210
    48 2.658203 0.000780 0.000160 0.597727 0.336290 1.187863
    49 2.200016 0.001663 0.004743 0.407980 -0.072364 1.427705
    50 0.599951 0.959244 0.300102 0.174544 0.000000 0.000000
    51 2.556570 -0.004291 0.000554 0.402081 0.153028 1.281460
    52 2.103851 0.001708 -0.001014 0.815279 -0.376193 0.540809
    53 0.999374 -0.000237 1.244519 0.292927 0.028391 0.134635
    54 0.310846 -0.606445 -0.498005 0.308107 -0.197598 0.313976
    55 1.873069 -0.004741 -0.000994 -0.000007 0.000004 1.282877
    56 1.200941 0.399582 -0.000237 -0.009465 0.016087 0.007127
    57 0.000586 0.100342 -0.000319 -0.120035 -0.021926 -0.209617
    58 -0.161663 0.051712 0.194808 -2.941982 0.122408 -0.060194
    59 2.010092 -0.003202 -0.003377 0.000054 -0.000011 1.294938
    60 0.000240 0.099802 -0.000395 -0.018823 0.010833 -0.239219
    61 -0.203197 0.048607 0.069150 -3.093332 0.033217 -0.046722
    62 1.180428 -0.006214 0.000780 -0.000014 0.000000 0.672937
    63 -0.000196 0.099625 -0.000034 0.000000 0.000000 -0.314102
    64 -0.088736 -0.688435 -0.145203 2.930407 -0.136130 0.513013
    65 1.712069 -0.003328 0.003818 -0.017151 -0.021125 1.013694
    66 -0.000580 0.100145 -0.000311 -0.010912 0.023129 -0.260841
    67 -0.146030 -0.232426 -0.014225 3.028455 -0.094299 0.113020
    68 1.290632 0.000362 -0.000032 -0.160642 0.038962 -0.296069
    69 -0.658121 -0.003575 0.072645 -0.142711 0.027792 -0.077299
    70 1.868080 -0.003049 0.006083 0.000099 -0.000009 1.375839
    71 1.200079 0.399944 -0.000093 0.009465 -0.016087 0.007127
    72 0.000591 0.100342 0.000319 0.120035 0.021926 -0.209617
    73 0.068077 0.002285 -0.080050 3.111376 -0.069366 -0.060847
    74 2.011874 -0.005083 0.006086 0.000059 -0.000013 1.418046
    75 0.000229 0.099802 0.000395 0.018823 -0.010833 -0.239219
    76 -0.018673 -0.001009 0.047544 3.109244 0.002635 -0.106673
    77 1.178665 0.001595 0.000845 -0.000006 -0.000060 0.723827
    78 -0.000198 0.099628 0.000034 0.000000 0.000000 -0.314102
    79 0.036892 -0.634449 0.266284 -2.801062 0.174301 0.490914
    80 1.708256 -0.002506 -0.000686 -0.000082 -0.000001 1.086474
    81 -0.000576 0.100136 0.000311 0.010912 -0.023129 -0.260841
    82 -0.003952 -0.281811 0.115047 -3.059162 0.089004 0.167964
    83 1.289627 0.003949 0.000061 0.221486 -0.037557 0.563506
    84 -0.171528 -0.018148 -0.099873 0.013484 -0.062184 -0.011780
    85 0.919922 -0.000299 -0.000417 0.000000 0.000000 0.165533
    86 -0.342617 0.053404 -0.025571 -2.909301 -0.017248 0.075276
    87 1.098633 -0.000424 0.000134 0.000000 0.000000 -0.170004
    88 -0.384983 0.330998 0.006848 -3.087207 -0.018765 -0.184279
    89 0.678146 0.002286 0.000002 -0.000018 -0.000019 0.160529
    90 -0.123848 0.072737 0.029507 2.898184 -0.060627 0.094834
    91 1.017166 -0.000154 -0.000252 0.000037 -0.000074 -0.068582
    92 -0.344986 0.123129 0.143151 2.994981 0.012396 0.059140
    93 -0.730988 0.177046 0.039141 -0.123731 0.076518 -0.084310
    94 0.921993 0.005205 -0.000896 -0.000026 -0.000059 0.631267
    95 -0.124027 -0.052092 0.038496 3.077813 -0.008519 0.039229
    96 1.100430 -0.007458 0.000503 0.000041 -0.000006 0.880269
    97 -0.330082 0.160641 0.042780 3.128073 0.034033 -0.171236
    98 0.675854 0.005438 0.003272 0.000014 0.000003 1.006506
    99 -0.019516 -0.016531 0.038578 -2.763781 0.050305 0.076828
    100 1.018891 0.005113 0.001121 0.000078 0.000019 1.057648
    101 -0.155312 0.130643 -0.021921 -3.022466 0.022433 -0.024903
    102 -0.252209 0.061937 -0.024914 -0.007671 -0.063171 -0.044392
    103 -0.085991 0.185203 -0.015180 -2.937063 -0.113970 -0.138991
    104 -0.286537 0.179852 0.024264 -3.109353 -0.049645 -0.029915
    105 -0.019489 0.147084 0.079203 2.893815 0.038585 -0.060594
    106 -0.046482 0.251898 0.129548 3.016165 0.077112 -0.042864
    107 0.039120 -0.040298 0.047739 3.084219 0.030470 -0.037414
    108 -0.233757 0.066630 0.001754 -3.133086 0.040141 -0.065413
    109 0.044266 0.020128 0.001684 -2.778763 -0.118872 -0.040488
    110 0.071495 0.074127 -0.048302 -3.035917 -0.059482 0.104366
    111 0.000000 0.000000 0.000000 0.000000 0.000000 -1.570796
    112 13.359783 -0.527360 -4.761864 -0.343069 0.016997 0.009980
    113 1.414063 0.000000 2.341797 0.000000 0.000000 0.000000
    114 1.194336 0.000004 2.341797 0.000000 0.000000 0.000000
    115 5.527512 8.929960 -6.550981 -0.061690 -0.834424 -1.325021
    116 -0.575999 -0.004000 0.701999 0.000000 1.145104 0.000000
    117 -0.222000 0.000000 2.060996 0.000000 0.000000 0.000000
    118 0.414999 0.000000 0.937998 0.000000 0.000000 0.000000
    119 1.086997 -0.554999 1.709997 0.000000 0.000000 -1.570755
    120 4.654990 0.000000 0.242000 0.000000 0.000000 0.000000
    121 -1.234999 2.354995 -2.038996 -1.607303 0.223150 -0.356359
    122 4.367991 0.000000 0.177000 0.000000 0.000000 0.000000
    123 0.537998 0.000000 -3.214993 0.000000 0.000000 0.000000
    124 -0.126000 0.000000 -1.241997 0.000000 0.000000 0.000000
    125 1.572997 0.000000 2.342995 0.000000 0.000000 0.000000
    126 1.201998 0.000000 2.375995 0.000000 0.000000 0.000000
    127 -1.451998 0.000000 -3.396993 0.000000 0.000000 0.000000
    128 3.306674 0.017000 3.522397 -0.000060 0.325645 0.000000
    129 0.000000 0.000000 0.000000 0.000000 0.000000 0.000000
    130 0.745997 0.090000 -0.642999 0.000000 0.000000 0.000000
    131 -0.716000 0.604999 0.624999 0.000000 0.000000 0.000000
    132 2.751994 0.107000 0.669999 0.000000 0.000000 0.000000
    133 3.184993 0.000000 1.365997 0.000000 0.000000 0.000000
    134 0.000000 0.000000 0.000000 0.000000 0.000000 0.000000
    135 -0.106000 0.000000 64.320000 0.000000 0.000000 0.000000
    136 0.000000 0.000000 0.000000 0.000000 0.000000 0.000000
    137 0.000000 0.000000 0.000000 0.000000 0.000000 0.000000
    138 23.465069 -0.897615 5.625518 -0.343196 0.017008 0.009984
    139 0.106000 0.000000 -64.320000 0.000000 0.000000 0.000000
    140 0.000000 0.000000 0.000000 0.000000 0.000000 0.000000
    141 0.000000 0.000000 -4.867002 -3.141592 0.000000 -3.128591
    142 0.000000 0.000000 4.867000 -3.141592 0.000000 -3.128591
    143 4.000000 -6.500000 0.000000 0.000000 0.000000 0.000977
    144 -6.500000 0.000000 0.000000 0.000000 1.570796 0.000000
    145 1.000088 -0.000029 0.000000 0.000000 0.000000 0.000000
    146 17.162516 -0.000404 0.000000 0.000000 0.000000 0.119214
    147 9.999891 -0.000303 0.000000 0.000000 0.000000 0.000000
    148 1.000088 -0.000029 0.000000 0.000000 0.000000 0.000000
    149 17.162516 -0.000404 0.000000 0.000000 0.000000 0.119214
    150 9.499836 0.000212 0.000000 0.000000 0.000000 0.000000
    151 0.000000 0.000000 0.000000 0.000000 0.000000 0.000000
    152 17.749374 0.295515 0.000000 0.000000 0.000000 -1.158958
    153 0.017889 0.299792 0.000000 0.000000 0.000000 -0.059582
    154 12.283573 1.581456 -4.696000 1.462269 -0.086726 0.090185
    155 17.749376 0.295515 0.000000 0.000000 0.000000 -1.158958
    156 0.017889 0.299792 0.000000 0.000000 0.000000 -0.059582
    157 13.354000 0.000000 0.000000 0.000000 0.000000 -0.294101
    158 4.530998 0.000000 0.000000 0.000000 0.000000 0.000000
    159 0.000000 0.000000 0.000000 0.000000 0.000000 0.000000
    160 5.413524 0.000347 0.000000 0.000000 0.000000 -0.518055
    161 5.413524 0.000347 0.000000 0.000000 0.000000 -0.518055
    162 4.662001 -5.366332 4.825191 1.569713 1.561305 -3.121213
    163 3.116966 -0.000443 0.000000 0.000000 0.000000 0.294101
    164 0.000000 0.000000 0.000000 0.000000 0.000000 0.000000
    165 -0.537999 0.000000 2.587000 0.000000 0.000000 0.000000
    166 -12.866268 20.889699 -52.795370 0.342989 -0.012588 -0.015063
    167 2.302999 0.000000 0.188000 0.000000 0.000000 0.000000
    168 6.748000 0.000000 0.546000 0.000000 0.000000 0.000000
    169 3.512001 -3.547000 -1.066000 0.000000 1.570796 0.000000
    170 3.456001 -3.517000 1.169000 0.000000 1.570796 0.000000
    171 6.233002 0.000000 0.000000 0.000000 0.000000 0.000000
    172 -0.171997 -0.106000 -0.902000 1.570713 1.029176 -3.134550
    173 6.241997 -6.380000 0.000000 0.000000 0.000000 0.000000
    174 3.999434 -0.000526 -0.000332 -0.340330 0.000000 0.000000
    175 3.999901 0.000041 0.001011 -0.052270 0.000000 0.000000
    176 1.598000 0.000000 0.000000 0.000000 0.000000 0.000000
    177 -1.145525 0.000130 0.000668 0.000000 0.000000 0.000000
    178 2.299679 -2.499979 -0.599480 0.892008 0.221446 -0.527246
    179 10.098688 -3.054417 1.288986 1.608640 -0.348087 -0.236250
    180 -9.580679 -27.862114 -37.184673 0.812879 -0.123459 -0.568477
    181 0.649933 -0.548295 0.093651 -1.665913 -0.131399 -0.112062
    182 0.657076 0.008402 0.040371 -1.665945 -0.131407 -0.000013
    183 0.665774 0.747222 -0.029186 -1.665935 -0.131408 0.094976
    184 2.300138 -2.499413 0.600155 -0.892033 -0.221459 -0.527258
    185 11.382039 1.378774 3.523220 1.871077 -0.298180 0.208368
    186 2.762350 0.116950 1.523975 1.629482 0.064153 1.743800
    187 7.228323 7.928203 -3.925648 2.328713 0.123459 -0.568477
    188 0.650394 -0.547731 -0.092979 1.665913 0.131399 -0.112062
    189 0.657068 0.008396 -0.040379 1.665945 0.131407 -0.000013
    190 0.665772 0.747219 0.029182 1.665935 0.131408 0.094976
    191 -4.481003 -0.202000 0.000000 0.000000 0.000000 0.000000
    192 -5.516998 -0.291000 -0.001000 0.000000 0.000000 0.000000
    193 -0.857697 0.104072 0.104679 0.023536 0.163924 0.013632
    194 1.899121 0.000423 -0.000439 0.027386 -0.033311 0.477848
    195 1.799660 -0.000233 0.000231 0.027386 -0.033311 0.477848
    196 1.799660 -0.000233 0.000231 0.027386 -0.033311 0.477848
    197 1.799660 -0.000233 0.000231 0.027386 -0.033311 0.477848
    198 1.900310 -0.000137 -0.000517 0.027386 -0.033311 0.477848
    199 1.899435 -0.000317 -0.000150 -0.027386 0.033311 0.477848
    200 1.799664 -0.000237 -0.000233 -0.027386 0.033311 0.477848
    201 1.799664 -0.000237 -0.000233 -0.027386 0.033311 0.477848
    202 1.799664 -0.000237 -0.000233 -0.027386 0.033311 0.477848
    203 1.900727 0.000557 -0.000072 -0.027386 0.033311 0.477848
    204 0.599884 0.400188 -0.000027 0.000000 0.000000 0.000000
    205 0.599888 0.400187 0.000031 0.000000 0.000000 -3.141592
    206 0.599503 0.400696 0.000235 0.000000 0.000000 0.000000
    207 0.600399 0.399632 -0.000467 0.000000 0.000000 -3.141592
  time 2
    0 0.000000 0.000000 0.000000 0.000000 0.000000 -1.570796
    1 -0.106323 0.000000 -0.000198 0.000000 0.000000 0.000000
    2 0.000000 0.000000 0.000000 0.000000 0.000000 0.000000
    3 -0.904000 0.000000 -11.806000 0.000000 0.000000 0.000000
    4 0.000000 0.000000 -14.313999 0.000000 -1.570796 1.570857
    5 3.533001 0.000000 0.000000 0.000000 0.000000 0.000000
    6 6.250000 0.000000 0.000000 0.000000 0.000000 0.000000
    7 7.589844 6.851563 -1.851563 -1.153277 1.547377 -1.153364
    8 11.554688 8.109375 4.390625 0.044783 -1.073398 -0.039574
    9 5.790726 0.002787 -0.000113 -1.339889 0.261997 -1.818801
    10 5.999492 -0.000592 -4.000343 0.000000 0.000000 0.000000
    11 5.791316 0.002582 0.004799 1.403819 -0.311543 -1.942390
    12 5.999492 -0.000592 4.000336 0.000000 0.000000 0.000000
    13 0.500225 0.000133 -0.000088 0.360713 0.000000 0.000000
    14 11.534559 0.004255 -0.001312 -0.000017 0.000009 -0.665611
    15 -0.829338 0.893824 0.079659 -0.148839 0.047645 0.087266
    16 0.500225 0.000132 0.000076 -0.391776 0.000000 0.000000
    17 11.536401 0.000526 -0.000089 0.000006 -0.000022 -0.563507
    18 -0.829586 0.894698 -0.079464 0.045377 -0.019621 0.087266
    19 10.599884 0.000105 -0.000553 -0.639180 0.000000 0.000000
    20 0.119665 -0.275181 -0.000805 0.000000 0.000011 0.332881
    21 11.042057 0.003717 0.004704 -0.603654 0.070271 0.343080
    22 -1.214832 0.203470 -0.477489 -0.135025 -0.078677 -0.001289
    23 10.599880 0.000105 0.000549 -0.213108 0.000000 0.000000
    24 0.096225 -0.282994 0.000801 0.000000 0.000049 0.281819
    25 11.041742 0.003171 -0.000571 -0.294069 0.759740 -0.085416
    26 -1.063377 0.077663 0.150230 0.045121 0.020046 -0.012850
    27 0.610302 -0.939470 0.070343 -1.654840 -0.083619 -0.180386
    28 0.639940 -0.199121 0.060188 -1.665451 -0.069875 -0.072259
    29 0.600155 1.080261 -0.339535 -1.744123 0.106192 0.045592
    30 0.610207 0.400743 -0.010101 -1.761999 0.010568 0.029030
    31 0.630809 -0.693997 -0.232343 0.292904 0.028351 -1.048704
    32 -0.792125 0.203736 0.461300 1.439074 -0.003453 -0.018305
    33 0.610300 -0.939469 -0.070351 1.655295 0.140103 -0.175700
    34 0.639937 -0.199121 -0.060200 1.659401 0.202520 -0.040488
    35 0.600157 1.080259 0.339531 1.741630 0.106954 0.153573
    36 0.610205 0.400743 0.010086 1.767108 0.146059 0.084219
    37 0.624002 -0.695300 0.232270 -0.833198 -0.426089 -0.884787
    38 -0.626031 -0.069983 -0.080517 -1.447153 0.086151 0.021559
    39 2.621377 -0.002532 -0.001438 0.011602 -0.173787 0.904477
    40 2.656250 0.000106 -0.000829 -0.087665 -0.136083 1.023537
    41 2.206394 0.003368 -0.006769 -0.089474 -0.143259 1.068683
    42 0.599952 0.959240 -0.300102 -0.174544 0.000000 0.000000
    43 2.553283 -0.005873 0.006359 0.000287 -0.126834 1.057992
    44 2.095024 -0.003873 -0.002193 -0.807776 0.069295 0.735262
    45 1.000000 0.000646 -1.041992 -0.000001 0.000000 0.000000
    46 -0.122639 -0.721856 0.661690 -0.486644 0.223964 0.243056
    47 2.622113 -0.004555 0.002741 0.206730 0.558378 0.405161
    48 2.658203 0.000780 0.000160 0.597727 0.336290 1.187863
    49 2.200016 0.001663 0.004743 0.407968 -0.072376 1.427633
    50 0.599951 0.959244 0.300102 0.174544 0.000000 0.000000
    51 2.556570 -0.004291 0.000554 0.402081 0.153028 1.281460
    52 2.103851 0.005614 -0.001014 0.811420 -0.382797 0.542546
    53 0.999374 -0.000237 1.244519 0.292927 0.028391 0.134635
    54 0.310846 -0.606445 -0.498005 0.308107 -0.197598 0.313976
    55 1.873069 -0.000835 -0.000994 -0.000007 0.000004 1.282877
    56 1.200941 0.399582 -0.000237 -0.009465 0.016087 0.007127
    57 0.000586 0.100342 -0.000319 -0.120035 -0.021926 -0.209617
    58 -0.161663 0.051712 0.194808 -2.941982 0.122408 -0.060194
    59 2.010092 -0.007109 -0.003377 0.000042 0.000001 1.294976
    60 0.000240 0.099802 -0.000395 -0.018823 0.010833 -0.239219
    61 -0.203197 0.048607 0.069150 -3.093332 0.033217 -0.046722
    62 1.180428 -0.006214 0.000780 -0.000002 0.000000 0.672969
    63 -0.000196 0.099625 -0.000034 0.000000 0.000000 -0.314102
    64 -0.088736 -0.688435 -0.145203 2.930407 -0.136130 0.513013
    65 1.712069 -0.003328 0.003818 -0.017151 -0.021125 1.013659
    66 -0.000580 0.100145 -0.000311 -0.010912 0.023129 -0.260841
    67 -0.146030 -0.232426 -0.014225 3.028455 -0.094299 0.113020
    68 1.290632 0.000362 -0.000032 -0.254241 0.034779 -0.355955
    69 -0.658121 -0.003575 0.072645 -0.142711 0.027792 -0.077299
    70 1.868080 -0.003049 0.006083 0.000087 -0.000009 1.375771
    71 1.200079 0.399944 -0.000093 0.009465 -0.016087 0.007127
    72 0.000591 0.100342 0.000319 0.120035 0.021926 -0.209617
    73 0.068077 0.002285 -0.080050 3.111376 -0.069366 -0.060847
    74 2.015780 -0.005083 0.006086 0.000047 -0.000013 1.418046
    75 0.000229 0.099802 0.000395 0.018823 -0.010833 -0.239219
    76 -0.018673 -0.001009 0.047544 3.109244 0.002635 -0.106673
    77 1.178665 0.001595 0.000845 -0.000006 -0.000060 0.723827
    78 -0.000198 0.099628 0.000034 0.000000 0.000000 -0.314102
    79 0.036892 -0.634449 0.266284 -2.801062 0.174301 0.490914
    80 1.704350 -0.002506 -0.004592 -0.000046 0.000011 1.086474
    81 -0.000576 0.100136 0.000311 0.010912 -0.023129 -0.260841
    82 -0.003952 -0.281811 0.115047 -3.059162 0.089004 0.167964
    83 1.289627 0.003949 0.000061 0.225932 -0.040493 0.616491
    84 -0.171528 -0.018148 -0.099873 0.013484 -0.062184 -0.011780
    85 0.919922 -0.000299 -0.000417 0.000000 0.000000 0.165533
    86 -0.342617 0.053404 -0.025571 -2.909301 -0.017248 0.075276
    87 1.098633 -0.000424 0.000134 0.000000 0.000000 -0.170004
    88 -0.384983 0.330998 0.006848 -3.087207 -0.018765 -0.184279
    89 0.678146 0.006192 0.000002 -0.000018 -0.000019 0.160564
    90 -0.123848 0.072737 0.029507 2.898184 -0.060627 0.094834
    91 1.017166 -0.000154 -0.000252 0.000025 -0.000062 -0.068582
    92 -0.344986 0.123129 0.143151 2.994981 0.012396 0.059140
    93 -0.730988 0.177046 0.039141 -0.123731 0.076518 -0.084310
    94 0.925900 0.005205 -0.000896 -0.000038 -0.000047 0.631267
    95 -0.124027 -0.052092 0.038496 3.077813 -0.008519 0.039229
    96 1.100430 -0.003552 0.000503 0.000030 -0.000018 0.880269
    97 -0.330082 0.160641 0.042780 3.128073 0.034033 -0.171236
    98 0.675854 0.005438 0.003272 0.000014 0.000003 1.006527
    99 -0.019516 -0.016531 0.038578 -2.763781 0.050305 0.076828
    100 1.018891 0.005113 0.001121 0.000066 0.000019 1.057671
    101 -0.155312 0.130643 -0.021921 -3.022466 0.022433 -0.024903
    102 -0.252209 0.061937 -0.024914 -0.007671 -0.063171 -0.044392
    103 -0.085991 0.185203 -0.015180 -2.937063 -0.113970 -0.138991
    104 -0.286537 0.179852 0.024264 -3.109353 -0.049645 -0.029915
    105 -0.019489 0.147084 0.079203 2.893815 0.038585 -0.060594
    106 -0.046482 0.251898 0.129548 3.016165 0.077112 -0.042864
    107 0.039120 -0.040298 0.047739 3.084219 0.030470 -0.037414
    108 -0.233757 0.066630 0.001754 -3.133086 0.040141 -0.065413
    109 0.044266 0.020128 0.001684 -2.778763 -0.118872 -0.040488
    110 0.071495 0.074127 -0.048302 -3.035917 -0.059482 0.104366
    111 0.000000 0.000000 0.000000 0.000000 0.000000 -1.570796
    112 13.234779 -0.558611 -4.656392 -0.403250 -0.112562 0.000280
    113 1.414063 0.000000 2.341797 0.000000 0.000000 0.000000
    114 1.194336 0.000004 2.341797 0.000000 0.000000 0.000000
    115 5.574389 8.535417 -9.676077 -0.212252 -0.941412 -1.220647
    116 -0.575999 -0.004000 0.701999 0.000000 0.000000 0.000000
    117 -0.222000 0.000000 2.060996 0.000000 0.000000 0.000000
    118 0.414999 0.000000 0.937998 0.000000 0.000000 0.000000
    119 1.086997 -0.554999 1.709997 0.000000 0.000000 -1.570755
    120 4.654990 0.000000 0.242000 0.000000 0.000000 0.000000
    121 -1.234999 2.354995 -2.038996 -1.607303 0.223150 -0.356359
    122 4.367991 0.000000 0.177000 0.000000 0.000000 0.000000
    123 0.537998 0.000000 -3.214993 0.000000 0.000000 0.000000
    124 -0.126000 0.000000 -1.241997 0.000000 0.000000 0.000000
    125 1.572997 0.000000 2.342995 0.000000 0.000000 0.000000
    126 1.201998 0.000000 2.375995 0.000000 0.000000 0.000000
    127 -1.451998 0.000000 -3.396993 0.000000 0.000000 0.000000
    128 3.302768 0.017000 3.518491 -0.000048 0.325657 0.000000
    129 0.000000 0.000000 0.000000 0.000000 0.000000 0.000000
    130 0.745997 0.090000 -0.642999 0.000000 0.000000 0.000000
    131 -0.716000 0.604999 0.624999 0.000000 0.000000 0.000000
    132 2.751994 0.107000 0.669999 0.000000 0.000000 0.000000
    133 3.184993 0.000000 1.365997 0.000000 0.000000 0.000000
    134 0.000000 0.000000 0.000000 0.000000 0.000000 0.000000
    135 -0.106000 0.000000 64.320000 0.000000 0.000000 0.000000
    136 0.000000 0.000000 0.000000 0.000000 0.000000 0.000000
    137 0.000000 0.000000 0.000000 0.000000 0.000000 0.000000
    138 23.437724 -1.081215 6.934152 -0.403314 -0.112588 0.000191
    139 0.106000 0.000000 -64.320000 0.000000 0.000000 0.000000
    140 0.000000 0.000000 0.000000 0.000000 0.000000 0.000000
    141 0.000000 0.000000 -4.867002 -3.141592 0.000000 -3.128591
    142 0.000000 0.000000 4.867000 -3.141592 0.000000 -3.128591
    143 4.000000 -6.500000 0.000000 0.000000 0.000000 0.000977
    144 -6.500000 0.000000 0.000000 0.000000 1.570796 0.000000
    145 1.000088 -0.000029 0.000000 0.000000 0.000000 0.000000
    146 17.162516 -0.000404 0.000000 0.000000 0.000000 0.119214
    147 9.999891 -0.000303 0.000000 0.000000 0.000000 0.000000
    148 1.000088 -0.000029 0.000000 0.000000 0.000000 0.000000
    149 17.162516 -0.000404 0.000000 0.000000 0.000000 0.119214
    150 9.499836 0.000212 0.000000 0.000000 0.000000 0.000000
    151 0.000000 0.000000 0.000000 0.000000 0.000000 0.000000
    152 17.749374 0.295515 0.000000 0.000000 0.000000 -1.158958
    153 0.017889 0.299792 0.000000 0.000000 0.000000 -0.059582
    154 12.283573 1.581456 -4.696000 1.462269 -0.086726 0.090185
    155 17.749376 0.295515 0.000000 0.000000 0.000000 -1.158958
    156 0.017889 0.299792 0.000000 0.000000 0.000000 -0.059582
    157 13.354000 0.000000 0.000000 0.000000 0.000000 -0.294101
    158 4.530998 0.000000 0.000000 0.000000 0.000000 0.000000
    159 0.000000 0.000000 0.000000 0.000000 0.000000 0.000000
    160 5.413524 0.000347 0.000000 0.000000 0.000000 -0.518055
    161 5.413524 0.000347 0.000000 0.000000 0.000000 -0.518055
    162 4.662001 -5.366332 4.825191 1.569713 1.561305 -3.121213
    163 3.116966 -0.000443 0.000000 0.000000 0.000000 0.294101
    164 0.000000 0.000000 0.000000 0.000000 0.000000 0.000000
    165 -0.537999 0.000000 2.587000 0.000000 0.000000 0.000000
    166 -20.374310 23.346805 -49.662462 0.405248 0.103709 0.043871
    167 2.302999 0.000000 0.188000 0.000000 0.000000 0.000000
    168 6.748000 0.000000 0.546000 0.000000 0.000000 0.000000
    169 3.512001 -3.547000 -1.066000 0.000000 1.570796 0.000000
    170 3.456001 -3.517000 1.169000 0.000000 1.570796 0.000000
    171 6.233002 0.000000 0.000000 0.000000 0.000000 0.000000
    172 -0.171997 -0.106000 -0.902000 1.570713 1.029176 -3.134550
    173 6.241997 -6.380000 0.000000 0.000000 0.000000 0.000000
    174 3.999434 -0.000526 -0.000332 -0.319646 0.000000 0.000000
    175 3.999901 0.000041 0.001011 -0.106607 0.000000 0.000000
    176 1.598000 0.000000 0.000000 0.000000 0.000000 0.000000
    177 -1.145525 0.000130 0.000668 0.000000 0.000000 0.000000
    178 2.299679 -2.499979 -0.599480 0.892008 0.221446 -0.527246
    179 10.098688 -3.054417 1.288986 1.608640 -0.348087 -0.236250
    180 -9.580679 -27.862114 -37.184673 0.812879 -0.123459 -0.568477
    181 0.649933 -0.548295 0.093651 -1.665913 -0.131399 -0.112062
    182 0.657076 0.008402 0.040371 -1.665945 -0.131407 -0.000013
    183 0.665774 0.747222 -0.029186 -1.665935 -0.131408 0.094976
    184 2.300138 -2.499413 0.600155 -0.892033 -0.221459 -0.527258
    185 11.382039 1.378774 3.523220 1.871077 -0.298180 0.208368
    186 2.762350 0.116950 1.523975 1.629482 0.064153 1.743800
    187 7.228323 7.928203 -3.925648 2.328713 0.123459 -0.568477
    188 0.650394 -0.547731 -0.092979 1.665913 0.131399 -0.112062
    189 0.657068 0.008396 -0.040379 1.665945 0.131407 -0.000013
    190 0.665772 0.747219 0.029182 1.665935 0.131408 0.094976
    191 -4.481003 -0.202000 0.000000 0.000000 0.000000 0.000000
    192 -5.516998 -0.291000 -0.001000 0.000000 0.000000 0.000000
    193 -0.857697 0.104072 0.104679 0.023536 0.163924 0.013632
    194 1.899121 0.000423 -0.000439 0.027386 -0.033311 0.477848
    195 1.799660 -0.000233 0.000231 0.027386 -0.033311 0.477848
    196 1.799660 -0.000233 0.000231 0.027386 -0.033311 0.477848
    197 1.799660 -0.000233 0.000231 0.027386 -0.033311 0.477848
    198 1.900310 -0.000137 -0.000517 0.027386 -0.033311 0.477848
    199 1.899435 -0.000317 -0.000150 -0.027386 0.033311 0.477848
    200 1.799664 -0.000237 -0.000233 -0.027386 0.033311 0.477848
    201 1.799664 -0.000237 -0.000233 -0.027386 0.033311 0.477848
    202 1.799664 -0.000237 -0.000233 -0.027386 0.033311 0.477848
    203 1.900727 0.000557 -0.000072 -0.027386 0.033311 0.477848
    204 0.599884 0.400188 -0.000027 0.000000 0.000000 0.000000
    205 0.599888 0.400187 0.000031 0.000000 0.000000 -3.141592
    206 0.599503 0.400696 0.000235 0.000000 0.000000 0.000000
    207 0.600399 0.399632 -0.000467 0.000000 0.000000 -3.141592
  time 3
    0 0.000000 0.000000 0.000000 0.000000 0.000000 -1.570796
    1 -0.106323 0.000000 -0.000198 0.000000 0.000000 0.000000
    2 0.000000 0.000000 0.000000 0.000000 0.000000 0.000000
    3 -0.904000 0.000000 -11.806000 0.000000 0.000000 0.000000
    4 0.000000 0.000000 -14.313999 0.000000 -1.570796 1.570857
    5 3.533001 0.000000 0.000000 0.000000 0.000000 0.000000
    6 6.250000 0.000000 0.000000 0.000000 0.000000 0.000000
    7 7.589844 6.851563 -1.851563 -1.153277 1.547377 -1.153364
    8 11.554688 8.109375 4.390625 0.044783 -1.073398 -0.039574
    9 5.790726 0.002787 -0.000113 -1.331344 0.257495 -1.809821
    10 5.999492 -0.000592 -4.000343 0.000000 0.000000 0.000000
    11 5.791316 0.002582 0.004799 1.403632 -0.320600 -1.944605
    12 5.999492 -0.000592 4.000336 0.000000 0.000000 0.000000
    13 0.500225 0.000133 -0.000088 0.355549 0.000000 0.000000
    14 11.534559 0.004255 -0.001312 0.000007 -0.000051 -0.685596
    15 -0.829338 0.893824 0.079659 -0.148839 0.047645 0.087266
    16 0.500225 0.000132 0.000076 -0.389539 0.000000 0.000000
    17 11.532495 0.004432 -0.000089 0.000006 -0.000022 -0.603872
    18 -0.829586 0.894698 -0.079464 0.045377 -0.019621 0.087266
    19 10.599884 0.000105 -0.000553 -0.621525 0.000000 0.000000
    20 0.119665 -0.275181 -0.000805 0.000000 0.000011 0.342883
    21 11.042057 0.003717 0.000798 -0.583445 0.110581 0.346473
    22 -1.214832 0.203470 -0.477489 -0.135025 -0.078677 -0.001289
    23 10.599880 0.000105 0.000549 -0.199030 -0.000060 0.000000
    24 0.096225 -0.282994 0.000801 0.000000 -0.000011 0.302051
    25 11.041742 0.003171 -0.000571 -0.287834 0.811181 -0.055256
    26 -1.063377 0.077663 0.150230 0.045121 0.020046 -0.012850
    27 0.610302 -0.939470 0.070343 -1.654840 -0.083619 -0.180374
    28 0.639940 -0.199121 0.060188 -1.665451 -0.069875 -0.072247
    29 0.600155 1.080261 -0.339535 -1.744070 0.106180 0.045604
    30 0.610207 0.400743 -0.010101 -1.761999 0.010568 0.029042
    31 0.630809 -0.693997 -0.232343 0.292888 0.028572 -1.049070
    32 -0.792125 0.203736 0.461300 1.439074 -0.003453 -0.018305
    33 0.610300 -0.939469 -0.070351 1.655295 0.140103 -0.175688
    34 0.639937 -0.199121 -0.060200 1.659401 0.202520 -0.040476
    35 0.600157 1.080259 0.339531 1.741577 0.106954 0.153585
    36 0.610205 0.400743 0.010086 1.767108 0.146059 0.084219
    37 0.624002 -0.695300 0.232270 -0.833235 -0.425938 -0.885008
    38 -0.626031 -0.069983 -0.080517 -1.447153 0.086151 0.021559
    39 2.621377 -0.002532 -0.001438 0.011602 -0.173787 0.904477
    40 2.656250 0.000106 -0.000829 -0.087665 -0.136083 1.023537
    41 2.206394 0.003368 -0.006769 -0.089474 -0.143242 1.068683
    42 0.599952 0.959240 -0.300102 -0.174544 0.000000 0.000000
    43 2.557190 -0.001967 0.006359 0.000287 -0.126822 1.057992
    44 2.095024 -0.003873 -0.002193 -0.807776 0.069295 0.735262
    45 1.000000 0.000646 -1.041992 -0.000001 0.000000 0.000000
    46 -0.122639 -0.721856 0.661690 -0.486644 0.223964 0.243056
    47 2.622113 -0.000648 0.002741 0.206730 0.558378 0.405161
    48 2.658203 0.000780 0.000160 0.597727 0.336290 1.187863
    49 2.200016 0.001663 0.000836 0.407968 -0.072376 1.427633
    50 0.599951 0.959244 0.300102 0.174544 0.000000 0.000000
    51 2.556570 -0.000385 0.000554 0.402081 0.153028 1.281481
    52 2.103851 0.005614 -0.001014 0.811520 -0.382665 0.542525
    53 0.999374 -0.000237 1.244519 0.292927 0.028391 0.134623
    54 0.310846 -0.606445 -0.498005 0.308107 -0.197598 0.313976
    55 1.873069 -0.000835 -0.000994 -0.000007 0.000004 1.282877
    56 1.200941 0.399582 -0.000237 -0.009465 0.016087 0.007127
    57 0.000586 0.100342 -0.000319 -0.120035 -0.021926 -0.209617
    58 -0.161663 0.051712 0.194808 -2.941982 0.122408 -0.060194
    59 2.010092 -0.007109 -0.003377 0.000030 0.000013 1.294976
    60 0.000240 0.099802 -0.000395 -0.018823 0.010833 -0.239219
    61 -0.203197 0.048607 0.069150 -3.093332 0.033217 -0.046722
    62 1.180428 -0.006214 0.000780 -0.000002 0.000000 0.672969
    63 -0.000196 0.099625 -0.000034 0.000000 0.000000 -0.314102
    64 -0.088736 -0.688435 -0.145203 2.930407 -0.136130 0.513013
    65 1.712069 0.000578 0.003818 -0.017151 -0.021125 1.013659
    66 -0.000580 0.100145 -0.000311 -0.010912 0.023129 -0.260841
    67 -0.146030 -0.232426 -0.014225 3.028455 -0.094299 0.113020
    68 1.290632 0.000362 -0.000032 -0.254253 0.034779 -0.355955
    69 -0.658121 -0.003575 0.072645 -0.142711 0.027792 -0.077299
    70 1.868080 -0.003049 0.006083 0.000063 -0.000009 1.375771
    71 1.200079 0.399944 -0.000093 0.009465 -0.016087 0.007127
    72 0.000591 0.100342 0.000319 0.120035 0.021926 -0.209617
    73 0.068077 0.002285 -0.080050 3.111376 -0.069366 -0.060847
    74 2.011874 -0.005083 0.006086 0.000035 -0.000013 1.418046
    75 0.000229 0.099802 0.000395 0.018823 -0.010833 -0.239219
    76 -0.018673 -0.001009 0.047544 3.109244 0.002635 -0.106673
    77 1.178665 0.001595 0.000845 -0.000006 -0.000060 0.723852
    78 -0.000198 0.099628 0.000034 0.000000 0.000000 -0.314102
    79 0.036892 -0.634449 0.266284 -2.801062 0.174301 0.490914
    80 1.708256 -0.002506 -0.000686 -0.000034 0.000011 1.086474
    81 -0.000576 0.100136 0.000311 0.010912 -0.023129 -0.260841
    82 -0.003952 -0.281811 0.115047 -3.059162 0.089004 0.167964
    83 1.289627 0.003949 0.000061 0.224913 -0.039810 0.604697
    84 -0.171528 -0.018148 -0.099873 0.013484 -0.062184 -0.011780
    85 0.919922 -0.000299 -0.000417 0.000000 0.000000 0.165533
    86 -0.342617 0.053404 -0.025571 -2.909301 -0.017248 0.075276
    87 1.098633 -0.000424 0.000134 0.000000 0.000000 -0.170004
    88 -0.384983 0.330998 0.006848 -3.087207 -0.018765 -0.184279
    89 0.678146 0.006192 0.000002 -0.000018 -0.000019 0.160529
    90 -0.123848 0.072737 0.029507 2.898184 -0.060627 0.094834
    91 1.017166 -0.000154 -0.000252 0.000025 -0.000050 -0.068582
    92 -0.344986 0.123129 0.143151 2.994981 0.012396 0.059140
    93 -0.730988 0.177046 0.039141 -0.123731 0.076518 -0.084310
    94 0.921993 0.005205 -0.000896 -0.000038 -0.000035 0.631267
    95 -0.124027 -0.052092 0.038496 3.077813 -0.008519 0.039229
    96 1.100430 -0.007458 0.000503 0.000030 0.000006 0.880269
    97 -0.330082 0.160641 0.042780 3.128073 0.034033 -0.171236
    98 0.675854 0.005438 0.003272 0.000014 0.000003 1.006527
    99 -0.019516 -0.016531 0.038578 -2.763781 0.050305 0.076828
    100 1.018891 0.005113 0.001121 0.000054 0.000019 1.057671
    101 -0.155312 0.130643 -0.021921 -3.022466 0.022433 -0.024903
    102 -0.252209 0.061937 -0.024914 -0.007671 -0.063171 -0.044392
    103 -0.085991 0.185203 -0.015180 -2.937063 -0.113970 -0.138991
    104 -0.286537 0.179852 0.024264 -3.109353 -0.049645 -0.029915
    105 -0.019489 0.147084 0.079203 2.893815 0.038585 -0.060594
    106 -0.046482 0.251898 0.129548 3.016165 0.077112 -0.042864
    107 0.039120 -0.040298 0.047739 3.084219 0.030470 -0.037414
    108 -0.233757 0.066630 0.001754 -3.133086 0.040141 -0.065413
    109 0.044266 0.020128 0.001684 -2.778763 -0.118872 -0.040488
    110 0.071495 0.074127 -0.048302 -3.035917 -0.059482 0.104366
    111 0.000000 0.000000 0.000000 0.000000 0.000000 -1.570796
    112 13.058992 -0.558611 -4.390759 -0.377376 -0.134194 -0.038242
    113 1.414063 0.000000 2.341797 0.000000 0.000000 0.000000
    114 1.194336 0.000004 2.341797 0.000000 0.000000 0.000000
    115 6.480667 8.359630 -9.726859 -0.182653 -0.970401 -1.280302
    116 -0.575999 -0.004000 0.701999 0.000000 0.000000 0.000000
    117 -0.222000 0.000000 2.060996 0.000000 0.000000 0.000000
    118 0.414999 0.000000 0.937998 0.000000 0.000000 0.000000
    119 1.086997 -0.554999 1.709997 0.000000 0.000000 -1.570755
    120 4.654990 0.000000 0.242000 0.000000 0.000000 0.000000
    121 -1.234999 2.354995 -2.038996 -1.607303 0.223150 -0.356359
    122 4.367991 0.000000 0.177000 0.000000 0.000000 0.000000
    123 0.537998 0.000000 -3.214993 0.000000 0.000000 0.000000
    124 -0.126000 0.000000 -1.241997 0.000000 0.000000 0.000000
    125 1.572997 0.000000 2.342995 0.000000 0.000000 0.000000
    126 1.201998 0.000000 2.375995 0.000000 0.000000 0.000000
    127 -1.451998 0.000000 -3.396993 0.000000 0.000000 0.000000
    128 3.302768 0.017000 3.522397 -0.000036 0.325669 0.000000
    129 0.000000 0.000000 0.000000 0.000000 0.000000 0.000000
    130 0.745997 0.090000 -0.642999 0.000000 0.000000 0.000000
    131 -0.716000 0.604999 0.624999 0.000000 0.000000 0.000000
    132 2.751994 0.107000 0.669999 0.000000 0.000000 0.000000
    133 3.184993 0.000000 1.365997 0.000000 0.000000 0.000000
    134 0.000000 0.000000 0.000000 0.000000 0.000000 0.000000
    135 -0.106000 0.000000 64.320000 0.000000 0.000000 0.000000
    136 0.000000 0.000000 0.000000 0.000000 0.000000 0.000000
    137 0.000000 0.000000 0.000000 0.000000 0.000000 0.000000
    138 23.238499 -1.401537 7.379478 -0.377366 -0.134266 -0.038237
    139 0.106000 0.000000 -64.320000 0.000000 0.000000 0.000000
    140 0.000000 0.000000 0.000000 0.000000 0.000000 0.000000
    141 0.000000 0.000000 -4.867002 -3.141592 0.000000 -3.128591
    142 0.000000 0.000000 4.867000 -3.141592 0.000000 -3.128591
    143 4.000000 -6.500000 0.000000 0.000000 0.000000 0.000977
    144 -6.500000 0.000000 0.000000 0.000000 1.570796 0.000000
    145 1.000088 -0.000029 0.000000 0.000000 0.000000 0.000000
    146 17.162516 -0.000404 0.000000 0.000000 0.000000 0.119214
    147 9.999891 -0.000303 0.000000 0.000000 0.000000 0.000000
    148 1.000088 -0.000029 0.000000 0.000000 0.000000 0.000000
    149 17.162516 -0.000404 0.000000 0.000000 0.000000 0.119214
    150 9.499836 0.000212 0.000000 0.000000 0.000000 0.000000
    151 0.000000 0.000000 0.000000 0.000000 0.000000 0.000000
    152 17.749374 0.295515 0.000000 0.000000 0.000000 -1.158958
    153 0.017889 0.299792 0.000000 0.000000 0.000000 -0.059582
    154 12.283573 1.581456 -4.696000 1.462269 -0.086726 0.090185
    155 17.749376 0.295515 0.000000 0.000000 0.000000 -1.158958
    156 0.017889 0.299792 0.000000 0.000000 0.000000 -0.059582
    157 13.354000 0.000000 0.000000 0.000000 0.000000 -0.294101
    158 4.530998 0.000000 0.000000 0.000000 0.000000 0.000000
    159 0.000000 0.000000 0.000000 0.000000 0.000000 0.000000
    160 5.413524 0.000347 0.000000 0.000000 0.000000 -0.518055
    161 5.413524 0.000347 0.000000 0.000000 0.000000 -0.518055
    162 4.662001 -5.366332 4.825191 1.569713 1.561305 -3.121213
    163 3.116966 -0.000443 0.000000 0.000000 0.000000 0.294101
    164 0.000000 0.000000 0.000000 0.000000 0.000000 0.000000
    165 -0.537999 0.000000 2.587000 0.000000 0.000000 0.000000
    166 -21.495438 21.436590 -50.291387 0.384340 0.110339 0.085577
    167 2.302999 0.000000 0.188000 0.000000 0.000000 0.000000
    168 6.748000 0.000000 0.546000 0.000000 0.000000 0.000000
    169 3.512001 -3.547000 -1.066000 0.000000 1.570796 0.000000
    170 3.456001 -3.517000 1.169000 0.000000 1.570796 0.000000
    171 6.233002 0.000000 0.000000 0.000000 0.000000 0.000000
    172 -0.171997 -0.106000 -0.902000 1.570713 1.029176 -3.134550
    173 6.241997 -6.380000 0.000000 0.000000 0.000000 0.000000
    174 3.999434 -0.000526 -0.000332 -0.310828 0.000000 0.000000
    175 3.999901 0.000041 0.001011 -0.099492 0.000000 0.000000
    176 1.598000 0.000000 0.000000 0.000000 0.000000 0.000000
    177 -1.145525 0.000130 0.000668 0.000000 0.000000 0.000000
    178 2.299679 -2.499979 -0.599480 0.892008 0.221470 -0.527246
    179 10.098688 -3.054417 1.288986 1.608640 -0.348087 -0.236250
    180 -9.580679 -27.862114 -37.184673 0.812879 -0.123459 -0.568477
    181 0.649933 -0.548295 0.093651 -1.665913 -0.131399 -0.112062
    182 0.657076 0.008402 0.040371 -1.665945 -0.131407 -0.000013
    183 0.665774 0.747222 -0.029186 -1.665935 -0.131408 0.094976
    184 2.300138 -2.499413 0.600155 -0.892033 -0.221471 -0.527258
    185 11.382039 1.378774 3.523220 1.871077 -0.298180 0.208320
    186 2.762350 0.116950 1.523975 1.629482 0.064153 1.743800
    187 7.228323 7.928203 -3.925648 2.328713 0.123459 -0.568477
    188 0.650394 -0.547731 -0.092979 1.665913 0.131399 -0.112062
    189 0.657068 0.008396 -0.040379 1.665945 0.131407 -0.000013
    190 0.665772 0.747219 0.029182 1.665935 0.131408 0.094976
    191 -4.481003 -0.202000 0.000000 0.000000 0.000000 0.000000
    192 -5.516998 -0.291000 -0.001000 0.000000 0.000000 0.000000
    193 -0.857697 0.104072 0.104679 0.023536 0.163924 0.013632
    194 1.899121 0.000423 -0.000439 0.027386 -0.033311 0.477848
    195 1.799660 -0.000233 0.000231 0.027386 -0.033311 0.477848
    196 1.799660 -0.000233 0.000231 0.027386 -0.033311 0.477848
    197 1.799660 -0.000233 0.000231 0.027386 -0.033311 0.477848
    198 1.900310 -0.000137 -0.000517 0.027386 -0.033311 0.477848
    199 1.899435 -0.000317 -0.000150 -0.027386 0.033311 0.477848
    200 1.799664 -0.000237 -0.000233 -0.027386 0.033311 0.477848
    201 1.799664 -0.000237 -0.000233 -0.027386 0.033311 0.477848
    202 1.799664 -0.000237 -0.000233 -0.027386 0.033311 0.477848
    203 1.900727 0.000557 -0.000072 -0.027386 0.033311 0.477848
    204 0.599884 0.400188 -0.000027 0.000000 0.000000 0.000000
    205 0.599888 0.400187 0.000031 0.000000 0.000000 -3.141592
    206 0.599503 0.400696 0.000235 0.000000 0.000000 0.000000
    207 0.600399 0.399632 -0.000467 0.000000 0.000000 -3.141592
  time 4
    0 0.000000 0.000000 0.000000 0.000000 0.000000 -1.570796
    1 -0.106323 0.000000 -0.000198 0.000000 0.000000 0.000000
    2 0.000000 0.000000 0.000000 0.000000 0.000000 0.000000
    3 -0.904000 0.000000 -11.806000 0.000000 0.000000 0.000000
    4 0.000000 0.000000 -14.313999 0.000000 -1.570796 1.570857
    5 3.533001 0.000000 0.000000 0.000000 0.000000 0.000000
    6 6.250000 0.000000 0.000000 0.000000 0.000000 0.000000
    7 7.589844 6.851563 -1.851563 -1.153277 1.547377 -1.153364
    8 11.554688 8.109375 4.390625 0.044783 -1.073398 -0.039574
    9 5.790726 0.002787 -0.000113 -1.333907 0.273207 -1.817250
    10 5.999492 -0.000592 -4.000343 0.000000 0.000000 0.000000
    11 5.791316 0.002582 0.004799 1.394841 -0.346655 -1.927948
    12 5.999492 -0.000592 4.000336 0.000000 0.000000 0.000000
    13 0.500225 0.000133 -0.000088 0.354161 0.000000 0.000000
    14 11.534559 0.004255 -0.001312 -0.000017 0.000009 -0.724074
    15 -0.829338 0.893824 0.079659 -0.148839 0.047645 0.087266
    16 0.500225 0.000132 0.000076 -0.377857 0.000000 0.000060
    17 11.532495 0.004432 -0.000089 0.000006 -0.000022 -0.676191
    18 -0.829586 0.894698 -0.079464 0.045377 -0.019621 0.087266
    19 10.599884 0.000105 -0.000553 -0.705171 0.000000 0.000000
    20 0.119665 -0.275181 -0.000805 0.000000 0.000011 0.362122
    21 11.042057 0.003717 0.004704 -0.647259 0.102399 0.415867
    22 -1.214832 0.203470 -0.477489 -0.135025 -0.078677 -0.001289
    23 10.599880 0.000105 0.000549 -0.207824 -0.000060 -0.000048
    24 0.096225 -0.282994 0.000801 -0.000012 -0.000059 0.338203
    25 11.041742 0.003171 -0.000571 -0.276991 0.750037 0.061343
    26 -1.063377 0.077663 0.150230 0.045121 0.020046 -0.012850
    27 0.610302 -0.939470 0.070343 -1.654840 -0.083619 -0.180362
    28 0.639940 -0.199121 0.060188 -1.665451 -0.069887 -0.072247
    29 0.600155 1.080261 -0.339535 -1.744070 0.106169 0.045616
    30 0.610207 0.400743 -0.010101 -1.761945 0.010568 0.029054
    31 0.634715 -0.693997 -0.232343 0.292872 0.028793 -1.049436
    32 -0.792125 0.203736 0.461300 1.439074 -0.003453 -0.018305
    33 0.610300 -0.939469 -0.070351 1.655295 0.140091 -0.175676
    34 0.639937 -0.199121 -0.060200 1.659401 0.202532 -0.040464
    35 0.600157 1.080259 0.339531 1.741577 0.106942 0.153585
    36 0.610205 0.400743 0.010086 1.767108 0.146071 0.084219
    37 0.624002 -0.695300 0.232270 -0.833272 -0.425770 -0.885266
    38 -0.626031 -0.069983 -0.080517 -1.447153 0.086151 0.021559
    39 2.621377 -0.002532 -0.001438 0.011588 -0.173787 0.904436
    40 2.656250 0.000106 -0.000829 -0.087665 -0.136083 1.023537
    41 2.206394 0.003368 -0.006769 -0.089474 -0.143242 1.068683
    42 0.599952 0.959240 -0.300102 -0.174544 0.000000 0.000000
    43 2.557190 -0.001967 0.002453 0.000287 -0.126822 1.057992
    44 2.095024 -0.003873 -0.006100 -0.807776 0.069338 0.735242
    45 1.000000 0.000646 -1.041992 -0.000001 0.000000 0.000000
    46 -0.122639 -0.721856 0.661690 -0.486644 0.223964 0.243056
    47 2.622113 -0.004555 0.002741 0.206703 0.558390 0.405137
    48 2.658203 0.000780 0.000160 0.597727 0.336290 1.187863
    49 2.200016 0.001663 0.000836 0.407968 -0.072388 1.427669
    50 0.599951 0.959244 0.300102 0.174544 0.000000 0.000000
    51 2.556570 -0.004291 0.000554 0.402081 0.153028 1.281481
    52 2.103851 0.001708 -0.001014 0.811594 -0.382521 0.542504
    53 0.999374 -0.000237 1.244519 0.292927 0.028391 0.134611
    54 0.310846 -0.606445 -0.498005 0.308107 -0.197598 0.313976
    55 1.873069 -0.004741 -0.000994 -0.000007 0.000004 1.282827
    56 1.200941 0.399582 -0.000237 -0.009465 0.016087 0.007127
    57 0.000586 0.100342 -0.000319 -0.120035 -0.021926 -0.209617
    58 -0.161663 0.051712 0.194808 -2.941982 0.122408 -0.060194
    59 2.010092 -0.007109 -0.003377 0.000018 0.000013 1.294976
    60 0.000240 0.099802 -0.000395 -0.018823 0.010833 -0.239219
    61 -0.203197 0.048607 0.069150 -3.093332 0.033217 -0.046722
    62 1.180428 -0.006214 0.000780 0.000010 0.000000 0.672937
    63 -0.000196 0.099625 -0.000034 0.000000 0.000000 -0.314102
    64 -0.088736 -0.688435 -0.145203 2.930407 -0.136130 0.513013
    65 1.712069 -0.003328 0.003818 -0.017151 -0.021125 1.013659
    66 -0.000580 0.100145 -0.000311 -0.010912 0.023129 -0.260841
    67 -0.146030 -0.232426 -0.014225 3.028455 -0.094299 0.113020
    68 1.290632 0.000362 -0.000032 -0.254265 0.034779 -0.355955
    69 -0.658121 -0.003575 0.072645 -0.142711 0.027792 -0.077299
    70 1.868080 -0.003049 0.006083 0.000039 -0.000021 1.375805
    71 1.200079 0.399944 -0.000093 0.009465 -0.016087 0.007127
    72 0.000591 0.100342 0.000319 0.120035 0.021926 -0.209617
    73 0.068077 0.002285 -0.080050 3.111376 -0.069366 -0.060847
    74 2.015780 -0.005083 0.006086 0.000023 -0.000013 1.418046
    75 0.000229 0.099802 0.000395 0.018823 -0.010833 -0.239219
    76 -0.018673 -0.001009 0.047544 3.109244 0.002635 -0.106673
    77 1.178665 0.001595 0.000845 -0.000006 -0.000060 0.723852
    78 -0.000198 0.099628 0.000034 0.000000 0.000000 -0.314102
    79 0.036892 -0.634449 0.266284 -2.801062 0.174301 0.490914
    80 1.708256 -0.002506 -0.004592 -0.000010 0.000023 1.086474
    81 -0.000576 0.100136 0.000311 0.010912 -0.023129 -0.260841
    82 -0.003952 -0.281811 0.115047 -3.059162 0.089004 0.167964
    83 1.289627 0.003949 0.000061 0.223116 -0.038504 0.581633
    84 -0.171528 -0.018148 -0.099873 0.013484 -0.062184 -0.011780
    85 0.919922 -0.000299 -0.000417 0.000000 0.000000 0.165533
    86 -0.342617 0.053404 -0.025571 -2.909301 -0.017248 0.075276
    87 1.098633 -0.000424 0.000134 0.000000 0.000000 -0.170004
    88 -0.384983 0.330998 0.006848 -3.087207 -0.018765 -0.184279
    89 0.678146 0.006192 0.000002 -0.000018 -0.000019 0.160494
    90 -0.123848 0.072737 0.029507 2.898184 -0.060627 0.094834
    91 1.017166 -0.000154 -0.000252 0.000013 -0.000050 -0.068582
    92 -0.344986 0.123129 0.143151 2.994981 0.012396 0.059140
    93 -0.730988 0.177046 0.039141 -0.123731 0.076518 -0.084310
    94 0.921993 0.005205 -0.000896 -0.000050 -0.000023 0.631267
    95 -0.124027 -0.052092 0.038496 3.077813 -0.008519 0.039229
    96 1.100430 -0.007458 0.000503 0.000018 0.000006 0.880269
    97 -0.330082 0.160641 0.042780 3.128073 0.034033 -0.171236
    98 0.675854 0.005438 0.003272 0.000014 0.000003 1.006527
    99 -0.019516 -0.016531 0.038578 -2.763781 0.050305 0.076828
    100 1.018891 0.001206 0.001121 0.000054 0.000019 1.057671
    101 -0.155312 0.130643 -0.021921 -3.022466 0.022433 -0.024903
    102 -0.252209 0.061937 -0.024914 -0.007671 -0.063171 -0.044392
    103 -0.085991 0.185203 -0.015180 -2.937063 -0.113970 -0.138991
    104 -0.286537 0.179852 0.024264 -3.109353 -0.049645 -0.029915
    105 -0.019489 0.147084 0.079203 2.893815 0.038585 -0.060594
    106 -0.046482 0.251898 0.129548 3.016165 0.077112 -0.042864
    107 0.039120 -0.040298 0.047739 3.084219 0.030470 -0.037414
    108 -0.233757 0.066630 0.001754 -3.133086 0.040141 -0.065413
    109 0.044266 0.020128 0.001684 -2.778763 -0.118872 -0.040488
    110 0.071495 0.074127 -0.048302 -3.035917 -0.059482 0.104366
    111 0.000000 0.000000 0.000000 0.000000 0.000000 -1.570796
    112 13.055086 -0.570330 -4.347789 -0.427015 -0.065833 -0.025930
    113 1.414063 0.000000 2.341797 0.000000 0.000000 0.000000
    114 1.194336 0.000004 2.341797 0.000000 0.000000 0.000000
    115 6.074404 8.750267 -8.484634 -0.222219 -0.889306 -1.241218
    116 -0.575999 -0.004000 0.701999 0.000000 0.000000 0.000000
    117 -0.222000 0.000000 2.060996 0.000000 0.000000 0.000000
    118 0.414999 0.000000 0.937998 0.000000 0.000000 0.000000
    119 1.086997 -0.554999 1.709997 0.000000 0.000000 -1.570755
    120 4.654990 0.000000 0.242000 0.000000 0.000000 0.000000
    121 -1.234999 2.354995 -2.038996 -1.607303 0.223150 -0.356359
    122 4.367991 0.000000 0.177000 0.000000 0.000000 0.000000
    123 0.537998 0.000000 -3.214993 0.000000 0.000000 0.000000
    124 -0.126000 0.000000 -1.241997 0.000000 0.000000 0.000000
    125 1.572997 0.000000 2.342995 0.000000 0.000000 0.000000
    126 1.201998 0.000000 2.375995 0.000000 0.000000 0.000000
    127 -1.451998 0.000000 -3.396993 0.000000 0.000000 0.000000
    128 3.302768 0.017000 3.522397 -0.000024 0.325681 0.000000
    129 0.000000 0.000000 0.000000 0.000000 0.000000 0.000000
    130 0.745997 0.090000 -0.642999 0.000000 0.000000 0.000000
    131 -0.716000 0.604999 0.624999 0.000000 0.000000 0.000000
    132 2.751994 0.107000 0.669999 0.000000 0.000000 0.000000
    133 3.184993 0.000000 1.365997 0.000000 0.000000 0.000000
    134 0.000000 0.000000 0.000000 0.000000 0.000000 0.000000
    135 -0.106000 0.000000 64.320000 0.000000 0.000000 0.000000
    136 0.000000 0.000000 0.000000 0.000000 0.000000 0.000000
    137 0.000000 0.000000 0.000000 0.000000 0.000000 0.000000
    138 23.215061 -1.366380 6.828680 -0.427036 -0.065816 -0.025925
    139 0.106000 0.000000 -64.320000 0.000000 0.000000 0.000000
    140 0.000000 0.000000 0.000000 0.000000 0.000000 0.000000
    141 0.000000 0.000000 -4.867002 -3.141592 0.000000 -3.128591
    142 0.000000 0.000000 4.867000 -3.141592 0.000000 -3.128591
    143 4.000000 -6.500000 0.000000 0.000000 0.000000 0.000977
    144 -6.500000 0.000000 0.000000 0.000000 1.570796 0.000000
    145 1.000088 -0.000029 0.000000 0.000000 0.000000 0.000000
    146 17.162516 -0.000404 0.000000 0.000000 0.000000 0.119214
    147 9.999891 -0.000303 0.000000 0.000000 0.000000 0.000000
    148 1.000088 -0.000029 0.000000 0.000000 0.000000 0.000000
    149 17.162516 -0.000404 0.000000 0.000000 0.000000 0.119214
    150 9.499836 0.000212 0.000000 0.000000 0.000000 0.000000
    151 0.000000 0.000000 0.000000 0.000000 0.000000 0.000000
    152 17.749374 0.295515 0.000000 0.000000 0.000000 -1.158958
    153 0.017889 0.299792 0.000000 0.000000 0.000000 -0.059582
    154 12.283573 1.581456 -4.696000 1.462269 -0.086726 0.090185
    155 17.749376 0.295515 0.000000 0.000000 0.000000 -1.158958
    156 0.017889 0.299792 0.000000 0.000000 0.000000 -0.059582
    157 13.354000 0.000000 0.000000 0.000000 0.000000 -0.294101
    158 4.530998 0.000000 0.000000 0.000000 0.000000 0.000000
    159 0.000000 0.000000 0.000000 0.000000 0.000000 0.000000
    160 5.413524 0.000347 0.000000 0.000000 0.000000 -0.518055
    161 5.413524 0.000347 0.000000 0.000000 0.000000 -0.518055
    162 4.662001 -5.366332 4.825191 1.569713 1.561305 -3.121213
    163 3.116966 -0.000443 0.000000 0.000000 0.000000 0.294101
    164 0.000000 0.000000 0.000000 0.000000 0.000000 0.000000
    165 -0.537999 0.000000 2.587000 0.000000 0.000000 0.000000
    166 -17.495316 24.784349 -50.318732 0.428944 0.049010 0.050932
    167 2.302999 0.000000 0.188000 0.000000 0.000000 0.000000
    168 6.748000 0.000000 0.546000 0.000000 0.000000 0.000000
    169 3.512001 -3.547000 -1.066000 0.000000 1.570796 0.000000
    170 3.456001 -3.517000 1.169000 0.000000 1.570796 0.000000
    171 6.233002 0.000000 0.000000 0.000000 0.000000 0.000000
    172 -0.171997 -0.106000 -0.902000 1.570713 1.029176 -3.134550
    173 6.241997 -6.380000 0.000000 0.000000 0.000000 0.000000
    174 3.999434 -0.000526 -0.000332 -0.352602 0.000000 0.000000
    175 3.999901 0.000041 0.001011 -0.103888 0.000000 -0.000060
    176 1.598000 0.000000 0.000000 0.000000 0.000000 0.000000
    177 -1.145525 0.000130 0.000668 0.000000 0.000000 0.000000
    178 2.299679 -2.499979 -0.599480 0.892008 0.221470 -0.527246
    179 10.098688 -3.054417 1.288986 1.608640 -0.348087 -0.236250
    180 -9.580679 -27.862114 -37.184673 0.812879 -0.123459 -0.568477
    181 0.649933 -0.548295 0.093651 -1.665913 -0.131399 -0.112062
    182 0.657076 0.008402 0.040371 -1.665945 -0.131407 -0.000013
    183 0.665774 0.747222 -0.029186 -1.665935 -0.131408 0.094976
    184 2.300138 -2.499413 0.600155 -0.892033 -0.221471 -0.527258
    185 11.382039 1.378774 3.523220 1.871077 -0.298180 0.208320
    186 2.762350 0.116950 1.523975 1.629482 0.064153 1.743800
    187 7.228323 7.928203 -3.925648 2.328713 0.123459 -0.568477
    188 0.650394 -0.547731 -0.092979 1.665913 0.131399 -0.112062
    189 0.657068 0.008396 -0.040379 1.665945 0.131407 -0.000013
    190 0.665772 0.747219 0.029182 1.665935 0.131408 0.094976
    191 -4.481003 -0.202000 0.000000 0.000000 0.000000 0.000000
    192 -5.516998 -0.291000 -0.001000 0.000000 0.000000 0.000000
    193 -0.857697 0.104072 0.104679 0.023536 0.163924 0.013632
    194 1.899121 0.000423 -0.000439 0.027386 -0.033311 0.477848
    195 1.799660 -0.000233 0.000231 0.027386 -0.033311 0.477848
    196 1.799660 -0.000233 0.000231 0.027386 -0.033311 0.477848
    197 1.799660 -0.000233 0.000231 0.027386 -0.033311 0.477848
    198 1.900310 -0.000137 -0.000517 0.027386 -0.033311 0.477848
    199 1.899435 -0.000317 -0.000150 -0.027386 0.033311 0.477848
    200 1.799664 -0.000237 -0.000233 -0.027386 0.033311 0.477848
    201 1.799664 -0.000237 -0.000233 -0.027386 0.033311 0.477848
    202 1.799664 -0.000237 -0.000233 -0.027386 0.033311 0.477848
    203 1.900727 0.000557 -0.000072 -0.027386 0.033311 0.477848
    204 0.599884 0.400188 -0.000027 0.000000 0.000000 0.000000
    205 0.599888 0.400187 0.000031 0.000000 0.000000 -3.141592
    206 0.599503 0.400696 0.000235 0.000000 0.000000 0.000000
    207 0.600399 0.399632 -0.000467 0.000000 0.000000 -3.141592
  time 5
    0 0.000000 0.000000 0.000000 0.000000 0.000000 -1.570796
    1 -0.106323 0.000000 -0.000198 0.000000 0.000000 0.000000
    2 0.000000 0.000000 0.000000 0.000000 0.000000 0.000000
    3 -0.904000 0.000000 -11.806000 0.000000 0.000000 0.000000
    4 0.000000 0.000000 -14.313999 0.000000 -1.570796 1.570857
    5 3.533001 0.000000 0.000000 0.000000 0.000000 0.000000
    6 6.250000 0.000000 0.000000 0.000000 0.000000 0.000000
    7 7.589844 6.851563 -1.851563 -1.153277 1.547377 -1.153364
    8 11.554688 8.109375 4.390625 0.044783 -1.073398 -0.039574
    9 5.790726 0.002787 -0.000113 -1.330489 0.276423 -1.811046
    10 5.999492 -0.000592 -4.000343 0.000000 0.000000 0.000000
    11 5.791316 0.002582 0.004799 1.395402 -0.340410 -1.929808
    12 5.999492 -0.000592 4.000336 0.000000 0.000000 0.000000
    13 0.500225 0.000133 -0.000088 0.352804 0.000000 0.000000
    14 11.534559 0.004255 -0.001312 -0.000017 0.000009 -0.737198
    15 -0.829338 0.893824 0.079659 -0.148839 0.047645 0.087266
    16 0.500225 0.000132 0.000076 -0.381226 0.000000 0.000024
    17 11.536401 0.004432 -0.000089 0.000006 -0.000022 -0.664719
    18 -0.829586 0.894698 -0.079464 0.045377 -0.019621 0.087266
    19 10.599884 0.000105 -0.000553 -0.690153 0.000000 0.000000
    20 0.119665 -0.275181 -0.000805 0.000000 0.000011 0.368705
    21 11.042057 -0.000189 0.000798 -0.623919 0.093732 0.455819
    22 -1.214832 0.203470 -0.477489 -0.135025 -0.078677 -0.001289
    23 10.599880 0.000105 0.000549 -0.172815 0.000000 0.000060
    24 0.096225 -0.282994 0.000801 0.000000 -0.000011 0.332475
    25 11.041742 0.003171 -0.000571 -0.228242 0.736982 0.074980
    26 -1.063377 0.077663 0.150230 0.045121 0.020046 -0.012850
    27 0.610302 -0.939470 0.070343 -1.654790 -0.083619 -0.180350
    28 0.639940 -0.199121 0.060188 -1.665451 -0.069887 -0.072235
    29 0.600155 1.080261 -0.339535 -1.744070 0.106157 0.045628
    30 0.610207 0.400743 -0.010101 -1.761945 0.010568 0.029066
    31 0.634715 -0.693997 -0.236250 0.292856 0.029014 -1.049843
    32 -0.792125 0.203736 0.461300 1.439074 -0.003453 -0.018305
    33 0.610300 -0.939469 -0.070351 1.655295 0.140079 -0.175664
    34 0.639937 -0.199121 -0.060200 1.659401 0.202520 -0.040452
    35 0.600157 1.080259 0.339531 1.741577 0.106942 0.153597
    36 0.610205 0.400743 0.010086 1.767108 0.146059 0.084219
    37 0.624002 -0.695300 0.236176 -0.833235 -0.425619 -0.885450
    38 -0.626031 -0.069983 -0.080517 -1.447153 0.086151 0.021559
    39 2.621377 -0.002532 -0.001438 0.011588 -0.173774 0.904477
    40 2.656250 0.000106 -0.000829 -0.087665 -0.136083 1.023537
    41 2.206394 0.003368 -0.006769 -0.089474 -0.143225 1.068683
    42 0.599952 0.959240 -0.300102 -0.174544 0.000000 0.000000
    43 2.557190 -0.005873 0.002453 0.000287 -0.126810 1.057992
    44 2.095024 -0.003873 -0.002193 -0.807776 0.069338 0.735262
    45 1.000000 0.000646 -1.041992 -0.000001 0.000000 0.000000
    46 -0.122639 -0.721856 0.661690 -0.486644 0.223964 0.243056
    47 2.622113 -0.000648 0.002741 0.206689 0.558390 0.405113
    48 2.658203 0.000780 0.000160 0.597727 0.336290 1.187863
    49 2.200016 0.001663 0.000836 0.407956 -0.072388 1.427633
    50 0.599951 0.959244 0.300102 0.174544 0.000000 0.000000
    51 2.556570 -0.004291 0.000554 0.402081 0.153028 1.281481
    52 2.103851 0.001708 -0.001014 0.811644 -0.382377 0.542483
    53 0.999374 -0.000237 1.244519 0.292927 0.028391 0.134611
    54 0.310846 -0.606445 -0.498005 0.308107 -0.197598 0.313976
    55 1.873069 -0.000835 -0.000994 -0.000007 0.000004 1.282827
    56 1.200941 0.399582 -0.000237 -0.009465 0.016087 0.007127
    57 0.000586 0.100342 -0.000319 -0.120035 -0.021926 -0.209617
    58 -0.161663 0.051712 0.194808 -2.941982 0.122408 -0.060194
    59 2.010092 -0.007109 -0.003377 0.000006 0.000025 1.294976
    60 0.000240 0.099802 -0.000395 -0.018823 0.010833 -0.239219
    61 -0.203197 0.048607 0.069150 -3.093332 0.033217 -0.046722
    62 1.180428 -0.006214 0.000780 0.000022 -0.000012 0.672969
    63 -0.000196 0.099625 -0.000034 0.000000 0.000000 -0.314102
    64 -0.088736 -0.688435 -0.145203 2.930407 -0.136130 0.513013
    65 1.712069 0.000578 0.003818 -0.017151 -0.021125 1.013624
    66 -0.000580 0.100145 -0.000311 -0.010912 0.023129 -0.260841
    67 -0.146030 -0.232426 -0.014225 3.028455 -0.094299 0.113020
    68 1.290632 0.000362 -0.000032 -0.254277 0.034779 -0.355955
    69 -0.658121 -0.003575 0.072645 -0.142711 0.027792 -0.077299
    70 1.868080 -0.003049 0.006083 0.000027 -0.000021 1.375737
    71 1.200079 0.399944 -0.000093 0.009465 -0.016087 0.007127
    72 0.000591 0.100342 0.000319 0.120035 0.021926 -0.209617
    73 0.068077 0.002285 -0.080050 3.111376 -0.069366 -0.060847
    74 2.011874 -0.005083 0.006086 0.000011 -0.000013 1.418003
    75 0.000229 0.099802 0.000395 0.018823 -0.010833 -0.239219
    76 -0.018673 -0.001009 0.047544 3.109244 0.002635 -0.106673
    77 1.178665 0.001595 0.000845 -0.000006 -0.000060 0.723852
    78 -0.000198 0.099628 0.000034 0.000000 0.000000 -0.314102
    79 0.036892 -0.634449 0.266284 -2.801062 0.174301 0.490914
    80 1.704350 -0.002506 -0.004592 0.000014 0.000023 1.086474
    81 -0.000576 0.100136 0.000311 0.010912 -0.023129 -0.260841
    82 -0.003952 -0.281811 0.115047 -3.059162 0.089004 0.167964
    83 1.289627 0.003949 0.000061 0.221749 -0.037533 0.565278
    84 -0.171528 -0.018148 -0.099873 0.013484 -0.062184 -0.011780
    85 0.919922 -0.000299 -0.000417 0.000000 0.000000 0.165533
    86 -0.342617 0.053404 -0.025571 -2.909301 -0.017248 0.075276
    87 1.098633 -0.000424 0.000134 0.000000 0.000000 -0.170004
    88 -0.384983 0.330998 0.006848 -3.087207 -0.018765 -0.184279
    89 0.678146 0.006192 -0.003905 -0.000018 -0.000019 0.160529
    90 -0.123848 0.072737 0.029507 2.898184 -0.060627 0.094834
    91 1.017166 -0.000154 -0.000252 0.000001 -0.000038 -0.068545
    92 -0.344986 0.123129 0.143151 2.994981 0.012396 0.059140
    93 -0.730988 0.177046 0.039141 -0.123731 0.076518 -0.084310
    94 0.925900 0.005205 -0.000896 -0.000050 0.000001 0.631267
    95 -0.124027 -0.052092 0.038496 3.077813 -0.008519 0.039229
    96 1.100430 -0.003552 0.000503 0.000018 0.000006 0.880269
    97 -0.330082 0.160641 0.042780 3.128073 0.034033 -0.171236
    98 0.675854 0.005438 0.003272 0.000014 0.000003 1.006527
    99 -0.019516 -0.016531 0.038578 -2.763781 0.050305 0.076828
    100 1.018891 0.005113 0.001121 0.000042 0.000019 1.057694
    101 -0.155312 0.130643 -0.021921 -3.022466 0.022433 -0.024903
    102 -0.252209 0.061937 -0.024914 -0.007671 -0.063171 -0.044392
    103 -0.085991 0.185203 -0.015180 -2.937063 -0.113970 -0.138991
    104 -0.286537 0.179852 0.024264 -3.109353 -0.049645 -0.029915
    105 -0.019489 0.147084 0.079203 2.893815 0.038585 -0.060594
    106 -0.046482 0.251898 0.129548 3.016165 0.077112 -0.042864
    107 0.039120 -0.040298 0.047739 3.084219 0.030470 -0.037414
    108 -0.233757 0.066630 0.001754 -3.133086 0.040141 -0.065413
    109 0.044266 0.020128 0.001684 -2.778763 -0.118872 -0.040488
    110 0.071495 0.074127 -0.048302 -3.035917 -0.059482 0.104366
    111 0.000000 0.000000 0.000000 0.000000 0.000000 -1.570796
    112 13.098056 -0.558611 -4.351695 -0.394338 -0.050007 -0.007928
    113 1.414063 0.000000 2.341797 0.000000 0.000000 0.000000
    114 1.194336 0.000004 2.341797 0.000000 0.000000 0.000000
    115 5.793146 8.894803 -7.945555 -0.165211 -0.885029 -1.265724
    116 -0.575999 -0.004000 0.701999 0.000000 0.000000 0.000000
    117 -0.222000 0.000000 2.060996 0.000000 0.000000 0.000000
    118 0.414999 0.000000 0.937998 0.000000 0.000000 0.000000
    119 1.086997 -0.554999 1.709997 0.000000 0.000000 -1.570755
    120 4.654990 0.000000 0.242000 0.000000 0.000000 0.000000
    121 -1.234999 2.354995 -2.038996 -1.607303 0.223150 -0.356359
    122 4.367991 0.000000 0.177000 0.000000 0.000000 0.000000
    123 0.537998 0.000000 -3.214993 0.000000 0.000000 0.000000
    124 -0.126000 0.000000 -1.241997 0.000000 0.000000 0.000000
    125 1.572997 0.000000 2.342995 0.000000 0.000000 0.000000
    126 1.201998 0.000000 2.375995 0.000000 0.000000 0.000000
    127 -1.451998 0.000000 -3.396993 0.000000 0.000000 0.000000
    128 3.302768 0.017000 3.522397 -0.000012 0.325705 0.000000
    129 0.000000 0.000000 0.000000 0.000000 0.000000 0.000000
    130 0.745997 0.090000 -0.642999 0.000000 0.000000 0.000000
    131 -0.716000 0.604999 0.624999 0.000000 0.000000 0.000000
    132 2.751994 0.107000 0.669999 0.000000 0.000000 0.000000
    133 3.184993 0.000000 1.365997 0.000000 0.000000 0.000000
    134 0.000000 0.000000 0.000000 0.000000 0.000000 0.000000
    135 -0.106000 0.000000 64.320000 0.000000 0.000000 0.000000
    136 0.000000 0.000000 0.000000 0.000000 0.000000 0.000000
    137 0.000000 0.000000 0.000000 0.000000 0.000000 0.000000
    138 23.265844 -1.143717 6.664613 -0.394408 -0.049991 -0.008017
    139 0.106000 0.000000 -64.320000 0.000000 0.000000 0.000000
    140 0.000000 0.000000 0.000000 0.000000 0.000000 0.000000
    141 0.000000 0.000000 -4.867002 -3.141592 0.000000 -3.128591
    142 0.000000 0.000000 4.867000 -3.141592 0.000000 -3.128591
    143 4.000000 -6.500000 0.000000 0.000000 0.000000 0.000977
    144 -6.500000 0.000000 0.000000 0.000000 1.570796 0.000000
    145 1.000088 -0.000029 0.000000 0.000000 0.000000 0.000000
    146 17.162516 -0.000404 0.000000 0.000000 0.000000 0.119214
    147 9.999891 -0.000303 0.000000 0.000000 0.000000 0.000000
    148 1.000088 -0.000029 0.000000 0.000000 0.000000 0.000000
    149 17.162516 -0.000404 0.000000 0.000000 0.000000 0.119214
    150 9.499836 0.000212 0.000000 0.000000 0.000000 0.000000
    151 0.000000 0.000000 0.000000 0.000000 0.000000 0.000000
    152 17.749374 0.295515 0.000000 0.000000 0.000000 -1.158958
    153 0.017889 0.299792 0.000000 0.000000 0.000000 -0.059582
    154 12.283573 1.581456 -4.696000 1.462269 -0.086726 0.090185
    155 17.749376 0.295515 0.000000 0.000000 0.000000 -1.158958
    156 0.017889 0.299792 0.000000 0.000000 0.000000 -0.059582
    157 13.354000 0.000000 0.000000 0.000000 0.000000 -0.294101
    158 4.530998 0.000000 0.000000 0.000000 0.000000 0.000000
    159 0.000000 0.000000 0.000000 0.000000 0.000000 0.000000
    160 5.413524 0.000347 0.000000 0.000000 0.000000 -0.518055
    161 5.413524 0.000347 0.000000 0.000000 0.000000 -0.518055
    162 4.662001 -5.366332 4.825191 1.569713 1.561305 -3.121213
    163 3.116966 -0.000443 0.000000 0.000000 0.000000 0.294101
    164 0.000000 0.000000 0.000000 0.000000 0.000000 0.000000
    165 -0.537999 0.000000 2.587000 0.000000 0.000000 0.000000
    166 -16.585132 23.311648 -51.240635 0.395027 0.042917 0.026737
    167 2.302999 0.000000 0.188000 0.000000 0.000000 0.000000
    168 6.748000 0.000000 0.546000 0.000000 0.000000 0.000000
    169 3.512001 -3.547000 -1.066000 0.000000 1.570796 0.000000
    170 3.456001 -3.517000 1.169000 0.000000 1.570796 0.000000
    171 6.233002 0.000000 0.000000 0.000000 0.000000 0.000000
    172 -0.171997 -0.106000 -0.902000 1.570713 1.029176 -3.134550
    173 6.241997 -6.380000 0.000000 0.000000 0.000000 0.000000
    174 3.999434 -0.000526 -0.000332 -0.345107 0.000000 0.000000
    175 3.999901 0.000041 0.001011 -0.086349 0.000000 0.000000
    176 1.598000 0.000000 0.000000 0.000000 0.000000 0.000000
    177 -1.145525 0.000130 0.000668 0.000000 0.000000 0.000000
    178 2.299679 -2.499979 -0.599480 0.892008 0.221482 -0.527246
    179 10.098688 -3.054417 1.288986 1.608640 -0.348087 -0.236250
    180 -9.580679 -27.862114 -37.184673 0.812879 -0.123459 -0.568477
    181 0.649933 -0.548295 0.093651 -1.665913 -0.131399 -0.112062
    182 0.657076 0.008402 0.040371 -1.665945 -0.131407 -0.000013
    183 0.665774 0.747222 -0.029186 -1.665935 -0.131408 0.094976
    184 2.300138 -2.499413 0.600155 -0.892033 -0.221483 -0.527258
    185 11.382039 1.378774 3.523220 1.871077 -0.298180 0.208320
    186 2.762350 0.116950 1.523975 1.629482 0.064153 1.743800
    187 7.228323 7.928203 -3.925648 2.328713 0.123459 -0.568477
    188 0.650394 -0.547731 -0.092979 1.665913 0.131399 -0.112062
    189 0.657068 0.008396 -0.040379 1.665945 0.131407 -0.000013
    190 0.665772 0.747219 0.029182 1.665935 0.131408 0.094976
    191 -4.481003 -0.202000 0.000000 0.000000 0.000000 0.000000
    192 -5.516998 -0.291000 -0.001000 0.000000 0.000000 0.000000
    193 -0.857697 0.104072 0.104679 0.023536 0.163924 0.013632
    194 1.899121 0.000423 -0.000439 0.027386 -0.033311 0.477848
    195 1.799660 -0.000233 0.000231 0.027386 -0.033311 0.477848
    196 1.799660 -0.000233 0.000231 0.027386 -0.033311 0.477848
    197 1.799660 -0.000233 0.000231 0.027386 -0.033311 0.477848
    198 1.900310 -0.000137 -0.000517 0.027386 -0.033311 0.477848
    199 1.899435 -0.000317 -0.000150 -0.027386 0.033311 0.477848
    200 1.799664 -0.000237 -0.000233 -0.027386 0.033311 0.477848
    201 1.799664 -0.000237 -0.000233 -0.027386 0.033311 0.477848
    202 1.799664 -0.000237 -0.000233 -0.027386 0.033311 0.477848
    203 1.900727 0.000557 -0.000072 -0.027386 0.033311 0.477848
    204 0.599884 0.400188 -0.000027 0.000000 0.000000 0.000000
    205 0.599888 0.400187 0.000031 0.000000 0.000000 -3.141592
    206 0.599503 0.400696 0.000235 0.000000 0.000000 0.000000
    207 0.600399 0.399632 -0.000467 0.000000 0.000000 -3.141592
  time 6
    0 0.000000 0.000000 0.000000 0.000000 0.000000 -1.570796
    1 -0.106323 0.000000 -0.000198 0.000000 0.000000 0.000000
    2 0.000000 0.000000 0.000000 0.000000 0.000000 0.000000
    3 -0.904000 0.000000 -11.806000 0.000000 0.000000 0.000000
    4 0.000000 0.000000 -14.313999 0.000000 -1.570796 1.570857
    5 3.533001 0.000000 0.000000 0.000000 0.000000 0.000000
    6 6.250000 0.000000 0.000000 0.000000 0.000000 0.000000
    7 7.589844 6.851563 -1.851563 -1.153277 1.547377 -1.153364
    8 11.554688 8.109375 4.390625 0.044783 -1.073398 -0.039574
    9 5.790726 0.002787 -0.000113 -1.327641 0.269899 -1.805332
    10 5.999492 -0.000592 -4.000343 0.000000 0.000000 0.000000
    11 5.791316 0.002582 0.004799 1.398208 -0.325935 -1.935745
    12 5.999492 -0.000592 4.000336 0.000000 0.000000 0.000000
    13 0.500225 0.000133 -0.000088 0.351417 0.000000 0.000000
    14 11.534559 0.000348 -0.001312 -0.000017 0.000009 -0.726311
    15 -0.829338 0.893824 0.079659 -0.148839 0.047645 0.087266
    16 0.500225 0.000132 0.000076 -0.384620 0.000000 0.000000
    17 11.532495 0.004432 -0.000089 0.000006 -0.000022 -0.631406
    18 -0.829586 0.894698 -0.079464 0.045377 -0.019621 0.087266
    19 10.599884 0.000105 -0.000553 -0.655812 0.000036 -0.000012
    20 0.119665 -0.275181 -0.000805 0.000012 0.000047 0.363168
    21 11.042057 -0.000189 0.004704 -0.592561 0.094442 0.453390
    22 -1.214832 0.203470 -0.477489 -0.135025 -0.078677 -0.001289
    23 10.599880 0.000105 0.000549 -0.149737 0.000060 0.000000
    24 0.096225 -0.282994 0.000801 0.000000 -0.000011 0.315785
    25 11.041742 0.003171 -0.000571 -0.201767 0.750287 0.050015
    26 -1.063377 0.077663 0.150230 0.045121 0.020046 -0.012850
    27 0.610302 -0.939470 0.070343 -1.654790 -0.083607 -0.180338
    28 0.639940 -0.199121 0.060188 -1.665451 -0.069899 -0.072235
    29 0.600155 1.080261 -0.339535 -1.744070 0.106145 0.045640
    30 0.610207 0.400743 -0.010101 -1.761945 0.010568 0.029078
    31 0.634715 -0.693997 -0.232343 0.292839 0.029235 -1.050210
    32 -0.792125 0.203736 0.461300 1.439074 -0.003453 -0.018305
    33 0.610300 -0.939469 -0.070351 1.655346 0.140067 -0.175652
    34 0.639937 -0.199121 -0.060200 1.659401 0.202520 -0.040440
    35 0.600157 1.080259 0.339531 1.741577 0.106942 0.153597
    36 0.610205 0.400743 0.010086 1.767108 0.146059 0.084219
    37 0.624002 -0.695300 0.232270 -0.833309 -0.425467 -0.885671
    38 -0.626031 -0.069983 -0.080517 -1.447153 0.086151 0.021559
    39 2.625284 -0.002532 -0.001438 0.011574 -0.173774 0.904477
    40 2.656250 0.000106 -0.000829 -0.087665 -0.136083 1.023537
    41 2.206394 0.003368 -0.006769 -0.089474 -0.143225 1.068683
    42 0.599952 0.959240 -0.300102 -0.174544 0.000000 0.000000
    43 2.557190 -0.001967 0.006359 0.000287 -0.126810 1.057992
    44 2.095024 -0.003873 -0.002193 -0.807776 0.069338 0.735242
    45 1.000000 0.000646 -1.041992 -0.000001 0.000000 0.000000
    46 -0.122639 -0.721856 0.661690 -0.486644 0.223964 0.243056
    47 2.622113 -0.000648 0.002741 0.206662 0.558390 0.405113
    48 2.658203 0.000780 0.000160 0.597727 0.336290 1.187863
    49 2.200016 0.001663 0.004743 0.407956 -0.072400 1.427633
    50 0.599951 0.959244 0.300102 0.174544 0.000000 0.000000
    51 2.556570 -0.004291 0.000554 0.402081 0.153028 1.281481
    52 2.103851 0.005614 -0.001014 0.811744 -0.382245 0.542441
    53 0.999374 -0.000237 1.244519 0.292927 0.028391 0.134599
    54 0.310846 -0.606445 -0.498005 0.308107 -0.197598 0.313976
    55 1.869163 -0.000835 -0.000994 -0.000007 0.000004 1.282827
    56 1.200941 0.399582 -0.000237 -0.009465 0.016087 0.007127
    57 0.000586 0.100342 -0.000319 -0.120035 -0.021926 -0.209617
    58 -0.161663 0.051712 0.194808 -2.941982 0.122408 -0.060194
    59 2.010092 -0.007109 -0.003377 -0.000006 0.000037 1.295053
    60 0.000240 0.099802 -0.000395 -0.018823 0.010833 -0.239219
    61 -0.203197 0.048607 0.069150 -3.093332 0.033217 -0.046722
    62 1.180428 -0.006214 0.000780 0.000022 -0.000012 0.672969
    63 -0.000196 0.099625 -0.000034 0.000000 0.000000 -0.314102
    64 -0.088736 -0.688435 -0.145203 2.930407 -0.136130 0.513013
    65 1.712069 -0.003328 0.003818 -0.017151 -0.021125 1.013624
    66 -0.000580 0.100145 -0.000311 -0.010912 0.023129 -0.260841
    67 -0.146030 -0.232426 -0.014225 3.028455 -0.094299 0.113020
    68 1.290632 0.000362 -0.000032 -0.254301 0.034779 -0.355927
    69 -0.658121 -0.003575 0.072645 -0.142711 0.027792 -0.077299
    70 1.868080 -0.003049 0.006083 0.000003 -0.000021 1.375737
    71 1.200079 0.399944 -0.000093 0.009465 -0.016087 0.007127
    72 0.000591 0.100342 0.000319 0.120035 0.021926 -0.209617
    73 0.068077 0.002285 -0.080050 3.111376 -0.069366 -0.060847
    74 2.015780 -0.005083 0.006086 -0.000001 -0.000013 1.418003
    75 0.000229 0.099802 0.000395 0.018823 -0.010833 -0.239219
    76 -0.018673 -0.001009 0.047544 3.109244 0.002635 -0.106673
    77 1.178665 0.001595 0.000845 -0.000006 -0.000060 0.723852
    78 -0.000198 0.099628 0.000034 0.000000 0.000000 -0.314102
    79 0.036892 -0.634449 0.266284 -2.801062 0.174301 0.490914
    80 1.704350 -0.002506 -0.000686 0.000038 0.000023 1.086474
    81 -0.000576 0.100136 0.000311 0.010912 -0.023129 -0.260841
    82 -0.003952 -0.281811 0.115047 -3.059162 0.089004 0.167964
    83 1.289627 0.003949 0.000061 0.222444 -0.038013 0.574109
    84 -0.171528 -0.018148 -0.099873 0.013484 -0.062184 -0.011780
    85 0.919922 -0.000299 -0.000417 0.000000 0.000000 0.165533
    86 -0.342617 0.053404 -0.025571 -2.909301 -0.017248 0.075276
    87 1.098633 -0.000424 0.000134 0.000000 0.000000 -0.170004
    88 -0.384983 0.330998 0.006848 -3.087207 -0.018765 -0.184279
    89 0.678146 0.006192 -0.003905 -0.000018 -0.000019 0.160529
    90 -0.123848 0.072737 0.029507 2.898184 -0.060627 0.094834
    91 1.017166 -0.000154 -0.000252 0.000001 -0.000026 -0.068545
    92 -0.344986 0.123129 0.143151 2.994981 0.012396 0.059140
    93 -0.730988 0.177046 0.039141 -0.123731 0.076518 -0.084310
    94 0.925900 0.001298 -0.000896 -0.000074 0.000013 0.631267
    95 -0.124027 -0.052092 0.038496 3.077813 -0.008519 0.039229
    96 1.100430 -0.003552 0.000503 0.000006 0.000006 0.880269
    97 -0.330082 0.160641 0.042780 3.128073 0.034033 -0.171236
    98 0.675854 0.005438 0.003272 0.000014 0.000003 1.006567
    99 -0.019516 -0.016531 0.038578 -2.763781 0.050305 0.076828
    100 1.014985 0.005113 0.001121 0.000030 0.000007 1.057694
    101 -0.155312 0.130643 -0.021921 -3.022466 0.022433 -0.024903
    102 -0.252209 0.061937 -0.024914 -0.007671 -0.063171 -0.044392
    103 -0.085991 0.185203 -0.015180 -2.937063 -0.113970 -0.138991
    104 -0.286537 0.179852 0.024264 -3.109353 -0.049645 -0.029915
    105 -0.019489 0.147084 0.079203 2.893815 0.038585 -0.060594
    106 -0.046482 0.251898 0.129548 3.016165 0.077112 -0.042864
    107 0.039120 -0.040298 0.047739 3.084219 0.030470 -0.037414
    108 -0.233757 0.066630 0.001754 -3.133086 0.040141 -0.065413
    109 0.044266 0.020128 0.001684 -2.778763 -0.118872 -0.040488
    110 0.071495 0.074127 -0.048302 -3.035917 -0.059482 0.104366
    111 0.000000 0.000000 0.000000 0.000000 0.000000 -1.570796
    112 13.152745 -0.539079 -4.359508 -0.361756 -0.061665 -0.004664
    113 1.414063 0.000000 2.341797 0.000000 0.000000 0.000000
    114 1.194336 0.000004 2.341797 0.000000 0.000000 0.000000
    115 5.804865 8.828394 -8.004151 -0.120888 -0.905735 -1.294970
    116 -0.575999 -0.004000 0.701999 0.000000 0.000000 0.000000
    117 -0.222000 0.000000 2.060996 0.000000 0.000000 0.000000
    118 0.414999 0.000000 0.937998 0.000000 0.000000 0.000000
    119 1.086997 -0.554999 1.709997 0.000000 0.000000 -1.570755
    120 4.654990 0.000000 0.242000 0.000000 0.000000 0.000000
    121 -1.234999 2.354995 -2.038996 -1.607303 0.223150 -0.356359
    122 4.367991 0.000000 0.177000 0.000000 0.000000 0.000000
    123 0.537998 0.000000 -3.214993 0.000000 0.000000 0.000000
    124 -0.126000 0.000000 -1.241997 0.000000 0.000000 0.000000
    125 1.572997 0.000000 2.342995 0.000000 0.000000 0.000000
    126 1.201998 0.000000 2.375995 0.000000 0.000000 0.000000
    127 -1.451998 0.000000 -3.396993 0.000000 0.000000 0.000000
    128 3.302768 0.017000 3.518491 0.000000 0.325717 0.000000
    129 0.000000 0.000000 0.000000 0.000000 0.000000 0.000000
    130 0.745997 0.090000 -0.642999 0.000000 0.000000 0.000000
    131 -0.716000 0.604999 0.624999 0.000000 0.000000 0.000000
    132 2.751994 0.107000 0.669999 0.000000 0.000000 0.000000
    133 3.184993 0.000000 1.365997 0.000000 0.000000 0.000000
    134 0.000000 0.000000 0.000000 0.000000 0.000000 0.000000
    135 -0.106000 0.000000 64.320000 0.000000 0.000000 0.000000
    136 0.000000 0.000000 0.000000 0.000000 0.000000 0.000000
    137 0.000000 0.000000 0.000000 0.000000 0.000000 0.000000
    138 23.332252 -1.061683 6.750553 -0.362036 -0.061696 -0.004566
    139 0.106000 0.000000 -64.320000 0.000000 0.000000 0.000000
    140 0.000000 0.000000 0.000000 0.000000 0.000000 0.000000
    141 0.000000 0.000000 -4.867002 -3.141592 0.000000 -3.128591
    142 0.000000 0.000000 4.867000 -3.141592 0.000000 -3.128591
    143 4.000000 -6.500000 0.000000 0.000000 0.000000 0.000977
    144 -6.500000 0.000000 0.000000 0.000000 1.570796 0.000000
    145 1.000088 -0.000029 0.000000 0.000000 0.000000 0.000000
    146 17.162516 -0.000404 0.000000 0.000000 0.000000 0.119214
    147 9.999891 -0.000303 0.000000 0.000000 0.000000 0.000000
    148 1.000088 -0.000029 0.000000 0.000000 0.000000 0.000000
    149 17.162516 -0.000404 0.000000 0.000000 0.000000 0.119214
    150 9.499836 0.000212 0.000000 0.000000 0.000000 0.000000
    151 0.000000 0.000000 0.000000 0.000000 0.000000 0.000000
    152 17.749374 0.295515 0.000000 0.000000 0.000000 -1.158958
    153 0.017889 0.299792 0.000000 0.000000 0.000000 -0.059582
    154 12.283573 1.581456 -4.696000 1.462269 -0.086726 0.090185
    155 17.749376 0.295515 0.000000 0.000000 0.000000 -1.158958
    156 0.017889 0.299792 0.000000 0.000000 0.000000 -0.059582
    157 13.354000 0.000000 0.000000 0.000000 0.000000 -0.294101
    158 4.530998 0.000000 0.000000 0.000000 0.000000 0.000000
    159 0.000000 0.000000 0.000000 0.000000 0.000000 0.000000
    160 5.413524 0.000347 0.000000 0.000000 0.000000 -0.518055
    161 5.413524 0.000347 0.000000 0.000000 0.000000 -0.518055
    162 4.662001 -5.366332 4.825191 1.569713 1.561305 -3.121213
    163 3.116966 -0.000443 0.000000 0.000000 0.000000 0.294101
    164 0.000000 0.000000 0.000000 0.000000 0.000000 0.000000
    165 -0.537999 0.000000 2.587000 0.000000 0.000000 0.000000
    166 -17.327342 21.499092 -51.779714 0.362503 0.055909 0.026172
    167 2.302999 0.000000 0.188000 0.000000 0.000000 0.000000
    168 6.748000 0.000000 0.546000 0.000000 0.000000 0.000000
    169 3.512001 -3.547000 -1.066000 0.000000 1.570796 0.000000
    170 3.456001 -3.517000 1.169000 0.000000 1.570796 0.000000
    171 6.233002 0.000000 0.000000 0.000000 0.000000 0.000000
    172 -0.171997 -0.106000 -0.902000 1.570713 1.029176 -3.134550
    173 6.241997 -6.380000 0.000000 0.000000 0.000000 0.000000
    174 3.999434 -0.000526 -0.000332 -0.328023 0.000000 0.000000
    175 3.999901 0.000041 0.001011 -0.074839 0.000000 0.000000
    176 1.598000 0.000000 0.000000 0.000000 0.000000 0.000000
    177 -1.145525 0.000130 0.000668 0.000000 0.000000 0.000000
    178 2.299679 -2.499979 -0.599480 0.892008 0.221482 -0.527246
    179 10.098688 -3.054417 1.288986 1.608640 -0.348087 -0.236250
    180 -9.580679 -27.862114 -37.184673 0.812879 -0.123459 -0.568477
    181 0.649933 -0.548295 0.093651 -1.665913 -0.131399 -0.112062
    182 0.657076 0.008402 0.040371 -1.665945 -0.131407 -0.000013
    183 0.665774 0.747222 -0.029186 -1.665935 -0.131408 0.094976
    184 2.300138 -2.499413 0.600155 -0.892033 -0.221483 -0.527258
    185 11.382039 1.378774 3.523220 1.871077 -0.298180 0.208273
    186 2.762350 0.116950 1.523975 1.629482 0.064153 1.743800
    187 7.228323 7.928203 -3.925648 2.328713 0.123459 -0.568477
    188 0.650394 -0.547731 -0.092979 1.665913 0.131399 -0.112062
    189 0.657068 0.008396 -0.040379 1.665945 0.131407 -0.000013
    190 0.665772 0.747219 0.029182 1.665935 0.131408 0.094976
    191 -4.481003 -0.202000 0.000000 0.000000 0.000000 0.000000
    192 -5.516998 -0.291000 -0.001000 0.000000 0.000000 0.000000
    193 -0.857697 0.104072 0.104679 0.023536 0.163924 0.013632
    194 1.899121 0.000423 -0.000439 0.027386 -0.033311 0.477848
    195 1.799660 -0.000233 0.000231 0.027386 -0.033311 0.477848
    196 1.799660 -0.000233 0.000231 0.027386 -0.033311 0.477848
    197 1.799660 -0.000233 0.000231 0.027386 -0.033311 0.477848
    198 1.900310 -0.000137 -0.000517 0.027386 -0.033311 0.477848
    199 1.899435 -0.000317 -0.000150 -0.027386 0.033311 0.477848
    200 1.799664 -0.000237 -0.000233 -0.027386 0.033311 0.477848
    201 1.799664 -0.000237 -0.000233 -0.027386 0.033311 0.477848
    202 1.799664 -0.000237 -0.000233 -0.027386 0.033311 0.477848
    203 1.900727 0.000557 -0.000072 -0.027386 0.033311 0.477848
    204 0.599884 0.400188 -0.000027 0.000000 0.000000 0.000000
    205 0.599888 0.400187 0.000031 0.000000 0.000000 -3.141592
    206 0.599503 0.400696 0.000235 0.000000 0.000000 0.000000
    207 0.600399 0.399632 -0.000467 0.000000 0.000000 -3.141592
  time 7
    0 0.000000 0.000000 0.000000 0.000000 0.000000 -1.570796
    1 -0.106323 0.000000 -0.000198 0.000000 0.000000 0.000000
    2 0.000000 0.000000 0.000000 0.000000 0.000000 0.000000
    3 -0.904000 0.000000 -11.806000 0.000000 0.000000 0.000000
    4 0.000000 0.000000 -14.313999 0.000000 -1.570796 1.570857
    5 3.533001 0.000000 0.000000 0.000000 0.000000 0.000000
    6 6.250000 0.000000 0.000000 0.000000 0.000000 0.000000
    7 7.589844 6.851563 -1.851563 -1.153277 1.547377 -1.153364
    8 11.554688 8.109375 4.390625 0.044783 -1.073398 -0.039574
    9 5.790726 0.002787 -0.000113 -1.331154 0.265366 -1.811536
    10 5.999492 -0.000592 -4.000343 0.000000 0.000000 0.000000
    11 5.791316 0.002582 0.004799 1.396431 -0.326142 -1.932112
    12 5.999492 -0.000592 4.000336 0.000000 0.000000 0.000000
    13 0.500225 0.000133 -0.000088 0.352804 0.000000 0.000000
    14 11.534559 0.004255 -0.001312 -0.000017 0.000009 -0.709831
    15 -0.829338 0.893824 0.079659 -0.148839 0.047645 0.087266
    16 0.500225 0.000132 0.000076 -0.383932 0.000000 0.000000
    17 11.536401 0.000526 -0.000089 0.000006 -0.000022 -0.628772
    18 -0.829586 0.894698 -0.079464 0.045377 -0.019621 0.087266
    19 10.599884 0.000105 -0.000553 -0.670453 0.000000 0.000048
    20 0.119665 -0.275181 -0.000805 0.000000 0.000011 0.355003
    21 11.042057 -0.000189 0.000798 -0.613485 0.087531 0.427593
    22 -1.214832 0.203470 -0.477489 -0.135025 -0.078677 -0.001289
    23 10.599880 0.000105 0.000549 -0.174590 0.000000 0.000000
    24 0.096225 -0.282994 0.000801 0.000000 -0.000023 0.314430
    25 11.041742 0.003171 -0.000571 -0.233890 0.742409 0.032373
    26 -1.063377 0.077663 0.150230 0.045121 0.020046 -0.012850
    27 0.610302 -0.939470 0.070343 -1.654790 -0.083607 -0.180326
    28 0.639940 -0.199121 0.060188 -1.665451 -0.069899 -0.072224
    29 0.600155 1.080261 -0.339535 -1.744070 0.106145 0.045652
    30 0.610207 0.400743 -0.010101 -1.761945 0.010568 0.029090
    31 0.634715 -0.693997 -0.232343 0.292823 0.029456 -1.050576
    32 -0.792125 0.203736 0.461300 1.439074 -0.003453 -0.018305
    33 0.610300 -0.939469 -0.070351 1.655346 0.140055 -0.175628
    34 0.639937 -0.199121 -0.060200 1.659401 0.202520 -0.040428
    35 0.600157 1.080259 0.339531 1.741577 0.106930 0.153597
    36 0.610205 0.400743 0.010086 1.767108 0.146059 0.084219
    37 0.624002 -0.695300 0.232270 -0.833309 -0.425300 -0.885966
    38 -0.626031 -0.069983 -0.080517 -1.447153 0.086151 0.021559
    39 2.621377 -0.002532 -0.001438 0.011574 -0.173774 0.904477
    40 2.656250 0.000106 -0.000829 -0.087665 -0.136083 1.023537
    41 2.206394 0.003368 -0.002863 -0.089474 -0.143208 1.068683
    42 0.599952 0.959240 -0.300102 -0.174544 0.000000 0.000000
    43 2.553283 -0.001967 0.006359 0.000324 -0.126798 1.057992
    44 2.095024 -0.003873 -0.002193 -0.797906 0.067126 0.732168
    45 1.000000 0.000646 -1.041992 -0.000001 0.000000 0.000000
    46 -0.122639 -0.721856 0.661690 -0.486644 0.223964 0.243056
    47 2.622113 -0.000648 0.002741 0.195908 0.550660 0.385061
    48 2.658203 0.000780 0.000160 0.597727 0.336290 1.187863
    49 2.200016 0.001663 0.004743 0.407944 -0.072400 1.427633
    50 0.599951 0.959244 0.300102 0.174544 0.000000 0.000000
    51 2.556570 -0.004291 0.000554 0.402081 0.153016 1.281502
    52 2.103851 0.005614 -0.001014 0.811819 -0.382101 0.542399
    53 0.999374 -0.000237 1.244519 0.292927 0.028391 0.134587
    54 0.310846 -0.606445 -0.498005 0.308107 -0.197598 0.313976
    55 1.869163 -0.000835 -0.000994 -0.000007 0.000004 1.282776
    56 1.200941 0.399582 -0.000237 -0.009465 0.016087 0.007127
    57 0.000586 0.100342 -0.000319 -0.120035 -0.021926 -0.209617
    58 -0.161663 0.051712 0.194808 -2.941982 0.122408 -0.060194
    59 2.010092 -0.007109 -0.003377 -0.000018 0.000048 1.295053
    60 0.000240 0.099802 -0.000395 -0.018823 0.010833 -0.239219
    61 -0.203197 0.048607 0.069150 -3.093332 0.033217 -0.046722
    62 1.180428 -0.006214 0.000780 0.000034 -0.000012 0.672969
    63 -0.000196 0.099625 -0.000034 0.000000 0.000000 -0.314102
    64 -0.088736 -0.688435 -0.145203 2.930407 -0.136130 0.513013
    65 1.712069 -0.003328 -0.000088 -0.017151 -0.021125 1.013624
    66 -0.000580 0.100145 -0.000311 -0.010912 0.023129 -0.260841
    67 -0.146030 -0.232426 -0.014225 3.028455 -0.094299 0.113020
    68 1.290632 0.000362 -0.000032 -0.243887 0.035247 -0.349254
    69 -0.658121 -0.003575 0.072645 -0.142711 0.027792 -0.077299
    70 1.868080 -0.003049 0.006083 0.000051 -0.000057 1.281831
    71 1.200079 0.399944 -0.000093 0.009465 -0.016087 0.007127
    72 0.000591 0.100342 0.000319 0.120035 0.021926 -0.209617
    73 0.068077 0.002285 -0.080050 3.111376 -0.069366 -0.060847
    74 2.015780 -0.005083 0.006086 -0.000013 -0.000013 1.418003
    75 0.000229 0.099802 0.000395 0.018823 -0.010833 -0.239219
    76 -0.018673 -0.001009 0.047544 3.109244 0.002635 -0.106673
    77 1.178665 0.001595 0.000845 -0.000006 -0.000060 0.723852
    78 -0.000198 0.099628 0.000034 0.000000 0.000000 -0.314102
    79 0.036892 -0.634449 0.266284 -2.801062 0.174301 0.490914
    80 1.704350 -0.002506 -0.000686 0.000062 0.000035 1.086474
    81 -0.000576 0.100136 0.000311 0.010912 -0.023129 -0.260841
    82 -0.003952 -0.281811 0.115047 -3.059162 0.089004 0.167964
    83 1.289627 0.003949 0.000061 0.223859 -0.039055 0.590870
    84 -0.171528 -0.018148 -0.099873 0.013484 -0.062184 -0.011780
    85 0.919922 -0.000299 -0.000417 0.000000 0.000000 0.165533
    86 -0.342617 0.053404 -0.025571 -2.909301 -0.017248 0.075276
    87 1.098633 -0.000424 0.000134 0.000000 0.000000 -0.170004
    88 -0.384983 0.330998 0.006848 -3.087207 -0.018765 -0.184279
    89 0.678146 0.002286 0.000002 -0.000018 -0.000019 0.160494
    90 -0.123848 0.072737 0.029507 2.898184 -0.060627 0.094834
    91 1.017166 -0.000154 -0.000252 -0.000011 -0.000026 -0.068545
    92 -0.344986 0.123129 0.143151 2.994981 0.012396 0.059140
    93 -0.730988 0.177046 0.039141 -0.123731 0.076518 -0.084310
    94 0.921993 0.005205 -0.000896 -0.000002 -0.000011 0.593375
    95 -0.124027 -0.052092 0.038496 3.077813 -0.008519 0.039229
    96 1.100430 -0.007458 0.000503 0.000006 0.000018 0.880269
    97 -0.330082 0.160641 0.042780 3.128073 0.034033 -0.171236
    98 0.675854 0.005438 0.003272 0.000014 0.000003 1.006567
    99 -0.019516 -0.016531 0.038578 -2.763781 0.050305 0.076828
    100 1.014985 0.005113 0.001121 0.000018 0.000007 1.057717
    101 -0.155312 0.130643 -0.021921 -3.022466 0.022433 -0.024903
    102 -0.252209 0.061937 -0.024914 -0.007671 -0.063171 -0.044392
    103 -0.085991 0.185203 -0.015180 -2.937063 -0.113970 -0.138991
    104 -0.286537 0.179852 0.024264 -3.109353 -0.049645 -0.029915
    105 -0.019489 0.147084 0.079203 2.893815 0.038585 -0.060594
    106 -0.046482 0.251898 0.129548 3.016165 0.077112 -0.042864
    107 0.039120 -0.040298 0.047739 3.084219 0.030470 -0.037414
    108 -0.233757 0.066630 0.001754 -3.133086 0.040141 -0.065413
    109 0.044266 0.020128 0.001684 -2.778763 -0.118872 -0.040488
    110 0.071495 0.074127 -0.048302 -3.035917 -0.059482 0.104366
    111 0.000000 0.000000 0.000000 0.000000 0.000000 -1.570796
    112 13.172277 -0.550798 -4.375134 -0.388779 -0.067144 -0.003265
    113 1.414063 0.000000 2.341797 0.000000 0.000000 0.000000
    114 1.194336 0.000004 2.341797 0.000000 0.000000 0.000000
    115 5.699393 8.781518 -8.308847 -0.165211 -0.903050 -1.260626
    116 -0.575999 -0.004000 0.701999 0.000000 0.000000 0.000000
    117 -0.222000 0.000000 2.060996 0.000000 0.000000 0.000000
    118 0.414999 0.000000 0.937998 0.000000 0.000000 0.000000
    119 1.086997 -0.554999 1.709997 0.000000 0.000000 -1.570755
    120 4.654990 0.000000 0.242000 0.000000 0.000000 0.000000
    121 -1.234999 2.354995 -2.038996 -1.607303 0.223150 -0.356359
    122 4.367991 0.000000 0.177000 0.000000 0.000000 0.000000
    123 0.537998 0.000000 -3.214993 0.000000 0.000000 0.000000
    124 -0.126000 0.000000 -1.241997 0.000000 0.000000 0.000000
    125 1.572997 0.000000 2.342995 0.000000 0.000000 0.000000
    126 1.201998 0.000000 2.375995 0.000000 0.000000 0.000000
    127 -1.451998 0.000000 -3.396993 0.000000 0.000000 0.000000
    128 3.376989 0.017000 3.541929 0.000000 0.241250 0.000000
    129 0.000000 0.000000 0.000000 0.000000 0.000000 0.000000
    130 0.745997 0.090000 -0.642999 0.000000 0.000000 0.000000
    131 -0.716000 0.604999 0.624999 0.000000 0.000000 0.000000
    132 2.751994 0.107000 0.669999 0.000000 0.000000 0.000000
    133 3.184993 0.000000 1.365997 0.000000 0.000000 0.000000
    134 0.000000 0.000000 0.000000 0.000000 0.000000 0.000000
    135 -0.106000 0.000000 64.320000 0.000000 0.000000 0.000000
    136 0.000000 0.000000 0.000000 0.000000 0.000000 0.000000
    137 0.000000 0.000000 0.000000 0.000000 0.000000 0.000000
    138 23.359597 -1.092934 6.797429 -0.388755 -0.067127 -0.003167
    139 0.106000 0.000000 -64.320000 0.000000 0.000000 0.000000
    140 0.000000 0.000000 0.000000 0.000000 0.000000 0.000000
    141 0.000000 0.000000 -4.867002 -3.141592 0.000000 -3.128591
    142 0.000000 0.000000 4.867000 -3.141592 0.000000 -3.128591
    143 4.000000 -6.500000 0.000000 0.000000 0.000000 0.000977
    144 -6.500000 0.000000 0.000000 0.000000 1.570796 0.000000
    145 1.000088 -0.000029 0.000000 0.000000 0.000000 0.000000
    146 17.162516 -0.000404 0.000000 0.000000 0.000000 0.119214
    147 9.999891 -0.000303 0.000000 0.000000 0.000000 0.000000
    148 1.000088 -0.000029 0.000000 0.000000 0.000000 0.000000
    149 17.162516 -0.000404 0.000000 0.000000 0.000000 0.119214
    150 9.499836 0.000212 0.000000 0.000000 0.000000 0.000000
    151 0.000000 0.000000 0.000000 0.000000 0.000000 0.000000
    152 17.749374 0.295515 0.000000 0.000000 0.000000 -1.158958
    153 0.017889 0.299792 0.000000 0.000000 0.000000 -0.059582
    154 12.283573 1.581456 -4.696000 1.462269 -0.086726 0.090185
    155 17.749376 0.295515 0.000000 0.000000 0.000000 -1.158958
    156 0.017889 0.299792 0.000000 0.000000 0.000000 -0.059582
    157 13.354000 0.000000 0.000000 0.000000 0.000000 -0.294101
    158 4.530998 0.000000 0.000000 0.000000 0.000000 0.000000
    159 0.000000 0.000000 0.000000 0.000000 0.000000 0.000000
    160 5.413524 0.000347 0.000000 0.000000 0.000000 -0.518055
    161 5.413524 0.000347 0.000000 0.000000 0.000000 -0.518055
    162 4.662001 -5.366332 4.825191 1.569713 1.561305 -3.121213
    163 3.116966 -0.000443 0.000000 0.000000 0.000000 0.294101
    164 0.000000 0.000000 0.000000 0.000000 0.000000 0.000000
    165 -0.537999 0.000000 2.587000 0.000000 0.000000 0.000000
    166 -17.702353 22.944449 -51.064848 0.389358 0.060792 0.028526
    167 2.302999 0.000000 0.188000 0.000000 0.000000 0.000000
    168 6.748000 0.000000 0.546000 0.000000 0.000000 0.000000
    169 3.512001 -3.547000 -1.066000 0.000000 1.570796 0.000000
    170 3.456001 -3.517000 1.169000 0.000000 1.570796 0.000000
    171 6.233002 0.000000 0.000000 0.000000 0.000000 0.000000
    172 -0.171997 -0.106000 -0.902000 1.570713 1.029176 -3.134550
    173 6.241997 -6.380000 0.000000 0.000000 0.000000 0.000000
    174 3.999434 -0.000526 -0.000332 -0.335260 0.000000 0.000000
    175 3.999901 0.000041 0.001011 -0.087346 0.000060 0.000000
    176 1.598000 0.000000 0.000000 0.000000 0.000000 0.000000
    177 -1.145525 0.000130 0.000668 0.000000 0.000000 0.000000
    178 2.299679 -2.499979 -0.599480 0.892008 0.221494 -0.527246
    179 10.098688 -3.054417 1.288986 1.608640 -0.348087 -0.236250
    180 -9.580679 -27.862114 -37.184673 0.812879 -0.123459 -0.568477
    181 0.649933 -0.548295 0.093651 -1.665913 -0.131399 -0.112062
    182 0.657076 0.008402 0.040371 -1.665945 -0.131407 -0.000013
    183 0.665774 0.747222 -0.029186 -1.665935 -0.131408 0.094976
    184 2.300138 -2.499413 0.600155 -0.892033 -0.221483 -0.527258
    185 11.382039 1.378774 3.523220 1.871077 -0.298180 0.208297
    186 2.762350 0.116950 1.523975 1.629482 0.064153 1.743800
    187 7.228323 7.928203 -3.925648 2.328713 0.123459 -0.568477
    188 0.650394 -0.547731 -0.092979 1.665913 0.131399 -0.112062
    189 0.657068 0.008396 -0.040379 1.665945 0.131407 -0.000013
    190 0.665772 0.747219 0.029182 1.665935 0.131408 0.094976
    191 -4.481003 -0.202000 0.000000 0.000000 0.000000 0.000000
    192 -5.516998 -0.291000 -0.001000 0.000000 0.000000 0.000000
    193 -0.857697 0.104072 0.104679 0.023536 0.163924 0.013632
    194 1.899121 0.000423 -0.000439 0.027386 -0.033311 0.477848
    195 1.799660 -0.000233 0.000231 0.027386 -0.033311 0.477848
    196 1.799660 -0.000233 0.000231 0.027386 -0.033311 0.477848
    197 1.799660 -0.000233 0.000231 0.027386 -0.033311 0.477848
    198 1.900310 -0.000137 -0.000517 0.027386 -0.033311 0.477848
    199 1.899435 -0.000317 -0.000150 -0.027386 0.033311 0.477848
    200 1.799664 -0.000237 -0.000233 -0.027386 0.033311 0.477848
    201 1.799664 -0.000237 -0.000233 -0.027386 0.033311 0.477848
    202 1.799664 -0.000237 -0.000233 -0.027386 0.033311 0.477848
    203 1.900727 0.000557 -0.000072 -0.027386 0.033311 0.477848
    204 0.599884 0.400188 -0.000027 0.000000 0.000000 0.000000
    205 0.599888 0.400187 0.000031 0.000000 0.000000 -3.141592
    206 0.599503 0.400696 0.000235 0.000000 0.000000 0.000000
    207 0.600399 0.399632 -0.000467 0.000000 0.000000 -3.141592
  time 8
    0 0.000000 0.000000 0.000000 0.000000 0.000000 -1.570796
    1 -0.106323 0.000000 -0.000198 0.000000 0.000000 0.000000
    2 0.000000 0.000000 0.000000 0.000000 0.000000 0.000000
    3 -0.904000 0.000000 -11.806000 0.000000 0.000000 0.000000
    4 0.000000 0.000000 -14.313999 0.000000 -1.570796 1.570857
    5 3.533001 0.000000 0.000000 0.000000 0.000000 0.000000
    6 6.250000 0.000000 0.000000 0.000000 0.000000 0.000000
    7 7.589844 6.851563 -1.851563 -1.153277 1.547377 -1.153364
    8 11.554688 8.109375 4.390625 0.044783 -1.073398 -0.039574
    9 5.790726 0.002787 -0.000113 -1.332008 0.269164 -1.812025
    10 5.999492 -0.000592 -4.000343 0.000000 0.000000 0.000000
    11 5.791316 0.002582 0.004799 1.396805 -0.328086 -1.931935
    12 5.999492 -0.000592 4.000336 0.000000 0.000000 0.000000
    13 0.500225 0.000133 -0.000088 0.354161 0.000000 0.000000
    14 11.534559 0.004255 -0.001312 -0.000017 0.000009 -0.714678
    15 -0.829338 0.893824 0.079659 -0.148839 0.047645 0.087266
    16 0.500225 0.000132 0.000076 -0.383268 0.000000 0.000000
    17 11.532495 0.004432 -0.000089 -0.000018 0.000038 -0.630556
    18 -0.829586 0.894698 -0.079464 0.045377 -0.019621 0.087266
    19 10.599884 0.000105 -0.000553 -0.673790 0.000000 0.000036
    20 0.119665 -0.275181 -0.000805 0.000000 0.000011 0.357478
    21 11.042057 -0.000189 0.004704 -0.615627 0.083085 0.433707
    22 -1.214832 0.203470 -0.477489 -0.135025 -0.078677 -0.001289
    23 10.599880 0.000105 0.000549 -0.174714 0.000000 -0.000060
    24 0.096225 -0.282994 0.000801 -0.000012 -0.000059 0.315385
    25 11.041742 0.003171 -0.000571 -0.232444 0.735857 0.034971
    26 -1.063377 0.077663 0.150230 0.045121 0.020046 -0.012850
    27 0.610302 -0.939470 0.070343 -1.654790 -0.083607 -0.180314
    28 0.639940 -0.199121 0.060188 -1.665451 -0.069911 -0.072224
    29 0.600155 1.080261 -0.339535 -1.744017 0.106133 0.045664
    30 0.610207 0.400743 -0.010101 -1.761945 0.010580 0.029090
    31 0.634715 -0.693997 -0.232343 0.292516 0.032171 -1.055378
    32 -0.792125 0.203736 0.461300 1.439074 -0.003453 -0.018305
    33 0.610300 -0.939469 -0.070351 1.655346 0.140043 -0.175616
    34 0.639937 -0.199121 -0.060200 1.659452 0.202532 -0.040416
    35 0.600157 1.080259 0.339531 1.741577 0.106930 0.153597
    36 0.610205 0.400743 0.010086 1.767108 0.146059 0.084219
    37 0.624002 -0.695300 0.232270 -0.833569 -0.423419 -0.888950
    38 -0.626031 -0.069983 -0.080517 -1.447153 0.086151 0.021559
    39 2.621377 -0.006439 -0.001438 0.011560 -0.173774 0.904477
    40 2.656250 0.000106 -0.000829 -0.087665 -0.136083 1.023537
    41 2.202488 0.003368 -0.006769 -0.089474 -0.143191 1.068683
    42 0.599952 0.959240 -0.300102 -0.174544 0.000000 0.000000
    43 2.553283 -0.001967 0.006359 0.000324 -0.126798 1.057992
    44 2.095024 -0.003873 -0.002193 -0.772225 0.061650 0.724374
    45 1.000000 0.000646 -1.041992 -0.000001 0.000000 0.000000
    46 -0.122639 -0.721856 0.661690 -0.486644 0.223964 0.243056
    47 2.622113 -0.004555 0.002741 0.175790 0.536194 0.347531
    48 2.658203 0.000780 0.000160 0.597727 0.336290 1.187863
    49 2.200016 0.001663 0.004743 0.407944 -0.072412 1.427669
    50 0.599951 0.959244 0.300102 0.174544 0.000000 0.000000
    51 2.556570 -0.004291 0.000554 0.402093 0.153016 1.281522
    52 2.103851 0.001708 -0.001014 0.812839 -0.380196 0.541918
    53 0.999374 -0.000237 1.244519 0.292927 0.028391 0.134587
    54 0.310846 -0.606445 -0.498005 0.308107 -0.197598 0.313976
    55 1.869163 -0.000835 -0.000994 -0.000007 0.000004 1.282725
    56 1.200941 0.399582 -0.000237 -0.009465 0.016087 0.007127
    57 0.000586 0.100342 -0.000319 -0.120035 -0.021926 -0.209617
    58 -0.161663 0.051712 0.194808 -2.941982 0.122408 -0.060194
    59 2.010092 -0.007109 -0.003377 -0.000030 0.000048 1.295014
    60 0.000240 0.099802 -0.000395 -0.018823 0.010833 -0.239219
    61 -0.203197 0.048607 0.069150 -3.093332 0.033217 -0.046722
    62 1.180428 -0.006214 0.000780 0.000034 -0.000012 0.672937
    63 -0.000196 0.099625 -0.000034 0.000000 0.000000 -0.314102
    64 -0.088736 -0.688435 -0.145203 2.930407 -0.136130 0.513013
    65 1.712069 -0.003328 0.003818 -0.017151 -0.021125 1.013624
    66 -0.000580 0.100145 -0.000311 -0.010912 0.023129 -0.260841
    67 -0.146030 -0.232426 -0.014225 3.028455 -0.094299 0.113020
    68 1.290632 0.000362 -0.000032 -0.217197 0.036397 -0.332196
    69 -0.658121 -0.003575 0.072645 -0.142711 0.027792 -0.077299
    70 1.868080 -0.003049 0.006083 0.000039 0.000039 1.107570
    71 1.200079 0.399944 -0.000093 0.009465 -0.016087 0.007127
    72 0.000591 0.100342 0.000319 0.120035 0.021926 -0.209617
    73 0.068077 0.002285 -0.080050 3.111376 -0.069366 -0.060847
    74 2.015780 -0.005083 0.006086 -0.000013 -0.000013 1.418003
    75 0.000229 0.099802 0.000395 0.018823 -0.010833 -0.239219
    76 -0.018673 -0.001009 0.047544 3.109244 0.002635 -0.106673
    77 1.178665 0.001595 0.000845 -0.000006 -0.000060 0.723903
    78 -0.000198 0.099628 0.000034 0.000000 0.000000 -0.314102
    79 0.036892 -0.634449 0.266284 -2.801062 0.174301 0.490914
    80 1.704350 -0.002506 -0.004592 0.000074 0.000035 1.086474
    81 -0.000576 0.100136 0.000311 0.010912 -0.023129 -0.260841
    82 -0.003952 -0.281811 0.115047 -3.059162 0.089004 0.167964
    83 1.289627 0.003949 0.000061 0.223751 -0.038947 0.589708
    84 -0.171528 -0.018148 -0.099873 0.013484 -0.062184 -0.011780
    85 0.919922 -0.000299 -0.000417 0.000000 0.000000 0.165533
    86 -0.342617 0.053404 -0.025571 -2.909301 -0.017248 0.075276
    87 1.098633 -0.000424 0.000134 0.000000 0.000000 -0.170004
    88 -0.384983 0.330998 0.006848 -3.087207 -0.018765 -0.184279
    89 0.678146 0.002286 0.000002 -0.000018 -0.000019 0.160459
    90 -0.123848 0.072737 0.029507 2.898184 -0.060627 0.094834
    91 1.017166 -0.000154 -0.000252 -0.000023 -0.000014 -0.068545
    92 -0.344986 0.123129 0.143151 2.994981 0.012396 0.059140
    93 -0.730988 0.177046 0.039141 -0.123731 0.076518 -0.084310
    94 0.925900 0.005205 -0.000896 -0.000002 -0.000011 0.522935
    95 -0.124027 -0.052092 0.038496 3.077813 -0.008519 0.039229
    96 1.100430 -0.003552 0.000503 -0.000006 0.000018 0.880269
    97 -0.330082 0.160641 0.042780 3.128073 0.034033 -0.171236
    98 0.675854 0.005438 0.003272 0.000014 0.000003 1.006567
    99 -0.019516 -0.016531 0.038578 -2.763781 0.050305 0.076828
    100 1.018891 0.001206 0.001121 0.000006 0.000007 1.057717
    101 -0.155312 0.130643 -0.021921 -3.022466 0.022433 -0.024903
    102 -0.252209 0.061937 -0.024914 -0.007671 -0.063171 -0.044392
    103 -0.085991 0.185203 -0.015180 -2.937063 -0.113970 -0.138991
    104 -0.286537 0.179852 0.024264 -3.109353 -0.049645 -0.029915
    105 -0.019489 0.147084 0.079203 2.893815 0.038585 -0.060594
    106 -0.046482 0.251898 0.129548 3.016165 0.077112 -0.042864
    107 0.039120 -0.040298 0.047739 3.084219 0.030470 -0.037414
    108 -0.233757 0.066630 0.001754 -3.133086 0.040141 -0.065413
    109 0.044266 0.020128 0.001684 -2.778763 -0.118872 -0.040488
    110 0.071495 0.074127 -0.048302 -3.035917 -0.059482 0.104366
    111 0.000000 0.000000 0.000000 0.000000 0.000000 -1.570796
    112 13.180090 -0.550798 -4.410291 -0.390409 -0.062087 0.001026
    113 1.414063 0.000000 2.341797 0.000000 0.000000 0.000000
    114 1.194336 0.000004 2.341797 0.000000 0.000000 0.000000
    115 5.597827 8.824488 -8.238533 -0.165060 -0.897771 -1.256333
    116 -0.575999 -0.004000 0.701999 0.000000 0.000000 0.000000
    117 -0.222000 0.000000 2.060996 0.000000 0.000000 0.000000
    118 0.414999 0.000000 0.937998 0.000000 0.000000 0.000000
    119 1.086997 -0.554999 1.709997 0.000000 0.000000 -1.570755
    120 4.654990 0.000000 0.242000 0.000000 0.000000 0.000000
    121 -1.234999 2.354995 -2.038996 -1.607303 0.223150 -0.356359
    122 4.367991 0.000000 0.177000 0.000000 0.000000 0.000000
    123 0.537998 0.000000 -3.214993 0.000000 0.000000 0.000000
    124 -0.126000 0.000000 -1.241997 0.000000 0.000000 0.000000
    125 1.572997 0.000000 2.342995 0.000000 0.000000 0.000000
    126 1.201998 0.000000 2.375995 0.000000 0.000000 0.000000
    127 -1.451998 0.000000 -3.396993 0.000000 0.000000 0.000000
    128 3.451210 0.017000 3.565367 0.000000 0.084419 0.000000
    129 0.000000 0.000000 0.000000 0.000000 0.000000 0.000000
    130 0.745997 0.090000 -0.642999 0.000000 0.000000 0.000000
    131 -0.716000 0.604999 0.624999 0.000000 0.000000 0.000000
    132 2.751994 0.107000 0.669999 0.000000 0.000000 0.000000
    133 3.184993 0.000000 1.365997 0.000000 0.000000 0.000000
    134 0.000000 0.000000 0.000000 0.000000 0.000000 0.000000
    135 -0.106000 0.000000 64.320000 0.000000 0.000000 0.000000
    136 0.000000 0.000000 0.000000 0.000000 0.000000 0.000000
    137 0.000000 0.000000 0.000000 0.000000 0.000000 0.000000
    138 23.359597 -1.057777 6.711489 -0.390383 -0.062023 0.001124
    139 0.106000 0.000000 -64.320000 0.000000 0.000000 0.000000
    140 0.000000 0.000000 0.000000 0.000000 0.000000 0.000000
    141 0.000000 0.000000 -4.867002 -3.141592 0.000000 -3.128591
    142 0.000000 0.000000 4.867000 -3.141592 0.000000 -3.128591
    143 4.000000 -6.500000 0.000000 0.000000 0.000000 0.000977
    144 -6.500000 0.000000 0.000000 0.000000 1.570796 0.000000
    145 1.000088 -0.000029 0.000000 0.000000 0.000000 0.000000
    146 17.162516 -0.000404 0.000000 0.000000 0.000000 0.119214
    147 9.999891 -0.000303 0.000000 0.000000 0.000000 0.000000
    148 1.000088 -0.000029 0.000000 0.000000 0.000000 0.000000
    149 17.162516 -0.000404 0.000000 0.000000 0.000000 0.119214
    150 9.499836 0.000212 0.000000 0.000000 0.000000 0.000000
    151 0.000000 0.000000 0.000000 0.000000 0.000000 0.000000
    152 17.749374 0.295515 0.000000 0.000000 0.000000 -1.158958
    153 0.017889 0.299792 0.000000 0.000000 0.000000 -0.059582
    154 12.283573 1.581456 -4.696000 1.462269 -0.086726 0.090185
    155 17.749376 0.295515 0.000000 0.000000 0.000000 -1.158958
    156 0.017889 0.299792 0.000000 0.000000 0.000000 -0.059582
    157 13.354000 0.000000 0.000000 0.000000 0.000000 -0.294101
    158 4.530998 0.000000 0.000000 0.000000 0.000000 0.000000
    159 0.000000 0.000000 0.000000 0.000000 0.000000 0.000000
    160 5.413524 0.000347 0.000000 0.000000 0.000000 -0.518055
    161 5.413524 0.000347 0.000000 0.000000 0.000000 -0.518055
    162 4.662001 -5.366332 4.825191 1.569713 1.561305 -3.121213
    163 3.116966 -0.000443 0.000000 0.000000 0.000000 0.294101
    164 0.000000 0.000000 0.000000 0.000000 0.000000 0.000000
    165 -0.537999 0.000000 2.587000 0.000000 0.000000 0.000000
    166 -17.362499 23.116329 -51.053129 0.390845 0.057656 0.022500
    167 2.302999 0.000000 0.188000 0.000000 0.000000 0.000000
    168 6.748000 0.000000 0.546000 0.000000 0.000000 0.000000
    169 3.512001 -3.547000 -1.066000 0.000000 1.570796 0.000000
    170 3.456001 -3.517000 1.169000 0.000000 1.570796 0.000000
    171 6.233002 0.000000 0.000000 0.000000 0.000000 0.000000
    172 -0.171997 -0.106000 -0.902000 1.570713 1.029176 -3.134550
    173 6.241997 -6.380000 0.000000 0.000000 0.000000 0.000000
    174 3.999434 -0.000526 -0.000332 -0.336950 0.000000 0.000048
    175 3.999901 0.000041 0.001011 -0.087346 0.000000 0.000000
    176 1.598000 0.000000 0.000000 0.000000 0.000000 0.000000
    177 -1.145525 0.000130 0.000668 0.000000 0.000000 0.000000
    178 2.299679 -2.499979 -0.599480 0.892008 0.221506 -0.527246
    179 10.098688 -3.054417 1.288986 1.608640 -0.348087 -0.236250
    180 -9.580679 -27.862114 -37.184673 0.812879 -0.123459 -0.568477
    181 0.649933 -0.548295 0.093651 -1.665913 -0.131399 -0.112062
    182 0.657076 0.008402 0.040371 -1.665945 -0.131407 -0.000013
    183 0.665774 0.747222 -0.029186 -1.665935 -0.131408 0.094976
    184 2.300138 -2.499413 0.600155 -0.892033 -0.221495 -0.527242
    185 11.382039 1.378774 3.523220 1.871077 -0.298180 0.208249
    186 2.762350 0.116950 1.523975 1.629482 0.064153 1.743800
    187 7.228323 7.928203 -3.925648 2.328713 0.123459 -0.568477
    188 0.650394 -0.547731 -0.092979 1.665913 0.131399 -0.112062
    189 0.657068 0.008396 -0.040379 1.665945 0.131407 -0.000013
    190 0.665772 0.747219 0.029182 1.665935 0.131408 0.094976
    191 -4.481003 -0.202000 0.000000 0.000000 0.000000 0.000000
    192 -5.516998 -0.291000 -0.001000 0.000000 0.000000 0.000000
    193 -0.857697 0.104072 0.104679 0.023536 0.163924 0.013632
    194 1.899121 0.000423 -0.000439 0.027386 -0.033311 0.477848
    195 1.799660 -0.000233 0.000231 0.027386 -0.033311 0.477848
    196 1.799660 -0.000233 0.000231 0.027386 -0.033311 0.477848
    197 1.799660 -0.000233 0.000231 0.027386 -0.033311 0.477848
    198 1.900310 -0.000137 -0.000517 0.027386 -0.033311 0.477848
    199 1.899435 -0.000317 -0.000150 -0.027386 0.033311 0.477848
    200 1.799664 -0.000237 -0.000233 -0.027386 0.033311 0.477848
    201 1.799664 -0.000237 -0.000233 -0.027386 0.033311 0.477848
    202 1.799664 -0.000237 -0.000233 -0.027386 0.033311 0.477848
    203 1.900727 0.000557 -0.000072 -0.027386 0.033311 0.477848
    204 0.599884 0.400188 -0.000027 0.000000 0.000000 0.000000
    205 0.599888 0.400187 0.000031 0.000000 0.000000 -3.141592
    206 0.599503 0.400696 0.000235 0.000000 0.000000 0.000000
    207 0.600399 0.399632 -0.000467 0.000000 0.000000 -3.141592
end
