// Created by Crowbar 0.74
version 1
nodes
  0 "tag_origin" -1
  1 "tag_view" 0
  2 "tag_ads" 1
  3 "tag_torso" 2
  4 "j_mainroot" 3
  5 "j_spinelower" 4
  6 "j_spineupper" 5
  7 "j_clavicle_le" 6
  8 "j_clavicle_ri" 6
  9 "j_shoulder_le" 7
  10 "j_teres_le" 7
  11 "j_shoulder_ri" 8
  12 "j_teres_ri" 8
  13 "j_shouldertwist_le" 9
  14 "j_elbow_le" 9
  15 "ValveBiped.Bip01_L_UpperArm" 9
  16 "j_shouldertwist_ri" 11
  17 "j_elbow_ri" 11
  18 "ValveBiped.Bip01_R_UpperArm" 11
  19 "j_wristfronttwist1_le" 14
  20 "j_elbowdq_le" 14
  21 "j_wrist_le" 14
  22 "ValveBiped.Bip01_L_Forearm" 14
  23 "j_wristfronttwist1_ri" 17
  24 "j_elbowdq_ri" 17
  25 "j_wrist_ri" 17
  26 "ValveBiped.Bip01_R_Forearm" 17
  27 "j_metaindex_le_1" 21
  28 "j_metamid_le_1" 21
  29 "j_metapinky_le_1" 21
  30 "j_metaring_le_1" 21
  31 "j_thumb_le_1" 21
  32 "ValveBiped.Bip01_L_Hand" 21
  33 "j_metaindex_ri_1" 25
  34 "j_metamid_ri_1" 25
  35 "j_metapinky_ri_1" 25
  36 "j_metaring_ri_1" 25
  37 "j_thumb_ri_1" 25
  38 "ValveBiped.Bip01_R_Hand" 25
  39 "j_index_le_1" 27
  40 "j_mid_le_1" 28
  41 "j_pinky_le_1" 29
  42 "j_webbing_le_3" 29
  43 "j_ring_le_1" 30
  44 "j_thumb_le_2" 31
  45 "j_webbing_le_2" 31
  46 "ValveBiped.Bip01_L_Finger0" 31
  47 "j_index_ri_1" 33
  48 "j_mid_ri_1" 34
  49 "j_pinky_ri_1" 35
  50 "j_webbing_ri_3" 35
  51 "j_ring_ri_1" 36
  52 "j_thumb_ri_2" 37
  53 "j_webbing_ri_2" 37
  54 "ValveBiped.Bip01_R_Finger0" 37
  55 "j_index_le_2" 39
  56 "j_indexbulge_le_1" 39
  57 "j_proc_index_le_1" 39
  58 "ValveBiped.Bip01_L_Finger1" 39
  59 "j_mid_le_2" 40
  60 "j_proc_mid_le_1" 40
  61 "ValveBiped.Bip01_L_Finger2" 40
  62 "j_pinky_le_2" 41
  63 "j_proc_pinky_le_1" 41
  64 "ValveBiped.Bip01_L_Finger4" 41
  65 "j_ring_le_2" 43
  66 "j_proc_ring_le_1" 43
  67 "ValveBiped.Bip01_L_Finger3" 43
  68 "j_thumb_le_3" 44
  69 "ValveBiped.Bip01_L_Finger01" 44
  70 "j_index_ri_2" 47
  71 "j_indexbulge_ri_1" 47
  72 "j_proc_index_ri_1" 47
  73 "ValveBiped.Bip01_R_Finger1" 47
  74 "j_mid_ri_2" 48
  75 "j_proc_mid_ri_1" 48
  76 "ValveBiped.Bip01_R_Finger2" 48
  77 "j_pinky_ri_2" 49
  78 "j_proc_pinky_ri_1" 49
  79 "ValveBiped.Bip01_R_Finger4" 49
  80 "j_ring_ri_2" 51
  81 "j_proc_ring_ri_1" 51
  82 "ValveBiped.Bip01_R_Finger3" 51
  83 "j_thumb_ri_3" 52
  84 "ValveBiped.Bip01_R_Finger01" 52
  85 "j_index_le_3" 55
  86 "ValveBiped.Bip01_L_Finger11" 55
  87 "j_mid_le_3" 59
  88 "ValveBiped.Bip01_L_Finger21" 59
  89 "j_pinky_le_3" 62
  90 "ValveBiped.Bip01_L_Finger41" 62
  91 "j_ring_le_3" 65
  92 "ValveBiped.Bip01_L_Finger31" 65
  93 "ValveBiped.Bip01_L_Finger02" 68
  94 "j_index_ri_3" 70
  95 "ValveBiped.Bip01_R_Finger11" 70
  96 "j_mid_ri_3" 74
  97 "ValveBiped.Bip01_R_Finger21" 74
  98 "j_pinky_ri_3" 77
  99 "ValveBiped.Bip01_R_Finger41" 77
  100 "j_ring_ri_3" 80
  101 "ValveBiped.Bip01_R_Finger31" 80
  102 "ValveBiped.Bip01_R_Finger02" 83
  103 "ValveBiped.Bip01_L_Finger12" 85
  104 "ValveBiped.Bip01_L_Finger22" 87
  105 "ValveBiped.Bip01_L_Finger42" 89
  106 "ValveBiped.Bip01_L_Finger32" 91
  107 "ValveBiped.Bip01_R_Finger12" 94
  108 "ValveBiped.Bip01_R_Finger22" 96
  109 "ValveBiped.Bip01_R_Finger42" 98
  110 "ValveBiped.Bip01_R_Finger32" 100
  111 "ValveBiped.Anim_Attachment_RH" -1
  112 "tag_pistol_offset" 111
  113 "j_gun" -1
  114 "tag_align_gun" 112
  115 "tag_barrel_attach" 112
  116 "tag_brass" 112
  117 "tag_laser_attach" 112
  118 "tag_mag_attach" 112
  119 "tag_stock_attach" 112
  120 "j_trigger" 119
  121 "tag_trigger_hide" 120
  122 "j_golf21_magrel" 112
  123 "tag_sync" 0
  124 "tag_camera_scripted" 0
  125 "tag_cambone" 1
  126 "tag_camera" 125
  127 "tag_weapon" 3
  128 "tag_player" 126
  129 "tag_playerhelmet" 126
  130 "j_hip_le" 4
  131 "j_hip_ri" 4
  132 "j_groinprotector" 4
  133 "j_crotch" 4
  134 "j_hiptwist_le" 130
  135 "j_knee_le" 130
  136 "j_hip_proc_le" 130
  137 "j_hiptwist_ri" 131
  138 "j_knee_ri" 131
  139 "j_hip_proc_ri" 131
  140 "j_proc_spinelower" 5
  141 "j_ankle_le" 135
  142 "j_kneedq_le" 135
  143 "tag_stowed_thigh" 137
  144 "j_ankle_ri" 138
  145 "j_kneedq_ri" 138
  146 "j_neck" 6
  147 "j_spine4" 6
  148 "j_proc_spineupper" 6
  149 "j_ball_le" 141
  150 "j_ball_ri" 144
  151 "tag_carry_attach" 7
  152 "j_head" 146
  153 "j_chest" 147
  154 "j_barrel" 115
  155 "j_slide" 115
  156 "j_mag1" 118
  157 "j_mag2" 118
  158 "j_eyeball_le" 152
  159 "j_eyeball_ri" 152
  160 "j_head_end" 152
  161 "j_jaw" 152
  162 "j_nvg" 152
  163 "tag_flash" 154
  164 "tag_reflex" 155
  165 "tag_scope" 155
  166 "tag_sight_on" 155
  167 "j_bullet" 156
  168 "j_shield_le" 14
  169 "j_shield_ri" 17
  170 "j_helmet" 160
  171 "j_proc_wristfronttwist1_le" 19
  172 "j_webbing_le_1" 21
  173 "tag_weapon_left" 21
  174 "tag_accessory_left" 21
  175 "j_proc_metaindex_le_1" 21
  176 "j_proc_metaknuckle_le_1" 21
  177 "j_proc_metapinky_le_1" 21
  178 "j_webbing_ri_1" 25
  179 "tag_weapon_right" 25
  180 "tag_knife_attach2" 25
  181 "tag_accessory_right" 25
  182 "j_proc_metaindex_ri_1" 25
  183 "j_proc_metaknuckle_ri_1" 25
  184 "j_proc_metapinky_ri_1" 25
  185 "j_visor" 170
  186 "j_visor_inner" 170
  187 "tag_wrist_attach_le" 171
  188 "j_proc_metaindex_le_2" 175
  189 "j_proc_knuckle_le_1" 176
  190 "j_proc_idle_knuckle_le_1" 176
  191 "j_proc_orient_knuckle_le_1" 176
  192 "j_proc_metapinky_le_2" 177
  193 "j_proc_metaindex_ri_2" 182
  194 "j_proc_knuckle_ri_1" 183
  195 "j_proc_idle_knuckle_ri_1" 183
  196 "j_proc_orient_knuckle_ri_1" 183
  197 "j_proc_metapinky_ri_2" 184
  198 "j_thumb_le_4" 68
  199 "j_thumb_ri_4" 83
  200 "j_index_le_4" 85
  201 "j_index_ri_4" 94
end
skeleton
  time 0
    0 0.000000 0.000000 0.000000 0.000000 0.000000 -1.570796
    1 -0.106323 0.000000 -0.000198 0.000000 0.000000 0.000000
    2 0.000000 0.000000 0.000000 0.000000 0.000000 0.000000
    3 -0.904000 0.000000 -11.806000 0.000000 0.000000 0.000000
    4 0.000000 0.000000 -14.313999 0.000000 -1.570796 1.570857
    5 3.533001 0.000000 0.000000 0.000000 0.000000 0.000000
    6 6.250000 0.000000 0.000000 0.000000 0.000000 0.000000
    7 9.568951 1.921959 -1.819016 -0.161306 1.437249 -0.160166
    8 9.562500 1.924805 1.815430 0.098301 -1.350314 -0.096174
    9 5.790726 0.002787 -0.000113 -0.867632 0.358912 -1.707295
    10 5.999492 -0.000592 -4.000343 0.000000 0.000000 0.000000
    11 5.791316 0.002582 0.004799 0.988230 -0.658968 -1.294456
    12 5.999492 -0.000592 4.000336 0.000000 0.000000 0.000000
    13 0.500225 0.000133 -0.000088 0.005709 0.000000 0.000060
    14 11.534559 0.004255 -0.001312 -0.000005 0.000009 -1.242510
    15 -0.829338 0.893824 0.079659 -0.148839 0.047645 0.087266
    16 0.500225 0.000132 0.000076 -0.177235 0.000000 0.000000
    17 11.532495 0.004432 -0.000089 0.000006 -0.000022 -1.700377
    18 -0.829586 0.894698 -0.079464 0.045377 -0.019621 0.087266
    19 10.599884 0.000105 -0.000553 -1.093324 0.000000 0.000000
    20 0.244669 -0.349402 -0.000805 0.000000 0.000011 0.621312
    21 11.042057 0.003717 0.004704 -0.845478 -0.112751 1.084035
    22 -1.214832 0.203470 -0.477489 -0.135025 -0.078677 -0.001289
    23 10.599880 0.000105 0.000549 0.525102 -0.000072 0.000036
    24 0.600147 -0.525188 0.000801 -0.000036 -0.000047 0.850161
    25 11.041742 0.003171 -0.000571 0.408833 0.193720 0.833675
    26 -1.063377 0.077663 0.150230 0.045121 0.020046 -0.012850
    27 0.610302 -0.939470 0.070343 -1.654790 -0.083571 -0.180446
    28 0.639940 -0.199121 0.060188 -1.665451 -0.069863 -0.072271
    29 0.600155 1.080261 -0.339535 -1.744070 0.106216 0.045568
    30 0.610207 0.400743 -0.010101 -1.761945 0.010556 0.028922
    31 0.634715 -0.693997 -0.232343 0.059931 -0.073969 -0.756778
    32 -0.792125 0.203736 0.461300 1.439074 -0.003453 -0.018305
    33 0.610300 -0.939469 -0.070351 1.655346 0.139983 -0.175592
    34 0.639937 -0.199121 -0.060200 1.671196 0.183129 -0.036725
    35 0.600157 1.080259 0.339531 1.741577 0.106882 0.153633
    36 0.610205 0.400743 0.010086 1.766570 0.125865 0.080264
    37 0.624002 -0.695300 0.232270 -0.769700 -0.597180 -0.932719
    38 -0.626031 -0.069983 -0.080517 -1.447153 0.086151 0.021559
    39 2.625284 -0.002532 -0.001438 -0.430275 -0.140803 0.893634
    40 2.664743 0.000397 -0.000071 -0.298847 0.030172 1.083906
    41 2.206394 0.003368 -0.006769 -0.280550 0.067875 0.963258
    42 0.599952 0.959240 -0.300102 -0.174544 0.000000 0.000000
    43 2.553283 -0.005873 0.002453 -0.193028 0.063218 1.091356
    44 2.095024 0.000033 -0.002193 -0.235241 0.301195 0.566325
    45 0.999380 -0.000236 -1.240621 -0.000001 0.000000 0.000000
    46 -0.122639 -0.721856 0.661690 -0.486644 0.223964 0.243056
    47 2.622113 -0.000648 0.002741 0.031041 0.424650 0.103349
    48 2.654002 0.004589 -0.000533 0.322092 0.240102 1.085218
    49 2.200016 0.001663 0.000836 0.262942 -0.039538 1.072938
    50 0.599951 0.959244 0.300102 0.174544 0.000000 0.000000
    51 2.556570 -0.004291 0.000554 0.263791 0.129503 1.165899
    52 2.103851 0.005614 -0.001014 0.452227 -0.377140 0.758709
    53 0.999374 -0.000237 1.307021 0.000000 0.000000 -0.070625
    54 0.310846 -0.606445 -0.498005 0.308107 -0.197598 0.313976
    55 1.873069 -0.004741 -0.004901 -0.000007 0.000004 0.840532
    56 1.200941 0.399582 -0.000237 -0.009465 0.016087 0.007127
    57 0.000586 0.100342 -0.000319 -0.120035 -0.021926 -0.209617
    58 -0.161663 0.051712 0.194808 -2.941982 0.122408 -0.060194
    59 2.010092 -0.003202 -0.003377 0.000018 0.000013 0.871112
    60 0.000240 0.099802 -0.000395 -0.018823 0.010833 -0.239219
    61 -0.203197 0.048607 0.069150 -3.093332 0.033217 -0.046722
    62 1.180428 -0.006214 0.000780 -0.000014 0.000012 0.586083
    63 -0.000196 0.099625 -0.000034 0.000000 0.000000 -0.314102
    64 -0.088736 -0.688435 -0.145203 2.930407 -0.136130 0.513013
    65 1.712069 0.000578 0.003818 0.000023 -0.000021 0.699823
    66 -0.000580 0.100145 -0.000311 -0.010912 0.023129 -0.260841
    67 -0.146030 -0.232426 -0.014225 3.028455 -0.094299 0.113020
    68 1.290632 0.000362 -0.000032 0.000000 -0.000060 -0.148127
    69 -0.658121 -0.003575 0.072645 -0.142711 0.027792 -0.077299
    70 1.868080 -0.003049 0.006083 0.000003 -0.000021 1.126010
    71 1.200079 0.399944 -0.000093 0.009465 -0.016087 0.007127
    72 0.000591 0.100342 0.000319 0.120035 0.021926 -0.209617
    73 0.068077 0.002285 -0.080050 3.111376 -0.069366 -0.060847
    74 2.011874 -0.005083 0.006086 -0.000013 -0.000013 1.297740
    75 0.000229 0.099802 0.000395 0.018823 -0.010833 -0.239219
    76 -0.018673 -0.001009 0.047544 3.109244 0.002635 -0.106673
    77 1.178665 0.001595 0.000845 0.000000 0.000000 0.669112
    78 -0.000198 0.099628 0.000034 0.000000 0.000000 -0.314102
    79 0.036892 -0.634449 0.266284 -2.801062 0.174301 0.490914
    80 1.708256 -0.002506 -0.004592 -0.000034 -0.000037 1.003540
    81 -0.000576 0.100136 0.000311 0.010914 -0.023129 -0.260841
    82 -0.003952 -0.281811 0.115047 -3.059162 0.089004 0.167964
    83 1.289627 0.003949 0.000061 0.000046 -0.000009 0.465439
    84 -0.171528 -0.018148 -0.099873 0.013484 -0.062184 -0.011780
    85 0.912716 0.007240 0.001326 0.000042 0.000069 0.969825
    86 -0.342617 0.053404 -0.025571 -2.909301 -0.017248 0.075276
    87 1.100231 -0.000930 -0.002434 0.000009 0.000014 0.424742
    88 -0.384983 0.330998 0.006848 -3.087207 -0.018765 -0.184279
    89 0.678146 0.006192 0.000002 -0.000018 -0.000019 0.367613
    90 -0.123848 0.072737 0.029507 2.898184 -0.060627 0.094834
    91 1.017166 -0.000154 -0.000252 -0.000035 -0.000074 0.382241
    92 -0.344986 0.123129 0.143151 2.994981 0.012396 0.059140
    93 -0.730988 0.177046 0.039141 -0.123731 0.076518 -0.084310
    94 0.925900 0.001298 -0.000896 -0.000002 -0.000011 0.484913
    95 -0.124027 -0.052092 0.038496 3.077813 -0.008519 0.039229
    96 1.100430 -0.007458 0.000503 -0.000006 0.000018 0.904156
    97 -0.330082 0.160641 0.042780 3.128073 0.034033 -0.171236
    98 0.675854 0.005438 0.003272 0.000014 0.000003 0.945911
    99 -0.019516 -0.016531 0.038578 -2.763781 0.050305 0.076828
    100 1.014985 0.005113 0.001121 0.000006 0.000007 0.984562
    101 -0.155312 0.130643 -0.021921 -3.022466 0.022433 -0.024903
    102 -0.252209 0.061937 -0.024914 -0.007671 -0.063171 -0.044392
    103 -0.085991 0.185203 -0.015180 -2.937063 -0.113970 -0.138991
    104 -0.286537 0.179852 0.024264 -3.109353 -0.049645 -0.029915
    105 -0.019489 0.147084 0.079203 2.893815 0.038585 -0.060594
    106 -0.046482 0.251898 0.129548 3.016165 0.077112 -0.042864
    107 0.039120 -0.040298 0.047739 3.084219 0.030470 -0.037414
    108 -0.233757 0.066630 0.001754 -3.133086 0.040141 -0.065413
    109 0.044266 0.020128 0.001684 -2.778763 -0.118872 -0.040488
    110 0.071495 0.074127 -0.048302 -3.035917 -0.059482 0.104366
    111 0.000000 0.000000 0.000000 0.000000 0.000000 -1.570796
    112 15.230934 -3.617298 -2.664144 0.004094 0.003465 0.000000
    113 -3.785272 8.332286 -0.460952 0.547616 -0.769040 -1.514187
    114 -1.541997 0.000000 1.809996 0.000000 0.000000 0.000000
    115 5.560989 0.000000 1.164998 0.000000 0.000000 0.000000
    116 1.770997 -0.313999 1.249997 0.000000 0.000000 -1.570817
    117 3.817992 0.000000 -0.014000 0.000000 0.000000 0.000000
    118 -0.469999 0.000000 -3.436993 0.000000 0.000000 0.000000
    119 -2.237996 0.000000 -3.187994 0.000000 0.000000 0.000000
    120 3.318993 0.000000 3.457993 0.000000 -0.159215 0.000000
    121 0.000000 0.000000 0.000000 0.000000 0.000000 0.000000
    122 0.532999 0.510999 -0.840998 0.000000 0.000000 0.000000
    123 0.000000 0.000000 0.000000 0.000000 0.000000 0.000000
    124 -0.106000 0.000000 64.320000 0.000000 0.000000 0.000000
    125 0.000000 0.000000 0.000000 0.000000 0.000000 0.000000
    126 0.000000 0.000000 0.000000 0.000000 0.000000 0.000000
    127 25.027304 -3.614649 7.900919 0.004171 0.003470 0.000048
    128 0.106000 0.000000 -64.320000 0.000000 0.000000 0.000000
    129 0.000000 0.000000 0.000000 0.000000 0.000000 0.000000
    130 0.000000 0.000000 -4.867002 -3.141592 0.000000 -3.128591
    131 0.000000 0.000000 4.867000 -3.141592 0.000000 -3.128591
    132 4.000000 -6.500000 0.000000 0.000000 0.000000 0.000977
    133 -6.500000 0.000000 0.000000 0.000000 1.570796 0.000000
    134 1.000088 -0.000029 0.000000 0.000000 0.000000 0.000000
    135 17.162516 -0.000404 0.000000 0.000000 0.000000 0.119214
    136 9.999891 -0.000303 0.000000 0.000000 0.000000 0.000000
    137 1.000088 -0.000029 0.000000 0.000000 0.000000 0.000000
    138 17.162516 -0.000404 0.000000 0.000000 0.000000 0.119214
    139 9.499836 0.000212 0.000000 0.000000 0.000000 0.000000
    140 0.000000 0.000000 0.000000 0.000000 0.000000 0.000000
    141 17.749374 0.295515 0.000000 0.000000 0.000000 -1.158958
    142 0.017889 0.299792 0.000000 0.000000 0.000000 -0.059582
    143 12.283573 1.581456 -4.696000 1.462269 -0.086726 0.090185
    144 17.749376 0.295515 0.000000 0.000000 0.000000 -1.158958
    145 0.017889 0.299792 0.000000 0.000000 0.000000 -0.059582
    146 13.354000 0.000000 0.000000 0.000000 0.000000 -0.294101
    147 4.530998 0.000000 0.000000 0.000000 0.000000 0.000000
    148 0.000000 0.000000 0.000000 0.000000 0.000000 0.000000
    149 5.413524 0.000347 0.000000 0.000000 0.000000 -0.518055
    150 5.413524 0.000347 0.000000 0.000000 0.000000 -0.518055
    151 4.662001 -5.366332 4.825191 1.569715 1.561305 -3.121216
    152 3.116966 -0.000443 0.000000 0.000000 0.000000 0.294101
    153 4.531197 0.000000 0.000000 0.000000 0.000000 0.000000
    154 -2.154195 0.003000 0.266281 0.000000 -0.078367 0.000000
    155 -5.658181 0.003000 0.015000 0.000000 0.000000 0.000000
    156 -0.024000 0.000000 3.200000 0.000000 0.305263 0.000000
    157 -14.535298 3.521054 -58.278733 -0.004301 -0.003358 0.000000
    158 3.512001 -3.547000 -1.066000 0.000000 1.570796 0.000000
    159 3.456001 -3.517000 1.169000 0.000000 1.570796 0.000000
    160 6.233002 0.000000 0.000000 0.000000 0.000000 0.000000
    161 -0.171997 -0.106000 -0.902000 1.570713 1.029176 -3.134550
    162 6.241997 -6.380000 0.000000 0.000000 0.000000 0.000000
    163 1.947000 -0.003000 -0.278000 0.000000 0.000000 0.000000
    164 -2.941000 -0.003000 0.381000 0.000000 0.000000 0.000000
    165 -2.941000 -0.003000 0.381000 0.000000 0.000000 0.000000
    166 -0.070000 -0.003000 0.481000 0.000000 0.000000 0.000000
    167 -0.002780 0.000000 0.017476 -0.000012 -0.382522 0.000060
    168 3.999434 -0.000527 -0.000332 -0.546669 0.000000 0.000000
    169 3.999901 0.000038 0.001011 0.262543 0.000000 -0.000048
    170 1.598000 0.000000 0.000000 0.000000 0.000000 0.000000
    171 -1.145525 0.000130 0.000668 0.000000 0.000000 0.000000
    172 2.299679 -2.499979 -0.599480 0.891980 0.221489 -0.527302
    173 10.944479 -3.191439 -0.332344 1.597557 -0.146650 -0.183990
    174 -9.580671 -27.862106 -37.184677 0.812879 -0.123459 -0.568477
    175 0.649933 -0.548295 0.093651 -1.665913 -0.131399 -0.112062
    176 0.657074 0.008402 0.040371 -1.665945 -0.131407 -0.000013
    177 0.665776 0.747221 -0.029190 -1.665935 -0.131408 0.094976
    178 2.300139 -2.499413 0.600159 -0.891967 -0.221464 -0.527285
    179 12.187820 1.068084 0.992054 1.811734 -0.001386 0.197602
    180 2.762350 0.116951 1.523975 1.629482 0.064153 1.743800
    181 7.228317 7.928197 -3.925652 2.328713 0.123459 -0.568477
    182 0.650394 -0.547730 -0.092979 1.665913 0.131399 -0.112062
    183 0.657069 0.008398 -0.040379 1.665945 0.131407 -0.000013
    184 0.665775 0.747221 0.029179 1.665935 0.131408 0.094976
    185 -4.481003 -0.202000 0.000000 0.000000 0.000000 0.000000
    186 -5.516998 -0.291000 -0.001000 0.000000 0.000000 0.000000
    187 -0.857700 0.104071 0.104683 0.023536 0.163924 0.013632
    188 1.899119 0.000423 -0.000439 0.027386 -0.033311 0.477848
    189 1.799661 -0.000233 0.000231 0.027386 -0.033311 0.477848
    190 1.799661 -0.000233 0.000231 0.027386 -0.033311 0.477848
    191 1.799661 -0.000233 0.000231 0.027386 -0.033311 0.477848
    192 1.900310 -0.000137 -0.000517 0.027386 -0.033311 0.477848
    193 1.899435 -0.000317 -0.000150 -0.027386 0.033311 0.477848
    194 1.799662 -0.000240 -0.000233 -0.027386 0.033311 0.477848
    195 1.799662 -0.000240 -0.000233 -0.027386 0.033311 0.477848
    196 1.799662 -0.000240 -0.000233 -0.027386 0.033311 0.477848
    197 1.900729 0.000553 -0.000072 -0.027386 0.033311 0.477848
    198 0.599884 0.400187 -0.000031 0.000000 0.000000 0.000000
    199 0.599886 0.400185 0.000034 0.000000 0.000000 -3.141592
    200 0.599503 0.400694 0.000234 0.000000 0.000000 0.000000
    201 0.600029 -0.000020 -0.000019 0.000000 0.000000 -3.141592
  time 1
    0 0.000000 0.000000 0.000000 0.000000 0.000000 -1.570796
    1 -0.106323 0.000000 -0.000198 0.000000 0.000000 0.000000
    2 0.000000 0.000000 0.000000 0.000000 0.000000 0.000000
    3 -0.904000 0.000000 -11.806000 0.000000 0.000000 0.000000
    4 0.000000 0.000000 -14.313999 0.000000 -1.570796 1.570857
    5 3.533001 0.000000 0.000000 0.000000 0.000000 0.000000
    6 6.250000 0.000000 0.000000 0.000000 0.000000 0.000000
    7 9.568951 1.921959 -1.819016 -0.161306 1.437249 -0.160166
    8 9.562500 1.924805 1.815430 0.098301 -1.350314 -0.096174
    9 5.790726 0.002787 -0.000113 -0.878237 0.439883 -1.704878
    10 5.999492 -0.000592 -4.000343 0.000000 0.000000 0.000000
    11 5.791316 0.002582 0.004799 0.985693 -0.662210 -1.289831
    12 5.999492 -0.000592 4.000336 0.000000 0.000000 0.000000
    13 0.500225 0.000133 -0.000088 0.001879 0.000000 -0.000060
    14 11.534559 0.000348 -0.001312 -0.000017 0.000021 -1.186560
    15 -0.829338 0.893824 0.079659 -0.148839 0.047645 0.087266
    16 0.500225 0.000132 0.000076 -0.176276 0.000000 0.000000
    17 11.532495 0.000526 -0.000089 0.000054 -0.000058 -1.708104
    18 -0.829586 0.894698 -0.079464 0.045377 -0.019621 0.087266
    19 10.599884 0.000105 -0.000553 -1.070930 0.000036 -0.000012
    20 0.221231 -0.329870 -0.000805 0.000000 0.000011 0.593324
    21 11.042057 0.003717 0.000798 -0.954142 -0.156367 0.948975
    22 -1.214832 0.203470 -0.477489 -0.135025 -0.078677 -0.001289
    23 10.599880 0.000105 0.000549 0.516123 0.000000 0.000000
    24 0.604053 -0.525188 0.000801 -0.000024 -0.000047 0.855113
    25 11.041742 0.003171 -0.000571 0.398765 0.191250 0.837019
    26 -1.063377 0.077663 0.150230 0.045121 0.020046 -0.012850
    27 0.610302 -0.939470 0.070343 -1.668126 -0.136735 -0.173183
    28 0.639940 -0.199121 0.060188 -1.665858 -0.123254 -0.067166
    29 0.600155 1.080261 -0.339535 -1.740887 0.053364 0.054833
    30 0.610207 0.400743 -0.010101 -1.762161 -0.042105 0.039229
    31 0.634715 -0.693997 -0.232343 0.037568 -0.135297 -0.848376
    32 -0.792125 0.203736 0.461300 1.439074 -0.003453 -0.018305
    33 0.610300 -0.939469 -0.070351 1.655295 0.145100 -0.175196
    34 0.639937 -0.199121 -0.060200 1.671196 0.183129 -0.036749
    35 0.600157 1.080259 0.339531 1.741630 0.106882 0.153633
    36 0.610205 0.400743 0.010086 1.766570 0.125865 0.080252
    37 0.624002 -0.695300 0.232270 -0.769666 -0.592477 -0.946129
    38 -0.626031 -0.069983 -0.080517 -1.447153 0.086151 0.021559
    39 2.621377 -0.002532 -0.001438 -0.377127 -0.140938 0.651325
    40 2.664743 0.000397 -0.000071 -0.285057 -0.020990 0.851901
    41 2.206394 0.003368 -0.006769 -0.209793 0.001742 0.665768
    42 0.599952 0.959240 -0.300102 -0.174544 0.000000 0.000000
    43 2.557190 -0.005873 0.006359 -0.123935 0.038805 0.868514
    44 2.095024 0.000033 -0.002193 -0.247585 0.284338 0.524299
    45 0.999380 -0.000236 -1.162493 -0.000001 0.000000 0.000000
    46 -0.122639 -0.721856 0.661690 -0.486644 0.223964 0.243056
    47 2.622113 -0.000648 0.002741 0.035741 0.422974 0.009262
    48 2.654002 0.004589 -0.000533 0.322092 0.240102 1.085196
    49 2.200016 0.001663 0.000836 0.262942 -0.039550 1.072938
    50 0.599951 0.959244 0.300102 0.174544 0.000000 0.000000
    51 2.556570 -0.000385 0.000554 0.263791 0.129503 1.165899
    52 2.103851 0.005614 -0.001014 0.488922 -0.344362 0.650251
    53 0.999374 -0.000237 1.299209 0.000000 0.000000 -0.070625
    54 0.310846 -0.606445 -0.498005 0.308107 -0.197598 0.313976
    55 1.869163 -0.004741 -0.000994 -0.000031 -0.000044 0.707147
    56 1.200941 0.399582 -0.000237 -0.009465 0.016087 0.007127
    57 0.000586 0.100342 -0.000319 -0.120035 -0.021926 -0.209617
    58 -0.161663 0.051712 0.194808 -2.941982 0.122408 -0.060194
    59 2.010092 -0.007109 -0.003377 0.000077 -0.000011 0.808199
    60 0.000240 0.099802 -0.000395 -0.018823 0.010833 -0.239219
    61 -0.203197 0.048607 0.069150 -3.093332 0.033217 -0.046722
    62 1.180428 -0.006214 0.000780 -0.000026 -0.000048 0.620061
    63 -0.000196 0.099625 -0.000034 0.000000 0.000000 -0.314102
    64 -0.088736 -0.688435 -0.145203 2.930407 -0.136130 0.513013
    65 1.712069 -0.003328 0.003818 0.000023 -0.000021 0.713326
    66 -0.000580 0.100145 -0.000311 -0.010912 0.023129 -0.260841
    67 -0.146030 -0.232426 -0.014225 3.028455 -0.094299 0.113020
    68 1.290632 0.000362 -0.000032 0.000000 0.000000 -0.236490
    69 -0.658121 -0.003575 0.072645 -0.142711 0.027792 -0.077299
    70 1.868080 -0.003049 0.006083 -0.000033 -0.000033 1.129450
    71 1.200079 0.399944 -0.000093 0.009465 -0.016087 0.007127
    72 0.000591 0.100342 0.000319 0.120035 0.021926 -0.209617
    73 0.068077 0.002285 -0.080050 3.111376 -0.069366 -0.060847
    74 2.011874 -0.005083 0.006086 -0.000013 -0.000025 1.297769
    75 0.000229 0.099802 0.000395 0.018823 -0.010833 -0.239219
    76 -0.018673 -0.001009 0.047544 3.109244 0.002635 -0.106673
    77 1.178665 0.001595 0.000845 0.000000 0.000000 0.669112
    78 -0.000198 0.099628 0.000034 0.000000 0.000000 -0.314102
    79 0.036892 -0.634449 0.266284 -2.801062 0.174301 0.490914
    80 1.708256 -0.002506 -0.004592 -0.000046 -0.000037 1.003540
    81 -0.000576 0.100136 0.000311 0.010914 -0.023129 -0.260841
    82 -0.003952 -0.281811 0.115047 -3.059162 0.089004 0.167964
    83 1.289627 0.007855 0.000061 -0.000014 0.000003 0.382032
    84 -0.171528 -0.018148 -0.099873 0.013484 -0.062184 -0.011780
    85 0.912716 0.007240 0.001326 -0.000005 -0.000039 0.879961
    86 -0.342617 0.053404 -0.025571 -2.909301 -0.017248 0.075276
    87 1.100231 -0.000930 -0.002434 0.000009 0.000014 0.399290
    88 -0.384983 0.330998 0.006848 -3.087207 -0.018765 -0.184279
    89 0.678146 0.006192 0.000002 -0.000018 -0.000019 0.324614
    90 -0.123848 0.072737 0.029507 2.898184 -0.060627 0.094834
    91 1.017166 -0.000154 -0.000252 -0.000023 -0.000014 0.349423
    92 -0.344986 0.123129 0.143151 2.994981 0.012396 0.059140
    93 -0.730988 0.177046 0.039141 -0.123731 0.076518 -0.084310
    94 0.921993 0.005205 -0.000896 -0.000002 0.000025 0.540835
    95 -0.124027 -0.052092 0.038496 3.077813 -0.008519 0.039229
    96 1.100430 -0.003552 0.000503 -0.000006 0.000018 0.904156
    97 -0.330082 0.160641 0.042780 3.128073 0.034033 -0.171236
    98 0.675854 0.005438 0.003272 0.000014 0.000015 0.945911
    99 -0.019516 -0.016531 0.038578 -2.763781 0.050305 0.076828
    100 1.018891 0.005113 0.001121 0.000006 0.000007 0.984562
    101 -0.155312 0.130643 -0.021921 -3.022466 0.022433 -0.024903
    102 -0.252209 0.061937 -0.024914 -0.007671 -0.063171 -0.044392
    103 -0.085991 0.185203 -0.015180 -2.937063 -0.113970 -0.138991
    104 -0.286537 0.179852 0.024264 -3.109353 -0.049645 -0.029915
    105 -0.019489 0.147084 0.079203 2.893815 0.038585 -0.060594
    106 -0.046482 0.251898 0.129548 3.016165 0.077112 -0.042864
    107 0.039120 -0.040298 0.047739 3.084219 0.030470 -0.037414
    108 -0.233757 0.066630 0.001754 -3.133086 0.040141 -0.065413
    109 0.044266 0.020128 0.001684 -2.778763 -0.118872 -0.040488
    110 0.071495 0.074127 -0.048302 -3.035917 -0.059482 0.104366
    111 0.000000 0.000000 0.000000 0.000000 0.000000 -1.570796
    112 15.172338 -3.629017 -2.683676 -0.006665 0.004027 -0.001026
    113 -3.746208 8.386975 -0.464858 0.532430 -0.767799 -1.504753
    114 -1.541997 0.000000 1.809996 0.000000 0.000000 0.000000
    115 5.560989 0.000000 1.164998 0.000000 0.000000 0.000000
    116 1.770997 -0.313999 1.249997 0.000000 0.000000 -1.570817
    117 3.817992 0.000000 -0.014000 0.000000 0.000000 0.000000
    118 -0.469999 0.000000 -3.436993 0.000000 0.000000 0.000000
    119 -2.237996 0.000000 -3.187994 0.000000 0.000000 0.000000
    120 3.318993 0.000000 3.457993 0.000000 -0.159215 0.000000
    121 0.000000 0.000000 0.000000 0.000000 0.000000 0.000000
    122 0.532999 0.510999 -0.840998 0.000000 0.000000 0.000000
    123 0.000000 0.000000 0.000000 0.000000 0.000000 0.000000
    124 -0.106000 0.000000 64.320000 0.000000 0.000000 0.000000
    125 0.000000 0.000000 0.000000 0.000000 0.000000 0.000000
    126 0.000000 0.000000 0.000000 -0.004374 0.000527 0.000935
    127 24.972615 -3.641994 7.869668 -0.006589 0.004032 -0.000885
    128 0.106000 0.000000 -64.320000 0.000000 0.000000 0.000000
    129 0.000000 0.000000 0.000000 0.000000 0.000000 0.000000
    130 0.000000 0.000000 -4.867002 -3.141592 0.000000 -3.128591
    131 0.000000 0.000000 4.867000 -3.141592 0.000000 -3.128591
    132 4.000000 -6.500000 0.000000 0.000000 0.000000 0.000977
    133 -6.500000 0.000000 0.000000 0.000000 1.570796 0.000000
    134 1.000088 -0.000029 0.000000 0.000000 0.000000 0.000000
    135 17.162516 -0.000404 0.000000 0.000000 0.000000 0.119214
    136 9.999891 -0.000303 0.000000 0.000000 0.000000 0.000000
    137 1.000088 -0.000029 0.000000 0.000000 0.000000 0.000000
    138 17.162516 -0.000404 0.000000 0.000000 0.000000 0.119214
    139 9.499836 0.000212 0.000000 0.000000 0.000000 0.000000
    140 0.000000 0.000000 0.000000 0.000000 0.000000 0.000000
    141 17.749374 0.295515 0.000000 0.000000 0.000000 -1.158958
    142 0.017889 0.299792 0.000000 0.000000 0.000000 -0.059582
    143 12.283573 1.581456 -4.696000 1.462269 -0.086726 0.090185
    144 17.749376 0.295515 0.000000 0.000000 0.000000 -1.158958
    145 0.017889 0.299792 0.000000 0.000000 0.000000 -0.059582
    146 13.354000 0.000000 0.000000 0.000000 0.000000 -0.294101
    147 4.530998 0.000000 0.000000 0.000000 0.000000 0.000000
    148 0.000000 0.000000 0.000000 0.000000 0.000000 0.000000
    149 5.413524 0.000347 0.000000 0.000000 0.000000 -0.518055
    150 5.413524 0.000347 0.000000 0.000000 0.000000 -0.518055
    151 4.662001 -5.366332 4.825191 1.569715 1.561305 -3.121216
    152 3.116966 -0.000443 0.000000 0.000000 0.000000 0.294101
    153 4.531197 0.000000 0.000000 0.000000 0.000000 0.000000
    154 -2.154195 0.003000 0.266281 0.000000 -0.078367 0.000000
    155 -5.658181 0.003000 0.015000 0.000000 0.000000 0.000000
    156 -0.024000 0.000000 3.200000 0.000000 0.305210 0.000000
    157 -14.480609 4.157792 -58.239669 0.006117 -0.003223 0.000000
    158 3.512001 -3.547000 -1.066000 0.000000 1.570796 0.000000
    159 3.456001 -3.517000 1.169000 0.000000 1.570796 0.000000
    160 6.233002 0.000000 0.000000 0.000000 0.000000 0.000000
    161 -0.171997 -0.106000 -0.902000 1.570713 1.029176 -3.134550
    162 6.238090 -6.380000 -0.031251 0.000935 0.004374 -0.000527
    163 1.947000 -0.003000 -0.278000 0.000000 0.000000 0.000000
    164 -2.941000 -0.003000 0.381000 0.000000 0.000000 0.000000
    165 -2.941000 -0.003000 0.381000 0.000000 0.000000 0.000000
    166 -0.070000 -0.003000 0.481000 0.000000 0.000000 0.000000
    167 -0.002780 0.000000 0.017476 -0.000012 -0.382510 0.000060
    168 3.999434 -0.000527 -0.000332 -0.535555 0.000000 0.000000
    169 3.999901 0.000038 0.001011 0.258152 -0.000060 0.000000
    170 1.598000 0.000000 0.000000 0.000000 0.000000 0.000000
    171 -1.145525 0.000130 0.000668 0.000000 0.000000 0.000000
    172 2.299679 -2.499979 -0.599480 0.891980 0.221489 -0.527302
    173 10.038201 -4.488354 -1.340187 1.719961 -0.133580 -0.197338
    174 -9.580671 -27.862106 -37.184677 0.812879 -0.123459 -0.568477
    175 0.649933 -0.548295 0.093651 -1.665913 -0.131399 -0.112062
    176 0.657074 0.008402 0.040371 -1.665945 -0.131407 -0.000013
    177 0.665776 0.747221 -0.029190 -1.665935 -0.131408 0.094976
    178 2.300139 -2.499413 0.600159 -0.891967 -0.221464 -0.527285
    179 12.187820 1.068084 0.992054 1.811734 -0.001386 0.197602
    180 2.762350 0.116951 1.523975 1.629482 0.064153 1.743800
    181 7.228317 7.928197 -3.925652 2.328713 0.123459 -0.568477
    182 0.650394 -0.547730 -0.092979 1.665913 0.131399 -0.112062
    183 0.657069 0.008398 -0.040379 1.665945 0.131407 -0.000013
    184 0.665775 0.747221 0.029179 1.665935 0.131408 0.094976
    185 -4.481003 -0.202000 0.000000 0.000000 0.000000 0.000000
    186 -5.516998 -0.291000 -0.001000 0.000000 0.000000 0.000000
    187 -0.857700 0.104071 0.104683 0.023536 0.163924 0.013632
    188 1.899119 0.000423 -0.000439 0.027386 -0.033311 0.477848
    189 1.799661 -0.000233 0.000231 0.027386 -0.033311 0.477848
    190 1.799661 -0.000233 0.000231 0.027386 -0.033311 0.477848
    191 1.799661 -0.000233 0.000231 0.027386 -0.033311 0.477848
    192 1.900310 -0.000137 -0.000517 0.027386 -0.033311 0.477848
    193 1.899435 -0.000317 -0.000150 -0.027386 0.033311 0.477848
    194 1.799662 -0.000240 -0.000233 -0.027386 0.033311 0.477848
    195 1.799662 -0.000240 -0.000233 -0.027386 0.033311 0.477848
    196 1.799662 -0.000240 -0.000233 -0.027386 0.033311 0.477848
    197 1.900729 0.000553 -0.000072 -0.027386 0.033311 0.477848
    198 0.599884 0.400187 -0.000031 0.000000 0.000000 0.000000
    199 0.599886 0.400185 0.000034 0.000000 0.000000 -3.141592
    200 0.599503 0.400694 0.000234 0.000000 0.000000 0.000000
    201 0.600029 -0.000020 -0.000019 0.000000 0.000000 -3.141592
  time 2
    0 0.000000 0.000000 0.000000 0.000000 0.000000 -1.570796
    1 -0.106323 0.000000 -0.000198 0.000000 0.000000 0.000000
    2 0.000000 0.000000 0.000000 0.000000 0.000000 0.000000
    3 -0.904000 0.000000 -11.806000 0.000000 0.000000 0.000000
    4 0.000000 0.000000 -14.313999 0.000000 -1.570796 1.570857
    5 3.533001 0.000000 0.000000 0.000000 0.000000 0.000000
    6 6.250000 0.000000 0.000000 0.000000 0.000000 0.000000
    7 9.568951 1.921959 -1.819016 -0.161306 1.437249 -0.160166
    8 9.562500 1.924805 1.815430 0.098301 -1.350314 -0.096174
    9 5.790726 0.002787 -0.000113 -0.842125 0.657494 -1.608441
    10 5.999492 -0.000592 -4.000343 0.000000 0.000000 0.000000
    11 5.791316 0.002582 0.004799 0.983076 -0.665453 -1.285024
    12 5.999492 -0.000592 4.000336 0.000000 0.000000 0.000000
    13 0.500225 0.000133 -0.000088 -0.042397 0.000048 0.000000
    14 11.534559 0.004255 -0.001312 -0.000017 0.000009 -1.394802
    15 -0.829338 0.893824 0.079659 -0.148839 0.047645 0.087266
    16 0.500225 0.000132 0.000076 -0.175317 0.000000 0.000000
    17 11.536401 0.004432 -0.000089 0.000042 -0.000058 -1.719228
    18 -0.829586 0.894698 -0.079464 0.045377 -0.019621 0.087266
    19 10.599884 0.000105 -0.000553 -1.110097 0.000012 0.000048
    20 0.346235 -0.411904 -0.000805 0.000000 0.000011 0.697416
    21 11.042057 0.003717 0.004704 -1.030193 -0.180190 0.967510
    22 -1.214832 0.203470 -0.477489 -0.135025 -0.078677 -0.001289
    23 10.599880 0.000105 0.000549 0.494898 0.000000 0.000024
    24 0.615772 -0.533001 0.000801 -0.000024 -0.000035 0.860096
    25 11.041742 0.003171 -0.000571 0.377677 0.185890 0.840222
    26 -1.063377 0.077663 0.150230 0.045121 0.020046 -0.012850
    27 0.610302 -0.939470 0.070343 -1.694699 -0.235584 -0.159509
    28 0.639940 -0.199121 0.060188 -1.667434 -0.222510 -0.057506
    29 0.600155 1.080261 -0.339535 -1.736326 -0.044801 0.071443
    30 0.610207 0.400743 -0.010101 -1.763720 -0.139935 0.058284
    31 0.634715 -0.693997 -0.232343 -0.003623 -0.249207 -1.018429
    32 -0.792125 0.203736 0.461300 1.439074 -0.003453 -0.018305
    33 0.610300 -0.939469 -0.070351 1.655346 0.156018 -0.174297
    34 0.639937 -0.199121 -0.060200 1.671196 0.183129 -0.036737
    35 0.600157 1.080259 0.339531 1.741577 0.106882 0.153633
    36 0.610205 0.400743 0.010086 1.766570 0.125865 0.080264
    37 0.624002 -0.695300 0.232270 -0.769768 -0.582083 -0.971182
    38 -0.626031 -0.069983 -0.080517 -1.447153 0.086151 0.021559
    39 2.621377 -0.002532 -0.001438 -0.267255 -0.141747 0.201179
    40 2.664743 0.000397 -0.000071 -0.259536 -0.116663 0.421041
    41 2.206394 0.003368 -0.006769 -0.078298 -0.120948 0.113130
    42 0.599952 0.959240 -0.300102 -0.174544 0.000000 0.000000
    43 2.557190 -0.005873 0.006359 0.004189 -0.006653 0.454591
    44 2.095024 -0.003873 -0.002193 -0.268510 0.253287 0.446516
    45 0.999380 -0.000236 -1.080459 -0.000001 0.000000 0.000000
    46 -0.122639 -0.721856 0.661690 -0.486644 0.223964 0.243056
    47 2.622113 -0.000648 0.002741 0.046896 0.413192 -0.084966
    48 2.657909 0.004589 -0.000533 0.322092 0.240102 1.085196
    49 2.200016 0.001663 0.004743 0.262942 -0.039550 1.072938
    50 0.599951 0.959244 0.300102 0.174544 0.000000 0.000000
    51 2.556570 -0.000385 0.000554 0.263791 0.129503 1.165899
    52 2.103851 0.005614 -0.001014 0.543255 -0.275654 0.455110
    53 0.999374 -0.000237 1.295302 0.000000 0.000000 -0.070625
    54 0.310846 -0.606445 -0.498005 0.308107 -0.197598 0.313976
    55 1.873069 -0.004741 -0.000994 -0.000007 0.000004 0.459259
    56 1.200941 0.399582 -0.000237 -0.009465 0.016087 0.007127
    57 0.000586 0.100342 -0.000319 -0.120035 -0.021926 -0.209617
    58 -0.161663 0.051712 0.194808 -2.941982 0.122408 -0.060194
    59 2.010092 -0.003202 -0.007284 -0.000006 -0.000035 0.691766
    60 0.000240 0.099802 -0.000395 -0.018823 0.010833 -0.239219
    61 -0.203197 0.048607 0.069150 -3.093332 0.033217 -0.046722
    62 1.180428 -0.006214 0.000780 -0.000002 0.000060 0.690114
    63 -0.000196 0.099625 -0.000034 0.000000 0.000000 -0.314102
    64 -0.088736 -0.688435 -0.145203 2.930407 -0.136130 0.513013
    65 1.715976 -0.003328 0.003818 0.000023 -0.000021 0.743438
    66 -0.000580 0.100145 -0.000311 -0.010912 0.023129 -0.260841
    67 -0.146030 -0.232426 -0.014225 3.028455 -0.094299 0.113020
    68 1.290632 0.000362 -0.000032 0.000000 0.000000 -0.400680
    69 -0.658121 -0.003575 0.072645 -0.142711 0.027792 -0.077299
    70 1.868080 -0.006956 0.006083 -0.000081 -0.000033 1.132920
    71 1.200079 0.399944 -0.000093 0.009465 -0.016087 0.007127
    72 0.000591 0.100342 0.000319 0.120035 0.021926 -0.209617
    73 0.068077 0.002285 -0.080050 3.111376 -0.069366 -0.060847
    74 2.015780 -0.005083 0.006086 -0.000013 -0.000025 1.297769
    75 0.000229 0.099802 0.000395 0.018823 -0.010833 -0.239219
    76 -0.018673 -0.001009 0.047544 3.109244 0.002635 -0.106673
    77 1.178665 0.001595 0.000845 0.000000 0.000000 0.669112
    78 -0.000198 0.099628 0.000034 0.000000 0.000000 -0.314102
    79 0.036892 -0.634449 0.266284 -2.801062 0.174301 0.490914
    80 1.708256 -0.002506 -0.004592 -0.000046 -0.000037 1.003540
    81 -0.000576 0.100136 0.000311 0.010914 -0.023129 -0.260841
    82 -0.003952 -0.281811 0.115047 -3.059162 0.089004 0.167964
    83 1.289627 0.007855 0.000061 -0.000014 0.000003 0.227151
    84 -0.171528 -0.018148 -0.099873 0.013484 -0.062184 -0.011780
    85 0.916622 0.007240 0.001326 0.000019 0.000021 0.710403
    86 -0.342617 0.053404 -0.025571 -2.909301 -0.017248 0.075276
    87 1.100231 -0.000930 -0.002434 0.000009 0.000014 0.351878
    88 -0.384983 0.330998 0.006848 -3.087207 -0.018765 -0.184279
    89 0.678146 0.006192 0.000002 -0.000018 -0.000019 0.244788
    90 -0.123848 0.072737 0.029507 2.898184 -0.060627 0.094834
    91 1.017166 -0.000154 -0.000252 -0.000023 -0.000014 0.288294
    92 -0.344986 0.123129 0.143151 2.994981 0.012396 0.059140
    93 -0.730988 0.177046 0.039141 -0.123731 0.076518 -0.084310
    94 0.925900 0.001298 -0.000896 0.000010 0.000049 0.596723
    95 -0.124027 -0.052092 0.038496 3.077813 -0.008519 0.039229
    96 1.100430 -0.003552 0.000503 -0.000006 0.000018 0.904156
    97 -0.330082 0.160641 0.042780 3.128073 0.034033 -0.171236
    98 0.675854 0.001531 0.003272 0.000014 0.000003 0.945911
    99 -0.019516 -0.016531 0.038578 -2.763781 0.050305 0.076828
    100 1.014985 0.001206 0.001121 0.000006 0.000007 0.984562
    101 -0.155312 0.130643 -0.021921 -3.022466 0.022433 -0.024903
    102 -0.252209 0.061937 -0.024914 -0.007671 -0.063171 -0.044392
    103 -0.085991 0.185203 -0.015180 -2.937063 -0.113970 -0.138991
    104 -0.286537 0.179852 0.024264 -3.109353 -0.049645 -0.029915
    105 -0.019489 0.147084 0.079203 2.893815 0.038585 -0.060594
    106 -0.046482 0.251898 0.129548 3.016165 0.077112 -0.042864
    107 0.039120 -0.040298 0.047739 3.084219 0.030470 -0.037414
    108 -0.233757 0.066630 0.001754 -3.133086 0.040141 -0.065413
    109 0.044266 0.020128 0.001684 -2.778763 -0.118872 -0.040488
    110 0.071495 0.074127 -0.048302 -3.035917 -0.059482 0.104366
    111 0.000000 0.000000 0.000000 0.000000 0.000000 -1.570796
    112 15.078585 -3.597766 -2.695395 -0.028469 0.002856 0.000000
    113 -3.699332 8.484634 -0.496109 0.501975 -0.767201 -1.482281
    114 -1.541997 0.000000 1.809996 0.000000 0.000000 0.000000
    115 5.560989 0.000000 1.164998 0.000000 0.000000 0.000000
    116 1.770997 -0.313999 1.249997 0.000000 0.000000 -1.570817
    117 3.817992 0.000000 -0.014000 0.000000 0.000000 0.000000
    118 -0.469999 0.000000 -3.436993 0.000000 0.000000 0.000000
    119 -2.237996 0.000000 -3.187994 0.000000 0.000000 0.000000
    120 3.318993 0.000000 3.457993 0.000000 -0.159215 0.000000
    121 0.000000 0.000000 0.000000 0.000000 0.000000 0.000000
    122 0.532999 0.510999 -0.840998 0.000000 0.000000 0.000000
    123 0.000000 0.000000 0.000000 0.000000 0.000000 0.000000
    124 -0.106000 0.000000 64.320000 0.000000 0.000000 0.000000
    125 0.000000 0.000000 0.000000 0.000000 0.000000 0.000000
    126 0.000000 0.000000 0.000000 -0.008785 0.001103 0.001882
    127 24.874956 -3.630275 7.869668 -0.028489 0.002861 0.000048
    128 0.106000 0.000000 -64.320000 0.000000 0.000000 0.000000
    129 0.000000 0.000000 0.000000 0.000000 0.000000 0.000000
    130 0.000000 0.000000 -4.867002 -3.141592 0.000000 -3.128591
    131 0.000000 0.000000 4.867000 -3.141592 0.000000 -3.128591
    132 4.000000 -6.500000 0.000000 0.000000 0.000000 0.000977
    133 -6.500000 0.000000 0.000000 0.000000 1.570796 0.000000
    134 1.000088 -0.000029 0.000000 0.000000 0.000000 0.000000
    135 17.162516 -0.000404 0.000000 0.000000 0.000000 0.119214
    136 9.999891 -0.000303 0.000000 0.000000 0.000000 0.000000
    137 1.000088 -0.000029 0.000000 0.000000 0.000000 0.000000
    138 17.162516 -0.000404 0.000000 0.000000 0.000000 0.119214
    139 9.499836 0.000212 0.000000 0.000000 0.000000 0.000000
    140 0.000000 0.000000 0.000000 0.000000 0.000000 0.000000
    141 17.749374 0.295515 0.000000 0.000000 0.000000 -1.158958
    142 0.017889 0.299792 0.000000 0.000000 0.000000 -0.059582
    143 12.283573 1.581456 -4.696000 1.462269 -0.086726 0.090185
    144 17.749376 0.295515 0.000000 0.000000 0.000000 -1.158958
    145 0.017889 0.299792 0.000000 0.000000 0.000000 -0.059582
    146 13.354000 0.000000 0.000000 0.000000 0.000000 -0.294101
    147 4.530998 0.000000 0.000000 0.000000 0.000000 0.000000
    148 0.000000 0.000000 0.000000 0.000000 0.000000 0.000000
    149 5.413524 0.000347 0.000000 0.000000 0.000000 -0.518055
    150 5.413524 0.000347 0.000000 0.000000 0.000000 -0.518055
    151 4.662001 -5.366332 4.825191 1.569715 1.561305 -3.121216
    152 3.116966 -0.000443 0.000000 0.000000 0.000000 0.294101
    153 4.531197 0.000000 0.000000 0.000000 0.000000 0.000000
    154 -2.154195 0.003000 0.266281 0.000000 -0.078367 0.000000
    155 -5.658181 0.003000 0.015000 0.000000 0.000000 0.000000
    156 -0.024000 0.000000 3.200000 0.000000 0.305210 0.000000
    157 -14.406388 5.497677 -58.102946 0.028289 -0.002776 0.000000
    158 3.512001 -3.547000 -1.066000 0.000000 1.570796 0.000000
    159 3.456001 -3.517000 1.169000 0.000000 1.570796 0.000000
    160 6.233002 0.000000 0.000000 0.000000 0.000000 0.000000
    161 -0.171997 -0.106000 -0.902000 1.570713 1.029176 -3.134550
    162 6.234184 -6.387813 -0.062502 0.001882 0.008785 -0.001079
    163 1.947000 -0.003000 -0.278000 0.000000 0.000000 0.000000
    164 -2.941000 -0.003000 0.381000 0.000000 0.000000 0.000000
    165 -2.941000 -0.003000 0.381000 0.000000 0.000000 0.000000
    166 -0.070000 -0.003000 0.481000 0.000000 0.000000 0.000000
    167 -0.002780 0.000000 0.017476 -0.000012 -0.382510 0.000060
    168 3.999434 -0.000527 -0.000332 -0.555146 0.000000 0.000000
    169 3.999901 0.000038 0.001011 0.247501 0.000000 0.000000
    170 1.598000 0.000000 0.000000 0.000000 0.000000 0.000000
    171 -1.145525 0.000130 0.000668 0.000000 0.000000 0.000000
    172 2.299679 -2.499979 -0.599480 0.891980 0.221489 -0.527302
    173 10.499153 -6.832175 -3.613694 1.804872 -0.103912 -0.268405
    174 -9.580671 -27.862106 -37.184677 0.812879 -0.123459 -0.568477
    175 0.649933 -0.548295 0.093651 -1.665913 -0.131399 -0.112062
    176 0.657074 0.008402 0.040371 -1.665945 -0.131407 -0.000013
    177 0.665776 0.747221 -0.029190 -1.665935 -0.131408 0.094976
    178 2.300139 -2.499413 0.600159 -0.891967 -0.221464 -0.527285
    179 12.187820 1.068084 0.992054 1.811734 -0.001386 0.197602
    180 2.762350 0.116951 1.523975 1.629482 0.064153 1.743800
    181 7.228317 7.928197 -3.925652 2.328713 0.123459 -0.568477
    182 0.650394 -0.547730 -0.092979 1.665913 0.131399 -0.112062
    183 0.657069 0.008398 -0.040379 1.665945 0.131407 -0.000013
    184 0.665775 0.747221 0.029179 1.665935 0.131408 0.094976
    185 -4.481003 -0.202000 0.000000 0.000000 0.000000 0.000000
    186 -5.516998 -0.291000 -0.001000 0.000000 0.000000 0.000000
    187 -0.857700 0.104071 0.104683 0.023536 0.163924 0.013632
    188 1.899119 0.000423 -0.000439 0.027386 -0.033311 0.477848
    189 1.799661 -0.000233 0.000231 0.027386 -0.033311 0.477848
    190 1.799661 -0.000233 0.000231 0.027386 -0.033311 0.477848
    191 1.799661 -0.000233 0.000231 0.027386 -0.033311 0.477848
    192 1.900310 -0.000137 -0.000517 0.027386 -0.033311 0.477848
    193 1.899435 -0.000317 -0.000150 -0.027386 0.033311 0.477848
    194 1.799662 -0.000240 -0.000233 -0.027386 0.033311 0.477848
    195 1.799662 -0.000240 -0.000233 -0.027386 0.033311 0.477848
    196 1.799662 -0.000240 -0.000233 -0.027386 0.033311 0.477848
    197 1.900729 0.000553 -0.000072 -0.027386 0.033311 0.477848
    198 0.599884 0.400187 -0.000031 0.000000 0.000000 0.000000
    199 0.599886 0.400185 0.000034 0.000000 0.000000 -3.141592
    200 0.599503 0.400694 0.000234 0.000000 0.000000 0.000000
    201 0.600029 -0.000020 -0.000019 0.000000 0.000000 -3.141592
  time 3
    0 0.000000 0.000000 0.000000 0.000000 0.000000 -1.570796
    1 -0.106323 0.000000 -0.000198 0.000000 0.000000 0.000000
    2 0.000000 0.000000 0.000000 0.000000 0.000000 0.000000
    3 -0.904000 0.000000 -11.806000 0.000000 0.000000 0.000000
    4 0.000000 0.000000 -14.313999 0.000000 -1.570796 1.570857
    5 3.533001 0.000000 0.000000 0.000000 0.000000 0.000000
    6 6.250000 0.000000 0.000000 0.000000 0.000000 0.000000
    7 9.568951 1.921959 -1.819016 -0.161306 1.437249 -0.160166
    8 9.562500 1.924805 1.815430 0.098301 -1.350314 -0.096174
    9 5.790726 0.002787 -0.000113 -0.652399 0.857832 -1.320417
    10 5.999492 -0.000592 -4.000343 0.000000 0.000000 0.000000
    11 5.791316 0.002582 0.004799 0.980381 -0.670746 -1.280489
    12 5.999492 -0.000592 4.000336 0.000000 0.000000 0.000000
    13 0.500225 0.000133 -0.000088 -0.112546 0.000000 0.000000
    14 11.534559 0.004255 -0.001312 -0.000101 -0.000003 -1.886089
    15 -0.829338 0.893824 0.079659 -0.148839 0.047645 0.087266
    16 0.500225 0.000132 0.000076 -0.174358 0.000000 0.000000
    17 11.536401 0.004432 -0.000089 0.000030 -0.000082 -1.730267
    18 -0.829586 0.894698 -0.079464 0.045377 -0.019621 0.087266
    19 10.599884 0.000105 -0.000553 -1.399364 -0.000036 -0.000024
    20 0.795467 -0.575971 -0.000805 -0.000024 -0.000049 0.943147
    21 11.042057 0.003717 0.000798 -0.872887 0.068714 1.282139
    22 -1.214832 0.203470 -0.477489 -0.135025 -0.078677 -0.001289
    23 10.599880 0.000105 0.000549 0.473673 0.000000 0.000048
    24 0.619678 -0.529095 0.000801 -0.000012 -0.000023 0.865079
    25 11.041742 0.003171 -0.000571 0.356539 0.180619 0.843565
    26 -1.063377 0.077663 0.150230 0.045121 0.020046 -0.012850
    27 0.610302 -0.939470 0.070343 -1.709955 -0.288747 -0.151767
    28 0.639940 -0.199121 0.060188 -1.668909 -0.275902 -0.052089
    29 0.600155 1.080261 -0.339535 -1.734469 -0.097641 0.080276
    30 0.610207 0.400743 -0.010101 -1.765549 -0.192523 0.068843
    31 0.634715 -0.693997 -0.232343 -0.025963 -0.310534 -1.109864
    32 -0.792125 0.203736 0.461300 1.439074 -0.003453 -0.018305
    33 0.610300 -0.939469 -0.070351 1.655548 0.166924 -0.173411
    34 0.639937 -0.199121 -0.060200 1.671196 0.183129 -0.036737
    35 0.600157 1.080259 0.339531 1.741630 0.106882 0.153621
    36 0.610205 0.400743 0.010086 1.766570 0.125865 0.080264
    37 0.624002 -0.691393 0.236176 -0.769700 -0.571387 -0.984519
    38 -0.626031 -0.069983 -0.080517 -1.447153 0.086151 0.021559
    39 2.625284 -0.002532 -0.001438 -0.175546 -0.143916 -0.041251
    40 2.660837 0.000397 -0.000071 -0.245646 -0.169982 0.188997
    41 2.206394 0.003368 -0.006769 -0.007601 -0.187048 -0.184428
    42 0.599952 0.959240 -0.300102 -0.174544 0.000000 0.000000
    43 2.557190 -0.005873 0.006359 0.073155 -0.031065 0.231631
    44 2.095024 -0.003873 -0.002193 -0.279644 0.240274 0.402801
    45 0.999380 -0.000236 -1.064834 -0.000001 0.000000 0.000000
    46 -0.122639 -0.721856 0.661690 -0.486644 0.223964 0.243056
    47 2.622113 -0.000648 0.002741 0.068518 0.396994 0.012880
    48 2.657909 0.004589 -0.000533 0.322092 0.240102 1.085196
    49 2.203922 0.005570 0.000836 0.262942 -0.039550 1.072938
    50 0.599951 0.959244 0.300102 0.174544 0.000000 0.000000
    51 2.556570 -0.004291 0.000554 0.263791 0.129503 1.165899
    52 2.103851 0.001708 -0.001014 0.565153 -0.238838 0.351086
    53 0.999374 -0.000237 1.287489 0.000000 0.000000 -0.070625
    54 0.310846 -0.606445 -0.498005 0.308107 -0.197598 0.313976
    55 1.873069 -0.004741 -0.000994 0.000005 0.000063 0.325833
    56 1.200941 0.399582 -0.000237 -0.009465 0.016087 0.007127
    57 0.000586 0.100342 -0.000319 -0.120035 -0.021926 -0.209617
    58 -0.161663 0.051712 0.194808 -2.941982 0.122408 -0.060194
    59 2.010092 -0.007109 -0.003377 0.000077 0.000048 0.628949
    60 0.000240 0.099802 -0.000395 -0.018823 0.010833 -0.239219
    61 -0.203197 0.048607 0.069150 -3.093332 0.033217 -0.046722
    62 1.180428 -0.006214 0.000780 -0.000014 0.000012 0.748808
    63 -0.000196 0.099625 -0.000034 0.000000 0.000000 -0.314102
    64 -0.088736 -0.688435 -0.145203 2.930407 -0.136130 0.513013
    65 1.712069 -0.003328 0.003818 -0.000001 -0.000068 0.780352
    66 -0.000580 0.100145 -0.000311 -0.010912 0.023129 -0.260841
    67 -0.146030 -0.232426 -0.014225 3.028455 -0.094299 0.113020
    68 1.290632 0.000362 -0.000032 0.000000 0.000000 -0.489044
    69 -0.658121 -0.003575 0.072645 -0.142711 0.027792 -0.077299
    70 1.868080 -0.003049 0.006083 0.000003 -0.000021 0.839814
    71 1.200079 0.399944 -0.000093 0.009465 -0.016087 0.007127
    72 0.000591 0.100342 0.000319 0.120035 0.021926 -0.209617
    73 0.068077 0.002285 -0.080050 3.111376 -0.069366 -0.060847
    74 2.011874 -0.005083 0.006086 -0.000013 -0.000025 1.297769
    75 0.000229 0.099802 0.000395 0.018823 -0.010833 -0.239219
    76 -0.018673 -0.001009 0.047544 3.109244 0.002635 -0.106673
    77 1.178665 0.001595 0.000845 0.000000 0.000000 0.669112
    78 -0.000198 0.099628 0.000034 0.000000 0.000000 -0.314102
    79 0.036892 -0.634449 0.266284 -2.801062 0.174301 0.490914
    80 1.708256 -0.002506 -0.004592 -0.000046 -0.000037 1.003540
    81 -0.000576 0.100136 0.000311 0.010914 -0.023129 -0.260841
    82 -0.003952 -0.281811 0.115047 -3.059162 0.089004 0.167964
    83 1.289627 0.003949 0.000061 -0.000014 0.000003 0.143773
    84 -0.171528 -0.018148 -0.099873 0.013484 -0.062184 -0.011780
    85 0.916622 0.007240 0.001326 0.000019 0.000021 0.610027
    86 -0.342617 0.053404 -0.025571 -2.909301 -0.017248 0.075276
    87 1.100231 -0.000930 -0.002434 0.000009 0.000014 0.326342
    88 -0.384983 0.330998 0.006848 -3.087207 -0.018765 -0.184279
    89 0.678146 0.002286 0.000002 -0.000006 -0.000019 0.201739
    90 -0.123848 0.072737 0.029507 2.898184 -0.060627 0.094834
    91 1.017166 -0.000154 -0.000252 -0.000011 0.000046 0.255251
    92 -0.344986 0.123129 0.143151 2.994981 0.012396 0.059140
    93 -0.730988 0.177046 0.039141 -0.123731 0.076518 -0.084310
    94 0.925900 0.001298 -0.000896 -0.000014 -0.000071 0.424392
    95 -0.124027 -0.052092 0.038496 3.077813 -0.008519 0.039229
    96 1.100430 -0.003552 0.000503 -0.000006 0.000018 0.904156
    97 -0.330082 0.160641 0.042780 3.128073 0.034033 -0.171236
    98 0.675854 0.005438 0.003272 0.000014 0.000015 0.945911
    99 -0.019516 -0.016531 0.038578 -2.763781 0.050305 0.076828
    100 1.014985 0.005113 0.001121 0.000006 0.000007 0.984562
    101 -0.155312 0.130643 -0.021921 -3.022466 0.022433 -0.024903
    102 -0.252209 0.061937 -0.024914 -0.007671 -0.063171 -0.044392
    103 -0.085991 0.185203 -0.015180 -2.937063 -0.113970 -0.138991
    104 -0.286537 0.179852 0.024264 -3.109353 -0.049645 -0.029915
    105 -0.019489 0.147084 0.079203 2.893815 0.038585 -0.060594
    106 -0.046482 0.251898 0.129548 3.016165 0.077112 -0.042864
    107 0.039120 -0.040298 0.047739 3.084219 0.030470 -0.037414
    108 -0.233757 0.066630 0.001754 -3.133086 0.040141 -0.065413
    109 0.044266 0.020128 0.001684 -2.778763 -0.118872 -0.040488
    110 0.071495 0.074127 -0.048302 -3.035917 -0.059482 0.104366
    111 0.000000 0.000000 0.000000 0.000000 0.000000 -1.570796
    112 14.988739 -3.574328 -2.746178 -0.050083 0.003793 0.001026
    113 -3.652455 8.574480 -0.527360 0.472442 -0.764213 -1.460838
    114 -1.541997 0.000000 1.809996 0.000000 0.000000 0.000000
    115 5.560989 0.000000 1.164998 0.000000 0.000000 0.000000
    116 1.770997 -0.313999 1.249997 0.000000 0.000000 -1.570817
    117 3.817992 0.000000 -0.014000 0.000000 0.000000 0.000000
    118 -0.469999 0.000000 -3.436993 0.000000 0.000000 0.000000
    119 -2.237996 0.000000 -3.187994 0.000000 0.000000 0.000000
    120 3.318993 0.000000 3.457993 0.000000 -0.159215 0.000000
    121 0.000000 0.000000 0.000000 0.000000 0.000000 0.000000
    122 0.532999 0.510999 -0.840998 0.000000 0.000000 0.000000
    123 0.000000 0.000000 0.000000 0.000000 0.000000 0.000000
    124 -0.106000 0.000000 64.320000 0.000000 0.000000 0.000000
    125 0.000000 0.000000 0.000000 0.000000 0.000000 0.000000
    126 0.000000 0.000000 0.000000 -0.013159 0.002133 0.002804
    127 24.781203 -3.622462 7.818885 -0.050008 0.003798 0.000981
    128 0.106000 0.000000 -64.320000 0.000000 0.000000 0.000000
    129 0.000000 0.000000 0.000000 0.000000 0.000000 0.000000
    130 0.000000 0.000000 -4.867002 -3.141592 0.000000 -3.128591
    131 0.000000 0.000000 4.867000 -3.141592 0.000000 -3.128591
    132 4.000000 -6.500000 0.000000 0.000000 0.000000 0.000977
    133 -6.500000 0.000000 0.000000 0.000000 1.570796 0.000000
    134 1.000088 -0.000029 0.000000 0.000000 0.000000 0.000000
    135 17.162516 -0.000404 0.000000 0.000000 0.000000 0.119214
    136 9.999891 -0.000303 0.000000 0.000000 0.000000 0.000000
    137 1.000088 -0.000029 0.000000 0.000000 0.000000 0.000000
    138 17.162516 -0.000404 0.000000 0.000000 0.000000 0.119214
    139 9.499836 0.000212 0.000000 0.000000 0.000000 0.000000
    140 0.000000 0.000000 0.000000 0.000000 0.000000 0.000000
    141 17.749374 0.295515 0.000000 0.000000 0.000000 -1.158958
    142 0.017889 0.299792 0.000000 0.000000 0.000000 -0.059582
    143 12.283573 1.581456 -4.696000 1.462269 -0.086726 0.090185
    144 17.749376 0.295515 0.000000 0.000000 0.000000 -1.158958
    145 0.017889 0.299792 0.000000 0.000000 0.000000 -0.059582
    146 13.354000 0.000000 0.000000 0.000000 0.000000 -0.294101
    147 4.530998 0.000000 0.000000 0.000000 0.000000 0.000000
    148 0.000000 0.000000 0.000000 0.000000 0.000000 0.000000
    149 5.413524 0.000347 0.000000 0.000000 0.000000 -0.518055
    150 5.413524 0.000347 0.000000 0.000000 0.000000 -0.518055
    151 4.662001 -5.366332 4.825191 1.569715 1.561305 -3.121216
    152 3.116966 -0.000443 0.000000 0.000000 0.000000 0.294101
    153 4.531197 0.000000 0.000000 0.000000 0.000000 0.000000
    154 -2.158101 0.003000 0.266281 0.000000 -0.078367 0.000000
    155 -5.654274 0.003000 0.015000 0.000000 0.000000 0.000000
    156 -0.024000 0.000000 3.200000 0.000000 0.305210 0.000000
    157 -14.351699 6.876625 -57.919347 0.050557 -0.002238 0.000000
    158 3.512001 -3.547000 -1.066000 0.000000 1.570796 0.000000
    159 3.456001 -3.517000 1.169000 0.000000 1.570796 0.000000
    160 6.233002 0.000000 0.000000 0.000000 0.000000 0.000000
    161 -0.171997 -0.106000 -0.902000 1.570713 1.029176 -3.134550
    162 6.234184 -6.387813 -0.093753 0.002804 0.013171 -0.002097
    163 1.947000 -0.003000 -0.278000 0.000000 0.000000 0.000000
    164 -2.941000 -0.003000 0.381000 0.000000 0.000000 0.000000
    165 -2.941000 -0.003000 0.381000 0.000000 0.000000 0.000000
    166 -0.070000 -0.003000 0.481000 0.000000 0.000000 0.000000
    167 -0.002780 0.000000 0.017476 -0.000012 -0.382510 0.000060
    168 3.999434 -0.000527 -0.000332 -0.699623 0.000000 0.000000
    169 3.999901 0.000038 0.001011 0.236939 0.000060 0.000000
    170 1.598000 0.000000 0.000000 0.000000 0.000000 0.000000
    171 -1.145525 0.000130 0.000668 0.000000 0.000000 0.000000
    172 2.299679 -2.499979 -0.599480 0.891980 0.221489 -0.527302
    173 11.874195 -11.207309 -3.406657 1.660620 -0.209600 -0.517326
    174 -9.580671 -27.862106 -37.184677 0.812879 -0.123459 -0.568477
    175 0.649933 -0.548295 0.093651 -1.665913 -0.131399 -0.112062
    176 0.657074 0.008402 0.040371 -1.665945 -0.131407 -0.000013
    177 0.665776 0.747221 -0.029190 -1.665935 -0.131408 0.094976
    178 2.300139 -2.499413 0.600159 -0.891967 -0.221464 -0.527285
    179 12.187820 1.068084 0.992054 1.811734 -0.001374 0.197602
    180 2.762350 0.116951 1.523975 1.629482 0.064153 1.743800
    181 7.228317 7.928197 -3.925652 2.328713 0.123459 -0.568477
    182 0.650394 -0.547730 -0.092979 1.665913 0.131399 -0.112062
    183 0.657069 0.008398 -0.040379 1.665945 0.131407 -0.000013
    184 0.665775 0.747221 0.029179 1.665935 0.131408 0.094976
    185 -4.481003 -0.202000 0.000000 0.000000 0.000000 0.000000
    186 -5.516998 -0.291000 -0.001000 0.000000 0.000000 0.000000
    187 -0.857700 0.104071 0.104683 0.023536 0.163924 0.013632
    188 1.899119 0.000423 -0.000439 0.027386 -0.033311 0.477848
    189 1.799661 -0.000233 0.000231 0.027386 -0.033311 0.477848
    190 1.799661 -0.000233 0.000231 0.027386 -0.033311 0.477848
    191 1.799661 -0.000233 0.000231 0.027386 -0.033311 0.477848
    192 1.900310 -0.000137 -0.000517 0.027386 -0.033311 0.477848
    193 1.899435 -0.000317 -0.000150 -0.027386 0.033311 0.477848
    194 1.799662 -0.000240 -0.000233 -0.027386 0.033311 0.477848
    195 1.799662 -0.000240 -0.000233 -0.027386 0.033311 0.477848
    196 1.799662 -0.000240 -0.000233 -0.027386 0.033311 0.477848
    197 1.900729 0.000553 -0.000072 -0.027386 0.033311 0.477848
    198 0.599884 0.400187 -0.000031 0.000000 0.000000 0.000000
    199 0.599886 0.400185 0.000034 0.000000 0.000000 -3.141592
    200 0.599503 0.400694 0.000234 0.000000 0.000000 0.000000
    201 0.600029 -0.000020 -0.000019 0.000000 0.000000 -3.141592
  time 4
    0 0.000000 0.000000 0.000000 0.000000 0.000000 -1.570796
    1 -0.106323 0.000000 -0.000198 0.000000 0.000000 0.000000
    2 0.000000 0.000000 0.000000 0.000000 0.000000 0.000000
    3 -0.904000 0.000000 -11.806000 0.000000 0.000000 0.000000
    4 0.000000 0.000000 -14.313999 0.000000 -1.570796 1.570857
    5 3.533001 0.000000 0.000000 0.000000 0.000000 0.000000
    6 6.250000 0.000000 0.000000 0.000000 0.000000 0.000000
    7 9.568951 1.921959 -1.819016 -0.161306 1.437249 -0.160166
    8 9.562500 1.924805 1.815430 0.098301 -1.350314 -0.096174
    9 5.790726 0.002787 -0.000113 -0.320807 0.905507 -0.797864
    10 5.999492 -0.000592 -4.000343 0.000000 0.000000 0.000000
    11 5.791316 0.002582 0.004799 0.977527 -0.676076 -1.275863
    12 5.999492 -0.000592 4.000336 0.000000 0.000000 0.000000
    13 0.500225 0.000133 -0.000088 -0.112642 0.000048 0.000000
    14 11.534559 0.004255 -0.001312 -0.000017 -0.000135 -2.240951
    15 -0.829338 0.893824 0.079659 -0.148839 0.047645 0.087266
    16 0.500225 0.000132 0.000076 -0.173423 0.000000 0.000000
    17 11.532495 0.000526 -0.000089 0.000018 -0.000094 -1.741475
    18 -0.829586 0.894698 -0.079464 0.045377 -0.019621 0.087266
    19 10.599884 0.000105 -0.000553 -1.861737 -0.000084 0.000000
    20 1.221261 -0.583784 -0.000805 0.000000 0.000011 1.120448
    21 11.042057 -0.000189 0.000798 -0.505815 0.527388 1.437447
    22 -1.214832 0.203470 -0.477489 -0.135025 -0.078677 -0.001289
    23 10.599880 0.000105 0.000549 0.461841 0.000000 0.000048
    24 0.631398 -0.536908 0.000801 -0.000012 -0.000011 0.870063
    25 11.041742 0.007077 -0.000571 0.345519 0.181016 0.845994
    26 -1.063377 0.077663 0.150230 0.045121 0.020046 -0.012850
    27 0.610302 -0.939470 0.070343 -1.709955 -0.288687 -0.151779
    28 0.639940 -0.199121 0.060188 -1.668909 -0.275842 -0.052089
    29 0.600155 1.080261 -0.339535 -1.734363 -0.087371 0.078634
    30 0.610207 0.400743 -0.010101 -1.765495 -0.192475 0.068831
    31 0.634715 -0.693997 -0.232343 0.001170 -0.262325 -1.077026
    32 -0.792125 0.203736 0.461300 1.439074 -0.003453 -0.018305
    33 0.610300 -0.939469 -0.070351 1.655649 0.171970 -0.172859
    34 0.639937 -0.199121 -0.060200 1.671196 0.183129 -0.036737
    35 0.600157 1.080259 0.339531 1.741577 0.106882 0.153621
    36 0.610205 0.400743 0.010086 1.766570 0.125877 0.080264
    37 0.624002 -0.695300 0.236176 -0.769666 -0.560625 -0.942482
    38 -0.626031 -0.069983 -0.080517 -1.447153 0.086151 0.021559
    39 2.621377 -0.002532 -0.001438 -0.116914 -0.173438 0.027610
    40 2.660837 0.000397 -0.000071 -0.257078 -0.172511 0.298043
    41 2.206394 0.003368 -0.002863 -0.042536 -0.157571 -0.012855
    42 0.599952 0.959240 -0.300102 -0.174544 0.000000 0.000000
    43 2.553283 -0.005873 0.006359 0.044682 -0.027973 0.357742
    44 2.095024 -0.003873 -0.006100 -0.272561 0.267889 0.438294
    45 0.999380 -0.000236 -1.053115 -0.000001 0.000000 0.000000
    46 -0.122639 -0.721856 0.661690 -0.486644 0.223964 0.243056
    47 2.626019 -0.000648 0.002741 0.083571 0.359503 0.110754
    48 2.654002 0.004589 -0.000533 0.322092 0.240102 1.085196
    49 2.200016 0.001663 0.004743 0.262942 -0.039538 1.072938
    50 0.599951 0.959244 0.300102 0.174544 0.000000 0.000000
    51 2.556570 -0.004291 0.000554 0.263791 0.129491 1.165899
    52 2.103851 0.005614 -0.001014 0.563950 -0.253830 0.364034
    53 0.999374 -0.000237 1.283583 0.000000 0.000000 -0.070625
    54 0.310846 -0.606445 -0.498005 0.308107 -0.197598 0.313976
    55 1.869163 -0.000835 -0.000994 -0.000067 0.000015 0.374625
    56 1.200941 0.399582 -0.000237 -0.009465 0.016087 0.007127
    57 0.000586 0.100342 -0.000319 -0.120035 -0.021926 -0.209617
    58 -0.161663 0.051712 0.194808 -2.941982 0.122408 -0.060194
    59 2.010092 -0.007109 -0.003377 0.000018 0.000013 0.662777
    60 0.000240 0.099802 -0.000395 -0.018823 0.010833 -0.239219
    61 -0.203197 0.048607 0.069150 -3.093332 0.033217 -0.046722
    62 1.180428 -0.006214 0.000780 -0.000026 -0.000024 0.785851
    63 -0.000196 0.099625 -0.000034 0.000000 0.000000 -0.314102
    64 -0.088736 -0.688435 -0.145203 2.930407 -0.136130 0.513013
    65 1.712069 -0.003328 -0.000088 0.000023 -0.000021 0.826284
    66 -0.000580 0.100145 -0.000311 -0.010912 0.023129 -0.260841
    67 -0.146030 -0.232426 -0.014225 3.028455 -0.094299 0.113020
    68 1.290632 0.000362 -0.000032 0.000000 0.000000 -0.462967
    69 -0.658121 -0.003575 0.072645 -0.142711 0.027792 -0.077299
    70 1.871986 -0.003049 0.006083 0.000063 -0.000033 0.455771
    71 1.200079 0.399944 -0.000093 0.009465 -0.016087 0.007127
    72 0.000591 0.100342 0.000319 0.120035 0.021926 -0.209617
    73 0.068077 0.002285 -0.080050 3.111376 -0.069366 -0.060847
    74 2.011874 -0.005083 0.006086 -0.000013 -0.000025 1.297769
    75 0.000229 0.099802 0.000395 0.018823 -0.010833 -0.239219
    76 -0.018673 -0.001009 0.047544 3.109244 0.002635 -0.106673
    77 1.178665 0.001595 0.000845 0.000000 0.000000 0.669112
    78 -0.000198 0.099628 0.000034 0.000000 0.000000 -0.314102
    79 0.036892 -0.634449 0.266284 -2.801062 0.174301 0.490914
    80 1.704350 -0.002506 -0.004592 -0.000034 -0.000037 1.003564
    81 -0.000576 0.100136 0.000311 0.010914 -0.023129 -0.260841
    82 -0.003952 -0.281811 0.115047 -3.059162 0.089004 0.167964
    83 1.289627 0.003949 0.000061 -0.000014 0.000003 0.147897
    84 -0.171528 -0.018148 -0.099873 0.013484 -0.062184 -0.011780
    85 0.912716 0.007240 0.001326 0.000019 0.000021 0.597162
    86 -0.342617 0.053404 -0.025571 -2.909301 -0.017248 0.075276
    87 1.100231 -0.000930 -0.002434 0.000069 0.000002 0.414886
    88 -0.384983 0.330998 0.006848 -3.087207 -0.018765 -0.184279
    89 0.678146 0.006192 -0.003905 -0.000006 0.000041 0.251913
    90 -0.123848 0.072737 0.029507 2.898184 -0.060627 0.094834
    91 1.017166 -0.000154 -0.000252 -0.000023 -0.000002 0.298657
    92 -0.344986 0.123129 0.143151 2.994981 0.012396 0.059140
    93 -0.730988 0.177046 0.039141 -0.123731 0.076518 -0.084310
    94 0.921993 0.001298 -0.000896 -0.000014 -0.000071 0.212747
    95 -0.124027 -0.052092 0.038496 3.077813 -0.008519 0.039229
    96 1.100430 -0.003552 0.000503 0.000006 0.000018 0.904156
    97 -0.330082 0.160641 0.042780 3.128073 0.034033 -0.171236
    98 0.675854 0.005438 0.003272 0.000014 0.000003 0.945911
    99 -0.019516 -0.016531 0.038578 -2.763781 0.050305 0.076828
    100 1.014985 0.005113 0.001121 0.000006 0.000007 0.984562
    101 -0.155312 0.130643 -0.021921 -3.022466 0.022433 -0.024903
    102 -0.252209 0.061937 -0.024914 -0.007671 -0.063171 -0.044392
    103 -0.085991 0.185203 -0.015180 -2.937063 -0.113970 -0.138991
    104 -0.286537 0.179852 0.024264 -3.109353 -0.049645 -0.029915
    105 -0.019489 0.147084 0.079203 2.893815 0.038585 -0.060594
    106 -0.046482 0.251898 0.129548 3.016165 0.077112 -0.042864
    107 0.039120 -0.040298 0.047739 3.084219 0.030470 -0.037414
    108 -0.233757 0.066630 0.001754 -3.133086 0.040141 -0.065413
    109 0.044266 0.020128 0.001684 -2.778763 -0.118872 -0.040488
    110 0.071495 0.074127 -0.048302 -3.035917 -0.059482 0.104366
    111 0.000000 0.000000 0.000000 0.000000 0.000000 -1.570796
    112 14.891079 -3.582141 -2.761803 -0.060461 0.001077 0.000000
    113 -3.613392 8.676046 -0.609394 0.457592 -0.765684 -1.451403
    114 -1.541997 0.000000 1.809996 0.000000 0.000000 0.000000
    115 5.560989 0.000000 1.164998 0.000000 0.000000 0.000000
    116 1.770997 -0.313999 1.249997 0.000000 0.000000 -1.570817
    117 3.817992 0.000000 -0.014000 0.000000 0.000000 0.000000
    118 -0.469999 0.000000 -3.436993 0.000000 0.000000 0.000000
    119 -2.237996 0.000000 -3.187994 0.000000 0.000000 0.000000
    120 3.318993 0.000000 3.457993 0.000000 -0.159203 0.000000
    121 0.000000 0.000000 0.000000 0.000000 0.000000 0.000000
    122 0.532999 0.510999 -0.840998 0.000000 0.000000 0.000000
    123 0.000000 0.000000 0.000000 0.000000 0.000000 0.000000
    124 -0.106000 0.000000 64.320000 0.000000 0.000000 0.000000
    125 0.000000 0.000000 0.000000 0.000000 0.000000 0.000000
    126 0.000000 0.000000 0.000000 -0.017557 0.003200 0.003739
    127 24.691357 -3.653713 7.818885 -0.060482 0.001035 0.000048
    128 0.106000 0.000000 -64.320000 0.000000 0.000000 0.000000
    129 0.000000 0.000000 0.000000 0.000000 0.000000 0.000000
    130 0.000000 0.000000 -4.867002 -3.141592 0.000000 -3.128591
    131 0.000000 0.000000 4.867000 -3.141592 0.000000 -3.128591
    132 4.000000 -6.500000 0.000000 0.000000 0.000000 0.000977
    133 -6.500000 0.000000 0.000000 0.000000 1.570796 0.000000
    134 1.000088 -0.000029 0.000000 0.000000 0.000000 0.000000
    135 17.162516 -0.000404 0.000000 0.000000 0.000000 0.119214
    136 9.999891 -0.000303 0.000000 0.000000 0.000000 0.000000
    137 1.000088 -0.000029 0.000000 0.000000 0.000000 0.000000
    138 17.162516 -0.000404 0.000000 0.000000 0.000000 0.119214
    139 9.499836 0.000212 0.000000 0.000000 0.000000 0.000000
    140 0.000000 0.000000 0.000000 0.000000 0.000000 0.000000
    141 17.749374 0.295515 0.000000 0.000000 0.000000 -1.158958
    142 0.017889 0.299792 0.000000 0.000000 0.000000 -0.059582
    143 12.283573 1.581456 -4.696000 1.462269 -0.086726 0.090185
    144 17.749376 0.295515 0.000000 0.000000 0.000000 -1.158958
    145 0.017889 0.299792 0.000000 0.000000 0.000000 -0.059582
    146 13.354000 0.000000 0.000000 0.000000 0.000000 -0.294101
    147 4.530998 0.000000 0.000000 0.000000 0.000000 0.000000
    148 0.000000 0.000000 0.000000 0.000000 0.000000 0.000000
    149 5.413524 0.000347 0.000000 0.000000 0.000000 -0.518055
    150 5.413524 0.000347 0.000000 0.000000 0.000000 -0.518055
    151 4.662001 -5.366332 4.825191 1.569715 1.561305 -3.121216
    152 3.116966 -0.000443 0.000000 0.000000 0.000000 0.294101
    153 4.531197 0.000000 0.000000 0.000000 0.000000 0.000000
    154 -2.158101 0.003000 0.266281 0.000000 -0.078367 0.000000
    155 -5.658181 0.003000 0.015000 0.000000 0.000000 0.000000
    156 -0.024000 0.000000 3.200000 0.000000 0.305210 0.000000
    157 -14.347793 7.470394 -57.794343 0.060305 -0.000851 0.000000
    158 3.512001 -3.547000 -1.066000 0.000000 1.570796 0.000000
    159 3.456001 -3.517000 1.169000 0.000000 1.570796 0.000000
    160 6.233002 0.000000 0.000000 0.000000 0.000000 0.000000
    161 -0.171997 -0.106000 -0.902000 1.570713 1.029176 -3.134550
    162 6.226371 -6.395626 -0.132817 0.003739 0.017569 -0.003140
    163 1.947000 -0.003000 -0.278000 0.000000 0.000000 0.000000
    164 -2.941000 -0.003000 0.381000 0.000000 0.000000 0.000000
    165 -2.941000 -0.003000 0.381000 0.000000 0.000000 0.000000
    166 -0.070000 -0.003000 0.481000 0.000000 0.000000 0.000000
    167 -0.002780 0.000000 0.017476 0.000000 -0.382510 0.000048
    168 3.999434 -0.000527 -0.000332 -0.930900 0.000000 0.000000
    169 3.999901 0.000038 0.001011 0.230946 0.000000 0.000000
    170 1.598000 0.000000 0.000000 0.000000 0.000000 0.000000
    171 -1.145525 0.000130 0.000668 0.000000 0.000000 0.000000
    172 2.299679 -2.499979 -0.599480 0.891980 0.221489 -0.527302
    173 10.991355 -16.648881 1.394271 1.465993 -0.557007 -0.747634
    174 -9.580671 -27.862106 -37.184677 0.812879 -0.123459 -0.568477
    175 0.649933 -0.548295 0.093651 -1.665913 -0.131399 -0.112062
    176 0.657074 0.008402 0.040371 -1.665945 -0.131407 -0.000013
    177 0.665776 0.747221 -0.029190 -1.665935 -0.131408 0.094976
    178 2.300139 -2.499413 0.600159 -0.891967 -0.221464 -0.527285
    179 12.187820 1.068084 0.992054 1.811734 -0.001386 0.197602
    180 2.762350 0.116951 1.523975 1.629482 0.064153 1.743800
    181 7.228317 7.928197 -3.925652 2.328713 0.123459 -0.568477
    182 0.650394 -0.547730 -0.092979 1.665913 0.131399 -0.112062
    183 0.657069 0.008398 -0.040379 1.665945 0.131407 -0.000013
    184 0.665775 0.747221 0.029179 1.665935 0.131408 0.094976
    185 -4.481003 -0.202000 0.000000 0.000000 0.000000 0.000000
    186 -5.516998 -0.291000 -0.001000 0.000000 0.000000 0.000000
    187 -0.857700 0.104071 0.104683 0.023536 0.163924 0.013632
    188 1.899119 0.000423 -0.000439 0.027386 -0.033311 0.477848
    189 1.799661 -0.000233 0.000231 0.027386 -0.033311 0.477848
    190 1.799661 -0.000233 0.000231 0.027386 -0.033311 0.477848
    191 1.799661 -0.000233 0.000231 0.027386 -0.033311 0.477848
    192 1.900310 -0.000137 -0.000517 0.027386 -0.033311 0.477848
    193 1.899435 -0.000317 -0.000150 -0.027386 0.033311 0.477848
    194 1.799662 -0.000240 -0.000233 -0.027386 0.033311 0.477848
    195 1.799662 -0.000240 -0.000233 -0.027386 0.033311 0.477848
    196 1.799662 -0.000240 -0.000233 -0.027386 0.033311 0.477848
    197 1.900729 0.000553 -0.000072 -0.027386 0.033311 0.477848
    198 0.599884 0.400187 -0.000031 0.000000 0.000000 0.000000
    199 0.599886 0.400185 0.000034 0.000000 0.000000 -3.141592
    200 0.599503 0.400694 0.000234 0.000000 0.000000 0.000000
    201 0.600029 -0.000020 -0.000019 0.000000 0.000000 -3.141592
  time 5
    0 0.000000 0.000000 0.000000 0.000000 0.000000 -1.570796
    1 -0.106323 0.000000 -0.000198 0.000000 0.000000 0.000000
    2 0.000000 0.000000 0.000000 0.000000 0.000000 0.000000
    3 -0.904000 0.000000 -11.806000 0.000000 0.000000 0.000000
    4 0.000000 0.000000 -14.313999 0.000000 -1.570796 1.570857
    5 3.533001 0.000000 0.000000 0.000000 0.000000 0.000000
    6 6.250000 0.000000 0.000000 0.000000 0.000000 0.000000
    7 9.568951 1.921959 -1.819016 -0.161306 1.437249 -0.160166
    8 9.562500 1.924805 1.815430 0.098301 -1.350314 -0.096174
    9 5.790726 0.002787 -0.000113 0.107559 0.862307 -0.143345
    10 5.999492 -0.000592 -4.000343 0.000000 0.000000 0.000000
    11 5.791316 0.002582 0.004799 0.977606 -0.683232 -1.278493
    12 5.999492 -0.000592 4.000336 0.000000 0.000000 0.000000
    13 0.500225 0.000133 -0.000088 -0.078965 0.000000 0.000000
    14 11.534559 0.004255 -0.001312 -0.000053 0.000093 -2.387954
    15 -0.829338 0.893824 0.079659 -0.148839 0.047645 0.087266
    16 0.500225 0.000132 0.000076 -0.172464 0.000000 0.000000
    17 11.536401 0.000526 -0.000089 0.000030 -0.000034 -1.748863
    18 -0.829586 0.894698 -0.079464 0.045377 -0.019621 0.087266
    19 10.599884 0.000105 -0.000553 -0.032457 0.000000 0.000000
    20 1.393142 -0.552533 -0.000805 0.000000 0.000011 1.193977
    21 11.042057 -0.000189 0.004704 -0.015368 0.973219 1.288928
    22 -1.214832 0.203470 -0.477489 -0.135025 -0.078677 -0.001289
    23 10.599880 0.000105 0.000549 0.461472 0.000000 0.000000
    24 0.635304 -0.540814 0.000801 0.000000 -0.000011 0.875076
    25 11.041742 0.003171 -0.000571 0.346070 0.187147 0.847190
    26 -1.063377 0.077663 0.150230 0.045121 0.020046 -0.012850
    27 0.610302 -0.939470 0.070343 -1.709904 -0.288628 -0.151791
    28 0.639940 -0.199121 0.060188 -1.668909 -0.275794 -0.052101
    29 0.600155 1.080261 -0.339535 -1.734045 -0.062467 0.074451
    30 0.610207 0.400743 -0.010101 -1.765495 -0.192427 0.068807
    31 0.630809 -0.693997 -0.236250 0.065863 -0.147386 -0.998612
    32 -0.792125 0.203736 0.461300 1.439074 -0.003453 -0.018305
    33 0.610300 -0.939469 -0.070351 1.655649 0.171958 -0.172859
    34 0.639937 -0.199121 -0.060200 1.671196 0.183129 -0.036749
    35 0.600157 1.080259 0.339531 1.741577 0.106882 0.153621
    36 0.610205 0.400743 0.010086 1.766570 0.125877 0.080252
    37 0.624002 -0.695300 0.232270 -0.770276 -0.549745 -0.849639
    38 -0.626031 -0.069983 -0.080517 -1.447153 0.086151 0.021559
    39 2.621377 -0.002532 -0.001438 -0.060854 -0.239345 0.191752
    40 2.660837 0.000397 -0.000071 -0.284257 -0.174081 0.557873
    41 2.206394 0.003368 -0.006769 -0.125949 -0.087266 0.396149
    42 0.599952 0.959240 -0.300102 -0.174544 0.000000 0.000000
    43 2.557190 -0.005873 0.006359 -0.023267 -0.020734 0.658368
    44 2.095024 -0.003873 -0.002193 -0.249706 0.321381 0.530710
    45 0.999380 -0.000236 -1.099991 -0.000001 0.000000 0.000000
    46 -0.122639 -0.721856 0.661690 -0.486644 0.223964 0.243056
    47 2.622113 -0.000648 0.002741 0.015611 0.271061 0.082887
    48 2.654002 0.004589 -0.000533 0.322092 0.240102 1.085196
    49 2.200016 0.001663 0.000836 0.262942 -0.039538 1.072938
    50 0.599951 0.959244 0.300102 0.174544 0.000000 0.000000
    51 2.556570 -0.004291 0.000554 0.263791 0.129491 1.165899
    52 2.103851 0.005614 -0.001014 0.559629 -0.276313 0.398507
    53 0.999374 -0.000237 1.318740 0.000000 0.000000 -0.070625
    54 0.310846 -0.606445 -0.498005 0.308107 -0.197598 0.313976
    55 1.873069 -0.000835 -0.000994 -0.000019 -0.000044 0.491091
    56 1.200941 0.399582 -0.000237 -0.009465 0.016087 0.007127
    57 0.000586 0.100342 -0.000319 -0.120035 -0.021926 -0.209617
    58 -0.161663 0.051712 0.194808 -2.941982 0.122408 -0.060194
    59 2.010092 -0.003202 -0.003377 0.000018 0.000013 0.743466
    60 0.000240 0.099802 -0.000395 -0.018823 0.010833 -0.239219
    61 -0.203197 0.048607 0.069150 -3.093332 0.033217 -0.046722
    62 1.180428 -0.006214 0.000780 -0.000026 -0.000048 0.822862
    63 -0.000196 0.099625 -0.000034 0.000000 0.000000 -0.314102
    64 -0.088736 -0.688435 -0.145203 2.930407 -0.136130 0.513013
    65 1.715976 -0.003328 -0.000088 0.000023 -0.000021 0.881629
    66 -0.000580 0.100145 -0.000311 -0.010912 0.023129 -0.260841
    67 -0.146030 -0.232426 -0.014225 3.028455 -0.094299 0.113020
    68 1.290632 0.000362 -0.000032 0.000000 0.000000 -0.400876
    69 -0.658121 -0.003575 0.072645 -0.142711 0.027792 -0.077299
    70 1.868080 -0.003049 0.006083 0.000003 -0.000021 0.314685
    71 1.200079 0.399944 -0.000093 0.009465 -0.016087 0.007127
    72 0.000591 0.100342 0.000319 0.120035 0.021926 -0.209617
    73 0.068077 0.002285 -0.080050 3.111376 -0.069366 -0.060847
    74 2.015780 -0.005083 0.006086 -0.000013 -0.000025 1.297769
    75 0.000229 0.099802 0.000395 0.018823 -0.010833 -0.239219
    76 -0.018673 -0.001009 0.047544 3.109244 0.002635 -0.106673
    77 1.178665 0.001595 0.000845 0.000000 0.000000 0.669112
    78 -0.000198 0.099628 0.000034 0.000000 0.000000 -0.314102
    79 0.036892 -0.634449 0.266284 -2.801062 0.174301 0.490914
    80 1.704350 -0.002506 -0.004592 -0.000034 -0.000037 1.003564
    81 -0.000576 0.100136 0.000311 0.010914 -0.023129 -0.260841
    82 -0.003952 -0.281811 0.115047 -3.059162 0.089004 0.167964
    83 1.289627 0.003949 0.000061 -0.000026 -0.000045 0.176177
    84 -0.171528 -0.018148 -0.099873 0.013484 -0.062184 -0.011780
    85 0.912716 0.007240 0.001326 -0.000041 0.000033 0.589345
    86 -0.342617 0.053404 -0.025571 -2.909301 -0.017248 0.075276
    87 1.100231 -0.000930 -0.002434 0.000009 0.000014 0.626161
    88 -0.384983 0.330998 0.006848 -3.087207 -0.018765 -0.184279
    89 0.678146 0.006192 0.000002 -0.000078 -0.000007 0.371426
    90 -0.123848 0.072737 0.029507 2.898184 -0.060627 0.094834
    91 1.017166 -0.000154 -0.000252 -0.000023 -0.000014 0.401879
    92 -0.344986 0.123129 0.143151 2.994981 0.012396 0.059140
    93 -0.730988 0.177046 0.039141 -0.123731 0.076518 -0.084310
    94 0.921993 0.001298 -0.000896 -0.000002 -0.000011 0.157466
    95 -0.124027 -0.052092 0.038496 3.077813 -0.008519 0.039229
    96 1.100430 -0.007458 0.000503 0.000006 0.000018 0.904156
    97 -0.330082 0.160641 0.042780 3.128073 0.034033 -0.171236
    98 0.675854 0.005438 0.003272 0.000014 0.000003 0.945911
    99 -0.019516 -0.016531 0.038578 -2.763781 0.050305 0.076828
    100 1.014985 0.005113 0.001121 -0.000006 0.000007 0.984562
    101 -0.155312 0.130643 -0.021921 -3.022466 0.022433 -0.024903
    102 -0.252209 0.061937 -0.024914 -0.007671 -0.063171 -0.044392
    103 -0.085991 0.185203 -0.015180 -2.937063 -0.113970 -0.138991
    104 -0.286537 0.179852 0.024264 -3.109353 -0.049645 -0.029915
    105 -0.019489 0.147084 0.079203 2.893815 0.038585 -0.060594
    106 -0.046482 0.251898 0.129548 3.016165 0.077112 -0.042864
    107 0.039120 -0.040298 0.047739 3.084219 0.030470 -0.037414
    108 -0.233757 0.066630 0.001754 -3.133086 0.040141 -0.065413
    109 0.044266 0.020128 0.001684 -2.778763 -0.118872 -0.040488
    110 0.071495 0.074127 -0.048302 -3.035917 -0.059482 0.104366
    111 0.000000 0.000000 0.000000 0.000000 0.000000 -1.570796
    112 14.816858 -3.554796 -2.816492 -0.056081 -0.000047 0.000280
    113 -3.601672 8.754173 -0.687521 0.463381 -0.767385 -1.455348
    114 -1.541997 0.000000 1.809996 0.000000 0.000000 0.000000
    115 5.560989 0.000000 1.164998 0.000000 0.000000 0.000000
    116 1.770997 -0.313999 1.249997 0.000000 0.000000 -1.570817
    117 3.817992 0.000000 -0.014000 0.000000 0.000000 0.000000
    118 -0.469999 0.000000 -3.436993 0.000000 0.000000 0.000000
    119 -2.237996 0.000000 -3.187994 0.000000 0.000000 0.000000
    120 3.318993 0.000000 3.457993 0.000000 -0.159203 0.000000
    121 0.000000 0.000000 0.000000 0.000000 0.000000 0.000000
    122 0.532999 0.510999 -0.840998 0.000000 0.000000 0.000000
    123 0.000000 0.000000 0.000000 0.000000 0.000000 0.000000
    124 -0.106000 0.000000 64.320000 0.000000 0.000000 0.000000
    125 0.000000 0.000000 0.000000 0.000000 0.000000 0.000000
    126 0.000000 0.000000 0.000000 -0.015172 0.003727 0.003559
    127 24.621042 -3.622462 7.775915 -0.056102 -0.000042 0.000235
    128 0.106000 0.000000 -64.320000 0.000000 0.000000 0.000000
    129 0.000000 0.000000 0.000000 0.000000 0.000000 0.000000
    130 0.000000 0.000000 -4.867002 -3.141592 0.000000 -3.128591
    131 0.000000 0.000000 4.867000 -3.141592 0.000000 -3.128591
    132 4.000000 -6.500000 0.000000 0.000000 0.000000 0.000977
    133 -6.500000 0.000000 0.000000 0.000000 1.570796 0.000000
    134 1.000088 -0.000029 0.000000 0.000000 0.000000 0.000000
    135 17.162516 -0.000404 0.000000 0.000000 0.000000 0.119214
    136 9.999891 -0.000303 0.000000 0.000000 0.000000 0.000000
    137 1.000088 -0.000029 0.000000 0.000000 0.000000 0.000000
    138 17.162516 -0.000404 0.000000 0.000000 0.000000 0.119214
    139 9.499836 0.000212 0.000000 0.000000 0.000000 0.000000
    140 0.000000 0.000000 0.000000 0.000000 0.000000 0.000000
    141 17.749374 0.295515 0.000000 0.000000 0.000000 -1.158958
    142 0.017889 0.299792 0.000000 0.000000 0.000000 -0.059582
    143 12.283573 1.581456 -4.696000 1.462269 -0.086726 0.090185
    144 17.749376 0.295515 0.000000 0.000000 0.000000 -1.158958
    145 0.017889 0.299792 0.000000 0.000000 0.000000 -0.059582
    146 13.354000 0.000000 0.000000 0.000000 0.000000 -0.294101
    147 4.530998 0.000000 0.000000 0.000000 0.000000 0.000000
    148 0.000000 0.000000 0.000000 0.000000 0.000000 0.000000
    149 5.413524 0.000347 0.000000 0.000000 0.000000 -0.518055
    150 5.413524 0.000347 0.000000 0.000000 0.000000 -0.518055
    151 4.662001 -5.366332 4.825191 1.569715 1.561305 -3.121216
    152 3.116966 -0.000443 0.000000 0.000000 0.000000 0.294101
    153 4.531197 0.000000 0.000000 0.000000 0.000000 0.000000
    154 -2.154195 0.003000 0.266281 0.000000 -0.078355 0.000000
    155 -5.654274 0.003000 0.015000 0.000000 0.000000 0.000000
    156 -0.024000 0.000000 3.200000 0.000000 0.305210 0.000000
    157 -14.406388 7.200854 -57.751373 0.056387 0.001388 0.000000
    158 3.512001 -3.547000 -1.066000 0.000000 1.570796 0.000000
    159 3.456001 -3.517000 1.169000 0.000000 1.570796 0.000000
    160 6.233002 0.000000 0.000000 0.000000 0.000000 0.000000
    161 -0.171997 -0.106000 -0.902000 1.570713 1.029176 -3.134550
    162 6.226371 -6.395626 -0.113285 0.003559 0.015184 -0.003679
    163 1.947000 -0.003000 -0.278000 0.000000 0.000000 0.000000
    164 -2.941000 -0.003000 0.381000 0.000000 0.000000 0.000000
    165 -2.941000 -0.003000 0.381000 0.000000 0.000000 0.000000
    166 -0.070000 -0.003000 0.481000 0.000000 0.000000 0.000000
    167 -0.002780 0.000000 0.017476 0.000000 -0.382498 0.000048
    168 3.999434 -0.000527 -0.000332 -0.016380 0.000048 0.000000
    169 3.999901 0.000038 0.001011 0.232518 0.000000 0.000000
    170 1.598000 0.000000 0.000000 0.000000 0.000000 0.000000
    171 -1.145525 0.000130 0.000668 0.000000 0.000000 0.000000
    172 2.299679 -2.499979 -0.599480 0.891980 0.221489 -0.527302
    173 7.459998 -18.766133 10.964876 1.344352 -1.068304 -0.835339
    174 -9.580671 -27.862106 -37.184677 0.812879 -0.123459 -0.568477
    175 0.649933 -0.548295 0.093651 -1.665913 -0.131399 -0.112062
    176 0.657074 0.008402 0.040371 -1.665945 -0.131407 -0.000013
    177 0.665776 0.747221 -0.029190 -1.665935 -0.131408 0.094976
    178 2.300139 -2.499413 0.600159 -0.891994 -0.221476 -0.527285
    179 12.187820 1.068084 0.992054 1.811734 -0.001386 0.197602
    180 2.762350 0.116951 1.523975 1.629482 0.064153 1.743800
    181 7.228317 7.928197 -3.925652 2.328713 0.123459 -0.568477
    182 0.650394 -0.547730 -0.092979 1.665913 0.131399 -0.112062
    183 0.657069 0.008398 -0.040379 1.665945 0.131407 -0.000013
    184 0.665775 0.747221 0.029179 1.665935 0.131408 0.094976
    185 -4.481003 -0.202000 0.000000 0.000000 0.000000 0.000000
    186 -5.516998 -0.291000 -0.001000 0.000000 0.000000 0.000000
    187 -0.857700 0.104071 0.104683 0.023536 0.163924 0.013632
    188 1.899119 0.000423 -0.000439 0.027386 -0.033311 0.477848
    189 1.799661 -0.000233 0.000231 0.027386 -0.033311 0.477848
    190 1.799661 -0.000233 0.000231 0.027386 -0.033311 0.477848
    191 1.799661 -0.000233 0.000231 0.027386 -0.033311 0.477848
    192 1.900310 -0.000137 -0.000517 0.027386 -0.033311 0.477848
    193 1.899435 -0.000317 -0.000150 -0.027386 0.033311 0.477848
    194 1.799662 -0.000240 -0.000233 -0.027386 0.033311 0.477848
    195 1.799662 -0.000240 -0.000233 -0.027386 0.033311 0.477848
    196 1.799662 -0.000240 -0.000233 -0.027386 0.033311 0.477848
    197 1.900729 0.000553 -0.000072 -0.027386 0.033311 0.477848
    198 0.599884 0.400187 -0.000031 0.000000 0.000000 0.000000
    199 0.599886 0.400185 0.000034 0.000000 0.000000 -3.141592
    200 0.599503 0.400694 0.000234 0.000000 0.000000 0.000000
    201 0.600029 -0.000020 -0.000019 0.000000 0.000000 -3.141592
  time 6
    0 0.000000 0.000000 0.000000 0.000000 0.000000 -1.570796
    1 -0.106323 0.000000 -0.000198 0.000000 0.000000 0.000000
    2 0.000000 0.000000 0.000000 0.000000 0.000000 0.000000
    3 -0.904000 0.000000 -11.806000 0.000000 0.000000 0.000000
    4 0.000000 0.000000 -14.313999 0.000000 -1.570796 1.570857
    5 3.533001 0.000000 0.000000 0.000000 0.000000 0.000000
    6 6.250000 0.000000 0.000000 0.000000 0.000000 0.000000
    7 9.568951 1.921959 -1.819016 -0.161306 1.437249 -0.160166
    8 9.562500 1.924805 1.815430 0.098301 -1.350314 -0.096174
    9 5.790726 0.002787 -0.000113 0.567929 0.884483 0.302992
    10 5.999492 -0.000592 -4.000343 0.000000 0.000000 0.000000
    11 5.791316 0.002582 0.004799 0.977606 -0.690388 -1.280942
    12 5.999492 -0.000592 4.000336 0.000000 0.000000 0.000000
    13 0.500225 0.000133 -0.000088 -0.181273 0.000000 0.000000
    14 11.534559 0.004255 -0.001312 0.000007 -0.000075 -2.225928
    15 -0.829338 0.893824 0.079659 -0.148839 0.047645 0.087266
    16 0.500225 0.000132 0.000076 -0.171530 0.000000 0.000000
    17 11.532495 0.004432 -0.000089 0.000042 0.000026 -1.756335
    18 -0.829586 0.894698 -0.079464 0.045377 -0.019621 0.087266
    19 10.599884 0.000105 -0.000553 0.277273 0.000000 0.000000
    20 1.197823 -0.591597 -0.000805 0.000072 0.000023 1.113066
    21 11.042057 0.003717 0.004704 0.569380 1.089260 0.953166
    22 -1.214832 0.203470 -0.477489 -0.135025 -0.078677 -0.001289
    23 10.599880 0.000105 0.000549 0.468010 0.000000 0.000048
    24 0.639210 -0.536908 0.000801 0.000000 -0.000011 0.877507
    25 11.041742 0.003171 -0.000571 0.354084 0.197403 0.845888
    26 -1.063377 0.077663 0.150230 0.045121 0.020046 -0.012850
    27 0.610302 -0.939470 0.070343 -1.709955 -0.288568 -0.151803
    28 0.639940 -0.199121 0.060188 -1.668858 -0.275734 -0.052101
    29 0.600155 1.080261 -0.339535 -1.733886 -0.032961 0.069598
    30 0.610207 0.400743 -0.010101 -1.765549 -0.192379 0.068795
    31 0.630809 -0.693997 -0.232343 0.143212 -0.010253 -0.905020
    32 -0.792125 0.203736 0.461300 1.439074 -0.003453 -0.018305
    33 0.610300 -0.939469 -0.070351 1.655649 0.171958 -0.172859
    34 0.639937 -0.199121 -0.060200 1.671196 0.183129 -0.036749
    35 0.600157 1.080259 0.339531 1.741577 0.106882 0.153621
    36 0.610205 0.400743 0.010086 1.766570 0.125877 0.080252
    37 0.624002 -0.695300 0.232270 -0.769768 -0.538883 -0.757460
    38 -0.626031 -0.069983 -0.080517 -1.447153 0.086151 0.021559
    39 2.621377 -0.002532 -0.001438 -0.013092 -0.316943 0.387735
    40 2.660837 0.000397 -0.000071 -0.316452 -0.174848 0.867718
    41 2.202488 0.003368 -0.002863 -0.225528 -0.003405 0.884344
    42 0.599952 0.959240 -0.300102 -0.174544 0.000000 0.000000
    43 2.553283 -0.005873 0.006359 -0.104363 -0.012022 1.017089
    44 2.095024 -0.003873 -0.002193 -0.215394 0.379660 0.646306
    45 0.999380 -0.000236 -1.142961 -0.000001 0.000000 0.000000
    46 -0.122639 -0.721856 0.661690 -0.486644 0.223964 0.243056
    47 2.622113 -0.000648 0.006647 -0.110518 0.168462 0.031279
    48 2.657909 0.004589 -0.000533 0.322092 0.240102 1.085240
    49 2.200016 0.001663 0.000836 0.262942 -0.039550 1.072938
    50 0.599951 0.959244 0.300102 0.174544 0.000000 0.000000
    51 2.556570 -0.004291 0.000554 0.263779 0.129491 1.165899
    52 2.103851 0.005614 -0.001014 0.554461 -0.298653 0.433314
    53 0.999374 -0.000237 1.353898 0.000000 0.000000 -0.070625
    54 0.310846 -0.606445 -0.498005 0.308107 -0.197598 0.313976
    55 1.869163 -0.004741 -0.000994 -0.000067 0.000027 0.630157
    56 1.200941 0.399582 -0.000237 -0.009465 0.016087 0.007127
    57 0.000586 0.100342 -0.000319 -0.120035 -0.021926 -0.209617
    58 -0.161663 0.051712 0.194808 -2.941982 0.122408 -0.060194
    59 2.010092 -0.007109 -0.007284 0.000077 -0.000011 0.839775
    60 0.000240 0.099802 -0.000395 -0.018823 0.010833 -0.239219
    61 -0.203197 0.048607 0.069150 -3.093332 0.033217 -0.046722
    62 1.180428 -0.006214 0.000780 -0.000026 -0.000048 0.853710
    63 -0.000196 0.099625 -0.000034 0.000000 0.000000 -0.314102
    64 -0.088736 -0.688435 -0.145203 2.930407 -0.136130 0.513013
    65 1.712069 0.000578 0.003818 0.000023 -0.000021 0.936974
    66 -0.000580 0.100145 -0.000311 -0.010912 0.023129 -0.260841
    67 -0.146030 -0.232426 -0.014225 3.028455 -0.094299 0.113020
    68 1.290632 0.000362 -0.000032 0.000000 -0.000048 -0.326947
    69 -0.658121 -0.003575 0.072645 -0.142711 0.027792 -0.077299
    70 1.868080 -0.003049 0.006083 0.000003 -0.000021 0.243223
    71 1.200079 0.399944 -0.000093 0.009465 -0.016087 0.007127
    72 0.000591 0.100342 0.000319 0.120035 0.021926 -0.209617
    73 0.068077 0.002285 -0.080050 3.111376 -0.069366 -0.060847
    74 2.011874 -0.005083 0.006086 -0.000013 -0.000025 1.297769
    75 0.000229 0.099802 0.000395 0.018823 -0.010833 -0.239219
    76 -0.018673 -0.001009 0.047544 3.109244 0.002635 -0.106673
    77 1.178665 0.001595 0.000845 0.000000 0.000000 0.669112
    78 -0.000198 0.099628 0.000034 0.000000 0.000000 -0.314102
    79 0.036892 -0.634449 0.266284 -2.801062 0.174301 0.490914
    80 1.704350 -0.002506 -0.004592 -0.000046 -0.000037 1.003564
    81 -0.000576 0.100136 0.000311 0.010914 -0.023129 -0.260841
    82 -0.003952 -0.281811 0.115047 -3.059162 0.089004 0.167964
    83 1.289627 0.003949 0.000061 -0.000014 0.000003 0.252974
    84 -0.171528 -0.018148 -0.099873 0.013484 -0.062184 -0.011780
    85 0.912716 0.007240 0.001326 -0.000005 0.000033 0.586612
    86 -0.342617 0.053404 -0.025571 -2.909301 -0.017248 0.075276
    87 1.100231 -0.000930 -0.002434 0.000009 0.000014 0.878318
    88 -0.384983 0.330998 0.006848 -3.087207 -0.018765 -0.184279
    89 0.678146 0.006192 -0.003905 -0.000018 -0.000019 0.514019
    90 -0.123848 0.072737 0.029507 2.898184 -0.060627 0.094834
    91 1.017166 -0.000154 -0.000252 0.000037 -0.000038 0.524964
    92 -0.344986 0.123129 0.143151 2.994981 0.012396 0.059140
    93 -0.730988 0.177046 0.039141 -0.123731 0.076518 -0.084310
    94 0.925900 0.001298 -0.000896 -0.000002 -0.000011 0.137150
    95 -0.124027 -0.052092 0.038496 3.077813 -0.008519 0.039229
    96 1.100430 -0.003552 0.000503 0.000006 0.000018 0.904156
    97 -0.330082 0.160641 0.042780 3.128073 0.034033 -0.171236
    98 0.675854 0.005438 0.003272 0.000014 0.000003 0.945911
    99 -0.019516 -0.016531 0.038578 -2.763781 0.050305 0.076828
    100 1.018891 0.001206 0.001121 -0.000006 0.000007 0.984562
    101 -0.155312 0.130643 -0.021921 -3.022466 0.022433 -0.024903
    102 -0.252209 0.061937 -0.024914 -0.007671 -0.063171 -0.044392
    103 -0.085991 0.185203 -0.015180 -2.937063 -0.113970 -0.138991
    104 -0.286537 0.179852 0.024264 -3.109353 -0.049645 -0.029915
    105 -0.019489 0.147084 0.079203 2.893815 0.038585 -0.060594
    106 -0.046482 0.251898 0.129548 3.016165 0.077112 -0.042864
    107 0.039120 -0.040298 0.047739 3.084219 0.030470 -0.037414
    108 -0.233757 0.066630 0.001754 -3.133086 0.040141 -0.065413
    109 0.044266 0.020128 0.001684 -2.778763 -0.118872 -0.040488
    110 0.071495 0.074127 -0.048302 -3.035917 -0.059482 0.104366
    111 0.000000 0.000000 0.000000 0.000000 0.000000 -1.570796
    112 14.738731 -3.554796 -2.843837 -0.043227 -0.005150 0.000000
    113 -3.621204 8.844020 -0.835963 0.480412 -0.773866 -1.467271
    114 -1.541997 0.000000 1.809996 0.000000 0.000000 0.000000
    115 5.560989 0.000000 1.164998 0.000000 0.000000 0.000000
    116 1.770997 -0.313999 1.249997 0.000000 0.000000 -1.570817
    117 3.817992 0.000000 -0.014000 0.000000 0.000000 0.000000
    118 -0.469999 0.000000 -3.436993 0.000000 0.000000 0.000000
    119 -2.237996 0.000000 -3.187994 0.000000 0.000000 0.000000
    120 3.318993 0.000000 3.457993 0.000000 -0.159203 0.000000
    121 0.000000 0.000000 0.000000 0.000000 0.000000 0.000000
    122 0.532999 0.510999 -0.840998 0.000000 0.000000 0.000000
    123 0.000000 0.000000 0.000000 0.000000 0.000000 0.000000
    124 -0.106000 0.000000 64.320000 0.000000 0.000000 0.000000
    125 0.000000 0.000000 0.000000 0.000000 0.000000 0.000000
    126 0.000000 0.000000 0.000000 -0.012800 0.004278 0.003380
    127 24.546821 -3.614649 7.795447 -0.043343 -0.005192 0.000048
    128 0.106000 0.000000 -64.320000 0.000000 0.000000 0.000000
    129 0.000000 0.000000 0.000000 0.000000 0.000000 0.000000
    130 0.000000 0.000000 -4.867002 -3.141592 0.000000 -3.128591
    131 0.000000 0.000000 4.867000 -3.141592 0.000000 -3.128591
    132 4.000000 -6.500000 0.000000 0.000000 0.000000 0.000977
    133 -6.500000 0.000000 0.000000 0.000000 1.570796 0.000000
    134 1.000088 -0.000029 0.000000 0.000000 0.000000 0.000000
    135 17.162516 -0.000404 0.000000 0.000000 0.000000 0.119214
    136 9.999891 -0.000303 0.000000 0.000000 0.000000 0.000000
    137 1.000088 -0.000029 0.000000 0.000000 0.000000 0.000000
    138 17.162516 -0.000404 0.000000 0.000000 0.000000 0.119214
    139 9.499836 0.000212 0.000000 0.000000 0.000000 0.000000
    140 0.000000 0.000000 0.000000 0.000000 0.000000 0.000000
    141 17.749374 0.295515 0.000000 0.000000 0.000000 -1.158958
    142 0.017889 0.299792 0.000000 0.000000 0.000000 -0.059582
    143 12.283573 1.581456 -4.696000 1.462269 -0.086726 0.090185
    144 17.749376 0.295515 0.000000 0.000000 0.000000 -1.158958
    145 0.017889 0.299792 0.000000 0.000000 0.000000 -0.059582
    146 13.354000 0.000000 0.000000 0.000000 0.000000 -0.294101
    147 4.530998 0.000000 0.000000 0.000000 0.000000 0.000000
    148 0.000000 0.000000 0.000000 0.000000 0.000000 0.000000
    149 5.413524 0.000347 0.000000 0.000000 0.000000 -0.518055
    150 5.413524 0.000347 0.000000 0.000000 0.000000 -0.518055
    151 4.662001 -5.366332 4.825191 1.569715 1.561305 -3.121216
    152 3.116966 -0.000443 0.000000 0.000000 0.000000 0.294101
    153 4.531197 0.000000 0.000000 0.000000 0.000000 0.000000
    154 -2.154195 0.003000 0.266281 0.000000 -0.078355 0.000000
    155 -5.654274 0.003000 0.015000 0.000000 0.000000 0.000000
    156 -0.024000 0.000000 3.200000 0.000000 0.305210 0.000000
    157 -14.586081 6.384423 -57.739654 0.043198 0.005328 0.000183
    158 3.512001 -3.547000 -1.066000 0.000000 1.570796 0.000000
    159 3.456001 -3.517000 1.169000 0.000000 1.570796 0.000000
    160 6.233002 0.000000 0.000000 0.000000 0.000000 0.000000
    161 -0.171997 -0.106000 -0.902000 1.570713 1.029176 -3.134550
    162 6.226371 -6.395626 -0.089846 0.003380 0.012824 -0.004243
    163 1.947000 -0.003000 -0.278000 0.000000 0.000000 0.000000
    164 -2.941000 -0.003000 0.381000 0.000000 0.000000 0.000000
    165 -2.941000 -0.003000 0.381000 0.000000 0.000000 0.000000
    166 -0.070000 -0.003000 0.481000 0.000000 0.000000 0.000000
    167 -0.002780 0.000000 0.017476 0.000000 -0.382498 0.000048
    168 3.999434 -0.000527 -0.000332 0.138595 0.000036 0.000060
    169 3.999901 0.000038 0.001011 0.234032 0.000000 0.000000
    170 1.598000 0.000000 0.000000 0.000000 0.000000 0.000000
    171 -1.145525 0.000130 0.000668 0.000000 0.000000 0.000000
    172 2.299679 -2.499979 -0.599480 0.891980 0.221489 -0.527302
    173 2.862201 -13.914423 20.594076 -0.337734 -1.430713 0.906637
    174 -9.580671 -27.862106 -37.184677 0.812879 -0.123459 -0.568477
    175 0.649933 -0.548295 0.093651 -1.665913 -0.131399 -0.112062
    176 0.657074 0.008402 0.040371 -1.665945 -0.131407 -0.000013
    177 0.665776 0.747221 -0.029190 -1.665935 -0.131408 0.094976
    178 2.300139 -2.499413 0.600159 -0.891994 -0.221488 -0.527285
    179 12.187820 1.068084 0.992054 1.811734 -0.001386 0.197602
    180 2.762350 0.116951 1.523975 1.629482 0.064153 1.743800
    181 7.228317 7.928197 -3.925652 2.328713 0.123459 -0.568477
    182 0.650394 -0.547730 -0.092979 1.665913 0.131399 -0.112062
    183 0.657069 0.008398 -0.040379 1.665945 0.131407 -0.000013
    184 0.665775 0.747221 0.029179 1.665935 0.131408 0.094976
    185 -4.481003 -0.202000 0.000000 0.000000 0.000000 0.000000
    186 -5.516998 -0.291000 -0.001000 0.000000 0.000000 0.000000
    187 -0.857700 0.104071 0.104683 0.023536 0.163924 0.013632
    188 1.899119 0.000423 -0.000439 0.027386 -0.033311 0.477848
    189 1.799661 -0.000233 0.000231 0.027386 -0.033311 0.477848
    190 1.799661 -0.000233 0.000231 0.027386 -0.033311 0.477848
    191 1.799661 -0.000233 0.000231 0.027386 -0.033311 0.477848
    192 1.900310 -0.000137 -0.000517 0.027386 -0.033311 0.477848
    193 1.899435 -0.000317 -0.000150 -0.027386 0.033311 0.477848
    194 1.799662 -0.000240 -0.000233 -0.027386 0.033311 0.477848
    195 1.799662 -0.000240 -0.000233 -0.027386 0.033311 0.477848
    196 1.799662 -0.000240 -0.000233 -0.027386 0.033311 0.477848
    197 1.900729 0.000553 -0.000072 -0.027386 0.033311 0.477848
    198 0.599884 0.400187 -0.000031 0.000000 0.000000 0.000000
    199 0.599886 0.400185 0.000034 0.000000 0.000000 -3.141592
    200 0.599503 0.400694 0.000234 0.000000 0.000000 0.000000
    201 0.600029 -0.000020 -0.000019 0.000000 0.000000 -3.141592
  time 7
    0 0.000000 0.000000 0.000000 0.000000 0.000000 -1.570796
    1 -0.106323 0.000000 -0.000198 0.000000 0.000000 0.000000
    2 0.000000 0.000000 0.000000 0.000000 0.000000 0.000000
    3 -0.904000 0.000000 -11.806000 0.000000 0.000000 0.000000
    4 0.000000 0.000000 -14.313999 0.000000 -1.570796 1.570857
    5 3.533001 0.000000 0.000000 0.000000 0.000000 0.000000
    6 6.250000 0.000000 0.000000 0.000000 0.000000 0.000000
    7 9.568951 1.921959 -1.819016 -0.161306 1.437249 -0.160166
    8 9.562500 1.924805 1.815430 0.098301 -1.350314 -0.096174
    9 5.790726 0.002787 -0.000113 0.762528 1.029250 0.368814
    10 5.999492 -0.000592 -4.000343 0.000000 0.000000 0.000000
    11 5.791316 0.002582 0.004799 0.977685 -0.700713 -1.284208
    12 5.999492 -0.000592 4.000336 0.000000 0.000000 0.000000
    13 0.500225 0.000133 -0.000088 -0.283508 0.000000 0.000000
    14 11.534559 0.004255 -0.001312 0.000079 0.000021 -1.901648
    15 -0.829338 0.893824 0.079659 -0.148839 0.047645 0.087266
    16 0.500225 0.000132 0.000076 -0.169980 0.000000 0.000000
    17 11.532495 0.004432 -0.000089 0.000042 0.000026 -1.759817
    18 -0.829586 0.894698 -0.079464 0.045377 -0.019621 0.087266
    19 10.599884 0.000105 -0.000553 0.429915 0.000000 0.000000
    20 0.814999 -0.583784 -0.000805 0.000036 0.000047 0.950901
    21 11.042057 0.003717 0.000798 1.036581 1.084828 0.687649
    22 -1.214832 0.203470 -0.477489 -0.135025 -0.078677 -0.001289
    23 10.599880 0.000105 0.000549 0.479797 0.000000 0.000000
    24 0.647023 -0.544720 0.000801 0.000000 -0.000011 0.879937
    25 11.041742 0.003171 -0.000571 0.370965 0.212555 0.836632
    26 -1.063377 0.077663 0.150230 0.045121 0.020046 -0.012850
    27 0.610302 -0.939470 0.070343 -1.709955 -0.288520 -0.151814
    28 0.639940 -0.199121 0.060188 -1.668807 -0.275662 -0.052113
    29 0.600155 1.080261 -0.339535 -1.733727 -0.008117 0.065523
    30 0.610207 0.400743 -0.010101 -1.765549 -0.192320 0.068783
    31 0.634715 -0.693997 -0.232343 0.207905 0.104649 -0.826484
    32 -0.792125 0.203736 0.461300 1.439074 -0.003453 -0.018305
    33 0.610300 -0.939469 -0.070351 1.655649 0.171958 -0.172859
    34 0.639937 -0.199121 -0.060200 1.671196 0.183129 -0.036749
    35 0.600157 1.080259 0.339531 1.741577 0.106882 0.153621
    36 0.610205 0.400743 0.010086 1.766570 0.125877 0.080252
    37 0.624002 -0.691393 0.232270 -0.769666 -0.534799 -0.715459
    38 -0.626031 -0.069983 -0.080517 -1.447153 0.086151 0.021559
    39 2.621377 -0.002532 -0.001438 0.019900 -0.381612 0.551796
    40 2.660837 0.000397 -0.000071 -0.343516 -0.175208 1.127587
    41 2.206394 0.003368 -0.006769 -0.308953 0.066900 1.293349
    42 0.599952 0.959240 -0.300102 -0.174544 0.000000 0.000000
    43 2.557190 -0.001967 0.006359 -0.172436 -0.004831 1.317598
    44 2.095024 0.000033 -0.002193 -0.181035 0.424347 0.747290
    45 0.999380 -0.000236 -1.189838 -0.000001 0.000000 0.000000
    46 -0.122639 -0.721856 0.661690 -0.486644 0.223964 0.243056
    47 2.622113 -0.000648 0.002741 -0.178578 0.119225 0.003610
    48 2.657909 0.004589 -0.000533 0.322092 0.240102 1.085240
    49 2.200016 0.005570 0.000836 0.262942 -0.039550 1.072938
    50 0.599951 0.959244 0.300102 0.174544 0.000000 0.000000
    51 2.556570 -0.000385 0.000554 0.263779 0.129491 1.165899
    52 2.103851 0.001708 -0.001014 0.551738 -0.307977 0.449650
    53 0.999374 -0.000237 1.392961 0.000000 0.000000 -0.070625
    54 0.310846 -0.606445 -0.498005 0.308107 -0.197598 0.313976
    55 1.873069 -0.004741 -0.004901 0.000053 -0.000008 0.746624
    56 1.200941 0.399582 -0.000237 -0.009465 0.016087 0.007127
    57 0.000586 0.100342 -0.000319 -0.120035 -0.021926 -0.209617
    58 -0.161663 0.051712 0.194808 -2.941982 0.122408 -0.060194
    59 2.010092 -0.007109 -0.007284 0.000018 0.000013 0.920560
    60 0.000240 0.099802 -0.000395 -0.018823 0.010833 -0.239219
    61 -0.203197 0.048607 0.069150 -3.093332 0.033217 -0.046722
    62 1.180428 -0.006214 0.000780 0.000034 -0.000024 0.875200
    63 -0.000196 0.099625 -0.000034 0.000000 0.000000 -0.314102
    64 -0.088736 -0.688435 -0.145203 2.930407 -0.136130 0.513013
    65 1.712069 0.000578 0.003818 0.000023 -0.000021 0.978471
    66 -0.000580 0.100145 -0.000311 -0.010912 0.023129 -0.260841
    67 -0.146030 -0.232426 -0.014225 3.028455 -0.094299 0.113020
    68 1.290632 0.000362 -0.000032 0.000000 0.000000 -0.264828
    69 -0.658121 -0.003575 0.072645 -0.142711 0.027792 -0.077299
    70 1.868080 -0.003049 0.006083 0.000003 -0.000021 0.223485
    71 1.200079 0.399944 -0.000093 0.009465 -0.016087 0.007127
    72 0.000591 0.100342 0.000319 0.120035 0.021926 -0.209617
    73 0.068077 0.002285 -0.080050 3.111376 -0.069366 -0.060847
    74 2.011874 -0.005083 0.006086 -0.000013 -0.000025 1.297769
    75 0.000229 0.099802 0.000395 0.018823 -0.010833 -0.239219
    76 -0.018673 -0.001009 0.047544 3.109244 0.002635 -0.106673
    77 1.178665 0.001595 0.000845 0.000000 0.000000 0.669112
    78 -0.000198 0.099628 0.000034 0.000000 0.000000 -0.314102
    79 0.036892 -0.634449 0.266284 -2.801062 0.174301 0.490914
    80 1.704350 -0.002506 -0.000686 -0.000034 -0.000037 1.003564
    81 -0.000576 0.100136 0.000311 0.010914 -0.023129 -0.260841
    82 -0.003952 -0.281811 0.115047 -3.059162 0.089004 0.167964
    83 1.289627 0.003949 0.000061 -0.000014 0.000003 0.736306
    84 -0.171528 -0.018148 -0.099873 0.013484 -0.062184 -0.011780
    85 0.912716 0.007240 0.001326 0.000019 0.000021 0.583842
    86 -0.342617 0.053404 -0.025571 -2.909301 -0.017248 0.075276
    87 1.100231 -0.000930 -0.002434 -0.000027 -0.000034 1.089469
    88 -0.384983 0.330998 0.006848 -3.087207 -0.018765 -0.184279
    89 0.678146 0.002286 0.000002 -0.000078 0.000005 0.633532
    90 -0.123848 0.072737 0.029507 2.898184 -0.060627 0.094834
    91 1.017166 -0.000154 -0.000252 -0.000071 -0.000002 0.628260
    92 -0.344986 0.123129 0.143151 2.994981 0.012396 0.059140
    93 -0.730988 0.177046 0.039141 -0.123731 0.076518 -0.084310
    94 0.925900 0.001298 -0.000896 -0.000002 0.000025 0.135617
    95 -0.124027 -0.052092 0.038496 3.077813 -0.008519 0.039229
    96 1.100430 -0.003552 0.000503 0.000006 0.000018 0.904180
    97 -0.330082 0.160641 0.042780 3.128073 0.034033 -0.171236
    98 0.675854 0.005438 0.003272 0.000014 0.000003 0.945911
    99 -0.019516 -0.016531 0.038578 -2.763781 0.050305 0.076828
    100 1.018891 0.005113 0.001121 -0.000006 0.000007 0.984562
    101 -0.155312 0.130643 -0.021921 -3.022466 0.022433 -0.024903
    102 -0.252209 0.061937 -0.024914 -0.007671 -0.063171 -0.044392
    103 -0.085991 0.185203 -0.015180 -2.937063 -0.113970 -0.138991
    104 -0.286537 0.179852 0.024264 -3.109353 -0.049645 -0.029915
    105 -0.019489 0.147084 0.079203 2.893815 0.038585 -0.060594
    106 -0.046482 0.251898 0.129548 3.016165 0.077112 -0.042864
    107 0.039120 -0.040298 0.047739 3.084219 0.030470 -0.037414
    108 -0.233757 0.066630 0.001754 -3.133086 0.040141 -0.065413
    109 0.044266 0.020128 0.001684 -2.778763 -0.118872 -0.040488
    110 0.071495 0.074127 -0.048302 -3.035917 -0.059482 0.104366
    111 0.000000 0.000000 0.000000 0.000000 0.000000 -1.570796
    112 14.687948 -3.586047 -2.910245 -0.019519 -0.012689 0.000000
    113 -3.703238 8.906522 -1.078158 0.512462 -0.783565 -1.489743
    114 -1.541997 0.000000 1.809996 0.000000 0.000000 0.000000
    115 5.560989 0.000000 1.164998 0.000000 0.000000 0.000000
    116 1.770997 -0.313999 1.249997 0.000000 0.000000 -1.570817
    117 3.817992 0.000000 -0.014000 0.000000 0.000000 0.000000
    118 -0.469999 0.000000 -3.436993 0.000000 0.000000 0.000000
    119 -2.237996 0.000000 -3.187994 0.000000 0.000000 0.000000
    120 3.318993 0.000000 3.457993 0.000000 -0.159203 0.000000
    121 0.000000 0.000000 0.000000 0.000000 0.000000 0.000000
    122 0.532999 0.510999 -0.840998 0.000000 0.000000 0.000000
    123 0.000000 0.000000 0.000000 0.000000 0.000000 0.000000
    124 -0.106000 0.000000 64.320000 0.000000 0.000000 0.000000
    125 0.000000 0.000000 0.000000 0.000000 0.000000 0.000000
    126 0.000000 0.000000 0.000000 -0.008006 0.002661 0.002840
    127 24.503851 -3.614649 7.795447 -0.019634 -0.012637 0.000048
    128 0.106000 0.000000 -64.320000 0.000000 0.000000 0.000000
    129 0.000000 0.000000 0.000000 0.000000 0.000000 0.000000
    130 0.000000 0.000000 -4.867002 -3.141592 0.000000 -3.128591
    131 0.000000 0.000000 4.867000 -3.141592 0.000000 -3.128591
    132 4.000000 -6.500000 0.000000 0.000000 0.000000 0.000977
    133 -6.500000 0.000000 0.000000 0.000000 1.570796 0.000000
    134 1.000088 -0.000029 0.000000 0.000000 0.000000 0.000000
    135 17.162516 -0.000404 0.000000 0.000000 0.000000 0.119214
    136 9.999891 -0.000303 0.000000 0.000000 0.000000 0.000000
    137 1.000088 -0.000029 0.000000 0.000000 0.000000 0.000000
    138 17.162516 -0.000404 0.000000 0.000000 0.000000 0.119214
    139 9.499836 0.000212 0.000000 0.000000 0.000000 0.000000
    140 0.000000 0.000000 0.000000 0.000000 0.000000 0.000000
    141 17.749374 0.295515 0.000000 0.000000 0.000000 -1.158958
    142 0.017889 0.299792 0.000000 0.000000 0.000000 -0.059582
    143 12.283573 1.581456 -4.696000 1.462269 -0.086726 0.090185
    144 17.749376 0.295515 0.000000 0.000000 0.000000 -1.158958
    145 0.017889 0.299792 0.000000 0.000000 0.000000 -0.059582
    146 13.354000 0.000000 0.000000 0.000000 0.000000 -0.294101
    147 4.530998 0.000000 0.000000 0.000000 0.000000 0.000000
    148 0.000000 0.000000 0.000000 0.000000 0.000000 0.000000
    149 5.413524 0.000347 0.000000 0.000000 0.000000 -0.518055
    150 5.413524 0.000347 0.000000 0.000000 0.000000 -0.518055
    151 4.662001 -5.366332 4.825191 1.569715 1.561305 -3.121216
    152 3.116966 -0.000443 0.000000 0.000000 0.000000 0.294101
    153 4.531197 0.000000 0.000000 0.000000 0.000000 0.000000
    154 -2.158101 0.003000 0.266281 0.000000 -0.078355 0.000000
    155 -5.654274 0.003000 0.015000 0.000000 0.000000 0.000000
    156 -0.024000 0.000000 3.200000 0.000000 0.305210 0.000000
    157 -14.984531 4.962505 -57.696684 0.019687 0.012849 0.000183
    158 3.512001 -3.547000 -1.066000 0.000000 1.570796 0.000000
    159 3.456001 -3.517000 1.169000 0.000000 1.570796 0.000000
    160 6.233002 0.000000 0.000000 0.000000 0.000000 0.000000
    161 -0.171997 -0.106000 -0.902000 1.570713 1.029176 -3.134550
    162 6.226371 -6.395626 -0.070315 0.002840 0.008006 -0.002637
    163 1.947000 -0.003000 -0.278000 0.000000 0.000000 0.000000
    164 -2.941000 -0.003000 0.381000 0.000000 0.000000 0.000000
    165 -2.941000 -0.003000 0.381000 0.000000 0.000000 0.000000
    166 -0.070000 -0.003000 0.481000 0.000000 0.000000 0.000000
    167 -0.002780 0.000000 0.017476 0.000000 -0.382498 0.000048
    168 3.999434 -0.000527 -0.000332 0.214985 0.000000 0.000000
    169 3.999901 0.000038 0.001011 0.239906 0.000000 0.000000
    170 1.598000 0.000000 0.000000 0.000000 0.000000 0.000000
    171 -1.145525 0.000130 0.000668 0.000000 0.000000 0.000000
    172 2.299679 -2.499979 -0.599480 0.891980 0.221501 -0.527302
    173 -0.118359 -6.015744 25.266093 -0.891083 -1.032080 1.645409
    174 -9.580671 -27.862106 -37.184677 0.812879 -0.123459 -0.568477
    175 0.649933 -0.548295 0.093651 -1.665913 -0.131399 -0.112062
    176 0.657074 0.008402 0.040371 -1.665945 -0.131407 -0.000013
    177 0.665776 0.747221 -0.029190 -1.665935 -0.131408 0.094976
    178 2.300139 -2.499413 0.600159 -0.891994 -0.221488 -0.527269
    179 12.187820 1.068084 0.992054 1.811734 -0.001398 0.197555
    180 2.762350 0.116951 1.523975 1.629482 0.064153 1.743800
    181 7.228317 7.928197 -3.925652 2.328713 0.123459 -0.568477
    182 0.650394 -0.547730 -0.092979 1.665913 0.131399 -0.112062
    183 0.657069 0.008398 -0.040379 1.665945 0.131407 -0.000013
    184 0.665775 0.747221 0.029179 1.665935 0.131408 0.094976
    185 -4.481003 -0.202000 0.000000 0.000000 0.000000 0.000000
    186 -5.516998 -0.291000 -0.001000 0.000000 0.000000 0.000000
    187 -0.857700 0.104071 0.104683 0.023536 0.163924 0.013632
    188 1.899119 0.000423 -0.000439 0.027386 -0.033311 0.477848
    189 1.799661 -0.000233 0.000231 0.027386 -0.033311 0.477848
    190 1.799661 -0.000233 0.000231 0.027386 -0.033311 0.477848
    191 1.799661 -0.000233 0.000231 0.027386 -0.033311 0.477848
    192 1.900310 -0.000137 -0.000517 0.027386 -0.033311 0.477848
    193 1.899435 -0.000317 -0.000150 -0.027386 0.033311 0.477848
    194 1.799662 -0.000240 -0.000233 -0.027386 0.033311 0.477848
    195 1.799662 -0.000240 -0.000233 -0.027386 0.033311 0.477848
    196 1.799662 -0.000240 -0.000233 -0.027386 0.033311 0.477848
    197 1.900729 0.000553 -0.000072 -0.027386 0.033311 0.477848
    198 0.599884 0.400187 -0.000031 0.000000 0.000000 0.000000
    199 0.599886 0.400185 0.000034 0.000000 0.000000 -3.141592
    200 0.599503 0.400694 0.000234 0.000000 0.000000 0.000000
    201 0.600029 -0.000020 -0.000019 0.000000 0.000000 -3.141592
  time 8
    0 0.000000 0.000000 0.000000 0.000000 0.000000 -1.570796
    1 -0.106323 0.000000 -0.000198 0.000000 0.000000 0.000000
    2 0.000000 0.000000 0.000000 0.000000 0.000000 0.000000
    3 -0.904000 0.000000 -11.806000 0.000000 0.000000 0.000000
    4 0.000000 0.000000 -14.313999 0.000000 -1.570796 1.570857
    5 3.533001 0.000000 0.000000 0.000000 0.000000 0.000000
    6 6.250000 0.000000 0.000000 0.000000 0.000000 0.000000
    7 9.568951 1.921959 -1.819016 -0.161306 1.437249 -0.160166
    8 9.562500 1.924805 1.815430 0.098301 -1.350314 -0.096174
    9 5.790726 0.002787 -0.000113 0.802938 1.083866 0.378241
    10 5.999492 -0.000592 -4.000343 0.000000 0.000000 0.000000
    11 5.791316 0.002582 0.004799 0.985693 -0.698365 -1.302075
    12 5.999492 -0.000592 4.000336 0.000000 0.000000 0.000000
    13 0.500225 0.000133 -0.000088 -0.304177 0.000000 0.000000
    14 11.534559 0.004255 -0.001312 -0.000053 0.000045 -1.751656
    15 -0.829338 0.893824 0.079659 -0.148839 0.047645 0.087266
    16 0.500225 0.000132 0.000076 -0.168456 0.000000 0.000000
    17 11.532495 0.000526 -0.000089 0.000006 -0.000022 -1.755232
    18 -0.829586 0.894698 -0.079464 0.045377 -0.019621 0.087266
    19 10.599884 0.000105 -0.000553 0.510850 0.000000 0.000000
    20 0.654838 -0.540814 -0.000805 0.000060 -0.000025 0.875832
    21 11.042057 -0.000189 0.004704 1.137127 1.101247 0.454245
    22 -1.214832 0.203470 -0.477489 -0.135025 -0.078677 -0.001289
    23 10.599880 0.000105 0.000549 0.547754 -0.000072 0.000036
    24 0.654836 -0.544720 0.000801 0.000000 -0.000011 0.877660
    25 11.041742 0.003171 -0.000571 0.440340 0.236308 0.837723
    26 -1.063377 0.077663 0.150230 0.045121 0.020046 -0.012850
    27 0.610302 -0.939470 0.070343 -1.709854 -0.288460 -0.151814
    28 0.639940 -0.199121 0.060188 -1.668807 -0.275626 -0.052125
    29 0.600155 1.080261 -0.339535 -1.733621 0.002358 0.063833
    30 0.610207 0.400743 -0.010101 -1.765549 -0.192272 0.068771
    31 0.634715 -0.690090 -0.232343 0.235002 0.152877 -0.793767
    32 -0.792125 0.203736 0.461300 1.439074 -0.003453 -0.018305
    33 0.610300 -0.939469 -0.070351 1.655649 0.171958 -0.172859
    34 0.639937 -0.199121 -0.060200 1.671196 0.183129 -0.036749
    35 0.600157 1.080259 0.339531 1.741630 0.106882 0.153609
    36 0.610205 0.400743 0.010086 1.766570 0.125877 0.080252
    37 0.624002 -0.691393 0.236176 -0.769666 -0.534799 -0.715459
    38 -0.626031 -0.069983 -0.080517 -1.447153 0.086151 0.021559
    39 2.621377 -0.006439 -0.001438 0.032296 -0.408585 0.620617
    40 2.664743 0.000397 -0.000071 -0.354863 -0.175208 1.236555
    41 2.206394 0.003368 -0.002863 -0.343960 0.096393 1.464921
    42 0.599952 0.959240 -0.300102 -0.174544 0.000000 0.000000
    43 2.557190 -0.005873 0.006359 -0.200973 -0.001691 1.443709
    44 2.095024 -0.003873 -0.006100 -0.164987 0.441849 0.790923
    45 0.999380 -0.000236 -1.232808 -0.000001 0.000000 0.000000
    46 -0.122639 -0.721856 0.661690 -0.486644 0.223964 0.243056
    47 2.622113 -0.000648 0.002741 -0.178578 0.119225 0.003610
    48 2.657909 0.004589 -0.000533 0.322092 0.240102 1.085240
    49 2.200016 0.001663 0.000836 0.262942 -0.039538 1.072938
    50 0.599951 0.959244 0.300102 0.174544 0.000000 0.000000
    51 2.556570 -0.004291 0.000554 0.263779 0.129491 1.165899
    52 2.103851 0.005614 -0.001014 0.551738 -0.307977 0.449650
    53 0.999374 -0.000237 1.389055 0.000000 0.000000 -0.070613
    54 0.310846 -0.606445 -0.498005 0.308107 -0.197598 0.313976
    55 1.869163 -0.004741 -0.000994 0.000029 -0.000056 0.795458
    56 1.200941 0.399582 -0.000237 -0.009465 0.016087 0.007127
    57 0.000586 0.100342 -0.000319 -0.120035 -0.021926 -0.209617
    58 -0.161663 0.051712 0.194808 -2.941982 0.122408 -0.060194
    59 2.010092 -0.003202 -0.003377 0.000018 0.000013 0.954436
    60 0.000240 0.099802 -0.000395 -0.018823 0.010833 -0.239219
    61 -0.203197 0.048607 0.069150 -3.093332 0.033217 -0.046722
    62 1.180428 -0.006214 0.000780 -0.000014 0.000012 0.883234
    63 -0.000196 0.099625 -0.000034 0.000000 0.000000 -0.314102
    64 -0.088736 -0.688435 -0.145203 2.930407 -0.136130 0.513013
    65 1.712069 0.000578 -0.000088 -0.000061 -0.000045 0.994833
    66 -0.000580 0.100145 -0.000311 -0.010912 0.023129 -0.260841
    67 -0.146030 -0.232426 -0.014225 3.028455 -0.094299 0.113020
    68 1.290632 0.000362 -0.000032 0.000000 0.000000 -0.238835
    69 -0.658121 -0.003575 0.072645 -0.142711 0.027792 -0.077299
    70 1.868080 -0.003049 0.006083 0.000003 -0.000021 0.223485
    71 1.200079 0.399944 -0.000093 0.009465 -0.016087 0.007127
    72 0.000591 0.100342 0.000319 0.120035 0.021926 -0.209617
    73 0.068077 0.002285 -0.080050 3.111376 -0.069366 -0.060847
    74 2.011874 -0.005083 0.006086 -0.000013 -0.000025 1.297769
    75 0.000229 0.099802 0.000395 0.018823 -0.010833 -0.239219
    76 -0.018673 -0.001009 0.047544 3.109244 0.002635 -0.106673
    77 1.178665 0.001595 0.000845 0.000000 0.000000 0.669112
    78 -0.000198 0.099628 0.000034 0.000000 0.000000 -0.314102
    79 0.036892 -0.634449 0.266284 -2.801062 0.174301 0.490914
    80 1.704350 -0.002506 -0.004592 -0.000034 -0.000037 1.003564
    81 -0.000576 0.100136 0.000311 0.010914 -0.023129 -0.260841
    82 -0.003952 -0.281811 0.115047 -3.059162 0.089004 0.167964
    83 1.289627 0.003949 0.000061 -0.000026 -0.000009 0.736306
    84 -0.171528 -0.018148 -0.099873 0.013484 -0.062184 -0.011780
    85 0.912716 0.007240 0.001326 0.000019 0.000021 0.583842
    86 -0.342617 0.053404 -0.025571 -2.909301 -0.017248 0.075276
    87 1.100231 -0.000930 -0.002434 -0.000075 0.000002 1.178054
    88 -0.384983 0.330998 0.006848 -3.087207 -0.018765 -0.184279
    89 0.678146 0.002286 -0.003905 -0.000018 -0.000019 0.683705
    90 -0.123848 0.072737 0.029507 2.898184 -0.060627 0.094834
    91 1.017166 -0.000154 -0.000252 -0.000023 -0.000014 0.671517
    92 -0.344986 0.123129 0.143151 2.994981 0.012396 0.059140
    93 -0.730988 0.177046 0.039141 -0.123731 0.076518 -0.084310
    94 0.925900 0.001298 -0.000896 -0.000002 0.000061 0.134120
    95 -0.124027 -0.052092 0.038496 3.077813 -0.008519 0.039229
    96 1.100430 -0.007458 0.000503 0.000006 0.000018 0.904180
    97 -0.330082 0.160641 0.042780 3.128073 0.034033 -0.171236
    98 0.675854 0.005438 0.003272 0.000014 0.000003 0.945911
    99 -0.019516 -0.016531 0.038578 -2.763781 0.050305 0.076828
    100 1.018891 0.001206 0.001121 -0.000006 0.000007 0.984562
    101 -0.155312 0.130643 -0.021921 -3.022466 0.022433 -0.024903
    102 -0.252209 0.061937 -0.024914 -0.007671 -0.063171 -0.044392
    103 -0.085991 0.185203 -0.015180 -2.937063 -0.113970 -0.138991
    104 -0.286537 0.179852 0.024264 -3.109353 -0.049645 -0.029915
    105 -0.019489 0.147084 0.079203 2.893815 0.038585 -0.060594
    106 -0.046482 0.251898 0.129548 3.016165 0.077112 -0.042864
    107 0.039120 -0.040298 0.047739 3.084219 0.030470 -0.037414
    108 -0.233757 0.066630 0.001754 -3.133086 0.040141 -0.065413
    109 0.044266 0.020128 0.001684 -2.778763 -0.118872 -0.040488
    110 0.071495 0.074127 -0.048302 -3.035917 -0.059482 0.104366
    111 0.000000 0.000000 0.000000 0.000000 0.000000 -1.570796
    112 14.672323 -3.574328 -2.781335 0.057224 -0.020274 0.004291
    113 -3.957152 8.929960 -1.152379 0.621281 -0.794504 -1.561362
    114 -1.541997 0.000000 1.809996 0.000000 0.000000 0.000000
    115 5.560989 0.000000 1.164998 0.000000 0.000000 0.000000
    116 1.770997 -0.313999 1.249997 0.000000 0.000000 -1.570817
    117 3.817992 0.000000 -0.014000 0.000000 0.000000 0.000000
    118 -0.469999 0.000000 -3.436993 0.000000 0.000000 0.000000
    119 -2.237996 0.000000 -3.187994 0.000000 0.000000 0.000000
    120 3.318993 0.000000 3.457993 0.000000 -0.159203 0.000000
    121 0.000000 0.000000 0.000000 0.000000 0.000000 0.000000
    122 0.532999 0.510999 -0.840998 0.000000 0.000000 0.000000
    123 0.000000 0.000000 0.000000 0.000000 0.000000 0.000000
    124 -0.106000 0.000000 64.320000 0.000000 0.000000 0.000000
    125 0.000000 0.000000 0.000000 0.000000 0.000000 0.000000
    126 0.000000 0.000000 0.000000 -0.003200 0.001031 0.002301
    127 24.496038 -3.474020 7.982953 0.057207 -0.020268 0.004339
    128 0.106000 0.000000 -64.320000 0.000000 0.000000 0.000000
    129 0.000000 0.000000 0.000000 0.000000 0.000000 0.000000
    130 0.000000 0.000000 -4.867002 -3.141592 0.000000 -3.128591
    131 0.000000 0.000000 4.867000 -3.141592 0.000000 -3.128591
    132 4.000000 -6.500000 0.000000 0.000000 0.000000 0.000977
    133 -6.500000 0.000000 0.000000 0.000000 1.570796 0.000000
    134 1.000088 -0.000029 0.000000 0.000000 0.000000 0.000000
    135 17.162516 -0.000404 0.000000 0.000000 0.000000 0.119214
    136 9.999891 -0.000303 0.000000 0.000000 0.000000 0.000000
    137 1.000088 -0.000029 0.000000 0.000000 0.000000 0.000000
    138 17.162516 -0.000404 0.000000 0.000000 0.000000 0.119214
    139 9.499836 0.000212 0.000000 0.000000 0.000000 0.000000
    140 0.000000 0.000000 0.000000 0.000000 0.000000 0.000000
    141 17.749374 0.295515 0.000000 0.000000 0.000000 -1.158958
    142 0.017889 0.299792 0.000000 0.000000 0.000000 -0.059582
    143 12.283573 1.581456 -4.696000 1.462269 -0.086726 0.090185
    144 17.749376 0.295515 0.000000 0.000000 0.000000 -1.158958
    145 0.017889 0.299792 0.000000 0.000000 0.000000 -0.059582
    146 13.354000 0.000000 0.000000 0.000000 0.000000 -0.294101
    147 4.530998 0.000000 0.000000 0.000000 0.000000 0.000000
    148 0.000000 0.000000 0.000000 0.000000 0.000000 0.000000
    149 5.413524 0.000347 0.000000 0.000000 0.000000 -0.518055
    150 5.413524 0.000347 0.000000 0.000000 0.000000 -0.518055
    151 4.662001 -5.366332 4.825191 1.569715 1.561305 -3.121216
    152 3.116966 -0.000443 0.000000 0.000000 0.000000 0.294101
    153 4.531197 0.000000 0.000000 0.000000 0.000000 0.000000
    154 -2.154195 0.003000 0.266281 0.000000 -0.078355 0.000000
    155 -5.654274 0.003000 0.015000 0.000000 0.000000 0.000000
    156 -0.227131 0.000000 2.559355 0.000000 0.311160 0.000000
    157 -12.523518 4.634369 -15.523522 1.860660 -0.600893 -0.440049
    158 3.512001 -3.547000 -1.066000 0.000000 1.570796 0.000000
    159 3.456001 -3.517000 1.169000 0.000000 1.570796 0.000000
    160 6.233002 0.000000 0.000000 0.000000 0.000000 0.000000
    161 -0.171997 -0.106000 -0.902000 1.570713 1.029176 -3.134550
    162 6.234184 -6.387813 -0.039064 0.002301 0.003200 -0.001031
    163 1.947000 -0.003000 -0.278000 0.000000 0.000000 0.000000
    164 -2.941000 -0.003000 0.381000 0.000000 0.000000 0.000000
    165 -2.941000 -0.003000 0.381000 0.000000 0.000000 0.000000
    166 -0.070000 -0.003000 0.481000 0.000000 0.000000 0.000000
    167 -0.002780 0.000000 0.017476 0.000000 -0.382498 0.000048
    168 3.999434 -0.000527 -0.000332 0.255442 0.000000 0.000000
    169 3.999901 0.000038 0.001011 0.273907 0.000000 0.000000
    170 1.598000 0.000000 0.000000 0.000000 0.000000 0.000000
    171 -1.145525 0.000130 0.000668 0.000000 0.000000 0.000000
    172 2.299679 -2.499979 -0.599480 0.891980 0.221501 -0.527302
    173 0.037896 -2.062498 26.602072 -0.723647 -0.846506 1.668628
    174 -9.580671 -27.862106 -37.184677 0.812879 -0.123459 -0.568477
    175 0.649933 -0.548295 0.093651 -1.665913 -0.131399 -0.112062
    176 0.657074 0.008402 0.040371 -1.665945 -0.131407 -0.000013
    177 0.665776 0.747221 -0.029190 -1.665935 -0.131408 0.094976
    178 2.300139 -2.499413 0.600159 -0.891967 -0.221476 -0.527269
    179 12.187820 1.068084 0.992054 1.811734 -0.001398 0.197555
    180 2.762350 0.116951 1.523975 1.629482 0.064153 1.743800
    181 7.228317 7.928197 -3.925652 2.328713 0.123459 -0.568477
    182 0.650394 -0.547730 -0.092979 1.665913 0.131399 -0.112062
    183 0.657069 0.008398 -0.040379 1.665945 0.131407 -0.000013
    184 0.665775 0.747221 0.029179 1.665935 0.131408 0.094976
    185 -4.481003 -0.202000 0.000000 0.000000 0.000000 0.000000
    186 -5.516998 -0.291000 -0.001000 0.000000 0.000000 0.000000
    187 -0.857700 0.104071 0.104683 0.023536 0.163924 0.013632
    188 1.899119 0.000423 -0.000439 0.027386 -0.033311 0.477848
    189 1.799661 -0.000233 0.000231 0.027386 -0.033311 0.477848
    190 1.799661 -0.000233 0.000231 0.027386 -0.033311 0.477848
    191 1.799661 -0.000233 0.000231 0.027386 -0.033311 0.477848
    192 1.900310 -0.000137 -0.000517 0.027386 -0.033311 0.477848
    193 1.899435 -0.000317 -0.000150 -0.027386 0.033311 0.477848
    194 1.799662 -0.000240 -0.000233 -0.027386 0.033311 0.477848
    195 1.799662 -0.000240 -0.000233 -0.027386 0.033311 0.477848
    196 1.799662 -0.000240 -0.000233 -0.027386 0.033311 0.477848
    197 1.900729 0.000553 -0.000072 -0.027386 0.033311 0.477848
    198 0.599884 0.400187 -0.000031 0.000000 0.000000 0.000000
    199 0.599886 0.400185 0.000034 0.000000 0.000000 -3.141592
    200 0.599503 0.400694 0.000234 0.000000 0.000000 0.000000
    201 0.600029 -0.000020 -0.000019 0.000000 0.000000 -3.141592
  time 9
    0 0.000000 0.000000 0.000000 0.000000 0.000000 -1.570796
    1 -0.106323 0.000000 -0.000198 0.000000 0.000000 0.000000
    2 0.000000 0.000000 0.000000 0.000000 0.000000 0.000000
    3 -0.904000 0.000000 -11.806000 0.000000 0.000000 0.000000
    4 0.000000 0.000000 -14.313999 0.000000 -1.570796 1.570857
    5 3.533001 0.000000 0.000000 0.000000 0.000000 0.000000
    6 6.250000 0.000000 0.000000 0.000000 0.000000 0.000000
    7 9.568951 1.921959 -1.819016 -0.161306 1.437249 -0.160166
    8 9.562500 1.924805 1.815430 0.098301 -1.350314 -0.096174
    9 5.790726 0.002787 -0.000113 0.735683 1.090545 0.316366
    10 5.999492 -0.000592 -4.000343 0.000000 0.000000 0.000000
    11 5.791316 0.002582 0.004799 0.984345 -0.678014 -1.291826
    12 5.999492 -0.000592 4.000336 0.000000 0.000000 0.000000
    13 0.500225 0.000133 -0.000088 -0.286881 0.000000 0.000000
    14 11.534559 0.004255 -0.001312 -0.000053 -0.000039 -1.689038
    15 -0.829338 0.893824 0.079659 -0.148839 0.047645 0.087266
    16 0.500225 0.000132 0.000076 -0.172292 0.000000 0.000000
    17 11.536401 0.000526 -0.000089 -0.000078 -0.000022 -1.728653
    18 -0.829586 0.894698 -0.079464 0.045377 -0.019621 0.087266
    19 10.599884 0.000105 -0.000553 0.465979 0.000000 0.000000
    20 0.584523 -0.525188 -0.000805 0.000072 0.000035 0.844499
    21 11.042057 0.003717 0.000798 0.897871 1.086238 0.157384
    22 -1.214832 0.203470 -0.477489 -0.135025 -0.078677 -0.001289
    23 10.599880 0.000105 0.000549 0.522477 0.000048 0.000012
    24 0.627491 -0.536908 0.000801 0.000024 -0.000023 0.865418
    25 11.041742 0.007077 -0.000571 0.418100 0.213150 0.815444
    26 -1.063377 0.077663 0.150230 0.045121 0.020046 -0.012850
    27 0.610302 -0.939470 0.070343 -1.709854 -0.288400 -0.151826
    28 0.639940 -0.199121 0.060188 -1.668807 -0.275554 -0.052125
    29 0.600155 1.080261 -0.339535 -1.733621 0.002346 0.063845
    30 0.610207 0.400743 -0.010101 -1.765495 -0.192212 0.068759
    31 0.634715 -0.690090 -0.236250 0.235014 0.152877 -0.793767
    32 -0.792125 0.203736 0.461300 1.439074 -0.003453 -0.018305
    33 0.610300 -0.939469 -0.070351 1.655649 0.171946 -0.172859
    34 0.639937 -0.199121 -0.060200 1.671196 0.183129 -0.036749
    35 0.600157 1.080259 0.339531 1.741577 0.106882 0.153609
    36 0.610205 0.400743 0.010086 1.766570 0.125877 0.080252
    37 0.624002 -0.695300 0.232270 -0.769700 -0.534799 -0.715459
    38 -0.626031 -0.069983 -0.080517 -1.447153 0.086151 0.021559
    39 2.621377 -0.002532 -0.001438 0.032282 -0.408585 0.620617
    40 2.664743 0.000397 -0.000071 -0.354863 -0.175208 1.236555
    41 2.202488 0.003368 -0.006769 -0.343960 0.096377 1.464921
    42 0.599952 0.959240 -0.300102 -0.174544 0.000000 0.000000
    43 2.553283 -0.005873 0.006359 -0.200973 -0.001691 1.443709
    44 2.095024 -0.003873 -0.006100 -0.164987 0.441849 0.790923
    45 0.999380 -0.000236 -1.228902 -0.000001 0.000000 0.000000
    46 -0.122639 -0.721856 0.661690 -0.486644 0.223964 0.243056
    47 2.622113 -0.000648 0.002741 -0.178565 0.119225 0.003610
    48 2.654002 0.004589 -0.000533 0.322092 0.240102 1.085240
    49 2.200016 0.001663 0.000836 0.262942 -0.039550 1.072938
    50 0.599951 0.959244 0.300102 0.174544 0.000000 0.000000
    51 2.556570 -0.004291 0.000554 0.263779 0.129491 1.165880
    52 2.103851 0.005614 -0.001014 0.551738 -0.307977 0.449650
    53 0.999374 -0.000237 1.389055 0.000000 0.000000 -0.070613
    54 0.310846 -0.606445 -0.498005 0.308107 -0.197598 0.313976
    55 1.869163 -0.004741 -0.000994 0.000029 -0.000056 0.795458
    56 1.200941 0.399582 -0.000237 -0.009465 0.016087 0.007127
    57 0.000586 0.100342 -0.000319 -0.120035 -0.021926 -0.209617
    58 -0.161663 0.051712 0.194808 -2.941982 0.122408 -0.060194
    59 2.010092 -0.007109 -0.007284 0.000018 0.000013 0.954436
    60 0.000240 0.099802 -0.000395 -0.018823 0.010833 -0.239219
    61 -0.203197 0.048607 0.069150 -3.093332 0.033217 -0.046722
    62 1.180428 -0.006214 0.000780 -0.000014 0.000000 0.883234
    63 -0.000196 0.099625 -0.000034 0.000000 0.000000 -0.314102
    64 -0.088736 -0.688435 -0.145203 2.930407 -0.136130 0.513013
    65 1.712069 -0.003328 0.003818 -0.000061 -0.000045 0.994833
    66 -0.000580 0.100145 -0.000311 -0.010912 0.023129 -0.260841
    67 -0.146030 -0.232426 -0.014225 3.028455 -0.094299 0.113020
    68 1.290632 0.000362 -0.000032 0.000000 0.000000 -0.238807
    69 -0.658121 -0.003575 0.072645 -0.142711 0.027792 -0.077299
    70 1.868080 -0.003049 0.006083 0.000003 -0.000021 0.223426
    71 1.200079 0.399944 -0.000093 0.009465 -0.016087 0.007127
    72 0.000591 0.100342 0.000319 0.120035 0.021926 -0.209617
    73 0.068077 0.002285 -0.080050 3.111376 -0.069366 -0.060847
    74 2.011874 -0.005083 0.006086 -0.000013 -0.000025 1.297769
    75 0.000229 0.099802 0.000395 0.018823 -0.010833 -0.239219
    76 -0.018673 -0.001009 0.047544 3.109244 0.002635 -0.106673
    77 1.178665 0.001595 0.000845 0.000000 0.000000 0.669112
    78 -0.000198 0.099628 0.000034 0.000000 0.000000 -0.314102
    79 0.036892 -0.634449 0.266284 -2.801062 0.174301 0.490914
    80 1.704350 -0.002506 -0.000686 -0.000034 -0.000037 1.003564
    81 -0.000576 0.100136 0.000311 0.010914 -0.023129 -0.260841
    82 -0.003952 -0.281811 0.115047 -3.059162 0.089004 0.167964
    83 1.289627 0.003949 0.000061 -0.000026 -0.000009 0.736306
    84 -0.171528 -0.018148 -0.099873 0.013484 -0.062184 -0.011780
    85 0.912716 0.007240 0.001326 0.000019 0.000021 0.583804
    86 -0.342617 0.053404 -0.025571 -2.909301 -0.017248 0.075276
    87 1.100231 -0.000930 -0.002434 -0.000075 0.000002 1.178054
    88 -0.384983 0.330998 0.006848 -3.087207 -0.018765 -0.184279
    89 0.678146 0.002286 0.000002 -0.000018 -0.000019 0.683705
    90 -0.123848 0.072737 0.029507 2.898184 -0.060627 0.094834
    91 1.017166 -0.000154 -0.000252 -0.000023 -0.000014 0.671517
    92 -0.344986 0.123129 0.143151 2.994981 0.012396 0.059140
    93 -0.730988 0.177046 0.039141 -0.123731 0.076518 -0.084310
    94 0.921993 0.001298 -0.000896 -0.000002 0.000049 0.134120
    95 -0.124027 -0.052092 0.038496 3.077813 -0.008519 0.039229
    96 1.100430 -0.003552 0.000503 0.000006 0.000018 0.904180
    97 -0.330082 0.160641 0.042780 3.128073 0.034033 -0.171236
    98 0.675854 0.005438 0.003272 0.000014 0.000003 0.945911
    99 -0.019516 -0.016531 0.038578 -2.763781 0.050305 0.076828
    100 1.018891 0.005113 0.001121 -0.000006 0.000007 0.984562
    101 -0.155312 0.130643 -0.021921 -3.022466 0.022433 -0.024903
    102 -0.252209 0.061937 -0.024914 -0.007671 -0.063171 -0.044392
    103 -0.085991 0.185203 -0.015180 -2.937063 -0.113970 -0.138991
    104 -0.286537 0.179852 0.024264 -3.109353 -0.049645 -0.029915
    105 -0.019489 0.147084 0.079203 2.893815 0.038585 -0.060594
    106 -0.046482 0.251898 0.129548 3.016165 0.077112 -0.042864
    107 0.039120 -0.040298 0.047739 3.084219 0.030470 -0.037414
    108 -0.233757 0.066630 0.001754 -3.133086 0.040141 -0.065413
    109 0.044266 0.020128 0.001684 -2.778763 -0.118872 -0.040488
    110 0.071495 0.074127 -0.048302 -3.035917 -0.059482 0.104366
    111 0.000000 0.000000 0.000000 0.000000 0.000000 -1.570796
    112 14.906705 -3.613392 -2.656331 0.023994 -0.025237 0.010913
    113 -4.078249 8.707297 -1.140660 0.573709 -0.798687 -1.521478
    114 -1.541997 0.000000 1.809996 0.000000 0.000000 0.000000
    115 5.560989 0.000000 1.164998 0.000000 0.000000 0.000000
    116 1.770997 -0.313999 1.249997 0.000000 0.000000 -1.570817
    117 3.817992 0.000000 -0.014000 0.000000 0.000000 0.000000
    118 -0.469999 0.000000 -3.436993 0.000000 0.000000 0.000000
    119 -2.237996 0.000000 -3.187994 0.000000 0.000000 0.000000
    120 3.318993 0.000000 3.457993 0.000000 -0.159203 0.000000
    121 0.000000 0.000000 0.000000 0.000000 0.000000 0.000000
    122 0.532999 0.510999 -0.840998 0.000000 0.000000 0.000000
    123 0.000000 0.000000 0.000000 0.000000 0.000000 0.000000
    124 -0.106000 0.000000 64.320000 0.000000 0.000000 0.000000
    125 0.000000 0.000000 0.000000 0.000000 0.000000 0.000000
    126 0.000000 0.000000 0.000000 0.001594 -0.000563 0.001762
    127 24.730420 -3.497458 8.147020 0.023976 -0.025231 0.010868
    128 0.106000 0.000000 -64.320000 0.000000 0.000000 0.000000
    129 0.000000 0.000000 0.000000 0.000000 0.000000 0.000000
    130 0.000000 0.000000 -4.867002 -3.141592 0.000000 -3.128591
    131 0.000000 0.000000 4.867000 -3.141592 0.000000 -3.128591
    132 4.000000 -6.500000 0.000000 0.000000 0.000000 0.000977
    133 -6.500000 0.000000 0.000000 0.000000 1.570796 0.000000
    134 1.000088 -0.000029 0.000000 0.000000 0.000000 0.000000
    135 17.162516 -0.000404 0.000000 0.000000 0.000000 0.119214
    136 9.999891 -0.000303 0.000000 0.000000 0.000000 0.000000
    137 1.000088 -0.000029 0.000000 0.000000 0.000000 0.000000
    138 17.162516 -0.000404 0.000000 0.000000 0.000000 0.119214
    139 9.499836 0.000212 0.000000 0.000000 0.000000 0.000000
    140 0.000000 0.000000 0.000000 0.000000 0.000000 0.000000
    141 17.749374 0.295515 0.000000 0.000000 0.000000 -1.158958
    142 0.017889 0.299792 0.000000 0.000000 0.000000 -0.059582
    143 12.283573 1.581456 -4.696000 1.462269 -0.086726 0.090185
    144 17.749376 0.295515 0.000000 0.000000 0.000000 -1.158958
    145 0.017889 0.299792 0.000000 0.000000 0.000000 -0.059582
    146 13.354000 0.000000 0.000000 0.000000 0.000000 -0.294101
    147 4.530998 0.000000 0.000000 0.000000 0.000000 0.000000
    148 0.000000 0.000000 0.000000 0.000000 0.000000 0.000000
    149 5.413524 0.000347 0.000000 0.000000 0.000000 -0.518055
    150 5.413524 0.000347 0.000000 0.000000 0.000000 -0.518055
    151 4.662001 -5.366332 4.825191 1.569715 1.561305 -3.121216
    152 3.116966 -0.000443 0.000000 0.000000 0.000000 0.294101
    153 4.531197 0.000000 0.000000 0.000000 0.000000 0.000000
    154 -2.158101 0.003000 0.266281 0.000000 -0.078355 0.000000
    155 -5.658181 0.003000 0.015000 0.000000 0.000000 0.000000
    156 -0.731053 0.000000 0.946025 0.000000 0.326773 0.000000
    157 -11.921937 5.251576 -15.113353 1.803795 -0.647766 -0.361436
    158 3.512001 -3.547000 -1.066000 0.000000 1.570796 0.000000
    159 3.456001 -3.517000 1.169000 0.000000 1.570796 0.000000
    160 6.233002 0.000000 0.000000 0.000000 0.000000 0.000000
    161 -0.171997 -0.106000 -0.902000 1.570713 1.029176 -3.134550
    162 6.241997 -6.380000 0.000000 0.001762 -0.001594 0.000563
    163 1.947000 -0.003000 -0.278000 0.000000 0.000000 0.000000
    164 -2.941000 -0.003000 0.381000 0.000000 0.000000 0.000000
    165 -2.941000 -0.003000 0.381000 0.000000 0.000000 0.000000
    166 -0.070000 -0.003000 0.481000 0.000000 0.000000 0.000000
    167 -0.002780 0.000000 0.017476 0.000000 -0.382486 0.000048
    168 3.999434 -0.000527 -0.000332 0.233039 0.000000 0.000000
    169 3.999901 0.000038 0.001011 0.261268 0.000000 0.000000
    170 1.598000 0.000000 0.000000 0.000000 0.000000 0.000000
    171 -1.145525 0.000130 0.000668 0.000000 0.000000 0.000000
    172 2.299679 -2.499979 -0.599480 0.891953 0.221501 -0.527302
    173 2.932516 -2.628922 26.742701 -0.604391 -0.854532 1.590793
    174 -9.580671 -27.862106 -37.184677 0.812879 -0.123459 -0.568477
    175 0.649933 -0.548295 0.093651 -1.665913 -0.131399 -0.112062
    176 0.657074 0.008402 0.040371 -1.665945 -0.131407 -0.000013
    177 0.665776 0.747221 -0.029190 -1.665935 -0.131408 0.094976
    178 2.300139 -2.499413 0.600159 -0.891994 -0.221476 -0.527269
    179 12.187820 1.068084 0.992054 1.811734 -0.001398 0.197555
    180 2.762350 0.116951 1.523975 1.629482 0.064153 1.743800
    181 7.228317 7.928197 -3.925652 2.328713 0.123459 -0.568477
    182 0.650394 -0.547730 -0.092979 1.665913 0.131399 -0.112062
    183 0.657069 0.008398 -0.040379 1.665945 0.131407 -0.000013
    184 0.665775 0.747221 0.029179 1.665935 0.131408 0.094976
    185 -4.481003 -0.202000 0.000000 0.000000 0.000000 0.000000
    186 -5.516998 -0.291000 -0.001000 0.000000 0.000000 0.000000
    187 -0.857700 0.104071 0.104683 0.023536 0.163924 0.013632
    188 1.899119 0.000423 -0.000439 0.027386 -0.033311 0.477848
    189 1.799661 -0.000233 0.000231 0.027386 -0.033311 0.477848
    190 1.799661 -0.000233 0.000231 0.027386 -0.033311 0.477848
    191 1.799661 -0.000233 0.000231 0.027386 -0.033311 0.477848
    192 1.900310 -0.000137 -0.000517 0.027386 -0.033311 0.477848
    193 1.899435 -0.000317 -0.000150 -0.027386 0.033311 0.477848
    194 1.799662 -0.000240 -0.000233 -0.027386 0.033311 0.477848
    195 1.799662 -0.000240 -0.000233 -0.027386 0.033311 0.477848
    196 1.799662 -0.000240 -0.000233 -0.027386 0.033311 0.477848
    197 1.900729 0.000553 -0.000072 -0.027386 0.033311 0.477848
    198 0.599884 0.400187 -0.000031 0.000000 0.000000 0.000000
    199 0.599886 0.400185 0.000034 0.000000 0.000000 -3.141592
    200 0.599503 0.400694 0.000234 0.000000 0.000000 0.000000
    201 0.600029 -0.000020 -0.000019 0.000000 0.000000 -3.141592
  time 10
    0 0.000000 0.000000 0.000000 0.000000 0.000000 -1.570796
    1 -0.106323 0.000000 -0.000198 0.000000 0.000000 0.000000
    2 0.000000 0.000000 0.000000 0.000000 0.000000 0.000000
    3 -0.904000 0.000000 -11.806000 0.000000 0.000000 0.000000
    4 0.000000 0.000000 -14.313999 0.000000 -1.570796 1.570857
    5 3.533001 0.000000 0.000000 0.000000 0.000000 0.000000
    6 6.250000 0.000000 0.000000 0.000000 0.000000 0.000000
    7 9.568951 1.921959 -1.819016 -0.161306 1.437249 -0.160166
    8 9.562500 1.924805 1.815430 0.098301 -1.350314 -0.096174
    9 5.790726 0.002787 -0.000113 0.560191 1.148057 0.112453
    10 5.999492 -0.000592 -4.000343 0.000000 0.000000 0.000000
    11 5.791316 0.002582 0.004799 0.980460 -0.670112 -1.279582
    12 5.999492 -0.000592 4.000336 0.000000 0.000000 0.000000
    13 0.500225 0.000133 -0.000088 -0.269512 0.000000 0.000000
    14 11.534559 0.004255 -0.001312 -0.000017 0.000093 -1.545484
    15 -0.829338 0.893824 0.079659 -0.148839 0.047645 0.087266
    16 0.500225 0.000132 0.000076 -0.176104 0.000000 0.000000
    17 11.532495 0.000526 -0.000089 -0.000030 -0.000058 -1.706151
    18 -0.829586 0.894698 -0.079464 0.045377 -0.019621 0.087266
    19 10.599884 0.000105 -0.000553 0.345375 0.000036 0.000000
    20 0.475145 -0.474406 -0.000805 0.000000 0.000011 0.772803
    21 11.042057 -0.000189 0.004704 0.532950 1.019756 -0.230678
    22 -1.214832 0.203470 -0.477489 -0.135025 -0.078677 -0.001289
    23 10.599880 0.000105 0.000549 0.462716 0.000036 0.000072
    24 0.604053 -0.525188 0.000801 0.000048 -0.000035 0.853145
    25 11.041742 0.003171 -0.000571 0.365405 0.188118 0.791687
    26 -1.063377 0.077663 0.150230 0.045121 0.020046 -0.012850
    27 0.610302 -0.939470 0.070343 -1.709854 -0.288340 -0.151838
    28 0.639940 -0.199121 0.060188 -1.668807 -0.275506 -0.052137
    29 0.600155 1.080261 -0.339535 -1.733621 0.002334 0.063845
    30 0.610207 0.400743 -0.010101 -1.765441 -0.192164 0.068747
    31 0.630809 -0.693997 -0.232343 0.235014 0.152877 -0.793727
    32 -0.792125 0.203736 0.461300 1.439074 -0.003453 -0.018305
    33 0.610300 -0.939469 -0.070351 1.655649 0.171946 -0.172859
    34 0.639937 -0.199121 -0.060200 1.671196 0.183129 -0.036761
    35 0.600157 1.080259 0.339531 1.741577 0.106894 0.153609
    36 0.610205 0.400743 0.010086 1.766570 0.125877 0.080252
    37 0.624002 -0.695300 0.236176 -0.769700 -0.534799 -0.715459
    38 -0.626031 -0.069983 -0.080517 -1.447153 0.086151 0.021559
    39 2.621377 -0.002532 -0.001438 0.032282 -0.408585 0.620617
    40 2.660837 0.000397 -0.000071 -0.354877 -0.175208 1.236555
    41 2.202488 0.003368 -0.006769 -0.343948 0.096377 1.464921
    42 0.599952 0.959240 -0.300102 -0.174544 0.000000 0.000000
    43 2.557190 -0.005873 0.006359 -0.200973 -0.001679 1.443748
    44 2.095024 -0.003873 -0.002193 -0.164987 0.441849 0.790923
    45 0.999380 -0.000236 -1.228902 -0.000001 0.000000 0.000000
    46 -0.122639 -0.721856 0.661690 -0.486644 0.223964 0.243056
    47 2.622113 -0.000648 0.002741 -0.178565 0.119225 0.003610
    48 2.654002 0.004589 -0.000533 0.322092 0.240114 1.085218
    49 2.200016 0.001663 0.000836 0.262942 -0.039550 1.072963
    50 0.599951 0.959244 0.300102 0.174544 0.000000 0.000000
    51 2.556570 -0.000385 0.000554 0.263779 0.129491 1.165880
    52 2.103851 0.005614 -0.001014 0.551738 -0.307977 0.449650
    53 0.999374 -0.000237 1.389055 0.000000 0.000000 -0.070613
    54 0.310846 -0.606445 -0.498005 0.308107 -0.197598 0.313976
    55 1.869163 -0.004741 -0.004901 0.000029 -0.000056 0.795458
    56 1.200941 0.399582 -0.000237 -0.009465 0.016087 0.007127
    57 0.000586 0.100342 -0.000319 -0.120035 -0.021926 -0.209617
    58 -0.161663 0.051712 0.194808 -2.941982 0.122408 -0.060194
    59 2.010092 -0.007109 -0.003377 0.000018 0.000013 0.954436
    60 0.000240 0.099802 -0.000395 -0.018823 0.010833 -0.239219
    61 -0.203197 0.048607 0.069150 -3.093332 0.033217 -0.046722
    62 1.180428 -0.006214 0.000780 -0.000014 0.000000 0.883234
    63 -0.000196 0.099625 -0.000034 0.000000 0.000000 -0.314102
    64 -0.088736 -0.688435 -0.145203 2.930407 -0.136130 0.513013
    65 1.712069 0.000578 -0.000088 -0.000061 -0.000045 0.994833
    66 -0.000580 0.100145 -0.000311 -0.010912 0.023129 -0.260841
    67 -0.146030 -0.232426 -0.014225 3.028455 -0.094299 0.113020
    68 1.290632 0.000362 -0.000032 0.000000 0.000000 -0.238807
    69 -0.658121 -0.003575 0.072645 -0.142711 0.027792 -0.077299
    70 1.868080 -0.003049 0.006083 0.000003 -0.000021 0.223426
    71 1.200079 0.399944 -0.000093 0.009465 -0.016087 0.007127
    72 0.000591 0.100342 0.000319 0.120035 0.021926 -0.209617
    73 0.068077 0.002285 -0.080050 3.111376 -0.069366 -0.060847
    74 2.011874 -0.005083 0.006086 -0.000013 -0.000025 1.297769
    75 0.000229 0.099802 0.000395 0.018823 -0.010833 -0.239219
    76 -0.018673 -0.001009 0.047544 3.109244 0.002635 -0.106673
    77 1.178665 0.001595 0.000845 0.000000 0.000000 0.669112
    78 -0.000198 0.099628 0.000034 0.000000 0.000000 -0.314102
    79 0.036892 -0.634449 0.266284 -2.801062 0.174301 0.490914
    80 1.708256 -0.002506 -0.000686 -0.000034 -0.000037 1.003564
    81 -0.000576 0.100136 0.000311 0.010914 -0.023129 -0.260841
    82 -0.003952 -0.281811 0.115047 -3.059162 0.089004 0.167964
    83 1.289627 0.003949 0.000061 -0.000026 -0.000021 0.736276
    84 -0.171528 -0.018148 -0.099873 0.013484 -0.062184 -0.011780
    85 0.912716 0.007240 0.001326 0.000019 0.000021 0.583804
    86 -0.342617 0.053404 -0.025571 -2.909301 -0.017248 0.075276
    87 1.100231 -0.000930 -0.002434 -0.000063 0.000002 1.178054
    88 -0.384983 0.330998 0.006848 -3.087207 -0.018765 -0.184279
    89 0.678146 0.006192 0.000002 -0.000018 -0.000019 0.683705
    90 -0.123848 0.072737 0.029507 2.898184 -0.060627 0.094834
    91 1.017166 -0.000154 -0.000252 -0.000023 -0.000014 0.671517
    92 -0.344986 0.123129 0.143151 2.994981 0.012396 0.059140
    93 -0.730988 0.177046 0.039141 -0.123731 0.076518 -0.084310
    94 0.925900 0.001298 -0.000896 -0.000002 0.000049 0.134120
    95 -0.124027 -0.052092 0.038496 3.077813 -0.008519 0.039229
    96 1.100430 -0.007458 0.000503 0.000006 0.000030 0.904180
    97 -0.330082 0.160641 0.042780 3.128073 0.034033 -0.171236
    98 0.675854 0.005438 0.003272 0.000014 0.000003 0.945911
    99 -0.019516 -0.016531 0.038578 -2.763781 0.050305 0.076828
    100 1.018891 0.005113 0.001121 -0.000006 0.000007 0.984562
    101 -0.155312 0.130643 -0.021921 -3.022466 0.022433 -0.024903
    102 -0.252209 0.061937 -0.024914 -0.007671 -0.063171 -0.044392
    103 -0.085991 0.185203 -0.015180 -2.937063 -0.113970 -0.138991
    104 -0.286537 0.179852 0.024264 -3.109353 -0.049645 -0.029915
    105 -0.019489 0.147084 0.079203 2.893815 0.038585 -0.060594
    106 -0.046482 0.251898 0.129548 3.016165 0.077112 -0.042864
    107 0.039120 -0.040298 0.047739 3.084219 0.030470 -0.037414
    108 -0.233757 0.066630 0.001754 -3.133086 0.040141 -0.065413
    109 0.044266 0.020128 0.001684 -2.778763 -0.118872 -0.040488
    110 0.071495 0.074127 -0.048302 -3.035917 -0.059482 0.104366
    111 0.000000 0.000000 0.000000 0.000000 0.000000 -1.570796
    112 15.137181 -3.640736 -2.750084 -0.037133 -0.022522 0.013058
    113 -4.035279 8.472915 -1.152379 0.486537 -0.791792 -1.458436
    114 -1.541997 0.000000 1.809996 0.000000 0.000000 0.000000
    115 5.560989 0.000000 1.164998 0.000000 0.000000 0.000000
    116 1.770997 -0.313999 1.249997 0.000000 0.000000 -1.570817
    117 3.817992 0.000000 -0.014000 0.000000 0.000000 0.000000
    118 -0.469999 0.000000 -3.436993 0.000000 0.000000 0.000000
    119 -2.237996 0.000000 -3.187994 0.000000 0.000000 0.000000
    120 3.318993 0.000000 3.457993 0.000000 -0.159203 0.000000
    121 0.000000 0.000000 0.000000 0.000000 0.000000 0.000000
    122 0.532999 0.510999 -0.840998 0.000000 0.000000 0.000000
    123 0.000000 0.000000 0.000000 0.000000 0.000000 0.000000
    124 -0.106000 0.000000 64.320000 0.000000 0.000000 0.000000
    125 0.000000 0.000000 0.000000 0.000000 0.000000 0.000000
    126 0.000000 0.000000 0.000000 0.006400 -0.002181 0.001198
    127 24.960896 -3.583398 8.033736 -0.037154 -0.022516 0.013200
    128 0.106000 0.000000 -64.320000 0.000000 0.000000 0.000000
    129 0.000000 0.000000 0.000000 0.000000 0.000000 0.000000
    130 0.000000 0.000000 -4.867002 -3.141592 0.000000 -3.128591
    131 0.000000 0.000000 4.867000 -3.141592 0.000000 -3.128591
    132 4.000000 -6.500000 0.000000 0.000000 0.000000 0.000977
    133 -6.500000 0.000000 0.000000 0.000000 1.570796 0.000000
    134 1.000088 -0.000029 0.000000 0.000000 0.000000 0.000000
    135 17.162516 -0.000404 0.000000 0.000000 0.000000 0.119214
    136 9.999891 -0.000303 0.000000 0.000000 0.000000 0.000000
    137 1.000088 -0.000029 0.000000 0.000000 0.000000 0.000000
    138 17.162516 -0.000404 0.000000 0.000000 0.000000 0.119214
    139 9.499836 0.000212 0.000000 0.000000 0.000000 0.000000
    140 0.000000 0.000000 0.000000 0.000000 0.000000 0.000000
    141 17.749374 0.295515 0.000000 0.000000 0.000000 -1.158958
    142 0.017889 0.299792 0.000000 0.000000 0.000000 -0.059582
    143 12.283573 1.581456 -4.696000 1.462269 -0.086726 0.090185
    144 17.749376 0.295515 0.000000 0.000000 0.000000 -1.158958
    145 0.017889 0.299792 0.000000 0.000000 0.000000 -0.059582
    146 13.354000 0.000000 0.000000 0.000000 0.000000 -0.294101
    147 4.530998 0.000000 0.000000 0.000000 0.000000 0.000000
    148 0.000000 0.000000 0.000000 0.000000 0.000000 0.000000
    149 5.413524 0.000347 0.000000 0.000000 0.000000 -0.518055
    150 5.413524 0.000347 0.000000 0.000000 0.000000 -0.518055
    151 4.662001 -5.366332 4.825191 1.569715 1.561305 -3.121216
    152 3.116966 -0.000443 0.000000 0.000000 0.000000 0.294101
    153 4.531197 0.000000 0.000000 0.000000 0.000000 0.000000
    154 -2.154195 0.003000 0.266281 0.000000 -0.078343 0.000000
    155 -5.654274 0.003000 0.015000 0.000000 0.000000 0.000000
    156 -1.399042 0.000000 -1.159508 0.000000 0.350784 0.000000
    157 -10.410173 5.618775 -14.039102 1.673342 -0.665495 -0.204485
    158 3.512001 -3.547000 -1.066000 0.000000 1.570796 0.000000
    159 3.456001 -3.517000 1.169000 0.000000 1.570796 0.000000
    160 6.233002 0.000000 0.000000 0.000000 0.000000 0.000000
    161 -0.171997 -0.106000 -0.902000 1.570713 1.029176 -3.134550
    162 6.241997 -6.380000 0.019532 0.001198 -0.006400 0.002169
    163 1.947000 -0.003000 -0.278000 0.000000 0.000000 0.000000
    164 -2.941000 -0.003000 0.381000 0.000000 0.000000 0.000000
    165 -2.941000 -0.003000 0.381000 0.000000 0.000000 0.000000
    166 -0.070000 -0.003000 0.481000 0.000000 0.000000 0.000000
    167 -0.002780 0.000000 0.017476 0.000000 -0.382486 0.000048
    168 3.999434 -0.000527 -0.000332 0.172683 0.000048 0.000000
    169 3.999901 0.000038 0.001011 0.231361 0.000060 0.000000
    170 1.598000 0.000000 0.000000 0.000000 0.000000 0.000000
    171 -1.145525 0.000130 0.000668 0.000000 0.000000 0.000000
    172 2.299679 -2.499979 -0.599480 0.891953 0.221501 -0.527302
    173 6.788102 -4.554762 25.492663 -0.426079 -0.903027 1.494627
    174 -9.580671 -27.862106 -37.184677 0.812879 -0.123459 -0.568477
    175 0.649933 -0.548295 0.093651 -1.665913 -0.131399 -0.112062
    176 0.657074 0.008402 0.040371 -1.665945 -0.131407 -0.000013
    177 0.665776 0.747221 -0.029190 -1.665935 -0.131408 0.094976
    178 2.300139 -2.499413 0.600159 -0.891994 -0.221476 -0.527269
    179 12.187820 1.068084 0.992054 1.811734 -0.001398 0.197555
    180 2.762350 0.116951 1.523975 1.629482 0.064153 1.743800
    181 7.228317 7.928197 -3.925652 2.328713 0.123459 -0.568477
    182 0.650394 -0.547730 -0.092979 1.665913 0.131399 -0.112062
    183 0.657069 0.008398 -0.040379 1.665945 0.131407 -0.000013
    184 0.665775 0.747221 0.029179 1.665935 0.131408 0.094976
    185 -4.481003 -0.202000 0.000000 0.000000 0.000000 0.000000
    186 -5.516998 -0.291000 -0.001000 0.000000 0.000000 0.000000
    187 -0.857700 0.104071 0.104683 0.023536 0.163924 0.013632
    188 1.899119 0.000423 -0.000439 0.027386 -0.033311 0.477848
    189 1.799661 -0.000233 0.000231 0.027386 -0.033311 0.477848
    190 1.799661 -0.000233 0.000231 0.027386 -0.033311 0.477848
    191 1.799661 -0.000233 0.000231 0.027386 -0.033311 0.477848
    192 1.900310 -0.000137 -0.000517 0.027386 -0.033311 0.477848
    193 1.899435 -0.000317 -0.000150 -0.027386 0.033311 0.477848
    194 1.799662 -0.000240 -0.000233 -0.027386 0.033311 0.477848
    195 1.799662 -0.000240 -0.000233 -0.027386 0.033311 0.477848
    196 1.799662 -0.000240 -0.000233 -0.027386 0.033311 0.477848
    197 1.900729 0.000553 -0.000072 -0.027386 0.033311 0.477848
    198 0.599884 0.400187 -0.000031 0.000000 0.000000 0.000000
    199 0.599886 0.400185 0.000034 0.000000 0.000000 -3.141592
    200 0.599503 0.400694 0.000234 0.000000 0.000000 0.000000
    201 0.600029 -0.000020 -0.000019 0.000000 0.000000 -3.141592
  time 11
    0 0.000000 0.000000 0.000000 0.000000 0.000000 -1.570796
    1 -0.106323 0.000000 -0.000198 0.000000 0.000000 0.000000
    2 0.000000 0.000000 0.000000 0.000000 0.000000 0.000000
    3 -0.904000 0.000000 -11.806000 0.000000 0.000000 0.000000
    4 0.000000 0.000000 -14.313999 0.000000 -1.570796 1.570857
    5 3.533001 0.000000 0.000000 0.000000 0.000000 0.000000
    6 6.250000 0.000000 0.000000 0.000000 0.000000 0.000000
    7 9.568951 1.921959 -1.819016 -0.161306 1.437249 -0.160166
    8 9.562500 1.924805 1.815430 0.098301 -1.350314 -0.096174
    9 5.790726 0.002787 -0.000113 0.315915 1.164179 -0.152046
    10 5.999492 -0.000592 -4.000343 0.000000 0.000000 0.000000
    11 5.791316 0.002582 0.004799 0.974118 -0.677902 -1.267610
    12 5.999492 -0.000592 4.000336 0.000000 0.000000 0.000000
    13 0.500225 0.000133 -0.000088 -0.240364 0.000000 0.000000
    14 11.534559 0.004255 -0.001312 -0.000017 0.000009 -1.420477
    15 -0.829338 0.893824 0.079659 -0.148839 0.047645 0.087266
    16 0.500225 0.000132 0.000076 -0.175637 0.000000 0.000000
    17 11.532495 0.004432 -0.000089 0.000150 -0.000046 -1.721520
    18 -0.829586 0.894698 -0.079464 0.045377 -0.019621 0.087266
    19 10.599884 0.000105 -0.000553 0.172687 0.000000 0.000000
    20 0.357954 -0.415810 -0.000805 0.000000 0.000011 0.710294
    21 11.042057 -0.000189 0.004704 0.212231 0.910162 -0.559416
    22 -1.214832 0.203470 -0.477489 -0.135025 -0.078677 -0.001289
    23 10.599880 0.000105 0.000549 0.433387 0.000000 0.000000
    24 0.611866 -0.533001 0.000801 0.000036 0.000013 0.859943
    25 11.041742 0.003171 -0.000571 0.335701 0.174929 0.796579
    26 -1.063377 0.077663 0.150230 0.045121 0.020046 -0.012850
    27 0.610302 -0.939470 0.070343 -1.709854 -0.288280 -0.151850
    28 0.639940 -0.199121 0.060188 -1.668807 -0.275446 -0.052137
    29 0.600155 1.080261 -0.339535 -1.733621 0.002334 0.063845
    30 0.610207 0.400743 -0.010101 -1.765441 -0.192104 0.068723
    31 0.634715 -0.690090 -0.232343 0.235014 0.152877 -0.793727
    32 -0.792125 0.203736 0.461300 1.439074 -0.003453 -0.018305
    33 0.610300 -0.939469 -0.070351 1.655649 0.171946 -0.172859
    34 0.639937 -0.199121 -0.060200 1.671196 0.183129 -0.036773
    35 0.600157 1.080259 0.339531 1.741630 0.106894 0.153609
    36 0.610205 0.400743 0.010086 1.766570 0.125877 0.080240
    37 0.624002 -0.695300 0.232270 -0.769700 -0.534799 -0.715459
    38 -0.626031 -0.069983 -0.080517 -1.447153 0.086151 0.021559
    39 2.621377 -0.002532 -0.001438 0.032282 -0.408585 0.620617
    40 2.660837 0.000397 -0.000071 -0.354877 -0.175208 1.236555
    41 2.206394 0.003368 -0.006769 -0.343936 0.096377 1.464921
    42 0.599952 0.959240 -0.300102 -0.174544 0.000000 0.000000
    43 2.553283 -0.001967 0.006359 -0.200973 -0.001691 1.443748
    44 2.095024 0.000033 -0.006100 -0.164987 0.441849 0.790923
    45 0.999380 -0.000236 -1.232808 -0.000001 0.000000 0.000000
    46 -0.122639 -0.721856 0.661690 -0.486644 0.223964 0.243056
    47 2.622113 -0.000648 0.002741 -0.178553 0.119225 0.003610
    48 2.654002 0.004589 -0.000533 0.322092 0.240114 1.085240
    49 2.200016 0.001663 0.004743 0.262942 -0.039550 1.072963
    50 0.599951 0.959244 0.300102 0.174544 0.000000 0.000000
    51 2.552663 -0.000385 0.000554 0.263779 0.129491 1.165899
    52 2.103851 0.005614 -0.001014 0.551738 -0.307977 0.449650
    53 0.999374 -0.000237 1.389055 0.000000 0.000000 -0.070613
    54 0.310846 -0.606445 -0.498005 0.308107 -0.197598 0.313976
    55 1.873069 -0.000835 -0.000994 0.000017 -0.000044 0.795458
    56 1.200941 0.399582 -0.000237 -0.009465 0.016087 0.007127
    57 0.000586 0.100342 -0.000319 -0.120035 -0.021926 -0.209617
    58 -0.161663 0.051712 0.194808 -2.941982 0.122408 -0.060194
    59 2.010092 -0.003202 -0.003377 0.000018 0.000013 0.954436
    60 0.000240 0.099802 -0.000395 -0.018823 0.010833 -0.239219
    61 -0.203197 0.048607 0.069150 -3.093332 0.033217 -0.046722
    62 1.180428 -0.006214 0.000780 -0.000014 0.000000 0.883234
    63 -0.000196 0.099625 -0.000034 0.000000 0.000000 -0.314102
    64 -0.088736 -0.688435 -0.145203 2.930407 -0.136130 0.513013
    65 1.715976 -0.003328 -0.000088 -0.000049 -0.000045 0.994833
    66 -0.000580 0.100145 -0.000311 -0.010912 0.023129 -0.260841
    67 -0.146030 -0.232426 -0.014225 3.028455 -0.094299 0.113020
    68 1.290632 0.000362 -0.000032 0.000000 0.000000 -0.238807
    69 -0.658121 -0.003575 0.072645 -0.142711 0.027792 -0.077299
    70 1.868080 -0.003049 0.006083 0.000003 -0.000021 0.223426
    71 1.200079 0.399944 -0.000093 0.009465 -0.016087 0.007127
    72 0.000591 0.100342 0.000319 0.120035 0.021926 -0.209617
    73 0.068077 0.002285 -0.080050 3.111376 -0.069366 -0.060847
    74 2.011874 -0.005083 0.006086 -0.000013 -0.000025 1.297769
    75 0.000229 0.099802 0.000395 0.018823 -0.010833 -0.239219
    76 -0.018673 -0.001009 0.047544 3.109244 0.002635 -0.106673
    77 1.178665 0.001595 0.000845 0.000000 0.000000 0.669112
    78 -0.000198 0.099628 0.000034 0.000000 0.000000 -0.314102
    79 0.036892 -0.634449 0.266284 -2.801062 0.174301 0.490914
    80 1.704350 -0.002506 -0.004592 -0.000034 -0.000037 1.003564
    81 -0.000576 0.100136 0.000311 0.010914 -0.023129 -0.260841
    82 -0.003952 -0.281811 0.115047 -3.059162 0.089004 0.167964
    83 1.289627 0.003949 0.000061 -0.000026 -0.000033 0.736276
    84 -0.171528 -0.018148 -0.099873 0.013484 -0.062184 -0.011780
    85 0.912716 0.007240 0.001326 0.000019 0.000021 0.583804
    86 -0.342617 0.053404 -0.025571 -2.909301 -0.017248 0.075276
    87 1.100231 -0.000930 -0.002434 -0.000063 0.000002 1.178054
    88 -0.384983 0.330998 0.006848 -3.087207 -0.018765 -0.184279
    89 0.678146 0.006192 0.000002 -0.000018 -0.000019 0.683705
    90 -0.123848 0.072737 0.029507 2.898184 -0.060627 0.094834
    91 1.017166 -0.000154 -0.000252 -0.000023 -0.000014 0.671517
    92 -0.344986 0.123129 0.143151 2.994981 0.012396 0.059140
    93 -0.730988 0.177046 0.039141 -0.123731 0.076518 -0.084310
    94 0.925900 0.001298 -0.000896 -0.000002 0.000049 0.134120
    95 -0.124027 -0.052092 0.038496 3.077813 -0.008519 0.039229
    96 1.100430 -0.003552 0.000503 0.000018 0.000030 0.904180
    97 -0.330082 0.160641 0.042780 3.128073 0.034033 -0.171236
    98 0.675854 0.005438 0.003272 0.000014 0.000003 0.945911
    99 -0.019516 -0.016531 0.038578 -2.763781 0.050305 0.076828
    100 1.014985 0.001206 0.001121 -0.000006 0.000007 0.984583
    101 -0.155312 0.130643 -0.021921 -3.022466 0.022433 -0.024903
    102 -0.252209 0.061937 -0.024914 -0.007671 -0.063171 -0.044392
    103 -0.085991 0.185203 -0.015180 -2.937063 -0.113970 -0.138991
    104 -0.286537 0.179852 0.024264 -3.109353 -0.049645 -0.029915
    105 -0.019489 0.147084 0.079203 2.893815 0.038585 -0.060594
    106 -0.046482 0.251898 0.129548 3.016165 0.077112 -0.042864
    107 0.039120 -0.040298 0.047739 3.084219 0.030470 -0.037414
    108 -0.233757 0.066630 0.001754 -3.133086 0.040141 -0.065413
    109 0.044266 0.020128 0.001684 -2.778763 -0.118872 -0.040488
    110 0.071495 0.074127 -0.048302 -3.035917 -0.059482 0.104366
    111 0.000000 0.000000 0.000000 0.000000 0.000000 -1.570796
    112 15.031709 -3.660268 -2.836024 -0.070173 -0.017512 0.014737
    113 -4.019654 8.570574 -1.121128 0.440895 -0.782921 -1.425157
    114 -1.541997 0.000000 1.809996 0.000000 0.000000 0.000000
    115 5.560989 0.000000 1.164998 0.000000 0.000000 0.000000
    116 1.770997 -0.313999 1.249997 0.000000 0.000000 -1.570817
    117 3.817992 0.000000 -0.014000 0.000000 0.000000 0.000000
    118 -0.469999 0.000000 -3.436993 0.000000 0.000000 0.000000
    119 -2.237996 0.000000 -3.187994 0.000000 0.000000 0.000000
    120 3.318993 0.000000 3.457993 0.000000 -0.159203 0.000000
    121 0.000000 0.000000 0.000000 0.000000 0.000000 0.000000
    122 0.532999 0.510999 -0.840998 0.000000 0.000000 0.000000
    123 0.000000 0.000000 0.000000 0.000000 0.000000 0.000000
    124 -0.106000 0.000000 64.320000 0.000000 0.000000 0.000000
    125 0.000000 0.000000 0.000000 0.000000 0.000000 0.000000
    126 0.000000 0.000000 0.000000 0.009012 -0.001762 0.000623
    127 24.847611 -3.622462 7.912638 -0.070099 -0.017506 0.014785
    128 0.106000 0.000000 -64.320000 0.000000 0.000000 0.000000
    129 0.000000 0.000000 0.000000 0.000000 0.000000 0.000000
    130 0.000000 0.000000 -4.867002 -3.141592 0.000000 -3.128591
    131 0.000000 0.000000 4.867000 -3.141592 0.000000 -3.128591
    132 4.000000 -6.500000 0.000000 0.000000 0.000000 0.000977
    133 -6.500000 0.000000 0.000000 0.000000 1.570796 0.000000
    134 1.000088 -0.000029 0.000000 0.000000 0.000000 0.000000
    135 17.162516 -0.000404 0.000000 0.000000 0.000000 0.119214
    136 9.999891 -0.000303 0.000000 0.000000 0.000000 0.000000
    137 1.000088 -0.000029 0.000000 0.000000 0.000000 0.000000
    138 17.162516 -0.000404 0.000000 0.000000 0.000000 0.119214
    139 9.499836 0.000212 0.000000 0.000000 0.000000 0.000000
    140 0.000000 0.000000 0.000000 0.000000 0.000000 0.000000
    141 17.749374 0.295515 0.000000 0.000000 0.000000 -1.158958
    142 0.017889 0.299792 0.000000 0.000000 0.000000 -0.059582
    143 12.283573 1.581456 -4.696000 1.462269 -0.086726 0.090185
    144 17.749376 0.295515 0.000000 0.000000 0.000000 -1.158958
    145 0.017889 0.299792 0.000000 0.000000 0.000000 -0.059582
    146 13.354000 0.000000 0.000000 0.000000 0.000000 -0.294101
    147 4.530998 0.000000 0.000000 0.000000 0.000000 0.000000
    148 0.000000 0.000000 0.000000 0.000000 0.000000 0.000000
    149 5.413524 0.000347 0.000000 0.000000 0.000000 -0.518055
    150 5.413524 0.000347 0.000000 0.000000 0.000000 -0.518055
    151 4.662001 -5.366332 4.825191 1.569715 1.561305 -3.121216
    152 3.116966 -0.000443 0.000000 0.000000 0.000000 0.294101
    153 4.531197 0.000000 0.000000 0.000000 0.000000 0.000000
    154 -2.158101 0.003000 0.266281 0.000000 -0.078343 0.000000
    155 -5.658181 0.003000 0.015000 0.000000 0.000000 0.000000
    156 -2.149065 0.000000 -3.550206 0.000000 0.374795 0.000000
    157 -8.414018 5.814093 -12.546869 1.492331 -0.675076 -0.026509
    158 3.512001 -3.547000 -1.066000 0.000000 1.570796 0.000000
    159 3.456001 -3.517000 1.169000 0.000000 1.570796 0.000000
    160 6.233002 0.000000 0.000000 0.000000 0.000000 0.000000
    161 -0.171997 -0.106000 -0.902000 1.570713 1.029176 -3.134550
    162 6.253716 -6.372187 0.058596 0.000623 -0.009012 0.001762
    163 1.947000 -0.003000 -0.278000 0.000000 0.000000 0.000000
    164 -2.941000 -0.003000 0.381000 0.000000 0.000000 0.000000
    165 -2.941000 -0.003000 0.381000 0.000000 0.000000 0.000000
    166 -0.070000 -0.003000 0.481000 0.000000 0.000000 0.000000
    167 -0.002780 0.000000 0.017476 0.000000 -0.382486 0.000048
    168 3.999434 -0.000527 -0.000332 0.086322 0.000000 0.000000
    169 3.999901 0.000038 0.001011 0.216764 0.000000 0.000000
    170 1.598000 0.000000 0.000000 0.000000 0.000000 0.000000
    171 -1.145525 0.000130 0.000668 0.000000 0.000000 0.000000
    172 2.299679 -2.499979 -0.599480 0.891953 0.221501 -0.527302
    173 10.764786 -5.816519 22.961336 -0.206170 -0.929838 1.396488
    174 -9.580671 -27.862106 -37.184677 0.812879 -0.123459 -0.568477
    175 0.649933 -0.548295 0.093651 -1.665913 -0.131399 -0.112062
    176 0.657074 0.008402 0.040371 -1.665945 -0.131407 -0.000013
    177 0.665776 0.747221 -0.029190 -1.665935 -0.131408 0.094976
    178 2.300139 -2.499413 0.600159 -0.891994 -0.221476 -0.527285
    179 12.187820 1.068084 0.992054 1.811734 -0.001398 0.197555
    180 2.762350 0.116951 1.523975 1.629482 0.064153 1.743800
    181 7.228317 7.928197 -3.925652 2.328713 0.123459 -0.568477
    182 0.650394 -0.547730 -0.092979 1.665913 0.131399 -0.112062
    183 0.657069 0.008398 -0.040379 1.665945 0.131407 -0.000013
    184 0.665775 0.747221 0.029179 1.665935 0.131408 0.094976
    185 -4.481003 -0.202000 0.000000 0.000000 0.000000 0.000000
    186 -5.516998 -0.291000 -0.001000 0.000000 0.000000 0.000000
    187 -0.857700 0.104071 0.104683 0.023536 0.163924 0.013632
    188 1.899119 0.000423 -0.000439 0.027386 -0.033311 0.477848
    189 1.799661 -0.000233 0.000231 0.027386 -0.033311 0.477848
    190 1.799661 -0.000233 0.000231 0.027386 -0.033311 0.477848
    191 1.799661 -0.000233 0.000231 0.027386 -0.033311 0.477848
    192 1.900310 -0.000137 -0.000517 0.027386 -0.033311 0.477848
    193 1.899435 -0.000317 -0.000150 -0.027386 0.033311 0.477848
    194 1.799662 -0.000240 -0.000233 -0.027386 0.033311 0.477848
    195 1.799662 -0.000240 -0.000233 -0.027386 0.033311 0.477848
    196 1.799662 -0.000240 -0.000233 -0.027386 0.033311 0.477848
    197 1.900729 0.000553 -0.000072 -0.027386 0.033311 0.477848
    198 0.599884 0.400187 -0.000031 0.000000 0.000000 0.000000
    199 0.599886 0.400185 0.000034 0.000000 0.000000 -3.141592
    200 0.599503 0.400694 0.000234 0.000000 0.000000 0.000000
    201 0.600029 -0.000020 -0.000019 0.000000 0.000000 -3.141592
  time 12
    0 0.000000 0.000000 0.000000 0.000000 0.000000 -1.570796
    1 -0.106323 0.000000 -0.000198 0.000000 0.000000 0.000000
    2 0.000000 0.000000 0.000000 0.000000 0.000000 0.000000
    3 -0.904000 0.000000 -11.806000 0.000000 0.000000 0.000000
    4 0.000000 0.000000 -14.313999 0.000000 -1.570796 1.570857
    5 3.533001 0.000000 0.000000 0.000000 0.000000 0.000000
    6 6.250000 0.000000 0.000000 0.000000 0.000000 0.000000
    7 9.568951 1.921959 -1.819016 -0.161306 1.437249 -0.160166
    8 9.562500 1.924805 1.815430 0.098301 -1.350314 -0.096174
    9 5.790726 0.002787 -0.000113 0.020816 1.101173 -0.453283
    10 5.999492 -0.000592 -4.000343 0.000000 0.000000 0.000000
    11 5.791316 0.002582 0.004799 0.974038 -0.682636 -1.269424
    12 5.999492 -0.000592 4.000336 0.000000 0.000000 0.000000
    13 0.500225 0.000133 -0.000088 -0.191439 0.000000 0.000000
    14 11.534559 0.004255 -0.001312 0.000043 0.000045 -1.302906
    15 -0.829338 0.893824 0.079659 -0.148839 0.047645 0.087266
    16 0.500225 0.000132 0.000076 -0.175169 0.000000 0.000000
    17 11.532495 0.000526 -0.000089 -0.000030 -0.000058 -1.733408
    18 -0.829586 0.894698 -0.079464 0.045377 -0.019621 0.087266
    19 10.599884 0.000105 -0.000553 -0.054431 0.000000 0.000000
    20 0.279826 -0.372840 -0.000805 -0.000048 0.000023 0.651504
    21 11.042057 0.003717 0.000798 -0.054712 0.798503 -0.835085
    22 -1.214832 0.203470 -0.477489 -0.135025 -0.078677 -0.001289
    23 10.599880 0.000105 0.000549 0.457375 0.000000 0.000048
    24 0.615772 -0.533001 0.000801 0.000024 0.000049 0.866741
    25 11.041742 0.003171 -0.000571 0.353834 0.179494 0.808053
    26 -1.063377 0.077663 0.150230 0.045121 0.020046 -0.012850
    27 0.610302 -0.939470 0.070343 -1.709854 -0.288208 -0.151862
    28 0.639940 -0.199121 0.060188 -1.668807 -0.275398 -0.052149
    29 0.600155 1.080261 -0.339535 -1.733621 0.002322 0.063857
    30 0.610207 0.400743 -0.010101 -1.765441 -0.192056 0.068711
    31 0.634715 -0.690090 -0.236250 0.235014 0.152877 -0.793727
    32 -0.792125 0.203736 0.461300 1.439074 -0.003453 -0.018305
    33 0.610300 -0.939469 -0.070351 1.655649 0.171922 -0.172859
    34 0.639937 -0.199121 -0.060200 1.671196 0.183129 -0.036761
    35 0.600157 1.080259 0.339531 1.741577 0.106894 0.153609
    36 0.610205 0.400743 0.010086 1.766570 0.125877 0.080240
    37 0.624002 -0.695300 0.236176 -0.769734 -0.534799 -0.715422
    38 -0.626031 -0.069983 -0.080517 -1.447153 0.086151 0.021559
    39 2.625284 -0.002532 -0.001438 0.032282 -0.408585 0.620617
    40 2.660837 0.000397 -0.000071 -0.354877 -0.175208 1.236555
    41 2.206394 0.003368 -0.002863 -0.343936 0.096377 1.464852
    42 0.599952 0.959240 -0.300102 -0.174544 0.000000 0.000000
    43 2.557190 -0.005873 0.006359 -0.200973 -0.001691 1.443748
    44 2.095024 -0.003873 -0.002193 -0.164987 0.441806 0.790923
    45 0.999380 -0.000236 -1.228902 -0.000001 0.000000 0.000000
    46 -0.122639 -0.721856 0.661690 -0.486644 0.223964 0.243056
    47 2.622113 -0.000648 0.006647 -0.178553 0.119225 0.003610
    48 2.654002 0.004589 -0.000533 0.322092 0.240114 1.085240
    49 2.200016 0.005570 0.000836 0.262942 -0.039550 1.072963
    50 0.599951 0.959244 0.300102 0.174544 0.000000 0.000000
    51 2.552663 -0.000385 0.000554 0.263779 0.129491 1.165899
    52 2.103851 0.005614 -0.001014 0.551738 -0.307977 0.449650
    53 0.999374 -0.000237 1.385149 0.000000 0.000000 -0.070613
    54 0.310846 -0.606445 -0.498005 0.308107 -0.197598 0.313976
    55 1.873069 -0.004741 -0.004901 0.000017 -0.000044 0.795500
    56 1.200941 0.399582 -0.000237 -0.009465 0.016087 0.007127
    57 0.000586 0.100342 -0.000319 -0.120035 -0.021926 -0.209617
    58 -0.161663 0.051712 0.194808 -2.941982 0.122408 -0.060194
    59 2.010092 -0.003202 -0.007284 0.000018 0.000013 0.954436
    60 0.000240 0.099802 -0.000395 -0.018823 0.010833 -0.239219
    61 -0.203197 0.048607 0.069150 -3.093332 0.033217 -0.046722
    62 1.180428 -0.006214 0.000780 -0.000014 0.000000 0.883234
    63 -0.000196 0.099625 -0.000034 0.000000 0.000000 -0.314102
    64 -0.088736 -0.688435 -0.145203 2.930407 -0.136130 0.513013
    65 1.712069 -0.003328 0.003818 -0.000049 -0.000045 0.994882
    66 -0.000580 0.100145 -0.000311 -0.010912 0.023129 -0.260841
    67 -0.146030 -0.232426 -0.014225 3.028455 -0.094299 0.113020
    68 1.290632 0.000362 -0.000032 0.000000 0.000000 -0.238807
    69 -0.658121 -0.003575 0.072645 -0.142711 0.027792 -0.077299
    70 1.868080 -0.003049 0.006083 0.000003 -0.000021 0.223426
    71 1.200079 0.399944 -0.000093 0.009465 -0.016087 0.007127
    72 0.000591 0.100342 0.000319 0.120035 0.021926 -0.209617
    73 0.068077 0.002285 -0.080050 3.111376 -0.069366 -0.060847
    74 2.015780 -0.005083 0.006086 -0.000001 -0.000025 1.297769
    75 0.000229 0.099802 0.000395 0.018823 -0.010833 -0.239219
    76 -0.018673 -0.001009 0.047544 3.109244 0.002635 -0.106673
    77 1.178665 0.001595 0.000845 0.000000 0.000000 0.669112
    78 -0.000198 0.099628 0.000034 0.000000 0.000000 -0.314102
    79 0.036892 -0.634449 0.266284 -2.801062 0.174301 0.490914
    80 1.704350 -0.002506 -0.004592 -0.000046 -0.000037 1.003564
    81 -0.000576 0.100136 0.000311 0.010914 -0.023129 -0.260841
    82 -0.003952 -0.281811 0.115047 -3.059162 0.089004 0.167964
    83 1.289627 0.003949 0.000061 -0.000026 -0.000033 0.736276
    84 -0.171528 -0.018148 -0.099873 0.013484 -0.062184 -0.011780
    85 0.912716 0.007240 0.001326 0.000019 0.000021 0.583766
    86 -0.342617 0.053404 -0.025571 -2.909301 -0.017248 0.075276
    87 1.100231 -0.000930 -0.002434 -0.000063 0.000002 1.178054
    88 -0.384983 0.330998 0.006848 -3.087207 -0.018765 -0.184279
    89 0.678146 0.006192 0.000002 -0.000018 -0.000019 0.683705
    90 -0.123848 0.072737 0.029507 2.898184 -0.060627 0.094834
    91 1.017166 -0.000154 -0.000252 -0.000023 -0.000014 0.671517
    92 -0.344986 0.123129 0.143151 2.994981 0.012396 0.059140
    93 -0.730988 0.177046 0.039141 -0.123731 0.076518 -0.084310
    94 0.925900 0.001298 -0.000896 -0.000002 0.000049 0.134120
    95 -0.124027 -0.052092 0.038496 3.077813 -0.008519 0.039229
    96 1.100430 -0.007458 0.000503 0.000018 0.000030 0.904180
    97 -0.330082 0.160641 0.042780 3.128073 0.034033 -0.171236
    98 0.675854 0.005438 0.003272 0.000014 0.000003 0.945911
    99 -0.019516 -0.016531 0.038578 -2.763781 0.050305 0.076828
    100 1.014985 0.001206 0.001121 -0.000006 0.000007 0.984583
    101 -0.155312 0.130643 -0.021921 -3.022466 0.022433 -0.024903
    102 -0.252209 0.061937 -0.024914 -0.007671 -0.063171 -0.044392
    103 -0.085991 0.185203 -0.015180 -2.937063 -0.113970 -0.138991
    104 -0.286537 0.179852 0.024264 -3.109353 -0.049645 -0.029915
    105 -0.019489 0.147084 0.079203 2.893815 0.038585 -0.060594
    106 -0.046482 0.251898 0.129548 3.016165 0.077112 -0.042864
    107 0.039120 -0.040298 0.047739 3.084219 0.030470 -0.037414
    108 -0.233757 0.066630 0.001754 -3.133086 0.040141 -0.065413
    109 0.044266 0.020128 0.001684 -2.778763 -0.118872 -0.040488
    110 0.071495 0.074127 -0.048302 -3.035917 -0.059482 0.104366
    111 0.000000 0.000000 0.000000 0.000000 0.000000 -1.570796
    112 14.926237 -3.656362 -2.824305 -0.050178 -0.014702 0.015670
    113 -4.074343 8.672140 -1.046907 0.469254 -0.782691 -1.444027
    114 -1.541997 0.000000 1.809996 0.000000 0.000000 0.000000
    115 5.560989 0.000000 1.164998 0.000000 0.000000 0.000000
    116 1.770997 -0.313999 1.249997 0.000000 0.000000 -1.570817
    117 3.817992 0.000000 -0.014000 0.000000 0.000000 0.000000
    118 -0.469999 0.000000 -3.436993 0.000000 0.000000 0.000000
    119 -2.237996 0.000000 -3.187994 0.000000 0.000000 0.000000
    120 3.318993 0.000000 3.457993 0.000000 -0.159203 0.000000
    121 0.000000 0.000000 0.000000 0.000000 0.000000 0.000000
    122 0.532999 0.510999 -0.840998 0.000000 0.000000 0.000000
    123 0.000000 0.000000 0.000000 0.000000 0.000000 0.000000
    124 -0.106000 0.000000 64.320000 0.000000 0.000000 0.000000
    125 0.000000 0.000000 0.000000 0.000000 0.000000 0.000000
    126 0.000000 0.000000 0.000000 0.011637 -0.001330 0.000072
    127 24.742139 -3.583398 7.900919 -0.050294 -0.014697 0.015625
    128 0.106000 0.000000 -64.320000 0.000000 0.000000 0.000000
    129 0.000000 0.000000 0.000000 0.000000 0.000000 0.000000
    130 0.000000 0.000000 -4.867002 -3.141592 0.000000 -3.128591
    131 0.000000 0.000000 4.867000 -3.141592 0.000000 -3.128591
    132 4.000000 -6.500000 0.000000 0.000000 0.000000 0.000977
    133 -6.500000 0.000000 0.000000 0.000000 1.570796 0.000000
    134 1.000088 -0.000029 0.000000 0.000000 0.000000 0.000000
    135 17.162516 -0.000404 0.000000 0.000000 0.000000 0.119214
    136 9.999891 -0.000303 0.000000 0.000000 0.000000 0.000000
    137 1.000088 -0.000029 0.000000 0.000000 0.000000 0.000000
    138 17.162516 -0.000404 0.000000 0.000000 0.000000 0.119214
    139 9.499836 0.000212 0.000000 0.000000 0.000000 0.000000
    140 0.000000 0.000000 0.000000 0.000000 0.000000 0.000000
    141 17.749374 0.295515 0.000000 0.000000 0.000000 -1.158958
    142 0.017889 0.299792 0.000000 0.000000 0.000000 -0.059582
    143 12.283573 1.581456 -4.696000 1.462269 -0.086726 0.090185
    144 17.749376 0.295515 0.000000 0.000000 0.000000 -1.158958
    145 0.017889 0.299792 0.000000 0.000000 0.000000 -0.059582
    146 13.354000 0.000000 0.000000 0.000000 0.000000 -0.294101
    147 4.530998 0.000000 0.000000 0.000000 0.000000 0.000000
    148 0.000000 0.000000 0.000000 0.000000 0.000000 0.000000
    149 5.413524 0.000347 0.000000 0.000000 0.000000 -0.518055
    150 5.413524 0.000347 0.000000 0.000000 0.000000 -0.518055
    151 4.662001 -5.366332 4.825191 1.569715 1.561305 -3.121216
    152 3.116966 -0.000443 0.000000 0.000000 0.000000 0.294101
    153 4.531197 0.000000 0.000000 0.000000 0.000000 0.000000
    154 -2.154195 0.003000 0.266281 0.000000 -0.078343 0.000000
    155 -5.654274 0.003000 0.015000 0.000000 0.000000 0.000000
    156 -3.059249 0.000000 -6.437013 0.000000 0.399438 0.000000
    157 -6.355361 5.884408 -10.878849 1.277203 -0.684611 0.119656
    158 3.512001 -3.547000 -1.066000 0.000000 1.570796 0.000000
    159 3.456001 -3.517000 1.169000 0.000000 1.570796 0.000000
    160 6.233002 0.000000 0.000000 0.000000 0.000000 0.000000
    161 -0.171997 -0.106000 -0.902000 1.570713 1.029176 -3.134550
    162 6.249810 -6.376094 0.062502 0.000072 -0.011637 0.001318
    163 1.947000 -0.003000 -0.278000 0.000000 0.000000 0.000000
    164 -2.941000 -0.003000 0.381000 0.000000 0.000000 0.000000
    165 -2.941000 -0.003000 0.381000 0.000000 0.000000 0.000000
    166 -0.070000 -0.003000 0.481000 0.000000 0.000000 0.000000
    167 -0.002780 0.000000 0.017476 0.000000 -0.382486 0.000048
    168 3.999434 -0.000527 -0.000332 -0.027361 0.000000 0.000000
    169 3.999901 0.000038 0.001011 0.227415 0.000000 0.000000
    170 1.598000 0.000000 0.000000 0.000000 0.000000 0.000000
    171 -1.145525 0.000130 0.000668 0.000000 0.000000 0.000000
    172 2.299679 -2.499979 -0.599480 0.891953 0.221501 -0.527302
    173 13.764878 -5.418070 19.887023 -0.022992 -0.913869 1.375337
    174 -9.580671 -27.862106 -37.184677 0.812879 -0.123459 -0.568477
    175 0.649933 -0.548295 0.093651 -1.665913 -0.131399 -0.112062
    176 0.657074 0.008402 0.040371 -1.665945 -0.131407 -0.000013
    177 0.665776 0.747221 -0.029190 -1.665935 -0.131408 0.094976
    178 2.300139 -2.499413 0.600159 -0.891994 -0.221476 -0.527269
    179 12.187820 1.068084 0.992054 1.811734 -0.001398 0.197555
    180 2.762350 0.116951 1.523975 1.629482 0.064153 1.743800
    181 7.228317 7.928197 -3.925652 2.328713 0.123459 -0.568477
    182 0.650394 -0.547730 -0.092979 1.665913 0.131399 -0.112062
    183 0.657069 0.008398 -0.040379 1.665945 0.131407 -0.000013
    184 0.665775 0.747221 0.029179 1.665935 0.131408 0.094976
    185 -4.481003 -0.202000 0.000000 0.000000 0.000000 0.000000
    186 -5.516998 -0.291000 -0.001000 0.000000 0.000000 0.000000
    187 -0.857700 0.104071 0.104683 0.023536 0.163924 0.013632
    188 1.899119 0.000423 -0.000439 0.027386 -0.033311 0.477848
    189 1.799661 -0.000233 0.000231 0.027386 -0.033311 0.477848
    190 1.799661 -0.000233 0.000231 0.027386 -0.033311 0.477848
    191 1.799661 -0.000233 0.000231 0.027386 -0.033311 0.477848
    192 1.900310 -0.000137 -0.000517 0.027386 -0.033311 0.477848
    193 1.899435 -0.000317 -0.000150 -0.027386 0.033311 0.477848
    194 1.799662 -0.000240 -0.000233 -0.027386 0.033311 0.477848
    195 1.799662 -0.000240 -0.000233 -0.027386 0.033311 0.477848
    196 1.799662 -0.000240 -0.000233 -0.027386 0.033311 0.477848
    197 1.900729 0.000553 -0.000072 -0.027386 0.033311 0.477848
    198 0.599884 0.400187 -0.000031 0.000000 0.000000 0.000000
    199 0.599886 0.400185 0.000034 0.000000 0.000000 -3.141592
    200 0.599503 0.400694 0.000234 0.000000 0.000000 0.000000
    201 0.600029 -0.000020 -0.000019 0.000000 0.000000 -3.141592
  time 13
    0 0.000000 0.000000 0.000000 0.000000 0.000000 -1.570796
    1 -0.106323 0.000000 -0.000198 0.000000 0.000000 0.000000
    2 0.000000 0.000000 0.000000 0.000000 0.000000 0.000000
    3 -0.904000 0.000000 -11.806000 0.000000 0.000000 0.000000
    4 0.000000 0.000000 -14.313999 0.000000 -1.570796 1.570857
    5 3.533001 0.000000 0.000000 0.000000 0.000000 0.000000
    6 6.250000 0.000000 0.000000 0.000000 0.000000 0.000000
    7 9.568951 1.609449 -2.080743 -0.653561 1.407519 -0.657065
    8 9.562500 1.924805 1.815430 0.098301 -1.350314 -0.096174
    9 5.790726 0.002787 -0.000113 -0.227472 1.022966 -0.666542
    10 5.999492 -0.000592 -4.000343 0.000000 0.000000 0.000000
    11 5.791316 0.002582 0.004799 0.977765 -0.678573 -1.276045
    12 5.999492 -0.000592 4.000336 0.000000 0.000000 0.000000
    13 0.500225 0.000133 -0.000088 -0.120110 0.000000 0.000000
    14 11.534559 0.004255 -0.001312 0.000043 0.000045 -1.154370
    15 -0.829338 0.893824 0.079659 -0.148839 0.047645 0.087266
    16 0.500225 0.000132 0.000076 -0.174702 0.000000 0.000000
    17 11.532495 0.004432 -0.000089 0.000006 -0.000022 -1.718803
    18 -0.829586 0.894698 -0.079464 0.045377 -0.019621 0.087266
    19 10.599884 0.000105 -0.000553 -0.311995 0.000000 0.000060
    20 0.209512 -0.322057 -0.000805 -0.000048 0.000023 0.577259
    21 11.042057 -0.000189 0.004704 -0.244979 0.698629 -1.103789
    22 -1.214832 0.203470 -0.477489 -0.135025 -0.078677 -0.001289
    23 10.599880 0.000105 0.000549 0.475791 0.000000 0.000000
    24 0.619678 -0.529095 0.000801 0.000000 -0.000011 0.859543
    25 11.041742 0.003171 -0.000571 0.373870 0.185162 0.800169
    26 -1.063377 0.077663 0.150230 0.045121 0.020046 -0.012850
    27 0.610302 -0.939470 0.070343 -1.709753 -0.288148 -0.151874
    28 0.639940 -0.199121 0.060188 -1.668807 -0.275350 -0.052161
    29 0.600155 1.080261 -0.339535 -1.733621 0.002322 0.063857
    30 0.610207 0.400743 -0.010101 -1.765441 -0.191984 0.068699
    31 0.634715 -0.690090 -0.236250 0.235014 0.152877 -0.793727
    32 -0.792125 0.203736 0.461300 1.439074 -0.003453 -0.018305
    33 0.610300 -0.939469 -0.070351 1.655649 0.171934 -0.172859
    34 0.639937 -0.199121 -0.060200 1.671196 0.183129 -0.036761
    35 0.600157 1.080259 0.339531 1.741577 0.106894 0.153597
    36 0.610205 0.400743 0.010086 1.766570 0.125877 0.080240
    37 0.624002 -0.695300 0.232270 -0.769734 -0.534799 -0.715422
    38 -0.626031 -0.069983 -0.080517 -1.447153 0.086151 0.021559
    39 2.625284 -0.006439 -0.001438 0.032282 -0.408585 0.620617
    40 2.664743 0.000397 -0.000071 -0.354877 -0.175208 1.236555
    41 2.206394 0.003368 -0.006769 -0.343924 0.096377 1.464852
    42 0.599952 0.959240 -0.300102 -0.174544 0.000000 0.000000
    43 2.557190 -0.005873 0.006359 -0.200988 -0.001691 1.443748
    44 2.095024 -0.003873 -0.002193 -0.164987 0.441806 0.790923
    45 0.999380 -0.000236 -1.232808 -0.000001 0.000000 0.000000
    46 -0.122639 -0.721856 0.661690 -0.486644 0.223964 0.243056
    47 2.622113 -0.000648 0.002741 -0.178540 0.119225 0.003610
    48 2.654002 0.004589 -0.000533 0.322092 0.240114 1.085263
    49 2.200016 0.001663 0.000836 0.262942 -0.039550 1.072963
    50 0.599951 0.959244 0.300102 0.174544 0.000000 0.000000
    51 2.556570 -0.004291 0.000554 0.263779 0.129491 1.165899
    52 2.103851 0.005614 -0.001014 0.550495 -0.307773 0.455005
    53 0.999374 -0.000237 1.385149 0.000000 0.000000 -0.070613
    54 0.310846 -0.606445 -0.498005 0.308107 -0.197598 0.313976
    55 1.873069 -0.004741 -0.000994 0.000017 -0.000032 0.795500
    56 1.200941 0.399582 -0.000237 -0.009465 0.016087 0.007127
    57 0.000586 0.100342 -0.000319 -0.120035 -0.021926 -0.209617
    58 -0.161663 0.051712 0.194808 -2.941982 0.122408 -0.060194
    59 2.010092 -0.003202 -0.003377 0.000018 0.000013 0.954436
    60 0.000240 0.099802 -0.000395 -0.018823 0.010833 -0.239219
    61 -0.203197 0.048607 0.069150 -3.093332 0.033217 -0.046722
    62 1.180428 -0.006214 0.000780 -0.000014 0.000012 0.883234
    63 -0.000196 0.099625 -0.000034 0.000000 0.000000 -0.314102
    64 -0.088736 -0.688435 -0.145203 2.930407 -0.136130 0.513013
    65 1.712069 -0.003328 0.003818 -0.000049 -0.000057 0.994833
    66 -0.000580 0.100145 -0.000311 -0.010912 0.023129 -0.260841
    67 -0.146030 -0.232426 -0.014225 3.028455 -0.094299 0.113020
    68 1.290632 0.000362 -0.000032 0.000000 0.000000 -0.238807
    69 -0.658121 -0.003575 0.072645 -0.142711 0.027792 -0.077299
    70 1.868080 -0.003049 0.006083 0.000003 -0.000021 0.223426
    71 1.200079 0.399944 -0.000093 0.009465 -0.016087 0.007127
    72 0.000591 0.100342 0.000319 0.120035 0.021926 -0.209617
    73 0.068077 0.002285 -0.080050 3.111376 -0.069366 -0.060847
    74 2.015780 -0.005083 0.006086 -0.000001 -0.000025 1.297769
    75 0.000229 0.099802 0.000395 0.018823 -0.010833 -0.239219
    76 -0.018673 -0.001009 0.047544 3.109244 0.002635 -0.106673
    77 1.178665 0.001595 0.000845 0.000000 0.000000 0.669112
    78 -0.000198 0.099628 0.000034 0.000000 0.000000 -0.314102
    79 0.036892 -0.634449 0.266284 -2.801062 0.174301 0.490914
    80 1.704350 -0.002506 -0.004592 -0.000034 -0.000037 1.003564
    81 -0.000576 0.100136 0.000311 0.010914 -0.023129 -0.260841
    82 -0.003952 -0.281811 0.115047 -3.059162 0.089004 0.167964
    83 1.289627 0.003949 0.000061 -0.000061 0.000027 0.694076
    84 -0.171528 -0.018148 -0.099873 0.013484 -0.062184 -0.011780
    85 0.916622 0.007240 0.001326 0.000019 0.000021 0.583766
    86 -0.342617 0.053404 -0.025571 -2.909301 -0.017248 0.075276
    87 1.100231 -0.000930 -0.002434 -0.000051 0.000002 1.178054
    88 -0.384983 0.330998 0.006848 -3.087207 -0.018765 -0.184279
    89 0.678146 0.006192 0.000002 -0.000018 -0.000019 0.683705
    90 -0.123848 0.072737 0.029507 2.898184 -0.060627 0.094834
    91 1.017166 -0.000154 -0.000252 -0.000023 -0.000014 0.671517
    92 -0.344986 0.123129 0.143151 2.994981 0.012396 0.059140
    93 -0.730988 0.177046 0.039141 -0.123731 0.076518 -0.084310
    94 0.925900 0.001298 -0.000896 -0.000002 0.000037 0.134120
    95 -0.124027 -0.052092 0.038496 3.077813 -0.008519 0.039229
    96 1.100430 -0.007458 0.000503 0.000018 0.000030 0.904180
    97 -0.330082 0.160641 0.042780 3.128073 0.034033 -0.171236
    98 0.675854 0.005438 0.003272 0.000014 0.000003 0.945911
    99 -0.019516 -0.016531 0.038578 -2.763781 0.050305 0.076828
    100 1.018891 0.005113 0.001121 -0.000006 0.000019 0.984583
    101 -0.155312 0.130643 -0.021921 -3.022466 0.022433 -0.024903
    102 -0.252209 0.061937 -0.024914 -0.007671 -0.063171 -0.044392
    103 -0.085991 0.185203 -0.015180 -2.937063 -0.113970 -0.138991
    104 -0.286537 0.179852 0.024264 -3.109353 -0.049645 -0.029915
    105 -0.019489 0.147084 0.079203 2.893815 0.038585 -0.060594
    106 -0.046482 0.251898 0.129548 3.016165 0.077112 -0.042864
    107 0.039120 -0.040298 0.047739 3.084219 0.030470 -0.037414
    108 -0.233757 0.066630 0.001754 -3.133086 0.040141 -0.065413
    109 0.044266 0.020128 0.001684 -2.778763 -0.118872 -0.040488
    110 0.071495 0.074127 -0.048302 -3.035917 -0.059482 0.104366
    111 0.000000 0.000000 0.000000 0.000000 0.000000 -1.570796
    112 15.043428 -3.671987 -2.812586 -0.028564 -0.015592 0.016043
    113 -4.144658 8.547136 -1.054720 0.499542 -0.785633 -1.464697
    114 -1.541997 0.000000 1.809996 0.000000 0.000000 0.000000
    115 5.560989 0.000000 1.164998 0.000000 0.000000 0.000000
    116 1.770997 -0.313999 1.249997 0.000000 0.000000 -1.570817
    117 3.817992 0.000000 -0.014000 0.000000 0.000000 0.000000
    118 -0.469999 0.000000 -3.436993 0.000000 0.000000 0.000000
    119 -2.237996 0.000000 -3.187994 0.000000 0.000000 0.000000
    120 3.318993 0.000000 3.457993 0.000000 -0.159191 0.000000
    121 0.000000 0.000000 0.000000 0.000000 0.000000 0.000000
    122 0.532999 0.510999 -0.840998 0.000000 0.000000 0.000000
    123 0.000000 0.000000 0.000000 0.000000 0.000000 0.000000
    124 -0.106000 0.000000 64.320000 0.000000 0.000000 0.000000
    125 0.000000 0.000000 0.000000 0.000000 0.000000 0.000000
    126 0.000000 0.000000 0.000000 0.014274 -0.000911 -0.000479
    127 24.863237 -3.571679 7.916544 -0.028489 -0.015539 0.015998
    128 0.106000 0.000000 -64.320000 0.000000 0.000000 0.000000
    129 0.000000 0.000000 0.000000 0.000000 0.000000 0.000000
    130 0.000000 0.000000 -4.867002 -3.141592 0.000000 -3.128591
    131 0.000000 0.000000 4.867000 -3.141592 0.000000 -3.128591
    132 4.000000 -6.500000 0.000000 0.000000 0.000000 0.000977
    133 -6.500000 0.000000 0.000000 0.000000 1.570796 0.000000
    134 1.000088 -0.000029 0.000000 0.000000 0.000000 0.000000
    135 17.162516 -0.000404 0.000000 0.000000 0.000000 0.119214
    136 9.999891 -0.000303 0.000000 0.000000 0.000000 0.000000
    137 1.000088 -0.000029 0.000000 0.000000 0.000000 0.000000
    138 17.162516 -0.000404 0.000000 0.000000 0.000000 0.119214
    139 9.499836 0.000212 0.000000 0.000000 0.000000 0.000000
    140 0.000000 0.000000 0.000000 0.000000 0.000000 0.000000
    141 17.749374 0.295515 0.000000 0.000000 0.000000 -1.158958
    142 0.017889 0.299792 0.000000 0.000000 0.000000 -0.059582
    143 12.283573 1.581456 -4.696000 1.462269 -0.086726 0.090185
    144 17.749376 0.295515 0.000000 0.000000 0.000000 -1.158958
    145 0.017889 0.299792 0.000000 0.000000 0.000000 -0.059582
    146 13.354000 0.000000 0.000000 0.000000 0.000000 -0.294101
    147 4.530998 0.000000 0.000000 0.000000 0.000000 0.000000
    148 0.000000 0.000000 0.000000 0.000000 0.000000 0.000000
    149 5.413524 0.000347 0.000000 0.000000 0.000000 -0.518055
    150 5.413524 0.000347 0.000000 0.000000 0.000000 -0.518055
    151 4.662001 -5.366332 4.825191 1.569715 1.561305 -3.121216
    152 3.116966 -0.000443 0.000000 0.000000 0.000000 0.294101
    153 4.531197 0.000000 0.000000 0.000000 0.000000 0.000000
    154 -2.158101 0.003000 0.266281 0.000000 -0.078343 0.000000
    155 -5.658181 0.003000 0.015000 0.000000 0.000000 0.000000
    156 -4.168658 0.000000 -9.968371 0.000000 0.424107 0.000032
    157 -4.663903 5.896127 -9.285050 1.046305 -0.689357 0.180901
    158 3.512001 -3.547000 -1.066000 0.000000 1.570796 0.000000
    159 3.456001 -3.517000 1.169000 0.000000 1.570796 0.000000
    160 6.233002 0.000000 0.000000 0.000000 0.000000 0.000000
    161 -0.171997 -0.106000 -0.902000 1.570713 1.029176 -3.134550
    162 6.249810 -6.376094 0.070315 -0.000479 -0.014274 0.000911
    163 1.947000 -0.003000 -0.278000 0.000000 0.000000 0.000000
    164 -2.941000 -0.003000 0.381000 0.000000 0.000000 0.000000
    165 -2.941000 -0.003000 0.381000 0.000000 0.000000 0.000000
    166 -0.070000 -0.003000 0.481000 0.000000 0.000000 0.000000
    167 -0.002780 0.000000 0.017476 0.000000 -0.382486 0.000036
    168 3.999434 -0.000527 -0.000332 -0.156068 0.000000 0.000000
    169 3.999901 0.000038 0.001011 0.238007 0.000000 0.000000
    170 1.598000 0.000000 0.000000 0.000000 0.000000 0.000000
    171 -1.145525 0.000130 0.000668 0.000000 0.000000 0.000000
    172 2.299679 -2.499979 -0.599480 0.891953 0.221501 -0.527302
    173 14.882099 -3.617233 17.324445 0.045318 -0.883318 1.512770
    174 -9.580671 -27.862106 -37.184677 0.812879 -0.123459 -0.568477
    175 0.649933 -0.548295 0.093651 -1.665913 -0.131399 -0.112062
    176 0.657074 0.008402 0.040371 -1.665945 -0.131407 -0.000013
    177 0.665776 0.747221 -0.029190 -1.665935 -0.131408 0.094976
    178 2.300139 -2.499413 0.600159 -0.891994 -0.221476 -0.527269
    179 12.187820 1.068084 0.992054 1.811734 -0.001398 0.197555
    180 2.762350 0.116951 1.523975 1.629482 0.064153 1.743800
    181 7.228317 7.928197 -3.925652 2.328713 0.123459 -0.568477
    182 0.650394 -0.547730 -0.092979 1.665913 0.131399 -0.112062
    183 0.657069 0.008398 -0.040379 1.665945 0.131407 -0.000013
    184 0.665775 0.747221 0.029179 1.665935 0.131408 0.094976
    185 -4.481003 -0.202000 0.000000 0.000000 0.000000 0.000000
    186 -5.516998 -0.291000 -0.001000 0.000000 0.000000 0.000000
    187 -0.857700 0.104071 0.104683 0.023536 0.163924 0.013632
    188 1.899119 0.000423 -0.000439 0.027386 -0.033311 0.477848
    189 1.799661 -0.000233 0.000231 0.027386 -0.033311 0.477848
    190 1.799661 -0.000233 0.000231 0.027386 -0.033311 0.477848
    191 1.799661 -0.000233 0.000231 0.027386 -0.033311 0.477848
    192 1.900310 -0.000137 -0.000517 0.027386 -0.033311 0.477848
    193 1.899435 -0.000317 -0.000150 -0.027386 0.033311 0.477848
    194 1.799662 -0.000240 -0.000233 -0.027386 0.033311 0.477848
    195 1.799662 -0.000240 -0.000233 -0.027386 0.033311 0.477848
    196 1.799662 -0.000240 -0.000233 -0.027386 0.033311 0.477848
    197 1.900729 0.000553 -0.000072 -0.027386 0.033311 0.477848
    198 0.599884 0.400187 -0.000031 0.000000 0.000000 0.000000
    199 0.599886 0.400185 0.000034 0.000000 0.000000 -3.141592
    200 0.599503 0.400694 0.000234 0.000000 0.000000 0.000000
    201 0.600029 -0.000020 -0.000019 0.000000 0.000000 -3.141592
  time 14
    0 0.000000 0.000000 0.000000 0.000000 0.000000 -1.570796
    1 -0.106323 0.000000 -0.000198 0.000000 0.000000 0.000000
    2 0.000000 0.000000 0.000000 0.000000 0.000000 0.000000
    3 -0.904000 0.000000 -11.806000 0.000000 0.000000 0.000000
    4 0.000000 0.000000 -14.313999 0.000000 -1.570796 1.570857
    5 3.533001 0.000000 0.000000 0.000000 0.000000 0.000000
    6 6.250000 0.000000 0.000000 0.000000 0.000000 0.000000
    7 9.568951 0.921928 -2.647167 -1.128236 1.271600 -1.142811
    8 9.562500 1.924805 1.815430 0.098301 -1.350314 -0.096174
    9 5.790726 0.002787 -0.000113 -0.434776 1.021649 -0.811158
    10 5.999492 -0.000592 -4.000343 0.000000 0.000000 0.000000
    11 5.791316 0.002582 0.004799 0.982046 -0.665304 -1.280942
    12 5.999492 -0.000592 4.000336 0.000000 0.000000 0.000000
    13 0.500225 0.000133 -0.000088 -0.043337 0.000000 0.000000
    14 11.534559 0.000348 -0.001312 -0.000017 0.000009 -1.056725
    15 -0.829338 0.893824 0.079659 -0.148839 0.047645 0.087266
    16 0.500225 0.000132 0.000076 -0.177801 0.000000 0.000000
    17 11.532495 0.004432 -0.000089 0.000042 0.000110 -1.686960
    18 -0.829586 0.894698 -0.079464 0.045377 -0.019621 0.087266
    19 10.599884 0.000105 -0.000553 -0.635312 -0.000048 0.000012
    20 0.189980 -0.306432 -0.000805 0.000000 0.000011 0.528373
    21 11.045963 0.003717 0.000798 -0.424629 0.565313 -1.280879
    22 -1.214832 0.203470 -0.477489 -0.135025 -0.078677 -0.001289
    23 10.599880 0.000105 0.000549 0.477495 0.000000 0.000024
    24 0.572802 -0.517376 0.000801 -0.000060 0.000025 0.843517
    25 11.041742 0.003171 -0.000571 0.380632 0.182869 0.781480
    26 -1.063377 0.077663 0.150230 0.045121 0.020046 -0.012850
    27 0.610302 -0.939470 0.070343 -1.709753 -0.288088 -0.151886
    28 0.639940 -0.199121 0.060188 -1.668756 -0.275290 -0.052161
    29 0.600155 1.080261 -0.339535 -1.733621 0.002322 0.063857
    30 0.610207 0.400743 -0.010101 -1.765441 -0.191936 0.068687
    31 0.634715 -0.693997 -0.236250 0.235014 0.152877 -0.793727
    32 -0.792125 0.203736 0.461300 1.439074 -0.003453 -0.018305
    33 0.610300 -0.939469 -0.070351 1.655649 0.171934 -0.172859
    34 0.639937 -0.199121 -0.060200 1.671196 0.183117 -0.036773
    35 0.600157 1.080259 0.339531 1.741577 0.106894 0.153597
    36 0.610205 0.400743 0.010086 1.766570 0.125877 0.080240
    37 0.624002 -0.695300 0.236176 -0.769734 -0.534799 -0.715386
    38 -0.626031 -0.069983 -0.080517 -1.447153 0.086151 0.021559
    39 2.621377 -0.006439 -0.001438 0.032282 -0.408597 0.620617
    40 2.660837 0.000397 -0.000071 -0.354877 -0.175208 1.236594
    41 2.206394 0.003368 -0.006769 -0.343912 0.096361 1.464852
    42 0.599952 0.959240 -0.300102 -0.174544 0.000000 0.000000
    43 2.553283 -0.001967 0.002453 -0.200988 -0.001691 1.443748
    44 2.095024 -0.003873 -0.006100 -0.164987 0.441806 0.790903
    45 0.999380 -0.000236 -1.232808 -0.000001 0.000000 0.000000
    46 -0.122639 -0.721856 0.661690 -0.486644 0.223964 0.243056
    47 2.622113 -0.000648 0.002741 -0.178540 0.119225 0.003610
    48 2.657909 0.004589 -0.000533 0.322092 0.240114 1.085263
    49 2.200016 0.001663 0.000836 0.262942 -0.039550 1.072963
    50 0.599951 0.959244 0.300102 0.174544 0.000000 0.000000
    51 2.556570 -0.004291 0.000554 0.263779 0.129491 1.165899
    52 2.103851 0.005614 -0.001014 0.546766 -0.307557 0.471572
    53 0.999374 -0.000237 1.385149 0.000000 0.000000 -0.070613
    54 0.310846 -0.606445 -0.498005 0.308107 -0.197598 0.313976
    55 1.873069 -0.004741 -0.000994 0.000017 -0.000032 0.795500
    56 1.200941 0.399582 -0.000237 -0.009465 0.016087 0.007127
    57 0.000586 0.100342 -0.000319 -0.120035 -0.021926 -0.209617
    58 -0.161663 0.051712 0.194808 -2.941982 0.122408 -0.060194
    59 2.010092 -0.003202 -0.003377 0.000018 0.000013 0.954436
    60 0.000240 0.099802 -0.000395 -0.018823 0.010833 -0.239219
    61 -0.203197 0.048607 0.069150 -3.093332 0.033217 -0.046722
    62 1.180428 -0.006214 0.000780 -0.000014 0.000024 0.883234
    63 -0.000196 0.099625 -0.000034 0.000000 0.000000 -0.314102
    64 -0.088736 -0.688435 -0.145203 2.930407 -0.136130 0.513013
    65 1.715976 -0.003328 0.003818 -0.000049 -0.000057 0.994833
    66 -0.000580 0.100145 -0.000311 -0.010912 0.023129 -0.260841
    67 -0.146030 -0.232426 -0.014225 3.028455 -0.094299 0.113020
    68 1.290632 0.000362 -0.000032 0.000000 0.000000 -0.238807
    69 -0.658121 -0.003575 0.072645 -0.142711 0.027792 -0.077299
    70 1.868080 -0.003049 0.006083 0.000003 -0.000021 0.223426
    71 1.200079 0.399944 -0.000093 0.009465 -0.016087 0.007127
    72 0.000591 0.100342 0.000319 0.120035 0.021926 -0.209617
    73 0.068077 0.002285 -0.080050 3.111376 -0.069366 -0.060847
    74 2.011874 -0.005083 0.006086 -0.000001 -0.000025 1.297769
    75 0.000229 0.099802 0.000395 0.018823 -0.010833 -0.239219
    76 -0.018673 -0.001009 0.047544 3.109244 0.002635 -0.106673
    77 1.178665 0.001595 0.000845 0.000000 0.000000 0.669112
    78 -0.000198 0.099628 0.000034 0.000000 0.000000 -0.314102
    79 0.036892 -0.634449 0.266284 -2.801062 0.174301 0.490914
    80 1.704350 -0.002506 -0.000686 -0.000034 -0.000037 1.003564
    81 -0.000576 0.100136 0.000311 0.010914 -0.023129 -0.260841
    82 -0.003952 -0.281811 0.115047 -3.059162 0.089004 0.167964
    83 1.289627 0.003949 0.000061 -0.000002 0.000063 0.591251
    84 -0.171528 -0.018148 -0.099873 0.013484 -0.062184 -0.011780
    85 0.912716 0.007240 0.001326 0.000019 0.000021 0.583728
    86 -0.342617 0.053404 -0.025571 -2.909301 -0.017248 0.075276
    87 1.100231 -0.000930 -0.002434 -0.000051 0.000002 1.178054
    88 -0.384983 0.330998 0.006848 -3.087207 -0.018765 -0.184279
    89 0.678146 0.006192 -0.003905 -0.000018 -0.000019 0.683705
    90 -0.123848 0.072737 0.029507 2.898184 -0.060627 0.094834
    91 1.017166 -0.000154 -0.000252 -0.000023 -0.000014 0.671517
    92 -0.344986 0.123129 0.143151 2.994981 0.012396 0.059140
    93 -0.730988 0.177046 0.039141 -0.123731 0.076518 -0.084310
    94 0.921993 0.001298 -0.000896 -0.000002 0.000037 0.134120
    95 -0.124027 -0.052092 0.038496 3.077813 -0.008519 0.039229
    96 1.100430 -0.003552 0.000503 0.000018 0.000030 0.904180
    97 -0.330082 0.160641 0.042780 3.128073 0.034033 -0.171236
    98 0.675854 0.005438 0.003272 0.000014 0.000003 0.945911
    99 -0.019516 -0.016531 0.038578 -2.763781 0.050305 0.076828
    100 1.018891 0.001206 0.001121 -0.000006 0.000019 0.984583
    101 -0.155312 0.130643 -0.021921 -3.022466 0.022433 -0.024903
    102 -0.252209 0.061937 -0.024914 -0.007671 -0.063171 -0.044392
    103 -0.085991 0.185203 -0.015180 -2.937063 -0.113970 -0.138991
    104 -0.286537 0.179852 0.024264 -3.109353 -0.049645 -0.029915
    105 -0.019489 0.147084 0.079203 2.893815 0.038585 -0.060594
    106 -0.046482 0.251898 0.129548 3.016165 0.077112 -0.042864
    107 0.039120 -0.040298 0.047739 3.084219 0.030470 -0.037414
    108 -0.233757 0.066630 0.001754 -3.133086 0.040141 -0.065413
    109 0.044266 0.020128 0.001684 -2.778763 -0.118872 -0.040488
    110 0.071495 0.074127 -0.048302 -3.035917 -0.059482 0.104366
    111 0.000000 0.000000 0.000000 0.000000 0.000000 -1.570796
    112 15.320780 -3.703238 -2.781335 -0.024089 -0.016388 0.016043
    113 -4.183721 8.277596 -1.046907 0.505666 -0.786828 -1.468986
    114 -1.541997 0.000000 1.809996 0.000000 0.000000 0.000000
    115 5.560989 0.000000 1.164998 0.000000 0.000000 0.000000
    116 1.770997 -0.313999 1.249997 0.000000 0.000000 -1.570817
    117 3.817992 0.000000 -0.014000 0.000000 0.000000 0.000000
    118 -0.469999 0.000000 -3.436993 0.000000 0.000000 0.000000
    119 -2.237996 0.000000 -3.187994 0.000000 0.000000 0.000000
    120 3.318993 0.000000 3.457993 0.000000 -0.159191 0.000000
    121 0.000000 0.000000 0.000000 0.000000 0.000000 0.000000
    122 0.532999 0.510999 -0.840998 0.000000 0.000000 0.000000
    123 0.000000 0.000000 0.000000 0.000000 0.000000 0.000000
    124 -0.106000 0.000000 64.320000 0.000000 0.000000 0.000000
    125 0.000000 0.000000 0.000000 0.000000 0.000000 0.000000
    126 0.000000 0.000000 0.000000 0.014609 -0.000563 -0.001474
    127 25.128870 -3.595117 7.947795 -0.024109 -0.016335 0.015998
    128 0.106000 0.000000 -64.320000 0.000000 0.000000 0.000000
    129 0.000000 0.000000 0.000000 0.000000 0.000000 0.000000
    130 0.000000 0.000000 -4.867002 -3.141592 0.000000 -3.128591
    131 0.000000 0.000000 4.867000 -3.141592 0.000000 -3.128591
    132 4.000000 -6.500000 0.000000 0.000000 0.000000 0.000977
    133 -6.500000 0.000000 0.000000 0.000000 1.570796 0.000000
    134 1.000088 -0.000029 0.000000 0.000000 0.000000 0.000000
    135 17.162516 -0.000404 0.000000 0.000000 0.000000 0.119214
    136 9.999891 -0.000303 0.000000 0.000000 0.000000 0.000000
    137 1.000088 -0.000029 0.000000 0.000000 0.000000 0.000000
    138 17.162516 -0.000404 0.000000 0.000000 0.000000 0.119214
    139 9.499836 0.000212 0.000000 0.000000 0.000000 0.000000
    140 0.000000 0.000000 0.000000 0.000000 0.000000 0.000000
    141 17.749374 0.295515 0.000000 0.000000 0.000000 -1.158958
    142 0.017889 0.299792 0.000000 0.000000 0.000000 -0.059582
    143 12.283573 1.581456 -4.696000 1.462269 -0.086726 0.090185
    144 17.749376 0.295515 0.000000 0.000000 0.000000 -1.158958
    145 0.017889 0.299792 0.000000 0.000000 0.000000 -0.059582
    146 13.354000 0.000000 0.000000 0.000000 0.000000 -0.294101
    147 4.530998 0.000000 0.000000 0.000000 0.000000 0.000000
    148 0.000000 0.000000 0.000000 0.000000 0.000000 0.000000
    149 5.413524 0.000347 0.000000 0.000000 0.000000 -0.518055
    150 5.413524 0.000347 0.000000 0.000000 0.000000 -0.518055
    151 4.662001 -5.366332 4.825191 1.569715 1.561305 -3.121216
    152 3.116966 -0.000443 0.000000 0.000000 0.000000 0.294101
    153 4.531197 0.000000 0.000000 0.000000 0.000000 0.000000
    154 -2.158101 0.003000 0.266281 0.000000 -0.078343 0.000000
    155 -5.658181 0.003000 0.015000 0.000000 0.000000 0.000000
    156 -6.938273 -3.687613 -13.988024 -0.168142 0.441589 -0.174931
    157 -3.378708 4.860939 -7.531090 0.782052 -0.548916 0.193881
    158 3.512001 -3.547000 -1.066000 0.000000 1.570796 0.000000
    159 3.456001 -3.517000 1.169000 0.000000 1.570796 0.000000
    160 6.233002 0.000000 0.000000 0.000000 0.000000 0.000000
    161 -0.171997 -0.106000 -0.902000 1.570713 1.029176 -3.134550
    162 6.241997 -6.380000 0.082034 -0.001474 -0.014609 0.000587
    163 1.947000 -0.003000 -0.278000 0.000000 0.000000 0.000000
    164 -2.941000 -0.003000 0.381000 0.000000 0.000000 0.000000
    165 -2.941000 -0.003000 0.381000 0.000000 0.000000 0.000000
    166 -0.070000 -0.003000 0.481000 0.000000 0.000000 0.000000
    167 -0.002780 0.000000 0.017476 0.000000 -0.382486 0.000036
    168 3.999434 -0.000527 -0.000332 -0.317632 0.000000 0.000000
    169 3.999901 0.000038 0.001011 0.238779 0.000000 0.000000
    170 1.598000 0.000000 0.000000 0.000000 0.000000 0.000000
    171 -1.145525 0.000130 0.000668 0.000000 0.000000 0.000000
    172 2.299679 -2.499979 -0.599480 0.891953 0.221501 -0.527302
    173 14.350833 -3.207065 15.058751 0.102083 -0.990771 1.737344
    174 -9.580671 -27.862106 -37.184677 0.812879 -0.123459 -0.568477
    175 0.649933 -0.548295 0.093651 -1.665913 -0.131399 -0.112062
    176 0.657074 0.008402 0.040371 -1.665945 -0.131407 -0.000013
    177 0.665776 0.747221 -0.029190 -1.665935 -0.131408 0.094976
    178 2.300139 -2.499413 0.600159 -0.891994 -0.221488 -0.527269
    179 12.187820 1.068084 0.992054 1.811734 -0.001398 0.197555
    180 2.762350 0.116951 1.523975 1.629482 0.064153 1.743800
    181 7.228317 7.928197 -3.925652 2.328713 0.123459 -0.568477
    182 0.650394 -0.547730 -0.092979 1.665913 0.131399 -0.112062
    183 0.657069 0.008398 -0.040379 1.665945 0.131407 -0.000013
    184 0.665775 0.747221 0.029179 1.665935 0.131408 0.094976
    185 -4.481003 -0.202000 0.000000 0.000000 0.000000 0.000000
    186 -5.516998 -0.291000 -0.001000 0.000000 0.000000 0.000000
    187 -0.857700 0.104071 0.104683 0.023536 0.163924 0.013632
    188 1.899119 0.000423 -0.000439 0.027386 -0.033311 0.477848
    189 1.799661 -0.000233 0.000231 0.027386 -0.033311 0.477848
    190 1.799661 -0.000233 0.000231 0.027386 -0.033311 0.477848
    191 1.799661 -0.000233 0.000231 0.027386 -0.033311 0.477848
    192 1.900310 -0.000137 -0.000517 0.027386 -0.033311 0.477848
    193 1.899435 -0.000317 -0.000150 -0.027386 0.033311 0.477848
    194 1.799662 -0.000240 -0.000233 -0.027386 0.033311 0.477848
    195 1.799662 -0.000240 -0.000233 -0.027386 0.033311 0.477848
    196 1.799662 -0.000240 -0.000233 -0.027386 0.033311 0.477848
    197 1.900729 0.000553 -0.000072 -0.027386 0.033311 0.477848
    198 0.599884 0.400187 -0.000031 0.000000 0.000000 0.000000
    199 0.599886 0.400185 0.000034 0.000000 0.000000 -3.141592
    200 0.599503 0.400694 0.000234 0.000000 0.000000 0.000000
    201 0.600029 -0.000020 -0.000019 0.000000 0.000000 -3.141592
  time 15
    0 0.000000 0.000000 0.000000 0.000000 0.000000 -1.570796
    1 -0.106323 0.000000 -0.000198 0.000000 0.000000 0.000000
    2 0.000000 0.000000 0.000000 0.000000 0.000000 0.000000
    3 -0.904000 0.000000 -11.806000 0.000000 0.000000 0.000000
    4 0.000000 0.000000 -14.313999 0.000000 -1.570796 1.570857
    5 3.533001 0.000000 0.000000 0.000000 0.000000 0.000000
    6 6.250000 0.000000 0.000000 0.000000 0.000000 0.000000
    7 9.568951 0.230501 -3.217497 -1.280551 1.110082 -1.306947
    8 9.562500 1.924805 1.815430 0.098301 -1.350314 -0.096174
    9 5.790726 0.002787 -0.000113 -0.724716 1.060013 -1.081216
    10 5.999492 -0.000592 -4.000343 0.000000 0.000000 0.000000
    11 5.791316 0.002582 0.004799 0.991560 -0.635187 -1.293005
    12 5.999492 -0.000592 4.000336 0.000000 0.000000 0.000000
    13 0.500225 0.000133 -0.000088 0.022572 0.000000 0.000000
    14 11.534559 0.004255 -0.001312 -0.000017 0.000009 -1.010586
    15 -0.829338 0.893824 0.079659 -0.148839 0.047645 0.087266
    16 0.500225 0.000132 0.000076 -0.180875 0.000000 0.000000
    17 11.532495 0.004432 -0.000089 0.000090 -0.000094 -1.623529
    18 -0.829586 0.894698 -0.079464 0.045377 -0.019621 0.087266
    19 10.599884 0.000105 -0.000553 -0.891533 0.000000 0.000000
    20 0.170448 -0.294713 -0.000805 0.000000 0.000011 0.505270
    21 11.042057 -0.000189 0.004704 -0.549253 0.330461 -1.290560
    22 -1.214832 0.203470 -0.477489 -0.135025 -0.078677 -0.001289
    23 10.599880 0.000105 0.000549 0.479060 0.000000 0.000048
    24 0.525926 -0.501750 0.000801 -0.000036 0.000073 0.811711
    25 11.041742 0.003171 -0.000571 0.390801 0.176252 0.749909
    26 -1.063377 0.077663 0.150230 0.045121 0.020046 -0.012850
    27 0.610302 -0.939470 0.070343 -1.709753 -0.288028 -0.151898
    28 0.639940 -0.199121 0.060188 -1.668756 -0.275231 -0.052173
    29 0.600155 1.080261 -0.339535 -1.733621 0.002298 0.063857
    30 0.610207 0.400743 -0.010101 -1.765441 -0.191888 0.068675
    31 0.634715 -0.693997 -0.236250 0.235014 0.152877 -0.793686
    32 -0.792125 0.203736 0.461300 1.439074 -0.003453 -0.018305
    33 0.610300 -0.939469 -0.070351 1.655649 0.171934 -0.172859
    34 0.639937 -0.199121 -0.060200 1.671196 0.183117 -0.036773
    35 0.600157 1.080259 0.339531 1.741577 0.106894 0.153597
    36 0.610205 0.400743 0.010086 1.766570 0.125877 0.080240
    37 0.624002 -0.695300 0.232270 -0.769768 -0.534799 -0.715386
    38 -0.626031 -0.069983 -0.080517 -1.447153 0.086151 0.021559
    39 2.621377 -0.006439 -0.001438 0.032282 -0.408597 0.620617
    40 2.660837 0.000397 -0.000071 -0.354877 -0.175208 1.236594
    41 2.206394 0.003368 -0.006769 -0.343912 0.096361 1.464887
    42 0.599952 0.959240 -0.300102 -0.174544 0.000000 0.000000
    43 2.557190 -0.001967 0.006359 -0.200988 -0.001691 1.443748
    44 2.095024 -0.003873 -0.002193 -0.164987 0.441806 0.790903
    45 0.999380 -0.000236 -1.228902 -0.000001 0.000000 0.000000
    46 -0.122639 -0.721856 0.661690 -0.486644 0.223964 0.243056
    47 2.626019 -0.000648 0.002741 -0.178528 0.119225 0.003610
    48 2.654002 0.004589 -0.000533 0.322092 0.240114 1.085263
    49 2.200016 0.001663 0.000836 0.262942 -0.039550 1.072963
    50 0.599951 0.959244 0.300102 0.174544 0.000000 0.000000
    51 2.556570 -0.004291 0.000554 0.263779 0.129491 1.165899
    52 2.103851 0.005614 -0.001014 0.539723 -0.308432 0.499957
    53 0.999374 -0.000237 1.381242 0.000000 0.000000 -0.070613
    54 0.310846 -0.606445 -0.498005 0.308107 -0.197598 0.313976
    55 1.873069 -0.000835 -0.000994 0.000017 -0.000032 0.795500
    56 1.200941 0.399582 -0.000237 -0.009465 0.016087 0.007127
    57 0.000586 0.100342 -0.000319 -0.120035 -0.021926 -0.209617
    58 -0.161663 0.051712 0.194808 -2.941982 0.122408 -0.060194
    59 2.010092 -0.007109 -0.003377 0.000018 0.000013 0.954436
    60 0.000240 0.099802 -0.000395 -0.018823 0.010833 -0.239219
    61 -0.203197 0.048607 0.069150 -3.093332 0.033217 -0.046722
    62 1.180428 -0.006214 0.000780 -0.000014 0.000000 0.883234
    63 -0.000196 0.099625 -0.000034 0.000000 0.000000 -0.314102
    64 -0.088736 -0.688435 -0.145203 2.930407 -0.136130 0.513013
    65 1.715976 0.000578 0.003818 -0.000037 -0.000057 0.994833
    66 -0.000580 0.100145 -0.000311 -0.010912 0.023129 -0.260841
    67 -0.146030 -0.232426 -0.014225 3.028455 -0.094299 0.113020
    68 1.290632 0.000362 -0.000032 0.000000 0.000000 -0.238807
    69 -0.658121 -0.003575 0.072645 -0.142711 0.027792 -0.077299
    70 1.868080 -0.003049 0.006083 0.000003 -0.000021 0.223426
    71 1.200079 0.399944 -0.000093 0.009465 -0.016087 0.007127
    72 0.000591 0.100342 0.000319 0.120035 0.021926 -0.209617
    73 0.068077 0.002285 -0.080050 3.111376 -0.069366 -0.060847
    74 2.011874 -0.005083 0.006086 -0.000001 -0.000025 1.297769
    75 0.000229 0.099802 0.000395 0.018823 -0.010833 -0.239219
    76 -0.018673 -0.001009 0.047544 3.109244 0.002635 -0.106673
    77 1.178665 0.001595 0.000845 0.000000 0.000000 0.669112
    78 -0.000198 0.099628 0.000034 0.000000 0.000000 -0.314102
    79 0.036892 -0.634449 0.266284 -2.801062 0.174301 0.490914
    80 1.704350 -0.002506 -0.004592 -0.000046 -0.000037 1.003564
    81 -0.000576 0.100136 0.000311 0.010914 -0.023129 -0.260841
    82 -0.003952 -0.281811 0.115047 -3.059162 0.089004 0.167964
    83 1.289627 0.003949 0.000061 -0.000014 0.000003 0.463772
    84 -0.171528 -0.018148 -0.099873 0.013484 -0.062184 -0.011780
    85 0.912716 0.007240 0.001326 0.000019 0.000021 0.583728
    86 -0.342617 0.053404 -0.025571 -2.909301 -0.017248 0.075276
    87 1.100231 -0.000930 -0.002434 -0.000039 0.000014 1.178054
    88 -0.384983 0.330998 0.006848 -3.087207 -0.018765 -0.184279
    89 0.678146 0.006192 0.000002 -0.000018 -0.000019 0.683705
    90 -0.123848 0.072737 0.029507 2.898184 -0.060627 0.094834
    91 1.017166 -0.000154 -0.000252 -0.000023 -0.000014 0.671517
    92 -0.344986 0.123129 0.143151 2.994981 0.012396 0.059140
    93 -0.730988 0.177046 0.039141 -0.123731 0.076518 -0.084310
    94 0.925900 0.001298 -0.000896 -0.000002 0.000037 0.134156
    95 -0.124027 -0.052092 0.038496 3.077813 -0.008519 0.039229
    96 1.100430 -0.003552 0.000503 0.000018 0.000030 0.904180
    97 -0.330082 0.160641 0.042780 3.128073 0.034033 -0.171236
    98 0.675854 0.005438 0.003272 0.000014 0.000003 0.945911
    99 -0.019516 -0.016531 0.038578 -2.763781 0.050305 0.076828
    100 1.014985 0.005113 0.001121 -0.000006 0.000019 0.984583
    101 -0.155312 0.130643 -0.021921 -3.022466 0.022433 -0.024903
    102 -0.252209 0.061937 -0.024914 -0.007671 -0.063171 -0.044392
    103 -0.085991 0.185203 -0.015180 -2.937063 -0.113970 -0.138991
    104 -0.286537 0.179852 0.024264 -3.109353 -0.049645 -0.029915
    105 -0.019489 0.147084 0.079203 2.893815 0.038585 -0.060594
    106 -0.046482 0.251898 0.129548 3.016165 0.077112 -0.042864
    107 0.039120 -0.040298 0.047739 3.084219 0.030470 -0.037414
    108 -0.233757 0.066630 0.001754 -3.133086 0.040141 -0.065413
    109 0.044266 0.020128 0.001684 -2.778763 -0.118872 -0.040488
    110 0.071495 0.074127 -0.048302 -3.035917 -0.059482 0.104366
    111 0.000000 0.000000 0.000000 0.000000 0.000000 -1.570796
    112 15.852046 -3.714957 -2.695395 -0.019519 -0.015967 0.016416
    113 -4.214972 7.742424 -0.941435 0.512294 -0.786828 -1.473103
    114 -1.541997 0.000000 1.809996 0.000000 0.000000 0.000000
    115 5.560989 0.000000 1.164998 0.000000 0.000000 0.000000
    116 1.770997 -0.313999 1.249997 0.000000 0.000000 -1.570817
    117 3.817992 0.000000 -0.014000 0.000000 0.000000 0.000000
    118 -0.469999 0.000000 -3.436993 0.000000 0.000000 0.000000
    119 -2.237996 0.000000 -3.187994 0.000000 0.000000 0.000000
    120 3.318993 0.000000 3.457993 0.000000 -0.159191 0.000000
    121 0.000000 0.000000 0.000000 0.000000 0.000000 0.000000
    122 0.532999 0.510999 -0.840998 0.000000 0.000000 0.000000
    123 0.000000 0.000000 0.000000 0.000000 0.000000 0.000000
    124 -0.106000 0.000000 64.320000 0.000000 0.000000 0.000000
    125 0.000000 0.000000 0.000000 0.000000 0.000000 0.000000
    126 0.000000 0.000000 0.000000 0.014981 -0.000252 -0.002469
    127 25.664043 -3.595117 8.033736 -0.019443 -0.016008 0.016371
    128 0.106000 0.000000 -64.320000 0.000000 0.000000 0.000000
    129 0.000000 0.000000 0.000000 0.000000 0.000000 0.000000
    130 0.000000 0.000000 -4.867002 -3.141592 0.000000 -3.128591
    131 0.000000 0.000000 4.867000 -3.141592 0.000000 -3.128591
    132 4.000000 -6.500000 0.000000 0.000000 0.000000 0.000977
    133 -6.500000 0.000000 0.000000 0.000000 1.570796 0.000000
    134 1.000088 -0.000029 0.000000 0.000000 0.000000 0.000000
    135 17.162516 -0.000404 0.000000 0.000000 0.000000 0.119214
    136 9.999891 -0.000303 0.000000 0.000000 0.000000 0.000000
    137 1.000088 -0.000029 0.000000 0.000000 0.000000 0.000000
    138 17.162516 -0.000404 0.000000 0.000000 0.000000 0.119214
    139 9.499836 0.000212 0.000000 0.000000 0.000000 0.000000
    140 0.000000 0.000000 0.000000 0.000000 0.000000 0.000000
    141 17.749374 0.295515 0.000000 0.000000 0.000000 -1.158958
    142 0.017889 0.299792 0.000000 0.000000 0.000000 -0.059582
    143 12.283573 1.581456 -4.696000 1.462269 -0.086726 0.090185
    144 17.749376 0.295515 0.000000 0.000000 0.000000 -1.158958
    145 0.017889 0.299792 0.000000 0.000000 0.000000 -0.059582
    146 13.354000 0.000000 0.000000 0.000000 0.000000 -0.294101
    147 4.530998 0.000000 0.000000 0.000000 0.000000 0.000000
    148 0.000000 0.000000 0.000000 0.000000 0.000000 0.000000
    149 5.413524 0.000347 0.000000 0.000000 0.000000 -0.518055
    150 5.413524 0.000347 0.000000 0.000000 0.000000 -0.518055
    151 4.662001 -5.366332 4.825191 1.569715 1.561305 -3.121216
    152 3.116966 -0.000443 0.000000 0.000000 0.000000 0.294101
    153 4.531197 0.000000 0.000000 0.000000 0.000000 0.000000
    154 -2.158101 0.003000 0.266281 0.000000 -0.078331 0.000000
    155 -5.658181 0.003000 0.015000 0.000000 0.000000 0.000000
    156 -11.559508 -11.805048 -18.140495 -0.531315 0.426740 -0.558363
    157 -2.327895 2.731968 -5.519310 0.502605 -0.250618 0.206130
    158 3.512001 -3.547000 -1.066000 0.000000 1.570796 0.000000
    159 3.456001 -3.517000 1.169000 0.000000 1.570796 0.000000
    160 6.233002 0.000000 0.000000 0.000000 0.000000 0.000000
    161 -0.171997 -0.106000 -0.902000 1.570713 1.029176 -3.134550
    162 6.241997 -6.380000 0.093753 -0.002469 -0.014969 0.000288
    163 1.947000 -0.003000 -0.278000 0.000000 0.000000 0.000000
    164 -2.941000 -0.003000 0.381000 0.000000 0.000000 0.000000
    165 -2.941000 -0.003000 0.381000 0.000000 0.000000 0.000000
    166 -0.070000 -0.003000 0.481000 0.000000 0.000000 0.000000
    167 -0.002780 0.000000 0.017476 0.000000 -0.382474 0.000036
    168 3.999434 -0.000527 -0.000332 -0.445900 0.000000 0.000000
    169 3.999901 0.000038 0.001011 0.239520 0.000000 0.000000
    170 1.598000 0.000000 0.000000 0.000000 0.000000 0.000000
    171 -1.145525 0.000130 0.000668 0.000000 0.000000 0.000000
    172 2.299679 -2.499979 -0.599480 0.891953 0.221501 -0.527302
    173 13.979728 -4.394601 12.488360 0.324473 -1.244214 1.838304
    174 -9.580671 -27.862106 -37.184677 0.812879 -0.123459 -0.568477
    175 0.649933 -0.548295 0.093651 -1.665913 -0.131399 -0.112062
    176 0.657074 0.008402 0.040371 -1.665945 -0.131407 -0.000013
    177 0.665776 0.747221 -0.029190 -1.665935 -0.131408 0.094976
    178 2.300139 -2.499413 0.600159 -0.891994 -0.221488 -0.527269
    179 12.187820 1.068084 0.992054 1.811734 -0.001398 0.197532
    180 2.762350 0.116951 1.523975 1.629482 0.064153 1.743800
    181 7.228317 7.928197 -3.925652 2.328713 0.123459 -0.568477
    182 0.650394 -0.547730 -0.092979 1.665913 0.131399 -0.112062
    183 0.657069 0.008398 -0.040379 1.665945 0.131407 -0.000013
    184 0.665775 0.747221 0.029179 1.665935 0.131408 0.094976
    185 -4.481003 -0.202000 0.000000 0.000000 0.000000 0.000000
    186 -5.516998 -0.291000 -0.001000 0.000000 0.000000 0.000000
    187 -0.857700 0.104071 0.104683 0.023536 0.163924 0.013632
    188 1.899119 0.000423 -0.000439 0.027386 -0.033311 0.477848
    189 1.799661 -0.000233 0.000231 0.027386 -0.033311 0.477848
    190 1.799661 -0.000233 0.000231 0.027386 -0.033311 0.477848
    191 1.799661 -0.000233 0.000231 0.027386 -0.033311 0.477848
    192 1.900310 -0.000137 -0.000517 0.027386 -0.033311 0.477848
    193 1.899435 -0.000317 -0.000150 -0.027386 0.033311 0.477848
    194 1.799662 -0.000240 -0.000233 -0.027386 0.033311 0.477848
    195 1.799662 -0.000240 -0.000233 -0.027386 0.033311 0.477848
    196 1.799662 -0.000240 -0.000233 -0.027386 0.033311 0.477848
    197 1.900729 0.000553 -0.000072 -0.027386 0.033311 0.477848
    198 0.599884 0.400187 -0.000031 0.000000 0.000000 0.000000
    199 0.599886 0.400185 0.000034 0.000000 0.000000 -3.141592
    200 0.599503 0.400694 0.000234 0.000000 0.000000 0.000000
    201 0.600029 -0.000020 -0.000019 0.000000 0.000000 -3.141592
  time 16
    0 0.000000 0.000000 0.000000 0.000000 0.000000 -1.570796
    1 -0.106323 0.000000 -0.000198 0.000000 0.000000 0.000000
    2 0.000000 0.000000 0.000000 0.000000 0.000000 0.000000
    3 -0.904000 0.000000 -11.806000 0.000000 0.000000 0.000000
    4 0.000000 0.000000 -14.313999 0.000000 -1.570796 1.570857
    5 3.533001 0.000000 0.000000 0.000000 0.000000 0.000000
    6 6.250000 0.000000 0.000000 0.000000 0.000000 0.000000
    7 9.568951 -0.074196 -3.475317 -1.316230 1.034293 -1.348261
    8 9.562500 1.924805 1.815430 0.098301 -1.350314 -0.096174
    9 5.790726 0.002787 -0.000113 -1.002810 1.025663 -1.429100
    10 5.999492 -0.000592 -4.000343 0.000000 0.000000 0.000000
    11 5.791316 0.002582 0.004799 0.992511 -0.625012 -1.292552
    12 5.999492 -0.000592 4.000336 0.000000 0.000000 0.000000
    13 0.500225 0.000133 -0.000088 0.055815 0.000000 -0.000048
    14 11.534559 0.004255 -0.001312 0.000019 -0.000051 -0.983914
    15 -0.829338 0.893824 0.079659 -0.148839 0.047645 0.087266
    16 0.500225 0.000132 0.000076 -0.183949 0.000000 0.000000
    17 11.532495 0.000526 -0.000089 0.000054 -0.000058 -1.612829
    18 -0.829586 0.894698 -0.079464 0.045377 -0.019621 0.087266
    19 10.599884 0.000105 -0.000553 -1.072188 0.000012 0.000048
    20 0.147010 -0.282994 -0.000805 0.000072 0.000047 0.491993
    21 11.042057 -0.000189 0.000798 -0.583462 0.063929 -1.246169
    22 -1.214832 0.203470 -0.477489 -0.135025 -0.078677 -0.001289
    23 10.599880 0.000105 0.000549 0.488222 0.000000 0.000000
    24 0.525926 -0.501750 0.000801 0.000024 0.000049 0.806389
    25 11.041742 0.007077 -0.000571 0.398565 0.171223 0.748748
    26 -1.063377 0.077663 0.150230 0.045121 0.020046 -0.012850
    27 0.610302 -0.939470 0.070343 -1.709753 -0.287992 -0.151910
    28 0.639940 -0.199121 0.060188 -1.668756 -0.275183 -0.052173
    29 0.600155 1.080261 -0.339535 -1.733674 0.002286 0.063869
    30 0.610207 0.400743 -0.010101 -1.765441 -0.191828 0.068651
    31 0.630809 -0.693997 -0.232343 0.235014 0.152877 -0.793686
    32 -0.792125 0.203736 0.461300 1.439074 -0.003453 -0.018305
    33 0.610300 -0.939469 -0.070351 1.655649 0.171922 -0.172859
    34 0.639937 -0.199121 -0.060200 1.671196 0.183117 -0.036773
    35 0.600157 1.080259 0.339531 1.741577 0.106894 0.153597
    36 0.610205 0.400743 0.010086 1.766570 0.125877 0.080240
    37 0.624002 -0.691393 0.236176 -0.769768 -0.534799 -0.715312
    38 -0.626031 -0.069983 -0.080517 -1.447153 0.086151 0.021559
    39 2.625284 -0.006439 -0.001438 0.032282 -0.408597 0.620617
    40 2.664743 0.000397 -0.000071 -0.354891 -0.175208 1.236594
    41 2.206394 0.003368 -0.006769 -0.343900 0.096361 1.464852
    42 0.599952 0.959240 -0.300102 -0.174544 0.000000 0.000000
    43 2.557190 -0.005873 0.006359 -0.201020 -0.001691 1.443748
    44 2.095024 -0.003873 -0.006100 -0.164975 0.441806 0.790923
    45 0.999380 -0.000236 -1.232808 -0.000001 0.000000 0.000000
    46 -0.122639 -0.721856 0.661690 -0.486644 0.223964 0.243056
    47 2.622113 -0.000648 0.002741 -0.178528 0.119225 0.003610
    48 2.657909 0.004589 -0.000533 0.322092 0.240114 1.085263
    49 2.200016 0.001663 0.004743 0.262942 -0.039550 1.072963
    50 0.599951 0.959244 0.300102 0.174544 0.000000 0.000000
    51 2.556570 -0.004291 0.000554 0.263779 0.129479 1.165899
    52 2.103851 0.005614 -0.001014 0.529169 -0.311213 0.540830
    53 0.999374 -0.000237 1.381242 0.000000 0.000000 -0.070613
    54 0.310846 -0.606445 -0.498005 0.308107 -0.197598 0.313976
    55 1.869163 -0.000835 -0.000994 0.000005 -0.000020 0.795500
    56 1.200941 0.399582 -0.000237 -0.009465 0.016087 0.007127
    57 0.000586 0.100342 -0.000319 -0.120035 -0.021926 -0.209617
    58 -0.161663 0.051712 0.194808 -2.941982 0.122408 -0.060194
    59 2.010092 -0.003202 -0.003377 0.000018 0.000013 0.954436
    60 0.000240 0.099802 -0.000395 -0.018823 0.010833 -0.239219
    61 -0.203197 0.048607 0.069150 -3.093332 0.033217 -0.046722
    62 1.180428 -0.006214 0.000780 -0.000014 0.000000 0.883234
    63 -0.000196 0.099625 -0.000034 0.000000 0.000000 -0.314102
    64 -0.088736 -0.688435 -0.145203 2.930407 -0.136130 0.513013
    65 1.715976 0.000578 0.003818 -0.000037 -0.000057 0.994833
    66 -0.000580 0.100145 -0.000311 -0.010912 0.023129 -0.260841
    67 -0.146030 -0.232426 -0.014225 3.028455 -0.094299 0.113020
    68 1.290632 0.000362 -0.000032 0.000000 0.000000 -0.238807
    69 -0.658121 -0.003575 0.072645 -0.142711 0.027792 -0.077299
    70 1.871986 -0.003049 0.006083 0.000003 -0.000021 0.223426
    71 1.200079 0.399944 -0.000093 0.009465 -0.016087 0.007127
    72 0.000591 0.100342 0.000319 0.120035 0.021926 -0.209617
    73 0.068077 0.002285 -0.080050 3.111376 -0.069366 -0.060847
    74 2.011874 -0.005083 0.006086 -0.000001 -0.000025 1.297769
    75 0.000229 0.099802 0.000395 0.018823 -0.010833 -0.239219
    76 -0.018673 -0.001009 0.047544 3.109244 0.002635 -0.106673
    77 1.178665 0.001595 0.000845 0.000000 0.000000 0.669112
    78 -0.000198 0.099628 0.000034 0.000000 0.000000 -0.314102
    79 0.036892 -0.634449 0.266284 -2.801062 0.174301 0.490914
    80 1.704350 -0.002506 -0.004592 -0.000034 -0.000037 1.003564
    81 -0.000576 0.100136 0.000311 0.010914 -0.023129 -0.260841
    82 -0.003952 -0.281811 0.115047 -3.059162 0.089004 0.167964
    83 1.289627 0.003949 0.000061 -0.000014 0.000003 0.347406
    84 -0.171528 -0.018148 -0.099873 0.013484 -0.062184 -0.011780
    85 0.912716 0.007240 0.001326 0.000019 0.000021 0.583728
    86 -0.342617 0.053404 -0.025571 -2.909301 -0.017248 0.075276
    87 1.100231 -0.000930 -0.002434 -0.000039 0.000014 1.178054
    88 -0.384983 0.330998 0.006848 -3.087207 -0.018765 -0.184279
    89 0.678146 0.006192 0.000002 -0.000018 -0.000019 0.683756
    90 -0.123848 0.072737 0.029507 2.898184 -0.060627 0.094834
    91 1.017166 -0.000154 -0.000252 -0.000023 -0.000002 0.671517
    92 -0.344986 0.123129 0.143151 2.994981 0.012396 0.059140
    93 -0.730988 0.177046 0.039141 -0.123731 0.076518 -0.084310
    94 0.921993 0.001298 -0.000896 -0.000002 0.000037 0.134192
    95 -0.124027 -0.052092 0.038496 3.077813 -0.008519 0.039229
    96 1.100430 -0.007458 0.000503 0.000018 0.000030 0.904180
    97 -0.330082 0.160641 0.042780 3.128073 0.034033 -0.171236
    98 0.675854 0.005438 0.003272 0.000014 0.000003 0.945929
    99 -0.019516 -0.016531 0.038578 -2.763781 0.050305 0.076828
    100 1.018891 0.005113 0.001121 -0.000018 0.000019 0.984583
    101 -0.155312 0.130643 -0.021921 -3.022466 0.022433 -0.024903
    102 -0.252209 0.061937 -0.024914 -0.007671 -0.063171 -0.044392
    103 -0.085991 0.185203 -0.015180 -2.937063 -0.113970 -0.138991
    104 -0.286537 0.179852 0.024264 -3.109353 -0.049645 -0.029915
    105 -0.019489 0.147084 0.079203 2.893815 0.038585 -0.060594
    106 -0.046482 0.251898 0.129548 3.016165 0.077112 -0.042864
    107 0.039120 -0.040298 0.047739 3.084219 0.030470 -0.037414
    108 -0.233757 0.066630 0.001754 -3.133086 0.040141 -0.065413
    109 0.044266 0.020128 0.001684 -2.778763 -0.118872 -0.040488
    110 0.071495 0.074127 -0.048302 -3.035917 -0.059482 0.104366
    111 0.000000 0.000000 0.000000 0.000000 0.000000 -1.570796
    112 15.941893 -3.734489 -2.601642 -0.015806 -0.015217 0.016976
    113 -4.261849 7.656484 -0.832057 0.517748 -0.786415 -1.476362
    114 -1.541997 0.000000 1.809996 0.000000 0.000000 0.000000
    115 5.560989 0.000000 1.164998 0.000000 0.000000 0.000000
    116 1.770997 -0.313999 1.249997 0.000000 0.000000 -1.570817
    117 3.817992 0.000000 -0.014000 0.000000 0.000000 0.000000
    118 -0.469999 0.000000 -3.436993 0.000000 0.000000 0.000000
    119 -2.237996 0.000000 -3.187994 0.000000 0.000000 0.000000
    120 3.318993 0.000000 3.457993 0.000000 -0.159191 0.000000
    121 0.000000 0.000000 0.000000 0.000000 0.000000 0.000000
    122 0.532999 0.510999 -0.840998 0.000000 0.000000 0.000000
    123 0.000000 0.000000 0.000000 0.000000 0.000000 0.000000
    124 -0.106000 0.000000 64.320000 0.000000 0.000000 0.000000
    125 0.000000 0.000000 0.000000 0.000000 0.000000 0.000000
    126 0.000000 0.000000 0.000000 0.015316 0.000072 -0.003464
    127 25.749983 -3.614649 8.119676 -0.015825 -0.015259 0.016931
    128 0.106000 0.000000 -64.320000 0.000000 0.000000 0.000000
    129 0.000000 0.000000 0.000000 0.000000 0.000000 0.000000
    130 0.000000 0.000000 -4.867002 -3.141592 0.000000 -3.128591
    131 0.000000 0.000000 4.867000 -3.141592 0.000000 -3.128591
    132 4.000000 -6.500000 0.000000 0.000000 0.000000 0.000977
    133 -6.500000 0.000000 0.000000 0.000000 1.570796 0.000000
    134 1.000088 -0.000029 0.000000 0.000000 0.000000 0.000000
    135 17.162516 -0.000404 0.000000 0.000000 0.000000 0.119214
    136 9.999891 -0.000303 0.000000 0.000000 0.000000 0.000000
    137 1.000088 -0.000029 0.000000 0.000000 0.000000 0.000000
    138 17.162516 -0.000404 0.000000 0.000000 0.000000 0.119214
    139 9.499836 0.000212 0.000000 0.000000 0.000000 0.000000
    140 0.000000 0.000000 0.000000 0.000000 0.000000 0.000000
    141 17.749374 0.295515 0.000000 0.000000 0.000000 -1.158958
    142 0.017889 0.299792 0.000000 0.000000 0.000000 -0.059582
    143 12.283573 1.581456 -4.696000 1.462269 -0.086726 0.090185
    144 17.749376 0.295515 0.000000 0.000000 0.000000 -1.158958
    145 0.017889 0.299792 0.000000 0.000000 0.000000 -0.059582
    146 13.354000 0.000000 0.000000 0.000000 0.000000 -0.294101
    147 4.530998 0.000000 0.000000 0.000000 0.000000 0.000000
    148 0.000000 0.000000 0.000000 0.000000 0.000000 0.000000
    149 5.413524 0.000347 0.000000 0.000000 0.000000 -0.518055
    150 5.413524 0.000347 0.000000 0.000000 0.000000 -0.518055
    151 4.662001 -5.366332 4.825191 1.569715 1.561305 -3.121216
    152 3.116966 -0.000443 0.000000 0.000000 0.000000 0.294101
    153 4.531197 0.000000 0.000000 0.000000 0.000000 0.000000
    154 -2.158101 0.003000 0.266281 0.000000 -0.078331 0.000000
    155 -5.658181 0.003000 0.015000 0.000000 0.000000 0.000000
    156 -16.184649 -19.930296 -22.292965 -0.871391 0.378007 -0.931599
    157 -1.605216 0.915506 -3.659879 0.264348 0.019340 0.192510
    158 3.512001 -3.547000 -1.066000 0.000000 1.570796 0.000000
    159 3.456001 -3.517000 1.169000 0.000000 1.570796 0.000000
    160 6.233002 0.000000 0.000000 0.000000 0.000000 0.000000
    161 -0.171997 -0.106000 -0.902000 1.570713 1.029176 -3.134550
    162 6.241997 -6.380000 0.101566 -0.003464 -0.015316 -0.000024
    163 1.947000 -0.003000 -0.278000 0.000000 0.000000 0.000000
    164 -2.941000 -0.003000 0.381000 0.000000 0.000000 0.000000
    165 -2.941000 -0.003000 0.381000 0.000000 0.000000 0.000000
    166 -0.070000 -0.003000 0.481000 0.000000 0.000000 0.000000
    167 -0.002780 0.000000 0.017476 0.000000 -0.382474 0.000036
    168 3.999434 -0.000527 -0.000332 -0.536258 0.000000 0.000012
    169 3.999901 0.000038 0.001011 0.243199 0.000000 0.000000
    170 1.598000 0.000000 0.000000 0.000000 0.000000 0.000000
    171 -1.145525 0.000130 0.000668 0.000000 0.000000 0.000000
    172 2.299679 -2.499979 -0.599480 0.891953 0.221501 -0.527302
    173 13.858630 -5.109466 10.460954 1.086472 -1.440421 1.353528
    174 -9.580671 -27.862106 -37.184677 0.812879 -0.123459 -0.568477
    175 0.649933 -0.548295 0.093651 -1.665913 -0.131399 -0.112062
    176 0.657074 0.008402 0.040371 -1.665945 -0.131407 -0.000013
    177 0.665776 0.747221 -0.029190 -1.665935 -0.131408 0.094976
    178 2.300139 -2.499413 0.600159 -0.891994 -0.221488 -0.527253
    179 12.187820 1.068084 0.992054 1.811734 -0.001398 0.197532
    180 2.762350 0.116951 1.523975 1.629482 0.064153 1.743800
    181 7.228317 7.928197 -3.925652 2.328713 0.123459 -0.568477
    182 0.650394 -0.547730 -0.092979 1.665913 0.131399 -0.112062
    183 0.657069 0.008398 -0.040379 1.665945 0.131407 -0.000013
    184 0.665775 0.747221 0.029179 1.665935 0.131408 0.094976
    185 -4.481003 -0.202000 0.000000 0.000000 0.000000 0.000000
    186 -5.516998 -0.291000 -0.001000 0.000000 0.000000 0.000000
    187 -0.857700 0.104071 0.104683 0.023536 0.163924 0.013632
    188 1.899119 0.000423 -0.000439 0.027386 -0.033311 0.477848
    189 1.799661 -0.000233 0.000231 0.027386 -0.033311 0.477848
    190 1.799661 -0.000233 0.000231 0.027386 -0.033311 0.477848
    191 1.799661 -0.000233 0.000231 0.027386 -0.033311 0.477848
    192 1.900310 -0.000137 -0.000517 0.027386 -0.033311 0.477848
    193 1.899435 -0.000317 -0.000150 -0.027386 0.033311 0.477848
    194 1.799662 -0.000240 -0.000233 -0.027386 0.033311 0.477848
    195 1.799662 -0.000240 -0.000233 -0.027386 0.033311 0.477848
    196 1.799662 -0.000240 -0.000233 -0.027386 0.033311 0.477848
    197 1.900729 0.000553 -0.000072 -0.027386 0.033311 0.477848
    198 0.599884 0.400187 -0.000031 0.000000 0.000000 0.000000
    199 0.599886 0.400185 0.000034 0.000000 0.000000 -3.141592
    200 0.599503 0.400694 0.000234 0.000000 0.000000 0.000000
    201 0.600029 -0.000020 -0.000019 0.000000 0.000000 -3.141592
  time 17
    0 0.000000 0.000000 0.000000 0.000000 0.000000 -1.570796
    1 -0.106323 0.000000 -0.000198 0.000000 0.000000 0.000000
    2 0.000000 0.000000 0.000000 0.000000 0.000000 0.000000
    3 -0.904000 0.000000 -11.806000 0.000000 0.000000 0.000000
    4 0.000000 0.000000 -14.313999 0.000000 -1.570796 1.570857
    5 3.533001 0.000000 0.000000 0.000000 0.000000 0.000000
    6 6.250000 0.000000 0.000000 0.000000 0.000000 0.000000
    7 9.568951 -0.070290 -3.475317 -1.316230 1.034293 -1.348261
    8 9.562500 1.924805 1.815430 0.098301 -1.350314 -0.096174
    9 5.790726 0.002787 -0.000113 -1.077708 0.933078 -1.614080
    10 5.999492 -0.000592 -4.000343 0.000000 0.000000 0.000000
    11 5.791316 0.002582 0.004799 0.992035 -0.620800 -1.290466
    12 5.999492 -0.000592 4.000336 0.000000 0.000000 0.000000
    13 0.500225 0.000133 -0.000088 0.052419 0.000048 0.000000
    14 11.534559 0.000348 -0.001312 -0.000017 0.000009 -0.973643
    15 -0.829338 0.893824 0.079659 -0.148839 0.047645 0.087266
    16 0.500225 0.000132 0.000076 -0.183727 0.000000 0.000000
    17 11.532495 0.000526 -0.000089 0.000006 0.000062 -1.611556
    18 -0.829586 0.894698 -0.079464 0.045377 -0.019621 0.087266
    19 10.599884 0.000105 -0.000553 -1.252927 0.000048 0.000096
    20 0.162635 -0.286900 -0.000805 0.000000 0.000011 0.486922
    21 11.042057 0.003717 0.004704 -0.624333 -0.148510 -1.229405
    22 -1.214832 0.203470 -0.477489 -0.135025 -0.078677 -0.001289
    23 10.599880 0.000105 0.000549 0.493701 -0.000060 0.000036
    24 0.525926 -0.501750 0.000801 -0.000060 0.000013 0.805805
    25 11.041742 0.003171 -0.000571 0.402271 0.167474 0.750824
    26 -1.063377 0.077663 0.150230 0.045121 0.020046 -0.012850
    27 0.610302 -0.939470 0.070343 -1.709753 -0.287932 -0.151922
    28 0.639940 -0.199121 0.060188 -1.668756 -0.275123 -0.052185
    29 0.600155 1.080261 -0.339535 -1.733674 0.002286 0.063869
    30 0.610207 0.400743 -0.010101 -1.765441 -0.191768 0.068639
    31 0.630809 -0.693997 -0.236250 0.235014 0.152877 -0.793686
    32 -0.792125 0.203736 0.461300 1.439074 -0.003453 -0.018305
    33 0.610300 -0.939469 -0.070351 1.655649 0.171922 -0.172859
    34 0.639937 -0.199121 -0.060200 1.671196 0.183117 -0.036773
    35 0.600157 1.080259 0.339531 1.741630 0.106894 0.153597
    36 0.610205 0.400743 0.010086 1.766570 0.125877 0.080240
    37 0.624002 -0.691393 0.232270 -0.767562 -0.532974 -0.735723
    38 -0.626031 -0.069983 -0.080517 -1.447153 0.086151 0.021559
    39 2.625284 -0.006439 -0.001438 0.032282 -0.408597 0.620617
    40 2.664743 0.000397 -0.000071 -0.354891 -0.175208 1.236594
    41 2.202488 0.003368 -0.002863 -0.343888 0.096361 1.464887
    42 0.599952 0.959240 -0.300102 -0.174544 0.000000 0.000000
    43 2.553283 -0.001967 0.006359 -0.201020 -0.001679 1.443787
    44 2.095024 -0.003873 -0.002193 -0.164975 0.441806 0.790903
    45 0.999380 -0.000236 -1.232808 -0.000001 0.000000 0.000000
    46 -0.122639 -0.721856 0.661690 -0.486644 0.223964 0.243056
    47 2.622113 -0.004555 0.002741 -0.178515 0.119225 0.003610
    48 2.654002 0.004589 -0.000533 0.322092 0.240114 1.085263
    49 2.200016 0.001663 0.004743 0.262942 -0.039538 1.072963
    50 0.599951 0.959244 0.300102 0.174544 0.000000 0.000000
    51 2.556570 -0.004291 0.000554 0.263779 0.129479 1.165899
    52 2.103851 0.005614 -0.001014 0.525400 -0.298880 0.556895
    53 0.999374 -0.000237 1.381242 0.000000 0.000000 -0.070601
    54 0.310846 -0.606445 -0.498005 0.308107 -0.197598 0.313976
    55 1.869163 -0.004741 -0.000994 0.000005 -0.000020 0.795500
    56 1.200941 0.399582 -0.000237 -0.009465 0.016087 0.007127
    57 0.000586 0.100342 -0.000319 -0.120035 -0.021926 -0.209617
    58 -0.161663 0.051712 0.194808 -2.941982 0.122408 -0.060194
    59 2.010092 -0.003202 -0.007284 0.000018 0.000013 0.954436
    60 0.000240 0.099802 -0.000395 -0.018823 0.010833 -0.239219
    61 -0.203197 0.048607 0.069150 -3.093332 0.033217 -0.046722
    62 1.180428 -0.006214 0.000780 -0.000014 0.000000 0.883234
    63 -0.000196 0.099625 -0.000034 0.000000 0.000000 -0.314102
    64 -0.088736 -0.688435 -0.145203 2.930407 -0.136130 0.513013
    65 1.712069 0.000578 0.003818 -0.000037 -0.000057 0.994833
    66 -0.000580 0.100145 -0.000311 -0.010912 0.023129 -0.260841
    67 -0.146030 -0.232426 -0.014225 3.028455 -0.094299 0.113020
    68 1.290632 0.000362 -0.000032 0.000000 0.000000 -0.238807
    69 -0.658121 -0.003575 0.072645 -0.142711 0.027792 -0.077299
    70 1.868080 -0.003049 0.006083 0.000003 -0.000021 0.223426
    71 1.200079 0.399944 -0.000093 0.009465 -0.016087 0.007127
    72 0.000591 0.100342 0.000319 0.120035 0.021926 -0.209617
    73 0.068077 0.002285 -0.080050 3.111376 -0.069366 -0.060847
    74 2.011874 -0.005083 0.002180 -0.000001 -0.000037 1.297769
    75 0.000229 0.099802 0.000395 0.018823 -0.010833 -0.239219
    76 -0.018673 -0.001009 0.047544 3.109244 0.002635 -0.106673
    77 1.178665 0.001595 0.000845 0.000000 0.000000 0.669112
    78 -0.000198 0.099628 0.000034 0.000000 0.000000 -0.314102
    79 0.036892 -0.634449 0.266284 -2.801062 0.174301 0.490914
    80 1.704350 -0.002506 -0.000686 -0.000034 -0.000037 1.003564
    81 -0.000576 0.100136 0.000311 0.010914 -0.023129 -0.260841
    82 -0.003952 -0.281811 0.115047 -3.059162 0.089004 0.167964
    83 1.289627 0.003949 0.000061 -0.000061 0.000015 0.239112
    84 -0.171528 -0.018148 -0.099873 0.013484 -0.062184 -0.011780
    85 0.912716 0.007240 0.001326 0.000019 0.000021 0.583728
    86 -0.342617 0.053404 -0.025571 -2.909301 -0.017248 0.075276
    87 1.100231 -0.000930 -0.002434 -0.000027 0.000014 1.178054
    88 -0.384983 0.330998 0.006848 -3.087207 -0.018765 -0.184279
    89 0.678146 0.006192 0.000002 -0.000018 -0.000019 0.683756
    90 -0.123848 0.072737 0.029507 2.898184 -0.060627 0.094834
    91 1.017166 -0.000154 -0.000252 -0.000023 -0.000014 0.671517
    92 -0.344986 0.123129 0.143151 2.994981 0.012396 0.059140
    93 -0.730988 0.177046 0.039141 -0.123731 0.076518 -0.084310
    94 0.921993 0.001298 -0.000896 -0.000002 0.000025 0.134192
    95 -0.124027 -0.052092 0.038496 3.077813 -0.008519 0.039229
    96 1.100430 -0.003552 0.000503 0.000018 0.000030 0.904180
    97 -0.330082 0.160641 0.042780 3.128073 0.034033 -0.171236
    98 0.675854 0.001531 0.003272 0.000014 0.000003 0.945929
    99 -0.019516 -0.016531 0.038578 -2.763781 0.050305 0.076828
    100 1.018891 0.005113 0.001121 -0.000018 0.000019 0.984583
    101 -0.155312 0.130643 -0.021921 -3.022466 0.022433 -0.024903
    102 -0.252209 0.061937 -0.024914 -0.007671 -0.063171 -0.044392
    103 -0.085991 0.185203 -0.015180 -2.937063 -0.113970 -0.138991
    104 -0.286537 0.179852 0.024264 -3.109353 -0.049645 -0.029915
    105 -0.019489 0.147084 0.079203 2.893815 0.038585 -0.060594
    106 -0.046482 0.251898 0.129548 3.016165 0.077112 -0.042864
    107 0.039120 -0.040298 0.047739 3.084219 0.030470 -0.037414
    108 -0.233757 0.066630 0.001754 -3.133086 0.040141 -0.065413
    109 0.044266 0.020128 0.001684 -2.778763 -0.118872 -0.040488
    110 0.071495 0.074127 -0.048302 -3.035917 -0.059482 0.104366
    111 0.000000 0.000000 0.000000 0.000000 0.000000 -1.570796
    112 15.949705 -3.754021 -2.539140 -0.014473 -0.014609 0.017442
    113 -4.297006 7.640858 -0.761742 0.519594 -0.785817 -1.477048
    114 -1.541997 0.000000 1.809996 0.000000 0.000000 0.000000
    115 5.560989 0.000000 1.164998 0.000000 0.000000 0.000000
    116 1.770997 -0.313999 1.249997 0.000000 0.000000 -1.570817
    117 3.817992 0.000000 -0.014000 0.000000 0.000000 0.000000
    118 -0.469999 0.000000 -3.436993 0.000000 0.000000 0.000000
    119 -2.237996 0.000000 -3.187994 0.000000 0.000000 0.000000
    120 3.318993 0.000000 3.457993 0.000000 -0.159191 0.000000
    121 0.000000 0.000000 0.000000 0.000000 0.000000 0.000000
    122 0.532999 0.510999 -0.840998 0.000000 0.000000 0.000000
    123 0.000000 0.000000 0.000000 0.000000 0.000000 0.000000
    124 -0.106000 0.000000 64.320000 0.000000 0.000000 0.000000
    125 0.000000 0.000000 0.000000 0.000000 0.000000 0.000000
    126 0.000000 0.000000 0.000000 0.015676 0.000395 -0.004446
    127 25.757795 -3.622462 8.166552 -0.014492 -0.014556 0.017490
    128 0.106000 0.000000 -64.320000 0.000000 0.000000 0.000000
    129 0.000000 0.000000 0.000000 0.000000 0.000000 0.000000
    130 0.000000 0.000000 -4.867002 -3.141592 0.000000 -3.128591
    131 0.000000 0.000000 4.867000 -3.141592 0.000000 -3.128591
    132 4.000000 -6.500000 0.000000 0.000000 0.000000 0.000977
    133 -6.500000 0.000000 0.000000 0.000000 1.570796 0.000000
    134 1.000088 -0.000029 0.000000 0.000000 0.000000 0.000000
    135 17.162516 -0.000404 0.000000 0.000000 0.000000 0.119214
    136 9.999891 -0.000303 0.000000 0.000000 0.000000 0.000000
    137 1.000088 -0.000029 0.000000 0.000000 0.000000 0.000000
    138 17.162516 -0.000404 0.000000 0.000000 0.000000 0.119214
    139 9.499836 0.000212 0.000000 0.000000 0.000000 0.000000
    140 0.000000 0.000000 0.000000 0.000000 0.000000 0.000000
    141 17.749374 0.295515 0.000000 0.000000 0.000000 -1.158958
    142 0.017889 0.299792 0.000000 0.000000 0.000000 -0.059582
    143 12.283573 1.581456 -4.696000 1.462269 -0.086726 0.090185
    144 17.749376 0.295515 0.000000 0.000000 0.000000 -1.158958
    145 0.017889 0.299792 0.000000 0.000000 0.000000 -0.059582
    146 13.354000 0.000000 0.000000 0.000000 0.000000 -0.294101
    147 4.530998 0.000000 0.000000 0.000000 0.000000 0.000000
    148 0.000000 0.000000 0.000000 0.000000 0.000000 0.000000
    149 5.413524 0.000347 0.000000 0.000000 0.000000 -0.518055
    150 5.413524 0.000347 0.000000 0.000000 0.000000 -0.518055
    151 4.662001 -5.366332 4.825191 1.569715 1.561305 -3.121216
    152 3.116966 -0.000443 0.000000 0.000000 0.000000 0.294101
    153 4.531197 0.000000 0.000000 0.000000 0.000000 0.000000
    154 -2.158101 0.003000 0.266281 0.000000 -0.078331 0.000000
    155 -5.658181 0.003000 0.015000 0.000000 0.000000 0.000000
    156 -16.294028 5.105625 -58.028431 0.014220 0.014997 -0.017282
    157 -1.382553 0.165483 -2.015297 0.089072 0.173884 0.122124
    158 3.512001 -3.547000 -1.066000 0.000000 1.570796 0.000000
    159 3.456001 -3.517000 1.169000 0.000000 1.570796 0.000000
    160 6.233002 0.000000 0.000000 0.000000 0.000000 0.000000
    161 -0.171997 -0.106000 -0.902000 1.570713 1.029176 -3.134550
    162 6.241997 -6.380000 0.105472 -0.004446 -0.015676 -0.000336
    163 1.947000 -0.003000 -0.278000 0.000000 0.000000 0.000000
    164 -2.941000 -0.003000 0.381000 0.000000 0.000000 0.000000
    165 -2.941000 -0.003000 0.381000 0.000000 0.000000 0.000000
    166 -0.070000 -0.003000 0.481000 0.000000 0.000000 0.000000
    167 -0.002780 0.000000 0.017476 0.000000 -0.382474 0.000036
    168 3.999434 -0.000527 -0.000332 -0.626484 0.000000 0.000048
    169 3.999901 0.000038 0.001011 0.246967 0.000000 0.000000
    170 1.598000 0.000000 0.000000 0.000000 0.000000 0.000000
    171 -1.145525 0.000130 0.000668 0.000000 0.000000 0.000000
    172 2.299679 -2.499979 -0.599480 0.891953 0.221501 -0.527302
    173 13.288301 -5.203219 9.675774 2.508675 -1.469837 0.121897
    174 -9.580671 -27.862106 -37.184677 0.812879 -0.123459 -0.568477
    175 0.649933 -0.548295 0.093651 -1.665913 -0.131399 -0.112062
    176 0.657074 0.008402 0.040371 -1.665945 -0.131407 -0.000013
    177 0.665776 0.747221 -0.029190 -1.665935 -0.131408 0.094976
    178 2.300139 -2.499413 0.600159 -0.891994 -0.221488 -0.527269
    179 12.187820 1.068084 0.992054 1.811734 -0.001398 0.197555
    180 2.762350 0.116951 1.523975 1.629482 0.064153 1.743800
    181 7.228317 7.928197 -3.925652 2.328713 0.123459 -0.568477
    182 0.650394 -0.547730 -0.092979 1.665913 0.131399 -0.112062
    183 0.657069 0.008398 -0.040379 1.665945 0.131407 -0.000013
    184 0.665775 0.747221 0.029179 1.665935 0.131408 0.094976
    185 -4.481003 -0.202000 0.000000 0.000000 0.000000 0.000000
    186 -5.516998 -0.291000 -0.001000 0.000000 0.000000 0.000000
    187 -0.857700 0.104071 0.104683 0.023536 0.163924 0.013632
    188 1.899119 0.000423 -0.000439 0.027386 -0.033311 0.477848
    189 1.799661 -0.000233 0.000231 0.027386 -0.033311 0.477848
    190 1.799661 -0.000233 0.000231 0.027386 -0.033311 0.477848
    191 1.799661 -0.000233 0.000231 0.027386 -0.033311 0.477848
    192 1.900310 -0.000137 -0.000517 0.027386 -0.033311 0.477848
    193 1.899435 -0.000317 -0.000150 -0.027386 0.033311 0.477848
    194 1.799662 -0.000240 -0.000233 -0.027386 0.033311 0.477848
    195 1.799662 -0.000240 -0.000233 -0.027386 0.033311 0.477848
    196 1.799662 -0.000240 -0.000233 -0.027386 0.033311 0.477848
    197 1.900729 0.000553 -0.000072 -0.027386 0.033311 0.477848
    198 0.599884 0.400187 -0.000031 0.000000 0.000000 0.000000
    199 0.599886 0.400185 0.000034 0.000000 0.000000 -3.141592
    200 0.599503 0.400694 0.000234 0.000000 0.000000 0.000000
    201 0.600029 -0.000020 -0.000019 0.000000 0.000000 -3.141592
  time 18
    0 0.000000 0.000000 0.000000 0.000000 0.000000 -1.570796
    1 -0.106323 0.000000 -0.000198 0.000000 0.000000 0.000000
    2 0.000000 0.000000 0.000000 0.000000 0.000000 0.000000
    3 -0.904000 0.000000 -11.806000 0.000000 0.000000 0.000000
    4 0.000000 0.000000 -14.313999 0.000000 -1.570796 1.570857
    5 3.533001 0.000000 0.000000 0.000000 0.000000 0.000000
    6 6.250000 0.000000 0.000000 0.000000 0.000000 0.000000
    7 9.568951 -0.070290 -3.475317 -1.316230 1.034293 -1.348261
    8 9.562500 1.924805 1.815430 0.098301 -1.350314 -0.096174
    9 5.790726 0.002787 -0.000113 -1.085637 0.910672 -1.696500
    10 5.999492 -0.000592 -4.000343 0.000000 0.000000 0.000000
    11 5.791316 0.002582 0.004799 0.988230 -0.630454 -1.284208
    12 5.999492 -0.000592 4.000336 0.000000 0.000000 0.000000
    13 0.500225 0.000133 -0.000088 0.029148 0.000000 0.000000
    14 11.534559 0.000348 -0.001312 -0.000017 0.000009 -1.014035
    15 -0.829338 0.893824 0.079659 -0.148839 0.047645 0.087266
    16 0.500225 0.000132 0.000076 -0.183457 0.000000 0.000000
    17 11.532495 0.000526 -0.000089 -0.000018 0.000002 -1.626755
    18 -0.829586 0.894698 -0.079464 0.045377 -0.019621 0.087266
    19 10.599884 0.000105 -0.000553 -1.367745 0.000000 0.000000
    20 0.174354 -0.298619 -0.000805 0.000000 0.000011 0.507050
    21 11.042057 0.003717 0.004704 -0.668534 -0.273063 -1.207091
    22 -1.214832 0.203470 -0.477489 -0.135025 -0.078677 -0.001289
    23 10.599880 0.000105 0.000549 0.474963 0.000000 0.000048
    24 0.525926 -0.501750 0.000801 -0.000036 0.000001 0.813403
    25 11.041742 0.003171 -0.000571 0.383287 0.162357 0.753042
    26 -1.063377 0.077663 0.150230 0.045121 0.020046 -0.012850
    27 0.610302 -0.939470 0.070343 -1.709652 -0.287872 -0.151934
    28 0.639940 -0.199121 0.060188 -1.668756 -0.275063 -0.052197
    29 0.600155 1.080261 -0.339535 -1.733674 0.002274 0.063869
    30 0.610207 0.400743 -0.010101 -1.765441 -0.191720 0.068627
    31 0.634715 -0.693997 -0.236250 0.235014 0.152877 -0.793686
    32 -0.792125 0.203736 0.461300 1.439074 -0.003453 -0.018305
    33 0.610300 -0.939469 -0.070351 1.655649 0.171922 -0.172859
    34 0.639937 -0.199121 -0.060200 1.671196 0.183117 -0.036785
    35 0.600157 1.080259 0.339531 1.741630 0.106894 0.153597
    36 0.610205 0.400743 0.010086 1.766570 0.125877 0.080228
    37 0.624002 -0.695300 0.232270 -0.761998 -0.528974 -0.776986
    38 -0.626031 -0.069983 -0.080517 -1.447153 0.086151 0.021559
    39 2.625284 -0.006439 -0.001438 0.032282 -0.408622 0.620617
    40 2.664743 0.000397 -0.000071 -0.354920 -0.175219 1.236594
    41 2.206394 0.003368 -0.006769 -0.343888 0.096361 1.464852
    42 0.599952 0.959240 -0.300102 -0.174544 0.000000 0.000000
    43 2.557190 -0.001967 0.002453 -0.201020 -0.001691 1.443787
    44 2.095024 -0.003873 -0.006100 -0.164975 0.441806 0.790903
    45 0.999380 -0.000236 -1.232808 -0.000001 0.000000 0.000000
    46 -0.122639 -0.721856 0.661690 -0.486644 0.223964 0.243056
    47 2.622113 -0.004555 0.002741 -0.178515 0.119225 0.003610
    48 2.654002 0.004589 -0.000533 0.322092 0.240114 1.085263
    49 2.200016 0.001663 0.004743 0.262942 -0.039538 1.072963
    50 0.599951 0.959244 0.300102 0.174544 0.000000 0.000000
    51 2.556570 -0.004291 0.000554 0.263779 0.129479 1.165880
    52 2.103851 0.005614 -0.001014 0.521849 -0.286512 0.572793
    53 0.999374 -0.000237 1.357804 0.000000 0.000000 -0.070601
    54 0.310846 -0.606445 -0.498005 0.308107 -0.197598 0.313976
    55 1.869163 -0.000835 -0.004901 0.000005 -0.000008 0.795500
    56 1.200941 0.399582 -0.000237 -0.009465 0.016087 0.007127
    57 0.000586 0.100342 -0.000319 -0.120035 -0.021926 -0.209617
    58 -0.161663 0.051712 0.194808 -2.941982 0.122408 -0.060194
    59 2.010092 -0.003202 -0.003377 0.000018 0.000013 0.954436
    60 0.000240 0.099802 -0.000395 -0.018823 0.010833 -0.239219
    61 -0.203197 0.048607 0.069150 -3.093332 0.033217 -0.046722
    62 1.180428 -0.006214 0.000780 -0.000014 0.000000 0.883234
    63 -0.000196 0.099625 -0.000034 0.000000 0.000000 -0.314102
    64 -0.088736 -0.688435 -0.145203 2.930407 -0.136130 0.513013
    65 1.715976 -0.003328 0.003818 -0.000025 -0.000057 0.994833
    66 -0.000580 0.100145 -0.000311 -0.010912 0.023129 -0.260841
    67 -0.146030 -0.232426 -0.014225 3.028455 -0.094299 0.113020
    68 1.290632 0.000362 -0.000032 0.000000 0.000000 -0.238807
    69 -0.658121 -0.003575 0.072645 -0.142711 0.027792 -0.077299
    70 1.868080 -0.003049 0.006083 0.000003 -0.000021 0.223426
    71 1.200079 0.399944 -0.000093 0.009465 -0.016087 0.007127
    72 0.000591 0.100342 0.000319 0.120035 0.021926 -0.209617
    73 0.068077 0.002285 -0.080050 3.111376 -0.069366 -0.060847
    74 2.015780 -0.005083 0.006086 -0.000001 -0.000037 1.297769
    75 0.000229 0.099802 0.000395 0.018823 -0.010833 -0.239219
    76 -0.018673 -0.001009 0.047544 3.109244 0.002635 -0.106673
    77 1.178665 0.001595 0.000845 0.000000 0.000000 0.669112
    78 -0.000198 0.099628 0.000034 0.000000 0.000000 -0.314102
    79 0.036892 -0.634449 0.266284 -2.801062 0.174301 0.490914
    80 1.708256 -0.002506 -0.000686 -0.000034 -0.000037 1.003564
    81 -0.000576 0.100136 0.000311 0.010914 -0.023129 -0.260841
    82 -0.003952 -0.281811 0.115047 -3.059162 0.089004 0.167964
    83 1.289627 0.003949 0.000061 -0.000014 0.000003 0.115172
    84 -0.171528 -0.018148 -0.099873 0.013484 -0.062184 -0.011780
    85 0.912716 0.007240 0.001326 0.000019 0.000021 0.583728
    86 -0.342617 0.053404 -0.025571 -2.909301 -0.017248 0.075276
    87 1.100231 -0.000930 -0.002434 -0.000027 0.000014 1.178054
    88 -0.384983 0.330998 0.006848 -3.087207 -0.018765 -0.184279
    89 0.678146 0.002286 0.000002 -0.000018 -0.000019 0.683756
    90 -0.123848 0.072737 0.029507 2.898184 -0.060627 0.094834
    91 1.017166 -0.000154 -0.000252 -0.000023 -0.000014 0.671517
    92 -0.344986 0.123129 0.143151 2.994981 0.012396 0.059140
    93 -0.730988 0.177046 0.039141 -0.123731 0.076518 -0.084310
    94 0.925900 0.001298 -0.000896 -0.000002 0.000025 0.134156
    95 -0.124027 -0.052092 0.038496 3.077813 -0.008519 0.039229
    96 1.100430 -0.003552 0.000503 0.000030 0.000030 0.904180
    97 -0.330082 0.160641 0.042780 3.128073 0.034033 -0.171236
    98 0.675854 0.005438 0.003272 0.000014 0.000015 0.945929
    99 -0.019516 -0.016531 0.038578 -2.763781 0.050305 0.076828
    100 1.018891 0.005113 0.001121 -0.000006 0.000019 0.984583
    101 -0.155312 0.130643 -0.021921 -3.022466 0.022433 -0.024903
    102 -0.252209 0.061937 -0.024914 -0.007671 -0.063171 -0.044392
    103 -0.085991 0.185203 -0.015180 -2.937063 -0.113970 -0.138991
    104 -0.286537 0.179852 0.024264 -3.109353 -0.049645 -0.029915
    105 -0.019489 0.147084 0.079203 2.893815 0.038585 -0.060594
    106 -0.046482 0.251898 0.129548 3.016165 0.077112 -0.042864
    107 0.039120 -0.040298 0.047739 3.084219 0.030470 -0.037414
    108 -0.233757 0.066630 0.001754 -3.133086 0.040141 -0.065413
    109 0.044266 0.020128 0.001684 -2.778763 -0.118872 -0.040488
    110 0.071495 0.074127 -0.048302 -3.035917 -0.059482 0.104366
    111 0.000000 0.000000 0.000000 0.000000 0.000000 -1.570796
    112 15.828608 -3.746208 -2.625080 -0.033325 -0.013391 0.019867
    113 -4.304819 7.758049 -0.820338 0.493081 -0.783013 -1.456378
    114 -1.541997 0.000000 1.809996 0.000000 0.000000 0.000000
    115 5.560989 0.000000 1.164998 0.000000 0.000000 0.000000
    116 1.770997 -0.313999 1.249997 0.000000 0.000000 -1.570817
    117 3.817992 0.000000 -0.014000 0.000000 0.000000 0.000000
    118 -0.469999 0.000000 -3.436993 0.000000 0.000000 0.000000
    119 -2.237996 0.000000 -3.187994 0.000000 0.000000 0.000000
    120 3.318993 0.000000 3.457993 0.000000 -0.159191 0.000000
    121 0.000000 0.000000 0.000000 0.000000 0.000000 0.000000
    122 0.532999 0.510999 -0.840998 0.000000 0.000000 0.000000
    123 0.000000 0.000000 0.000000 0.000000 0.000000 0.000000
    124 -0.106000 0.000000 64.320000 0.000000 0.000000 0.000000
    125 0.000000 0.000000 0.000000 0.000000 0.000000 0.000000
    126 0.000000 0.000000 0.000000 0.016011 0.000719 -0.005453
    127 25.636698 -3.622462 8.076706 -0.033345 -0.013386 0.019822
    128 0.106000 0.000000 -64.320000 0.000000 0.000000 0.000000
    129 0.000000 0.000000 0.000000 0.000000 0.000000 0.000000
    130 0.000000 0.000000 -4.867002 -3.141592 0.000000 -3.128591
    131 0.000000 0.000000 4.867000 -3.141592 0.000000 -3.128591
    132 4.000000 -6.500000 0.000000 0.000000 0.000000 0.000977
    133 -6.500000 0.000000 0.000000 0.000000 1.570796 0.000000
    134 1.000088 -0.000029 0.000000 0.000000 0.000000 0.000000
    135 17.162516 -0.000404 0.000000 0.000000 0.000000 0.119214
    136 9.999891 -0.000303 0.000000 0.000000 0.000000 0.000000
    137 1.000088 -0.000029 0.000000 0.000000 0.000000 0.000000
    138 17.162516 -0.000404 0.000000 0.000000 0.000000 0.119214
    139 9.499836 0.000212 0.000000 0.000000 0.000000 0.000000
    140 0.000000 0.000000 0.000000 0.000000 0.000000 0.000000
    141 17.749374 0.295515 0.000000 0.000000 0.000000 -1.158958
    142 0.017889 0.299792 0.000000 0.000000 0.000000 -0.059582
    143 12.283573 1.581456 -4.696000 1.462269 -0.086726 0.090185
    144 17.749376 0.295515 0.000000 0.000000 0.000000 -1.158958
    145 0.017889 0.299792 0.000000 0.000000 0.000000 -0.059582
    146 13.354000 0.000000 0.000000 0.000000 0.000000 -0.294101
    147 4.530998 0.000000 0.000000 0.000000 0.000000 0.000000
    148 0.000000 0.000000 0.000000 0.000000 0.000000 0.000000
    149 5.413524 0.000347 0.000000 0.000000 0.000000 -0.518055
    150 5.413524 0.000347 0.000000 0.000000 0.000000 -0.518055
    151 4.662001 -5.366332 4.825191 1.569715 1.561305 -3.121216
    152 3.116966 -0.000443 0.000000 0.000000 0.000000 0.294101
    153 4.531197 0.000000 0.000000 0.000000 0.000000 0.000000
    154 -2.154195 0.003000 0.266281 0.000000 -0.078331 0.000000
    155 -5.658181 0.003000 0.015000 0.000000 0.000000 0.000000
    156 -16.102616 6.281442 -57.848738 0.032922 0.014523 -0.019590
    157 -1.441149 0.005322 -1.245742 0.004779 0.275420 0.032451
    158 3.512001 -3.547000 -1.066000 0.000000 1.570796 0.000000
    159 3.456001 -3.517000 1.169000 0.000000 1.570796 0.000000
    160 6.233002 0.000000 0.000000 0.000000 0.000000 0.000000
    161 -0.171997 -0.106000 -0.902000 1.570713 1.029176 -3.134550
    162 6.241997 -6.380000 0.113285 -0.005453 -0.016011 -0.000635
    163 1.947000 -0.003000 -0.278000 0.000000 0.000000 0.000000
    164 -2.941000 -0.003000 0.381000 0.000000 0.000000 0.000000
    165 -2.941000 -0.003000 0.381000 0.000000 0.000000 0.000000
    166 -0.070000 -0.003000 0.481000 0.000000 0.000000 0.000000
    167 -0.002780 0.000000 0.017476 0.000000 -0.382474 0.000036
    168 3.999434 -0.000527 -0.000332 -0.683853 0.000000 0.000000
    169 3.999901 0.000038 0.001011 0.237473 0.000000 0.000000
    170 1.598000 0.000000 0.000000 0.000000 0.000000 0.000000
    171 -1.145525 0.000130 0.000668 0.000000 0.000000 0.000000
    172 2.299679 -2.499979 -0.599480 0.891953 0.221501 -0.527302
    173 13.206267 -5.804800 9.351545 3.265332 -1.391422 -0.550509
    174 -9.580671 -27.862106 -37.184677 0.812879 -0.123459 -0.568477
    175 0.649933 -0.548295 0.093651 -1.665913 -0.131399 -0.112062
    176 0.657074 0.008402 0.040371 -1.665945 -0.131407 -0.000013
    177 0.665776 0.747221 -0.029190 -1.665935 -0.131408 0.094976
    178 2.300139 -2.499413 0.600159 -0.891994 -0.221488 -0.527253
    179 12.187820 1.068084 0.992054 1.811734 -0.001398 0.197555
    180 2.762350 0.116951 1.523975 1.629482 0.064153 1.743800
    181 7.228317 7.928197 -3.925652 2.328713 0.123459 -0.568477
    182 0.650394 -0.547730 -0.092979 1.665913 0.131399 -0.112062
    183 0.657069 0.008398 -0.040379 1.665945 0.131407 -0.000013
    184 0.665775 0.747221 0.029179 1.665935 0.131408 0.094976
    185 -4.481003 -0.202000 0.000000 0.000000 0.000000 0.000000
    186 -5.516998 -0.291000 -0.001000 0.000000 0.000000 0.000000
    187 -0.857700 0.104071 0.104683 0.023536 0.163924 0.013632
    188 1.899119 0.000423 -0.000439 0.027386 -0.033311 0.477848
    189 1.799661 -0.000233 0.000231 0.027386 -0.033311 0.477848
    190 1.799661 -0.000233 0.000231 0.027386 -0.033311 0.477848
    191 1.799661 -0.000233 0.000231 0.027386 -0.033311 0.477848
    192 1.900310 -0.000137 -0.000517 0.027386 -0.033311 0.477848
    193 1.899435 -0.000317 -0.000150 -0.027386 0.033311 0.477848
    194 1.799662 -0.000240 -0.000233 -0.027386 0.033311 0.477848
    195 1.799662 -0.000240 -0.000233 -0.027386 0.033311 0.477848
    196 1.799662 -0.000240 -0.000233 -0.027386 0.033311 0.477848
    197 1.900729 0.000553 -0.000072 -0.027386 0.033311 0.477848
    198 0.599884 0.400187 -0.000031 0.000000 0.000000 0.000000
    199 0.599886 0.400185 0.000034 0.000000 0.000000 -3.141592
    200 0.599503 0.400694 0.000234 0.000000 0.000000 0.000000
    201 0.600029 -0.000020 -0.000019 0.000000 0.000000 -3.141592
  time 19
    0 0.000000 0.000000 0.000000 0.000000 0.000000 -1.570796
    1 -0.106323 0.000000 -0.000198 0.000000 0.000000 0.000000
    2 0.000000 0.000000 0.000000 0.000000 0.000000 0.000000
    3 -0.904000 0.000000 -11.806000 0.000000 0.000000 0.000000
    4 0.000000 0.000000 -14.313999 0.000000 -1.570796 1.570857
    5 3.533001 0.000000 0.000000 0.000000 0.000000 0.000000
    6 6.250000 0.000000 0.000000 0.000000 0.000000 0.000000
    7 9.568951 -0.070290 -3.471411 -1.316230 1.034293 -1.348261
    8 9.562500 1.924805 1.815430 0.098301 -1.350314 -0.096174
    9 5.790726 0.002787 -0.000113 -0.980551 0.948410 -1.611422
    10 5.999492 -0.000592 -4.000343 0.000000 0.000000 0.000000
    11 5.791316 0.002582 0.004799 0.990529 -0.647376 -1.294638
    12 5.999492 -0.000592 4.000336 0.000000 0.000000 0.000000
    13 0.500225 0.000133 -0.000088 -0.024812 0.000000 0.000000
    14 11.534559 0.004255 -0.001312 -0.000053 0.000057 -1.114745
    15 -0.829338 0.893824 0.079659 -0.148839 0.047645 0.087266
    16 0.500225 0.000132 0.000076 -0.179965 0.000000 0.000000
    17 11.532495 0.000526 -0.000089 -0.000042 -0.000058 -1.641870
    18 -0.829586 0.894698 -0.079464 0.045377 -0.019621 0.087266
    19 10.599884 0.000105 -0.000553 -1.340990 0.000036 -0.000120
    20 0.189980 -0.310338 -0.000805 -0.000012 -0.000049 0.557370
    21 11.042057 -0.000189 0.004704 -0.711417 -0.306958 -1.128877
    22 -1.214832 0.203470 -0.477489 -0.135025 -0.078677 -0.001289
    23 10.599880 0.000105 0.000549 0.496878 0.000000 0.000048
    24 0.529832 -0.501750 0.000801 0.000000 -0.000011 0.821000
    25 11.041742 0.003171 -0.000571 0.406579 0.184964 0.757969
    26 -1.063377 0.077663 0.150230 0.045121 0.020046 -0.012850
    27 0.610302 -0.939470 0.070343 -1.709652 -0.287813 -0.151946
    28 0.639940 -0.199121 0.060188 -1.668756 -0.275015 -0.052197
    29 0.600155 1.080261 -0.339535 -1.733674 0.002274 0.063881
    30 0.610207 0.400743 -0.010101 -1.765387 -0.191660 0.068615
    31 0.634715 -0.693997 -0.232343 0.235014 0.152877 -0.793645
    32 -0.792125 0.203736 0.461300 1.439074 -0.003453 -0.018305
    33 0.610300 -0.939469 -0.070351 1.655649 0.171922 -0.172859
    34 0.639937 -0.199121 -0.060200 1.671196 0.183117 -0.036785
    35 0.600157 1.080259 0.339531 1.741630 0.106894 0.153597
    36 0.610205 0.400743 0.010086 1.766570 0.125877 0.080228
    37 0.624002 -0.695300 0.236176 -0.753992 -0.524639 -0.825250
    38 -0.626031 -0.069983 -0.080517 -1.447153 0.086151 0.021559
    39 2.625284 -0.006439 -0.001438 0.032282 -0.408622 0.620617
    40 2.664743 0.000397 -0.000071 -0.354920 -0.175219 1.236594
    41 2.202488 0.003368 -0.006769 -0.343876 0.096345 1.464852
    42 0.599952 0.959240 -0.300102 -0.174544 0.000000 0.000000
    43 2.557190 -0.001967 0.002453 -0.201035 -0.001679 1.443787
    44 2.095024 -0.003873 -0.002193 -0.164975 0.441806 0.790903
    45 0.999380 -0.000236 -1.228902 -0.000001 0.000000 0.000000
    46 -0.122639 -0.721856 0.661690 -0.486644 0.223964 0.243056
    47 2.622113 -0.000648 0.002741 -0.178503 0.119225 0.003610
    48 2.654002 0.004589 -0.000533 0.322092 0.240114 1.085263
    49 2.200016 0.001663 0.000836 0.262942 -0.039538 1.072963
    50 0.599951 0.959244 0.300102 0.174544 0.000000 0.000000
    51 2.556570 -0.004291 0.000554 0.263767 0.129479 1.165880
    52 2.103851 0.005614 -0.001014 0.519087 -0.270825 0.585971
    53 0.999374 -0.000237 1.338272 0.000000 0.000000 -0.070601
    54 0.310846 -0.606445 -0.498005 0.308107 -0.197598 0.313976
    55 1.873069 -0.000835 -0.004901 0.000005 -0.000008 0.795500
    56 1.200941 0.399582 -0.000237 -0.009465 0.016087 0.007127
    57 0.000586 0.100342 -0.000319 -0.120035 -0.021926 -0.209617
    58 -0.161663 0.051712 0.194808 -2.941982 0.122408 -0.060194
    59 2.010092 -0.003202 -0.007284 0.000018 0.000013 0.954436
    60 0.000240 0.099802 -0.000395 -0.018823 0.010833 -0.239219
    61 -0.203197 0.048607 0.069150 -3.093332 0.033217 -0.046722
    62 1.180428 -0.006214 0.000780 -0.000014 0.000000 0.883234
    63 -0.000196 0.099625 -0.000034 0.000000 0.000000 -0.314102
    64 -0.088736 -0.688435 -0.145203 2.930407 -0.136130 0.513013
    65 1.712069 0.000578 0.003818 -0.000025 -0.000068 0.994882
    66 -0.000580 0.100145 -0.000311 -0.010912 0.023129 -0.260841
    67 -0.146030 -0.232426 -0.014225 3.028455 -0.094299 0.113020
    68 1.290632 0.000362 -0.000032 0.000000 0.000000 -0.238807
    69 -0.658121 -0.003575 0.072645 -0.142711 0.027792 -0.077299
    70 1.868080 -0.006956 0.006083 0.000003 -0.000021 0.223397
    71 1.200079 0.399944 -0.000093 0.009465 -0.016087 0.007127
    72 0.000591 0.100342 0.000319 0.120035 0.021926 -0.209617
    73 0.068077 0.002285 -0.080050 3.111376 -0.069366 -0.060847
    74 2.015780 -0.005083 0.006086 -0.000001 -0.000037 1.297769
    75 0.000229 0.099802 0.000395 0.018823 -0.010833 -0.239219
    76 -0.018673 -0.001009 0.047544 3.109244 0.002635 -0.106673
    77 1.178665 0.001595 0.000845 0.000000 0.000000 0.669112
    78 -0.000198 0.099628 0.000034 0.000000 0.000000 -0.314102
    79 0.036892 -0.634449 0.266284 -2.801062 0.174301 0.490914
    80 1.704350 -0.002506 -0.004592 -0.000034 -0.000037 1.003564
    81 -0.000576 0.100136 0.000311 0.010914 -0.023129 -0.260841
    82 -0.003952 -0.281811 0.115047 -3.059162 0.089004 0.167964
    83 1.289627 0.003949 0.000061 -0.000014 0.000003 -0.012541
    84 -0.171528 -0.018148 -0.099873 0.013484 -0.062184 -0.011780
    85 0.912716 0.007240 0.001326 0.000019 0.000021 0.583690
    86 -0.342617 0.053404 -0.025571 -2.909301 -0.017248 0.075276
    87 1.100231 -0.000930 -0.002434 -0.000015 0.000014 1.178054
    88 -0.384983 0.330998 0.006848 -3.087207 -0.018765 -0.184279
    89 0.678146 0.002286 -0.003905 -0.000018 -0.000019 0.683756
    90 -0.123848 0.072737 0.029507 2.898184 -0.060627 0.094834
    91 1.017166 -0.000154 -0.000252 -0.000023 -0.000014 0.671517
    92 -0.344986 0.123129 0.143151 2.994981 0.012396 0.059140
    93 -0.730988 0.177046 0.039141 -0.123731 0.076518 -0.084310
    94 0.925900 0.001298 -0.000896 -0.000002 0.000025 0.134156
    95 -0.124027 -0.052092 0.038496 3.077813 -0.008519 0.039229
    96 1.100430 -0.003552 0.000503 0.000030 0.000030 0.904180
    97 -0.330082 0.160641 0.042780 3.128073 0.034033 -0.171236
    98 0.675854 0.005438 0.003272 0.000014 0.000003 0.945929
    99 -0.019516 -0.016531 0.038578 -2.763781 0.050305 0.076828
    100 1.018891 0.001206 0.001121 -0.000018 0.000019 0.984583
    101 -0.155312 0.130643 -0.021921 -3.022466 0.022433 -0.024903
    102 -0.252209 0.061937 -0.024914 -0.007671 -0.063171 -0.044392
    103 -0.085991 0.185203 -0.015180 -2.937063 -0.113970 -0.138991
    104 -0.286537 0.179852 0.024264 -3.109353 -0.049645 -0.029915
    105 -0.019489 0.147084 0.079203 2.893815 0.038585 -0.060594
    106 -0.046482 0.251898 0.129548 3.016165 0.077112 -0.042864
    107 0.039120 -0.040298 0.047739 3.084219 0.030470 -0.037414
    108 -0.233757 0.066630 0.001754 -3.133086 0.040141 -0.065413
    109 0.044266 0.020128 0.001684 -2.778763 -0.118872 -0.040488
    110 0.071495 0.074127 -0.048302 -3.035917 -0.059482 0.104366
    111 0.000000 0.000000 0.000000 0.000000 0.000000 -1.570796
    112 15.687979 -3.703238 -2.738365 0.000857 -0.016482 0.018468
    113 -4.297006 7.902585 -1.011750 0.541324 -0.788805 -1.491286
    114 -1.541997 0.000000 1.809996 0.000000 0.000000 0.000000
    115 5.560989 0.000000 1.164998 0.000000 0.000000 0.000000
    116 1.770997 -0.313999 1.249997 0.000000 0.000000 -1.570817
    117 3.817992 0.000000 -0.014000 0.000000 0.000000 0.000000
    118 -0.469999 0.000000 -3.436993 0.000000 0.000000 0.000000
    119 -2.237996 0.000000 -3.187994 0.000000 0.000000 0.000000
    120 3.318993 0.000000 3.457993 0.000000 -0.159191 0.000000
    121 0.000000 0.000000 0.000000 0.000000 0.000000 0.000000
    122 0.532999 0.510999 -0.840998 0.000000 0.000000 0.000000
    123 0.000000 0.000000 0.000000 0.000000 0.000000 0.000000
    124 -0.106000 0.000000 64.320000 0.000000 0.000000 0.000000
    125 0.000000 0.000000 0.000000 0.000000 0.000000 0.000000
    126 0.000000 0.000000 0.000000 0.016371 0.001067 -0.006436
    127 25.499975 -3.548241 7.986859 0.000743 -0.016523 0.018423
    128 0.106000 0.000000 -64.320000 0.000000 0.000000 0.000000
    129 0.000000 0.000000 0.000000 0.000000 0.000000 0.000000
    130 0.000000 0.000000 -4.867002 -3.141592 0.000000 -3.128591
    131 0.000000 0.000000 4.867000 -3.141592 0.000000 -3.128591
    132 4.000000 -6.500000 0.000000 0.000000 0.000000 0.000977
    133 -6.500000 0.000000 0.000000 0.000000 1.570796 0.000000
    134 1.000088 -0.000029 0.000000 0.000000 0.000000 0.000000
    135 17.162516 -0.000404 0.000000 0.000000 0.000000 0.119214
    136 9.999891 -0.000303 0.000000 0.000000 0.000000 0.000000
    137 1.000088 -0.000029 0.000000 0.000000 0.000000 0.000000
    138 17.162516 -0.000404 0.000000 0.000000 0.000000 0.119214
    139 9.499836 0.000212 0.000000 0.000000 0.000000 0.000000
    140 0.000000 0.000000 0.000000 0.000000 0.000000 0.000000
    141 17.749374 0.295515 0.000000 0.000000 0.000000 -1.158958
    142 0.017889 0.299792 0.000000 0.000000 0.000000 -0.059582
    143 12.283573 1.581456 -4.696000 1.462269 -0.086726 0.090185
    144 17.749376 0.295515 0.000000 0.000000 0.000000 -1.158958
    145 0.017889 0.299792 0.000000 0.000000 0.000000 -0.059582
    146 13.354000 0.000000 0.000000 0.000000 0.000000 -0.294101
    147 4.530998 0.000000 0.000000 0.000000 0.000000 0.000000
    148 0.000000 0.000000 0.000000 0.000000 0.000000 0.000000
    149 5.413524 0.000347 0.000000 0.000000 0.000000 -0.518055
    150 5.413524 0.000347 0.000000 0.000000 0.000000 -0.518055
    151 4.662001 -5.366332 4.825191 1.569715 1.561305 -3.121216
    152 3.116966 -0.000443 0.000000 0.000000 0.000000 0.294101
    153 4.531197 0.000000 0.000000 0.000000 0.000000 0.000000
    154 -2.154195 0.003000 0.266281 0.000000 -0.078331 0.000000
    155 -5.658181 0.003000 0.015000 0.000000 0.000000 0.000000
    156 -16.141679 4.093875 -57.872176 -0.001293 0.016603 -0.018372
    157 -1.347396 0.005322 -0.976203 0.000000 0.305147 0.000000
    158 3.512001 -3.547000 -1.066000 0.000000 1.570796 0.000000
    159 3.456001 -3.517000 1.169000 0.000000 1.570796 0.000000
    160 6.233002 0.000000 0.000000 0.000000 0.000000 0.000000
    161 -0.171997 -0.106000 -0.902000 1.570713 1.029176 -3.134550
    162 6.241997 -6.380000 0.125004 -0.006436 -0.016371 -0.000959
    163 1.947000 -0.003000 -0.278000 0.000000 0.000000 0.000000
    164 -2.941000 -0.003000 0.381000 0.000000 0.000000 0.000000
    165 -2.941000 -0.003000 0.381000 0.000000 0.000000 0.000000
    166 -0.070000 -0.003000 0.481000 0.000000 0.000000 0.000000
    167 -0.002780 0.000000 0.017476 0.000000 -0.382474 0.000036
    168 3.999434 -0.000527 -0.000332 -0.670455 0.000024 -0.000072
    169 3.999901 0.000038 0.001011 0.248480 0.000000 0.000000
    170 1.598000 0.000000 0.000000 0.000000 0.000000 0.000000
    171 -1.145525 0.000130 0.000668 0.000000 0.000000 0.000000
    172 2.299679 -2.499979 -0.599480 0.891953 0.221501 -0.527302
    173 13.085169 -6.089965 9.140601 3.396132 -1.356248 -0.678447
    174 -9.580671 -27.862106 -37.184677 0.812879 -0.123459 -0.568477
    175 0.649933 -0.548295 0.093651 -1.665913 -0.131399 -0.112062
    176 0.657074 0.008402 0.040371 -1.665945 -0.131407 -0.000013
    177 0.665776 0.747221 -0.029190 -1.665935 -0.131408 0.094976
    178 2.300139 -2.499413 0.600159 -0.891994 -0.221488 -0.527253
    179 12.187820 1.068084 0.992054 1.811734 -0.001398 0.197555
    180 2.762350 0.116951 1.523975 1.629482 0.064153 1.743800
    181 7.228317 7.928197 -3.925652 2.328713 0.123459 -0.568477
    182 0.650394 -0.547730 -0.092979 1.665913 0.131399 -0.112062
    183 0.657069 0.008398 -0.040379 1.665945 0.131407 -0.000013
    184 0.665775 0.747221 0.029179 1.665935 0.131408 0.094976
    185 -4.481003 -0.202000 0.000000 0.000000 0.000000 0.000000
    186 -5.516998 -0.291000 -0.001000 0.000000 0.000000 0.000000
    187 -0.857700 0.104071 0.104683 0.023536 0.163924 0.013632
    188 1.899119 0.000423 -0.000439 0.027386 -0.033311 0.477848
    189 1.799661 -0.000233 0.000231 0.027386 -0.033311 0.477848
    190 1.799661 -0.000233 0.000231 0.027386 -0.033311 0.477848
    191 1.799661 -0.000233 0.000231 0.027386 -0.033311 0.477848
    192 1.900310 -0.000137 -0.000517 0.027386 -0.033311 0.477848
    193 1.899435 -0.000317 -0.000150 -0.027386 0.033311 0.477848
    194 1.799662 -0.000240 -0.000233 -0.027386 0.033311 0.477848
    195 1.799662 -0.000240 -0.000233 -0.027386 0.033311 0.477848
    196 1.799662 -0.000240 -0.000233 -0.027386 0.033311 0.477848
    197 1.900729 0.000553 -0.000072 -0.027386 0.033311 0.477848
    198 0.599884 0.400187 -0.000031 0.000000 0.000000 0.000000
    199 0.599886 0.400185 0.000034 0.000000 0.000000 -3.141592
    200 0.599503 0.400694 0.000234 0.000000 0.000000 0.000000
    201 0.600029 -0.000020 -0.000019 0.000000 0.000000 -3.141592
  time 20
    0 0.000000 0.000000 0.000000 0.000000 0.000000 -1.570796
    1 -0.106323 0.000000 -0.000198 0.000000 0.000000 0.000000
    2 0.000000 0.000000 0.000000 0.000000 0.000000 0.000000
    3 -0.904000 0.000000 -11.806000 0.000000 0.000000 0.000000
    4 0.000000 0.000000 -14.313999 0.000000 -1.570796 1.570857
    5 3.533001 0.000000 0.000000 0.000000 0.000000 0.000000
    6 6.250000 0.000000 0.000000 0.000000 0.000000 0.000000
    7 9.568951 -0.070290 -3.471411 -1.316230 1.034293 -1.348261
    8 9.562500 1.924805 1.815430 0.098301 -1.350314 -0.096174
    9 5.790726 0.002787 -0.000113 -0.920080 0.901723 -1.588380
    10 5.999492 -0.000592 -4.000343 0.000000 0.000000 0.000000
    11 5.791316 0.002582 0.004799 0.988468 -0.648158 -1.289922
    12 5.999492 -0.000592 4.000336 0.000000 0.000000 0.000000
    13 0.500225 0.000133 -0.000088 -0.043024 0.000000 0.000000
    14 11.534559 0.000348 -0.001312 -0.000053 0.000057 -1.109916
    15 -0.829338 0.893824 0.079659 -0.148839 0.047645 0.087266
    16 0.500225 0.000132 0.000076 -0.179866 0.000000 0.000000
    17 11.536401 0.000526 -0.000089 -0.000066 -0.000058 -1.642465
    18 -0.829586 0.894698 -0.079464 0.045377 -0.019621 0.087266
    19 10.599884 0.000105 -0.000553 -1.387370 0.000000 -0.000072
    20 0.201699 -0.318151 -0.000805 0.000048 -0.000073 0.554980
    21 11.042057 0.003717 0.004704 -0.712666 -0.373793 -1.122443
    22 -1.214832 0.203470 -0.477489 -0.135025 -0.078677 -0.001289
    23 10.599880 0.000105 0.000549 0.474686 -0.000060 0.000036
    24 0.529832 -0.501750 0.000801 0.000012 -0.000011 0.821246
    25 11.041742 0.003171 -0.000571 0.386142 0.180354 0.754590
    26 -1.063377 0.077663 0.150230 0.045121 0.020046 -0.012850
    27 0.610302 -0.939470 0.070343 -1.709652 -0.287753 -0.151958
    28 0.639940 -0.199121 0.060188 -1.668756 -0.274955 -0.052209
    29 0.600155 1.080261 -0.339535 -1.733674 0.002262 0.063881
    30 0.610207 0.400743 -0.010101 -1.765387 -0.191624 0.068603
    31 0.634715 -0.693997 -0.232343 0.235014 0.152877 -0.793645
    32 -0.792125 0.203736 0.461300 1.439074 -0.003453 -0.018305
    33 0.610300 -0.939469 -0.070351 1.655649 0.171910 -0.172859
    34 0.639937 -0.199121 -0.060200 1.671196 0.183117 -0.036785
    35 0.600157 1.080259 0.339531 1.741630 0.106906 0.153597
    36 0.610205 0.400743 0.010086 1.766570 0.125877 0.080228
    37 0.624002 -0.691393 0.232270 -0.746189 -0.519952 -0.873255
    38 -0.626031 -0.069983 -0.080517 -1.447153 0.086151 0.021559
    39 2.625284 -0.006439 -0.001438 0.032268 -0.408622 0.620617
    40 2.664743 0.000397 -0.000071 -0.354920 -0.175219 1.236594
    41 2.206394 0.003368 -0.006769 -0.343864 0.096345 1.464852
    42 0.599952 0.959240 -0.300102 -0.174544 0.000000 0.000000
    43 2.557190 -0.001967 0.002453 -0.201035 -0.001691 1.443787
    44 2.095024 -0.003873 -0.002193 -0.164975 0.441806 0.790903
    45 0.999380 -0.000236 -1.232808 -0.000001 0.000000 0.000000
    46 -0.122639 -0.721856 0.661690 -0.486644 0.223964 0.243056
    47 2.626019 -0.000648 0.002741 -0.178503 0.119225 0.003610
    48 2.657909 0.004589 -0.000533 0.322092 0.240126 1.085285
    49 2.200016 0.001663 0.000836 0.262942 -0.039538 1.072963
    50 0.599951 0.959244 0.300102 0.174544 0.000000 0.000000
    51 2.556570 -0.004291 0.000554 0.263767 0.129479 1.165880
    52 2.103851 0.005614 -0.001014 0.516582 -0.255077 0.598981
    53 0.999374 -0.000237 1.314834 0.000000 0.000000 -0.070601
    54 0.310846 -0.606445 -0.498005 0.308107 -0.197598 0.313976
    55 1.869163 -0.004741 -0.000994 0.000005 0.000004 0.795500
    56 1.200941 0.399582 -0.000237 -0.009465 0.016087 0.007127
    57 0.000586 0.100342 -0.000319 -0.120035 -0.021926 -0.209617
    58 -0.161663 0.051712 0.194808 -2.941982 0.122408 -0.060194
    59 2.010092 -0.003202 -0.003377 0.000018 0.000013 0.954436
    60 0.000240 0.099802 -0.000395 -0.018823 0.010833 -0.239219
    61 -0.203197 0.048607 0.069150 -3.093332 0.033217 -0.046722
    62 1.180428 -0.006214 0.000780 -0.000014 0.000012 0.883234
    63 -0.000196 0.099625 -0.000034 0.000000 0.000000 -0.314102
    64 -0.088736 -0.688435 -0.145203 2.930407 -0.136130 0.513013
    65 1.712069 0.000578 0.003818 -0.000025 -0.000068 0.994833
    66 -0.000580 0.100145 -0.000311 -0.010912 0.023129 -0.260841
    67 -0.146030 -0.232426 -0.014225 3.028455 -0.094299 0.113020
    68 1.290632 0.000362 -0.000032 0.000000 0.000000 -0.238807
    69 -0.658121 -0.003575 0.072645 -0.142711 0.027792 -0.077299
    70 1.868080 -0.003049 0.006083 0.000003 -0.000021 0.223397
    71 1.200079 0.399944 -0.000093 0.009465 -0.016087 0.007127
    72 0.000591 0.100342 0.000319 0.120035 0.021926 -0.209617
    73 0.068077 0.002285 -0.080050 3.111376 -0.069366 -0.060847
    74 2.015780 -0.005083 0.006086 -0.000001 -0.000037 1.297769
    75 0.000229 0.099802 0.000395 0.018823 -0.010833 -0.239219
    76 -0.018673 -0.001009 0.047544 3.109244 0.002635 -0.106673
    77 1.178665 0.001595 0.000845 0.000000 0.000000 0.669112
    78 -0.000198 0.099628 0.000034 0.000000 0.000000 -0.314102
    79 0.036892 -0.634449 0.266284 -2.801062 0.174301 0.490914
    80 1.708256 -0.002506 -0.004592 -0.000034 -0.000037 1.003564
    81 -0.000576 0.100136 0.000311 0.010914 -0.023129 -0.260841
    82 -0.003952 -0.281811 0.115047 -3.059162 0.089004 0.167964
    83 1.289627 0.003949 0.000061 -0.000014 -0.000045 -0.132270
    84 -0.171528 -0.018148 -0.099873 0.013484 -0.062184 -0.011780
    85 0.912716 0.007240 0.001326 0.000019 0.000021 0.583690
    86 -0.342617 0.053404 -0.025571 -2.909301 -0.017248 0.075276
    87 1.100231 -0.000930 -0.002434 -0.000015 0.000014 1.178054
    88 -0.384983 0.330998 0.006848 -3.087207 -0.018765 -0.184279
    89 0.678146 0.006192 0.000002 -0.000018 -0.000007 0.683756
    90 -0.123848 0.072737 0.029507 2.898184 -0.060627 0.094834
    91 1.017166 -0.000154 -0.000252 -0.000023 -0.000014 0.671517
    92 -0.344986 0.123129 0.143151 2.994981 0.012396 0.059140
    93 -0.730988 0.177046 0.039141 -0.123731 0.076518 -0.084310
    94 0.925900 0.001298 -0.000896 -0.000002 0.000013 0.134192
    95 -0.124027 -0.052092 0.038496 3.077813 -0.008519 0.039229
    96 1.100430 -0.007458 0.000503 0.000030 0.000030 0.904180
    97 -0.330082 0.160641 0.042780 3.128073 0.034033 -0.171236
    98 0.675854 0.005438 0.003272 0.000014 0.000015 0.945929
    99 -0.019516 -0.016531 0.038578 -2.763781 0.050305 0.076828
    100 1.018891 0.005113 0.001121 -0.000006 0.000019 0.984583
    101 -0.155312 0.130643 -0.021921 -3.022466 0.022433 -0.024903
    102 -0.252209 0.061937 -0.024914 -0.007671 -0.063171 -0.044392
    103 -0.085991 0.185203 -0.015180 -2.937063 -0.113970 -0.138991
    104 -0.286537 0.179852 0.024264 -3.109353 -0.049645 -0.029915
    105 -0.019489 0.147084 0.079203 2.893815 0.038585 -0.060594
    106 -0.046482 0.251898 0.129548 3.016165 0.077112 -0.042864
    107 0.039120 -0.040298 0.047739 3.084219 0.030470 -0.037414
    108 -0.233757 0.066630 0.001754 -3.133086 0.040141 -0.065413
    109 0.044266 0.020128 0.001684 -2.778763 -0.118872 -0.040488
    110 0.071495 0.074127 -0.048302 -3.035917 -0.059482 0.104366
    111 0.000000 0.000000 0.000000 0.000000 0.000000 -1.570796
    112 15.691885 -3.711051 -2.777429 -0.020852 -0.017324 0.017069
    113 -4.222785 7.902585 -1.058626 0.510281 -0.788069 -1.471044
    114 -1.541997 0.000000 1.809996 0.000000 0.000000 0.000000
    115 5.560989 0.000000 1.164998 0.000000 0.000000 0.000000
    116 1.770997 -0.313999 1.249997 0.000000 0.000000 -1.570817
    117 3.817992 0.000000 -0.014000 0.000000 0.000000 0.000000
    118 -0.469999 0.000000 -3.436993 0.000000 0.000000 0.000000
    119 -2.237996 0.000000 -3.187994 0.000000 0.000000 0.000000
    120 3.318993 0.000000 3.457993 0.000000 -0.159191 0.000000
    121 0.000000 0.000000 0.000000 0.000000 0.000000 0.000000
    122 0.532999 0.510999 -0.840998 0.000000 0.000000 0.000000
    123 0.000000 0.000000 0.000000 0.000000 0.000000 0.000000
    124 -0.106000 0.000000 64.320000 0.000000 0.000000 0.000000
    125 0.000000 0.000000 0.000000 0.000000 0.000000 0.000000
    126 0.000000 0.000000 0.000000 0.016719 0.001390 -0.007418
    127 25.503881 -3.591211 7.963421 -0.020776 -0.017365 0.017024
    128 0.106000 0.000000 -64.320000 0.000000 0.000000 0.000000
    129 0.000000 0.000000 0.000000 0.000000 0.000000 0.000000
    130 0.000000 0.000000 -4.867002 -3.141592 0.000000 -3.128591
    131 0.000000 0.000000 4.867000 -3.141592 0.000000 -3.128591
    132 4.000000 -6.500000 0.000000 0.000000 0.000000 0.000977
    133 -6.500000 0.000000 0.000000 0.000000 1.570796 0.000000
    134 1.000088 -0.000029 0.000000 0.000000 0.000000 0.000000
    135 17.162516 -0.000404 0.000000 0.000000 0.000000 0.119214
    136 9.999891 -0.000303 0.000000 0.000000 0.000000 0.000000
    137 1.000088 -0.000029 0.000000 0.000000 0.000000 0.000000
    138 17.162516 -0.000404 0.000000 0.000000 0.000000 0.119214
    139 9.499836 0.000212 0.000000 0.000000 0.000000 0.000000
    140 0.000000 0.000000 0.000000 0.000000 0.000000 0.000000
    141 17.749374 0.295515 0.000000 0.000000 0.000000 -1.158958
    142 0.017889 0.299792 0.000000 0.000000 0.000000 -0.059582
    143 12.283573 1.581456 -4.696000 1.462269 -0.086726 0.090185
    144 17.749376 0.295515 0.000000 0.000000 0.000000 -1.158958
    145 0.017889 0.299792 0.000000 0.000000 0.000000 -0.059582
    146 13.354000 0.000000 0.000000 0.000000 0.000000 -0.294101
    147 4.530998 0.000000 0.000000 0.000000 0.000000 0.000000
    148 0.000000 0.000000 0.000000 0.000000 0.000000 0.000000
    149 5.413524 0.000347 0.000000 0.000000 0.000000 -0.518055
    150 5.413524 0.000347 0.000000 0.000000 0.000000 -0.518055
    151 4.662001 -5.366332 4.825191 1.569715 1.561305 -3.121216
    152 3.116966 -0.000443 0.000000 0.000000 0.000000 0.294101
    153 4.531197 0.000000 0.000000 0.000000 0.000000 0.000000
    154 -2.158101 0.003000 0.266281 0.000000 -0.078319 0.000000
    155 -5.654274 0.003000 0.015000 0.000000 0.000000 0.000000
    156 -16.243245 5.414228 -57.715921 0.020253 0.018841 -0.017378
    157 -1.187235 0.005322 -0.476188 0.000000 0.305147 0.000000
    158 3.512001 -3.547000 -1.066000 0.000000 1.570796 0.000000
    159 3.456001 -3.517000 1.169000 0.000000 1.570796 0.000000
    160 6.233002 0.000000 0.000000 0.000000 0.000000 0.000000
    161 -0.171997 -0.106000 -0.902000 1.570713 1.029176 -3.134550
    162 6.238090 -6.380000 0.136723 -0.007418 -0.016719 -0.001258
    163 1.947000 -0.003000 -0.278000 0.000000 0.000000 0.000000
    164 -2.941000 -0.003000 0.381000 0.000000 0.000000 0.000000
    165 -2.941000 -0.003000 0.381000 0.000000 0.000000 0.000000
    166 -0.070000 -0.003000 0.481000 0.000000 0.000000 0.000000
    167 -0.002780 0.000000 0.017476 0.000000 -0.382462 0.000036
    168 3.999434 -0.000527 -0.000332 -0.693693 0.000000 0.000000
    169 3.999901 0.000038 0.001011 0.237384 0.000000 0.000000
    170 1.598000 0.000000 0.000000 0.000000 0.000000 0.000000
    171 -1.145525 0.000130 0.000668 0.000000 0.000000 0.000000
    172 2.299679 -2.499979 -0.599480 0.891953 0.221501 -0.527302
    173 12.608592 -5.867302 9.089818 3.396227 -1.356248 -0.678541
    174 -9.580671 -27.862106 -37.184677 0.812879 -0.123459 -0.568477
    175 0.649933 -0.548295 0.093651 -1.665913 -0.131399 -0.112062
    176 0.657074 0.008402 0.040371 -1.665945 -0.131407 -0.000013
    177 0.665776 0.747221 -0.029190 -1.665935 -0.131408 0.094976
    178 2.300139 -2.499413 0.600159 -0.892049 -0.221488 -0.527253
    179 12.187820 1.068084 0.992054 1.811734 -0.001398 0.197555
    180 2.762350 0.116951 1.523975 1.629482 0.064153 1.743800
    181 7.228317 7.928197 -3.925652 2.328713 0.123459 -0.568477
    182 0.650394 -0.547730 -0.092979 1.665913 0.131399 -0.112062
    183 0.657069 0.008398 -0.040379 1.665945 0.131407 -0.000013
    184 0.665775 0.747221 0.029179 1.665935 0.131408 0.094976
    185 -4.481003 -0.202000 0.000000 0.000000 0.000000 0.000000
    186 -5.516998 -0.291000 -0.001000 0.000000 0.000000 0.000000
    187 -0.857700 0.104071 0.104683 0.023536 0.163924 0.013632
    188 1.899119 0.000423 -0.000439 0.027386 -0.033311 0.477848
    189 1.799661 -0.000233 0.000231 0.027386 -0.033311 0.477848
    190 1.799661 -0.000233 0.000231 0.027386 -0.033311 0.477848
    191 1.799661 -0.000233 0.000231 0.027386 -0.033311 0.477848
    192 1.900310 -0.000137 -0.000517 0.027386 -0.033311 0.477848
    193 1.899435 -0.000317 -0.000150 -0.027386 0.033311 0.477848
    194 1.799662 -0.000240 -0.000233 -0.027386 0.033311 0.477848
    195 1.799662 -0.000240 -0.000233 -0.027386 0.033311 0.477848
    196 1.799662 -0.000240 -0.000233 -0.027386 0.033311 0.477848
    197 1.900729 0.000553 -0.000072 -0.027386 0.033311 0.477848
    198 0.599884 0.400187 -0.000031 0.000000 0.000000 0.000000
    199 0.599886 0.400185 0.000034 0.000000 0.000000 -3.141592
    200 0.599503 0.400694 0.000234 0.000000 0.000000 0.000000
    201 0.600029 -0.000020 -0.000019 0.000000 0.000000 -3.141592
  time 21
    0 0.000000 0.000000 0.000000 0.000000 0.000000 -1.570796
    1 -0.106323 0.000000 -0.000198 0.000000 0.000000 0.000000
    2 0.000000 0.000000 0.000000 0.000000 0.000000 0.000000
    3 -0.904000 0.000000 -11.806000 0.000000 0.000000 0.000000
    4 0.000000 0.000000 -14.313999 0.000000 -1.570796 1.570857
    5 3.533001 0.000000 0.000000 0.000000 0.000000 0.000000
    6 6.250000 0.000000 0.000000 0.000000 0.000000 0.000000
    7 9.568951 -0.070290 -3.471411 -1.326276 1.011576 -1.359862
    8 9.562500 1.924805 1.815430 0.098301 -1.350314 -0.096174
    9 5.790726 0.002787 -0.000113 -0.821682 0.841184 -1.488881
    10 5.999492 -0.000592 -4.000343 0.000000 0.000000 0.000000
    11 5.791316 0.002582 0.004799 0.987913 -0.650544 -1.289015
    12 5.999492 -0.000592 4.000336 0.000000 0.000000 0.000000
    13 0.500225 0.000133 -0.000088 -0.055887 0.000048 0.000048
    14 11.534559 0.000348 -0.001312 -0.000101 0.000021 -1.178053
    15 -0.829338 0.893824 0.079659 -0.148839 0.047645 0.087266
    16 0.500225 0.000132 0.000076 -0.179719 0.000000 0.000000
    17 11.536401 0.000526 -0.000089 -0.000090 -0.000058 -1.643059
    18 -0.829586 0.894698 -0.079464 0.045377 -0.019621 0.087266
    19 10.599884 0.000105 -0.000553 -1.383512 -0.000036 -0.000036
    20 0.221231 -0.329870 -0.000805 0.000000 0.000011 0.589102
    21 11.042057 -0.000189 0.000798 -0.749373 -0.456291 -1.034665
    22 -1.214832 0.203470 -0.477489 -0.135025 -0.078677 -0.001289
    23 10.599880 0.000105 0.000549 0.459861 0.000000 0.000048
    24 0.529832 -0.497844 0.000801 0.000036 -0.000023 0.821493
    25 11.041742 0.007077 -0.000571 0.374020 0.180553 0.750156
    26 -1.063377 0.077663 0.150230 0.045121 0.020046 -0.012850
    27 0.610302 -0.939470 0.070343 -1.709652 -0.287693 -0.151970
    28 0.639940 -0.199121 0.060188 -1.668756 -0.274895 -0.052209
    29 0.600155 1.080261 -0.339535 -1.733674 0.002250 0.063881
    30 0.610207 0.400743 -0.010101 -1.765387 -0.191564 0.068591
    31 0.634715 -0.693997 -0.236250 0.235014 0.152877 -0.793645
    32 -0.792125 0.203736 0.461300 1.439074 -0.003453 -0.018305
    33 0.610300 -0.939469 -0.070351 1.655649 0.171898 -0.172859
    34 0.639937 -0.199121 -0.060200 1.671196 0.183117 -0.036785
    35 0.600157 1.080259 0.339531 1.741577 0.106906 0.153597
    36 0.610205 0.400743 0.010086 1.766570 0.125877 0.080228
    37 0.624002 -0.695300 0.232270 -0.738657 -0.515969 -0.915734
    38 -0.626031 -0.069983 -0.080517 -1.447153 0.086151 0.021559
    39 2.625284 -0.002532 -0.001438 0.032268 -0.408634 0.620617
    40 2.664743 0.000397 -0.000071 -0.354920 -0.175219 1.236594
    41 2.206394 0.003368 -0.006769 -0.343864 0.096345 1.464852
    42 0.599952 0.959240 -0.300102 -0.174544 0.000000 0.000000
    43 2.557190 -0.001967 0.006359 -0.201035 -0.001691 1.443787
    44 2.095024 -0.003873 -0.006100 -0.164975 0.441763 0.790903
    45 0.999380 -0.000236 -1.232808 -0.000001 0.000000 0.000000
    46 -0.122639 -0.721856 0.661690 -0.486644 0.223964 0.243056
    47 2.626019 -0.000648 0.002741 -0.178503 0.119225 0.003610
    48 2.657909 0.004589 -0.000533 0.322092 0.240126 1.085285
    49 2.200016 0.001663 0.000836 0.262942 -0.039550 1.072963
    50 0.599951 0.959244 0.300102 0.174544 0.000000 0.000000
    51 2.556570 -0.000385 0.000554 0.263767 0.129479 1.165880
    52 2.103851 0.005614 -0.001014 0.514274 -0.239317 0.611929
    53 0.999374 -0.000237 1.291396 0.000000 0.000000 -0.070601
    54 0.310846 -0.606445 -0.498005 0.308107 -0.197598 0.313976
    55 1.869163 -0.004741 -0.004901 0.000005 0.000004 0.795500
    56 1.200941 0.399582 -0.000237 -0.009465 0.016087 0.007127
    57 0.000586 0.100342 -0.000319 -0.120035 -0.021926 -0.209617
    58 -0.161663 0.051712 0.194808 -2.941982 0.122408 -0.060194
    59 2.010092 -0.007109 -0.003377 0.000018 0.000013 0.954436
    60 0.000240 0.099802 -0.000395 -0.018823 0.010833 -0.239219
    61 -0.203197 0.048607 0.069150 -3.093332 0.033217 -0.046722
    62 1.180428 -0.006214 0.000780 -0.000014 0.000000 0.883234
    63 -0.000196 0.099625 -0.000034 0.000000 0.000000 -0.314102
    64 -0.088736 -0.688435 -0.145203 2.930407 -0.136130 0.513013
    65 1.712069 -0.003328 0.003818 -0.000025 -0.000068 0.994882
    66 -0.000580 0.100145 -0.000311 -0.010912 0.023129 -0.260841
    67 -0.146030 -0.232426 -0.014225 3.028455 -0.094299 0.113020
    68 1.290632 0.000362 -0.000032 0.000000 0.000000 -0.238807
    69 -0.658121 -0.003575 0.072645 -0.142711 0.027792 -0.077299
    70 1.871986 -0.003049 0.006083 0.000003 -0.000021 0.223397
    71 1.200079 0.399944 -0.000093 0.009465 -0.016087 0.007127
    72 0.000591 0.100342 0.000319 0.120035 0.021926 -0.209617
    73 0.068077 0.002285 -0.080050 3.111376 -0.069366 -0.060847
    74 2.015780 -0.005083 0.006086 -0.000001 -0.000037 1.297769
    75 0.000229 0.099802 0.000395 0.018823 -0.010833 -0.239219
    76 -0.018673 -0.001009 0.047544 3.109244 0.002635 -0.106673
    77 1.178665 0.001595 0.000845 0.000000 0.000000 0.669112
    78 -0.000198 0.099628 0.000034 0.000000 0.000000 -0.314102
    79 0.036892 -0.634449 0.266284 -2.801062 0.174301 0.490914
    80 1.708256 -0.002506 -0.004592 -0.000046 -0.000037 1.003564
    81 -0.000576 0.100136 0.000311 0.010914 -0.023129 -0.260841
    82 -0.003952 -0.281811 0.115047 -3.059162 0.089004 0.167964
    83 1.289627 0.003949 0.000061 -0.000014 0.000003 -0.232346
    84 -0.171528 -0.018148 -0.099873 0.013484 -0.062184 -0.011780
    85 0.912716 0.007240 0.001326 0.000019 0.000021 0.583652
    86 -0.342617 0.053404 -0.025571 -2.909301 -0.017248 0.075276
    87 1.100231 -0.000930 -0.002434 -0.000015 0.000014 1.178054
    88 -0.384983 0.330998 0.006848 -3.087207 -0.018765 -0.184279
    89 0.678146 0.006192 0.000002 -0.000018 -0.000019 0.683756
    90 -0.123848 0.072737 0.029507 2.898184 -0.060627 0.094834
    91 1.017166 -0.000154 -0.000252 -0.000023 -0.000002 0.671517
    92 -0.344986 0.123129 0.143151 2.994981 0.012396 0.059140
    93 -0.730988 0.177046 0.039141 -0.123731 0.076518 -0.084310
    94 0.925900 0.001298 -0.000896 -0.000002 0.000013 0.134192
    95 -0.124027 -0.052092 0.038496 3.077813 -0.008519 0.039229
    96 1.100430 -0.003552 0.000503 0.000030 0.000030 0.904180
    97 -0.330082 0.160641 0.042780 3.128073 0.034033 -0.171236
    98 0.675854 0.005438 0.003272 0.000014 0.000003 0.945929
    99 -0.019516 -0.016531 0.038578 -2.763781 0.050305 0.076828
    100 1.018891 0.005113 0.001121 -0.000018 0.000019 0.984583
    101 -0.155312 0.130643 -0.021921 -3.022466 0.022433 -0.024903
    102 -0.252209 0.061937 -0.024914 -0.007671 -0.063171 -0.044392
    103 -0.085991 0.185203 -0.015180 -2.937063 -0.113970 -0.138991
    104 -0.286537 0.179852 0.024264 -3.109353 -0.049645 -0.029915
    105 -0.019489 0.147084 0.079203 2.893815 0.038585 -0.060594
    106 -0.046482 0.251898 0.129548 3.016165 0.077112 -0.042864
    107 0.039120 -0.040298 0.047739 3.084219 0.030470 -0.037414
    108 -0.233757 0.066630 0.001754 -3.133086 0.040141 -0.065413
    109 0.044266 0.020128 0.001684 -2.778763 -0.118872 -0.040488
    110 0.071495 0.074127 -0.048302 -3.035917 -0.059482 0.104366
    111 0.000000 0.000000 0.000000 0.000000 0.000000 -1.570796
    112 15.680166 -3.699332 -2.812586 -0.031992 -0.019712 0.016696
    113 -4.179815 7.914304 -1.152379 0.494088 -0.789402 -1.460237
    114 -1.541997 0.000000 1.809996 0.000000 0.000000 0.000000
    115 5.560989 0.000000 1.164998 0.000000 0.000000 0.000000
    116 1.770997 -0.313999 1.249997 0.000000 0.000000 -1.570817
    117 3.817992 0.000000 -0.014000 0.000000 0.000000 0.000000
    118 -0.469999 0.000000 -3.436993 0.000000 0.000000 0.000000
    119 -2.237996 0.000000 -3.187994 0.000000 0.000000 0.000000
    120 3.318993 0.000000 3.457993 0.000000 -0.159191 0.000000
    121 0.000000 0.000000 0.000000 0.000000 0.000000 0.000000
    122 0.532999 0.510999 -0.840998 0.000000 0.000000 0.000000
    123 0.000000 0.000000 0.000000 0.000000 0.000000 0.000000
    124 -0.106000 0.000000 64.320000 0.000000 0.000000 0.000000
    125 0.000000 0.000000 0.000000 0.000000 0.000000 0.000000
    126 0.000000 0.000000 0.000000 0.016719 0.001198 -0.006687
    127 25.499975 -3.595117 7.955608 -0.032012 -0.019707 0.016744
    128 0.106000 0.000000 -64.320000 0.000000 0.000000 0.000000
    129 0.000000 0.000000 0.000000 0.000000 0.000000 0.000000
    130 0.000000 0.000000 -4.867002 -3.141592 0.000000 -3.128591
    131 0.000000 0.000000 4.867000 -3.141592 0.000000 -3.128591
    132 4.000000 -6.500000 0.000000 0.000000 0.000000 0.000977
    133 -6.500000 0.000000 0.000000 0.000000 1.570796 0.000000
    134 1.000088 -0.000029 0.000000 0.000000 0.000000 0.000000
    135 17.162516 -0.000404 0.000000 0.000000 0.000000 0.119214
    136 9.999891 -0.000303 0.000000 0.000000 0.000000 0.000000
    137 1.000088 -0.000029 0.000000 0.000000 0.000000 0.000000
    138 17.162516 -0.000404 0.000000 0.000000 0.000000 0.119214
    139 9.499836 0.000212 0.000000 0.000000 0.000000 0.000000
    140 0.000000 0.000000 0.000000 0.000000 0.000000 0.000000
    141 17.749374 0.295515 0.000000 0.000000 0.000000 -1.158958
    142 0.017889 0.299792 0.000000 0.000000 0.000000 -0.059582
    143 12.283573 1.581456 -4.696000 1.462269 -0.086726 0.090185
    144 17.749376 0.295515 0.000000 0.000000 0.000000 -1.158958
    145 0.017889 0.299792 0.000000 0.000000 0.000000 -0.059582
    146 13.354000 0.000000 0.000000 0.000000 0.000000 -0.294101
    147 4.530998 0.000000 0.000000 0.000000 0.000000 0.000000
    148 0.000000 0.000000 0.000000 0.000000 0.000000 0.000000
    149 5.413524 0.000347 0.000000 0.000000 0.000000 -0.518055
    150 5.413524 0.000347 0.000000 0.000000 0.000000 -0.518055
    151 4.662001 -5.366332 4.825191 1.569715 1.561305 -3.121216
    152 3.116966 -0.000443 0.000000 0.000000 0.000000 0.294101
    153 4.531197 0.000000 0.000000 0.000000 0.000000 0.000000
    154 -2.158101 0.003000 0.266281 0.000000 -0.078319 0.000000
    155 -5.658181 0.003000 0.015000 0.000000 0.000000 0.000000
    156 -16.368249 6.086123 -57.575292 0.031543 0.021026 -0.016480
    157 -0.777066 0.001416 0.816821 0.000000 0.305147 0.000000
    158 3.512001 -3.547000 -1.066000 0.000000 1.570796 0.000000
    159 3.456001 -3.517000 1.169000 0.000000 1.570796 0.000000
    160 6.233002 0.000000 0.000000 0.000000 0.000000 0.000000
    161 -0.171997 -0.106000 -0.902000 1.570713 1.029176 -3.134550
    162 6.234184 -6.380000 0.144536 -0.006687 -0.016719 -0.001103
    163 1.947000 -0.003000 -0.278000 0.000000 0.000000 0.000000
    164 -2.941000 -0.003000 0.381000 0.000000 0.000000 0.000000
    165 -2.941000 -0.003000 0.381000 0.000000 0.000000 0.000000
    166 -0.070000 -0.003000 0.481000 0.000000 0.000000 0.000000
    167 -0.002780 0.000000 0.017476 0.000000 -0.382462 0.000036
    168 3.999434 -0.000527 -0.000332 -0.691716 0.000036 -0.000012
    169 3.999901 0.000038 0.001011 0.229997 0.000000 0.000000
    170 1.598000 0.000000 0.000000 0.000000 0.000000 0.000000
    171 -1.145525 0.000130 0.000668 0.000000 0.000000 0.000000
    172 2.299679 -2.499979 -0.599480 0.891953 0.221513 -0.527302
    173 11.385899 -5.304785 8.960908 3.396323 -1.356206 -0.678635
    174 -9.580671 -27.862106 -37.184677 0.812879 -0.123459 -0.568477
    175 0.649933 -0.548295 0.093651 -1.665913 -0.131399 -0.112062
    176 0.657074 0.008402 0.040371 -1.665945 -0.131407 -0.000013
    177 0.665776 0.747221 -0.029190 -1.665935 -0.131408 0.094976
    178 2.300139 -2.499413 0.600159 -0.892049 -0.221488 -0.527253
    179 12.187820 1.068084 0.992054 1.811734 -0.001398 0.197532
    180 2.762350 0.116951 1.523975 1.629482 0.064153 1.743800
    181 7.228317 7.928197 -3.925652 2.328713 0.123459 -0.568477
    182 0.650394 -0.547730 -0.092979 1.665913 0.131399 -0.112062
    183 0.657069 0.008398 -0.040379 1.665945 0.131407 -0.000013
    184 0.665775 0.747221 0.029179 1.665935 0.131408 0.094976
    185 -4.481003 -0.202000 0.000000 0.000000 0.000000 0.000000
    186 -5.516998 -0.291000 -0.001000 0.000000 0.000000 0.000000
    187 -0.857700 0.104071 0.104683 0.023536 0.163924 0.013632
    188 1.899119 0.000423 -0.000439 0.027386 -0.033311 0.477848
    189 1.799661 -0.000233 0.000231 0.027386 -0.033311 0.477848
    190 1.799661 -0.000233 0.000231 0.027386 -0.033311 0.477848
    191 1.799661 -0.000233 0.000231 0.027386 -0.033311 0.477848
    192 1.900310 -0.000137 -0.000517 0.027386 -0.033311 0.477848
    193 1.899435 -0.000317 -0.000150 -0.027386 0.033311 0.477848
    194 1.799662 -0.000240 -0.000233 -0.027386 0.033311 0.477848
    195 1.799662 -0.000240 -0.000233 -0.027386 0.033311 0.477848
    196 1.799662 -0.000240 -0.000233 -0.027386 0.033311 0.477848
    197 1.900729 0.000553 -0.000072 -0.027386 0.033311 0.477848
    198 0.599884 0.400187 -0.000031 0.000000 0.000000 0.000000
    199 0.599886 0.400185 0.000034 0.000000 0.000000 -3.141592
    200 0.599503 0.400694 0.000234 0.000000 0.000000 0.000000
    201 0.600029 -0.000020 -0.000019 0.000000 0.000000 -3.141592
  time 22
    0 0.000000 0.000000 0.000000 0.000000 0.000000 -1.570796
    1 -0.106323 0.000000 -0.000198 0.000000 0.000000 0.000000
    2 0.000000 0.000000 0.000000 0.000000 0.000000 0.000000
    3 -0.904000 0.000000 -11.806000 0.000000 0.000000 0.000000
    4 0.000000 0.000000 -14.313999 0.000000 -1.570796 1.570857
    5 3.533001 0.000000 0.000000 0.000000 0.000000 0.000000
    6 6.250000 0.000000 0.000000 0.000000 0.000000 0.000000
    7 9.568951 -0.019507 -3.432347 -1.342748 0.969359 -1.379172
    8 9.562500 1.924805 1.815430 0.098301 -1.350314 -0.096174
    9 5.790726 0.002787 -0.000113 -0.660901 0.747118 -1.259670
    10 5.999492 -0.000592 -4.000343 0.000000 0.000000 0.000000
    11 5.791316 0.002582 0.004799 0.997982 -0.662807 -1.315499
    12 5.999492 -0.000592 4.000336 0.000000 0.000000 0.000000
    13 0.500225 0.000133 -0.000088 -0.062440 0.000012 0.000024
    14 11.534559 0.000348 -0.001312 -0.000017 0.000009 -1.354334
    15 -0.829338 0.893824 0.079659 -0.148839 0.047645 0.087266
    16 0.500225 0.000132 0.000076 -0.176178 0.000000 0.000000
    17 11.532495 0.004432 -0.000089 -0.000126 -0.000058 -1.643653
    18 -0.829586 0.894698 -0.079464 0.045377 -0.019621 0.087266
    19 10.599884 0.000105 -0.000553 -1.328745 0.000024 0.000048
    20 0.307171 -0.384559 -0.000805 0.000000 0.000011 0.677235
    21 11.042057 0.003717 0.004704 -0.888985 -0.532694 -0.787566
    22 -1.214832 0.203470 -0.477489 -0.135025 -0.078677 -0.001289
    23 10.599880 0.000105 0.000549 0.490064 0.000000 0.000000
    24 0.529832 -0.501750 0.000801 0.000048 -0.000035 0.821739
    25 11.041742 0.003171 -0.000571 0.409234 0.213812 0.749628
    26 -1.063377 0.077663 0.150230 0.045121 0.020046 -0.012850
    27 0.610302 -0.939470 0.070343 -1.709652 -0.287633 -0.151982
    28 0.639940 -0.199121 0.060188 -1.668756 -0.274835 -0.052221
    29 0.600155 1.080261 -0.339535 -1.733674 0.002250 0.063893
    30 0.610207 0.400743 -0.010101 -1.765387 -0.191517 0.068579
    31 0.634715 -0.693997 -0.236250 0.235014 0.152877 -0.793645
    32 -0.792125 0.203736 0.461300 1.439074 -0.003453 -0.018305
    33 0.610300 -0.939469 -0.070351 1.655649 0.171910 -0.172859
    34 0.639937 -0.199121 -0.060200 1.671196 0.183117 -0.036797
    35 0.600157 1.080259 0.339531 1.741577 0.106906 0.153585
    36 0.610205 0.400743 0.010086 1.766570 0.125877 0.080228
    37 0.624002 -0.691393 0.232270 -0.733026 -0.513023 -0.947014
    38 -0.626031 -0.069983 -0.080517 -1.447153 0.086151 0.021559
    39 2.621377 -0.006439 -0.001438 0.032268 -0.408634 0.620617
    40 2.660837 0.000397 -0.000071 -0.354934 -0.175219 1.236594
    41 2.206394 0.003368 -0.002863 -0.343852 0.096345 1.464852
    42 0.599952 0.959240 -0.300102 -0.174544 0.000000 0.000000
    43 2.553283 -0.005873 0.006359 -0.201035 -0.001691 1.443787
    44 2.095024 -0.003873 -0.006100 -0.164975 0.441763 0.790903
    45 0.999380 -0.000236 -1.232808 -0.000001 0.000000 0.000000
    46 -0.122639 -0.721856 0.661690 -0.486644 0.223964 0.243056
    47 2.622113 -0.000648 0.002741 -0.178490 0.119225 0.003610
    48 2.654002 0.004589 -0.000533 0.322092 0.240126 1.085285
    49 2.200016 0.001663 0.000836 0.262942 -0.039550 1.072963
    50 0.599951 0.959244 0.300102 0.174544 0.000000 0.000000
    51 2.556570 -0.004291 0.000554 0.263767 0.129479 1.165880
    52 2.103851 0.005614 -0.001014 0.512103 -0.224588 0.622535
    53 0.999374 -0.000237 1.271864 0.000000 0.000000 -0.070601
    54 0.310846 -0.606445 -0.498005 0.308107 -0.197598 0.313976
    55 1.869163 -0.004741 -0.000994 -0.000007 0.000004 0.795500
    56 1.200941 0.399582 -0.000237 -0.009465 0.016087 0.007127
    57 0.000586 0.100342 -0.000319 -0.120035 -0.021926 -0.209617
    58 -0.161663 0.051712 0.194808 -2.941982 0.122408 -0.060194
    59 2.010092 -0.003202 -0.003377 0.000018 0.000013 0.954436
    60 0.000240 0.099802 -0.000395 -0.018823 0.010833 -0.239219
    61 -0.203197 0.048607 0.069150 -3.093332 0.033217 -0.046722
    62 1.180428 -0.006214 0.000780 -0.000014 0.000000 0.883234
    63 -0.000196 0.099625 -0.000034 0.000000 0.000000 -0.314102
    64 -0.088736 -0.688435 -0.145203 2.930407 -0.136130 0.513013
    65 1.712069 0.000578 -0.000088 -0.000013 -0.000068 0.994882
    66 -0.000580 0.100145 -0.000311 -0.010912 0.023129 -0.260841
    67 -0.146030 -0.232426 -0.014225 3.028455 -0.094299 0.113020
    68 1.290632 0.000362 -0.000032 0.000000 0.000000 -0.238807
    69 -0.658121 -0.003575 0.072645 -0.142711 0.027792 -0.077299
    70 1.868080 -0.006956 0.006083 0.000003 -0.000021 0.223397
    71 1.200079 0.399944 -0.000093 0.009465 -0.016087 0.007127
    72 0.000591 0.100342 0.000319 0.120035 0.021926 -0.209617
    73 0.068077 0.002285 -0.080050 3.111376 -0.069366 -0.060847
    74 2.011874 -0.005083 0.006086 -0.000001 -0.000037 1.297769
    75 0.000229 0.099802 0.000395 0.018823 -0.010833 -0.239219
    76 -0.018673 -0.001009 0.047544 3.109244 0.002635 -0.106673
    77 1.178665 0.001595 0.000845 0.000000 0.000000 0.669112
    78 -0.000198 0.099628 0.000034 0.000000 0.000000 -0.314102
    79 0.036892 -0.634449 0.266284 -2.801062 0.174301 0.490914
    80 1.704350 -0.002506 -0.004592 -0.000034 -0.000037 1.003564
    81 -0.000576 0.100136 0.000311 0.010914 -0.023129 -0.260841
    82 -0.003952 -0.281811 0.115047 -3.059162 0.089004 0.167964
    83 1.289627 0.007855 0.000061 -0.000014 0.000003 -0.301072
    84 -0.171528 -0.018148 -0.099873 0.013484 -0.062184 -0.011780
    85 0.912716 0.007240 0.001326 0.000019 0.000021 0.583652
    86 -0.342617 0.053404 -0.025571 -2.909301 -0.017248 0.075276
    87 1.100231 -0.000930 -0.002434 -0.000003 0.000014 1.178054
    88 -0.384983 0.330998 0.006848 -3.087207 -0.018765 -0.184279
    89 0.678146 0.006192 0.000002 -0.000018 -0.000019 0.683756
    90 -0.123848 0.072737 0.029507 2.898184 -0.060627 0.094834
    91 1.017166 -0.000154 -0.000252 -0.000023 -0.000014 0.671441
    92 -0.344986 0.123129 0.143151 2.994981 0.012396 0.059140
    93 -0.730988 0.177046 0.039141 -0.123731 0.076518 -0.084310
    94 0.925900 0.001298 -0.000896 -0.000002 0.000013 0.134192
    95 -0.124027 -0.052092 0.038496 3.077813 -0.008519 0.039229
    96 1.100430 -0.003552 0.000503 0.000030 0.000030 0.904180
    97 -0.330082 0.160641 0.042780 3.128073 0.034033 -0.171236
    98 0.675854 0.005438 0.003272 0.000014 0.000003 0.945929
    99 -0.019516 -0.016531 0.038578 -2.763781 0.050305 0.076828
    100 1.018891 0.001206 0.001121 -0.000018 0.000019 0.984583
    101 -0.155312 0.130643 -0.021921 -3.022466 0.022433 -0.024903
    102 -0.252209 0.061937 -0.024914 -0.007671 -0.063171 -0.044392
    103 -0.085991 0.185203 -0.015180 -2.937063 -0.113970 -0.138991
    104 -0.286537 0.179852 0.024264 -3.109353 -0.049645 -0.029915
    105 -0.019489 0.147084 0.079203 2.893815 0.038585 -0.060594
    106 -0.046482 0.251898 0.129548 3.016165 0.077112 -0.042864
    107 0.039120 -0.040298 0.047739 3.084219 0.030470 -0.037414
    108 -0.233757 0.066630 0.001754 -3.133086 0.040141 -0.065413
    109 0.044266 0.020128 0.001684 -2.778763 -0.118872 -0.040488
    110 0.071495 0.074127 -0.048302 -3.035917 -0.059482 0.104366
    111 0.000000 0.000000 0.000000 0.000000 0.000000 -1.570796
    112 15.629383 -3.554796 -2.910245 0.019614 -0.024722 0.015297
    113 -4.117313 7.976806 -1.375042 0.567501 -0.797998 -1.512729
    114 -1.541997 0.000000 1.809996 0.000000 0.000000 0.000000
    115 5.560989 0.000000 1.164998 0.000000 0.000000 0.000000
    116 1.770997 -0.313999 1.249997 0.000000 0.000000 -1.570817
    117 3.817992 0.000000 -0.014000 0.000000 0.000000 0.000000
    118 -0.469999 0.000000 -3.436993 0.000000 0.000000 0.000000
    119 -2.237996 0.000000 -3.187994 0.000000 0.000000 0.000000
    120 3.318993 0.000000 3.457993 0.000000 -0.159191 0.000000
    121 0.000000 0.000000 0.000000 0.000000 0.000000 0.000000
    122 0.532999 0.510999 -0.840998 0.000000 0.000000 0.000000
    123 0.000000 0.000000 0.000000 0.000000 0.000000 0.000000
    124 -0.106000 0.000000 64.320000 0.000000 0.000000 0.000000
    125 0.000000 0.000000 0.000000 0.000000 0.000000 0.000000
    126 0.000000 0.000000 0.000000 0.005956 0.005980 -0.004183
    127 25.445286 -3.403705 7.893106 0.019596 -0.024716 0.015345
    128 0.106000 0.000000 -64.320000 0.000000 0.000000 0.000000
    129 0.000000 0.000000 0.000000 0.000000 0.000000 0.000000
    130 0.000000 0.000000 -4.867002 -3.141592 0.000000 -3.128591
    131 0.000000 0.000000 4.867000 -3.141592 0.000000 -3.128591
    132 4.000000 -6.500000 0.000000 0.000000 0.000000 0.000977
    133 -6.500000 0.000000 0.000000 0.000000 1.570796 0.000000
    134 1.000088 -0.000029 0.000000 0.000000 0.000000 0.000000
    135 17.162516 -0.000404 0.000000 0.000000 0.000000 0.119214
    136 9.999891 -0.000303 0.000000 0.000000 0.000000 0.000000
    137 1.000088 -0.000029 0.000000 0.000000 0.000000 0.000000
    138 17.162516 -0.000404 0.000000 0.000000 0.000000 0.119214
    139 9.499836 0.000212 0.000000 0.000000 0.000000 0.000000
    140 0.000000 0.000000 0.000000 0.000000 0.000000 0.000000
    141 17.749374 0.295515 0.000000 0.000000 0.000000 -1.158958
    142 0.017889 0.299792 0.000000 0.000000 0.000000 -0.059582
    143 12.283573 1.581456 -4.696000 1.462269 -0.086726 0.090185
    144 17.749376 0.295515 0.000000 0.000000 0.000000 -1.158958
    145 0.017889 0.299792 0.000000 0.000000 0.000000 -0.059582
    146 13.354000 0.000000 0.000000 0.000000 0.000000 -0.294101
    147 4.530998 0.000000 0.000000 0.000000 0.000000 0.000000
    148 0.000000 0.000000 0.000000 0.000000 0.000000 0.000000
    149 5.413524 0.000347 0.000000 0.000000 0.000000 -0.518055
    150 5.413524 0.000347 0.000000 0.000000 0.000000 -0.518055
    151 4.662001 -5.366332 4.825191 1.569715 1.561305 -3.121216
    152 3.116966 -0.000443 0.000000 0.000000 0.000000 0.294101
    153 4.531197 0.000000 0.000000 0.000000 0.000000 0.000000
    154 -2.154195 0.003000 0.266281 0.000000 -0.078319 0.000000
    155 -5.654274 0.003000 0.015000 0.000000 0.000000 0.000000
    156 -16.606537 2.746178 -57.629981 -0.020253 0.024633 -0.015807
    157 -0.027043 0.001416 3.199706 0.000000 0.305147 0.000000
    158 3.512001 -3.547000 -1.066000 0.000000 1.570796 0.000000
    159 3.456001 -3.517000 1.169000 0.000000 1.570796 0.000000
    160 6.233002 0.000000 0.000000 0.000000 0.000000 0.000000
    161 -0.171997 -0.106000 -0.902000 1.570713 1.029176 -3.134550
    162 6.206839 -6.411251 0.062502 -0.004183 -0.005980 -0.005956
    163 1.947000 -0.003000 -0.278000 0.000000 0.000000 0.000000
    164 -2.941000 -0.003000 0.381000 0.000000 0.000000 0.000000
    165 -2.941000 -0.003000 0.381000 0.000000 0.000000 0.000000
    166 -0.070000 -0.003000 0.481000 0.000000 0.000000 0.000000
    167 -0.002780 0.000000 0.017476 0.000000 -0.382462 0.000024
    168 3.999434 -0.000527 -0.000332 -0.664393 0.000000 0.000000
    169 3.999901 0.000038 0.001011 0.245009 0.000000 0.000000
    170 1.598000 0.000000 0.000000 0.000000 0.000000 0.000000
    171 -1.145525 0.000130 0.000668 0.000000 0.000000 0.000000
    172 2.299679 -2.499979 -0.599480 0.891953 0.221513 -0.527302
    173 9.139736 -4.253972 8.714807 3.396418 -1.356206 -0.678823
    174 -9.580671 -27.862106 -37.184677 0.812879 -0.123459 -0.568477
    175 0.649933 -0.548295 0.093651 -1.665913 -0.131399 -0.112062
    176 0.657074 0.008402 0.040371 -1.665945 -0.131407 -0.000013
    177 0.665776 0.747221 -0.029190 -1.665935 -0.131408 0.094976
    178 2.300139 -2.499413 0.600159 -0.892049 -0.221488 -0.527253
    179 12.187820 1.068084 0.992054 1.811734 -0.001386 0.197555
    180 2.762350 0.116951 1.523975 1.629482 0.064153 1.743800
    181 7.228317 7.928197 -3.925652 2.328713 0.123459 -0.568477
    182 0.650394 -0.547730 -0.092979 1.665913 0.131399 -0.112062
    183 0.657069 0.008398 -0.040379 1.665945 0.131407 -0.000013
    184 0.665775 0.747221 0.029179 1.665935 0.131408 0.094976
    185 -4.481003 -0.202000 0.000000 0.000000 0.000000 0.000000
    186 -5.516998 -0.291000 -0.001000 0.000000 0.000000 0.000000
    187 -0.857700 0.104071 0.104683 0.023536 0.163924 0.013632
    188 1.899119 0.000423 -0.000439 0.027386 -0.033311 0.477848
    189 1.799661 -0.000233 0.000231 0.027386 -0.033311 0.477848
    190 1.799661 -0.000233 0.000231 0.027386 -0.033311 0.477848
    191 1.799661 -0.000233 0.000231 0.027386 -0.033311 0.477848
    192 1.900310 -0.000137 -0.000517 0.027386 -0.033311 0.477848
    193 1.899435 -0.000317 -0.000150 -0.027386 0.033311 0.477848
    194 1.799662 -0.000240 -0.000233 -0.027386 0.033311 0.477848
    195 1.799662 -0.000240 -0.000233 -0.027386 0.033311 0.477848
    196 1.799662 -0.000240 -0.000233 -0.027386 0.033311 0.477848
    197 1.900729 0.000553 -0.000072 -0.027386 0.033311 0.477848
    198 0.599884 0.400187 -0.000031 0.000000 0.000000 0.000000
    199 0.599886 0.400185 0.000034 0.000000 0.000000 -3.141592
    200 0.599503 0.400694 0.000234 0.000000 0.000000 0.000000
    201 0.600029 -0.000020 -0.000019 0.000000 0.000000 -3.141592
  time 23
    0 0.000000 0.000000 0.000000 0.000000 0.000000 -1.570796
    1 -0.106323 0.000000 -0.000198 0.000000 0.000000 0.000000
    2 0.000000 0.000000 0.000000 0.000000 0.000000 0.000000
    3 -0.904000 0.000000 -11.806000 0.000000 0.000000 0.000000
    4 0.000000 0.000000 -14.313999 0.000000 -1.570796 1.570857
    5 3.533001 0.000000 0.000000 0.000000 0.000000 0.000000
    6 6.250000 0.000000 0.000000 0.000000 0.000000 0.000000
    7 9.568951 0.105497 -3.315156 -1.350356 0.946498 -1.388678
    8 9.562500 1.924805 1.815430 0.098301 -1.350314 -0.096174
    9 5.790726 0.006694 -0.000113 -0.554765 0.783639 -1.083069
    10 5.999492 -0.000592 -4.000343 0.000000 0.000000 0.000000
    11 5.791316 0.002582 0.004799 1.011460 -0.690724 -1.352595
    12 5.999492 -0.000592 4.000336 0.000000 0.000000 0.000000
    13 0.500225 0.000133 -0.000088 -0.068968 0.000000 0.000000
    14 11.534559 0.000348 -0.001312 -0.000065 0.000057 -1.470373
    15 -0.829338 0.893824 0.079659 -0.148839 0.047645 0.087266
    16 0.500225 0.000132 0.000076 -0.169021 0.000000 0.000000
    17 11.536401 0.000526 -0.000089 0.000090 -0.000010 -1.653334
    18 -0.829586 0.894698 -0.079464 0.045377 -0.019621 0.087266
    19 10.599884 0.000105 -0.000553 -1.261901 -0.000048 0.000036
    20 0.397017 -0.443155 -0.000805 0.000000 0.000011 0.735176
    21 11.042057 0.003717 0.004704 -0.938460 -0.455737 -0.687806
    22 -1.214832 0.203470 -0.477489 -0.135025 -0.078677 -0.001289
    23 10.599880 0.000105 0.000549 0.558251 0.000000 0.000000
    24 0.529832 -0.505657 0.000801 0.000000 -0.000011 0.826691
    25 11.041742 0.003171 -0.000571 0.498295 0.282492 0.746883
    26 -1.063377 0.077663 0.150230 0.045121 0.020046 -0.012850
    27 0.610302 -0.939470 0.070343 -1.709551 -0.287573 -0.151994
    28 0.639940 -0.199121 0.060188 -1.668705 -0.274775 -0.052233
    29 0.600155 1.080261 -0.339535 -1.733621 0.002238 0.063893
    30 0.610207 0.400743 -0.010101 -1.765387 -0.191457 0.068555
    31 0.634715 -0.693997 -0.236250 0.235014 0.152877 -0.793645
    32 -0.792125 0.203736 0.461300 1.439074 -0.003453 -0.018305
    33 0.610300 -0.939469 -0.070351 1.655649 0.171898 -0.172859
    34 0.639937 -0.199121 -0.060200 1.671196 0.183117 -0.036797
    35 0.600157 1.080259 0.339531 1.741577 0.106906 0.153585
    36 0.610205 0.400743 0.010086 1.766570 0.125877 0.080216
    37 0.624002 -0.691393 0.236176 -0.730854 -0.511768 -0.959687
    38 -0.626031 -0.069983 -0.080517 -1.447153 0.086151 0.021559
    39 2.625284 -0.006439 -0.001438 0.032268 -0.408634 0.620617
    40 2.664743 0.000397 -0.000071 -0.354934 -0.175219 1.236594
    41 2.206394 0.003368 -0.006769 -0.343840 0.096345 1.464852
    42 0.599952 0.959240 -0.300102 -0.174544 0.000000 0.000000
    43 2.557190 -0.005873 0.006359 -0.201035 -0.001679 1.443787
    44 2.095024 -0.003873 -0.006100 -0.164975 0.441763 0.790903
    45 0.999380 -0.000236 -1.232808 -0.000001 0.000000 0.000000
    46 -0.122639 -0.721856 0.661690 -0.486644 0.223964 0.243056
    47 2.622113 -0.000648 0.002741 -0.178490 0.119225 0.003610
    48 2.657909 0.004589 -0.000533 0.322092 0.240126 1.085285
    49 2.200016 0.001663 0.004743 0.262942 -0.039562 1.072963
    50 0.599951 0.959244 0.300102 0.174544 0.000000 0.000000
    51 2.556570 -0.004291 0.000554 0.263767 0.129479 1.165880
    52 2.103851 0.005614 -0.001014 0.510111 -0.209835 0.633035
    53 0.999374 -0.000237 1.248426 0.000000 0.000000 -0.070601
    54 0.310846 -0.606445 -0.498005 0.308107 -0.197598 0.313976
    55 1.869163 -0.004741 -0.000994 -0.000007 0.000004 0.795541
    56 1.200941 0.399582 -0.000237 -0.009465 0.016087 0.007127
    57 0.000586 0.100342 -0.000319 -0.120035 -0.021926 -0.209617
    58 -0.161663 0.051712 0.194808 -2.941982 0.122408 -0.060194
    59 2.010092 -0.007109 -0.007284 0.000018 0.000013 0.954388
    60 0.000240 0.099802 -0.000395 -0.018823 0.010833 -0.239219
    61 -0.203197 0.048607 0.069150 -3.093332 0.033217 -0.046722
    62 1.180428 -0.006214 0.000780 -0.000014 0.000024 0.883234
    63 -0.000196 0.099625 -0.000034 0.000000 0.000000 -0.314102
    64 -0.088736 -0.688435 -0.145203 2.930407 -0.136130 0.513013
    65 1.715976 -0.003328 0.003818 -0.000013 -0.000068 0.994882
    66 -0.000580 0.100145 -0.000311 -0.010912 0.023129 -0.260841
    67 -0.146030 -0.232426 -0.014225 3.028455 -0.094299 0.113020
    68 1.290632 0.000362 -0.000032 0.000000 0.000000 -0.238807
    69 -0.658121 -0.003575 0.072645 -0.142711 0.027792 -0.077299
    70 1.868080 -0.003049 0.006083 0.000003 -0.000021 0.223397
    71 1.200079 0.399944 -0.000093 0.009465 -0.016087 0.007127
    72 0.000591 0.100342 0.000319 0.120035 0.021926 -0.209617
    73 0.068077 0.002285 -0.080050 3.111376 -0.069366 -0.060847
    74 2.011874 -0.005083 0.006086 -0.000001 -0.000037 1.297769
    75 0.000229 0.099802 0.000395 0.018823 -0.010833 -0.239219
    76 -0.018673 -0.001009 0.047544 3.109244 0.002635 -0.106673
    77 1.178665 0.001595 0.000845 0.000000 0.000000 0.669112
    78 -0.000198 0.099628 0.000034 0.000000 0.000000 -0.314102
    79 0.036892 -0.634449 0.266284 -2.801062 0.174301 0.490914
    80 1.708256 -0.002506 -0.000686 -0.000034 -0.000037 1.003564
    81 -0.000576 0.100136 0.000311 0.010914 -0.023129 -0.260841
    82 -0.003952 -0.281811 0.115047 -3.059162 0.089004 0.167964
    83 1.289627 0.003949 0.000061 -0.000014 0.000003 -0.326544
    84 -0.171528 -0.018148 -0.099873 0.013484 -0.062184 -0.011780
    85 0.912716 0.007240 0.001326 0.000019 0.000021 0.583652
    86 -0.342617 0.053404 -0.025571 -2.909301 -0.017248 0.075276
    87 1.100231 -0.000930 -0.002434 -0.000003 0.000014 1.178054
    88 -0.384983 0.330998 0.006848 -3.087207 -0.018765 -0.184279
    89 0.678146 0.006192 0.000002 -0.000018 -0.000019 0.683756
    90 -0.123848 0.072737 0.029507 2.898184 -0.060627 0.094834
    91 1.017166 -0.000154 -0.000252 -0.000011 -0.000014 0.671441
    92 -0.344986 0.123129 0.143151 2.994981 0.012396 0.059140
    93 -0.730988 0.177046 0.039141 -0.123731 0.076518 -0.084310
    94 0.925900 0.001298 -0.000896 -0.000002 0.000013 0.134192
    95 -0.124027 -0.052092 0.038496 3.077813 -0.008519 0.039229
    96 1.100430 -0.003552 0.000503 0.000030 0.000030 0.904180
    97 -0.330082 0.160641 0.042780 3.128073 0.034033 -0.171236
    98 0.675854 0.005438 0.003272 0.000014 0.000003 0.945929
    99 -0.019516 -0.016531 0.038578 -2.763781 0.050305 0.076828
    100 1.018891 0.005113 0.001121 -0.000018 0.000019 0.984583
    101 -0.155312 0.130643 -0.021921 -3.022466 0.022433 -0.024903
    102 -0.252209 0.061937 -0.024914 -0.007671 -0.063171 -0.044392
    103 -0.085991 0.185203 -0.015180 -2.937063 -0.113970 -0.138991
    104 -0.286537 0.179852 0.024264 -3.109353 -0.049645 -0.029915
    105 -0.019489 0.147084 0.079203 2.893815 0.038585 -0.060594
    106 -0.046482 0.251898 0.129548 3.016165 0.077112 -0.042864
    107 0.039120 -0.040298 0.047739 3.084219 0.030470 -0.037414
    108 -0.233757 0.066630 0.001754 -3.133086 0.040141 -0.065413
    109 0.044266 0.020128 0.001684 -2.778763 -0.118872 -0.040488
    110 0.071495 0.074127 -0.048302 -3.035917 -0.059482 0.104366
    111 0.000000 0.000000 0.000000 0.000000 0.000000 -1.570796
    112 15.449690 -3.500107 -3.089938 0.138727 -0.040595 0.007182
    113 -4.117313 8.179937 -1.968810 0.739412 -0.811787 -1.640871
    114 -1.541997 0.000000 1.809996 0.000000 0.000000 0.000000
    115 5.560989 0.000000 1.164998 0.000000 0.000000 0.000000
    116 1.770997 -0.313999 1.249997 0.000000 0.000000 -1.570817
    117 3.817992 0.000000 -0.014000 0.000000 0.000000 0.000000
    118 -0.469999 0.000000 -3.436993 0.000000 0.000000 0.000000
    119 -2.237996 0.000000 -3.187994 0.000000 0.000000 0.000000
    120 3.318993 0.000000 3.457993 0.000000 -0.159179 0.000000
    121 0.000000 0.000000 0.000000 0.000000 0.000000 0.000000
    122 0.532999 0.510999 -0.840998 0.000000 0.000000 0.000000
    123 0.000000 0.000000 0.000000 0.000000 0.000000 0.000000
    124 -0.106000 0.000000 64.320000 0.000000 0.000000 0.000000
    125 0.000000 0.000000 0.000000 0.000000 0.000000 0.000000
    126 0.000000 0.000000 0.000000 0.018109 0.010870 -0.002577
    127 25.285125 -3.274795 7.869668 0.138618 -0.040636 0.007230
    128 0.106000 0.000000 -64.320000 0.000000 0.000000 0.000000
    129 0.000000 0.000000 0.000000 0.000000 0.000000 0.000000
    130 0.000000 0.000000 -4.867002 -3.141592 0.000000 -3.128591
    131 0.000000 0.000000 4.867000 -3.141592 0.000000 -3.128591
    132 4.000000 -6.500000 0.000000 0.000000 0.000000 0.000977
    133 -6.500000 0.000000 0.000000 0.000000 1.570796 0.000000
    134 1.000088 -0.000029 0.000000 0.000000 0.000000 0.000000
    135 17.162516 -0.000404 0.000000 0.000000 0.000000 0.119214
    136 9.999891 -0.000303 0.000000 0.000000 0.000000 0.000000
    137 1.000088 -0.000029 0.000000 0.000000 0.000000 0.000000
    138 17.162516 -0.000404 0.000000 0.000000 0.000000 0.119214
    139 9.499836 0.000212 0.000000 0.000000 0.000000 0.000000
    140 0.000000 0.000000 0.000000 0.000000 0.000000 0.000000
    141 17.749374 0.295515 0.000000 0.000000 0.000000 -1.158958
    142 0.017889 0.299792 0.000000 0.000000 0.000000 -0.059582
    143 12.283573 1.581456 -4.696000 1.462269 -0.086726 0.090185
    144 17.749376 0.295515 0.000000 0.000000 0.000000 -1.158958
    145 0.017889 0.299792 0.000000 0.000000 0.000000 -0.059582
    146 13.354000 0.000000 0.000000 0.000000 0.000000 -0.294101
    147 4.530998 0.000000 0.000000 0.000000 0.000000 0.000000
    148 0.000000 0.000000 0.000000 0.000000 0.000000 0.000000
    149 5.413524 0.000347 0.000000 0.000000 0.000000 -0.518055
    150 5.413524 0.000347 0.000000 0.000000 0.000000 -0.518055
    151 4.662001 -5.366332 4.825191 1.569715 1.561305 -3.121216
    152 3.116966 -0.000443 0.000000 0.000000 0.000000 0.294101
    153 4.531197 0.000000 0.000000 0.000000 0.000000 0.000000
    154 -2.154195 0.003000 0.266281 0.000000 -0.078319 0.000000
    155 -5.658181 0.003000 0.015000 0.000000 0.000000 0.000000
    156 -17.415156 -4.632954 -57.044026 -0.139185 0.039482 -0.012697
    157 -0.030950 0.001416 3.199706 0.000000 0.305147 0.000000
    158 3.512001 -3.547000 -1.066000 0.000000 1.570796 0.000000
    159 3.456001 -3.517000 1.169000 0.000000 1.570796 0.000000
    160 6.233002 0.000000 0.000000 0.000000 0.000000 0.000000
    161 -0.171997 -0.106000 -0.902000 1.570713 1.029176 -3.134550
    162 6.175588 -6.442502 0.125004 -0.002577 -0.018133 -0.010822
    163 1.947000 -0.003000 -0.278000 0.000000 0.000000 0.000000
    164 -2.941000 -0.003000 0.381000 0.000000 0.000000 0.000000
    165 -2.941000 -0.003000 0.381000 0.000000 0.000000 0.000000
    166 -0.070000 -0.003000 0.481000 0.000000 0.000000 0.000000
    167 -0.002780 0.000000 0.017476 0.000000 -0.382462 0.000024
    168 3.999434 -0.000527 -0.000332 -0.630877 0.000000 0.000000
    169 3.999901 0.000038 0.001011 0.279128 -0.000048 0.000000
    170 1.598000 0.000000 0.000000 0.000000 0.000000 0.000000
    171 -1.145525 0.000130 0.000668 0.000000 0.000000 0.000000
    172 2.299679 -2.499979 -0.599480 0.891953 0.221513 -0.527302
    173 9.139736 -4.253972 8.714807 3.396513 -1.356206 -0.678917
    174 -9.580671 -27.862106 -37.184677 0.812879 -0.123459 -0.568477
    175 0.649933 -0.548295 0.093651 -1.665913 -0.131399 -0.112062
    176 0.657074 0.008402 0.040371 -1.665945 -0.131407 -0.000013
    177 0.665776 0.747221 -0.029190 -1.665935 -0.131408 0.094976
    178 2.300139 -2.499413 0.600159 -0.892049 -0.221500 -0.527253
    179 12.187820 1.068084 0.992054 1.811734 -0.001386 0.197532
    180 2.762350 0.116951 1.523975 1.629482 0.064153 1.743800
    181 7.228317 7.928197 -3.925652 2.328713 0.123459 -0.568477
    182 0.650394 -0.547730 -0.092979 1.665913 0.131399 -0.112062
    183 0.657069 0.008398 -0.040379 1.665945 0.131407 -0.000013
    184 0.665775 0.747221 0.029179 1.665935 0.131408 0.094976
    185 -4.481003 -0.202000 0.000000 0.000000 0.000000 0.000000
    186 -5.516998 -0.291000 -0.001000 0.000000 0.000000 0.000000
    187 -0.857700 0.104071 0.104683 0.023536 0.163924 0.013632
    188 1.899119 0.000423 -0.000439 0.027386 -0.033311 0.477848
    189 1.799661 -0.000233 0.000231 0.027386 -0.033311 0.477848
    190 1.799661 -0.000233 0.000231 0.027386 -0.033311 0.477848
    191 1.799661 -0.000233 0.000231 0.027386 -0.033311 0.477848
    192 1.900310 -0.000137 -0.000517 0.027386 -0.033311 0.477848
    193 1.899435 -0.000317 -0.000150 -0.027386 0.033311 0.477848
    194 1.799662 -0.000240 -0.000233 -0.027386 0.033311 0.477848
    195 1.799662 -0.000240 -0.000233 -0.027386 0.033311 0.477848
    196 1.799662 -0.000240 -0.000233 -0.027386 0.033311 0.477848
    197 1.900729 0.000553 -0.000072 -0.027386 0.033311 0.477848
    198 0.599884 0.400187 -0.000031 0.000000 0.000000 0.000000
    199 0.599886 0.400185 0.000034 0.000000 0.000000 -3.141592
    200 0.599503 0.400694 0.000234 0.000000 0.000000 0.000000
    201 0.600029 -0.000020 -0.000019 0.000000 0.000000 -3.141592
  time 24
    0 0.000000 0.000000 0.000000 0.000000 0.000000 -1.570796
    1 -0.106323 0.000000 -0.000198 0.000000 0.000000 0.000000
    2 0.000000 0.000000 0.000000 0.000000 0.000000 0.000000
    3 -0.904000 0.000000 -11.806000 0.000000 0.000000 0.000000
    4 0.000000 0.000000 -14.313999 0.000000 -1.570796 1.570857
    5 3.533001 0.000000 0.000000 0.000000 0.000000 0.000000
    6 6.250000 0.000000 0.000000 0.000000 0.000000 0.000000
    7 9.568951 0.414100 -3.065148 -1.332407 1.006725 -1.366000
    8 9.562500 1.924805 1.815430 0.098301 -1.350314 -0.096174
    9 5.786820 0.002787 -0.000113 -0.583998 0.730766 -1.176284
    10 5.999492 -0.000592 -4.000343 0.000000 0.000000 0.000000
    11 5.791316 0.002582 0.004799 1.007575 -0.662807 -1.337811
    12 5.999492 -0.000592 4.000336 0.000000 0.000000 0.000000
    13 0.500225 0.000133 -0.000088 -0.084168 0.000000 0.000000
    14 11.534559 0.000348 -0.001312 0.000031 -0.000039 -1.387751
    15 -0.829338 0.893824 0.079659 -0.148839 0.047645 0.087266
    16 0.500225 0.000132 0.000076 -0.175022 0.000000 0.000000
    17 11.532495 0.000526 -0.000089 0.000054 -0.000058 -1.639747
    18 -0.829586 0.894698 -0.079464 0.045377 -0.019621 0.087266
    19 10.599884 0.000105 -0.000553 -1.348623 -0.000048 0.000036
    20 0.338422 -0.404091 -0.000805 0.000000 0.000011 0.693964
    21 11.042057 0.003717 0.004704 -0.968645 -0.492151 -0.727179
    22 -1.214832 0.203470 -0.477489 -0.135025 -0.078677 -0.001289
    23 10.599880 0.000105 0.000549 0.554246 0.000000 0.000000
    24 0.537645 -0.505657 0.000801 -0.000060 0.000013 0.819862
    25 11.041742 0.003171 -0.000571 0.482366 0.253070 0.753183
    26 -1.063377 0.077663 0.150230 0.045121 0.020046 -0.012850
    27 0.610302 -0.939470 0.070343 -1.709551 -0.287501 -0.152006
    28 0.639940 -0.199121 0.060188 -1.668705 -0.274727 -0.052233
    29 0.600155 1.080261 -0.339535 -1.733674 0.002226 0.063893
    30 0.610207 0.400743 -0.010101 -1.765387 -0.191409 0.068543
    31 0.634715 -0.693997 -0.232343 0.235014 0.152840 -0.793645
    32 -0.792125 0.203736 0.461300 1.439074 -0.003453 -0.018305
    33 0.610300 -0.939469 -0.070351 1.655649 0.171898 -0.172859
    34 0.639937 -0.199121 -0.060200 1.671196 0.183117 -0.036809
    35 0.600157 1.080259 0.339531 1.741577 0.106906 0.153585
    36 0.610205 0.400743 0.010086 1.766570 0.125877 0.080204
    37 0.624002 -0.695300 0.232270 -0.775060 -0.526748 -0.948487
    38 -0.626031 -0.069983 -0.080517 -1.447153 0.086151 0.021559
    39 2.621377 -0.006439 -0.001438 0.032268 -0.408634 0.620617
    40 2.664743 0.000397 -0.000071 -0.354934 -0.175219 1.236594
    41 2.206394 0.003368 -0.006769 -0.343840 0.096330 1.464852
    42 0.599952 0.959240 -0.300102 -0.174544 0.000000 0.000000
    43 2.557190 -0.005873 0.002453 -0.201067 -0.001691 1.443787
    44 2.095024 -0.003873 -0.006100 -0.164975 0.441763 0.790903
    45 0.999380 -0.000236 -1.232808 -0.000001 0.000000 0.000000
    46 -0.122639 -0.721856 0.661690 -0.486644 0.223964 0.243056
    47 2.622113 -0.000648 0.006647 -0.178478 0.119225 0.003610
    48 2.654002 0.004589 -0.000533 0.322092 0.240126 1.085285
    49 2.203922 0.001663 0.004743 0.262942 -0.039562 1.072963
    50 0.599951 0.959244 0.300102 0.174544 0.000000 0.000000
    51 2.556570 -0.000385 0.000554 0.263767 0.129479 1.165880
    52 2.103851 0.005614 -0.001014 0.508256 -0.195094 0.643515
    53 0.999374 -0.000237 1.252332 0.000000 0.000000 -0.070601
    54 0.310846 -0.606445 -0.498005 0.308107 -0.197598 0.313976
    55 1.873069 -0.000835 -0.000994 -0.000007 0.000004 0.795541
    56 1.200941 0.399582 -0.000237 -0.009465 0.016087 0.007127
    57 0.000586 0.100342 -0.000319 -0.120035 -0.021926 -0.209617
    58 -0.161663 0.051712 0.194808 -2.941982 0.122408 -0.060194
    59 2.010092 -0.007109 -0.003377 0.000018 0.000013 0.954388
    60 0.000240 0.099802 -0.000395 -0.018823 0.010833 -0.239219
    61 -0.203197 0.048607 0.069150 -3.093332 0.033217 -0.046722
    62 1.180428 -0.006214 0.000780 -0.000014 0.000024 0.883234
    63 -0.000196 0.099625 -0.000034 0.000000 0.000000 -0.314102
    64 -0.088736 -0.688435 -0.145203 2.930407 -0.136130 0.513013
    65 1.715976 -0.003328 0.003818 -0.000013 -0.000068 0.994882
    66 -0.000580 0.100145 -0.000311 -0.010912 0.023129 -0.260841
    67 -0.146030 -0.232426 -0.014225 3.028455 -0.094299 0.113020
    68 1.290632 0.000362 -0.000032 0.000000 0.000000 -0.238807
    69 -0.658121 -0.003575 0.072645 -0.142711 0.027792 -0.077299
    70 1.868080 -0.003049 0.006083 0.000003 -0.000021 0.223397
    71 1.200079 0.399944 -0.000093 0.009465 -0.016087 0.007127
    72 0.000591 0.100342 0.000319 0.120035 0.021926 -0.209617
    73 0.068077 0.002285 -0.080050 3.111376 -0.069366 -0.060847
    74 2.011874 -0.005083 0.006086 0.000011 -0.000037 1.297769
    75 0.000229 0.099802 0.000395 0.018823 -0.010833 -0.239219
    76 -0.018673 -0.001009 0.047544 3.109244 0.002635 -0.106673
    77 1.178665 0.001595 0.000845 0.000000 0.000000 0.669112
    78 -0.000198 0.099628 0.000034 0.000000 0.000000 -0.314102
    79 0.036892 -0.634449 0.266284 -2.801062 0.174301 0.490914
    80 1.708256 -0.002506 -0.004592 -0.000046 -0.000037 1.003564
    81 -0.000576 0.100136 0.000311 0.010914 -0.023129 -0.260841
    82 -0.003952 -0.281811 0.115047 -3.059162 0.089004 0.167964
    83 1.289627 0.003949 0.000061 -0.000014 0.000003 0.016997
    84 -0.171528 -0.018148 -0.099873 0.013484 -0.062184 -0.011780
    85 0.912716 0.007240 0.001326 0.000019 0.000021 0.583614
    86 -0.342617 0.053404 -0.025571 -2.909301 -0.017248 0.075276
    87 1.100231 -0.000930 -0.002434 0.000009 0.000014 1.178054
    88 -0.384983 0.330998 0.006848 -3.087207 -0.018765 -0.184279
    89 0.678146 0.006192 -0.003905 -0.000018 -0.000007 0.683756
    90 -0.123848 0.072737 0.029507 2.898184 -0.060627 0.094834
    91 1.017166 -0.000154 -0.000252 -0.000023 -0.000014 0.671441
    92 -0.344986 0.123129 0.143151 2.994981 0.012396 0.059140
    93 -0.730988 0.177046 0.039141 -0.123731 0.076518 -0.084310
    94 0.925900 0.001298 -0.000896 -0.000002 0.000001 0.134192
    95 -0.124027 -0.052092 0.038496 3.077813 -0.008519 0.039229
    96 1.100430 -0.007458 0.000503 0.000030 0.000030 0.904180
    97 -0.330082 0.160641 0.042780 3.128073 0.034033 -0.171236
    98 0.675854 0.005438 0.003272 0.000014 0.000003 0.945929
    99 -0.019516 -0.016531 0.038578 -2.763781 0.050305 0.076828
    100 1.018891 0.005113 0.001121 -0.000018 0.000019 0.984583
    101 -0.155312 0.130643 -0.021921 -3.022466 0.022433 -0.024903
    102 -0.252209 0.061937 -0.024914 -0.007671 -0.063171 -0.044392
    103 -0.085991 0.185203 -0.015180 -2.937063 -0.113970 -0.138991
    104 -0.286537 0.179852 0.024264 -3.109353 -0.049645 -0.029915
    105 -0.019489 0.147084 0.079203 2.893815 0.038585 -0.060594
    106 -0.046482 0.251898 0.129548 3.016165 0.077112 -0.042864
    107 0.039120 -0.040298 0.047739 3.084219 0.030470 -0.037414
    108 -0.233757 0.066630 0.001754 -3.133086 0.040141 -0.065413
    109 0.044266 0.020128 0.001684 -2.778763 -0.118872 -0.040488
    110 0.071495 0.074127 -0.048302 -3.035917 -0.059482 0.104366
    111 0.000000 0.000000 0.000000 0.000000 0.000000 -1.570796
    112 15.594226 -3.543077 -2.804773 0.105402 -0.037365 0.009980
    113 -4.156377 8.031495 -1.593799 0.691170 -0.810592 -1.604333
    114 -1.541997 0.000000 1.809996 0.000000 0.000000 0.000000
    115 5.560989 0.000000 1.164998 0.000000 0.000000 0.000000
    116 1.770997 -0.313999 1.249997 0.000000 0.000000 -1.570817
    117 3.817992 0.000000 -0.014000 0.000000 0.000000 0.000000
    118 -0.469999 0.000000 -3.436993 0.000000 0.000000 0.000000
    119 -2.237996 0.000000 -3.187994 0.000000 0.000000 0.000000
    120 3.318993 0.000000 3.457993 0.000000 -0.159179 0.000000
    121 0.000000 0.000000 0.000000 0.000000 0.000000 0.000000
    122 0.532999 0.510999 -0.840998 0.000000 0.000000 0.000000
    123 0.000000 0.000000 0.000000 0.000000 0.000000 0.000000
    124 -0.106000 0.000000 64.320000 0.000000 0.000000 0.000000
    125 0.000000 0.000000 0.000000 0.000000 0.000000 0.000000
    126 0.000000 0.000000 0.000000 0.020026 0.004566 -0.003212
    127 25.425754 -3.329484 8.115769 0.105387 -0.037405 0.009935
    128 0.106000 0.000000 -64.320000 0.000000 0.000000 0.000000
    129 0.000000 0.000000 0.000000 0.000000 0.000000 0.000000
    130 0.000000 0.000000 -4.867002 -3.141592 0.000000 -3.128591
    131 0.000000 0.000000 4.867000 -3.141592 0.000000 -3.128591
    132 4.000000 -6.500000 0.000000 0.000000 0.000000 0.000977
    133 -6.500000 0.000000 0.000000 0.000000 1.570796 0.000000
    134 1.000088 -0.000029 0.000000 0.000000 0.000000 0.000000
    135 17.162516 -0.000404 0.000000 0.000000 0.000000 0.119214
    136 9.999891 -0.000303 0.000000 0.000000 0.000000 0.000000
    137 1.000088 -0.000029 0.000000 0.000000 0.000000 0.000000
    138 17.162516 -0.000404 0.000000 0.000000 0.000000 0.119214
    139 9.499836 0.000212 0.000000 0.000000 0.000000 0.000000
    140 0.000000 0.000000 0.000000 0.000000 0.000000 0.000000
    141 17.749374 0.295515 0.000000 0.000000 0.000000 -1.158958
    142 0.017889 0.299792 0.000000 0.000000 0.000000 -0.059582
    143 12.283573 1.581456 -4.696000 1.462269 -0.086726 0.090185
    144 17.749376 0.295515 0.000000 0.000000 0.000000 -1.158958
    145 0.017889 0.299792 0.000000 0.000000 0.000000 -0.059582
    146 13.354000 0.000000 0.000000 0.000000 0.000000 -0.294101
    147 4.530998 0.000000 0.000000 0.000000 0.000000 0.000000
    148 0.000000 0.000000 0.000000 0.000000 0.000000 0.000000
    149 5.413524 0.000347 0.000000 0.000000 0.000000 -0.518055
    150 5.413524 0.000347 0.000000 0.000000 0.000000 -0.518055
    151 4.662001 -5.366332 4.825191 1.569715 1.561305 -3.121216
    152 3.116966 -0.000443 0.000000 0.000000 0.000000 0.294101
    153 4.531197 0.000000 0.000000 0.000000 0.000000 0.000000
    154 -2.158101 0.003000 0.266281 0.000000 -0.078319 0.000000
    155 -5.658181 0.003000 0.015000 0.000000 0.000000 0.000000
    156 -17.360467 -2.570391 -57.512790 -0.106091 0.036270 -0.013755
    157 -0.027043 0.001416 3.199706 0.000000 0.305147 0.000000
    158 3.512001 -3.547000 -1.066000 0.000000 1.570796 0.000000
    159 3.456001 -3.517000 1.169000 0.000000 1.570796 0.000000
    160 6.233002 0.000000 0.000000 0.000000 0.000000 0.000000
    161 -0.171997 -0.106000 -0.902000 1.570713 1.029176 -3.134550
    162 6.214652 -6.407345 0.144536 -0.003212 -0.020038 -0.004494
    163 1.947000 -0.003000 -0.278000 0.000000 0.000000 0.000000
    164 -2.941000 -0.003000 0.381000 0.000000 0.000000 0.000000
    165 -2.941000 -0.003000 0.381000 0.000000 0.000000 0.000000
    166 -0.070000 -0.003000 0.481000 0.000000 0.000000 0.000000
    167 -0.002780 0.000000 0.017476 0.000000 -0.382462 0.000024
    168 3.999434 -0.000527 -0.000332 -0.674321 0.000000 0.000000
    169 3.999901 0.000038 0.001011 0.276043 -0.000012 0.000000
    170 1.598000 0.000000 0.000000 0.000000 0.000000 0.000000
    171 -1.145525 0.000130 0.000668 0.000000 0.000000 0.000000
    172 2.299679 -2.499979 -0.599480 0.891953 0.221513 -0.527302
    173 9.143643 -4.257878 8.714807 3.396513 -1.356206 -0.679011
    174 -9.580671 -27.862106 -37.184677 0.812879 -0.123459 -0.568477
    175 0.649933 -0.548295 0.093651 -1.665913 -0.131399 -0.112062
    176 0.657074 0.008402 0.040371 -1.665945 -0.131407 -0.000013
    177 0.665776 0.747221 -0.029190 -1.665935 -0.131408 0.094976
    178 2.300139 -2.499413 0.600159 -0.892049 -0.221500 -0.527253
    179 12.187820 1.068084 0.992054 1.811734 -0.001398 0.197532
    180 2.762350 0.116951 1.523975 1.629482 0.064153 1.743800
    181 7.228317 7.928197 -3.925652 2.328713 0.123459 -0.568477
    182 0.650394 -0.547730 -0.092979 1.665913 0.131399 -0.112062
    183 0.657069 0.008398 -0.040379 1.665945 0.131407 -0.000013
    184 0.665775 0.747221 0.029179 1.665935 0.131408 0.094976
    185 -4.481003 -0.202000 0.000000 0.000000 0.000000 0.000000
    186 -5.516998 -0.291000 -0.001000 0.000000 0.000000 0.000000
    187 -0.857700 0.104071 0.104683 0.023536 0.163924 0.013632
    188 1.899119 0.000423 -0.000439 0.027386 -0.033311 0.477848
    189 1.799661 -0.000233 0.000231 0.027386 -0.033311 0.477848
    190 1.799661 -0.000233 0.000231 0.027386 -0.033311 0.477848
    191 1.799661 -0.000233 0.000231 0.027386 -0.033311 0.477848
    192 1.900310 -0.000137 -0.000517 0.027386 -0.033311 0.477848
    193 1.899435 -0.000317 -0.000150 -0.027386 0.033311 0.477848
    194 1.799662 -0.000240 -0.000233 -0.027386 0.033311 0.477848
    195 1.799662 -0.000240 -0.000233 -0.027386 0.033311 0.477848
    196 1.799662 -0.000240 -0.000233 -0.027386 0.033311 0.477848
    197 1.900729 0.000553 -0.000072 -0.027386 0.033311 0.477848
    198 0.599884 0.400187 -0.000031 0.000000 0.000000 0.000000
    199 0.599886 0.400185 0.000034 0.000000 0.000000 -3.141592
    200 0.599503 0.400694 0.000234 0.000000 0.000000 0.000000
    201 0.600029 -0.000020 -0.000019 0.000000 0.000000 -3.141592
  time 25
    0 0.000000 0.000000 0.000000 0.000000 0.000000 -1.570796
    1 -0.106323 0.000000 -0.000198 0.000000 0.000000 0.000000
    2 0.000000 0.000000 0.000000 0.000000 0.000000 0.000000
    3 -0.904000 0.000000 -11.806000 0.000000 0.000000 0.000000
    4 0.000000 0.000000 -14.313999 0.000000 -1.570796 1.570857
    5 3.533001 0.000000 0.000000 0.000000 0.000000 0.000000
    6 6.250000 0.000000 0.000000 0.000000 0.000000 0.000000
    7 9.568951 0.890677 -2.662792 -1.262602 1.148552 -1.285616
    8 9.562500 1.924805 1.815430 0.098301 -1.350314 -0.096174
    9 5.790726 0.002787 -0.000113 -0.623166 0.596034 -1.358847
    10 5.999492 -0.000592 -4.000343 0.000000 0.000000 0.000000
    11 5.791316 0.002582 0.004799 1.006623 -0.656098 -1.333638
    12 5.999492 -0.000592 4.000336 0.000000 0.000000 0.000000
    13 0.500225 0.000133 -0.000088 -0.114497 0.000000 0.000000
    14 11.534559 0.004255 -0.001312 -0.000053 0.000069 -1.166480
    15 -0.829338 0.893824 0.079659 -0.148839 0.047645 0.087266
    16 0.500225 0.000132 0.000076 -0.176424 0.000000 0.000000
    17 11.532495 0.000526 -0.000089 -0.000078 0.000062 -1.633379
    18 -0.829586 0.894698 -0.079464 0.045377 -0.019621 0.087266
    19 10.599884 0.000105 -0.000553 -1.509400 0.000024 -0.000024
    20 0.213418 -0.325964 -0.000805 0.000000 0.000011 0.583207
    21 11.042057 0.003717 0.000798 -1.100277 -0.512045 -0.728064
    22 -1.214832 0.203470 -0.477489 -0.135025 -0.078677 -0.001289
    23 10.599880 0.000105 0.000549 0.545774 -0.000012 0.000108
    24 0.533738 -0.501750 0.000801 0.000000 -0.000011 0.816663
    25 11.041742 0.003171 -0.000571 0.471647 0.243101 0.750508
    26 -1.063377 0.077663 0.150230 0.045121 0.020046 -0.012850
    27 0.610302 -0.939470 0.070343 -1.709551 -0.287453 -0.152018
    28 0.639940 -0.199121 0.060188 -1.668705 -0.274667 -0.052245
    29 0.600155 1.080261 -0.339535 -1.733780 -0.043339 0.071347
    30 0.610207 0.400743 -0.010101 -1.765387 -0.191349 0.068531
    31 0.630809 -0.693997 -0.232343 0.173281 0.048447 -0.877675
    32 -0.792125 0.203736 0.461300 1.439074 -0.003453 -0.018305
    33 0.610300 -0.939469 -0.070351 1.655649 0.171898 -0.172859
    34 0.639937 -0.199121 -0.060200 1.671196 0.183117 -0.036809
    35 0.600157 1.080259 0.339531 1.741577 0.106906 0.153585
    36 0.610205 0.400743 0.010086 1.766570 0.125877 0.080204
    37 0.624002 -0.695300 0.232270 -0.819842 -0.541276 -0.936403
    38 -0.626031 -0.069983 -0.080517 -1.447153 0.086151 0.021559
    39 2.621377 -0.006439 -0.001438 -0.043327 -0.296122 0.156674
    40 2.664743 0.000397 -0.000071 -0.279213 -0.197115 0.603886
    41 2.206394 0.003368 -0.002863 -0.155035 -0.043833 0.528662
    42 0.599952 0.959240 -0.300102 -0.174544 0.000000 0.000000
    43 2.557190 -0.001967 0.006359 -0.061394 -0.008079 0.728378
    44 2.095024 -0.003873 -0.002193 -0.241629 0.321831 0.557228
    45 0.999380 -0.000236 -1.170306 -0.000001 0.000000 0.000000
    46 -0.122639 -0.721856 0.661690 -0.486644 0.223964 0.243056
    47 2.622113 -0.000648 0.006647 -0.178478 0.119225 0.003610
    48 2.654002 0.004589 -0.000533 0.322092 0.240126 1.085285
    49 2.200016 0.001663 0.000836 0.262942 -0.039562 1.072963
    50 0.599951 0.959244 0.300102 0.174544 0.000000 0.000000
    51 2.556570 -0.000385 0.000554 0.263767 0.129479 1.165880
    52 2.103851 0.005614 -0.001014 0.507290 -0.184799 0.648389
    53 0.999374 -0.000237 1.256238 0.000000 0.000000 -0.070601
    54 0.310846 -0.606445 -0.498005 0.308107 -0.197598 0.313976
    55 1.869163 -0.004741 -0.000994 -0.000007 0.000004 0.510558
    56 1.200941 0.399582 -0.000237 -0.009465 0.016087 0.007127
    57 0.000586 0.100342 -0.000319 -0.120035 -0.021926 -0.209617
    58 -0.161663 0.051712 0.194808 -2.941982 0.122408 -0.060194
    59 2.010092 -0.007109 -0.003377 0.000018 0.000013 0.700966
    60 0.000240 0.099802 -0.000395 -0.018823 0.010833 -0.239219
    61 -0.203197 0.048607 0.069150 -3.093332 0.033217 -0.046722
    62 1.180428 -0.006214 0.000780 -0.000026 -0.000048 0.825347
    63 -0.000196 0.099625 -0.000034 0.000000 0.000000 -0.314102
    64 -0.088736 -0.688435 -0.145203 2.930407 -0.136130 0.513013
    65 1.715976 -0.003328 0.003818 0.000023 -0.000021 0.896857
    66 -0.000580 0.100145 -0.000311 -0.010912 0.023129 -0.260841
    67 -0.146030 -0.232426 -0.014225 3.028455 -0.094299 0.113020
    68 1.290632 0.000362 -0.000032 0.000000 0.000024 -0.276386
    69 -0.658121 -0.003575 0.072645 -0.142711 0.027792 -0.077299
    70 1.868080 -0.003049 0.006083 0.000003 -0.000021 0.223397
    71 1.200079 0.399944 -0.000093 0.009465 -0.016087 0.007127
    72 0.000591 0.100342 0.000319 0.120035 0.021926 -0.209617
    73 0.068077 0.002285 -0.080050 3.111376 -0.069366 -0.060847
    74 2.011874 -0.005083 0.006086 0.000011 -0.000037 1.297769
    75 0.000229 0.099802 0.000395 0.018823 -0.010833 -0.239219
    76 -0.018673 -0.001009 0.047544 3.109244 0.002635 -0.106673
    77 1.178665 0.001595 0.000845 0.000000 0.000000 0.669112
    78 -0.000198 0.099628 0.000034 0.000000 0.000000 -0.314102
    79 0.036892 -0.634449 0.266284 -2.801062 0.174301 0.490914
    80 1.708256 -0.002506 -0.000686 -0.000034 -0.000037 1.003564
    81 -0.000576 0.100136 0.000311 0.010914 -0.023129 -0.260841
    82 -0.003952 -0.281811 0.115047 -3.059162 0.089004 0.167964
    83 1.289627 0.003949 0.000061 -0.000014 0.000003 0.360566
    84 -0.171528 -0.018148 -0.099873 0.013484 -0.062184 -0.011780
    85 0.912716 0.007240 0.001326 0.000042 0.000009 0.546728
    86 -0.342617 0.053404 -0.025571 -2.909301 -0.017248 0.075276
    87 1.100231 -0.000930 -0.002434 0.000009 0.000014 0.752136
    88 -0.384983 0.330998 0.006848 -3.087207 -0.018765 -0.184279
    89 0.678146 0.002286 0.000002 -0.000018 -0.000019 0.442622
    90 -0.123848 0.072737 0.029507 2.898184 -0.060627 0.094834
    91 1.017166 -0.000154 -0.000252 -0.000023 -0.000014 0.463459
    92 -0.344986 0.123129 0.143151 2.994981 0.012396 0.059140
    93 -0.730988 0.177046 0.039141 -0.123731 0.076518 -0.084310
    94 0.921993 0.001298 -0.000896 -0.000002 0.000001 0.134192
    95 -0.124027 -0.052092 0.038496 3.077813 -0.008519 0.039229
    96 1.100430 -0.007458 0.000503 0.000041 0.000030 0.904180
    97 -0.330082 0.160641 0.042780 3.128073 0.034033 -0.171236
    98 0.675854 0.005438 0.003272 0.000014 0.000003 0.945929
    99 -0.019516 -0.016531 0.038578 -2.763781 0.050305 0.076828
    100 1.018891 0.005113 0.001121 -0.000018 0.000019 0.984583
    101 -0.155312 0.130643 -0.021921 -3.022466 0.022433 -0.024903
    102 -0.252209 0.061937 -0.024914 -0.007671 -0.063171 -0.044392
    103 -0.085991 0.185203 -0.015180 -2.937063 -0.113970 -0.138991
    104 -0.286537 0.179852 0.024264 -3.109353 -0.049645 -0.029915
    105 -0.019489 0.147084 0.079203 2.893815 0.038585 -0.060594
    106 -0.046482 0.251898 0.129548 3.016165 0.077112 -0.042864
    107 0.039120 -0.040298 0.047739 3.084219 0.030470 -0.037414
    108 -0.233757 0.066630 0.001754 -3.133086 0.040141 -0.065413
    109 0.044266 0.020128 0.001684 -2.778763 -0.118872 -0.040488
    110 0.071495 0.074127 -0.048302 -3.035917 -0.059482 0.104366
    111 0.000000 0.000000 0.000000 0.000000 0.000000 -1.570796
    112 15.660634 -3.550890 -2.761803 0.090263 -0.036007 0.011379
    113 -4.168096 7.965087 -1.511765 0.668936 -0.809811 -1.587350
    114 -1.541997 0.000000 1.809996 0.000000 0.000000 0.000000
    115 5.560989 0.000000 1.164998 0.000000 0.000000 0.000000
    116 1.770997 -0.313999 1.249997 0.000000 0.000000 -1.570817
    117 3.817992 0.000000 -0.014000 0.000000 0.000000 0.000000
    118 -0.469999 0.000000 -3.436993 0.000000 0.000000 0.000000
    119 -2.237996 0.000000 -3.187994 0.000000 0.000000 0.000000
    120 3.318993 0.000000 3.457993 0.000000 -0.159179 0.000000
    121 0.000000 0.000000 0.000000 0.000000 0.000000 0.000000
    122 0.532999 0.510999 -0.840998 0.000000 0.000000 0.000000
    123 0.000000 0.000000 0.000000 0.000000 0.000000 0.000000
    124 -0.106000 0.000000 64.320000 0.000000 0.000000 0.000000
    125 0.000000 0.000000 0.000000 0.000000 0.000000 0.000000
    126 0.000000 0.000000 0.000000 0.021968 -0.001726 -0.003847
    127 25.488256 -3.349016 8.147020 0.090152 -0.036094 0.011521
    128 0.106000 0.000000 -64.320000 0.000000 0.000000 0.000000
    129 0.000000 0.000000 0.000000 0.000000 0.000000 0.000000
    130 0.000000 0.000000 -4.867002 -3.141592 0.000000 -3.128591
    131 0.000000 0.000000 4.867000 -3.141592 0.000000 -3.128591
    132 4.000000 -6.500000 0.000000 0.000000 0.000000 0.000977
    133 -6.500000 0.000000 0.000000 0.000000 1.570796 0.000000
    134 1.000088 -0.000029 0.000000 0.000000 0.000000 0.000000
    135 17.162516 -0.000404 0.000000 0.000000 0.000000 0.119214
    136 9.999891 -0.000303 0.000000 0.000000 0.000000 0.000000
    137 1.000088 -0.000029 0.000000 0.000000 0.000000 0.000000
    138 17.162516 -0.000404 0.000000 0.000000 0.000000 0.119214
    139 9.499836 0.000212 0.000000 0.000000 0.000000 0.000000
    140 0.000000 0.000000 0.000000 0.000000 0.000000 0.000000
    141 17.749374 0.295515 0.000000 0.000000 0.000000 -1.158958
    142 0.017889 0.299792 0.000000 0.000000 0.000000 -0.059582
    143 12.283573 1.581456 -4.696000 1.462269 -0.086726 0.090185
    144 17.749376 0.295515 0.000000 0.000000 0.000000 -1.158958
    145 0.017889 0.299792 0.000000 0.000000 0.000000 -0.059582
    146 13.354000 0.000000 0.000000 0.000000 0.000000 -0.294101
    147 4.530998 0.000000 0.000000 0.000000 0.000000 0.000000
    148 0.000000 0.000000 0.000000 0.000000 0.000000 0.000000
    149 5.413524 0.000347 0.000000 0.000000 0.000000 -0.518055
    150 5.413524 0.000347 0.000000 0.000000 0.000000 -0.518055
    151 4.662001 -5.366332 4.825191 1.569715 1.561305 -3.121216
    152 3.116966 -0.000443 0.000000 0.000000 0.000000 0.294101
    153 4.531197 0.000000 0.000000 0.000000 0.000000 0.000000
    154 -2.154195 0.003000 0.266281 0.000000 -0.078307 0.000000
    155 -5.658181 0.003000 0.015000 0.000000 0.000000 0.000000
    156 -17.337028 -1.605518 -57.618262 -0.090664 0.034901 -0.014620
    157 -0.027043 0.005322 3.199706 0.000000 0.305147 0.000000
    158 3.512001 -3.547000 -1.066000 0.000000 1.570796 0.000000
    159 3.456001 -3.517000 1.169000 0.000000 1.570796 0.000000
    160 6.233002 0.000000 0.000000 0.000000 0.000000 0.000000
    161 -0.171997 -0.106000 -0.902000 1.570713 1.029176 -3.134550
    162 6.249810 -6.376094 0.156255 -0.003847 -0.021968 0.001810
    163 1.947000 -0.003000 -0.278000 0.000000 0.000000 0.000000
    164 -2.941000 -0.003000 0.381000 0.000000 0.000000 0.000000
    165 -2.941000 -0.003000 0.381000 0.000000 0.000000 0.000000
    166 -0.070000 -0.003000 0.481000 0.000000 0.000000 0.000000
    167 -0.002780 0.000000 0.017476 0.000000 -0.382450 0.000024
    168 3.999434 -0.000527 -0.000332 -0.754795 0.000000 0.000000
    169 3.999901 0.000038 0.001011 0.272928 0.000000 0.000000
    170 1.598000 0.000000 0.000000 0.000000 0.000000 0.000000
    171 -1.145525 0.000130 0.000668 0.000000 0.000000 0.000000
    172 2.299679 -2.499979 -0.599480 0.891953 0.221513 -0.527302
    173 8.690504 -4.242252 7.632743 3.234516 -1.322041 -0.569686
    174 -9.580671 -27.862106 -37.184677 0.812879 -0.123459 -0.568477
    175 0.649933 -0.548295 0.093651 -1.665913 -0.131399 -0.112062
    176 0.657074 0.008402 0.040371 -1.665945 -0.131407 -0.000013
    177 0.665776 0.747221 -0.029190 -1.665935 -0.131408 0.094976
    178 2.300139 -2.499413 0.600159 -0.892049 -0.221500 -0.527253
    179 12.187820 1.068084 0.992054 1.811734 -0.001398 0.197532
    180 2.762350 0.116951 1.523975 1.629482 0.064153 1.743800
    181 7.228317 7.928197 -3.925652 2.328713 0.123459 -0.568477
    182 0.650394 -0.547730 -0.092979 1.665913 0.131399 -0.112062
    183 0.657069 0.008398 -0.040379 1.665945 0.131407 -0.000013
    184 0.665775 0.747221 0.029179 1.665935 0.131408 0.094976
    185 -4.481003 -0.202000 0.000000 0.000000 0.000000 0.000000
    186 -5.516998 -0.291000 -0.001000 0.000000 0.000000 0.000000
    187 -0.857700 0.104071 0.104683 0.023536 0.163924 0.013632
    188 1.899119 0.000423 -0.000439 0.027386 -0.033311 0.477848
    189 1.799661 -0.000233 0.000231 0.027386 -0.033311 0.477848
    190 1.799661 -0.000233 0.000231 0.027386 -0.033311 0.477848
    191 1.799661 -0.000233 0.000231 0.027386 -0.033311 0.477848
    192 1.900310 -0.000137 -0.000517 0.027386 -0.033311 0.477848
    193 1.899435 -0.000317 -0.000150 -0.027386 0.033311 0.477848
    194 1.799662 -0.000240 -0.000233 -0.027386 0.033311 0.477848
    195 1.799662 -0.000240 -0.000233 -0.027386 0.033311 0.477848
    196 1.799662 -0.000240 -0.000233 -0.027386 0.033311 0.477848
    197 1.900729 0.000553 -0.000072 -0.027386 0.033311 0.477848
    198 0.599884 0.400187 -0.000031 0.000000 0.000000 0.000000
    199 0.599886 0.400185 0.000034 0.000000 0.000000 -3.141592
    200 0.599503 0.400694 0.000234 0.000000 0.000000 0.000000
    201 0.600029 -0.000020 -0.000019 0.000000 0.000000 -3.141592
  time 26
    0 0.000000 0.000000 0.000000 0.000000 0.000000 -1.570796
    1 -0.106323 0.000000 -0.000198 0.000000 0.000000 0.000000
    2 0.000000 0.000000 0.000000 0.000000 0.000000 0.000000
    3 -0.904000 0.000000 -11.806000 0.000000 0.000000 0.000000
    4 0.000000 0.000000 -14.313999 0.000000 -1.570796 1.570857
    5 3.533001 0.000000 0.000000 0.000000 0.000000 0.000000
    6 6.250000 0.000000 0.000000 0.000000 0.000000 0.000000
    7 9.568951 1.371161 -2.268249 -1.063823 1.309686 -1.075151
    8 9.562500 1.924805 1.815430 0.098301 -1.350314 -0.096174
    9 5.790726 0.002787 -0.000113 -0.616479 0.531185 -1.476796
    10 5.999492 -0.000592 -4.000343 0.000000 0.000000 0.000000
    11 5.791316 0.002582 0.004799 0.998695 -0.683754 -1.323389
    12 5.999492 -0.000592 4.000336 0.000000 0.000000 0.000000
    13 0.500225 0.000133 -0.000088 -0.150992 0.000000 0.000000
    14 11.534559 0.004255 -0.001312 0.000019 -0.000051 -1.077573
    15 -0.829338 0.893824 0.079659 -0.148839 0.047645 0.087266
    16 0.500225 0.000132 0.000076 -0.171407 0.000000 0.000000
    17 11.532495 0.004432 -0.000089 0.000006 -0.000022 -1.671421
    18 -0.829586 0.894698 -0.079464 0.045377 -0.019621 0.087266
    19 10.599884 0.000105 -0.000553 -1.492710 0.000000 0.000084
    20 0.166542 -0.298619 -0.000805 0.000000 0.000011 0.538808
    21 11.042057 -0.000189 0.000798 -1.316357 -0.391723 -0.440825
    22 -1.214832 0.203470 -0.477489 -0.135025 -0.078677 -0.001289
    23 10.599880 0.000105 0.000549 0.517873 0.000000 0.000048
    24 0.568896 -0.517376 0.000801 0.000048 -0.000035 0.835827
    25 11.041742 0.003171 -0.000571 0.448655 0.262488 0.751212
    26 -1.063377 0.077663 0.150230 0.045121 0.020046 -0.012850
    27 0.610302 -0.939470 0.070343 -1.705459 -0.273467 -0.154056
    28 0.639940 -0.199121 0.060188 -1.668349 -0.260621 -0.053731
    29 0.600155 1.080261 -0.339535 -1.734894 -0.082565 0.077723
    30 0.610207 0.400743 -0.010101 -1.764850 -0.177554 0.065739
    31 0.634715 -0.693997 -0.232343 0.090228 -0.091313 -0.956211
    32 -0.792125 0.203736 0.461300 1.439074 -0.003453 -0.018305
    33 0.610300 -0.939469 -0.070351 1.655649 0.171898 -0.172859
    34 0.639937 -0.199121 -0.060200 1.671196 0.183117 -0.036809
    35 0.600157 1.080259 0.339531 1.741577 0.106906 0.153585
    36 0.610205 0.400743 0.010086 1.766570 0.125877 0.080204
    37 0.624002 -0.695300 0.232270 -0.819842 -0.541259 -0.936403
    38 -0.626031 -0.069983 -0.080517 -1.447153 0.086151 0.021559
    39 2.625284 -0.006439 -0.001438 -0.147827 -0.175215 -0.307389
    40 2.664743 0.000397 -0.000071 -0.203506 -0.219035 -0.028862
    41 2.206394 0.003368 -0.006769 0.033686 -0.184187 -0.407390
    42 0.599952 0.959240 -0.300102 -0.174544 0.000000 0.000000
    43 2.553283 -0.001967 0.006359 0.078154 -0.014431 0.012930
    44 2.095024 -0.003873 -0.002193 -0.299742 0.153992 0.293514
    45 0.999380 -0.000236 -1.107804 -0.000001 0.000000 0.000000
    46 -0.122639 -0.721856 0.661690 -0.486644 0.223964 0.243056
    47 2.622113 -0.000648 0.002741 -0.178465 0.119225 0.003610
    48 2.654002 0.004589 -0.000533 0.322092 0.240126 1.085285
    49 2.200016 0.001663 0.004743 0.262942 -0.039562 1.072963
    50 0.599951 0.959244 0.300102 0.174544 0.000000 0.000000
    51 2.556570 -0.004291 0.000554 0.263767 0.129479 1.165880
    52 2.103851 0.001708 -0.001014 0.507270 -0.184835 0.648389
    53 0.999374 -0.000237 1.256238 0.000000 0.000000 -0.070601
    54 0.310846 -0.606445 -0.498005 0.308107 -0.197598 0.313976
    55 1.873069 -0.004741 -0.000994 -0.000007 0.000004 0.225617
    56 1.200941 0.399582 -0.000237 -0.009465 0.016087 0.007127
    57 0.000586 0.100342 -0.000319 -0.120035 -0.021926 -0.209617
    58 -0.161663 0.051712 0.194808 -2.941982 0.122408 -0.060194
    59 2.010092 -0.007109 -0.003377 0.000018 0.000013 0.447639
    60 0.000240 0.099802 -0.000395 -0.018823 0.010833 -0.239219
    61 -0.203197 0.048607 0.069150 -3.093332 0.033217 -0.046722
    62 1.180428 -0.006214 0.000780 -0.000014 0.000012 0.748744
    63 -0.000196 0.099625 -0.000034 0.000000 0.000000 -0.314102
    64 -0.088736 -0.688435 -0.145203 2.930407 -0.136130 0.513013
    65 1.712069 0.000578 -0.000088 0.000023 -0.000021 0.780352
    66 -0.000580 0.100145 -0.000311 -0.010912 0.023129 -0.260841
    67 -0.146030 -0.232426 -0.014225 3.028455 -0.094299 0.113020
    68 1.290632 0.000362 -0.000032 0.000000 0.000048 -0.313965
    69 -0.658121 -0.003575 0.072645 -0.142711 0.027792 -0.077299
    70 1.868080 -0.003049 0.006083 0.000003 -0.000021 0.223397
    71 1.200079 0.399944 -0.000093 0.009465 -0.016087 0.007127
    72 0.000591 0.100342 0.000319 0.120035 0.021926 -0.209617
    73 0.068077 0.002285 -0.080050 3.111376 -0.069366 -0.060847
    74 2.011874 -0.005083 0.006086 0.000011 -0.000037 1.297769
    75 0.000229 0.099802 0.000395 0.018823 -0.010833 -0.239219
    76 -0.018673 -0.001009 0.047544 3.109244 0.002635 -0.106673
    77 1.178665 0.001595 0.000845 0.000000 0.000000 0.669112
    78 -0.000198 0.099628 0.000034 0.000000 0.000000 -0.314102
    79 0.036892 -0.634449 0.266284 -2.801062 0.174301 0.490914
    80 1.704350 -0.002506 -0.004592 -0.000046 -0.000037 1.003564
    81 -0.000576 0.100136 0.000311 0.010914 -0.023129 -0.260841
    82 -0.003952 -0.281811 0.115047 -3.059162 0.089004 0.167964
    83 1.289627 0.003949 0.000061 -0.000014 0.000003 0.360537
    84 -0.171528 -0.018148 -0.099873 0.013484 -0.062184 -0.011780
    85 0.912716 0.007240 0.001326 0.000066 0.000009 0.509841
    86 -0.342617 0.053404 -0.025571 -2.909301 -0.017248 0.075276
    87 1.100231 -0.004837 -0.002434 0.000009 0.000014 0.326342
    88 -0.384983 0.330998 0.006848 -3.087207 -0.018765 -0.184279
    89 0.678146 0.002286 0.000002 -0.000018 -0.000019 0.201639
    90 -0.123848 0.072737 0.029507 2.898184 -0.060627 0.094834
    91 1.017166 -0.000154 -0.000252 -0.000023 -0.000014 0.255326
    92 -0.344986 0.123129 0.143151 2.994981 0.012396 0.059140
    93 -0.730988 0.177046 0.039141 -0.123731 0.076518 -0.084310
    94 0.921993 0.001298 -0.000896 -0.000002 0.000001 0.134192
    95 -0.124027 -0.052092 0.038496 3.077813 -0.008519 0.039229
    96 1.100430 -0.007458 0.000503 0.000041 0.000030 0.904180
    97 -0.330082 0.160641 0.042780 3.128073 0.034033 -0.171236
    98 0.675854 0.005438 0.003272 0.000014 0.000015 0.945929
    99 -0.019516 -0.016531 0.038578 -2.763781 0.050305 0.076828
    100 1.014985 0.005113 0.001121 -0.000018 0.000019 0.984583
    101 -0.155312 0.130643 -0.021921 -3.022466 0.022433 -0.024903
    102 -0.252209 0.061937 -0.024914 -0.007671 -0.063171 -0.044392
    103 -0.085991 0.185203 -0.015180 -2.937063 -0.113970 -0.138991
    104 -0.286537 0.179852 0.024264 -3.109353 -0.049645 -0.029915
    105 -0.019489 0.147084 0.079203 2.893815 0.038585 -0.060594
    106 -0.046482 0.251898 0.129548 3.016165 0.077112 -0.042864
    107 0.039120 -0.040298 0.047739 3.084219 0.030470 -0.037414
    108 -0.233757 0.066630 0.001754 -3.133086 0.040141 -0.065413
    109 0.044266 0.020128 0.001684 -2.778763 -0.118872 -0.040488
    110 0.071495 0.074127 -0.048302 -3.035917 -0.059482 0.104366
    111 0.000000 0.000000 0.000000 0.000000 0.000000 -1.570796
    112 15.324686 -3.613392 -2.910245 0.077219 -0.050569 0.002705
    113 -3.996216 8.320566 -2.000061 0.650394 -0.824657 -1.583147
    114 -1.541997 0.000000 1.809996 0.000000 0.000000 0.000000
    115 5.560989 0.000000 1.164998 0.000000 0.000000 0.000000
    116 1.770997 -0.313999 1.249997 0.000000 0.000000 -1.570817
    117 3.817992 0.000000 -0.014000 0.000000 0.000000 0.000000
    118 -0.469999 0.000000 -3.436993 0.000000 0.000000 0.000000
    119 -2.237996 0.000000 -3.187994 0.000000 0.000000 0.000000
    120 3.318993 0.000000 3.457993 0.000000 -0.159179 0.000000
    121 0.000000 0.000000 0.000000 0.000000 0.000000 0.000000
    122 0.532999 0.510999 -0.840998 0.000000 0.000000 0.000000
    123 0.000000 0.000000 0.000000 0.000000 0.000000 0.000000
    124 -0.106000 0.000000 64.320000 0.000000 0.000000 0.000000
    125 0.000000 0.000000 0.000000 0.000000 0.000000 0.000000
    126 0.000000 0.000000 0.000000 0.020985 -0.000683 -0.003116
    127 25.167934 -3.497458 8.119676 0.077203 -0.050562 0.002753
    128 0.106000 0.000000 -64.320000 0.000000 0.000000 0.000000
    129 0.000000 0.000000 0.000000 0.000000 0.000000 0.000000
    130 0.000000 0.000000 -4.867002 -3.141592 0.000000 -3.128591
    131 0.000000 0.000000 4.867000 -3.141592 0.000000 -3.128591
    132 4.000000 -6.500000 0.000000 0.000000 0.000000 0.000977
    133 -6.500000 0.000000 0.000000 0.000000 1.570796 0.000000
    134 1.000088 -0.000029 0.000000 0.000000 0.000000 0.000000
    135 17.162516 -0.000404 0.000000 0.000000 0.000000 0.119214
    136 9.999891 -0.000303 0.000000 0.000000 0.000000 0.000000
    137 1.000088 -0.000029 0.000000 0.000000 0.000000 0.000000
    138 17.162516 -0.000404 0.000000 0.000000 0.000000 0.119214
    139 9.499836 0.000212 0.000000 0.000000 0.000000 0.000000
    140 0.000000 0.000000 0.000000 0.000000 0.000000 0.000000
    141 17.749374 0.295515 0.000000 0.000000 0.000000 -1.158958
    142 0.017889 0.299792 0.000000 0.000000 0.000000 -0.059582
    143 12.283573 1.581456 -4.696000 1.462269 -0.086726 0.090185
    144 17.749376 0.295515 0.000000 0.000000 0.000000 -1.158958
    145 0.017889 0.299792 0.000000 0.000000 0.000000 -0.059582
    146 13.354000 0.000000 0.000000 0.000000 0.000000 -0.294101
    147 4.530998 0.000000 0.000000 0.000000 0.000000 0.000000
    148 0.000000 0.000000 0.000000 0.000000 0.000000 0.000000
    149 5.413524 0.000347 0.000000 0.000000 0.000000 -0.518055
    150 5.413524 0.000347 0.000000 0.000000 0.000000 -0.518055
    151 4.662001 -5.366332 4.825191 1.569715 1.561305 -3.121216
    152 3.116966 -0.000443 0.000000 0.000000 0.000000 0.294101
    153 4.531197 0.000000 0.000000 0.000000 0.000000 0.000000
    154 -2.009659 0.003000 0.258468 0.000000 -0.029051 0.000000
    155 -4.638618 0.003000 0.015000 0.000000 0.000000 0.000000
    156 -17.922984 -0.855495 -57.223719 -0.077392 0.050540 -0.006573
    157 -0.027043 0.005322 3.199706 0.000000 0.305147 0.000000
    158 3.512001 -3.547000 -1.066000 0.000000 1.570796 0.000000
    159 3.456001 -3.517000 1.169000 0.000000 1.570796 0.000000
    160 6.233002 0.000000 0.000000 0.000000 0.000000 0.000000
    161 -0.171997 -0.106000 -0.902000 1.570713 1.029176 -3.134550
    162 6.241997 -6.380000 0.136723 -0.003116 -0.020973 0.000743
    163 1.947000 -0.003000 -0.278000 0.000000 0.000000 0.000000
    164 -2.941000 -0.003000 0.381000 0.000000 0.000000 0.000000
    165 -2.941000 -0.003000 0.381000 0.000000 0.000000 0.000000
    166 -0.070000 -0.003000 0.481000 0.000000 0.000000 0.000000
    167 -0.002780 0.000000 0.017476 0.000000 -0.382450 0.000024
    168 3.999434 -0.000527 -0.000332 -0.746361 -0.000024 0.000072
    169 3.999901 0.000038 0.001011 0.258983 0.000000 0.000000
    170 1.598000 0.000000 0.000000 0.000000 0.000000 0.000000
    171 -1.145525 0.000130 0.000668 0.000000 0.000000 0.000000
    172 2.299679 -2.499979 -0.599480 0.891953 0.221513 -0.527302
    173 9.475684 -4.753987 5.249858 2.816069 -1.097258 -0.394181
    174 -9.580671 -27.862106 -37.184677 0.812879 -0.123459 -0.568477
    175 0.649933 -0.548295 0.093651 -1.665913 -0.131399 -0.112062
    176 0.657074 0.008402 0.040371 -1.665945 -0.131407 -0.000013
    177 0.665776 0.747221 -0.029190 -1.665935 -0.131408 0.094976
    178 2.300139 -2.499413 0.600159 -0.892049 -0.221500 -0.527253
    179 12.187820 1.068084 0.992054 1.811734 -0.001386 0.197532
    180 2.762350 0.116951 1.523975 1.629482 0.064153 1.743800
    181 7.228317 7.928197 -3.925652 2.328713 0.123459 -0.568477
    182 0.650394 -0.547730 -0.092979 1.665913 0.131399 -0.112062
    183 0.657069 0.008398 -0.040379 1.665945 0.131407 -0.000013
    184 0.665775 0.747221 0.029179 1.665935 0.131408 0.094976
    185 -4.481003 -0.202000 0.000000 0.000000 0.000000 0.000000
    186 -5.516998 -0.291000 -0.001000 0.000000 0.000000 0.000000
    187 -0.857700 0.104071 0.104683 0.023536 0.163924 0.013632
    188 1.899119 0.000423 -0.000439 0.027386 -0.033311 0.477848
    189 1.799661 -0.000233 0.000231 0.027386 -0.033311 0.477848
    190 1.799661 -0.000233 0.000231 0.027386 -0.033311 0.477848
    191 1.799661 -0.000233 0.000231 0.027386 -0.033311 0.477848
    192 1.900310 -0.000137 -0.000517 0.027386 -0.033311 0.477848
    193 1.899435 -0.000317 -0.000150 -0.027386 0.033311 0.477848
    194 1.799662 -0.000240 -0.000233 -0.027386 0.033311 0.477848
    195 1.799662 -0.000240 -0.000233 -0.027386 0.033311 0.477848
    196 1.799662 -0.000240 -0.000233 -0.027386 0.033311 0.477848
    197 1.900729 0.000553 -0.000072 -0.027386 0.033311 0.477848
    198 0.599884 0.400187 -0.000031 0.000000 0.000000 0.000000
    199 0.599886 0.400185 0.000034 0.000000 0.000000 -3.141592
    200 0.599503 0.400694 0.000234 0.000000 0.000000 0.000000
    201 0.600029 -0.000020 -0.000019 0.000000 0.000000 -3.141592
  time 27
    0 0.000000 0.000000 0.000000 0.000000 0.000000 -1.570796
    1 -0.106323 0.000000 -0.000198 0.000000 0.000000 0.000000
    2 0.000000 0.000000 0.000000 0.000000 0.000000 0.000000
    3 -0.904000 0.000000 -11.806000 0.000000 0.000000 0.000000
    4 0.000000 0.000000 -14.313999 0.000000 -1.570796 1.570857
    5 3.533001 0.000000 0.000000 0.000000 0.000000 0.000000
    6 6.250000 0.000000 0.000000 0.000000 0.000000 0.000000
    7 9.568951 1.765704 -1.951833 -0.567136 1.417029 -0.569346
    8 9.562500 1.924805 1.815430 0.098301 -1.350314 -0.096174
    9 5.786820 0.002787 -0.000113 -0.663003 0.379246 -1.671605
    10 5.999492 -0.000592 -4.000343 0.000000 0.000000 0.000000
    11 5.791316 0.002582 0.004799 1.002897 -0.661465 -1.326745
    12 5.999492 -0.000592 4.000336 0.000000 0.000000 0.000000
    13 0.500225 0.000133 -0.000088 -0.144440 0.000000 0.000000
    14 11.534559 0.004255 -0.001312 -0.000017 0.000009 -0.842429
    15 -0.829338 0.893824 0.079659 -0.148839 0.047645 0.087266
    16 0.500225 0.000132 0.000076 -0.175686 0.000000 0.000000
    17 11.536401 0.004432 -0.000089 0.000006 0.000062 -1.646116
    18 -0.829586 0.894698 -0.079464 0.045377 -0.019621 0.087266
    19 10.599884 0.000105 -0.000553 -1.414796 0.000000 -0.000084
    20 0.119665 -0.275181 -0.000805 0.000000 0.000011 0.421174
    21 11.042057 -0.000189 0.000798 -1.275347 -0.383866 -0.375361
    22 -1.214832 0.203470 -0.477489 -0.135025 -0.078677 -0.001289
    23 10.599880 0.000105 0.000549 0.534172 0.000000 0.000048
    24 0.568896 -0.517376 0.000801 0.000024 0.000049 0.823031
    25 11.041742 0.003171 -0.000571 0.450759 0.234213 0.769936
    26 -1.063377 0.077663 0.150230 0.045121 0.020046 -0.012850
    27 0.610302 -0.939470 0.070343 -1.696467 -0.241504 -0.158646
    28 0.639940 -0.199121 0.060188 -1.667688 -0.228586 -0.056943
    29 0.600155 1.080261 -0.339535 -1.736220 -0.059494 0.073840
    30 0.610207 0.400743 -0.010101 -1.763935 -0.145891 0.059507
    31 0.634715 -0.693997 -0.236250 0.053507 -0.150877 -0.895457
    32 -0.792125 0.203736 0.461300 1.439074 -0.003453 -0.018305
    33 0.610300 -0.939469 -0.070351 1.655649 0.171886 -0.172859
    34 0.639937 -0.199121 -0.060200 1.671196 0.183129 -0.036809
    35 0.600157 1.080259 0.339531 1.741630 0.106906 0.153573
    36 0.610205 0.400743 0.010086 1.766570 0.125877 0.080216
    37 0.624002 -0.691393 0.232270 -0.819876 -0.541243 -0.936403
    38 -0.626031 -0.069983 -0.080517 -1.447153 0.086151 0.021559
    39 2.621377 -0.002532 -0.001438 -0.209004 -0.160742 -0.218461
    40 2.660837 0.000397 -0.000071 -0.210579 -0.200567 0.053642
    41 2.206394 0.003368 -0.002863 0.010508 -0.165436 -0.305924
    42 0.599952 0.959240 -0.300102 -0.174544 0.000000 0.000000
    43 2.553283 -0.001967 0.006359 0.058065 -0.008690 0.092862
    44 2.095024 -0.003873 -0.006100 -0.306993 0.119462 0.245098
    45 0.999380 -0.000236 -1.154680 -0.000001 0.000000 0.000000
    46 -0.122639 -0.721856 0.661690 -0.486644 0.223964 0.243056
    47 2.622113 -0.004555 0.002741 -0.178465 0.119225 0.003610
    48 2.654002 0.004589 -0.000533 0.322092 0.240126 1.085285
    49 2.200016 0.001663 0.000836 0.262942 -0.039550 1.072963
    50 0.599951 0.959244 0.300102 0.174544 0.000000 0.000000
    51 2.556570 -0.004291 0.000554 0.263767 0.129479 1.165880
    52 2.103851 0.005614 -0.001014 0.507230 -0.184871 0.648368
    53 0.999374 -0.000237 1.260145 0.000000 0.000000 -0.070589
    54 0.310846 -0.606445 -0.498005 0.308107 -0.197598 0.313976
    55 1.869163 -0.004741 -0.000994 -0.000007 0.000004 0.271276
    56 1.200941 0.399582 -0.000237 -0.009465 0.016087 0.007127
    57 0.000586 0.100342 -0.000319 -0.120035 -0.021926 -0.209617
    58 -0.161663 0.051712 0.194808 -2.941982 0.122408 -0.060194
    59 2.010092 -0.007109 -0.003377 0.000018 0.000013 0.478976
    60 0.000240 0.099802 -0.000395 -0.018823 0.010833 -0.239219
    61 -0.203197 0.048607 0.069150 -3.093332 0.033217 -0.046722
    62 1.180428 -0.006214 0.000780 -0.000002 0.000036 0.711217
    63 -0.000196 0.099625 -0.000034 0.000000 0.000000 -0.314102
    64 -0.088736 -0.688435 -0.145203 2.930407 -0.136130 0.513013
    65 1.712069 -0.003328 0.003818 0.000023 -0.000021 0.748712
    66 -0.000580 0.100145 -0.000311 -0.010912 0.023129 -0.260841
    67 -0.146030 -0.232426 -0.014225 3.028455 -0.094299 0.113020
    68 1.290632 0.000362 -0.000032 0.000060 0.000000 -0.299894
    69 -0.658121 -0.003575 0.072645 -0.142711 0.027792 -0.077299
    70 1.868080 -0.006956 0.006083 0.000003 -0.000021 0.223397
    71 1.200079 0.399944 -0.000093 0.009465 -0.016087 0.007127
    72 0.000591 0.100342 0.000319 0.120035 0.021926 -0.209617
    73 0.068077 0.002285 -0.080050 3.111376 -0.069366 -0.060847
    74 2.015780 -0.005083 0.006086 0.000011 -0.000037 1.297769
    75 0.000229 0.099802 0.000395 0.018823 -0.010833 -0.239219
    76 -0.018673 -0.001009 0.047544 3.109244 0.002635 -0.106673
    77 1.178665 0.001595 0.000845 0.000000 0.000000 0.669112
    78 -0.000198 0.099628 0.000034 0.000000 0.000000 -0.314102
    79 0.036892 -0.634449 0.266284 -2.801062 0.174301 0.490914
    80 1.708256 -0.006412 -0.004592 -0.000034 -0.000037 1.003564
    81 -0.000576 0.100136 0.000311 0.010914 -0.023129 -0.260841
    82 -0.003952 -0.281811 0.115047 -3.059162 0.089004 0.167964
    83 1.289627 0.003949 0.000061 -0.000014 0.000003 0.360537
    84 -0.171528 -0.018148 -0.099873 0.013484 -0.062184 -0.011780
    85 0.912716 0.007240 0.001326 0.000019 0.000021 0.543919
    86 -0.342617 0.053404 -0.025571 -2.909301 -0.017248 0.075276
    87 1.100231 -0.000930 -0.002434 0.000009 0.000014 0.333620
    88 -0.384983 0.330998 0.006848 -3.087207 -0.018765 -0.184279
    89 0.678146 0.006192 0.000002 -0.000006 0.000041 0.214032
    90 -0.123848 0.072737 0.029507 2.898184 -0.060627 0.094834
    91 1.017166 -0.000154 -0.000252 -0.000023 -0.000014 0.264751
    92 -0.344986 0.123129 0.143151 2.994981 0.012396 0.059140
    93 -0.730988 0.177046 0.039141 -0.123731 0.076518 -0.084310
    94 0.925900 0.001298 -0.000896 -0.000002 0.000001 0.134227
    95 -0.124027 -0.052092 0.038496 3.077813 -0.008519 0.039229
    96 1.100430 -0.003552 0.000503 0.000041 0.000030 0.904180
    97 -0.330082 0.160641 0.042780 3.128073 0.034033 -0.171236
    98 0.675854 0.005438 0.003272 0.000014 0.000003 0.945929
    99 -0.019516 -0.016531 0.038578 -2.763781 0.050305 0.076828
    100 1.018891 0.001206 0.001121 -0.000018 0.000019 0.984583
    101 -0.155312 0.130643 -0.021921 -3.022466 0.022433 -0.024903
    102 -0.252209 0.061937 -0.024914 -0.007671 -0.063171 -0.044392
    103 -0.085991 0.185203 -0.015180 -2.937063 -0.113970 -0.138991
    104 -0.286537 0.179852 0.024264 -3.109353 -0.049645 -0.029915
    105 -0.019489 0.147084 0.079203 2.893815 0.038585 -0.060594
    106 -0.046482 0.251898 0.129548 3.016165 0.077112 -0.042864
    107 0.039120 -0.040298 0.047739 3.084219 0.030470 -0.037414
    108 -0.233757 0.066630 0.001754 -3.133086 0.040141 -0.065413
    109 0.044266 0.020128 0.001684 -2.778763 -0.118872 -0.040488
    110 0.071495 0.074127 -0.048302 -3.035917 -0.059482 0.104366
    111 0.000000 0.000000 0.000000 0.000000 0.000000 -1.570796
    112 15.605945 -3.562609 -2.843837 0.065698 -0.021445 0.004757
    113 -3.968871 8.004151 -1.238319 0.633279 -0.795562 -1.569252
    114 -1.541997 0.000000 1.809996 0.000000 0.000000 0.000000
    115 5.560989 0.000000 1.164998 0.000000 0.000000 0.000000
    116 1.770997 -0.313999 1.249997 0.000000 0.000000 -1.570817
    117 3.817992 0.000000 -0.014000 0.000000 0.000000 0.000000
    118 -0.469999 0.000000 -3.436993 0.000000 0.000000 0.000000
    119 -2.237996 0.000000 -3.187994 0.000000 0.000000 0.000000
    120 3.318993 0.000000 3.457993 0.000000 -0.159179 0.000000
    121 0.000000 0.000000 0.000000 0.000000 0.000000 0.000000
    122 0.532999 0.510999 -0.840998 0.000000 0.000000 0.000000
    123 0.000000 0.000000 0.000000 0.000000 0.000000 0.000000
    124 -0.106000 0.000000 64.320000 0.000000 0.000000 0.000000
    125 0.000000 0.000000 0.000000 0.000000 0.000000 0.000000
    126 0.000000 0.000000 0.000000 0.016479 0.000983 -0.001498
    127 25.421848 -3.446675 7.943889 0.065586 -0.021439 0.004805
    128 0.106000 0.000000 -64.320000 0.000000 0.000000 0.000000
    129 0.000000 0.000000 0.000000 0.000000 0.000000 0.000000
    130 0.000000 0.000000 -4.867002 -3.141592 0.000000 -3.128591
    131 0.000000 0.000000 4.867000 -3.141592 0.000000 -3.128591
    132 4.000000 -6.500000 0.000000 0.000000 0.000000 0.000977
    133 -6.500000 0.000000 0.000000 0.000000 1.570796 0.000000
    134 1.000088 -0.000029 0.000000 0.000000 0.000000 0.000000
    135 17.162516 -0.000404 0.000000 0.000000 0.000000 0.119214
    136 9.999891 -0.000303 0.000000 0.000000 0.000000 0.000000
    137 1.000088 -0.000029 0.000000 0.000000 0.000000 0.000000
    138 17.162516 -0.000404 0.000000 0.000000 0.000000 0.119214
    139 9.499836 0.000212 0.000000 0.000000 0.000000 0.000000
    140 0.000000 0.000000 0.000000 0.000000 0.000000 0.000000
    141 17.749374 0.295515 0.000000 0.000000 0.000000 -1.158958
    142 0.017889 0.299792 0.000000 0.000000 0.000000 -0.059582
    143 12.283573 1.581456 -4.696000 1.462269 -0.086726 0.090185
    144 17.749376 0.295515 0.000000 0.000000 0.000000 -1.158958
    145 0.017889 0.299792 0.000000 0.000000 0.000000 -0.059582
    146 13.354000 0.000000 0.000000 0.000000 0.000000 -0.294101
    147 4.530998 0.000000 0.000000 0.000000 0.000000 0.000000
    148 0.000000 0.000000 0.000000 0.000000 0.000000 0.000000
    149 5.413524 0.000347 0.000000 0.000000 0.000000 -0.518055
    150 5.413524 0.000347 0.000000 0.000000 0.000000 -0.518055
    151 4.662001 -5.366332 4.825191 1.569715 1.561305 -3.121216
    152 3.116966 -0.000443 0.000000 0.000000 0.000000 0.294101
    153 4.531197 0.000000 0.000000 0.000000 0.000000 0.000000
    154 -1.912000 0.003000 0.278000 0.000000 0.000000 0.000000
    155 -3.830000 0.003000 0.015000 0.000000 0.000000 0.000000
    156 -16.415125 -0.210944 -57.801862 -0.065757 0.021158 -0.006124
    157 -0.027043 0.005322 3.199706 0.000000 0.305147 0.000000
    158 3.512001 -3.547000 -1.066000 0.000000 1.570796 0.000000
    159 3.456001 -3.517000 1.169000 0.000000 1.570796 0.000000
    160 6.233002 0.000000 0.000000 0.000000 0.000000 0.000000
    161 -0.171997 -0.106000 -0.902000 1.570713 1.029176 -3.134550
    162 6.238090 -6.380000 0.105472 -0.001498 -0.016479 -0.000959
    163 1.947000 -0.003000 -0.278000 0.000000 0.000000 0.000000
    164 -2.941000 -0.003000 0.381000 0.000000 0.000000 0.000000
    165 -2.941000 -0.003000 0.381000 0.000000 0.000000 0.000000
    166 -0.070000 -0.003000 0.481000 0.000000 0.000000 0.000000
    167 -0.002780 0.000000 0.017476 0.000000 -0.382450 0.000024
    168 3.999434 -0.000527 -0.000332 -0.707354 -0.000012 -0.000048
    169 3.999901 0.000038 0.001011 0.267083 0.000000 0.000048
    170 1.598000 0.000000 0.000000 0.000000 0.000000 0.000000
    171 -1.145525 0.000130 0.000668 0.000000 0.000000 0.000000
    172 2.299679 -2.499979 -0.599480 0.891953 0.221525 -0.527302
    173 8.952231 -2.746113 5.019382 2.337423 -1.024810 0.019433
    174 -9.580671 -27.862106 -37.184677 0.812879 -0.123459 -0.568477
    175 0.649933 -0.548295 0.093651 -1.665913 -0.131399 -0.112062
    176 0.657074 0.008402 0.040371 -1.665945 -0.131407 -0.000013
    177 0.665776 0.747221 -0.029190 -1.665935 -0.131408 0.094976
    178 2.300139 -2.499413 0.600159 -0.892049 -0.221500 -0.527253
    179 12.187820 1.068084 0.992054 1.811734 -0.001386 0.197532
    180 2.762350 0.116951 1.523975 1.629482 0.064153 1.743800
    181 7.228317 7.928197 -3.925652 2.328713 0.123459 -0.568477
    182 0.650394 -0.547730 -0.092979 1.665913 0.131399 -0.112062
    183 0.657069 0.008398 -0.040379 1.665945 0.131407 -0.000013
    184 0.665775 0.747221 0.029179 1.665935 0.131408 0.094976
    185 -4.481003 -0.202000 0.000000 0.000000 0.000000 0.000000
    186 -5.516998 -0.291000 -0.001000 0.000000 0.000000 0.000000
    187 -0.857700 0.104071 0.104683 0.023536 0.163924 0.013632
    188 1.899119 0.000423 -0.000439 0.027386 -0.033311 0.477848
    189 1.799661 -0.000233 0.000231 0.027386 -0.033311 0.477848
    190 1.799661 -0.000233 0.000231 0.027386 -0.033311 0.477848
    191 1.799661 -0.000233 0.000231 0.027386 -0.033311 0.477848
    192 1.900310 -0.000137 -0.000517 0.027386 -0.033311 0.477848
    193 1.899435 -0.000317 -0.000150 -0.027386 0.033311 0.477848
    194 1.799662 -0.000240 -0.000233 -0.027386 0.033311 0.477848
    195 1.799662 -0.000240 -0.000233 -0.027386 0.033311 0.477848
    196 1.799662 -0.000240 -0.000233 -0.027386 0.033311 0.477848
    197 1.900729 0.000553 -0.000072 -0.027386 0.033311 0.477848
    198 0.599884 0.400187 -0.000031 0.000000 0.000000 0.000000
    199 0.599886 0.400185 0.000034 0.000000 0.000000 -3.141592
    200 0.599503 0.400694 0.000234 0.000000 0.000000 0.000000
    201 0.600029 -0.000020 -0.000019 0.000000 0.000000 -3.141592
  time 28
    0 0.000000 0.000000 0.000000 0.000000 0.000000 -1.570796
    1 -0.106323 0.000000 -0.000198 0.000000 0.000000 0.000000
    2 0.000000 0.000000 0.000000 0.000000 0.000000 0.000000
    3 -0.904000 0.000000 -11.806000 0.000000 0.000000 0.000000
    4 0.000000 0.000000 -14.313999 0.000000 -1.570796 1.570857
    5 3.533001 0.000000 0.000000 0.000000 0.000000 0.000000
    6 6.250000 0.000000 0.000000 0.000000 0.000000 0.000000
    7 9.568951 1.921959 -1.819016 -0.161306 1.437249 -0.160166
    8 9.562500 1.924805 1.815430 0.098301 -1.350314 -0.096174
    9 5.790726 0.002787 -0.000113 -0.677906 0.359768 -1.678694
    10 5.999492 -0.000592 -4.000343 0.000000 0.000000 0.000000
    11 5.791316 0.002582 0.004799 1.001311 -0.662956 -1.324296
    12 5.999492 -0.000592 4.000336 0.000000 0.000000 0.000000
    13 0.500225 0.000133 -0.000088 -0.132010 0.000000 0.000000
    14 11.534559 0.000348 -0.001312 0.000019 -0.000051 -0.975330
    15 -0.829338 0.893824 0.079659 -0.148839 0.047645 0.087266
    16 0.500225 0.000132 0.000076 -0.176571 0.000000 0.000000
    17 11.536401 0.004432 -0.000089 -0.000078 -0.000022 -1.658429
    18 -0.829586 0.894698 -0.079464 0.045377 -0.019621 0.087266
    19 10.599884 0.000105 -0.000553 -1.275908 0.000000 0.000000
    20 0.139197 -0.282994 -0.000805 0.000000 0.000011 0.487745
    21 11.042057 -0.000189 0.000798 -1.268825 -0.228087 -0.066221
    22 -1.214832 0.203470 -0.477489 -0.135025 -0.078677 -0.001289
    23 10.599880 0.000105 0.000549 0.522293 0.000000 0.000000
    24 0.561083 -0.517376 0.000801 0.000000 -0.000011 0.829213
    25 11.041742 0.003171 -0.000571 0.438136 0.241910 0.779298
    26 -1.063377 0.077663 0.150230 0.045121 0.020046 -0.012850
    27 0.610302 -0.939470 0.070343 -1.685151 -0.200481 -0.164650
    28 0.639940 -0.199121 0.060188 -1.666824 -0.187276 -0.061042
    29 0.600155 1.080261 -0.339535 -1.737811 -0.022019 0.067668
    30 0.610207 0.400743 -0.010101 -1.762913 -0.105156 0.051441
    31 0.634715 -0.693997 -0.232343 0.029934 -0.187585 -0.793645
    32 -0.792125 0.203736 0.461300 1.439074 -0.003453 -0.018305
    33 0.610300 -0.939469 -0.070351 1.655649 0.171874 -0.172859
    34 0.639937 -0.199121 -0.060200 1.671196 0.183117 -0.036809
    35 0.600157 1.080259 0.339531 1.741577 0.106906 0.153573
    36 0.610205 0.400743 0.010086 1.766570 0.125877 0.080216
    37 0.624002 -0.691393 0.232270 -0.819876 -0.541243 -0.936440
    38 -0.626031 -0.069983 -0.080517 -1.447153 0.086151 0.021559
    39 2.621377 -0.002532 -0.001438 -0.272485 -0.151036 0.004063
    40 2.664743 0.000397 -0.000071 -0.228227 -0.154366 0.259726
    41 2.206394 0.003368 -0.002863 -0.047737 -0.118789 -0.052053
    42 0.599952 0.959240 -0.300102 -0.174544 0.000000 0.000000
    43 2.557190 -0.001967 0.002453 0.007871 0.005704 0.292499
    44 2.095024 -0.003873 -0.006100 -0.305962 0.124981 0.256149
    45 0.999380 -0.000236 -1.209370 -0.000001 0.000000 0.000000
    46 -0.122639 -0.721856 0.661690 -0.486644 0.223964 0.243056
    47 2.622113 -0.000648 0.002741 -0.178453 0.119225 0.003610
    48 2.657909 0.004589 -0.000533 0.322092 0.240126 1.085285
    49 2.200016 0.001663 0.000836 0.262942 -0.039562 1.072963
    50 0.599951 0.959244 0.300102 0.174544 0.000000 0.000000
    51 2.556570 -0.004291 0.000554 0.263767 0.129467 1.165880
    52 2.103851 0.005614 -0.001014 0.507230 -0.184931 0.648368
    53 0.999374 -0.000237 1.264051 0.000000 0.000000 -0.070589
    54 0.310846 -0.606445 -0.498005 0.308107 -0.197598 0.313976
    55 1.869163 -0.000835 -0.000994 0.000005 0.000063 0.385110
    56 1.200941 0.399582 -0.000237 -0.009465 0.016087 0.007127
    57 0.000586 0.100342 -0.000319 -0.120035 -0.021926 -0.209617
    58 -0.161663 0.051712 0.194808 -2.941982 0.122408 -0.060194
    59 2.010092 -0.007109 -0.003377 0.000018 0.000013 0.557269
    60 0.000240 0.099802 -0.000395 -0.018823 0.010833 -0.239219
    61 -0.203197 0.048607 0.069150 -3.093332 0.033217 -0.046722
    62 1.180428 -0.006214 0.000780 -0.000002 0.000060 0.673657
    63 -0.000196 0.099625 -0.000034 0.000000 0.000000 -0.314102
    64 -0.088736 -0.688435 -0.145203 2.930407 -0.136130 0.513013
    65 1.715976 -0.003328 0.003818 0.000023 -0.000021 0.726633
    66 -0.000580 0.100145 -0.000311 -0.010912 0.023129 -0.260841
    67 -0.146030 -0.232426 -0.014225 3.028455 -0.094299 0.113020
    68 1.290632 0.000362 -0.000032 0.000000 0.000000 -0.268429
    69 -0.658121 -0.003575 0.072645 -0.142711 0.027792 -0.077299
    70 1.868080 -0.003049 0.006083 0.000003 -0.000021 0.223397
    71 1.200079 0.399944 -0.000093 0.009465 -0.016087 0.007127
    72 0.000591 0.100342 0.000319 0.120035 0.021926 -0.209617
    73 0.068077 0.002285 -0.080050 3.111376 -0.069366 -0.060847
    74 2.011874 -0.005083 0.006086 0.000011 -0.000037 1.297769
    75 0.000229 0.099802 0.000395 0.018823 -0.010833 -0.239219
    76 -0.018673 -0.001009 0.047544 3.109244 0.002635 -0.106673
    77 1.178665 0.001595 0.000845 0.000000 0.000000 0.669112
    78 -0.000198 0.099628 0.000034 0.000000 0.000000 -0.314102
    79 0.036892 -0.634449 0.266284 -2.801062 0.174301 0.490914
    80 1.704350 -0.002506 -0.004592 -0.000034 -0.000037 1.003564
    81 -0.000576 0.100136 0.000311 0.010914 -0.023129 -0.260841
    82 -0.003952 -0.281811 0.115047 -3.059162 0.089004 0.167964
    83 1.289627 0.003949 0.000061 -0.000014 0.000003 0.360537
    84 -0.171528 -0.018148 -0.099873 0.013484 -0.062184 -0.011780
    85 0.912716 0.007240 0.001326 0.000019 0.000021 0.629154
    86 -0.342617 0.053404 -0.025571 -2.909301 -0.017248 0.075276
    87 1.100231 -0.000930 -0.002434 0.000009 0.000014 0.351878
    88 -0.384983 0.330998 0.006848 -3.087207 -0.018765 -0.184279
    89 0.678146 0.002286 0.000002 -0.000018 -0.000019 0.244688
    90 -0.123848 0.072737 0.029507 2.898184 -0.060627 0.094834
    91 1.017166 -0.000154 -0.000252 -0.000023 -0.000014 0.288181
    92 -0.344986 0.123129 0.143151 2.994981 0.012396 0.059140
    93 -0.730988 0.177046 0.039141 -0.123731 0.076518 -0.084310
    94 0.925900 0.001298 -0.000896 -0.000002 -0.000011 0.134227
    95 -0.124027 -0.052092 0.038496 3.077813 -0.008519 0.039229
    96 1.100430 -0.007458 0.000503 0.000041 0.000030 0.904205
    97 -0.330082 0.160641 0.042780 3.128073 0.034033 -0.171236
    98 0.675854 0.005438 0.003272 0.000014 0.000003 0.945929
    99 -0.019516 -0.016531 0.038578 -2.763781 0.050305 0.076828
    100 1.014985 0.005113 0.001121 -0.000030 0.000019 0.984583
    101 -0.155312 0.130643 -0.021921 -3.022466 0.022433 -0.024903
    102 -0.252209 0.061937 -0.024914 -0.007671 -0.063171 -0.044392
    103 -0.085991 0.185203 -0.015180 -2.937063 -0.113970 -0.138991
    104 -0.286537 0.179852 0.024264 -3.109353 -0.049645 -0.029915
    105 -0.019489 0.147084 0.079203 2.893815 0.038585 -0.060594
    106 -0.046482 0.251898 0.129548 3.016165 0.077112 -0.042864
    107 0.039120 -0.040298 0.047739 3.084219 0.030470 -0.037414
    108 -0.233757 0.066630 0.001754 -3.133086 0.040141 -0.065413
    109 0.044266 0.020128 0.001684 -2.778763 -0.118872 -0.040488
    110 0.071495 0.074127 -0.048302 -3.035917 -0.059482 0.104366
    111 0.000000 0.000000 0.000000 0.000000 0.000000 -1.570796
    112 15.496567 -3.554796 -2.789148 0.054272 -0.027344 -0.003731
    113 -3.738395 8.125248 -1.320353 0.617086 -0.801445 -1.566679
    114 -1.541997 0.000000 1.809996 0.000000 0.000000 0.000000
    115 5.560989 0.000000 1.164998 0.000000 0.000000 0.000000
    116 1.770997 -0.313999 1.249997 0.000000 0.000000 -1.570817
    117 3.817992 0.000000 -0.014000 0.000000 0.000000 0.000000
    118 -0.469999 0.000000 -3.436993 0.000000 0.000000 0.000000
    119 -2.237996 0.000000 -3.187994 0.000000 0.000000 0.000000
    120 3.318993 0.000000 3.457993 0.000000 -0.159179 0.000000
    121 0.000000 0.000000 0.000000 0.000000 0.000000 0.000000
    122 0.532999 0.510999 -0.840998 0.000000 0.000000 0.000000
    123 0.000000 0.000000 0.000000 0.000000 0.000000 0.000000
    124 -0.106000 0.000000 64.320000 0.000000 0.000000 0.000000
    125 0.000000 0.000000 0.000000 0.000000 0.000000 0.000000
    126 0.000000 0.000000 0.000000 0.005034 0.001330 -0.000491
    127 25.316376 -3.536522 8.037642 0.054255 -0.027338 -0.003683
    128 0.106000 0.000000 -64.320000 0.000000 0.000000 0.000000
    129 0.000000 0.000000 0.000000 0.000000 0.000000 0.000000
    130 0.000000 0.000000 -4.867002 -3.141592 0.000000 -3.128591
    131 0.000000 0.000000 4.867000 -3.141592 0.000000 -3.128591
    132 4.000000 -6.500000 0.000000 0.000000 0.000000 0.000977
    133 -6.500000 0.000000 0.000000 0.000000 1.570796 0.000000
    134 1.000088 -0.000029 0.000000 0.000000 0.000000 0.000000
    135 17.162516 -0.000404 0.000000 0.000000 0.000000 0.119214
    136 9.999891 -0.000303 0.000000 0.000000 0.000000 0.000000
    137 1.000088 -0.000029 0.000000 0.000000 0.000000 0.000000
    138 17.162516 -0.000404 0.000000 0.000000 0.000000 0.119214
    139 9.499836 0.000212 0.000000 0.000000 0.000000 0.000000
    140 0.000000 0.000000 0.000000 0.000000 0.000000 0.000000
    141 17.749374 0.295515 0.000000 0.000000 0.000000 -1.158958
    142 0.017889 0.299792 0.000000 0.000000 0.000000 -0.059582
    143 12.283573 1.581456 -4.696000 1.462269 -0.086726 0.090185
    144 17.749376 0.295515 0.000000 0.000000 0.000000 -1.158958
    145 0.017889 0.299792 0.000000 0.000000 0.000000 -0.059582
    146 13.354000 0.000000 0.000000 0.000000 0.000000 -0.294101
    147 4.530998 0.000000 0.000000 0.000000 0.000000 0.000000
    148 0.000000 0.000000 0.000000 0.000000 0.000000 0.000000
    149 5.413524 0.000347 0.000000 0.000000 0.000000 -0.518055
    150 5.413524 0.000347 0.000000 0.000000 0.000000 -0.518055
    151 4.662001 -5.366332 4.825191 1.569715 1.561305 -3.121216
    152 3.116966 -0.000443 0.000000 0.000000 0.000000 0.294101
    153 4.531197 0.000000 0.000000 0.000000 0.000000 0.000000
    154 -1.912000 0.003000 0.278000 0.000000 0.000000 0.000000
    155 -3.830000 0.003000 0.015000 0.000000 0.000000 0.000000
    156 -16.696384 0.335948 -57.747172 -0.054381 0.027608 0.002244
    157 -0.027043 0.005322 3.199706 0.000000 0.305192 0.000000
    158 3.512001 -3.547000 -1.066000 0.000000 1.570796 0.000000
    159 3.456001 -3.517000 1.169000 0.000000 1.570796 0.000000
    160 6.233002 0.000000 0.000000 0.000000 0.000000 0.000000
    161 -0.171997 -0.106000 -0.902000 1.570713 1.029176 -3.134550
    162 6.234184 -6.387813 0.031251 -0.000491 -0.005034 -0.001318
    163 1.947000 -0.003000 -0.278000 0.000000 0.000000 0.000000
    164 -2.941000 -0.003000 0.381000 0.000000 0.000000 0.000000
    165 -2.941000 -0.003000 0.381000 0.000000 0.000000 0.000000
    166 -0.070000 -0.003000 0.481000 0.000000 0.000000 0.000000
    167 -0.002780 0.000000 0.017476 0.000000 -0.382450 0.000024
    168 3.999434 -0.000527 -0.000332 -0.637905 -0.000048 0.000000
    169 3.999901 0.000038 0.001011 0.261179 0.000000 0.000000
    170 1.598000 0.000000 0.000000 0.000000 0.000000 0.000000
    171 -1.145525 0.000130 0.000668 0.000000 0.000000 0.000000
    172 2.299679 -2.499979 -0.599480 0.891953 0.221513 -0.527302
    173 9.241302 -2.441416 4.870940 2.165407 -0.866046 -0.006136
    174 -9.580671 -27.862106 -37.184677 0.812879 -0.123459 -0.568477
    175 0.649933 -0.548295 0.093651 -1.665913 -0.131399 -0.112062
    176 0.657074 0.008402 0.040371 -1.665945 -0.131407 -0.000013
    177 0.665776 0.747221 -0.029190 -1.665935 -0.131408 0.094976
    178 2.300139 -2.499413 0.600159 -0.892049 -0.221500 -0.527237
    179 12.187820 1.068084 0.992054 1.811734 -0.001398 0.197532
    180 2.762350 0.116951 1.523975 1.629482 0.064153 1.743800
    181 7.228317 7.928197 -3.925652 2.328713 0.123459 -0.568477
    182 0.650394 -0.547730 -0.092979 1.665913 0.131399 -0.112062
    183 0.657069 0.008398 -0.040379 1.665945 0.131407 -0.000013
    184 0.665775 0.747221 0.029179 1.665935 0.131408 0.094976
    185 -4.481003 -0.202000 0.000000 0.000000 0.000000 0.000000
    186 -5.516998 -0.291000 -0.001000 0.000000 0.000000 0.000000
    187 -0.857700 0.104071 0.104683 0.023536 0.163924 0.013632
    188 1.899119 0.000423 -0.000439 0.027386 -0.033311 0.477848
    189 1.799661 -0.000233 0.000231 0.027386 -0.033311 0.477848
    190 1.799661 -0.000233 0.000231 0.027386 -0.033311 0.477848
    191 1.799661 -0.000233 0.000231 0.027386 -0.033311 0.477848
    192 1.900310 -0.000137 -0.000517 0.027386 -0.033311 0.477848
    193 1.899435 -0.000317 -0.000150 -0.027386 0.033311 0.477848
    194 1.799662 -0.000240 -0.000233 -0.027386 0.033311 0.477848
    195 1.799662 -0.000240 -0.000233 -0.027386 0.033311 0.477848
    196 1.799662 -0.000240 -0.000233 -0.027386 0.033311 0.477848
    197 1.900729 0.000553 -0.000072 -0.027386 0.033311 0.477848
    198 0.599884 0.400187 -0.000031 0.000000 0.000000 0.000000
    199 0.599886 0.400185 0.000034 0.000000 0.000000 -3.141592
    200 0.599503 0.400694 0.000234 0.000000 0.000000 0.000000
    201 0.600029 -0.000020 -0.000019 0.000000 0.000000 -3.141592
  time 29
    0 0.000000 0.000000 0.000000 0.000000 0.000000 -1.570796
    1 -0.106323 0.000000 -0.000198 0.000000 0.000000 0.000000
    2 0.000000 0.000000 0.000000 0.000000 0.000000 0.000000
    3 -0.904000 0.000000 -11.806000 0.000000 0.000000 0.000000
    4 0.000000 0.000000 -14.313999 0.000000 -1.570796 1.570857
    5 3.533001 0.000000 0.000000 0.000000 0.000000 0.000000
    6 6.250000 0.000000 0.000000 0.000000 0.000000 0.000000
    7 9.568951 1.921959 -1.819016 -0.161306 1.437249 -0.160166
    8 9.562500 1.924805 1.815430 0.098301 -1.350314 -0.096174
    9 5.790726 0.002787 -0.000113 -0.710578 0.316436 -1.668624
    10 5.999492 -0.000592 -4.000343 0.000000 0.000000 0.000000
    11 5.791316 0.002582 0.004799 1.001153 -0.655166 -1.321848
    12 5.999492 -0.000592 4.000336 0.000000 0.000000 0.000000
    13 0.500225 0.000133 -0.000088 -0.101272 0.000000 0.000000
    14 11.534559 0.004255 -0.001312 0.000019 -0.000051 -1.002462
    15 -0.829338 0.893824 0.079659 -0.148839 0.047645 0.087266
    16 0.500225 0.000132 0.000076 -0.177432 0.000000 0.000000
    17 11.532495 0.004432 -0.000089 0.000006 0.000062 -1.662844
    18 -0.829586 0.894698 -0.079464 0.045377 -0.019621 0.087266
    19 10.599884 0.000105 -0.000553 -1.179458 0.000036 -0.000012
    20 0.158729 -0.294713 -0.000805 0.000000 0.000011 0.501261
    21 11.042057 0.003717 0.000798 -1.178271 -0.015345 0.125154
    22 -1.214832 0.203470 -0.477489 -0.135025 -0.078677 -0.001289
    23 10.599880 0.000105 0.000549 0.538914 0.000000 0.000000
    24 0.561083 -0.513469 0.000801 0.000000 -0.000011 0.831428
    25 11.041742 0.003171 -0.000571 0.436233 0.220340 0.813438
    26 -1.063377 0.077663 0.150230 0.045121 0.020046 -0.012850
    27 0.610302 -0.939470 0.070343 -1.674189 -0.159386 -0.170163
    28 0.639940 -0.199121 0.060188 -1.666112 -0.145977 -0.065057
    29 0.600155 1.080261 -0.339535 -1.739561 0.020551 0.060405
    30 0.610207 0.400743 -0.010101 -1.762268 -0.064384 0.043435
    31 0.630809 -0.693997 -0.232343 0.021556 -0.200133 -0.739972
    32 -0.792125 0.203736 0.461300 1.439074 -0.003453 -0.018305
    33 0.610300 -0.939469 -0.070351 1.655649 0.171886 -0.172859
    34 0.639937 -0.199121 -0.060200 1.671196 0.183117 -0.036809
    35 0.600157 1.080259 0.339531 1.741630 0.106906 0.153573
    36 0.610205 0.400743 0.010086 1.766570 0.125877 0.080216
    37 0.624002 -0.691393 0.232270 -0.817094 -0.548072 -0.936071
    38 -0.626031 -0.069983 -0.080517 -1.447153 0.086151 0.021559
    39 2.621377 -0.002532 -0.001438 -0.332418 -0.145129 0.293142
    40 2.664743 0.000397 -0.000071 -0.251162 -0.094395 0.527639
    41 2.202488 0.003368 -0.006769 -0.123456 -0.058108 0.278003
    42 0.599952 0.959240 -0.300102 -0.174544 0.000000 0.000000
    43 2.557190 -0.005873 0.006359 -0.057476 0.024352 0.552143
    44 2.095024 -0.003873 -0.006100 -0.303409 0.127622 0.275869
    45 0.999380 -0.000236 -1.256246 -0.000001 0.000000 0.000000
    46 -0.122639 -0.721856 0.661690 -0.486644 0.223964 0.243056
    47 2.622113 -0.004555 0.002741 -0.074470 0.239358 -0.038219
    48 2.654002 0.004589 -0.000533 0.322092 0.240138 1.085308
    49 2.200016 0.001663 0.000836 0.262942 -0.039550 1.072963
    50 0.599951 0.959244 0.300102 0.174544 0.000000 0.000000
    51 2.556570 -0.004291 0.000554 0.263767 0.129467 1.165880
    52 2.103851 0.001708 -0.001014 0.490915 -0.212723 0.706080
    53 0.999374 -0.000237 1.264051 0.000000 0.000000 -0.070589
    54 0.310846 -0.606445 -0.498005 0.308107 -0.197598 0.313976
    55 1.873069 -0.004741 -0.000994 0.000005 0.000039 0.533158
    56 1.200941 0.399582 -0.000237 -0.009465 0.016087 0.007127
    57 0.000586 0.100342 -0.000319 -0.120035 -0.021926 -0.209617
    58 -0.161663 0.051712 0.194808 -2.941982 0.122408 -0.060194
    59 2.010092 -0.003202 -0.003377 0.000018 0.000013 0.659280
    60 0.000240 0.099802 -0.000395 -0.018823 0.010833 -0.239219
    61 -0.203197 0.048607 0.069150 -3.093332 0.033217 -0.046722
    62 1.180428 -0.006214 0.000780 -0.000014 0.000012 0.639615
    63 -0.000196 0.099625 -0.000034 0.000000 0.000000 -0.314102
    64 -0.088736 -0.688435 -0.145203 2.930407 -0.136130 0.513013
    65 1.715976 -0.003328 0.003818 0.000023 -0.000021 0.712390
    66 -0.000580 0.100145 -0.000311 -0.010912 0.023129 -0.260841
    67 -0.146030 -0.232426 -0.014225 3.028455 -0.094299 0.113020
    68 1.290632 0.000362 -0.000032 0.000000 0.000000 -0.232972
    69 -0.658121 -0.003575 0.072645 -0.142711 0.027792 -0.077299
    70 1.868080 -0.003049 0.006083 -0.000009 -0.000081 0.283138
    71 1.200079 0.399944 -0.000093 0.009465 -0.016087 0.007127
    72 0.000591 0.100342 0.000319 0.120035 0.021926 -0.209617
    73 0.068077 0.002285 -0.080050 3.111376 -0.069366 -0.060847
    74 2.011874 -0.005083 0.002180 0.000011 -0.000037 1.297769
    75 0.000229 0.099802 0.000395 0.018823 -0.010833 -0.239219
    76 -0.018673 -0.001009 0.047544 3.109244 0.002635 -0.106673
    77 1.178665 0.001595 0.000845 0.000000 0.000000 0.669112
    78 -0.000198 0.099628 0.000034 0.000000 0.000000 -0.314102
    79 0.036892 -0.634449 0.266284 -2.801062 0.174301 0.490914
    80 1.704350 -0.002506 -0.004592 -0.000034 -0.000037 1.003564
    81 -0.000576 0.100136 0.000311 0.010914 -0.023129 -0.260841
    82 -0.003952 -0.281811 0.115047 -3.059162 0.089004 0.167964
    83 1.289627 0.003949 0.000061 -0.000014 0.000039 0.125788
    84 -0.171528 -0.018148 -0.099873 0.013484 -0.062184 -0.011780
    85 0.912716 0.007240 0.001326 0.000019 0.000021 0.739814
    86 -0.342617 0.053404 -0.025571 -2.909301 -0.017248 0.075276
    87 1.100231 -0.000930 -0.002434 0.000009 0.000014 0.375584
    88 -0.384983 0.330998 0.006848 -3.087207 -0.018765 -0.184279
    89 0.678146 0.006192 0.000002 -0.000018 -0.000019 0.284676
    90 -0.123848 0.072737 0.029507 2.898184 -0.060627 0.094834
    91 1.017166 -0.000154 -0.000252 -0.000023 -0.000014 0.318746
    92 -0.344986 0.123129 0.143151 2.994981 0.012396 0.059140
    93 -0.730988 0.177046 0.039141 -0.123731 0.076518 -0.084310
    94 0.925900 0.001298 -0.000896 -0.000002 -0.000011 0.151549
    95 -0.124027 -0.052092 0.038496 3.077813 -0.008519 0.039229
    96 1.100430 -0.007458 0.000503 0.000041 0.000030 0.904205
    97 -0.330082 0.160641 0.042780 3.128073 0.034033 -0.171236
    98 0.675854 0.005438 0.003272 0.000014 0.000003 0.945929
    99 -0.019516 -0.016531 0.038578 -2.763781 0.050305 0.076828
    100 1.014985 0.005113 0.001121 -0.000030 0.000019 0.984583
    101 -0.155312 0.130643 -0.021921 -3.022466 0.022433 -0.024903
    102 -0.252209 0.061937 -0.024914 -0.007671 -0.063171 -0.044392
    103 -0.085991 0.185203 -0.015180 -2.937063 -0.113970 -0.138991
    104 -0.286537 0.179852 0.024264 -3.109353 -0.049645 -0.029915
    105 -0.019489 0.147084 0.079203 2.893815 0.038585 -0.060594
    106 -0.046482 0.251898 0.129548 3.016165 0.077112 -0.042864
    107 0.039120 -0.040298 0.047739 3.084219 0.030470 -0.037414
    108 -0.233757 0.066630 0.001754 -3.133086 0.040141 -0.065413
    109 0.044266 0.020128 0.001684 -2.778763 -0.118872 -0.040488
    110 0.071495 0.074127 -0.048302 -3.035917 -0.059482 0.104366
    111 0.000000 0.000000 0.000000 0.000000 0.000000 -1.570796
    112 15.523911 -3.535264 -2.757897 0.042656 0.000375 -0.005783
    113 -3.644642 8.047121 -0.632832 0.600977 -0.773498 -1.557416
    114 -1.541997 0.000000 1.809996 0.000000 0.000000 0.000000
    115 5.560989 0.000000 1.164998 0.000000 0.000000 0.000000
    116 1.770997 -0.313999 1.249997 0.000000 0.000000 -1.570817
    117 3.817992 0.000000 -0.014000 0.000000 0.000000 0.000000
    118 -0.469999 0.000000 -3.436993 0.000000 0.000000 0.000000
    119 -2.237996 0.000000 -3.187994 0.000000 0.000000 0.000000
    120 3.318993 0.000000 3.457993 0.000000 -0.159179 0.000000
    121 0.000000 0.000000 0.000000 0.000000 0.000000 0.000000
    122 0.532999 0.510999 -0.840998 0.000000 0.000000 0.000000
    123 0.000000 0.000000 0.000000 0.000000 0.000000 0.000000
    124 -0.106000 0.000000 64.320000 0.000000 0.000000 0.000000
    125 0.000000 0.000000 0.000000 0.000000 0.000000 0.000000
    126 0.000000 0.000000 0.000000 -0.006400 0.001702 0.000467
    127 25.316376 -3.540428 7.830604 0.042639 0.000427 -0.005735
    128 0.106000 0.000000 -64.320000 0.000000 0.000000 0.000000
    129 0.000000 0.000000 0.000000 0.000000 0.000000 0.000000
    130 0.000000 0.000000 -4.867002 -3.141592 0.000000 -3.128591
    131 0.000000 0.000000 4.867000 -3.141592 0.000000 -3.128591
    132 4.000000 -6.500000 0.000000 0.000000 0.000000 0.000977
    133 -6.500000 0.000000 0.000000 0.000000 1.570796 0.000000
    134 1.000088 -0.000029 0.000000 0.000000 0.000000 0.000000
    135 17.162516 -0.000404 0.000000 0.000000 0.000000 0.119214
    136 9.999891 -0.000303 0.000000 0.000000 0.000000 0.000000
    137 1.000088 -0.000029 0.000000 0.000000 0.000000 0.000000
    138 17.162516 -0.000404 0.000000 0.000000 0.000000 0.119214
    139 9.499836 0.000212 0.000000 0.000000 0.000000 0.000000
    140 0.000000 0.000000 0.000000 0.000000 0.000000 0.000000
    141 17.749374 0.295515 0.000000 0.000000 0.000000 -1.158958
    142 0.017889 0.299792 0.000000 0.000000 0.000000 -0.059582
    143 12.283573 1.581456 -4.696000 1.462269 -0.086726 0.090185
    144 17.749376 0.295515 0.000000 0.000000 0.000000 -1.158958
    145 0.017889 0.299792 0.000000 0.000000 0.000000 -0.059582
    146 13.354000 0.000000 0.000000 0.000000 0.000000 -0.294101
    147 4.530998 0.000000 0.000000 0.000000 0.000000 0.000000
    148 0.000000 0.000000 0.000000 0.000000 0.000000 0.000000
    149 5.413524 0.000347 0.000000 0.000000 0.000000 -0.518055
    150 5.413524 0.000347 0.000000 0.000000 0.000000 -0.518055
    151 4.662001 -5.366332 4.825191 1.569715 1.561305 -3.121216
    152 3.116966 -0.000443 0.000000 0.000000 0.000000 0.294101
    153 4.531197 0.000000 0.000000 0.000000 0.000000 0.000000
    154 -1.912000 0.003000 0.278000 0.000000 0.000000 0.000000
    155 -3.830000 0.003000 0.015000 0.000000 0.000000 0.000000
    156 -14.993207 1.003937 -58.219843 -0.042143 -0.000879 0.007022
    157 -0.027043 0.005322 3.199706 0.000000 0.305147 0.000000
    158 3.512001 -3.547000 -1.066000 0.000000 1.570796 0.000000
    159 3.456001 -3.517000 1.169000 0.000000 1.570796 0.000000
    160 6.233002 0.000000 0.000000 0.000000 0.000000 0.000000
    161 -0.171997 -0.106000 -0.902000 1.570713 1.029176 -3.134550
    162 6.234184 -6.387813 -0.039064 0.000467 0.006400 -0.001702
    163 1.947000 -0.003000 -0.278000 0.000000 0.000000 0.000000
    164 -2.941000 -0.003000 0.381000 0.000000 0.000000 0.000000
    165 -2.941000 -0.003000 0.381000 0.000000 0.000000 0.000000
    166 -0.070000 -0.003000 0.481000 0.000000 0.000000 0.000000
    167 -0.002780 0.000000 0.017476 0.000000 -0.382438 0.000024
    168 3.999434 -0.000527 -0.000332 -0.589673 0.000000 0.000000
    169 3.999901 0.000038 0.001011 0.269427 0.000000 0.000000
    170 1.598000 0.000000 0.000000 0.000000 0.000000 0.000000
    171 -1.145525 0.000130 0.000668 0.000000 0.000000 0.000000
    172 2.299679 -2.499979 -0.599480 0.891953 0.221513 -0.527302
    173 8.807695 -2.269536 4.777187 1.943495 -0.798599 -0.032081
    174 -9.580671 -27.862106 -37.184677 0.812879 -0.123459 -0.568477
    175 0.649933 -0.548295 0.093651 -1.665913 -0.131399 -0.112062
    176 0.657074 0.008402 0.040371 -1.665945 -0.131407 -0.000013
    177 0.665776 0.747221 -0.029190 -1.665935 -0.131408 0.094976
    178 2.300139 -2.499413 0.600159 -0.892076 -0.221500 -0.527253
    179 12.187820 1.068084 0.992054 1.811734 -0.001398 0.197532
    180 2.762350 0.116951 1.523975 1.629482 0.064153 1.743800
    181 7.228317 7.928197 -3.925652 2.328713 0.123459 -0.568477
    182 0.650394 -0.547730 -0.092979 1.665913 0.131399 -0.112062
    183 0.657069 0.008398 -0.040379 1.665945 0.131407 -0.000013
    184 0.665775 0.747221 0.029179 1.665935 0.131408 0.094976
    185 -4.481003 -0.202000 0.000000 0.000000 0.000000 0.000000
    186 -5.516998 -0.291000 -0.001000 0.000000 0.000000 0.000000
    187 -0.857700 0.104071 0.104683 0.023536 0.163924 0.013632
    188 1.899119 0.000423 -0.000439 0.027386 -0.033311 0.477848
    189 1.799661 -0.000233 0.000231 0.027386 -0.033311 0.477848
    190 1.799661 -0.000233 0.000231 0.027386 -0.033311 0.477848
    191 1.799661 -0.000233 0.000231 0.027386 -0.033311 0.477848
    192 1.900310 -0.000137 -0.000517 0.027386 -0.033311 0.477848
    193 1.899435 -0.000317 -0.000150 -0.027386 0.033311 0.477848
    194 1.799662 -0.000240 -0.000233 -0.027386 0.033311 0.477848
    195 1.799662 -0.000240 -0.000233 -0.027386 0.033311 0.477848
    196 1.799662 -0.000240 -0.000233 -0.027386 0.033311 0.477848
    197 1.900729 0.000553 -0.000072 -0.027386 0.033311 0.477848
    198 0.599884 0.400187 -0.000031 0.000000 0.000000 0.000000
    199 0.599886 0.400185 0.000034 0.000000 0.000000 -3.141592
    200 0.599503 0.400694 0.000234 0.000000 0.000000 0.000000
    201 0.600029 -0.000020 -0.000019 0.000000 0.000000 -3.141592
  time 30
    0 0.000000 0.000000 0.000000 0.000000 0.000000 -1.570796
    1 -0.106323 0.000000 -0.000198 0.000000 0.000000 0.000000
    2 0.000000 0.000000 0.000000 0.000000 0.000000 0.000000
    3 -0.904000 0.000000 -11.806000 0.000000 0.000000 0.000000
    4 0.000000 0.000000 -14.313999 0.000000 -1.570796 1.570857
    5 3.533001 0.000000 0.000000 0.000000 0.000000 0.000000
    6 6.250000 0.000000 0.000000 0.000000 0.000000 0.000000
    7 9.562500 1.924805 -1.815430 -0.161250 1.437164 -0.160081
    8 9.562500 1.924805 1.815430 0.098301 -1.350314 -0.096174
    9 5.790726 0.002787 -0.000113 -0.737136 0.302223 -1.636156
    10 5.999492 -0.000592 -4.000343 0.000000 0.000000 0.000000
    11 5.791316 0.002582 0.004799 1.000994 -0.647413 -1.319399
    12 5.999492 -0.000592 4.000336 0.000000 0.000000 0.000000
    13 0.500225 0.000133 -0.000088 -0.075617 0.000000 0.000000
    14 11.534559 0.004255 -0.001312 0.000043 0.000033 -1.102329
    15 -0.829338 0.893824 0.079659 -0.148839 0.047645 0.087266
    16 0.500225 0.000132 0.000076 -0.178293 0.000000 0.000000
    17 11.532495 0.000526 -0.000089 0.000006 -0.000022 -1.651381
    18 -0.829586 0.894698 -0.079464 0.045377 -0.019621 0.087266
    19 10.599884 0.000105 -0.000553 -1.200760 0.000000 0.000000
    20 0.182167 -0.306432 -0.000805 0.000000 0.000011 0.551182
    21 11.042057 0.003717 0.004704 -1.078627 0.183093 0.504185
    22 -1.214832 0.203470 -0.477489 -0.135025 -0.078677 -0.001289
    23 10.599880 0.000105 0.000549 0.530074 0.000012 0.000036
    24 0.557177 -0.513469 0.000801 0.000036 0.000013 0.825676
    25 11.041742 0.007077 -0.000571 0.426966 0.210151 0.811643
    26 -1.063377 0.077663 0.150230 0.045121 0.020046 -0.012850
    27 0.610302 -0.939470 0.070343 -1.664338 -0.121430 -0.175328
    28 0.639940 -0.199121 0.060188 -1.665807 -0.107866 -0.068700
    29 0.600155 1.080261 -0.339535 -1.741736 0.063096 0.053083
    30 0.610207 0.400743 -0.010101 -1.762161 -0.026848 0.036197
    31 0.630809 -0.693997 -0.232343 0.041091 -0.137134 -0.749006
    32 -0.792125 0.203736 0.461300 1.439074 -0.003453 -0.018305
    33 0.610300 -0.939469 -0.070351 1.655649 0.171862 -0.172859
    34 0.639937 -0.199121 -0.060200 1.671196 0.183105 -0.036821
    35 0.600157 1.080259 0.339531 1.741577 0.106906 0.153573
    36 0.610205 0.400743 0.010086 1.766570 0.125877 0.080192
    37 0.624002 -0.695300 0.232270 -0.808681 -0.558667 -0.935261
    38 -0.626031 -0.069983 -0.080517 -1.447153 0.086151 0.021559
    39 2.625284 -0.002532 -0.001438 -0.382809 -0.142090 0.582302
    40 2.664743 0.000397 -0.000071 -0.274154 -0.034484 0.795435
    41 2.206394 0.003368 -0.006769 -0.199019 0.002590 0.607956
    42 0.599952 0.959240 -0.300102 -0.174544 0.000000 0.000000
    43 2.557190 -0.005873 0.006359 -0.122682 0.043119 0.811709
    44 2.095024 -0.003873 -0.006100 -0.281993 0.045141 0.401519
    45 0.999380 -0.000236 -1.252340 -0.000001 0.000000 0.000000
    46 -0.122639 -0.721856 0.661690 -0.486644 0.223964 0.243056
    47 2.622113 -0.000648 0.006647 0.030201 0.387317 -0.080105
    48 2.657909 0.004589 -0.000533 0.322092 0.240138 1.085308
    49 2.199219 0.000515 -0.000122 0.262963 -0.039561 1.072971
    50 0.599951 0.959244 0.300102 0.174544 0.000000 0.000000
    51 2.556570 -0.000385 0.000554 0.263767 0.129467 1.165880
    52 2.103851 0.005614 -0.001014 0.478013 -0.244818 0.762620
    53 0.999374 -0.000237 1.267958 0.000000 0.000000 -0.070589
    54 0.310846 -0.606445 -0.498005 0.308107 -0.197598 0.313976
    55 1.873069 -0.004741 -0.000994 -0.000007 0.000004 0.681247
    56 1.200941 0.399582 -0.000237 -0.009465 0.016087 0.007127
    57 0.000586 0.100342 -0.000319 -0.120035 -0.021926 -0.209617
    58 -0.161663 0.051712 0.194808 -2.941982 0.122408 -0.060194
    59 2.010092 -0.007109 -0.003377 0.000018 0.000013 0.761291
    60 0.000240 0.099802 -0.000395 -0.018823 0.010833 -0.239219
    61 -0.203197 0.048607 0.069150 -3.093332 0.033217 -0.046722
    62 1.180428 -0.006214 0.000780 0.000034 -0.000012 0.611736
    63 -0.000196 0.099625 -0.000034 0.000000 0.000000 -0.314102
    64 -0.088736 -0.688435 -0.145203 2.930407 -0.136130 0.513013
    65 1.712069 -0.003328 0.003818 0.000070 -0.000045 0.704308
    66 -0.000580 0.100145 -0.000311 -0.010912 0.023131 -0.260841
    67 -0.146030 -0.232426 -0.014225 3.028455 -0.094299 0.113020
    68 1.290632 0.000362 -0.000032 0.000000 0.000000 -0.182272
    69 -0.658121 -0.003575 0.072645 -0.142711 0.027792 -0.077299
    70 1.868080 -0.003049 0.006083 0.000003 -0.000021 0.455800
    71 1.200079 0.399944 -0.000093 0.009465 -0.016087 0.007127
    72 0.000591 0.100342 0.000319 0.120035 0.021926 -0.209617
    73 0.068077 0.002285 -0.080050 3.111376 -0.069366 -0.060847
    74 2.015780 -0.005083 0.006086 0.000011 -0.000037 1.297769
    75 0.000229 0.099802 0.000395 0.018823 -0.010833 -0.239219
    76 -0.018673 -0.001009 0.047544 3.109244 0.002635 -0.106673
    77 1.178665 0.001595 0.000845 0.000000 0.000000 0.669112
    78 -0.000198 0.099628 0.000034 0.000000 0.000000 -0.314102
    79 0.036892 -0.634449 0.266284 -2.801062 0.174301 0.490914
    80 1.704350 -0.002506 -0.000686 -0.000046 -0.000037 1.003564
    81 -0.000576 0.100136 0.000311 0.010912 -0.023131 -0.260841
    82 -0.003952 -0.281811 0.115047 -3.059162 0.089004 0.167964
    83 1.289627 0.003949 0.000061 -0.000026 0.000063 -0.108991
    84 -0.171528 -0.018148 -0.099873 0.013484 -0.062184 -0.011780
    85 0.912716 0.007240 0.001326 0.000019 0.000021 0.850550
    86 -0.342617 0.053404 -0.025571 -2.909301 -0.017248 0.075276
    87 1.100231 -0.000930 -0.002434 0.000009 0.000014 0.399206
    88 -0.384983 0.330998 0.006848 -3.087207 -0.018765 -0.184279
    89 0.678146 0.002286 -0.003905 -0.000018 -0.000019 0.324614
    90 -0.123848 0.072737 0.029507 2.898184 -0.060627 0.094834
    91 1.017166 -0.000154 -0.000252 -0.000023 -0.000014 0.349348
    92 -0.344986 0.123129 0.143151 2.994981 0.012396 0.059140
    93 -0.730988 0.177046 0.039141 -0.123731 0.076518 -0.084310
    94 0.925900 0.001298 -0.000896 -0.000002 -0.000011 0.212747
    95 -0.124027 -0.052092 0.038496 3.077813 -0.008519 0.039229
    96 1.100430 -0.007458 0.000503 0.000041 0.000042 0.904205
    97 -0.330082 0.160641 0.042780 3.128073 0.034033 -0.171236
    98 0.675854 0.005438 0.003272 0.000014 0.000003 0.945929
    99 -0.019516 -0.016531 0.038578 -2.763781 0.050305 0.076828
    100 1.018891 0.005113 0.001121 -0.000030 0.000019 0.984604
    101 -0.155312 0.130643 -0.021921 -3.022466 0.022433 -0.024903
    102 -0.252209 0.061937 -0.024914 -0.007671 -0.063171 -0.044392
    103 -0.085991 0.185203 -0.015180 -2.937063 -0.113970 -0.138991
    104 -0.286537 0.179852 0.024264 -3.109353 -0.049645 -0.029915
    105 -0.019489 0.147084 0.079203 2.893815 0.038585 -0.060594
    106 -0.046482 0.251898 0.129548 3.016165 0.077112 -0.042864
    107 0.039120 -0.040298 0.047739 3.084219 0.030470 -0.037414
    108 -0.233757 0.066630 0.001754 -3.133086 0.040141 -0.065413
    109 0.044266 0.020128 0.001684 -2.778763 -0.118872 -0.040488
    110 0.071495 0.074127 -0.048302 -3.035917 -0.059482 0.104366
    111 0.000000 0.000000 0.000000 0.000000 0.000000 -1.570796
    112 15.641102 -3.543077 -2.746178 0.028564 0.005900 -0.006063
    113 -3.613392 7.914304 -0.484390 0.581680 -0.767661 -1.544207
    114 -1.541997 0.000000 1.809996 0.000000 0.000000 0.000000
    115 5.560989 0.000000 1.164998 0.000000 0.000000 0.000000
    116 1.770997 -0.313999 1.249997 0.000000 0.000000 -1.570817
    117 3.817992 0.000000 -0.014000 0.000000 0.000000 0.000000
    118 -0.469999 0.000000 -3.436993 0.000000 0.000000 0.000000
    119 -2.237996 0.000000 -3.187994 0.000000 0.000000 0.000000
    120 3.318993 0.000000 3.457993 0.000000 -0.159179 0.000000
    121 0.000000 0.000000 0.000000 0.000000 0.000000 0.000000
    122 0.532999 0.510999 -0.840998 0.000000 0.000000 0.000000
    123 0.000000 0.000000 0.000000 0.000000 0.000000 0.000000
    124 -0.106000 0.000000 64.320000 0.000000 0.000000 0.000000
    125 0.000000 0.000000 0.000000 0.000000 0.000000 0.000000
    126 0.000000 0.000000 0.000000 -0.012308 0.001210 0.000899
    127 25.425754 -3.571679 7.795447 0.028642 0.005905 -0.006015
    128 0.106000 0.000000 -64.320000 0.000000 0.000000 0.000000
    129 0.000000 0.000000 0.000000 0.000000 0.000000 0.000000
    130 0.000000 0.000000 -4.867002 -3.141592 0.000000 -3.128591
    131 0.000000 0.000000 4.867000 -3.141592 0.000000 -3.128591
    132 4.000000 -6.500000 0.000000 0.000000 0.000000 0.000977
    133 -6.500000 0.000000 0.000000 0.000000 1.570796 0.000000
    134 1.000088 -0.000029 0.000000 0.000000 0.000000 0.000000
    135 17.162516 -0.000404 0.000000 0.000000 0.000000 0.119214
    136 9.999891 -0.000303 0.000000 0.000000 0.000000 0.000000
    137 1.000088 -0.000029 0.000000 0.000000 0.000000 0.000000
    138 17.162516 -0.000404 0.000000 0.000000 0.000000 0.119214
    139 9.499836 0.000212 0.000000 0.000000 0.000000 0.000000
    140 0.000000 0.000000 0.000000 0.000000 0.000000 0.000000
    141 17.749374 0.295515 0.000000 0.000000 0.000000 -1.158958
    142 0.017889 0.299792 0.000000 0.000000 0.000000 -0.059582
    143 12.283573 1.581456 -4.696000 1.462269 -0.086726 0.090185
    144 17.749376 0.295515 0.000000 0.000000 0.000000 -1.158958
    145 0.017889 0.299792 0.000000 0.000000 0.000000 -0.059582
    146 13.354000 0.000000 0.000000 0.000000 0.000000 -0.294101
    147 4.530998 0.000000 0.000000 0.000000 0.000000 0.000000
    148 0.000000 0.000000 0.000000 0.000000 0.000000 0.000000
    149 5.413524 0.000347 0.000000 0.000000 0.000000 -0.518055
    150 5.413524 0.000347 0.000000 0.000000 0.000000 -0.518055
    151 4.662001 -5.366332 4.825191 1.569715 1.561305 -3.121216
    152 3.116966 -0.000443 0.000000 0.000000 0.000000 0.294101
    153 4.531197 0.000000 0.000000 0.000000 0.000000 0.000000
    154 -1.912000 0.003000 0.278000 0.000000 0.000000 0.000000
    155 -3.830000 0.003000 0.015000 0.000000 0.000000 0.000000
    156 -14.813514 1.851619 -58.301877 -0.028354 -0.004512 0.006092
    157 -0.027043 0.005322 3.195799 0.000000 0.305192 0.000000
    158 3.512001 -3.547000 -1.066000 0.000000 1.570796 0.000000
    159 3.456001 -3.517000 1.169000 0.000000 1.570796 0.000000
    160 6.233002 0.000000 0.000000 0.000000 0.000000 0.000000
    161 -0.171997 -0.106000 -0.902000 1.570713 1.029176 -3.134550
    162 6.238090 -6.380000 -0.074221 0.000899 0.012308 -0.001198
    163 1.947000 -0.003000 -0.278000 0.000000 0.000000 0.000000
    164 -2.941000 -0.003000 0.381000 0.000000 0.000000 0.000000
    165 -2.941000 -0.003000 0.381000 0.000000 0.000000 0.000000
    166 -0.070000 -0.003000 0.481000 0.000000 0.000000 0.000000
    167 -0.002780 0.000000 0.017476 0.000000 -0.382426 0.000024
    168 3.999434 -0.000527 -0.000332 -0.600391 0.000000 0.000000
    169 3.999901 0.000038 0.001011 0.265125 0.000000 0.000000
    170 1.598000 0.000000 0.000000 0.000000 0.000000 0.000000
    171 -1.145525 0.000130 0.000668 0.000000 0.000000 0.000000
    172 2.299679 -2.499979 -0.599480 0.891953 0.221513 -0.527302
    173 9.487403 -3.265660 3.554493 1.806971 -0.610587 -0.209277
    174 -9.580671 -27.862106 -37.184677 0.812879 -0.123459 -0.568477
    175 0.649933 -0.548295 0.093651 -1.665913 -0.131399 -0.112062
    176 0.657074 0.008402 0.040371 -1.665945 -0.131407 -0.000013
    177 0.665776 0.747221 -0.029190 -1.665935 -0.131408 0.094976
    178 2.300139 -2.499413 0.600159 -0.892076 -0.221500 -0.527253
    179 12.187820 1.068084 0.992054 1.811734 -0.001398 0.197532
    180 2.762350 0.116951 1.523975 1.629482 0.064153 1.743800
    181 7.228317 7.928197 -3.925652 2.328713 0.123459 -0.568477
    182 0.650394 -0.547730 -0.092979 1.665913 0.131399 -0.112062
    183 0.657069 0.008398 -0.040379 1.665945 0.131407 -0.000013
    184 0.665775 0.747221 0.029179 1.665935 0.131408 0.094976
    185 -4.481003 -0.202000 0.000000 0.000000 0.000000 0.000000
    186 -5.516998 -0.291000 -0.001000 0.000000 0.000000 0.000000
    187 -0.857700 0.104071 0.104683 0.023536 0.163924 0.013632
    188 1.899119 0.000423 -0.000439 0.027386 -0.033311 0.477848
    189 1.799661 -0.000233 0.000231 0.027386 -0.033311 0.477848
    190 1.799661 -0.000233 0.000231 0.027386 -0.033311 0.477848
    191 1.799661 -0.000233 0.000231 0.027386 -0.033311 0.477848
    192 1.900310 -0.000137 -0.000517 0.027386 -0.033311 0.477848
    193 1.899435 -0.000317 -0.000150 -0.027386 0.033311 0.477848
    194 1.799662 -0.000240 -0.000233 -0.027386 0.033311 0.477848
    195 1.799662 -0.000240 -0.000233 -0.027386 0.033311 0.477848
    196 1.799662 -0.000240 -0.000233 -0.027386 0.033311 0.477848
    197 1.900729 0.000553 -0.000072 -0.027386 0.033311 0.477848
    198 0.599884 0.400187 -0.000031 0.000000 0.000000 0.000000
    199 0.599886 0.400185 0.000034 0.000000 0.000000 -3.141592
    200 0.599503 0.400694 0.000234 0.000000 0.000000 0.000000
    201 0.600029 -0.000020 -0.000019 0.000000 0.000000 -3.141592
  time 31
    0 0.000000 0.000000 0.000000 0.000000 0.000000 -1.570796
    1 -0.106323 0.000000 -0.000198 0.000000 0.000000 0.000000
    2 0.000000 0.000000 0.000000 0.000000 0.000000 0.000000
    3 -0.904000 0.000000 -11.806000 0.000000 0.000000 0.000000
    4 0.000000 0.000000 -14.313999 0.000000 -1.570796 1.570857
    5 3.533001 0.000000 0.000000 0.000000 0.000000 0.000000
    6 6.250000 0.000000 0.000000 0.000000 0.000000 0.000000
    7 9.562500 1.924805 -1.815430 -0.161250 1.437164 -0.160081
    8 9.562500 1.924805 1.815430 0.098301 -1.350314 -0.096174
    9 5.790726 0.002787 -0.000113 -0.768375 0.323083 -1.614967
    10 5.999492 -0.000592 -4.000343 0.000000 0.000000 0.000000
    11 5.791316 0.002582 0.004799 1.000836 -0.639660 -1.317041
    12 5.999492 -0.000592 4.000336 0.000000 0.000000 0.000000
    13 0.500225 0.000133 -0.000088 -0.049889 0.000000 0.000000
    14 11.534559 0.000348 -0.001312 0.000031 0.000045 -1.245193
    15 -0.829338 0.893824 0.079659 -0.148839 0.047645 0.087266
    16 0.500225 0.000132 0.000076 -0.179153 0.000000 0.000000
    17 11.532495 0.004432 -0.000089 0.000006 -0.000094 -1.639747
    18 -0.829586 0.894698 -0.079464 0.045377 -0.019621 0.087266
    19 10.599884 0.000105 -0.000553 -1.190193 0.000000 0.000000
    20 0.244669 -0.349402 -0.000805 -0.000048 0.000023 0.622586
    21 11.042057 0.003717 0.000798 -0.928260 0.128598 0.850867
    22 -1.214832 0.203470 -0.477489 -0.135025 -0.078677 -0.001289
    23 10.599880 0.000105 0.000549 0.521326 0.000036 0.000072
    24 0.557177 -0.513469 0.000801 0.000072 0.000025 0.819862
    25 11.041742 0.003171 -0.000571 0.416797 0.201108 0.807314
    26 -1.063377 0.077663 0.150230 0.045121 0.020046 -0.012850
    27 0.610302 -0.939470 0.070343 -1.657467 -0.094106 -0.178972
    28 0.639940 -0.199121 0.060188 -1.665502 -0.080361 -0.071277
    29 0.600155 1.080261 -0.339535 -1.743380 0.093980 0.047786
    30 0.610207 0.400743 -0.010101 -1.761999 0.000237 0.030983
    31 0.634715 -0.693997 -0.232343 0.059931 -0.073951 -0.756778
    32 -0.792125 0.203736 0.461300 1.439074 -0.003453 -0.018305
    33 0.610300 -0.939469 -0.070351 1.655447 0.158691 -0.174058
    34 0.639937 -0.199121 -0.060200 1.671196 0.183105 -0.036833
    35 0.600157 1.080259 0.339531 1.741630 0.106918 0.153573
    36 0.610205 0.400743 0.010086 1.766570 0.125877 0.080192
    37 0.624002 -0.695300 0.232270 -0.800131 -0.569262 -0.934671
    38 -0.626031 -0.069983 -0.080517 -1.447153 0.086151 0.021559
    39 2.625284 -0.002532 -0.001438 -0.417313 -0.140987 0.804665
    40 2.664743 0.000397 -0.000071 -0.291845 0.011752 1.001480
    41 2.206394 0.003368 -0.006769 -0.257216 0.049300 0.861792
    42 0.599952 0.959240 -0.300102 -0.174544 0.000000 0.000000
    43 2.557190 -0.005873 0.006359 -0.173001 0.057477 1.011502
    44 2.095024 -0.003873 -0.002193 -0.235265 0.301109 0.566325
    45 0.999380 -0.000236 -1.256246 -0.000001 0.000000 0.000000
    46 -0.122639 -0.721856 0.661690 -0.486644 0.223964 0.243056
    47 2.626019 -0.000648 0.006647 0.030928 0.419949 0.011693
    48 2.657909 0.004589 -0.000533 0.322092 0.240138 1.085308
    49 2.199219 0.000515 -0.000122 0.262963 -0.039561 1.072971
    50 0.599951 0.959244 0.300102 0.174544 0.000000 0.000000
    51 2.556570 -0.004291 0.000554 0.263767 0.129467 1.165880
    52 2.103851 0.005614 -0.001014 0.489929 -0.255448 0.750906
    53 0.999374 -0.000237 1.271864 0.000000 0.000000 -0.070589
    54 0.310846 -0.606445 -0.498005 0.308107 -0.197598 0.313976
    55 1.873069 -0.000835 -0.000994 -0.000067 0.000027 0.795124
    56 1.200941 0.399582 -0.000237 -0.009465 0.016087 0.007127
    57 0.000586 0.100342 -0.000319 -0.120035 -0.021926 -0.209617
    58 -0.161663 0.051712 0.194808 -2.941982 0.122408 -0.060194
    59 2.010092 -0.003202 -0.007284 0.000018 0.000013 0.839775
    60 0.000240 0.099802 -0.000395 -0.018823 0.010833 -0.239219
    61 -0.203197 0.048607 0.069150 -3.093332 0.033217 -0.046722
    62 1.180428 -0.006214 0.000780 -0.000002 0.000060 0.592892
    63 -0.000196 0.099625 -0.000034 0.000000 0.000000 -0.314102
    64 -0.088736 -0.688435 -0.145203 2.930407 -0.136130 0.513013
    65 1.712069 -0.003328 0.003818 0.000047 -0.000033 0.702040
    66 -0.000580 0.100145 -0.000311 -0.010912 0.023131 -0.260841
    67 -0.146030 -0.232426 -0.014225 3.028455 -0.094299 0.113020
    68 1.290632 0.000362 -0.000032 0.000000 0.000000 -0.148127
    69 -0.658121 -0.003575 0.072645 -0.142711 0.027792 -0.077299
    70 1.868080 -0.003049 0.006083 0.000003 -0.000021 0.847249
    71 1.200079 0.399944 -0.000093 0.009465 -0.016087 0.007127
    72 0.000591 0.100342 0.000319 0.120035 0.021926 -0.209617
    73 0.068077 0.002285 -0.080050 3.111376 -0.069366 -0.060847
    74 2.011874 -0.005083 0.006086 0.000011 -0.000037 1.297769
    75 0.000229 0.099802 0.000395 0.018823 -0.010833 -0.239219
    76 -0.018673 -0.001009 0.047544 3.109244 0.002635 -0.106673
    77 1.178665 0.001595 0.000845 0.000000 0.000000 0.669112
    78 -0.000198 0.099628 0.000034 0.000000 0.000000 -0.314102
    79 0.036892 -0.634449 0.266284 -2.801062 0.174301 0.490914
    80 1.708256 -0.002506 -0.004592 -0.000046 -0.000037 1.003564
    81 -0.000576 0.100136 0.000311 0.010912 -0.023131 -0.260841
    82 -0.003952 -0.281811 0.115047 -3.059162 0.089004 0.167964
    83 1.289627 0.003949 0.000061 -0.000014 0.000003 -0.010611
    84 -0.171528 -0.018148 -0.099873 0.013484 -0.062184 -0.011780
    85 0.916622 0.007240 0.001326 0.000090 0.000045 0.935747
    86 -0.342617 0.053404 -0.025571 -2.909301 -0.017248 0.075276
    87 1.100231 -0.000930 -0.002434 0.000009 0.000014 0.417423
    88 -0.384983 0.330998 0.006848 -3.087207 -0.018765 -0.184279
    89 0.678146 0.002286 0.000002 -0.000018 -0.000019 0.355421
    90 -0.123848 0.072737 0.029507 2.898184 -0.060627 0.094834
    91 1.017166 -0.000154 -0.000252 -0.000083 -0.000002 0.372891
    92 -0.344986 0.123129 0.143151 2.994981 0.012396 0.059140
    93 -0.730988 0.177046 0.039141 -0.123731 0.076518 -0.084310
    94 0.925900 0.001298 -0.000896 -0.000002 -0.000011 0.370786
    95 -0.124027 -0.052092 0.038496 3.077813 -0.008519 0.039229
    96 1.100430 -0.007458 0.000503 0.000041 0.000042 0.904205
    97 -0.330082 0.160641 0.042780 3.128073 0.034033 -0.171236
    98 0.675854 0.005438 0.003272 0.000014 0.000015 0.945929
    99 -0.019516 -0.016531 0.038578 -2.763781 0.050305 0.076828
    100 1.018891 0.005113 0.001121 -0.000030 0.000019 0.984604
    101 -0.155312 0.130643 -0.021921 -3.022466 0.022433 -0.024903
    102 -0.252209 0.061937 -0.024914 -0.007671 -0.063171 -0.044392
    103 -0.085991 0.185203 -0.015180 -2.937063 -0.113970 -0.138991
    104 -0.286537 0.179852 0.024264 -3.109353 -0.049645 -0.029915
    105 -0.019489 0.147084 0.079203 2.893815 0.038585 -0.060594
    106 -0.046482 0.251898 0.129548 3.016165 0.077112 -0.042864
    107 0.039120 -0.040298 0.047739 3.084219 0.030470 -0.037414
    108 -0.233757 0.066630 0.001754 -3.133086 0.040141 -0.065413
    109 0.044266 0.020128 0.001684 -2.778763 -0.118872 -0.040488
    110 0.071495 0.074127 -0.048302 -3.035917 -0.059482 0.104366
    111 0.000000 0.000000 0.000000 0.000000 0.000000 -1.570796
    112 15.750481 -3.550890 -2.718833 0.014187 0.008569 -0.005876
    113 -3.593860 7.804926 -0.398450 0.561963 -0.764351 -1.530312
    114 -1.541997 0.000000 1.809996 0.000000 0.000000 0.000000
    115 5.560989 0.000000 1.164998 0.000000 0.000000 0.000000
    116 1.770997 -0.313999 1.249997 0.000000 0.000000 -1.570817
    117 3.817992 0.000000 -0.014000 0.000000 0.000000 0.000000
    118 -0.469999 0.000000 -3.436993 0.000000 0.000000 0.000000
    119 -2.237996 0.000000 -3.187994 0.000000 0.000000 0.000000
    120 3.318993 0.000000 3.457993 0.000000 -0.159179 0.000000
    121 0.000000 0.000000 0.000000 0.000000 0.000000 0.000000
    122 0.532999 0.510999 -0.840998 0.000000 0.000000 0.000000
    123 0.000000 0.000000 0.000000 0.000000 0.000000 0.000000
    124 -0.106000 0.000000 64.320000 0.000000 0.000000 0.000000
    125 0.000000 0.000000 0.000000 0.000000 0.000000 0.000000
    126 0.000000 0.000000 0.000000 -0.007802 0.000348 0.002013
    127 25.527320 -3.591211 7.795447 0.014264 0.008527 -0.005922
    128 0.106000 0.000000 -64.320000 0.000000 0.000000 0.000000
    129 0.000000 0.000000 0.000000 0.000000 0.000000 0.000000
    130 0.000000 0.000000 -4.867002 -3.141592 0.000000 -3.128591
    131 0.000000 0.000000 4.867000 -3.141592 0.000000 -3.128591
    132 4.000000 -6.500000 0.000000 0.000000 0.000000 0.000977
    133 -6.500000 0.000000 0.000000 0.000000 1.570796 0.000000
    134 1.000088 -0.000029 0.000000 0.000000 0.000000 0.000000
    135 17.162516 -0.000404 0.000000 0.000000 0.000000 0.119214
    136 9.999891 -0.000303 0.000000 0.000000 0.000000 0.000000
    137 1.000088 -0.000029 0.000000 0.000000 0.000000 0.000000
    138 17.162516 -0.000404 0.000000 0.000000 0.000000 0.119214
    139 9.499836 0.000212 0.000000 0.000000 0.000000 0.000000
    140 0.000000 0.000000 0.000000 0.000000 0.000000 0.000000
    141 17.749374 0.295515 0.000000 0.000000 0.000000 -1.158958
    142 0.017889 0.299792 0.000000 0.000000 0.000000 -0.059582
    143 12.283573 1.581456 -4.696000 1.462269 -0.086726 0.090185
    144 17.749376 0.295515 0.000000 0.000000 0.000000 -1.158958
    145 0.017889 0.299792 0.000000 0.000000 0.000000 -0.059582
    146 13.354000 0.000000 0.000000 0.000000 0.000000 -0.294101
    147 4.530998 0.000000 0.000000 0.000000 0.000000 0.000000
    148 0.000000 0.000000 0.000000 0.000000 0.000000 0.000000
    149 5.413524 0.000347 0.000000 0.000000 0.000000 -0.518055
    150 5.413524 0.000347 0.000000 0.000000 0.000000 -0.518055
    151 4.662001 -5.366332 4.825191 1.569715 1.561305 -3.121216
    152 3.116966 -0.000443 0.000000 0.000000 0.000000 0.294101
    153 4.531197 0.000000 0.000000 0.000000 0.000000 0.000000
    154 -1.912000 0.003000 0.278000 0.000000 0.000000 0.000000
    155 -3.830000 0.003000 0.015000 0.000000 0.000000 0.000000
    156 -14.770544 2.742271 -58.333128 -0.014565 -0.008119 0.005098
    157 -0.027043 0.005322 3.195799 0.000000 0.305147 0.000000
    158 3.512001 -3.547000 -1.066000 0.000000 1.570796 0.000000
    159 3.456001 -3.517000 1.169000 0.000000 1.570796 0.000000
    160 6.233002 0.000000 0.000000 0.000000 0.000000 0.000000
    161 -0.171997 -0.106000 -0.902000 1.570713 1.029176 -3.134550
    162 6.241997 -6.380000 -0.058596 0.002013 0.007802 -0.000336
    163 1.947000 -0.003000 -0.278000 0.000000 0.000000 0.000000
    164 -2.941000 -0.003000 0.381000 0.000000 0.000000 0.000000
    165 -2.941000 -0.003000 0.381000 0.000000 0.000000 0.000000
    166 -0.070000 -0.003000 0.481000 0.000000 0.000000 0.000000
    167 -0.002780 0.000000 0.017476 0.000000 -0.382426 0.000012
    168 3.999434 -0.000527 -0.000332 -0.595076 0.000000 0.000000
    169 3.999901 0.000038 0.001011 0.260912 0.000000 0.000000
    170 1.598000 0.000000 0.000000 0.000000 0.000000 0.000000
    171 -1.145525 0.000130 0.000668 0.000000 0.000000 0.000000
    172 2.299679 -2.499979 -0.599480 0.891953 0.221513 -0.527302
    173 11.014794 -3.152375 1.988039 1.649266 -0.405219 -0.198090
    174 -9.580671 -27.862106 -37.184677 0.812879 -0.123459 -0.568477
    175 0.649933 -0.548295 0.093651 -1.665913 -0.131399 -0.112062
    176 0.657074 0.008402 0.040371 -1.665945 -0.131407 -0.000013
    177 0.665776 0.747221 -0.029190 -1.665935 -0.131408 0.094976
    178 2.300139 -2.499413 0.600159 -0.892076 -0.221524 -0.527253
    179 12.187820 1.068084 0.992054 1.811734 -0.001398 0.197532
    180 2.762350 0.116951 1.523975 1.629482 0.064153 1.743800
    181 7.228317 7.928197 -3.925652 2.328713 0.123459 -0.568477
    182 0.650394 -0.547730 -0.092979 1.665913 0.131399 -0.112062
    183 0.657069 0.008398 -0.040379 1.665945 0.131407 -0.000013
    184 0.665775 0.747221 0.029179 1.665935 0.131408 0.094976
    185 -4.481003 -0.202000 0.000000 0.000000 0.000000 0.000000
    186 -5.516998 -0.291000 -0.001000 0.000000 0.000000 0.000000
    187 -0.857700 0.104071 0.104683 0.023536 0.163924 0.013632
    188 1.899119 0.000423 -0.000439 0.027386 -0.033311 0.477848
    189 1.799661 -0.000233 0.000231 0.027386 -0.033311 0.477848
    190 1.799661 -0.000233 0.000231 0.027386 -0.033311 0.477848
    191 1.799661 -0.000233 0.000231 0.027386 -0.033311 0.477848
    192 1.900310 -0.000137 -0.000517 0.027386 -0.033311 0.477848
    193 1.899435 -0.000317 -0.000150 -0.027386 0.033311 0.477848
    194 1.799662 -0.000240 -0.000233 -0.027386 0.033311 0.477848
    195 1.799662 -0.000240 -0.000233 -0.027386 0.033311 0.477848
    196 1.799662 -0.000240 -0.000233 -0.027386 0.033311 0.477848
    197 1.900729 0.000553 -0.000072 -0.027386 0.033311 0.477848
    198 0.599884 0.400187 -0.000031 0.000000 0.000000 0.000000
    199 0.599886 0.400185 0.000034 0.000000 0.000000 -3.141592
    200 0.599503 0.400694 0.000234 0.000000 0.000000 0.000000
    201 0.600029 -0.000020 -0.000019 0.000000 0.000000 -3.141592
  time 32
    0 0.000000 0.000000 0.000000 0.000000 0.000000 -1.570796
    1 -0.106323 0.000000 -0.000198 0.000000 0.000000 0.000000
    2 0.000000 0.000000 0.000000 0.000000 0.000000 0.000000
    3 -0.904000 0.000000 -11.806000 0.000000 0.000000 0.000000
    4 0.000000 0.000000 -14.313999 0.000000 -1.570796 1.570857
    5 3.533001 0.000000 0.000000 0.000000 0.000000 0.000000
    6 6.250000 0.000000 0.000000 0.000000 0.000000 0.000000
    7 9.562500 1.924805 -1.815430 -0.161250 1.437164 -0.160081
    8 9.562500 1.924805 1.815430 0.098301 -1.350314 -0.096174
    9 5.790726 0.002787 -0.000113 -0.828369 0.320878 -1.691827
    10 5.999492 -0.000592 -4.000343 0.000000 0.000000 0.000000
    11 5.791316 0.002582 0.004799 1.000043 -0.634591 -1.313866
    12 5.999492 -0.000592 4.000336 0.000000 0.000000 0.000000
    13 0.500225 0.000133 -0.000088 -0.016694 0.000048 0.000060
    14 11.534559 0.004255 -0.001312 -0.000053 0.000057 -1.172994
    15 -0.829338 0.893824 0.079659 -0.148839 0.047645 0.087266
    16 0.500225 0.000132 0.000076 -0.180039 0.000000 0.000000
    17 11.532495 0.000526 -0.000089 0.000006 -0.000022 -1.634483
    18 -0.829586 0.894698 -0.079464 0.045377 -0.019621 0.087266
    19 10.599884 0.000105 -0.000553 -1.123600 -0.000024 -0.000036
    20 0.232950 -0.337683 -0.000805 0.000000 0.000011 0.586473
    21 11.042057 0.003717 0.004704 -0.888083 -0.075481 1.037401
    22 -1.214832 0.203470 -0.477489 -0.135025 -0.078677 -0.001289
    23 10.599880 0.000105 0.000549 0.513039 0.000012 0.000060
    24 0.549364 -0.509563 0.000801 0.000000 -0.000011 0.817248
    25 11.041742 0.003171 -0.000571 0.406629 0.192066 0.803125
    26 -1.063377 0.077663 0.150230 0.045121 0.020046 -0.012850
    27 0.610302 -0.939470 0.070343 -1.654739 -0.083607 -0.180410
    28 0.639940 -0.199121 0.060188 -1.665350 -0.069911 -0.072307
    29 0.600155 1.080261 -0.339535 -1.744123 0.106121 0.045568
    30 0.610207 0.400743 -0.010101 -1.761999 0.010616 0.029042
    31 0.634715 -0.693997 -0.232343 0.059931 -0.073951 -0.756778
    32 -0.792125 0.203736 0.461300 1.439074 -0.003453 -0.018305
    33 0.610300 -0.939469 -0.070351 1.655295 0.140139 -0.175580
    34 0.639937 -0.199121 -0.060200 1.671196 0.183105 -0.036821
    35 0.600157 1.080259 0.339531 1.741577 0.106918 0.153561
    36 0.610205 0.400743 0.010086 1.766570 0.125877 0.080204
    37 0.624002 -0.695300 0.232270 -0.789988 -0.578635 -0.933861
    38 -0.626031 -0.069983 -0.080517 -1.447153 0.086151 0.021559
    39 2.621377 -0.002532 -0.001438 -0.430289 -0.140791 0.893715
    40 2.664743 0.000397 -0.000071 -0.298961 0.030101 1.083906
    41 2.206394 0.003368 -0.006769 -0.280490 0.067891 0.963396
    42 0.599952 0.959240 -0.300102 -0.174544 0.000000 0.000000
    43 2.557190 -0.005873 0.006359 -0.192965 0.063242 1.091356
    44 2.095024 -0.003873 -0.002193 -0.235265 0.301152 0.566325
    45 0.999380 -0.000236 -1.248433 -0.000001 0.000000 0.000000
    46 -0.122639 -0.721856 0.661690 -0.486644 0.223964 0.243056
    47 2.626019 -0.000648 0.002741 0.031041 0.424650 0.103349
    48 2.657909 0.004589 -0.000533 0.322092 0.240138 1.085308
    49 2.199219 0.000515 -0.000122 0.262963 -0.039561 1.072971
    50 0.599951 0.959244 0.300102 0.174544 0.000000 0.000000
    51 2.556570 -0.000385 0.000554 0.263767 0.129467 1.165880
    52 2.103851 0.005614 -0.001014 0.497840 -0.269782 0.737812
    53 0.999374 -0.000237 1.275770 0.000000 0.000000 -0.070589
    54 0.310846 -0.606445 -0.498005 0.308107 -0.197598 0.313976
    55 1.873069 -0.004741 -0.004901 0.000017 0.000063 0.840532
    56 1.200941 0.399582 -0.000237 -0.009465 0.016087 0.007127
    57 0.000586 0.100342 -0.000319 -0.120035 -0.021926 -0.209617
    58 -0.161663 0.051712 0.194808 -2.941982 0.122408 -0.060194
    59 2.010092 -0.003202 -0.003377 0.000042 0.000060 0.871159
    60 0.000240 0.099802 -0.000395 -0.018823 0.010833 -0.239219
    61 -0.203197 0.048607 0.069150 -3.093332 0.033217 -0.046722
    62 1.180428 -0.006214 0.000780 0.000034 -0.000012 0.586051
    63 -0.000196 0.099625 -0.000034 0.000000 0.000000 -0.314102
    64 -0.088736 -0.688435 -0.145203 2.930407 -0.136130 0.513013
    65 1.712069 -0.003328 0.003818 0.000023 -0.000021 0.699773
    66 -0.000580 0.100145 -0.000311 -0.010912 0.023131 -0.260841
    67 -0.146030 -0.232426 -0.014225 3.028455 -0.094299 0.113020
    68 1.290632 0.000362 -0.000032 0.000000 0.000000 -0.148127
    69 -0.658121 -0.003575 0.072645 -0.142711 0.027792 -0.077299
    70 1.868080 -0.003049 0.006083 -0.000045 0.000015 1.126010
    71 1.200079 0.399944 -0.000093 0.009465 -0.016087 0.007127
    72 0.000591 0.100342 0.000319 0.120035 0.021926 -0.209617
    73 0.068077 0.002285 -0.080050 3.111376 -0.069366 -0.060847
    74 2.015780 -0.005083 0.006086 0.000011 -0.000049 1.297769
    75 0.000229 0.099802 0.000395 0.018823 -0.010833 -0.239219
    76 -0.018673 -0.001009 0.047544 3.109244 0.002635 -0.106673
    77 1.178665 0.001595 0.000845 0.000000 0.000000 0.669112
    78 -0.000198 0.099628 0.000034 0.000000 0.000000 -0.314102
    79 0.036892 -0.634449 0.266284 -2.801062 0.174301 0.490914
    80 1.708256 -0.002506 -0.004592 -0.000034 -0.000037 1.003564
    81 -0.000576 0.100136 0.000311 0.010912 -0.023131 -0.260841
    82 -0.003952 -0.281811 0.115047 -3.059162 0.089004 0.167964
    83 1.289627 0.003949 0.000061 -0.000014 0.000063 0.145090
    84 -0.171528 -0.018148 -0.099873 0.013484 -0.062184 -0.011780
    85 0.912716 0.007240 0.001326 -0.000041 0.000045 0.969825
    86 -0.342617 0.053404 -0.025571 -2.909301 -0.017248 0.075276
    87 1.100231 -0.000930 -0.002434 0.000009 0.000014 0.424742
    88 -0.384983 0.330998 0.006848 -3.087207 -0.018765 -0.184279
    89 0.678146 0.006192 -0.003905 -0.000018 -0.000019 0.367613
    90 -0.123848 0.072737 0.029507 2.898184 -0.060627 0.094834
    91 1.017166 -0.000154 -0.000252 -0.000023 -0.000014 0.382241
    92 -0.344986 0.123129 0.143151 2.994981 0.012396 0.059140
    93 -0.730988 0.177046 0.039141 -0.123731 0.076518 -0.084310
    94 0.921993 0.005205 -0.000896 0.000058 -0.000023 0.484984
    95 -0.124027 -0.052092 0.038496 3.077813 -0.008519 0.039229
    96 1.100430 -0.007458 0.000503 0.000041 0.000042 0.904205
    97 -0.330082 0.160641 0.042780 3.128073 0.034033 -0.171236
    98 0.675854 0.005438 0.003272 0.000014 0.000003 0.945948
    99 -0.019516 -0.016531 0.038578 -2.763781 0.050305 0.076828
    100 1.014985 0.005113 0.001121 -0.000030 0.000019 0.984604
    101 -0.155312 0.130643 -0.021921 -3.022466 0.022433 -0.024903
    102 -0.252209 0.061937 -0.024914 -0.007671 -0.063171 -0.044392
    103 -0.085991 0.185203 -0.015180 -2.937063 -0.113970 -0.138991
    104 -0.286537 0.179852 0.024264 -3.109353 -0.049645 -0.029915
    105 -0.019489 0.147084 0.079203 2.893815 0.038585 -0.060594
    106 -0.046482 0.251898 0.129548 3.016165 0.077112 -0.042864
    107 0.039120 -0.040298 0.047739 3.084219 0.030470 -0.037414
    108 -0.233757 0.066630 0.001754 -3.133086 0.040141 -0.065413
    109 0.044266 0.020128 0.001684 -2.778763 -0.118872 -0.040488
    110 0.071495 0.074127 -0.048302 -3.035917 -0.059482 0.104366
    111 0.000000 0.000000 0.000000 0.000000 0.000000 -1.570796
    112 15.797357 -3.554796 -2.695395 0.000857 0.009084 -0.003265
    113 -3.629017 7.754143 -0.355480 0.543505 -0.763064 -1.514702
    114 -1.541997 0.000000 1.809996 0.000000 0.000000 0.000000
    115 5.560989 0.000000 1.164998 0.000000 0.000000 0.000000
    116 1.770997 -0.313999 1.249997 0.000000 0.000000 -1.570817
    117 3.817992 0.000000 -0.014000 0.000000 0.000000 0.000000
    118 -0.469999 0.000000 -3.436993 0.000000 0.000000 0.000000
    119 -2.237996 0.000000 -3.187994 0.000000 0.000000 0.000000
    120 3.318993 0.000000 3.457993 0.000000 -0.159167 0.000000
    121 0.000000 0.000000 0.000000 0.000000 0.000000 0.000000
    122 0.532999 0.510999 -0.840998 0.000000 0.000000 0.000000
    123 0.000000 0.000000 0.000000 0.000000 0.000000 0.000000
    124 -0.106000 0.000000 64.320000 0.000000 0.000000 0.000000
    125 0.000000 0.000000 0.000000 0.000000 0.000000 0.000000
    126 0.000000 0.000000 0.000000 -0.003296 -0.000503 0.003152
    127 25.574196 -3.591211 7.818885 0.000838 0.009088 -0.003310
    128 0.106000 0.000000 -64.320000 0.000000 0.000000 0.000000
    129 0.000000 0.000000 0.000000 0.000000 0.000000 0.000000
    130 0.000000 0.000000 -4.867002 -3.141592 0.000000 -3.128591
    131 0.000000 0.000000 4.867000 -3.141592 0.000000 -3.128591
    132 4.000000 -6.500000 0.000000 0.000000 0.000000 0.000977
    133 -6.500000 0.000000 0.000000 0.000000 1.570796 0.000000
    134 1.000088 -0.000029 0.000000 0.000000 0.000000 0.000000
    135 17.162516 -0.000404 0.000000 0.000000 0.000000 0.119214
    136 9.999891 -0.000303 0.000000 0.000000 0.000000 0.000000
    137 1.000088 -0.000029 0.000000 0.000000 0.000000 0.000000
    138 17.162516 -0.000404 0.000000 0.000000 0.000000 0.119214
    139 9.499836 0.000212 0.000000 0.000000 0.000000 0.000000
    140 0.000000 0.000000 0.000000 0.000000 0.000000 0.000000
    141 17.749374 0.295515 0.000000 0.000000 0.000000 -1.158958
    142 0.017889 0.299792 0.000000 0.000000 0.000000 -0.059582
    143 12.283573 1.581456 -4.696000 1.462269 -0.086726 0.090185
    144 17.749376 0.295515 0.000000 0.000000 0.000000 -1.158958
    145 0.017889 0.299792 0.000000 0.000000 0.000000 -0.059582
    146 13.354000 0.000000 0.000000 0.000000 0.000000 -0.294101
    147 4.530998 0.000000 0.000000 0.000000 0.000000 0.000000
    148 0.000000 0.000000 0.000000 0.000000 0.000000 0.000000
    149 5.413524 0.000347 0.000000 0.000000 0.000000 -0.518055
    150 5.413524 0.000347 0.000000 0.000000 0.000000 -0.518055
    151 4.662001 -5.366332 4.825191 1.569715 1.561305 -3.121216
    152 3.116966 -0.000443 0.000000 0.000000 0.000000 0.294101
    153 4.531197 0.000000 0.000000 0.000000 0.000000 0.000000
    154 -1.912000 0.003000 0.278000 0.000000 0.000000 0.000000
    155 -3.830000 0.003000 0.015000 0.000000 0.000000 0.000000
    156 -14.758825 3.601672 -58.333128 -0.001724 -0.008672 0.003302
    157 -0.027043 0.005322 3.195799 0.000000 0.305147 0.000000
    158 3.512001 -3.547000 -1.066000 0.000000 1.570796 0.000000
    159 3.456001 -3.517000 1.169000 0.000000 1.570796 0.000000
    160 6.233002 0.000000 0.000000 0.000000 0.000000 0.000000
    161 -0.171997 -0.106000 -0.902000 1.570713 1.029176 -3.134550
    162 6.241997 -6.380000 -0.039064 0.003152 0.003284 0.000515
    163 1.947000 -0.003000 -0.278000 0.000000 0.000000 0.000000
    164 -2.941000 -0.003000 0.381000 0.000000 0.000000 0.000000
    165 -2.941000 -0.003000 0.381000 0.000000 0.000000 0.000000
    166 -0.070000 -0.003000 0.481000 0.000000 0.000000 0.000000
    167 -0.002780 0.000000 0.017476 0.000000 -0.382438 0.000012
    168 3.999434 -0.000527 -0.000332 -0.561779 0.000000 0.000000
    169 3.999901 0.000038 0.001011 0.256699 0.000000 0.000000
    170 1.598000 0.000000 0.000000 0.000000 0.000000 0.000000
    171 -1.145525 0.000130 0.000668 0.000000 0.000000 0.000000
    172 2.299679 -2.499979 -0.599480 0.891953 0.221513 -0.527302
    173 10.944479 -3.191439 -0.332344 1.597557 -0.146608 -0.183990
    174 -9.580671 -27.862106 -37.184677 0.812879 -0.123459 -0.568477
    175 0.649933 -0.548295 0.093651 -1.665913 -0.131399 -0.112062
    176 0.657074 0.008402 0.040371 -1.665945 -0.131407 -0.000013
    177 0.665776 0.747221 -0.029190 -1.665935 -0.131408 0.094976
    178 2.300139 -2.499413 0.600159 -0.892076 -0.221524 -0.527221
    179 12.187820 1.068084 0.992054 1.811734 -0.001398 0.197485
    180 2.762350 0.116951 1.523975 1.629482 0.064153 1.743800
    181 7.228317 7.928197 -3.925652 2.328713 0.123459 -0.568477
    182 0.650394 -0.547730 -0.092979 1.665913 0.131399 -0.112062
    183 0.657069 0.008398 -0.040379 1.665945 0.131407 -0.000013
    184 0.665775 0.747221 0.029179 1.665935 0.131408 0.094976
    185 -4.481003 -0.202000 0.000000 0.000000 0.000000 0.000000
    186 -5.516998 -0.291000 -0.001000 0.000000 0.000000 0.000000
    187 -0.857700 0.104071 0.104683 0.023536 0.163924 0.013632
    188 1.899119 0.000423 -0.000439 0.027386 -0.033311 0.477848
    189 1.799661 -0.000233 0.000231 0.027386 -0.033311 0.477848
    190 1.799661 -0.000233 0.000231 0.027386 -0.033311 0.477848
    191 1.799661 -0.000233 0.000231 0.027386 -0.033311 0.477848
    192 1.900310 -0.000137 -0.000517 0.027386 -0.033311 0.477848
    193 1.899435 -0.000317 -0.000150 -0.027386 0.033311 0.477848
    194 1.799662 -0.000240 -0.000233 -0.027386 0.033311 0.477848
    195 1.799662 -0.000240 -0.000233 -0.027386 0.033311 0.477848
    196 1.799662 -0.000240 -0.000233 -0.027386 0.033311 0.477848
    197 1.900729 0.000553 -0.000072 -0.027386 0.033311 0.477848
    198 0.599884 0.400187 -0.000031 0.000000 0.000000 0.000000
    199 0.599886 0.400185 0.000034 0.000000 0.000000 -3.141592
    200 0.599503 0.400694 0.000234 0.000000 0.000000 0.000000
    201 0.600029 -0.000020 -0.000019 0.000000 0.000000 -3.141592
  time 33
    0 0.000000 0.000000 0.000000 0.000000 0.000000 -1.570796
    1 -0.106323 0.000000 -0.000198 0.000000 0.000000 0.000000
    2 0.000000 0.000000 0.000000 0.000000 0.000000 0.000000
    3 -0.904000 0.000000 -11.806000 0.000000 0.000000 0.000000
    4 0.000000 0.000000 -14.313999 0.000000 -1.570796 1.570857
    5 3.533001 0.000000 0.000000 0.000000 0.000000 0.000000
    6 6.250000 0.000000 0.000000 0.000000 0.000000 0.000000
    7 9.562500 1.924805 -1.815430 -0.161250 1.437164 -0.160081
    8 9.562500 1.924805 1.815430 0.098301 -1.350314 -0.096174
    9 5.790726 0.002787 -0.000113 -0.857219 0.334730 -1.706490
    10 5.999492 -0.000592 -4.000343 0.000000 0.000000 0.000000
    11 5.791316 0.002582 0.004799 0.996713 -0.636529 -1.306610
    12 5.999492 -0.000592 4.000336 0.000000 0.000000 0.000000
    13 0.500225 0.000133 -0.000088 0.001132 0.000000 0.000000
    14 11.534559 0.004255 -0.001312 -0.000017 0.000009 -1.182805
    15 -0.829338 0.893824 0.079659 -0.148839 0.047645 0.087266
    16 0.500225 0.000132 0.000076 -0.180899 0.000000 0.000000
    17 11.532495 0.000526 -0.000089 0.000102 -0.000010 -1.646456
    18 -0.829586 0.894698 -0.079464 0.045377 -0.019621 0.087266
    19 10.599884 0.000105 -0.000553 -1.103723 0.000000 0.000000
    20 0.217324 -0.325964 -0.000805 0.000000 0.000011 0.591412
    21 11.042057 -0.000189 0.004704 -0.873442 -0.092454 1.042360
    22 -1.214832 0.203470 -0.477489 -0.135025 -0.078677 -0.001289
    23 10.599880 0.000105 0.000549 0.504659 0.000000 0.000048
    24 0.549364 -0.509563 0.000801 0.000000 -0.000011 0.823246
    25 11.041742 0.003171 -0.000571 0.397062 0.185162 0.808862
    26 -1.063377 0.077663 0.150230 0.045121 0.020046 -0.012850
    27 0.610302 -0.939470 0.070343 -1.654739 -0.083619 -0.180410
    28 0.639940 -0.199121 0.060188 -1.665350 -0.069899 -0.072307
    29 0.600155 1.080261 -0.339535 -1.744123 0.106121 0.045568
    30 0.610207 0.400743 -0.010101 -1.761999 0.010604 0.029042
    31 0.634715 -0.693997 -0.232343 0.059931 -0.073951 -0.756778
    32 -0.792125 0.203736 0.461300 1.439074 -0.003453 -0.018305
    33 0.610300 -0.939469 -0.070351 1.655295 0.140139 -0.175592
    34 0.639937 -0.199121 -0.060200 1.671196 0.183105 -0.036821
    35 0.600157 1.080259 0.339531 1.741577 0.106918 0.153561
    36 0.610205 0.400743 0.010086 1.766570 0.125877 0.080204
    37 0.624002 -0.695300 0.236176 -0.779776 -0.588008 -0.933198
    38 -0.626031 -0.069983 -0.080517 -1.447153 0.086151 0.021559
    39 2.621377 -0.002532 -0.001438 -0.430289 -0.140791 0.893715
    40 2.664743 0.000397 -0.000071 -0.298961 0.030112 1.083906
    41 2.202488 0.003368 -0.006769 -0.280490 0.067891 0.963396
    42 0.599952 0.959240 -0.300102 -0.174544 0.000000 0.000000
    43 2.553283 -0.005873 0.006359 -0.192949 0.063242 1.091356
    44 2.095024 -0.003873 -0.002193 -0.235265 0.301152 0.566325
    45 0.999380 -0.000236 -1.252340 -0.000001 0.000000 0.000000
    46 -0.122639 -0.721856 0.661690 -0.486644 0.223964 0.243056
    47 2.622113 -0.000648 0.002741 0.031028 0.424650 0.103349
    48 2.657909 0.004589 -0.000533 0.322092 0.240138 1.085308
    49 2.199219 0.000515 -0.000122 0.262963 -0.039561 1.072971
    50 0.599951 0.959244 0.300102 0.174544 0.000000 0.000000
    51 2.556570 -0.004291 0.000554 0.263755 0.129467 1.165880
    52 2.103851 0.005614 -0.001014 0.486851 -0.305664 0.739506
    53 0.999374 -0.000237 1.275770 0.000000 0.000000 -0.070589
    54 0.310846 -0.606445 -0.498005 0.308107 -0.197598 0.313976
    55 1.873069 -0.004741 -0.000994 0.000017 0.000063 0.840532
    56 1.200941 0.399582 -0.000237 -0.009465 0.016087 0.007127
    57 0.000586 0.100342 -0.000319 -0.120035 -0.021926 -0.209617
    58 -0.161663 0.051712 0.194808 -2.941982 0.122408 -0.060194
    59 2.010092 -0.003202 -0.007284 0.000042 0.000060 0.871159
    60 0.000240 0.099802 -0.000395 -0.018823 0.010833 -0.239219
    61 -0.203197 0.048607 0.069150 -3.093332 0.033217 -0.046722
    62 1.180428 -0.006214 0.000780 0.000034 -0.000012 0.586051
    63 -0.000196 0.099625 -0.000034 0.000000 0.000000 -0.314102
    64 -0.088736 -0.688435 -0.145203 2.930407 -0.136130 0.513013
    65 1.712069 -0.003328 0.003818 0.000023 -0.000021 0.699773
    66 -0.000580 0.100145 -0.000311 -0.010912 0.023131 -0.260841
    67 -0.146030 -0.232426 -0.014225 3.028455 -0.094299 0.113020
    68 1.290632 0.000362 -0.000032 0.000000 0.000000 -0.148127
    69 -0.658121 -0.003575 0.072645 -0.142711 0.027792 -0.077299
    70 1.868080 -0.003049 0.006083 -0.000045 0.000015 1.126010
    71 1.200079 0.399944 -0.000093 0.009465 -0.016087 0.007127
    72 0.000591 0.100342 0.000319 0.120035 0.021926 -0.209617
    73 0.068077 0.002285 -0.080050 3.111376 -0.069366 -0.060847
    74 2.015780 -0.005083 0.006086 0.000011 -0.000049 1.297769
    75 0.000229 0.099802 0.000395 0.018823 -0.010833 -0.239219
    76 -0.018673 -0.001009 0.047544 3.109244 0.002635 -0.106673
    77 1.178665 0.001595 0.000845 0.000000 0.000000 0.669112
    78 -0.000198 0.099628 0.000034 0.000000 0.000000 -0.314102
    79 0.036892 -0.634449 0.266284 -2.801062 0.174301 0.490914
    80 1.708256 -0.002506 -0.004592 -0.000046 -0.000037 1.003564
    81 -0.000576 0.100136 0.000311 0.010912 -0.023131 -0.260841
    82 -0.003952 -0.281811 0.115047 -3.059162 0.089004 0.167964
    83 1.289627 0.003949 0.000061 -0.000026 -0.000045 0.279236
    84 -0.171528 -0.018148 -0.099873 0.013484 -0.062184 -0.011780
    85 0.912716 0.007240 0.001326 -0.000029 0.000045 0.969825
    86 -0.342617 0.053404 -0.025571 -2.909301 -0.017248 0.075276
    87 1.100231 -0.000930 -0.002434 0.000009 0.000014 0.424742
    88 -0.384983 0.330998 0.006848 -3.087207 -0.018765 -0.184279
    89 0.678146 0.006192 0.000002 -0.000018 -0.000019 0.367613
    90 -0.123848 0.072737 0.029507 2.898184 -0.060627 0.094834
    91 1.017166 -0.000154 -0.000252 -0.000023 -0.000026 0.382241
    92 -0.344986 0.123129 0.143151 2.994981 0.012396 0.059140
    93 -0.730988 0.177046 0.039141 -0.123731 0.076518 -0.084310
    94 0.921993 0.005205 -0.000896 0.000046 -0.000023 0.484984
    95 -0.124027 -0.052092 0.038496 3.077813 -0.008519 0.039229
    96 1.100430 -0.003552 0.000503 0.000041 0.000042 0.904205
    97 -0.330082 0.160641 0.042780 3.128073 0.034033 -0.171236
    98 0.675854 0.005438 0.003272 0.000014 0.000003 0.945948
    99 -0.019516 -0.016531 0.038578 -2.763781 0.050305 0.076828
    100 1.018891 0.001206 0.001121 -0.000030 0.000031 0.984604
    101 -0.155312 0.130643 -0.021921 -3.022466 0.022433 -0.024903
    102 -0.252209 0.061937 -0.024914 -0.007671 -0.063171 -0.044392
    103 -0.085991 0.185203 -0.015180 -2.937063 -0.113970 -0.138991
    104 -0.286537 0.179852 0.024264 -3.109353 -0.049645 -0.029915
    105 -0.019489 0.147084 0.079203 2.893815 0.038585 -0.060594
    106 -0.046482 0.251898 0.129548 3.016165 0.077112 -0.042864
    107 0.039120 -0.040298 0.047739 3.084219 0.030470 -0.037414
    108 -0.233757 0.066630 0.001754 -3.133086 0.040141 -0.065413
    109 0.044266 0.020128 0.001684 -2.778763 -0.118872 -0.040488
    110 0.071495 0.074127 -0.048302 -3.035917 -0.059482 0.104366
    111 0.000000 0.000000 0.000000 0.000000 0.000000 -1.570796
    112 15.703604 -3.566515 -2.671957 -0.010950 0.009318 -0.001306
    113 -3.664174 7.847896 -0.324229 0.526893 -0.762191 -1.501407
    114 -1.541997 0.000000 1.809996 0.000000 0.000000 0.000000
    115 5.560989 0.000000 1.164998 0.000000 0.000000 0.000000
    116 1.770997 -0.313999 1.249997 0.000000 0.000000 -1.570817
    117 3.817992 0.000000 -0.014000 0.000000 0.000000 0.000000
    118 -0.469999 0.000000 -3.436993 0.000000 0.000000 0.000000
    119 -2.237996 0.000000 -3.187994 0.000000 0.000000 0.000000
    120 3.318993 0.000000 3.457993 0.000000 -0.159167 0.000000
    121 0.000000 0.000000 0.000000 0.000000 0.000000 0.000000
    122 0.532999 0.510999 -0.840998 0.000000 0.000000 0.000000
    123 0.000000 0.000000 0.000000 0.000000 0.000000 0.000000
    124 -0.106000 0.000000 64.320000 0.000000 0.000000 0.000000
    125 0.000000 0.000000 0.000000 0.000000 0.000000 0.000000
    126 0.000000 0.000000 0.000000 0.001198 -0.001390 0.004267
    127 25.484350 -3.602930 7.838417 -0.010969 0.009323 -0.001351
    128 0.106000 0.000000 -64.320000 0.000000 0.000000 0.000000
    129 0.000000 0.000000 0.000000 0.000000 0.000000 0.000000
    130 0.000000 0.000000 -4.867002 -3.141592 0.000000 -3.128591
    131 0.000000 0.000000 4.867000 -3.141592 0.000000 -3.128591
    132 4.000000 -6.500000 0.000000 0.000000 0.000000 0.000977
    133 -6.500000 0.000000 0.000000 0.000000 1.570796 0.000000
    134 1.000088 -0.000029 0.000000 0.000000 0.000000 0.000000
    135 17.162516 -0.000404 0.000000 0.000000 0.000000 0.119214
    136 9.999891 -0.000303 0.000000 0.000000 0.000000 0.000000
    137 1.000088 -0.000029 0.000000 0.000000 0.000000 0.000000
    138 17.162516 -0.000404 0.000000 0.000000 0.000000 0.119214
    139 9.499836 0.000212 0.000000 0.000000 0.000000 0.000000
    140 0.000000 0.000000 0.000000 0.000000 0.000000 0.000000
    141 17.749374 0.295515 0.000000 0.000000 0.000000 -1.158958
    142 0.017889 0.299792 0.000000 0.000000 0.000000 -0.059582
    143 12.283573 1.581456 -4.696000 1.462269 -0.086726 0.090185
    144 17.749376 0.295515 0.000000 0.000000 0.000000 -1.158958
    145 0.017889 0.299792 0.000000 0.000000 0.000000 -0.059582
    146 13.354000 0.000000 0.000000 0.000000 0.000000 -0.294101
    147 4.530998 0.000000 0.000000 0.000000 0.000000 0.000000
    148 0.000000 0.000000 0.000000 0.000000 0.000000 0.000000
    149 5.413524 0.000347 0.000000 0.000000 0.000000 -0.518055
    150 5.413524 0.000347 0.000000 0.000000 0.000000 -0.518055
    151 4.662001 -5.366332 4.825191 1.569715 1.561305 -3.121216
    152 3.116966 -0.000443 0.000000 0.000000 0.000000 0.294101
    153 4.531197 0.000000 0.000000 0.000000 0.000000 0.000000
    154 -1.912000 0.003000 0.278000 0.000000 0.000000 0.000000
    155 -3.830000 0.003000 0.015000 0.000000 0.000000 0.000000
    156 -14.649446 4.398572 -58.301877 0.010945 -0.009225 0.001539
    157 -0.027043 0.005322 3.195799 0.000000 0.305147 0.000000
    158 3.512001 -3.547000 -1.066000 0.000000 1.570796 0.000000
    159 3.456001 -3.517000 1.169000 0.000000 1.570796 0.000000
    160 6.233002 0.000000 0.000000 0.000000 0.000000 0.000000
    161 -0.171997 -0.106000 -0.902000 1.570713 1.029176 -3.134550
    162 6.249810 -6.372187 -0.019532 0.004267 -0.001210 0.001378
    163 1.947000 -0.003000 -0.278000 0.000000 0.000000 0.000000
    164 -2.941000 -0.003000 0.381000 0.000000 0.000000 0.000000
    165 -2.941000 -0.003000 0.381000 0.000000 0.000000 0.000000
    166 -0.070000 -0.003000 0.481000 0.000000 0.000000 0.000000
    167 -0.002780 0.000000 0.017476 0.000000 -0.382426 0.000012
    168 3.999434 -0.000527 -0.000332 -0.551940 0.000000 0.000000
    169 3.999901 0.000038 0.001011 0.252426 0.000000 0.000000
    170 1.598000 0.000000 0.000000 0.000000 0.000000 0.000000
    171 -1.145525 0.000130 0.000668 0.000000 0.000000 0.000000
    172 2.299679 -2.499979 -0.599480 0.891953 0.221513 -0.527302
    173 10.944479 -3.191439 -0.332344 1.597557 -0.146608 -0.183990
    174 -9.580671 -27.862106 -37.184677 0.812879 -0.123459 -0.568477
    175 0.649933 -0.548295 0.093651 -1.665913 -0.131399 -0.112062
    176 0.657074 0.008402 0.040371 -1.665945 -0.131407 -0.000013
    177 0.665776 0.747221 -0.029190 -1.665935 -0.131408 0.094976
    178 2.300139 -2.499413 0.600159 -0.892076 -0.221524 -0.527221
    179 12.187820 1.068084 0.992054 1.811734 -0.001398 0.197485
    180 2.762350 0.116951 1.523975 1.629482 0.064153 1.743800
    181 7.228317 7.928197 -3.925652 2.328713 0.123459 -0.568477
    182 0.650394 -0.547730 -0.092979 1.665913 0.131399 -0.112062
    183 0.657069 0.008398 -0.040379 1.665945 0.131407 -0.000013
    184 0.665775 0.747221 0.029179 1.665935 0.131408 0.094976
    185 -4.481003 -0.202000 0.000000 0.000000 0.000000 0.000000
    186 -5.516998 -0.291000 -0.001000 0.000000 0.000000 0.000000
    187 -0.857700 0.104071 0.104683 0.023536 0.163924 0.013632
    188 1.899119 0.000423 -0.000439 0.027386 -0.033311 0.477848
    189 1.799661 -0.000233 0.000231 0.027386 -0.033311 0.477848
    190 1.799661 -0.000233 0.000231 0.027386 -0.033311 0.477848
    191 1.799661 -0.000233 0.000231 0.027386 -0.033311 0.477848
    192 1.900310 -0.000137 -0.000517 0.027386 -0.033311 0.477848
    193 1.899435 -0.000317 -0.000150 -0.027386 0.033311 0.477848
    194 1.799662 -0.000240 -0.000233 -0.027386 0.033311 0.477848
    195 1.799662 -0.000240 -0.000233 -0.027386 0.033311 0.477848
    196 1.799662 -0.000240 -0.000233 -0.027386 0.033311 0.477848
    197 1.900729 0.000553 -0.000072 -0.027386 0.033311 0.477848
    198 0.599884 0.400187 -0.000031 0.000000 0.000000 0.000000
    199 0.599886 0.400185 0.000034 0.000000 0.000000 -3.141592
    200 0.599503 0.400694 0.000234 0.000000 0.000000 0.000000
    201 0.600029 -0.000020 -0.000019 0.000000 0.000000 -3.141592
  time 34
    0 0.000000 0.000000 0.000000 0.000000 0.000000 -1.570796
    1 -0.106323 0.000000 -0.000198 0.000000 0.000000 0.000000
    2 0.000000 0.000000 0.000000 0.000000 0.000000 0.000000
    3 -0.904000 0.000000 -11.806000 0.000000 0.000000 0.000000
    4 0.000000 0.000000 -14.313999 0.000000 -1.570796 1.570857
    5 3.533001 0.000000 0.000000 0.000000 0.000000 0.000000
    6 6.250000 0.000000 0.000000 0.000000 0.000000 0.000000
    7 9.562500 1.924805 -1.815430 -0.161250 1.437164 -0.160081
    8 9.562500 1.924805 1.815430 0.098301 -1.350314 -0.096174
    9 5.790726 0.002787 -0.000113 -0.869639 0.347857 -1.713418
    10 5.999492 -0.000592 -4.000343 0.000000 0.000000 0.000000
    11 5.791316 0.002582 0.004799 0.991322 -0.644655 -1.296633
    12 5.999492 -0.000592 4.000336 0.000000 0.000000 0.000000
    13 0.500225 0.000133 -0.000088 0.007733 0.000000 0.000000
    14 11.534559 0.004255 -0.001312 -0.000017 0.000009 -1.205875
    15 -0.829338 0.893824 0.079659 -0.148839 0.047645 0.087266
    16 0.500225 0.000132 0.000076 -0.180629 0.000000 0.000000
    17 11.532495 0.004432 -0.000089 0.000042 0.000026 -1.670826
    18 -0.829586 0.894698 -0.079464 0.045377 -0.019621 0.087266
    19 10.599884 0.000105 -0.000553 -1.099111 0.000000 0.000000
    20 0.221231 -0.333776 -0.000805 -0.000024 0.000011 0.602989
    21 11.042057 -0.000189 0.000798 -0.870736 -0.107362 1.057117
    22 -1.214832 0.203470 -0.477489 -0.135025 -0.078677 -0.001289
    23 10.599880 0.000105 0.000549 0.500976 0.000000 0.000048
    24 0.557177 -0.513469 0.000801 -0.000012 -0.000035 0.835458
    25 11.041742 0.003171 -0.000571 0.388597 0.180862 0.819315
    26 -1.063377 0.077663 0.150230 0.045121 0.020046 -0.012850
    27 0.610302 -0.939470 0.070343 -1.654739 -0.083619 -0.180410
    28 0.639940 -0.199121 0.060188 -1.665350 -0.069899 -0.072307
    29 0.600155 1.080261 -0.339535 -1.744123 0.106121 0.045568
    30 0.610207 0.400743 -0.010101 -1.761999 0.010604 0.029042
    31 0.634715 -0.693997 -0.232343 0.059931 -0.073969 -0.756778
    32 -0.792125 0.203736 0.461300 1.439074 -0.003453 -0.018305
    33 0.610300 -0.939469 -0.070351 1.655295 0.140127 -0.175592
    34 0.639937 -0.199121 -0.060200 1.671196 0.183105 -0.036821
    35 0.600157 1.080259 0.339531 1.741577 0.106918 0.153561
    36 0.610205 0.400743 0.010086 1.766570 0.125877 0.080204
    37 0.624002 -0.695300 0.236176 -0.772482 -0.594385 -0.932829
    38 -0.626031 -0.069983 -0.080517 -1.447153 0.086151 0.021559
    39 2.621377 -0.002532 -0.005345 -0.430289 -0.140791 0.893755
    40 2.664743 0.000397 -0.000071 -0.298947 0.030112 1.083906
    41 2.206394 0.003368 -0.006769 -0.280490 0.067891 0.963396
    42 0.599952 0.959240 -0.300102 -0.174544 0.000000 0.000000
    43 2.557190 -0.005873 0.006359 -0.192949 0.063242 1.091356
    44 2.095024 -0.003873 -0.002193 -0.235265 0.301152 0.566325
    45 0.999380 -0.000236 -1.252340 -0.000001 0.000000 0.000000
    46 -0.122639 -0.721856 0.661690 -0.486644 0.223964 0.243056
    47 2.622113 -0.000648 0.002741 0.031028 0.424650 0.103349
    48 2.657909 0.004589 -0.000533 0.322092 0.240138 1.085308
    49 2.199219 0.000515 -0.000122 0.262963 -0.039561 1.072971
    50 0.599951 0.959244 0.300102 0.174544 0.000000 0.000000
    51 2.556570 -0.000385 0.000554 0.263755 0.129467 1.165880
    52 2.103851 0.005614 -0.001014 0.464341 -0.353386 0.751367
    53 0.999374 -0.000237 1.279677 0.000000 0.000000 -0.070589
    54 0.310846 -0.606445 -0.498005 0.308107 -0.197598 0.313976
    55 1.873069 -0.004741 -0.000994 0.000017 0.000051 0.840532
    56 1.200941 0.399582 -0.000237 -0.009465 0.016087 0.007127
    57 0.000586 0.100342 -0.000319 -0.120035 -0.021926 -0.209617
    58 -0.161663 0.051712 0.194808 -2.941982 0.122408 -0.060194
    59 2.010092 -0.003202 -0.003377 0.000042 0.000048 0.871159
    60 0.000240 0.099802 -0.000395 -0.018823 0.010833 -0.239219
    61 -0.203197 0.048607 0.069150 -3.093332 0.033217 -0.046722
    62 1.180428 -0.006214 0.000780 0.000034 -0.000012 0.586051
    63 -0.000196 0.099625 -0.000034 0.000000 0.000000 -0.314102
    64 -0.088736 -0.688435 -0.145203 2.930407 -0.136130 0.513013
    65 1.715976 -0.003328 0.003818 0.000023 -0.000021 0.699773
    66 -0.000580 0.100145 -0.000311 -0.010912 0.023131 -0.260841
    67 -0.146030 -0.232426 -0.014225 3.028455 -0.094299 0.113020
    68 1.290632 0.000362 -0.000032 0.000000 0.000000 -0.148127
    69 -0.658121 -0.003575 0.072645 -0.142711 0.027792 -0.077299
    70 1.868080 -0.003049 0.006083 -0.000033 0.000015 1.126010
    71 1.200079 0.399944 -0.000093 0.009465 -0.016087 0.007127
    72 0.000591 0.100342 0.000319 0.120035 0.021926 -0.209617
    73 0.068077 0.002285 -0.080050 3.111376 -0.069366 -0.060847
    74 2.015780 -0.005083 0.006086 0.000011 -0.000049 1.297769
    75 0.000229 0.099802 0.000395 0.018823 -0.010833 -0.239219
    76 -0.018673 -0.001009 0.047544 3.109244 0.002635 -0.106673
    77 1.178665 0.001595 0.000845 0.000000 0.000000 0.669112
    78 -0.000198 0.099628 0.000034 0.000000 0.000000 -0.314102
    79 0.036892 -0.634449 0.266284 -2.801062 0.174301 0.490914
    80 1.708256 -0.006412 -0.000686 -0.000046 -0.000037 1.003564
    81 -0.000576 0.100136 0.000311 0.010912 -0.023131 -0.260841
    82 -0.003952 -0.281811 0.115047 -3.059162 0.089004 0.167964
    83 1.289627 0.003949 0.000061 -0.000014 0.000003 0.407856
    84 -0.171528 -0.018148 -0.099873 0.013484 -0.062184 -0.011780
    85 0.916622 0.007240 0.001326 -0.000029 0.000045 0.969825
    86 -0.342617 0.053404 -0.025571 -2.909301 -0.017248 0.075276
    87 1.100231 -0.000930 -0.002434 0.000009 0.000014 0.424742
    88 -0.384983 0.330998 0.006848 -3.087207 -0.018765 -0.184279
    89 0.678146 0.006192 -0.003905 -0.000030 -0.000007 0.367663
    90 -0.123848 0.072737 0.029507 2.898184 -0.060627 0.094834
    91 1.017166 -0.000154 -0.000252 -0.000023 -0.000026 0.382241
    92 -0.344986 0.123129 0.143151 2.994981 0.012396 0.059140
    93 -0.730988 0.177046 0.039141 -0.123731 0.076518 -0.084310
    94 0.921993 0.005205 -0.000896 0.000046 -0.000023 0.484984
    95 -0.124027 -0.052092 0.038496 3.077813 -0.008519 0.039229
    96 1.100430 -0.007458 0.000503 0.000041 0.000042 0.904205
    97 -0.330082 0.160641 0.042780 3.128073 0.034033 -0.171236
    98 0.675854 0.005438 0.003272 0.000014 0.000015 0.945948
    99 -0.019516 -0.016531 0.038578 -2.763781 0.050305 0.076828
    100 1.018891 0.005113 0.001121 -0.000030 0.000031 0.984604
    101 -0.155312 0.130643 -0.021921 -3.022466 0.022433 -0.024903
    102 -0.252209 0.061937 -0.024914 -0.007671 -0.063171 -0.044392
    103 -0.085991 0.185203 -0.015180 -2.937063 -0.113970 -0.138991
    104 -0.286537 0.179852 0.024264 -3.109353 -0.049645 -0.029915
    105 -0.019489 0.147084 0.079203 2.893815 0.038585 -0.060594
    106 -0.046482 0.251898 0.129548 3.016165 0.077112 -0.042864
    107 0.039120 -0.040298 0.047739 3.084219 0.030470 -0.037414
    108 -0.233757 0.066630 0.001754 -3.133086 0.040141 -0.065413
    109 0.044266 0.020128 0.001684 -2.778763 -0.118872 -0.040488
    110 0.071495 0.074127 -0.048302 -3.035917 -0.059482 0.104366
    111 0.000000 0.000000 0.000000 0.000000 0.000000 -1.570796
    112 15.496567 -3.593860 -2.664144 -0.020757 0.007773 0.000280
    113 -3.711051 8.051027 -0.347667 0.513301 -0.762926 -1.490000
    114 -1.541997 0.000000 1.809996 0.000000 0.000000 0.000000
    115 5.560989 0.000000 1.164998 0.000000 0.000000 0.000000
    116 1.770997 -0.313999 1.249997 0.000000 0.000000 -1.570817
    117 3.817992 0.000000 -0.014000 0.000000 0.000000 0.000000
    118 -0.469999 0.000000 -3.436993 0.000000 0.000000 0.000000
    119 -2.237996 0.000000 -3.187994 0.000000 0.000000 0.000000
    120 3.318993 0.000000 3.457993 0.000000 -0.159167 0.000000
    121 0.000000 0.000000 0.000000 0.000000 0.000000 0.000000
    122 0.532999 0.510999 -0.840998 0.000000 0.000000 0.000000
    123 0.000000 0.000000 0.000000 0.000000 0.000000 0.000000
    124 -0.106000 0.000000 64.320000 0.000000 0.000000 0.000000
    125 0.000000 0.000000 0.000000 0.000000 0.000000 0.000000
    126 0.000000 0.000000 0.000000 0.000899 -0.002373 0.004782
    127 25.277312 -3.622462 7.861855 -0.020586 0.007777 0.000328
    128 0.106000 0.000000 -64.320000 0.000000 0.000000 0.000000
    129 0.000000 0.000000 0.000000 0.000000 0.000000 0.000000
    130 0.000000 0.000000 -4.867002 -3.141592 0.000000 -3.128591
    131 0.000000 0.000000 4.867000 -3.141592 0.000000 -3.128591
    132 4.000000 -6.500000 0.000000 0.000000 0.000000 0.000977
    133 -6.500000 0.000000 0.000000 0.000000 1.570796 0.000000
    134 1.000088 -0.000029 0.000000 0.000000 0.000000 0.000000
    135 17.162516 -0.000404 0.000000 0.000000 0.000000 0.119214
    136 9.999891 -0.000303 0.000000 0.000000 0.000000 0.000000
    137 1.000088 -0.000029 0.000000 0.000000 0.000000 0.000000
    138 17.162516 -0.000404 0.000000 0.000000 0.000000 0.119214
    139 9.499836 0.000212 0.000000 0.000000 0.000000 0.000000
    140 0.000000 0.000000 0.000000 0.000000 0.000000 0.000000
    141 17.749374 0.295515 0.000000 0.000000 0.000000 -1.158958
    142 0.017889 0.299792 0.000000 0.000000 0.000000 -0.059582
    143 12.283573 1.581456 -4.696000 1.462269 -0.086726 0.090185
    144 17.749376 0.295515 0.000000 0.000000 0.000000 -1.158958
    145 0.017889 0.299792 0.000000 0.000000 0.000000 -0.059582
    146 13.354000 0.000000 0.000000 0.000000 0.000000 -0.294101
    147 4.530998 0.000000 0.000000 0.000000 0.000000 0.000000
    148 0.000000 0.000000 0.000000 0.000000 0.000000 0.000000
    149 5.413524 0.000347 0.000000 0.000000 0.000000 -0.518055
    150 5.413524 0.000347 0.000000 0.000000 0.000000 -0.518055
    151 4.662001 -5.366332 4.825191 1.569715 1.561305 -3.121216
    152 3.116966 -0.000443 0.000000 0.000000 0.000000 0.294101
    153 4.531197 0.000000 0.000000 0.000000 0.000000 0.000000
    154 -1.912000 0.003000 0.278000 0.000000 0.000000 0.000000
    155 -3.830000 0.003000 0.015000 0.000000 0.000000 0.000000
    156 -14.571319 5.054842 -58.239375 0.020770 -0.006987 -0.000353
    157 -0.030950 0.005322 3.195799 0.000000 0.305147 0.000000
    158 3.512001 -3.547000 -1.066000 0.000000 1.570796 0.000000
    159 3.456001 -3.517000 1.169000 0.000000 1.570796 0.000000
    160 6.233002 0.000000 0.000000 0.000000 0.000000 0.000000
    161 -0.171997 -0.106000 -0.902000 1.570713 1.029176 -3.134550
    162 6.249810 -6.372187 -0.011719 0.004782 -0.000911 0.002373
    163 1.947000 -0.003000 -0.278000 0.000000 0.000000 0.000000
    164 -2.941000 -0.003000 0.381000 0.000000 0.000000 0.000000
    165 -2.941000 -0.003000 0.381000 0.000000 0.000000 0.000000
    166 -0.070000 -0.003000 0.481000 0.000000 0.000000 0.000000
    167 -0.002780 0.000000 0.017476 0.000000 -0.382426 0.000012
    168 3.999434 -0.000527 -0.000332 -0.551281 0.000000 -0.000024
    169 3.999901 0.000038 0.001011 0.251091 0.000000 0.000000
    170 1.598000 0.000000 0.000000 0.000000 0.000000 0.000000
    171 -1.145525 0.000130 0.000668 0.000000 0.000000 0.000000
    172 2.299679 -2.499979 -0.599480 0.891953 0.221513 -0.527302
    173 10.944479 -3.191439 -0.332344 1.597557 -0.146608 -0.183990
    174 -9.580671 -27.862106 -37.184677 0.812879 -0.123459 -0.568477
    175 0.649933 -0.548295 0.093651 -1.665913 -0.131399 -0.112062
    176 0.657074 0.008402 0.040371 -1.665945 -0.131407 -0.000013
    177 0.665776 0.747221 -0.029190 -1.665935 -0.131408 0.094976
    178 2.300139 -2.499413 0.600159 -0.892076 -0.221512 -0.527237
    179 12.187820 1.068084 0.992054 1.811734 -0.001398 0.197485
    180 2.762350 0.116951 1.523975 1.629482 0.064153 1.743800
    181 7.228317 7.928197 -3.925652 2.328713 0.123459 -0.568477
    182 0.650394 -0.547730 -0.092979 1.665913 0.131399 -0.112062
    183 0.657069 0.008398 -0.040379 1.665945 0.131407 -0.000013
    184 0.665775 0.747221 0.029179 1.665935 0.131408 0.094976
    185 -4.481003 -0.202000 0.000000 0.000000 0.000000 0.000000
    186 -5.516998 -0.291000 -0.001000 0.000000 0.000000 0.000000
    187 -0.857700 0.104071 0.104683 0.023536 0.163924 0.013632
    188 1.899119 0.000423 -0.000439 0.027386 -0.033311 0.477848
    189 1.799661 -0.000233 0.000231 0.027386 -0.033311 0.477848
    190 1.799661 -0.000233 0.000231 0.027386 -0.033311 0.477848
    191 1.799661 -0.000233 0.000231 0.027386 -0.033311 0.477848
    192 1.900310 -0.000137 -0.000517 0.027386 -0.033311 0.477848
    193 1.899435 -0.000317 -0.000150 -0.027386 0.033311 0.477848
    194 1.799662 -0.000240 -0.000233 -0.027386 0.033311 0.477848
    195 1.799662 -0.000240 -0.000233 -0.027386 0.033311 0.477848
    196 1.799662 -0.000240 -0.000233 -0.027386 0.033311 0.477848
    197 1.900729 0.000553 -0.000072 -0.027386 0.033311 0.477848
    198 0.599884 0.400187 -0.000031 0.000000 0.000000 0.000000
    199 0.599886 0.400185 0.000034 0.000000 0.000000 -3.141592
    200 0.599503 0.400694 0.000234 0.000000 0.000000 0.000000
    201 0.600029 -0.000020 -0.000019 0.000000 0.000000 -3.141592
  time 35
    0 0.000000 0.000000 0.000000 0.000000 0.000000 -1.570796
    1 -0.106323 0.000000 -0.000198 0.000000 0.000000 0.000000
    2 0.000000 0.000000 0.000000 0.000000 0.000000 0.000000
    3 -0.904000 0.000000 -11.806000 0.000000 0.000000 0.000000
    4 0.000000 0.000000 -14.313999 0.000000 -1.570796 1.570857
    5 3.533001 0.000000 0.000000 0.000000 0.000000 0.000000
    6 6.250000 0.000000 0.000000 0.000000 0.000000 0.000000
    7 9.562500 1.924805 -1.815430 -0.161250 1.437164 -0.160081
    8 9.562500 1.924805 1.815430 0.098301 -1.350314 -0.096174
    9 5.790726 0.002787 -0.000113 -0.871072 0.356774 -1.715835
    10 5.999492 -0.000592 -4.000343 0.000000 0.000000 0.000000
    11 5.791316 0.002582 0.004799 0.985772 -0.652706 -1.286566
    12 5.999492 -0.000592 4.000336 0.000000 0.000000 0.000000
    13 0.500225 0.000133 -0.000088 0.007612 0.000000 0.000000
    14 11.534559 0.000348 -0.001312 -0.000017 0.000009 -1.229098
    15 -0.829338 0.893824 0.079659 -0.148839 0.047645 0.087266
    16 0.500225 0.000132 0.000076 -0.180358 0.000000 0.000000
    17 11.532495 0.004432 -0.000089 0.000006 0.000062 -1.695367
    18 -0.829586 0.894698 -0.079464 0.045377 -0.019621 0.087266
    19 10.599884 0.000105 -0.000553 -1.099782 0.000000 0.000000
    20 0.221231 -0.333776 -0.000805 -0.000048 0.000023 0.614540
    21 11.042057 -0.000189 0.004704 -0.874899 -0.118543 1.070871
    22 -1.214832 0.203470 -0.477489 -0.135025 -0.078677 -0.001289
    23 10.599880 0.000105 0.000549 0.497247 0.000000 0.000048
    24 0.568896 -0.517376 0.000801 -0.000036 -0.000047 0.847639
    25 11.041742 0.003171 -0.000571 0.382536 0.179252 0.827481
    26 -1.063377 0.077663 0.150230 0.045121 0.020046 -0.012850
    27 0.610302 -0.939470 0.070343 -1.654739 -0.083619 -0.180410
    28 0.639940 -0.199121 0.060188 -1.665401 -0.069899 -0.072295
    29 0.600155 1.080261 -0.339535 -1.744176 0.106121 0.045568
    30 0.610207 0.400743 -0.010101 -1.761999 0.010592 0.029030
    31 0.634715 -0.693997 -0.236250 0.059919 -0.073951 -0.756778
    32 -0.792125 0.203736 0.461300 1.439074 -0.003453 -0.018305
    33 0.610300 -0.939469 -0.070351 1.655295 0.140115 -0.175604
    34 0.639937 -0.199121 -0.060200 1.671196 0.183105 -0.036845
    35 0.600157 1.080259 0.339531 1.741630 0.106918 0.153561
    36 0.610205 0.400743 0.010086 1.766570 0.125877 0.080204
    37 0.624002 -0.695300 0.232270 -0.769734 -0.597297 -0.932719
    38 -0.626031 -0.069983 -0.080517 -1.447153 0.086151 0.021559
    39 2.625284 -0.002532 -0.001438 -0.430289 -0.140791 0.893715
    40 2.664743 0.000397 -0.000071 -0.298947 0.030124 1.083906
    41 2.202488 0.003368 -0.006769 -0.280490 0.067891 0.963396
    42 0.599952 0.959240 -0.300102 -0.174544 0.000000 0.000000
    43 2.557190 -0.001967 0.006359 -0.192981 0.063242 1.091356
    44 2.095024 -0.003873 -0.002193 -0.235265 0.301152 0.566325
    45 0.999380 -0.000236 -1.252340 -0.000001 0.000000 0.000000
    46 -0.122639 -0.721856 0.661690 -0.486644 0.223964 0.243056
    47 2.622113 -0.000648 0.006647 0.031028 0.424650 0.103349
    48 2.657909 0.004589 -0.000533 0.322092 0.240138 1.085308
    49 2.199219 0.000515 -0.000122 0.262963 -0.039561 1.072971
    50 0.599951 0.959244 0.300102 0.174544 0.000000 0.000000
    51 2.556570 -0.000385 0.000554 0.263755 0.129467 1.165880
    52 2.103851 0.005614 -0.001014 0.452208 -0.377152 0.758750
    53 0.999374 -0.000237 1.283583 0.000000 0.000000 -0.070577
    54 0.310846 -0.606445 -0.498005 0.308107 -0.197598 0.313976
    55 1.869163 -0.004741 -0.000994 0.000017 0.000051 0.840532
    56 1.200941 0.399582 -0.000237 -0.009465 0.016087 0.007127
    57 0.000586 0.100342 -0.000319 -0.120035 -0.021926 -0.209617
    58 -0.161663 0.051712 0.194808 -2.941982 0.122408 -0.060194
    59 2.010092 -0.007109 -0.003377 0.000042 0.000048 0.871159
    60 0.000240 0.099802 -0.000395 -0.018823 0.010833 -0.239219
    61 -0.203197 0.048607 0.069150 -3.093332 0.033217 -0.046722
    62 1.180428 -0.006214 0.000780 0.000022 -0.000024 0.586051
    63 -0.000196 0.099625 -0.000034 0.000000 0.000000 -0.314102
    64 -0.088736 -0.688435 -0.145203 2.930407 -0.136130 0.513013
    65 1.715976 -0.003328 0.003818 0.000023 -0.000021 0.699773
    66 -0.000580 0.100145 -0.000311 -0.010912 0.023131 -0.260841
    67 -0.146030 -0.232426 -0.014225 3.028455 -0.094299 0.113020
    68 1.290632 0.000362 -0.000032 0.000000 0.000000 -0.148127
    69 -0.658121 -0.003575 0.072645 -0.142711 0.027792 -0.077299
    70 1.868080 -0.003049 0.006083 -0.000033 0.000015 1.126010
    71 1.200079 0.399944 -0.000093 0.009465 -0.016087 0.007127
    72 0.000591 0.100342 0.000319 0.120035 0.021926 -0.209617
    73 0.068077 0.002285 -0.080050 3.111376 -0.069366 -0.060847
    74 2.015780 -0.005083 0.006086 0.000011 -0.000049 1.297740
    75 0.000229 0.099802 0.000395 0.018823 -0.010833 -0.239219
    76 -0.018673 -0.001009 0.047544 3.109244 0.002635 -0.106673
    77 1.178665 0.001595 0.000845 0.000000 0.000000 0.669112
    78 -0.000198 0.099628 0.000034 0.000000 0.000000 -0.314102
    79 0.036892 -0.634449 0.266284 -2.801062 0.174301 0.490914
    80 1.704350 -0.002506 -0.004592 -0.000034 -0.000037 1.003564
    81 -0.000576 0.100136 0.000311 0.010912 -0.023131 -0.260841
    82 -0.003952 -0.281811 0.115047 -3.059162 0.089004 0.167964
    83 1.289627 0.003949 0.000061 -0.000014 0.000003 0.465351
    84 -0.171528 -0.018148 -0.099873 0.013484 -0.062184 -0.011780
    85 0.912716 0.007240 0.001326 -0.000017 0.000057 0.969825
    86 -0.342617 0.053404 -0.025571 -2.909301 -0.017248 0.075276
    87 1.100231 -0.000930 -0.002434 0.000009 0.000014 0.424742
    88 -0.384983 0.330998 0.006848 -3.087207 -0.018765 -0.184279
    89 0.678146 0.006192 0.000002 -0.000030 -0.000007 0.367663
    90 -0.123848 0.072737 0.029507 2.898184 -0.060627 0.094834
    91 1.017166 -0.000154 -0.000252 -0.000023 -0.000026 0.382241
    92 -0.344986 0.123129 0.143151 2.994981 0.012396 0.059140
    93 -0.730988 0.177046 0.039141 -0.123731 0.076518 -0.084310
    94 0.925900 0.005205 -0.000896 0.000046 -0.000023 0.484984
    95 -0.124027 -0.052092 0.038496 3.077813 -0.008519 0.039229
    96 1.100430 -0.003552 0.000503 0.000041 0.000042 0.904205
    97 -0.330082 0.160641 0.042780 3.128073 0.034033 -0.171236
    98 0.675854 0.005438 0.003272 0.000014 0.000003 0.945948
    99 -0.019516 -0.016531 0.038578 -2.763781 0.050305 0.076828
    100 1.018891 0.005113 0.001121 -0.000030 0.000031 0.984604
    101 -0.155312 0.130643 -0.021921 -3.022466 0.022433 -0.024903
    102 -0.252209 0.061937 -0.024914 -0.007671 -0.063171 -0.044392
    103 -0.085991 0.185203 -0.015180 -2.937063 -0.113970 -0.138991
    104 -0.286537 0.179852 0.024264 -3.109353 -0.049645 -0.029915
    105 -0.019489 0.147084 0.079203 2.893815 0.038585 -0.060594
    106 -0.046482 0.251898 0.129548 3.016165 0.077112 -0.042864
    107 0.039120 -0.040298 0.047739 3.084219 0.030470 -0.037414
    108 -0.233757 0.066630 0.001754 -3.133086 0.040141 -0.065413
    109 0.044266 0.020128 0.001684 -2.778763 -0.118872 -0.040488
    110 0.071495 0.074127 -0.048302 -3.035917 -0.059482 0.104366
    111 0.000000 0.000000 0.000000 0.000000 0.000000 -1.570796
    112 15.285623 -3.625111 -2.640706 -0.027422 0.002997 0.001959
    113 -3.769646 8.277596 -0.433607 0.503569 -0.767063 -1.481594
    114 -1.541997 0.000000 1.809996 0.000000 0.000000 0.000000
    115 5.560989 0.000000 1.164998 0.000000 0.000000 0.000000
    116 1.770997 -0.313999 1.249997 0.000000 0.000000 -1.570817
    117 3.817992 0.000000 -0.014000 0.000000 0.000000 0.000000
    118 -0.469999 0.000000 -3.436993 0.000000 0.000000 0.000000
    119 -2.237996 0.000000 -3.187994 0.000000 0.000000 0.000000
    120 3.318993 0.000000 3.457993 0.000000 -0.159167 0.000000
    121 0.000000 0.000000 0.000000 0.000000 0.000000 0.000000
    122 0.532999 0.510999 -0.840998 0.000000 0.000000 0.000000
    123 0.000000 0.000000 0.000000 0.000000 0.000000 0.000000
    124 -0.106000 0.000000 64.320000 0.000000 0.000000 0.000000
    125 0.000000 0.000000 0.000000 0.000000 0.000000 0.000000
    126 0.000000 0.000000 0.000000 0.000587 -0.003356 0.005285
    127 25.070274 -3.641994 7.924357 -0.027346 0.003049 0.002007
    128 0.106000 0.000000 -64.320000 0.000000 0.000000 0.000000
    129 0.000000 0.000000 0.000000 0.000000 0.000000 0.000000
    130 0.000000 0.000000 -4.867002 -3.141592 0.000000 -3.128591
    131 0.000000 0.000000 4.867000 -3.141592 0.000000 -3.128591
    132 4.000000 -6.500000 0.000000 0.000000 0.000000 0.000977
    133 -6.500000 0.000000 0.000000 0.000000 1.570796 0.000000
    134 1.000088 -0.000029 0.000000 0.000000 0.000000 0.000000
    135 17.162516 -0.000404 0.000000 0.000000 0.000000 0.119214
    136 9.999891 -0.000303 0.000000 0.000000 0.000000 0.000000
    137 1.000088 -0.000029 0.000000 0.000000 0.000000 0.000000
    138 17.162516 -0.000404 0.000000 0.000000 0.000000 0.119214
    139 9.499836 0.000212 0.000000 0.000000 0.000000 0.000000
    140 0.000000 0.000000 0.000000 0.000000 0.000000 0.000000
    141 17.749374 0.295515 0.000000 0.000000 0.000000 -1.158958
    142 0.017889 0.299792 0.000000 0.000000 0.000000 -0.059582
    143 12.283573 1.581456 -4.696000 1.462269 -0.086726 0.090185
    144 17.749376 0.295515 0.000000 0.000000 0.000000 -1.158958
    145 0.017889 0.299792 0.000000 0.000000 0.000000 -0.059582
    146 13.354000 0.000000 0.000000 0.000000 0.000000 -0.294101
    147 4.530998 0.000000 0.000000 0.000000 0.000000 0.000000
    148 0.000000 0.000000 0.000000 0.000000 0.000000 0.000000
    149 5.413524 0.000347 0.000000 0.000000 0.000000 -0.518055
    150 5.413524 0.000347 0.000000 0.000000 0.000000 -0.518055
    151 4.662001 -5.366332 4.825191 1.569715 1.561305 -3.121216
    152 3.116966 -0.000443 0.000000 0.000000 0.000000 0.294101
    153 4.531197 0.000000 0.000000 0.000000 0.000000 0.000000
    154 -1.912000 0.003000 0.278000 0.000000 0.000000 0.000000
    155 -3.830000 0.003000 0.015000 0.000000 0.000000 0.000000
    156 -14.602570 5.511887 -58.153435 0.027320 -0.002959 -0.001988
    157 -0.027043 0.005322 3.191893 0.000000 0.305147 0.000000
    158 3.512001 -3.547000 -1.066000 0.000000 1.570796 0.000000
    159 3.456001 -3.517000 1.169000 0.000000 1.570796 0.000000
    160 6.233002 0.000000 0.000000 0.000000 0.000000 0.000000
    161 -0.171997 -0.106000 -0.902000 1.570713 1.029176 -3.134550
    162 6.249810 -6.380000 -0.011719 0.005285 -0.000599 0.003344
    163 1.947000 -0.003000 -0.278000 0.000000 0.000000 0.000000
    164 -2.941000 -0.003000 0.381000 0.000000 0.000000 0.000000
    165 -2.941000 -0.003000 0.381000 0.000000 0.000000 0.000000
    166 -0.070000 -0.003000 0.481000 0.000000 0.000000 0.000000
    167 -0.002780 0.000000 0.017476 0.000000 -0.382414 0.000012
    168 3.999434 -0.000527 -0.000332 -0.550534 -0.000012 -0.000048
    169 3.999901 0.000038 0.001011 0.249726 0.000000 0.000000
    170 1.598000 0.000000 0.000000 0.000000 0.000000 0.000000
    171 -1.145525 0.000130 0.000668 0.000000 0.000000 0.000000
    172 2.299679 -2.499979 -0.599480 0.891953 0.221525 -0.527302
    173 10.944479 -3.191439 -0.332344 1.597557 -0.146608 -0.183990
    174 -9.580671 -27.862106 -37.184677 0.812879 -0.123459 -0.568477
    175 0.649933 -0.548295 0.093651 -1.665913 -0.131399 -0.112062
    176 0.657074 0.008402 0.040371 -1.665945 -0.131407 -0.000013
    177 0.665776 0.747221 -0.029190 -1.665935 -0.131408 0.094976
    178 2.300139 -2.499413 0.600159 -0.892076 -0.221512 -0.527237
    179 12.187820 1.068084 0.992054 1.811734 -0.001398 0.197485
    180 2.762350 0.116951 1.523975 1.629482 0.064153 1.743800
    181 7.228317 7.928197 -3.925652 2.328713 0.123459 -0.568477
    182 0.650394 -0.547730 -0.092979 1.665913 0.131399 -0.112062
    183 0.657069 0.008398 -0.040379 1.665945 0.131407 -0.000013
    184 0.665775 0.747221 0.029179 1.665935 0.131408 0.094976
    185 -4.481003 -0.202000 0.000000 0.000000 0.000000 0.000000
    186 -5.516998 -0.291000 -0.001000 0.000000 0.000000 0.000000
    187 -0.857700 0.104071 0.104683 0.023536 0.163924 0.013632
    188 1.899119 0.000423 -0.000439 0.027386 -0.033311 0.477848
    189 1.799661 -0.000233 0.000231 0.027386 -0.033311 0.477848
    190 1.799661 -0.000233 0.000231 0.027386 -0.033311 0.477848
    191 1.799661 -0.000233 0.000231 0.027386 -0.033311 0.477848
    192 1.900310 -0.000137 -0.000517 0.027386 -0.033311 0.477848
    193 1.899435 -0.000317 -0.000150 -0.027386 0.033311 0.477848
    194 1.799662 -0.000240 -0.000233 -0.027386 0.033311 0.477848
    195 1.799662 -0.000240 -0.000233 -0.027386 0.033311 0.477848
    196 1.799662 -0.000240 -0.000233 -0.027386 0.033311 0.477848
    197 1.900729 0.000553 -0.000072 -0.027386 0.033311 0.477848
    198 0.599884 0.400187 -0.000031 0.000000 0.000000 0.000000
    199 0.599886 0.400185 0.000034 0.000000 0.000000 -3.141592
    200 0.599503 0.400694 0.000234 0.000000 0.000000 0.000000
    201 0.600029 -0.000020 -0.000019 0.000000 0.000000 -3.141592
  time 36
    0 0.000000 0.000000 0.000000 0.000000 0.000000 -1.570796
    1 -0.106323 0.000000 -0.000198 0.000000 0.000000 0.000000
    2 0.000000 0.000000 0.000000 0.000000 0.000000 0.000000
    3 -0.904000 0.000000 -11.806000 0.000000 0.000000 0.000000
    4 0.000000 0.000000 -14.313999 0.000000 -1.570796 1.570857
    5 3.533001 0.000000 0.000000 0.000000 0.000000 0.000000
    6 6.250000 0.000000 0.000000 0.000000 0.000000 0.000000
    7 9.562500 1.924805 -1.815430 -0.161250 1.437164 -0.160081
    8 9.562500 1.924805 1.815430 0.098301 -1.350314 -0.096174
    9 5.790726 0.002787 -0.000113 -0.872122 0.360360 -1.718011
    10 5.999492 -0.000592 -4.000343 0.000000 0.000000 0.000000
    11 5.791316 0.002582 0.004799 0.982680 -0.656694 -1.280852
    12 5.999492 -0.000592 4.000336 0.000000 0.000000 0.000000
    13 0.500225 0.000133 -0.000088 0.007516 0.000000 0.000000
    14 11.534559 0.000348 -0.001312 0.000019 -0.000039 -1.237912
    15 -0.829338 0.893824 0.079659 -0.148839 0.047645 0.087266
    16 0.500225 0.000132 0.000076 -0.180112 0.000000 0.000000
    17 11.532495 0.000526 -0.000089 0.000006 -0.000022 -1.706236
    18 -0.829586 0.894698 -0.079464 0.045377 -0.019621 0.087266
    19 10.599884 0.000105 -0.000553 -1.100452 0.000000 0.000000
    20 0.225137 -0.337683 -0.000805 0.000000 0.000011 0.619002
    21 11.042057 -0.000189 0.004704 -0.875940 -0.124587 1.076833
    22 -1.214832 0.203470 -0.477489 -0.135025 -0.078677 -0.001289
    23 10.599880 0.000105 0.000549 0.496602 0.000000 0.000000
    24 0.584521 -0.521282 0.000801 0.000000 -0.000011 0.853145
    25 11.041742 0.007077 -0.000571 0.380582 0.178347 0.830367
    26 -1.063377 0.077663 0.150230 0.045121 0.020046 -0.012850
    27 0.610302 -0.939470 0.070343 -1.654739 -0.083619 -0.180410
    28 0.639940 -0.199121 0.060188 -1.665350 -0.069899 -0.072295
    29 0.600155 1.080261 -0.339535 -1.744123 0.106121 0.045568
    30 0.610207 0.400743 -0.010101 -1.761999 0.010592 0.029030
    31 0.634715 -0.693997 -0.236250 0.059931 -0.073951 -0.756778
    32 -0.792125 0.203736 0.461300 1.439074 -0.003453 -0.018305
    33 0.610300 -0.939469 -0.070351 1.655295 0.140115 -0.175616
    34 0.639937 -0.199121 -0.060200 1.671196 0.183105 -0.036833
    35 0.600157 1.080259 0.339531 1.741577 0.106918 0.153561
    36 0.610205 0.400743 0.010086 1.766570 0.125877 0.080192
    37 0.624002 -0.695300 0.232270 -0.769768 -0.597280 -0.932719
    38 -0.626031 -0.069983 -0.080517 -1.447153 0.086151 0.021559
    39 2.621377 -0.002532 -0.001438 -0.430289 -0.140791 0.893715
    40 2.664743 0.000397 -0.000071 -0.298947 0.030136 1.083906
    41 2.206394 0.003368 -0.006769 -0.280502 0.067907 0.963396
    42 0.599952 0.959240 -0.300102 -0.174544 0.000000 0.000000
    43 2.557190 -0.005873 0.006359 -0.192981 0.063242 1.091356
    44 2.095024 -0.003873 -0.002193 -0.235265 0.301152 0.566325
    45 0.999380 -0.000236 -1.252340 -0.000001 0.000000 0.000000
    46 -0.122639 -0.721856 0.661690 -0.486644 0.223964 0.243056
    47 2.626019 -0.004555 0.006647 0.031016 0.424650 0.103349
    48 2.657909 0.004589 -0.000533 0.322092 0.240138 1.085308
    49 2.199219 0.000515 -0.000122 0.262963 -0.039561 1.072971
    50 0.599951 0.959244 0.300102 0.174544 0.000000 0.000000
    51 2.556570 -0.004291 0.000554 0.263755 0.129467 1.165880
    52 2.103851 0.005614 -0.001014 0.452208 -0.377152 0.758750
    53 0.999374 -0.000237 1.283583 0.000000 0.000000 -0.070577
    54 0.310846 -0.606445 -0.498005 0.308107 -0.197598 0.313976
    55 1.873069 -0.000835 -0.000994 0.000017 0.000051 0.840532
    56 1.200941 0.399582 -0.000237 -0.009465 0.016087 0.007127
    57 0.000586 0.100342 -0.000319 -0.120035 -0.021926 -0.209617
    58 -0.161663 0.051712 0.194808 -2.941982 0.122408 -0.060194
    59 2.010092 -0.007109 -0.003377 0.000042 0.000048 0.871159
    60 0.000240 0.099802 -0.000395 -0.018823 0.010833 -0.239219
    61 -0.203197 0.048607 0.069150 -3.093332 0.033217 -0.046722
    62 1.180428 -0.006214 0.000780 0.000022 -0.000024 0.586051
    63 -0.000196 0.099625 -0.000034 0.000000 0.000000 -0.314102
    64 -0.088736 -0.688435 -0.145203 2.930407 -0.136130 0.513013
    65 1.712069 -0.003328 -0.000088 0.000023 -0.000021 0.699773
    66 -0.000580 0.100145 -0.000311 -0.010912 0.023131 -0.260841
    67 -0.146030 -0.232426 -0.014225 3.028455 -0.094299 0.113020
    68 1.290632 0.000362 -0.000032 0.000000 0.000000 -0.148127
    69 -0.658121 -0.003575 0.072645 -0.142711 0.027792 -0.077299
    70 1.868080 -0.003049 0.006083 -0.000021 0.000015 1.126010
    71 1.200079 0.399944 -0.000093 0.009465 -0.016087 0.007127
    72 0.000591 0.100342 0.000319 0.120035 0.021926 -0.209617
    73 0.068077 0.002285 -0.080050 3.111376 -0.069366 -0.060847
    74 2.015780 -0.005083 0.006086 0.000023 -0.000049 1.297769
    75 0.000229 0.099802 0.000395 0.018823 -0.010833 -0.239219
    76 -0.018673 -0.001009 0.047544 3.109244 0.002635 -0.106673
    77 1.178665 0.001595 0.000845 0.000000 0.000000 0.669112
    78 -0.000198 0.099628 0.000034 0.000000 0.000000 -0.314102
    79 0.036892 -0.634449 0.266284 -2.801062 0.174301 0.490914
    80 1.708256 -0.002506 -0.000686 -0.000034 -0.000037 1.003564
    81 -0.000576 0.100136 0.000311 0.010912 -0.023131 -0.260841
    82 -0.003952 -0.281811 0.115047 -3.059162 0.089004 0.167964
    83 1.289627 0.003949 0.000061 -0.000014 0.000003 0.465351
    84 -0.171528 -0.018148 -0.099873 0.013484 -0.062184 -0.011780
    85 0.912716 0.007240 0.001326 -0.000017 0.000057 0.969825
    86 -0.342617 0.053404 -0.025571 -2.909301 -0.017248 0.075276
    87 1.100231 -0.000930 -0.002434 0.000009 0.000014 0.424742
    88 -0.384983 0.330998 0.006848 -3.087207 -0.018765 -0.184279
    89 0.678146 0.002286 -0.003905 -0.000030 0.000005 0.367663
    90 -0.123848 0.072737 0.029507 2.898184 -0.060627 0.094834
    91 1.017166 -0.000154 -0.000252 -0.000023 -0.000038 0.382279
    92 -0.344986 0.123129 0.143151 2.994981 0.012396 0.059140
    93 -0.730988 0.177046 0.039141 -0.123731 0.076518 -0.084310
    94 0.925900 0.005205 -0.000896 0.000034 -0.000011 0.484984
    95 -0.124027 -0.052092 0.038496 3.077813 -0.008519 0.039229
    96 1.100430 -0.007458 0.000503 0.000041 0.000042 0.904205
    97 -0.330082 0.160641 0.042780 3.128073 0.034033 -0.171236
    98 0.675854 0.005438 0.003272 0.000014 0.000003 0.945948
    99 -0.019516 -0.016531 0.038578 -2.763781 0.050305 0.076828
    100 1.018891 0.005113 0.001121 -0.000030 0.000031 0.984604
    101 -0.155312 0.130643 -0.021921 -3.022466 0.022433 -0.024903
    102 -0.252209 0.061937 -0.024914 -0.007671 -0.063171 -0.044392
    103 -0.085991 0.185203 -0.015180 -2.937063 -0.113970 -0.138991
    104 -0.286537 0.179852 0.024264 -3.109353 -0.049645 -0.029915
    105 -0.019489 0.147084 0.079203 2.893815 0.038585 -0.060594
    106 -0.046482 0.251898 0.129548 3.016165 0.077112 -0.042864
    107 0.039120 -0.040298 0.047739 3.084219 0.030470 -0.037414
    108 -0.233757 0.066630 0.001754 -3.133086 0.040141 -0.065413
    109 0.044266 0.020128 0.001684 -2.778763 -0.118872 -0.040488
    110 0.071495 0.074127 -0.048302 -3.035917 -0.059482 0.104366
    111 0.000000 0.000000 0.000000 0.000000 0.000000 -1.570796
    112 15.191870 -3.652455 -2.636799 -0.029802 0.000890 0.002612
    113 -3.808710 8.375256 -0.484390 0.499793 -0.768994 -1.478335
    114 -1.541997 0.000000 1.809996 0.000000 0.000000 0.000000
    115 5.560989 0.000000 1.164998 0.000000 0.000000 0.000000
    116 1.770997 -0.313999 1.249997 0.000000 0.000000 -1.570817
    117 3.817992 0.000000 -0.014000 0.000000 0.000000 0.000000
    118 -0.469999 0.000000 -3.436993 0.000000 0.000000 0.000000
    119 -2.237996 0.000000 -3.187994 0.000000 0.000000 0.000000
    120 3.318993 0.000000 3.457993 0.000000 -0.159167 0.000000
    121 0.000000 0.000000 0.000000 0.000000 0.000000 0.000000
    122 0.532999 0.510999 -0.840998 0.000000 0.000000 0.000000
    123 0.000000 0.000000 0.000000 0.000000 0.000000 0.000000
    124 -0.106000 0.000000 64.320000 0.000000 0.000000 0.000000
    125 0.000000 0.000000 0.000000 0.000000 0.000000 0.000000
    126 0.000000 0.000000 0.000000 0.000204 -0.002097 0.003931
    127 24.992147 -3.661526 7.947795 -0.029822 0.000942 0.002660
    128 0.106000 0.000000 -64.320000 0.000000 0.000000 0.000000
    129 0.000000 0.000000 0.000000 0.000000 0.000000 0.000000
    130 0.000000 0.000000 -4.867002 -3.141592 0.000000 -3.128591
    131 0.000000 0.000000 4.867000 -3.141592 0.000000 -3.128591
    132 4.000000 -6.500000 0.000000 0.000000 0.000000 0.000977
    133 -6.500000 0.000000 0.000000 0.000000 1.570796 0.000000
    134 1.000088 -0.000029 0.000000 0.000000 0.000000 0.000000
    135 17.162516 -0.000404 0.000000 0.000000 0.000000 0.119214
    136 9.999891 -0.000303 0.000000 0.000000 0.000000 0.000000
    137 1.000088 -0.000029 0.000000 0.000000 0.000000 0.000000
    138 17.162516 -0.000404 0.000000 0.000000 0.000000 0.119214
    139 9.499836 0.000212 0.000000 0.000000 0.000000 0.000000
    140 0.000000 0.000000 0.000000 0.000000 0.000000 0.000000
    141 17.749374 0.295515 0.000000 0.000000 0.000000 -1.158958
    142 0.017889 0.299792 0.000000 0.000000 0.000000 -0.059582
    143 12.283573 1.581456 -4.696000 1.462269 -0.086726 0.090185
    144 17.749376 0.295515 0.000000 0.000000 0.000000 -1.158958
    145 0.017889 0.299792 0.000000 0.000000 0.000000 -0.059582
    146 13.354000 0.000000 0.000000 0.000000 0.000000 -0.294101
    147 4.530998 0.000000 0.000000 0.000000 0.000000 0.000000
    148 0.000000 0.000000 0.000000 0.000000 0.000000 0.000000
    149 5.413524 0.000347 0.000000 0.000000 0.000000 -0.518055
    150 5.413524 0.000347 0.000000 0.000000 0.000000 -0.518055
    151 4.662001 -5.366332 4.825191 1.569715 1.561305 -3.121216
    152 3.116966 -0.000443 0.000000 0.000000 0.000000 0.294101
    153 4.531197 0.000000 0.000000 0.000000 0.000000 0.000000
    154 -1.912000 0.003000 0.278000 0.000000 0.000000 0.000000
    155 -3.830000 0.003000 0.015000 0.000000 0.000000 0.000000
    156 -0.024000 0.000000 3.200000 0.000000 0.305210 0.000000
    157 -14.640770 5.700808 -58.126384 0.029627 -0.000806 -0.002468
    158 3.512001 -3.547000 -1.066000 0.000000 1.570796 0.000000
    159 3.456001 -3.517000 1.169000 0.000000 1.570796 0.000000
    160 6.233002 0.000000 0.000000 0.000000 0.000000 0.000000
    161 -0.171997 -0.106000 -0.902000 1.570713 1.029176 -3.134550
    162 6.241997 -6.380000 -0.011719 0.003931 -0.000216 0.002097
    163 1.947000 -0.003000 -0.278000 0.000000 0.000000 0.000000
    164 -2.941000 -0.003000 0.381000 0.000000 0.000000 0.000000
    165 -2.941000 -0.003000 0.381000 0.000000 0.000000 0.000000
    166 -0.070000 -0.003000 0.481000 0.000000 0.000000 0.000000
    167 -0.002780 0.000000 0.017476 0.000000 -0.382426 0.000012
    168 3.999434 -0.000527 -0.000332 -0.550227 -0.000012 -0.000048
    169 3.999901 0.000038 0.001011 0.248332 0.000000 0.000000
    170 1.598000 0.000000 0.000000 0.000000 0.000000 0.000000
    171 -1.145525 0.000130 0.000668 0.000000 0.000000 0.000000
    172 2.299679 -2.499979 -0.599480 0.891953 0.221525 -0.527302
    173 10.944479 -3.191439 -0.332344 1.597557 -0.146608 -0.183990
    174 -9.580671 -27.862106 -37.184677 0.812879 -0.123459 -0.568477
    175 0.649933 -0.548295 0.093651 -1.665913 -0.131399 -0.112062
    176 0.657074 0.008402 0.040371 -1.665945 -0.131407 -0.000013
    177 0.665776 0.747221 -0.029190 -1.665935 -0.131408 0.094976
    178 2.300139 -2.499413 0.600159 -0.892076 -0.221524 -0.527221
    179 12.187820 1.068084 0.992054 1.811734 -0.001398 0.197485
    180 2.762350 0.116951 1.523975 1.629482 0.064153 1.743800
    181 7.228317 7.928197 -3.925652 2.328713 0.123459 -0.568477
    182 0.650394 -0.547730 -0.092979 1.665913 0.131399 -0.112062
    183 0.657069 0.008398 -0.040379 1.665945 0.131407 -0.000013
    184 0.665775 0.747221 0.029179 1.665935 0.131408 0.094976
    185 -4.481003 -0.202000 0.000000 0.000000 0.000000 0.000000
    186 -5.516998 -0.291000 -0.001000 0.000000 0.000000 0.000000
    187 -0.857700 0.104071 0.104683 0.023536 0.163924 0.013632
    188 1.899119 0.000423 -0.000439 0.027386 -0.033311 0.477848
    189 1.799661 -0.000233 0.000231 0.027386 -0.033311 0.477848
    190 1.799661 -0.000233 0.000231 0.027386 -0.033311 0.477848
    191 1.799661 -0.000233 0.000231 0.027386 -0.033311 0.477848
    192 1.900310 -0.000137 -0.000517 0.027386 -0.033311 0.477848
    193 1.899435 -0.000317 -0.000150 -0.027386 0.033311 0.477848
    194 1.799662 -0.000240 -0.000233 -0.027386 0.033311 0.477848
    195 1.799662 -0.000240 -0.000233 -0.027386 0.033311 0.477848
    196 1.799662 -0.000240 -0.000233 -0.027386 0.033311 0.477848
    197 1.900729 0.000553 -0.000072 -0.027386 0.033311 0.477848
    198 0.599884 0.400187 -0.000031 0.000000 0.000000 0.000000
    199 0.599886 0.400185 0.000034 0.000000 0.000000 -3.141592
    200 0.599503 0.400694 0.000234 0.000000 0.000000 0.000000
    201 0.600029 -0.000020 -0.000019 0.000000 0.000000 -3.141592
  time 37
    0 0.000000 0.000000 0.000000 0.000000 0.000000 -1.570796
    1 -0.106323 0.000000 -0.000198 0.000000 0.000000 0.000000
    2 0.000000 0.000000 0.000000 0.000000 0.000000 0.000000
    3 -0.904000 0.000000 -11.806000 0.000000 0.000000 0.000000
    4 0.000000 0.000000 -14.313999 0.000000 -1.570796 1.570857
    5 3.533001 0.000000 0.000000 0.000000 0.000000 0.000000
    6 6.250000 0.000000 0.000000 0.000000 0.000000 0.000000
    7 9.562500 1.924805 -1.815430 -0.161250 1.437164 -0.160081
    8 9.562500 1.924805 1.815430 0.098301 -1.350314 -0.096174
    9 5.790726 0.002787 -0.000113 -0.869639 0.355589 -1.712855
    10 5.999492 -0.000592 -4.000343 0.000000 0.000000 0.000000
    11 5.791316 0.002582 0.004799 0.986089 -0.655576 -1.288380
    12 5.999492 -0.000592 4.000336 0.000000 0.000000 0.000000
    13 0.500225 0.000133 -0.000088 0.007444 0.000000 0.000000
    14 11.534559 0.000348 -0.001312 0.000031 -0.000003 -1.234463
    15 -0.829338 0.893824 0.079659 -0.148839 0.047645 0.087266
    16 0.500225 0.000132 0.000076 -0.179866 0.000000 0.000000
    17 11.532495 0.000526 -0.000089 0.000006 -0.000022 -1.696386
    18 -0.829586 0.894698 -0.079464 0.045377 -0.019621 0.087266
    19 10.599884 0.000105 -0.000553 -1.090807 0.000000 0.000000
    20 0.229043 -0.337683 -0.000805 0.000000 0.000011 0.617196
    21 11.042057 -0.000189 0.000798 -0.848670 -0.116226 1.080375
    22 -1.214832 0.203470 -0.477489 -0.135025 -0.078677 -0.001289
    23 10.599880 0.000105 0.000549 0.523720 0.000000 0.000048
    24 0.596240 -0.525188 0.000801 0.000000 -0.000011 0.849177
    25 11.041742 0.003171 -0.000571 0.408382 0.188404 0.827974
    26 -1.063377 0.077663 0.150230 0.045121 0.020046 -0.012850
    27 0.610302 -0.939470 0.070343 -1.654739 -0.083619 -0.180422
    28 0.639940 -0.199121 0.060188 -1.665350 -0.069887 -0.072295
    29 0.600155 1.080261 -0.339535 -1.744123 0.106121 0.045568
    30 0.610207 0.400743 -0.010101 -1.761999 0.010580 0.029018
    31 0.634715 -0.693997 -0.232343 0.059931 -0.073951 -0.756778
    32 -0.792125 0.203736 0.461300 1.439074 -0.003453 -0.018305
    33 0.610300 -0.939469 -0.070351 1.655295 0.140103 -0.175628
    34 0.639937 -0.199121 -0.060200 1.671196 0.183105 -0.036845
    35 0.600157 1.080259 0.339531 1.741577 0.106918 0.153550
    36 0.610205 0.400743 0.010086 1.766570 0.125877 0.080192
    37 0.624002 -0.695300 0.236176 -0.769768 -0.597280 -0.932756
    38 -0.626031 -0.069983 -0.080517 -1.447153 0.086151 0.021559
    39 2.625284 -0.002532 -0.001438 -0.430289 -0.140791 0.893715
    40 2.660837 0.000397 -0.000071 -0.298947 0.030136 1.083906
    41 2.202488 0.003368 -0.006769 -0.280502 0.067891 0.963361
    42 0.599952 0.959240 -0.300102 -0.174544 0.000000 0.000000
    43 2.557190 -0.001967 0.006359 -0.192981 0.063242 1.091356
    44 2.095024 -0.003873 -0.002193 -0.235265 0.301152 0.566325
    45 0.999380 -0.000236 -1.248433 -0.000001 0.000000 0.000000
    46 -0.122639 -0.721856 0.661690 -0.486644 0.223964 0.243056
    47 2.622113 -0.000648 0.002741 0.031016 0.424650 0.103349
    48 2.654002 0.004589 -0.000533 0.322092 0.240138 1.085308
    49 2.199219 0.000515 -0.000122 0.262963 -0.039561 1.072971
    50 0.599951 0.959244 0.300102 0.174544 0.000000 0.000000
    51 2.556570 -0.004291 0.000554 0.263755 0.129467 1.165880
    52 2.103851 0.005614 -0.001014 0.452208 -0.377164 0.758750
    53 0.999374 -0.000237 1.287489 0.000000 0.000000 -0.070577
    54 0.310846 -0.606445 -0.498005 0.308107 -0.197598 0.313976
    55 1.873069 -0.004741 -0.000994 0.000017 0.000039 0.840532
    56 1.200941 0.399582 -0.000237 -0.009465 0.016087 0.007127
    57 0.000586 0.100342 -0.000319 -0.120035 -0.021926 -0.209617
    58 -0.161663 0.051712 0.194808 -2.941982 0.122408 -0.060194
    59 2.010092 -0.007109 -0.003377 0.000042 0.000048 0.871159
    60 0.000240 0.099802 -0.000395 -0.018823 0.010833 -0.239219
    61 -0.203197 0.048607 0.069150 -3.093332 0.033217 -0.046722
    62 1.180428 -0.006214 0.000780 0.000022 -0.000024 0.586051
    63 -0.000196 0.099625 -0.000034 0.000000 0.000000 -0.314102
    64 -0.088736 -0.688435 -0.145203 2.930407 -0.136130 0.513013
    65 1.715976 0.000578 0.003818 0.000023 -0.000021 0.699773
    66 -0.000580 0.100145 -0.000311 -0.010912 0.023131 -0.260841
    67 -0.146030 -0.232426 -0.014225 3.028455 -0.094299 0.113020
    68 1.290632 0.000362 -0.000032 0.000000 0.000000 -0.148127
    69 -0.658121 -0.003575 0.072645 -0.142711 0.027792 -0.077299
    70 1.868080 -0.003049 0.006083 -0.000021 0.000015 1.126010
    71 1.200079 0.399944 -0.000093 0.009465 -0.016087 0.007127
    72 0.000591 0.100342 0.000319 0.120035 0.021926 -0.209617
    73 0.068077 0.002285 -0.080050 3.111376 -0.069366 -0.060847
    74 2.011874 -0.005083 0.006086 0.000023 -0.000049 1.297769
    75 0.000229 0.099802 0.000395 0.018823 -0.010833 -0.239219
    76 -0.018673 -0.001009 0.047544 3.109244 0.002635 -0.106673
    77 1.178665 0.001595 0.000845 0.000000 0.000000 0.669112
    78 -0.000198 0.099628 0.000034 0.000000 0.000000 -0.314102
    79 0.036892 -0.634449 0.266284 -2.801062 0.174301 0.490914
    80 1.704350 -0.002506 -0.000686 -0.000046 -0.000037 1.003564
    81 -0.000576 0.100136 0.000311 0.010912 -0.023131 -0.260841
    82 -0.003952 -0.281811 0.115047 -3.059162 0.089004 0.167964
    83 1.289627 0.003949 0.000061 -0.000014 0.000003 0.465351
    84 -0.171528 -0.018148 -0.099873 0.013484 -0.062184 -0.011780
    85 0.912716 0.007240 0.001326 -0.000005 0.000057 0.969825
    86 -0.342617 0.053404 -0.025571 -2.909301 -0.017248 0.075276
    87 1.100231 -0.000930 -0.002434 0.000009 0.000014 0.424742
    88 -0.384983 0.330998 0.006848 -3.087207 -0.018765 -0.184279
    89 0.678146 0.006192 0.000002 -0.000030 0.000005 0.367663
    90 -0.123848 0.072737 0.029507 2.898184 -0.060627 0.094834
    91 1.017166 -0.000154 -0.000252 -0.000023 -0.000038 0.382241
    92 -0.344986 0.123129 0.143151 2.994981 0.012396 0.059140
    93 -0.730988 0.177046 0.039141 -0.123731 0.076518 -0.084310
    94 0.925900 0.001298 -0.000896 0.000034 -0.000011 0.484984
    95 -0.124027 -0.052092 0.038496 3.077813 -0.008519 0.039229
    96 1.100430 -0.007458 0.000503 0.000041 0.000042 0.904205
    97 -0.330082 0.160641 0.042780 3.128073 0.034033 -0.171236
    98 0.675854 0.005438 0.003272 0.000014 0.000003 0.945948
    99 -0.019516 -0.016531 0.038578 -2.763781 0.050305 0.076828
    100 1.014985 0.001206 0.001121 -0.000030 0.000031 0.984604
    101 -0.155312 0.130643 -0.021921 -3.022466 0.022433 -0.024903
    102 -0.252209 0.061937 -0.024914 -0.007671 -0.063171 -0.044392
    103 -0.085991 0.185203 -0.015180 -2.937063 -0.113970 -0.138991
    104 -0.286537 0.179852 0.024264 -3.109353 -0.049645 -0.029915
    105 -0.019489 0.147084 0.079203 2.893815 0.038585 -0.060594
    106 -0.046482 0.251898 0.129548 3.016165 0.077112 -0.042864
    107 0.039120 -0.040298 0.047739 3.084219 0.030470 -0.037414
    108 -0.233757 0.066630 0.001754 -3.133086 0.040141 -0.065413
    109 0.044266 0.020128 0.001684 -2.778763 -0.118872 -0.040488
    110 0.071495 0.074127 -0.048302 -3.035917 -0.059482 0.104366
    111 0.000000 0.000000 0.000000 0.000000 0.000000 -1.570796
    112 15.273904 -3.671987 -2.632893 0.000476 0.001452 0.001026
    113 -3.855586 8.293222 -0.472671 0.542331 -0.770786 -1.509470
    114 -1.541997 0.000000 1.809996 0.000000 0.000000 0.000000
    115 5.560989 0.000000 1.164998 0.000000 0.000000 0.000000
    116 1.770997 -0.313999 1.249997 0.000000 0.000000 -1.570817
    117 3.817992 0.000000 -0.014000 0.000000 0.000000 0.000000
    118 -0.469999 0.000000 -3.436993 0.000000 0.000000 0.000000
    119 -2.237996 0.000000 -3.187994 0.000000 0.000000 0.000000
    120 3.318993 0.000000 3.457993 0.000000 -0.159167 0.000000
    121 0.000000 0.000000 0.000000 0.000000 0.000000 0.000000
    122 0.532999 0.510999 -0.840998 0.000000 0.000000 0.000000
    123 0.000000 0.000000 0.000000 0.000000 0.000000 0.000000
    124 -0.106000 0.000000 64.320000 0.000000 0.000000 0.000000
    125 0.000000 0.000000 0.000000 0.000000 0.000000 0.000000
    126 0.000000 0.000000 0.000000 -0.000180 -0.000875 0.002553
    127 25.066368 -3.661526 7.947795 0.000553 0.001410 0.000981
    128 0.106000 0.000000 -64.320000 0.000000 0.000000 0.000000
    129 0.000000 0.000000 0.000000 0.000000 0.000000 0.000000
    130 0.000000 0.000000 -4.867002 -3.141592 0.000000 -3.128591
    131 0.000000 0.000000 4.867000 -3.141592 0.000000 -3.128591
    132 4.000000 -6.500000 0.000000 0.000000 0.000000 0.000977
    133 -6.500000 0.000000 0.000000 0.000000 1.570796 0.000000
    134 1.000088 -0.000029 0.000000 0.000000 0.000000 0.000000
    135 17.162516 -0.000404 0.000000 0.000000 0.000000 0.119214
    136 9.999891 -0.000303 0.000000 0.000000 0.000000 0.000000
    137 1.000088 -0.000029 0.000000 0.000000 0.000000 0.000000
    138 17.162516 -0.000404 0.000000 0.000000 0.000000 0.119214
    139 9.499836 0.000212 0.000000 0.000000 0.000000 0.000000
    140 0.000000 0.000000 0.000000 0.000000 0.000000 0.000000
    141 17.749374 0.295515 0.000000 0.000000 0.000000 -1.158958
    142 0.017889 0.299792 0.000000 0.000000 0.000000 -0.059582
    143 12.283573 1.581456 -4.696000 1.462269 -0.086726 0.090185
    144 17.749376 0.295515 0.000000 0.000000 0.000000 -1.158958
    145 0.017889 0.299792 0.000000 0.000000 0.000000 -0.059582
    146 13.354000 0.000000 0.000000 0.000000 0.000000 -0.294101
    147 4.530998 0.000000 0.000000 0.000000 0.000000 0.000000
    148 0.000000 0.000000 0.000000 0.000000 0.000000 0.000000
    149 5.413524 0.000347 0.000000 0.000000 0.000000 -0.518055
    150 5.413524 0.000347 0.000000 0.000000 0.000000 -0.518055
    151 4.662001 -5.366332 4.825191 1.569715 1.561305 -3.121216
    152 3.116966 -0.000443 0.000000 0.000000 0.000000 0.294101
    153 4.531197 0.000000 0.000000 0.000000 0.000000 0.000000
    154 -1.912000 0.003000 0.278000 0.000000 0.000000 0.000000
    155 -3.830000 0.003000 0.015000 0.000000 0.000000 0.000000
    156 -0.024000 0.000000 3.200000 0.000000 0.305210 0.000000
    157 -14.691553 3.794500 -58.270920 -0.000956 -0.001254 -0.001920
    158 3.512001 -3.547000 -1.066000 0.000000 1.570796 0.000000
    159 3.456001 -3.517000 1.169000 0.000000 1.570796 0.000000
    160 6.233002 0.000000 0.000000 0.000000 0.000000 0.000000
    161 -0.171997 -0.106000 -0.902000 1.570713 1.029176 -3.134550
    162 6.241997 -6.380000 -0.011719 0.002553 0.000180 0.000875
    163 1.947000 -0.003000 -0.278000 0.000000 0.000000 0.000000
    164 -2.941000 -0.003000 0.381000 0.000000 0.000000 0.000000
    165 -2.941000 -0.003000 0.381000 0.000000 0.000000 0.000000
    166 -0.070000 -0.003000 0.481000 0.000000 0.000000 0.000000
    167 -0.002780 0.000000 0.017476 0.000000 -0.382426 0.000012
    168 3.999434 -0.000527 -0.000332 -0.546581 0.000000 -0.000024
    169 3.999901 0.000038 0.001011 0.261891 0.000000 0.000000
    170 1.598000 0.000000 0.000000 0.000000 0.000000 0.000000
    171 -1.145525 0.000130 0.000668 0.000000 0.000000 0.000000
    172 2.299679 -2.499979 -0.599480 0.891953 0.221525 -0.527302
    173 10.944479 -3.191439 -0.332344 1.597557 -0.146608 -0.183990
    174 -9.580671 -27.862106 -37.184677 0.812879 -0.123459 -0.568477
    175 0.649933 -0.548295 0.093651 -1.665913 -0.131399 -0.112062
    176 0.657074 0.008402 0.040371 -1.665945 -0.131407 -0.000013
    177 0.665776 0.747221 -0.029190 -1.665935 -0.131408 0.094976
    178 2.300139 -2.499413 0.600159 -0.892076 -0.221512 -0.527237
    179 12.187820 1.068084 0.992054 1.811734 -0.001398 0.197485
    180 2.762350 0.116951 1.523975 1.629482 0.064153 1.743800
    181 7.228317 7.928197 -3.925652 2.328713 0.123459 -0.568477
    182 0.650394 -0.547730 -0.092979 1.665913 0.131399 -0.112062
    183 0.657069 0.008398 -0.040379 1.665945 0.131407 -0.000013
    184 0.665775 0.747221 0.029179 1.665935 0.131408 0.094976
    185 -4.481003 -0.202000 0.000000 0.000000 0.000000 0.000000
    186 -5.516998 -0.291000 -0.001000 0.000000 0.000000 0.000000
    187 -0.857700 0.104071 0.104683 0.023536 0.163924 0.013632
    188 1.899119 0.000423 -0.000439 0.027386 -0.033311 0.477848
    189 1.799661 -0.000233 0.000231 0.027386 -0.033311 0.477848
    190 1.799661 -0.000233 0.000231 0.027386 -0.033311 0.477848
    191 1.799661 -0.000233 0.000231 0.027386 -0.033311 0.477848
    192 1.900310 -0.000137 -0.000517 0.027386 -0.033311 0.477848
    193 1.899435 -0.000317 -0.000150 -0.027386 0.033311 0.477848
    194 1.799662 -0.000240 -0.000233 -0.027386 0.033311 0.477848
    195 1.799662 -0.000240 -0.000233 -0.027386 0.033311 0.477848
    196 1.799662 -0.000240 -0.000233 -0.027386 0.033311 0.477848
    197 1.900729 0.000553 -0.000072 -0.027386 0.033311 0.477848
    198 0.599884 0.400187 -0.000031 0.000000 0.000000 0.000000
    199 0.599886 0.400185 0.000034 0.000000 0.000000 -3.141592
    200 0.599503 0.400694 0.000234 0.000000 0.000000 0.000000
    201 0.600029 -0.000020 -0.000019 0.000000 0.000000 -3.141592
  time 38
    0 0.000000 0.000000 0.000000 0.000000 0.000000 -1.570796
    1 -0.106323 0.000000 -0.000198 0.000000 0.000000 0.000000
    2 0.000000 0.000000 0.000000 0.000000 0.000000 0.000000
    3 -0.904000 0.000000 -11.806000 0.000000 0.000000 0.000000
    4 0.000000 0.000000 -14.313999 0.000000 -1.570796 1.570857
    5 3.533001 0.000000 0.000000 0.000000 0.000000 0.000000
    6 6.250000 0.000000 0.000000 0.000000 0.000000 0.000000
    7 9.562500 1.924805 -1.815430 -0.161250 1.437164 -0.160081
    8 9.562500 1.924805 1.815430 0.098301 -1.350314 -0.096174
    9 5.790726 0.002787 -0.000113 -0.867250 0.350819 -1.707859
    10 5.999492 -0.000592 -4.000343 0.000000 0.000000 0.000000
    11 5.791316 0.002582 0.004799 0.989419 -0.654420 -1.295636
    12 5.999492 -0.000592 4.000336 0.000000 0.000000 0.000000
    13 0.500225 0.000133 -0.000088 0.007323 0.000000 0.000000
    14 11.534559 0.004255 -0.001312 0.000031 0.000045 -1.230860
    15 -0.829338 0.893824 0.079659 -0.148839 0.047645 0.087266
    16 0.500225 0.000132 0.000076 -0.179571 0.000000 0.000000
    17 11.536401 0.000526 -0.000089 0.000006 -0.000022 -1.690441
    18 -0.829586 0.894698 -0.079464 0.045377 -0.019621 0.087266
    19 10.599884 0.000105 -0.000553 -1.085691 0.000000 0.000000
    20 0.229043 -0.337683 -0.000805 0.000000 0.000011 0.615364
    21 11.042057 -0.000189 0.000798 -0.832294 -0.109981 1.082500
    22 -1.214832 0.203470 -0.477489 -0.135025 -0.078677 -0.001289
    23 10.599880 0.000105 0.000549 0.539927 0.000000 0.000000
    24 0.592334 -0.525188 0.000801 0.000000 -0.000011 0.845239
    25 11.041742 0.003171 -0.000571 0.425062 0.194822 0.827833
    26 -1.063377 0.077663 0.150230 0.045121 0.020046 -0.012850
    27 0.610302 -0.939470 0.070343 -1.654739 -0.083631 -0.180422
    28 0.639940 -0.199121 0.060188 -1.665350 -0.069887 -0.072295
    29 0.600155 1.080261 -0.339535 -1.744070 0.106121 0.045568
    30 0.610207 0.400743 -0.010101 -1.761999 0.010580 0.029018
    31 0.634715 -0.693997 -0.232343 0.059931 -0.073951 -0.756778
    32 -0.792125 0.203736 0.461300 1.439074 -0.003453 -0.018305
    33 0.610300 -0.939469 -0.070351 1.655295 0.140103 -0.175628
    34 0.639937 -0.199121 -0.060200 1.671196 0.183105 -0.036845
    35 0.600157 1.080259 0.339531 1.741577 0.106918 0.153550
    36 0.610205 0.400743 0.010086 1.766570 0.125877 0.080180
    37 0.624002 -0.695300 0.236176 -0.769768 -0.597264 -0.932756
    38 -0.626031 -0.069983 -0.080517 -1.447153 0.086151 0.021559
    39 2.621377 -0.002532 -0.001438 -0.430289 -0.140791 0.893715
    40 2.664743 0.000397 -0.000071 -0.298947 0.030148 1.083906
    41 2.202488 0.003368 -0.006769 -0.280502 0.067907 0.963361
    42 0.599952 0.959240 -0.300102 -0.174544 0.000000 0.000000
    43 2.557190 -0.005873 0.006359 -0.192981 0.063230 1.091356
    44 2.095024 -0.003873 -0.002193 -0.235265 0.301152 0.566325
    45 0.999380 -0.000236 -1.244527 -0.000001 0.000000 0.000000
    46 -0.122639 -0.721856 0.661690 -0.486644 0.223964 0.243056
    47 2.622113 -0.004555 0.002741 0.031016 0.424650 0.103349
    48 2.657909 0.004589 -0.000533 0.322092 0.240138 1.085308
    49 2.199219 0.000515 -0.000122 0.262963 -0.039561 1.072971
    50 0.599951 0.959244 0.300102 0.174544 0.000000 0.000000
    51 2.556570 -0.000385 0.000554 0.263755 0.129467 1.165880
    52 2.103851 0.005614 -0.001014 0.452208 -0.377164 0.758730
    53 0.999374 -0.000237 1.291396 0.000000 0.000000 -0.070577
    54 0.310846 -0.606445 -0.498005 0.308107 -0.197598 0.313976
    55 1.873069 -0.000835 -0.000994 0.000005 0.000039 0.840532
    56 1.200941 0.399582 -0.000237 -0.009465 0.016087 0.007127
    57 0.000586 0.100342 -0.000319 -0.120035 -0.021926 -0.209617
    58 -0.161663 0.051712 0.194808 -2.941982 0.122408 -0.060194
    59 2.010092 -0.003202 -0.007284 0.000030 0.000048 0.871159
    60 0.000240 0.099802 -0.000395 -0.018823 0.010833 -0.239219
    61 -0.203197 0.048607 0.069150 -3.093332 0.033217 -0.046722
    62 1.180428 -0.006214 0.000780 0.000010 -0.000024 0.586051
    63 -0.000196 0.099625 -0.000034 0.000000 0.000000 -0.314102
    64 -0.088736 -0.688435 -0.145203 2.930407 -0.136130 0.513013
    65 1.712069 0.000578 0.003818 0.000023 -0.000021 0.699773
    66 -0.000580 0.100145 -0.000311 -0.010912 0.023131 -0.260841
    67 -0.146030 -0.232426 -0.014225 3.028455 -0.094299 0.113020
    68 1.290632 0.000362 -0.000032 0.000000 0.000000 -0.148099
    69 -0.658121 -0.003575 0.072645 -0.142711 0.027792 -0.077299
    70 1.871986 -0.003049 0.006083 -0.000009 0.000027 1.126010
    71 1.200079 0.399944 -0.000093 0.009465 -0.016087 0.007127
    72 0.000591 0.100342 0.000319 0.120035 0.021926 -0.209617
    73 0.068077 0.002285 -0.080050 3.111376 -0.069366 -0.060847
    74 2.011874 -0.005083 0.006086 0.000023 -0.000049 1.297769
    75 0.000229 0.099802 0.000395 0.018823 -0.010833 -0.239219
    76 -0.018673 -0.001009 0.047544 3.109244 0.002635 -0.106673
    77 1.178665 0.001595 0.000845 0.000000 0.000000 0.669112
    78 -0.000198 0.099628 0.000034 0.000000 0.000000 -0.314102
    79 0.036892 -0.634449 0.266284 -2.801062 0.174301 0.490914
    80 1.704350 -0.002506 -0.000686 -0.000034 -0.000037 1.003564
    81 -0.000576 0.100136 0.000311 0.010912 -0.023131 -0.260841
    82 -0.003952 -0.281811 0.115047 -3.059162 0.089004 0.167964
    83 1.289627 0.003949 0.000061 -0.000014 0.000003 0.465351
    84 -0.171528 -0.018148 -0.099873 0.013484 -0.062184 -0.011780
    85 0.916622 0.007240 0.001326 -0.000005 0.000057 0.969787
    86 -0.342617 0.053404 -0.025571 -2.909301 -0.017248 0.075276
    87 1.100231 -0.000930 -0.002434 0.000009 0.000014 0.424742
    88 -0.384983 0.330998 0.006848 -3.087207 -0.018765 -0.184279
    89 0.678146 0.006192 0.000002 -0.000042 0.000005 0.367663
    90 -0.123848 0.072737 0.029507 2.898184 -0.060627 0.094834
    91 1.017166 -0.000154 -0.000252 -0.000023 -0.000038 0.382241
    92 -0.344986 0.123129 0.143151 2.994981 0.012396 0.059140
    93 -0.730988 0.177046 0.039141 -0.123731 0.076518 -0.084310
    94 0.921993 0.005205 -0.000896 0.000034 -0.000011 0.484984
    95 -0.124027 -0.052092 0.038496 3.077813 -0.008519 0.039229
    96 1.100430 -0.003552 0.000503 0.000041 0.000042 0.904205
    97 -0.330082 0.160641 0.042780 3.128073 0.034033 -0.171236
    98 0.675854 0.005438 0.003272 0.000014 0.000003 0.945948
    99 -0.019516 -0.016531 0.038578 -2.763781 0.050305 0.076828
    100 1.014985 0.001206 0.001121 -0.000042 0.000031 0.984604
    101 -0.155312 0.130643 -0.021921 -3.022466 0.022433 -0.024903
    102 -0.252209 0.061937 -0.024914 -0.007671 -0.063171 -0.044392
    103 -0.085991 0.185203 -0.015180 -2.937063 -0.113970 -0.138991
    104 -0.286537 0.179852 0.024264 -3.109353 -0.049645 -0.029915
    105 -0.019489 0.147084 0.079203 2.893815 0.038585 -0.060594
    106 -0.046482 0.251898 0.129548 3.016165 0.077112 -0.042864
    107 0.039120 -0.040298 0.047739 3.084219 0.030470 -0.037414
    108 -0.233757 0.066630 0.001754 -3.133086 0.040141 -0.065413
    109 0.044266 0.020128 0.001684 -2.778763 -0.118872 -0.040488
    110 0.071495 0.074127 -0.048302 -3.035917 -0.059482 0.104366
    111 0.000000 0.000000 0.000000 0.000000 0.000000 -1.570796
    112 15.312967 -3.656362 -2.625080 0.019519 0.002154 0.001306
    113 -3.882931 8.250252 -0.453139 0.568843 -0.771016 -1.527825
    114 -1.541997 0.000000 1.809996 0.000000 0.000000 0.000000
    115 5.560989 0.000000 1.164998 0.000000 0.000000 0.000000
    116 1.770997 -0.313999 1.249997 0.000000 0.000000 -1.570817
    117 3.817992 0.000000 -0.014000 0.000000 0.000000 0.000000
    118 -0.469999 0.000000 -3.436993 0.000000 0.000000 0.000000
    119 -2.237996 0.000000 -3.187994 0.000000 0.000000 0.000000
    120 3.318993 0.000000 3.457993 0.000000 -0.159167 0.000000
    121 0.000000 0.000000 0.000000 0.000000 0.000000 0.000000
    122 0.532999 0.510999 -0.840998 0.000000 0.000000 0.000000
    123 0.000000 0.000000 0.000000 0.000000 0.000000 0.000000
    124 -0.106000 0.000000 64.320000 0.000000 0.000000 0.000000
    125 0.000000 0.000000 0.000000 0.000000 0.000000 0.000000
    126 0.000000 0.000000 0.000000 -0.000563 0.000348 0.001174
    127 25.105432 -3.622462 7.947795 0.019501 0.002065 0.001261
    128 0.106000 0.000000 -64.320000 0.000000 0.000000 0.000000
    129 0.000000 0.000000 0.000000 0.000000 0.000000 0.000000
    130 0.000000 0.000000 -4.867002 -3.141592 0.000000 -3.128591
    131 0.000000 0.000000 4.867000 -3.141592 0.000000 -3.128591
    132 4.000000 -6.500000 0.000000 0.000000 0.000000 0.000977
    133 -6.500000 0.000000 0.000000 0.000000 1.570796 0.000000
    134 1.000088 -0.000029 0.000000 0.000000 0.000000 0.000000
    135 17.162516 -0.000404 0.000000 0.000000 0.000000 0.119214
    136 9.999891 -0.000303 0.000000 0.000000 0.000000 0.000000
    137 1.000088 -0.000029 0.000000 0.000000 0.000000 0.000000
    138 17.162516 -0.000404 0.000000 0.000000 0.000000 0.119214
    139 9.499836 0.000212 0.000000 0.000000 0.000000 0.000000
    140 0.000000 0.000000 0.000000 0.000000 0.000000 0.000000
    141 17.749374 0.295515 0.000000 0.000000 0.000000 -1.158958
    142 0.017889 0.299792 0.000000 0.000000 0.000000 -0.059582
    143 12.283573 1.581456 -4.696000 1.462269 -0.086726 0.090185
    144 17.749376 0.295515 0.000000 0.000000 0.000000 -1.158958
    145 0.017889 0.299792 0.000000 0.000000 0.000000 -0.059582
    146 13.354000 0.000000 0.000000 0.000000 0.000000 -0.294101
    147 4.530998 0.000000 0.000000 0.000000 0.000000 0.000000
    148 0.000000 0.000000 0.000000 0.000000 0.000000 0.000000
    149 5.413524 0.000347 0.000000 0.000000 0.000000 -0.518055
    150 5.413524 0.000347 0.000000 0.000000 0.000000 -0.518055
    151 4.662001 -5.366332 4.825191 1.569715 1.561305 -3.121216
    152 3.116966 -0.000443 0.000000 0.000000 0.000000 0.294101
    153 4.531197 0.000000 0.000000 0.000000 0.000000 0.000000
    154 -1.912000 0.003000 0.278000 0.000000 0.000000 0.000000
    155 -3.830000 0.003000 0.015000 0.000000 0.000000 0.000000
    156 -0.024000 0.000000 3.200000 0.000000 0.305210 0.000000
    157 -14.703272 2.630402 -58.345141 -0.019687 -0.002015 -0.001006
    158 3.512001 -3.547000 -1.066000 0.000000 1.570796 0.000000
    159 3.456001 -3.517000 1.169000 0.000000 1.570796 0.000000
    160 6.233002 0.000000 0.000000 0.000000 0.000000 0.000000
    161 -0.171997 -0.106000 -0.902000 1.570713 1.029176 -3.134550
    162 6.241997 -6.380000 -0.007813 0.001174 0.000563 -0.000348
    163 1.947000 -0.003000 -0.278000 0.000000 0.000000 0.000000
    164 -2.941000 -0.003000 0.381000 0.000000 0.000000 0.000000
    165 -2.941000 -0.003000 0.381000 0.000000 0.000000 0.000000
    166 -0.070000 -0.003000 0.481000 0.000000 0.000000 0.000000
    167 -0.002780 0.000000 0.017476 0.000000 -0.382414 0.000012
    168 3.999434 -0.000527 -0.000332 -0.542979 0.000000 0.000000
    169 3.999901 0.000038 0.001011 0.269961 0.000000 -0.000048
    170 1.598000 0.000000 0.000000 0.000000 0.000000 0.000000
    171 -1.145525 0.000130 0.000668 0.000000 0.000000 0.000000
    172 2.299679 -2.499979 -0.599480 0.891953 0.221525 -0.527302
    173 10.944479 -3.191439 -0.332344 1.597557 -0.146608 -0.183990
    174 -9.580671 -27.862106 -37.184677 0.812879 -0.123459 -0.568477
    175 0.649933 -0.548295 0.093651 -1.665913 -0.131399 -0.112062
    176 0.657074 0.008402 0.040371 -1.665945 -0.131407 -0.000013
    177 0.665776 0.747221 -0.029190 -1.665935 -0.131408 0.094976
    178 2.300139 -2.499413 0.600159 -0.892076 -0.221512 -0.527237
    179 12.187820 1.068084 0.992054 1.811734 -0.001398 0.197485
    180 2.762350 0.116951 1.523975 1.629482 0.064153 1.743800
    181 7.228317 7.928197 -3.925652 2.328713 0.123459 -0.568477
    182 0.650394 -0.547730 -0.092979 1.665913 0.131399 -0.112062
    183 0.657069 0.008398 -0.040379 1.665945 0.131407 -0.000013
    184 0.665775 0.747221 0.029179 1.665935 0.131408 0.094976
    185 -4.481003 -0.202000 0.000000 0.000000 0.000000 0.000000
    186 -5.516998 -0.291000 -0.001000 0.000000 0.000000 0.000000
    187 -0.857700 0.104071 0.104683 0.023536 0.163924 0.013632
    188 1.899119 0.000423 -0.000439 0.027386 -0.033311 0.477848
    189 1.799661 -0.000233 0.000231 0.027386 -0.033311 0.477848
    190 1.799661 -0.000233 0.000231 0.027386 -0.033311 0.477848
    191 1.799661 -0.000233 0.000231 0.027386 -0.033311 0.477848
    192 1.900310 -0.000137 -0.000517 0.027386 -0.033311 0.477848
    193 1.899435 -0.000317 -0.000150 -0.027386 0.033311 0.477848
    194 1.799662 -0.000240 -0.000233 -0.027386 0.033311 0.477848
    195 1.799662 -0.000240 -0.000233 -0.027386 0.033311 0.477848
    196 1.799662 -0.000240 -0.000233 -0.027386 0.033311 0.477848
    197 1.900729 0.000553 -0.000072 -0.027386 0.033311 0.477848
    198 0.599884 0.400187 -0.000031 0.000000 0.000000 0.000000
    199 0.599886 0.400185 0.000034 0.000000 0.000000 -3.141592
    200 0.599503 0.400694 0.000234 0.000000 0.000000 0.000000
    201 0.600029 -0.000020 -0.000019 0.000000 0.000000 -3.141592
  time 39
    0 0.000000 0.000000 0.000000 0.000000 0.000000 -1.570796
    1 -0.106323 0.000000 -0.000198 0.000000 0.000000 0.000000
    2 0.000000 0.000000 0.000000 0.000000 0.000000 0.000000
    3 -0.904000 0.000000 -11.806000 0.000000 0.000000 0.000000
    4 0.000000 0.000000 -14.313999 0.000000 -1.570796 1.570857
    5 3.533001 0.000000 0.000000 0.000000 0.000000 0.000000
    6 6.250000 0.000000 0.000000 0.000000 0.000000 0.000000
    7 9.562500 1.924805 -1.815430 -0.161250 1.437164 -0.160081
    8 9.562500 1.924805 1.815430 0.098301 -1.350314 -0.096174
    9 5.790726 0.002787 -0.000113 -0.867824 0.353451 -1.708665
    10 5.999492 -0.000592 -4.000343 0.000000 0.000000 0.000000
    11 5.791316 0.002582 0.004799 0.988547 -0.654830 -1.293822
    12 5.999492 -0.000592 4.000336 0.000000 0.000000 0.000000
    13 0.500225 0.000133 -0.000088 0.007227 0.000000 0.000000
    14 11.534559 0.000348 -0.001312 0.000031 -0.000003 -1.234233
    15 -0.829338 0.893824 0.079659 -0.148839 0.047645 0.087266
    16 0.500225 0.000132 0.000076 -0.179325 0.000000 0.000000
    17 11.532495 0.004432 -0.000089 0.000030 -0.000034 -1.694432
    18 -0.829586 0.894698 -0.079464 0.045377 -0.019621 0.087266
    19 10.599884 0.000105 -0.000553 -1.092066 -0.000048 0.000024
    20 0.236856 -0.337683 -0.000805 0.000000 0.000011 0.616505
    21 11.042057 -0.000189 0.000798 -0.845200 -0.111945 1.081083
    22 -1.214832 0.203470 -0.477489 -0.135025 -0.078677 -0.001289
    23 10.599880 0.000105 0.000549 0.528969 0.000000 0.000024
    24 0.592334 -0.525188 0.000801 0.000000 -0.000011 0.847269
    25 11.041742 0.003171 -0.000571 0.411338 0.191382 0.831282
    26 -1.063377 0.077663 0.150230 0.045121 0.020046 -0.012850
    27 0.610302 -0.939470 0.070343 -1.654739 -0.083631 -0.180422
    28 0.639940 -0.199121 0.060188 -1.665350 -0.069887 -0.072295
    29 0.600155 1.080261 -0.339535 -1.744070 0.106121 0.045568
    30 0.610207 0.400743 -0.010101 -1.761945 0.010568 0.029018
    31 0.630809 -0.693997 -0.232343 0.059931 -0.073951 -0.756778
    32 -0.792125 0.203736 0.461300 1.439074 -0.003453 -0.018305
    33 0.610300 -0.939469 -0.070351 1.655295 0.140103 -0.175640
    34 0.639937 -0.199121 -0.060200 1.671196 0.183105 -0.036833
    35 0.600157 1.080259 0.339531 1.741630 0.106918 0.153550
    36 0.610205 0.400743 0.010086 1.766570 0.125877 0.080192
    37 0.624002 -0.695300 0.232270 -0.769768 -0.597264 -0.932719
    38 -0.626031 -0.069983 -0.080517 -1.447153 0.086151 0.021559
    39 2.621377 -0.002532 -0.005345 -0.430289 -0.140791 0.893715
    40 2.664743 0.000397 -0.000071 -0.298947 0.030148 1.083906
    41 2.206394 0.003368 -0.006769 -0.280502 0.067923 0.963361
    42 0.599952 0.959240 -0.300102 -0.174544 0.000000 0.000000
    43 2.553283 -0.001967 0.002453 -0.192981 0.063230 1.091356
    44 2.095024 -0.003873 -0.006100 -0.235253 0.301152 0.566284
    45 0.999380 -0.000236 -1.248433 -0.000001 0.000000 0.000000
    46 -0.122639 -0.721856 0.661690 -0.486644 0.223964 0.243056
    47 2.622113 -0.004555 0.002741 0.031003 0.424650 0.103349
    48 2.657909 0.004589 -0.000533 0.322092 0.240150 1.085308
    49 2.199219 0.000515 -0.000122 0.262963 -0.039561 1.072971
    50 0.599951 0.959244 0.300102 0.174544 0.000000 0.000000
    51 2.556570 -0.000385 0.000554 0.263755 0.129455 1.165861
    52 2.103851 0.005614 -0.001014 0.452208 -0.377164 0.758730
    53 0.999374 -0.000237 1.295302 0.000000 0.000000 -0.070577
    54 0.310846 -0.606445 -0.498005 0.308107 -0.197598 0.313976
    55 1.869163 -0.004741 -0.000994 0.000005 0.000039 0.840532
    56 1.200941 0.399582 -0.000237 -0.009465 0.016087 0.007127
    57 0.000586 0.100342 -0.000319 -0.120035 -0.021926 -0.209617
    58 -0.161663 0.051712 0.194808 -2.941982 0.122408 -0.060194
    59 2.010092 -0.007109 -0.007284 0.000030 0.000048 0.871112
    60 0.000240 0.099802 -0.000395 -0.018823 0.010833 -0.239219
    61 -0.203197 0.048607 0.069150 -3.093332 0.033217 -0.046722
    62 1.180428 -0.006214 0.000780 0.000010 -0.000024 0.586019
    63 -0.000196 0.099625 -0.000034 0.000000 0.000000 -0.314102
    64 -0.088736 -0.688435 -0.145203 2.930407 -0.136130 0.513013
    65 1.715976 -0.003328 -0.000088 0.000023 -0.000021 0.699773
    66 -0.000580 0.100145 -0.000311 -0.010912 0.023131 -0.260841
    67 -0.146030 -0.232426 -0.014225 3.028455 -0.094299 0.113020
    68 1.290632 0.000362 -0.000032 0.000000 0.000000 -0.148099
    69 -0.658121 -0.003575 0.072645 -0.142711 0.027792 -0.077299
    70 1.868080 -0.003049 0.006083 -0.000009 0.000027 1.126010
    71 1.200079 0.399944 -0.000093 0.009465 -0.016087 0.007127
    72 0.000591 0.100342 0.000319 0.120035 0.021926 -0.209617
    73 0.068077 0.002285 -0.080050 3.111376 -0.069366 -0.060847
    74 2.015780 -0.005083 0.006086 0.000023 -0.000049 1.297769
    75 0.000229 0.099802 0.000395 0.018823 -0.010833 -0.239219
    76 -0.018673 -0.001009 0.047544 3.109244 0.002635 -0.106673
    77 1.178665 0.001595 0.000845 0.000000 0.000000 0.669112
    78 -0.000198 0.099628 0.000034 0.000000 0.000000 -0.314102
    79 0.036892 -0.634449 0.266284 -2.801062 0.174301 0.490914
    80 1.708256 -0.002506 -0.004592 -0.000034 -0.000037 1.003564
    81 -0.000576 0.100136 0.000311 0.010912 -0.023131 -0.260841
    82 -0.003952 -0.281811 0.115047 -3.059162 0.089004 0.167964
    83 1.289627 0.003949 0.000061 -0.000014 0.000003 0.465351
    84 -0.171528 -0.018148 -0.099873 0.013484 -0.062184 -0.011780
    85 0.916622 0.007240 0.001326 -0.000005 0.000057 0.969787
    86 -0.342617 0.053404 -0.025571 -2.909301 -0.017248 0.075276
    87 1.100231 -0.000930 -0.002434 0.000009 0.000014 0.424742
    88 -0.384983 0.330998 0.006848 -3.087207 -0.018765 -0.184279
    89 0.678146 0.006192 0.000002 -0.000042 0.000029 0.367613
    90 -0.123848 0.072737 0.029507 2.898184 -0.060627 0.094834
    91 1.017166 -0.000154 -0.000252 -0.000023 -0.000050 0.382241
    92 -0.344986 0.123129 0.143151 2.994981 0.012396 0.059140
    93 -0.730988 0.177046 0.039141 -0.123731 0.076518 -0.084310
    94 0.921993 0.001298 -0.000896 0.000022 -0.000011 0.484984
    95 -0.124027 -0.052092 0.038496 3.077813 -0.008519 0.039229
    96 1.100430 -0.007458 0.000503 0.000053 0.000042 0.904205
    97 -0.330082 0.160641 0.042780 3.128073 0.034033 -0.171236
    98 0.675854 0.005438 0.003272 0.000014 0.000003 0.945948
    99 -0.019516 -0.016531 0.038578 -2.763781 0.050305 0.076828
    100 1.018891 0.001206 0.001121 -0.000042 0.000031 0.984604
    101 -0.155312 0.130643 -0.021921 -3.022466 0.022433 -0.024903
    102 -0.252209 0.061937 -0.024914 -0.007671 -0.063171 -0.044392
    103 -0.085991 0.185203 -0.015180 -2.937063 -0.113970 -0.138991
    104 -0.286537 0.179852 0.024264 -3.109353 -0.049645 -0.029915
    105 -0.019489 0.147084 0.079203 2.893815 0.038585 -0.060594
    106 -0.046482 0.251898 0.129548 3.016165 0.077112 -0.042864
    107 0.039120 -0.040298 0.047739 3.084219 0.030470 -0.037414
    108 -0.233757 0.066630 0.001754 -3.133086 0.040141 -0.065413
    109 0.044266 0.020128 0.001684 -2.778763 -0.118872 -0.040488
    110 0.071495 0.074127 -0.048302 -3.035917 -0.059482 0.104366
    111 0.000000 0.000000 0.000000 0.000000 0.000000 -1.570796
    112 15.285623 -3.629017 -2.636799 0.004951 0.003512 0.000280
    113 -3.804804 8.277596 -0.421888 0.548707 -0.768948 -1.514702
    114 -1.541997 0.000000 1.809996 0.000000 0.000000 0.000000
    115 5.560989 0.000000 1.164998 0.000000 0.000000 0.000000
    116 1.770997 -0.313999 1.249997 0.000000 0.000000 -1.570817
    117 3.817992 0.000000 -0.014000 0.000000 0.000000 0.000000
    118 -0.469999 0.000000 -3.436993 0.000000 0.000000 0.000000
    119 -2.237996 0.000000 -3.187994 0.000000 0.000000 0.000000
    120 3.318993 0.000000 3.457993 0.000000 -0.159167 0.000000
    121 0.000000 0.000000 0.000000 0.000000 0.000000 0.000000
    122 0.532999 0.510999 -0.840998 0.000000 0.000000 0.000000
    123 0.000000 0.000000 0.000000 0.000000 0.000000 0.000000
    124 -0.106000 0.000000 64.320000 0.000000 0.000000 0.000000
    125 0.000000 0.000000 0.000000 0.000000 0.000000 0.000000
    126 0.000000 0.000000 0.000000 -0.000971 0.001582 -0.000180
    127 25.070274 -3.622462 7.924357 0.005028 0.003517 0.000328
    128 0.106000 0.000000 -64.320000 0.000000 0.000000 0.000000
    129 0.000000 0.000000 0.000000 0.000000 0.000000 0.000000
    130 0.000000 0.000000 -4.867002 -3.141592 0.000000 -3.128591
    131 0.000000 0.000000 4.867000 -3.141592 0.000000 -3.128591
    132 4.000000 -6.500000 0.000000 0.000000 0.000000 0.000977
    133 -6.500000 0.000000 0.000000 0.000000 1.570796 0.000000
    134 1.000088 -0.000029 0.000000 0.000000 0.000000 0.000000
    135 17.162516 -0.000404 0.000000 0.000000 0.000000 0.119214
    136 9.999891 -0.000303 0.000000 0.000000 0.000000 0.000000
    137 1.000088 -0.000029 0.000000 0.000000 0.000000 0.000000
    138 17.162516 -0.000404 0.000000 0.000000 0.000000 0.119214
    139 9.499836 0.000212 0.000000 0.000000 0.000000 0.000000
    140 0.000000 0.000000 0.000000 0.000000 0.000000 0.000000
    141 17.749374 0.295515 0.000000 0.000000 0.000000 -1.158958
    142 0.017889 0.299792 0.000000 0.000000 0.000000 -0.059582
    143 12.283573 1.581456 -4.696000 1.462269 -0.086726 0.090185
    144 17.749376 0.295515 0.000000 0.000000 0.000000 -1.158958
    145 0.017889 0.299792 0.000000 0.000000 0.000000 -0.059582
    146 13.354000 0.000000 0.000000 0.000000 0.000000 -0.294101
    147 4.530998 0.000000 0.000000 0.000000 0.000000 0.000000
    148 0.000000 0.000000 0.000000 0.000000 0.000000 0.000000
    149 5.413524 0.000347 0.000000 0.000000 0.000000 -0.518055
    150 5.413524 0.000347 0.000000 0.000000 0.000000 -0.518055
    151 4.662001 -5.366332 4.825191 1.569715 1.561305 -3.121216
    152 3.116966 -0.000443 0.000000 0.000000 0.000000 0.294101
    153 4.531197 0.000000 0.000000 0.000000 0.000000 0.000000
    154 -1.912000 0.003000 0.278000 0.000000 0.000000 0.000000
    155 -3.830000 0.003000 0.015000 0.000000 0.000000 0.000000
    156 -0.024000 0.000000 3.200000 0.000000 0.305210 0.000000
    157 -14.640770 3.521054 -58.309984 -0.004779 -0.002373 0.000000
    158 3.512001 -3.547000 -1.066000 0.000000 1.570796 0.000000
    159 3.456001 -3.517000 1.169000 0.000000 1.570796 0.000000
    160 6.233002 0.000000 0.000000 0.000000 0.000000 0.000000
    161 -0.171997 -0.106000 -0.902000 1.570713 1.029176 -3.134550
    162 6.241997 -6.380000 -0.007813 -0.000180 0.000971 -0.001582
    163 1.947000 -0.003000 -0.278000 0.000000 0.000000 0.000000
    164 -2.941000 -0.003000 0.381000 0.000000 0.000000 0.000000
    165 -2.941000 -0.003000 0.381000 0.000000 0.000000 0.000000
    166 -0.070000 -0.003000 0.481000 0.000000 0.000000 0.000000
    167 -0.002780 0.000000 0.017476 0.000000 -0.382402 0.000012
    168 3.999434 -0.000527 -0.000332 -0.545131 0.000000 0.000000
    169 3.999901 0.000038 0.001011 0.264502 0.000000 -0.000012
    170 1.598000 0.000000 0.000000 0.000000 0.000000 0.000000
    171 -1.145525 0.000130 0.000668 0.000000 0.000000 0.000000
    172 2.299679 -2.499979 -0.599480 0.891953 0.221525 -0.527302
    173 10.944479 -3.191439 -0.332344 1.597557 -0.146608 -0.183990
    174 -9.580671 -27.862106 -37.184677 0.812879 -0.123459 -0.568477
    175 0.649933 -0.548295 0.093651 -1.665913 -0.131399 -0.112062
    176 0.657074 0.008402 0.040371 -1.665945 -0.131407 -0.000013
    177 0.665776 0.747221 -0.029190 -1.665935 -0.131408 0.094976
    178 2.300139 -2.499413 0.600159 -0.892076 -0.221524 -0.527237
    179 12.187820 1.068084 0.992054 1.811734 -0.001398 0.197485
    180 2.762350 0.116951 1.523975 1.629482 0.064153 1.743800
    181 7.228317 7.928197 -3.925652 2.328713 0.123459 -0.568477
    182 0.650394 -0.547730 -0.092979 1.665913 0.131399 -0.112062
    183 0.657069 0.008398 -0.040379 1.665945 0.131407 -0.000013
    184 0.665775 0.747221 0.029179 1.665935 0.131408 0.094976
    185 -4.481003 -0.202000 0.000000 0.000000 0.000000 0.000000
    186 -5.516998 -0.291000 -0.001000 0.000000 0.000000 0.000000
    187 -0.857700 0.104071 0.104683 0.023536 0.163924 0.013632
    188 1.899119 0.000423 -0.000439 0.027386 -0.033311 0.477848
    189 1.799661 -0.000233 0.000231 0.027386 -0.033311 0.477848
    190 1.799661 -0.000233 0.000231 0.027386 -0.033311 0.477848
    191 1.799661 -0.000233 0.000231 0.027386 -0.033311 0.477848
    192 1.900310 -0.000137 -0.000517 0.027386 -0.033311 0.477848
    193 1.899435 -0.000317 -0.000150 -0.027386 0.033311 0.477848
    194 1.799662 -0.000240 -0.000233 -0.027386 0.033311 0.477848
    195 1.799662 -0.000240 -0.000233 -0.027386 0.033311 0.477848
    196 1.799662 -0.000240 -0.000233 -0.027386 0.033311 0.477848
    197 1.900729 0.000553 -0.000072 -0.027386 0.033311 0.477848
    198 0.599884 0.400187 -0.000031 0.000000 0.000000 0.000000
    199 0.599886 0.400185 0.000034 0.000000 0.000000 -3.141592
    200 0.599503 0.400694 0.000234 0.000000 0.000000 0.000000
    201 0.600029 -0.000020 -0.000019 0.000000 0.000000 -3.141592
  time 40
    0 0.000000 0.000000 0.000000 0.000000 0.000000 -1.570796
    1 -0.106323 0.000000 -0.000198 0.000000 0.000000 0.000000
    2 0.000000 0.000000 0.000000 0.000000 0.000000 0.000000
    3 -0.904000 0.000000 -11.806000 0.000000 0.000000 0.000000
    4 0.000000 0.000000 -14.313999 0.000000 -1.570796 1.570857
    5 3.533001 0.000000 0.000000 0.000000 0.000000 0.000000
    6 6.250000 0.000000 0.000000 0.000000 0.000000 0.000000
    7 9.562500 1.924805 -1.815430 -0.161250 1.437164 -0.160081
    8 9.562500 1.924805 1.815430 0.098301 -1.350314 -0.096174
    9 5.790726 0.002787 -0.000113 -0.868206 0.356050 -1.709471
    10 5.999492 -0.000592 -4.000343 0.000000 0.000000 0.000000
    11 5.791316 0.002582 0.004799 0.987675 -0.655240 -1.292098
    12 5.999492 -0.000592 4.000336 0.000000 0.000000 0.000000
    13 0.500225 0.000133 -0.000088 0.007131 0.000000 0.000000
    14 11.534559 0.004255 -0.001312 0.000019 -0.000039 -1.237452
    15 -0.829338 0.893824 0.079659 -0.148839 0.047645 0.087266
    16 0.500225 0.000132 0.000076 -0.179055 0.000000 0.000000
    17 11.532495 0.000526 -0.000089 0.000054 -0.000058 -1.698339
    18 -0.829586 0.894698 -0.079464 0.045377 -0.019621 0.087266
    19 10.599884 0.000105 -0.000553 -1.094330 0.000036 -0.000012
    20 0.236856 -0.341589 -0.000805 0.000000 0.000011 0.617700
    21 11.042057 0.003717 0.004704 -0.852764 -0.113607 1.078486
    22 -1.214832 0.203470 -0.477489 -0.135025 -0.078677 -0.001289
    23 10.599880 0.000105 0.000549 0.518057 0.000000 0.000048
    24 0.592334 -0.525188 0.000801 0.000000 -0.000011 0.849269
    25 11.041742 0.003171 -0.000571 0.402271 0.191029 0.832127
    26 -1.063377 0.077663 0.150230 0.045121 0.020046 -0.012850
    27 0.610302 -0.939470 0.070343 -1.654739 -0.083631 -0.180422
    28 0.639940 -0.199121 0.060188 -1.665350 -0.069887 -0.072283
    29 0.600155 1.080261 -0.339535 -1.744070 0.106121 0.045568
    30 0.610207 0.400743 -0.010101 -1.761945 0.010568 0.029006
    31 0.634715 -0.693997 -0.232343 0.059919 -0.073951 -0.756778
    32 -0.792125 0.203736 0.461300 1.439074 -0.003453 -0.018305
    33 0.610300 -0.939469 -0.070351 1.655295 0.140103 -0.175652
    34 0.639937 -0.199121 -0.060200 1.671196 0.183105 -0.036845
    35 0.600157 1.080259 0.339531 1.741630 0.106918 0.153550
    36 0.610205 0.400743 0.010086 1.766570 0.125877 0.080192
    37 0.624002 -0.695300 0.232270 -0.769768 -0.597264 -0.932719
    38 -0.626031 -0.069983 -0.080517 -1.447153 0.086151 0.021559
    39 2.625284 -0.002532 -0.001438 -0.430289 -0.140791 0.893715
    40 2.660837 0.000397 -0.000071 -0.298947 0.030160 1.083906
    41 2.206394 0.003368 -0.006769 -0.280502 0.067923 0.963361
    42 0.599952 0.959240 -0.300102 -0.174544 0.000000 0.000000
    43 2.553283 -0.005873 0.006359 -0.192981 0.063230 1.091356
    44 2.095024 -0.003873 -0.002193 -0.235265 0.301152 0.566284
    45 0.999380 -0.000236 -1.244527 -0.000001 0.000000 0.000000
    46 -0.122639 -0.721856 0.661690 -0.486644 0.223964 0.243056
    47 2.622113 -0.004555 0.002741 0.031003 0.424650 0.103349
    48 2.657909 0.004589 -0.000533 0.322092 0.240150 1.085308
    49 2.199219 0.000515 -0.000122 0.262963 -0.039561 1.072971
    50 0.599951 0.959244 0.300102 0.174544 0.000000 0.000000
    51 2.556570 -0.004291 0.000554 0.263755 0.129455 1.165861
    52 2.103851 0.001708 -0.001014 0.452208 -0.377176 0.758730
    53 0.999374 -0.000237 1.295302 0.000000 0.000000 -0.070577
    54 0.310846 -0.606445 -0.498005 0.308107 -0.197598 0.313976
    55 1.873069 -0.004741 -0.000994 0.000005 0.000039 0.840532
    56 1.200941 0.399582 -0.000237 -0.009465 0.016087 0.007127
    57 0.000586 0.100342 -0.000319 -0.120035 -0.021926 -0.209617
    58 -0.161663 0.051712 0.194808 -2.941982 0.122408 -0.060194
    59 2.010092 -0.007109 -0.007284 0.000030 0.000048 0.871112
    60 0.000240 0.099802 -0.000395 -0.018823 0.010833 -0.239219
    61 -0.203197 0.048607 0.069150 -3.093332 0.033217 -0.046722
    62 1.180428 -0.006214 0.000780 -0.000002 -0.000036 0.586051
    63 -0.000196 0.099625 -0.000034 0.000000 0.000000 -0.314102
    64 -0.088736 -0.688435 -0.145203 2.930407 -0.136130 0.513013
    65 1.715976 -0.003328 0.003818 0.000023 -0.000021 0.699773
    66 -0.000580 0.100145 -0.000311 -0.010912 0.023131 -0.260841
    67 -0.146030 -0.232426 -0.014225 3.028455 -0.094299 0.113020
    68 1.290632 0.000362 -0.000032 0.000000 0.000000 -0.148099
    69 -0.658121 -0.003575 0.072645 -0.142711 0.027792 -0.077299
    70 1.868080 -0.003049 0.006083 -0.000009 0.000027 1.126010
    71 1.200079 0.399944 -0.000093 0.009465 -0.016087 0.007127
    72 0.000591 0.100342 0.000319 0.120035 0.021926 -0.209617
    73 0.068077 0.002285 -0.080050 3.111376 -0.069366 -0.060847
    74 2.015780 -0.005083 0.006086 0.000023 -0.000049 1.297769
    75 0.000229 0.099802 0.000395 0.018823 -0.010833 -0.239219
    76 -0.018673 -0.001009 0.047544 3.109244 0.002635 -0.106673
    77 1.178665 0.001595 0.000845 0.000000 0.000000 0.669112
    78 -0.000198 0.099628 0.000034 0.000000 0.000000 -0.314102
    79 0.036892 -0.634449 0.266284 -2.801062 0.174301 0.490914
    80 1.704350 -0.002506 -0.004592 -0.000034 -0.000037 1.003564
    81 -0.000576 0.100136 0.000311 0.010912 -0.023131 -0.260841
    82 -0.003952 -0.281811 0.115047 -3.059162 0.089004 0.167964
    83 1.289627 0.003949 0.000061 -0.000014 0.000003 0.465351
    84 -0.171528 -0.018148 -0.099873 0.013484 -0.062184 -0.011780
    85 0.916622 0.007240 0.001326 0.000007 0.000057 0.969787
    86 -0.342617 0.053404 -0.025571 -2.909301 -0.017248 0.075276
    87 1.100231 -0.000930 -0.002434 0.000009 0.000014 0.424742
    88 -0.384983 0.330998 0.006848 -3.087207 -0.018765 -0.184279
    89 0.678146 0.002286 -0.003905 -0.000042 0.000029 0.367663
    90 -0.123848 0.072737 0.029507 2.898184 -0.060627 0.094834
    91 1.017166 -0.000154 -0.000252 -0.000023 -0.000050 0.382241
    92 -0.344986 0.123129 0.143151 2.994981 0.012396 0.059140
    93 -0.730988 0.177046 0.039141 -0.123731 0.076518 -0.084310
    94 0.921993 0.001298 -0.000896 0.000022 -0.000011 0.484984
    95 -0.124027 -0.052092 0.038496 3.077813 -0.008519 0.039229
    96 1.100430 -0.007458 0.000503 0.000053 0.000042 0.904205
    97 -0.330082 0.160641 0.042780 3.128073 0.034033 -0.171236
    98 0.675854 0.005438 0.003272 0.000014 0.000003 0.945948
    99 -0.019516 -0.016531 0.038578 -2.763781 0.050305 0.076828
    100 1.018891 0.005113 0.001121 -0.000042 0.000031 0.984604
    101 -0.155312 0.130643 -0.021921 -3.022466 0.022433 -0.024903
    102 -0.252209 0.061937 -0.024914 -0.007671 -0.063171 -0.044392
    103 -0.085991 0.185203 -0.015180 -2.937063 -0.113970 -0.138991
    104 -0.286537 0.179852 0.024264 -3.109353 -0.049645 -0.029915
    105 -0.019489 0.147084 0.079203 2.893815 0.038585 -0.060594
    106 -0.046482 0.251898 0.129548 3.016165 0.077112 -0.042864
    107 0.039120 -0.040298 0.047739 3.084219 0.030470 -0.037414
    108 -0.233757 0.066630 0.001754 -3.133086 0.040141 -0.065413
    109 0.044266 0.020128 0.001684 -2.778763 -0.118872 -0.040488
    110 0.071495 0.074127 -0.048302 -3.035917 -0.059482 0.104366
    111 0.000000 0.000000 0.000000 0.000000 0.000000 -1.570796
    112 15.246559 -3.617298 -2.625080 -0.003999 0.001171 -0.000280
    113 -3.757927 8.320566 -0.464858 0.535870 -0.770740 -1.506640
    114 -1.541997 0.000000 1.809996 0.000000 0.000000 0.000000
    115 5.560989 0.000000 1.164998 0.000000 0.000000 0.000000
    116 1.770997 -0.313999 1.249997 0.000000 0.000000 -1.570817
    117 3.817992 0.000000 -0.014000 0.000000 0.000000 0.000000
    118 -0.469999 0.000000 -3.436993 0.000000 0.000000 0.000000
    119 -2.237996 0.000000 -3.187994 0.000000 0.000000 0.000000
    120 3.318993 0.000000 3.457993 0.000000 -0.159167 0.000000
    121 0.000000 0.000000 0.000000 0.000000 0.000000 0.000000
    122 0.532999 0.510999 -0.840998 0.000000 0.000000 0.000000
    123 0.000000 0.000000 0.000000 0.000000 0.000000 0.000000
    124 -0.106000 0.000000 64.320000 0.000000 0.000000 0.000000
    125 0.000000 0.000000 0.000000 0.000000 0.000000 0.000000
    126 0.000000 0.000000 0.000000 -0.000827 0.001234 -0.000216
    127 25.046836 -3.630275 7.955608 -0.004018 0.001176 -0.000325
    128 0.106000 0.000000 -64.320000 0.000000 0.000000 0.000000
    129 0.000000 0.000000 0.000000 0.000000 0.000000 0.000000
    130 0.000000 0.000000 -4.867002 -3.141592 0.000000 -3.128591
    131 0.000000 0.000000 4.867000 -3.141592 0.000000 -3.128591
    132 4.000000 -6.500000 0.000000 0.000000 0.000000 0.000977
    133 -6.500000 0.000000 0.000000 0.000000 1.570796 0.000000
    134 1.000088 -0.000029 0.000000 0.000000 0.000000 0.000000
    135 17.162516 -0.000404 0.000000 0.000000 0.000000 0.119214
    136 9.999891 -0.000303 0.000000 0.000000 0.000000 0.000000
    137 1.000088 -0.000029 0.000000 0.000000 0.000000 0.000000
    138 17.162516 -0.000404 0.000000 0.000000 0.000000 0.119214
    139 9.499836 0.000212 0.000000 0.000000 0.000000 0.000000
    140 0.000000 0.000000 0.000000 0.000000 0.000000 0.000000
    141 17.749374 0.295515 0.000000 0.000000 0.000000 -1.158958
    142 0.017889 0.299792 0.000000 0.000000 0.000000 -0.059582
    143 12.283573 1.581456 -4.696000 1.462269 -0.086726 0.090185
    144 17.749376 0.295515 0.000000 0.000000 0.000000 -1.158958
    145 0.017889 0.299792 0.000000 0.000000 0.000000 -0.059582
    146 13.354000 0.000000 0.000000 0.000000 0.000000 -0.294101
    147 4.530998 0.000000 0.000000 0.000000 0.000000 0.000000
    148 0.000000 0.000000 0.000000 0.000000 0.000000 0.000000
    149 5.413524 0.000347 0.000000 0.000000 0.000000 -0.518055
    150 5.413524 0.000347 0.000000 0.000000 0.000000 -0.518055
    151 4.662001 -5.366332 4.825191 1.569715 1.561305 -3.121216
    152 3.116966 -0.000443 0.000000 0.000000 0.000000 0.294101
    153 4.531197 0.000000 0.000000 0.000000 0.000000 0.000000
    154 -1.912000 0.003000 0.278000 0.000000 0.000000 0.000000
    155 -3.830000 0.003000 0.015000 0.000000 0.000000 0.000000
    156 -0.024000 0.000000 3.200000 0.000000 0.305210 0.000000
    157 -14.695460 4.021070 -58.259201 0.003823 -0.001030 0.000457
    158 3.512001 -3.547000 -1.066000 0.000000 1.570796 0.000000
    159 3.456001 -3.517000 1.169000 0.000000 1.570796 0.000000
    160 6.233002 0.000000 0.000000 0.000000 0.000000 0.000000
    161 -0.171997 -0.106000 -0.902000 1.570713 1.029176 -3.134550
    162 6.241997 -6.380000 -0.007813 -0.000216 0.000827 -0.001234
    163 1.947000 -0.003000 -0.278000 0.000000 0.000000 0.000000
    164 -2.941000 -0.003000 0.381000 0.000000 0.000000 0.000000
    165 -2.941000 -0.003000 0.381000 0.000000 0.000000 0.000000
    166 -0.070000 -0.003000 0.481000 0.000000 0.000000 0.000000
    167 -0.002780 0.000000 0.017476 0.000000 -0.382402 0.000000
    168 3.999434 -0.000527 -0.000332 -0.547283 0.000000 0.000000
    169 3.999901 0.000038 0.001011 0.259072 0.000000 0.000000
    170 1.598000 0.000000 0.000000 0.000000 0.000000 0.000000
    171 -1.145525 0.000130 0.000668 0.000000 0.000000 0.000000
    172 2.299679 -2.499979 -0.599480 0.891953 0.221525 -0.527302
    173 10.944479 -3.191439 -0.332344 1.597557 -0.146608 -0.183990
    174 -9.580671 -27.862106 -37.184677 0.812879 -0.123459 -0.568477
    175 0.649933 -0.548295 0.093651 -1.665913 -0.131399 -0.112062
    176 0.657074 0.008402 0.040371 -1.665945 -0.131407 -0.000013
    177 0.665776 0.747221 -0.029190 -1.665935 -0.131408 0.094976
    178 2.300139 -2.499413 0.600159 -0.892076 -0.221524 -0.527221
    179 12.187820 1.068084 0.992054 1.811734 -0.001398 0.197485
    180 2.762350 0.116951 1.523975 1.629482 0.064153 1.743800
    181 7.228317 7.928197 -3.925652 2.328713 0.123459 -0.568477
    182 0.650394 -0.547730 -0.092979 1.665913 0.131399 -0.112062
    183 0.657069 0.008398 -0.040379 1.665945 0.131407 -0.000013
    184 0.665775 0.747221 0.029179 1.665935 0.131408 0.094976
    185 -4.481003 -0.202000 0.000000 0.000000 0.000000 0.000000
    186 -5.516998 -0.291000 -0.001000 0.000000 0.000000 0.000000
    187 -0.857700 0.104071 0.104683 0.023536 0.163924 0.013632
    188 1.899119 0.000423 -0.000439 0.027386 -0.033311 0.477848
    189 1.799661 -0.000233 0.000231 0.027386 -0.033311 0.477848
    190 1.799661 -0.000233 0.000231 0.027386 -0.033311 0.477848
    191 1.799661 -0.000233 0.000231 0.027386 -0.033311 0.477848
    192 1.900310 -0.000137 -0.000517 0.027386 -0.033311 0.477848
    193 1.899435 -0.000317 -0.000150 -0.027386 0.033311 0.477848
    194 1.799662 -0.000240 -0.000233 -0.027386 0.033311 0.477848
    195 1.799662 -0.000240 -0.000233 -0.027386 0.033311 0.477848
    196 1.799662 -0.000240 -0.000233 -0.027386 0.033311 0.477848
    197 1.900729 0.000553 -0.000072 -0.027386 0.033311 0.477848
    198 0.599884 0.400187 -0.000031 0.000000 0.000000 0.000000
    199 0.599886 0.400185 0.000034 0.000000 0.000000 -3.141592
    200 0.599503 0.400694 0.000234 0.000000 0.000000 0.000000
    201 0.600029 -0.000020 -0.000019 0.000000 0.000000 -3.141592
  time 41
    0 0.000000 0.000000 0.000000 0.000000 0.000000 -1.570796
    1 -0.106323 0.000000 -0.000198 0.000000 0.000000 0.000000
    2 0.000000 0.000000 0.000000 0.000000 0.000000 0.000000
    3 -0.904000 0.000000 -11.806000 0.000000 0.000000 0.000000
    4 0.000000 0.000000 -14.313999 0.000000 -1.570796 1.570857
    5 3.533001 0.000000 0.000000 0.000000 0.000000 0.000000
    6 6.250000 0.000000 0.000000 0.000000 0.000000 0.000000
    7 9.562500 1.924805 -1.815430 -0.161250 1.437164 -0.160081
    8 9.562500 1.924805 1.815430 0.098301 -1.350314 -0.096174
    9 5.790726 0.002787 -0.000113 -0.868015 0.355556 -1.708746
    10 5.999492 -0.000592 -4.000343 0.000000 0.000000 0.000000
    11 5.791316 0.002582 0.004799 0.988151 -0.655054 -1.293005
    12 5.999492 -0.000592 4.000336 0.000000 0.000000 0.000000
    13 0.500225 0.000133 -0.000088 0.007010 0.000000 0.000000
    14 11.534559 0.004255 -0.001312 0.000019 -0.000039 -1.237222
    15 -0.829338 0.893824 0.079659 -0.148839 0.047645 0.087266
    16 0.500225 0.000132 0.000076 -0.178809 0.000000 0.000000
    17 11.532495 0.000526 -0.000089 0.000042 -0.000058 -1.697744
    18 -0.829586 0.894698 -0.079464 0.045377 -0.019621 0.087266
    19 10.599884 0.000105 -0.000553 -1.093240 0.000000 0.000000
    20 0.240763 -0.341589 -0.000805 0.000000 0.000011 0.618816
    21 11.042057 0.003717 0.000798 -0.847629 -0.111945 1.078722
    22 -1.214832 0.203470 -0.477489 -0.135025 -0.078677 -0.001289
    23 10.599880 0.000105 0.000549 0.521280 0.000012 0.000060
    24 0.592334 -0.521282 0.000801 0.000000 -0.000011 0.849053
    25 11.041742 0.007077 -0.000571 0.405978 0.193411 0.831880
    26 -1.063377 0.077663 0.150230 0.045121 0.020046 -0.012850
    27 0.610302 -0.939470 0.070343 -1.654689 -0.083631 -0.180434
    28 0.639940 -0.199121 0.060188 -1.665350 -0.069887 -0.072283
    29 0.600155 1.080261 -0.339535 -1.744070 0.106121 0.045568
    30 0.610207 0.400743 -0.010101 -1.761945 0.010556 0.029006
    31 0.630809 -0.693997 -0.232343 0.059907 -0.073951 -0.756778
    32 -0.792125 0.203736 0.461300 1.439074 -0.003453 -0.018305
    33 0.610300 -0.939469 -0.070351 1.655295 0.140103 -0.175652
    34 0.639937 -0.199121 -0.060200 1.671196 0.183105 -0.036845
    35 0.600157 1.080259 0.339531 1.741630 0.106918 0.153550
    36 0.610205 0.400743 0.010086 1.766517 0.125877 0.080192
    37 0.624002 -0.691393 0.232270 -0.769768 -0.597264 -0.932682
    38 -0.626031 -0.069983 -0.080517 -1.447153 0.086151 0.021559
    39 2.621377 -0.002532 -0.001438 -0.430289 -0.140791 0.893715
    40 2.664743 0.000397 -0.000071 -0.298933 0.030160 1.083906
    41 2.206394 0.003368 -0.006769 -0.280502 0.067923 0.963361
    42 0.599952 0.959240 -0.300102 -0.174544 0.000000 0.000000
    43 2.557190 -0.001967 0.002453 -0.192996 0.063230 1.091356
    44 2.095024 -0.003873 -0.002193 -0.235253 0.301152 0.566284
    45 0.999380 -0.000236 -1.244527 -0.000001 0.000000 0.000000
    46 -0.122639 -0.721856 0.661690 -0.486644 0.223964 0.243056
    47 2.622113 -0.000648 0.002741 0.031003 0.424650 0.103349
    48 2.657909 0.004589 -0.000533 0.322092 0.240150 1.085308
    49 2.199219 0.000515 -0.000122 0.262963 -0.039561 1.072971
    50 0.599951 0.959244 0.300102 0.174544 0.000000 0.000000
    51 2.556570 -0.000385 0.000554 0.263755 0.129455 1.165861
    52 2.103851 0.005614 -0.001014 0.452208 -0.377176 0.758730
    53 0.999374 -0.000237 1.299209 0.000000 0.000000 -0.070577
    54 0.310846 -0.606445 -0.498005 0.308107 -0.197598 0.313976
    55 1.873069 -0.004741 -0.000994 0.000005 0.000027 0.840532
    56 1.200941 0.399582 -0.000237 -0.009465 0.016087 0.007127
    57 0.000586 0.100342 -0.000319 -0.120035 -0.021926 -0.209617
    58 -0.161663 0.051712 0.194808 -2.941982 0.122408 -0.060194
    59 2.010092 -0.007109 -0.003377 0.000030 0.000037 0.871112
    60 0.000240 0.099802 -0.000395 -0.018823 0.010833 -0.239219
    61 -0.203197 0.048607 0.069150 -3.093332 0.033217 -0.046722
    62 1.180428 -0.006214 0.000780 -0.000002 -0.000036 0.586051
    63 -0.000196 0.099625 -0.000034 0.000000 0.000000 -0.314102
    64 -0.088736 -0.688435 -0.145203 2.930407 -0.136130 0.513013
    65 1.712069 -0.003328 0.003818 0.000023 -0.000021 0.699773
    66 -0.000580 0.100145 -0.000311 -0.010912 0.023131 -0.260841
    67 -0.146030 -0.232426 -0.014225 3.028455 -0.094299 0.113020
    68 1.290632 0.000362 -0.000032 0.000000 0.000000 -0.148099
    69 -0.658121 -0.003575 0.072645 -0.142711 0.027792 -0.077299
    70 1.868080 -0.003049 0.006083 0.000003 0.000027 1.126010
    71 1.200079 0.399944 -0.000093 0.009465 -0.016087 0.007127
    72 0.000591 0.100342 0.000319 0.120035 0.021926 -0.209617
    73 0.068077 0.002285 -0.080050 3.111376 -0.069366 -0.060847
    74 2.015780 -0.005083 0.006086 0.000023 -0.000049 1.297769
    75 0.000229 0.099802 0.000395 0.018823 -0.010833 -0.239219
    76 -0.018673 -0.001009 0.047544 3.109244 0.002635 -0.106673
    77 1.178665 0.001595 0.000845 0.000000 0.000000 0.669112
    78 -0.000198 0.099628 0.000034 0.000000 0.000000 -0.314102
    79 0.036892 -0.634449 0.266284 -2.801062 0.174301 0.490914
    80 1.708256 -0.002506 -0.004592 -0.000034 -0.000037 1.003564
    81 -0.000576 0.100136 0.000311 0.010912 -0.023131 -0.260841
    82 -0.003952 -0.281811 0.115047 -3.059162 0.089004 0.167964
    83 1.289627 0.003949 0.000061 -0.000014 0.000003 0.465351
    84 -0.171528 -0.018148 -0.099873 0.013484 -0.062184 -0.011780
    85 0.912716 0.007240 0.001326 0.000007 0.000057 0.969787
    86 -0.342617 0.053404 -0.025571 -2.909301 -0.017248 0.075276
    87 1.100231 -0.000930 -0.002434 0.000009 0.000014 0.424742
    88 -0.384983 0.330998 0.006848 -3.087207 -0.018765 -0.184279
    89 0.678146 0.002286 0.000002 -0.000042 0.000017 0.367663
    90 -0.123848 0.072737 0.029507 2.898184 -0.060627 0.094834
    91 1.017166 -0.000154 -0.000252 -0.000023 -0.000050 0.382241
    92 -0.344986 0.123129 0.143151 2.994981 0.012396 0.059140
    93 -0.730988 0.177046 0.039141 -0.123731 0.076518 -0.084310
    94 0.921993 0.001298 -0.000896 0.000022 -0.000011 0.484984
    95 -0.124027 -0.052092 0.038496 3.077813 -0.008519 0.039229
    96 1.100430 -0.003552 0.000503 0.000053 0.000042 0.904205
    97 -0.330082 0.160641 0.042780 3.128073 0.034033 -0.171236
    98 0.675854 0.005438 0.003272 0.000014 0.000015 0.945948
    99 -0.019516 -0.016531 0.038578 -2.763781 0.050305 0.076828
    100 1.018891 0.005113 0.001121 -0.000042 0.000031 0.984604
    101 -0.155312 0.130643 -0.021921 -3.022466 0.022433 -0.024903
    102 -0.252209 0.061937 -0.024914 -0.007671 -0.063171 -0.044392
    103 -0.085991 0.185203 -0.015180 -2.937063 -0.113970 -0.138991
    104 -0.286537 0.179852 0.024264 -3.109353 -0.049645 -0.029915
    105 -0.019489 0.147084 0.079203 2.893815 0.038585 -0.060594
    106 -0.046482 0.251898 0.129548 3.016165 0.077112 -0.042864
    107 0.039120 -0.040298 0.047739 3.084219 0.030470 -0.037414
    108 -0.233757 0.066630 0.001754 -3.133086 0.040141 -0.065413
    109 0.044266 0.020128 0.001684 -2.778763 -0.118872 -0.040488
    110 0.071495 0.074127 -0.048302 -3.035917 -0.059482 0.104366
    111 0.000000 0.000000 0.000000 0.000000 0.000000 -1.570796
    112 15.250465 -3.625111 -2.613361 0.000095 0.000094 -0.001026
    113 -3.754021 8.320566 -0.484390 0.541827 -0.772073 -1.511271
    114 -1.541997 0.000000 1.809996 0.000000 0.000000 0.000000
    115 5.560989 0.000000 1.164998 0.000000 0.000000 0.000000
    116 1.770997 -0.313999 1.249997 0.000000 0.000000 -1.570817
    117 3.817992 0.000000 -0.014000 0.000000 0.000000 0.000000
    118 -0.469999 0.000000 -3.436993 0.000000 0.000000 0.000000
    119 -2.237996 0.000000 -3.187994 0.000000 0.000000 0.000000
    120 3.318993 0.000000 3.457993 0.000000 -0.159167 0.000000
    121 0.000000 0.000000 0.000000 0.000000 0.000000 0.000000
    122 0.532999 0.510999 -0.840998 0.000000 0.000000 0.000000
    123 0.000000 0.000000 0.000000 0.000000 0.000000 0.000000
    124 -0.106000 0.000000 64.320000 0.000000 0.000000 0.000000
    125 0.000000 0.000000 0.000000 0.000000 0.000000 0.000000
    126 0.000000 0.000000 0.000000 -0.000671 0.000911 -0.000264
    127 25.050743 -3.630275 7.963421 0.000172 0.000099 -0.000978
    128 0.106000 0.000000 -64.320000 0.000000 0.000000 0.000000
    129 0.000000 0.000000 0.000000 0.000000 0.000000 0.000000
    130 0.000000 0.000000 -4.867002 -3.141592 0.000000 -3.128591
    131 0.000000 0.000000 4.867000 -3.141592 0.000000 -3.128591
    132 4.000000 -6.500000 0.000000 0.000000 0.000000 0.000977
    133 -6.500000 0.000000 0.000000 0.000000 1.570796 0.000000
    134 1.000088 -0.000029 0.000000 0.000000 0.000000 0.000000
    135 17.162516 -0.000404 0.000000 0.000000 0.000000 0.119214
    136 9.999891 -0.000303 0.000000 0.000000 0.000000 0.000000
    137 1.000088 -0.000029 0.000000 0.000000 0.000000 0.000000
    138 17.162516 -0.000404 0.000000 0.000000 0.000000 0.119214
    139 9.499836 0.000212 0.000000 0.000000 0.000000 0.000000
    140 0.000000 0.000000 0.000000 0.000000 0.000000 0.000000
    141 17.749374 0.295515 0.000000 0.000000 0.000000 -1.158958
    142 0.017889 0.299792 0.000000 0.000000 0.000000 -0.059582
    143 12.283573 1.581456 -4.696000 1.462269 -0.086726 0.090185
    144 17.749376 0.295515 0.000000 0.000000 0.000000 -1.158958
    145 0.017889 0.299792 0.000000 0.000000 0.000000 -0.059582
    146 13.354000 0.000000 0.000000 0.000000 0.000000 -0.294101
    147 4.530998 0.000000 0.000000 0.000000 0.000000 0.000000
    148 0.000000 0.000000 0.000000 0.000000 0.000000 0.000000
    149 5.413524 0.000347 0.000000 0.000000 0.000000 -0.518055
    150 5.413524 0.000347 0.000000 0.000000 0.000000 -0.518055
    151 4.662001 -5.366332 4.825191 1.569715 1.561305 -3.121216
    152 3.116966 -0.000443 0.000000 0.000000 0.000000 0.294101
    153 4.531197 0.000000 0.000000 0.000000 0.000000 0.000000
    154 -1.912000 0.003000 0.278000 0.000000 0.000000 0.000000
    155 -3.830000 0.003000 0.015000 0.000000 0.000000 0.000000
    156 -0.024000 0.000000 3.200000 0.000000 0.305210 0.000000
    157 -14.738430 3.677309 -58.267014 -0.000478 -0.000716 0.001097
    158 3.512001 -3.547000 -1.066000 0.000000 1.570796 0.000000
    159 3.456001 -3.517000 1.169000 0.000000 1.570796 0.000000
    160 6.233002 0.000000 0.000000 0.000000 0.000000 0.000000
    161 -0.171997 -0.106000 -0.902000 1.570713 1.029176 -3.134550
    162 6.241997 -6.380000 -0.007813 -0.000264 0.000671 -0.000911
    163 1.947000 -0.003000 -0.278000 0.000000 0.000000 0.000000
    164 -2.941000 -0.003000 0.381000 0.000000 0.000000 0.000000
    165 -2.941000 -0.003000 0.381000 0.000000 0.000000 0.000000
    166 -0.070000 -0.003000 0.481000 0.000000 0.000000 0.000000
    167 -0.002780 0.000000 0.017476 0.000000 -0.382402 0.000000
    168 3.999434 -0.000527 -0.000332 -0.547064 0.000000 0.000000
    169 3.999901 0.000038 0.001011 0.259962 0.000000 0.000000
    170 1.598000 0.000000 0.000000 0.000000 0.000000 0.000000
    171 -1.145525 0.000130 0.000668 0.000000 0.000000 0.000000
    172 2.299679 -2.499979 -0.599480 0.891953 0.221525 -0.527302
    173 10.944479 -3.191439 -0.332344 1.597557 -0.146608 -0.183990
    174 -9.580671 -27.862106 -37.184677 0.812879 -0.123459 -0.568477
    175 0.649933 -0.548295 0.093651 -1.665913 -0.131399 -0.112062
    176 0.657074 0.008402 0.040371 -1.665945 -0.131407 -0.000013
    177 0.665776 0.747221 -0.029190 -1.665935 -0.131408 0.094976
    178 2.300139 -2.499413 0.600159 -0.892076 -0.221524 -0.527221
    179 12.187820 1.068084 0.992054 1.811734 -0.001398 0.197485
    180 2.762350 0.116951 1.523975 1.629482 0.064153 1.743800
    181 7.228317 7.928197 -3.925652 2.328713 0.123459 -0.568477
    182 0.650394 -0.547730 -0.092979 1.665913 0.131399 -0.112062
    183 0.657069 0.008398 -0.040379 1.665945 0.131407 -0.000013
    184 0.665775 0.747221 0.029179 1.665935 0.131408 0.094976
    185 -4.481003 -0.202000 0.000000 0.000000 0.000000 0.000000
    186 -5.516998 -0.291000 -0.001000 0.000000 0.000000 0.000000
    187 -0.857700 0.104071 0.104683 0.023536 0.163924 0.013632
    188 1.899119 0.000423 -0.000439 0.027386 -0.033311 0.477848
    189 1.799661 -0.000233 0.000231 0.027386 -0.033311 0.477848
    190 1.799661 -0.000233 0.000231 0.027386 -0.033311 0.477848
    191 1.799661 -0.000233 0.000231 0.027386 -0.033311 0.477848
    192 1.900310 -0.000137 -0.000517 0.027386 -0.033311 0.477848
    193 1.899435 -0.000317 -0.000150 -0.027386 0.033311 0.477848
    194 1.799662 -0.000240 -0.000233 -0.027386 0.033311 0.477848
    195 1.799662 -0.000240 -0.000233 -0.027386 0.033311 0.477848
    196 1.799662 -0.000240 -0.000233 -0.027386 0.033311 0.477848
    197 1.900729 0.000553 -0.000072 -0.027386 0.033311 0.477848
    198 0.599884 0.400187 -0.000031 0.000000 0.000000 0.000000
    199 0.599886 0.400185 0.000034 0.000000 0.000000 -3.141592
    200 0.599503 0.400694 0.000234 0.000000 0.000000 0.000000
    201 0.600029 -0.000020 -0.000019 0.000000 0.000000 -3.141592
  time 42
    0 0.000000 0.000000 0.000000 0.000000 0.000000 -1.570796
    1 -0.106323 0.000000 -0.000198 0.000000 0.000000 0.000000
    2 0.000000 0.000000 0.000000 0.000000 0.000000 0.000000
    3 -0.904000 0.000000 -11.806000 0.000000 0.000000 0.000000
    4 0.000000 0.000000 -14.313999 0.000000 -1.570796 1.570857
    5 3.533001 0.000000 0.000000 0.000000 0.000000 0.000000
    6 6.250000 0.000000 0.000000 0.000000 0.000000 0.000000
    7 9.562500 1.924805 -1.815430 -0.161250 1.437164 -0.160081
    8 9.562500 1.924805 1.815430 0.098301 -1.350314 -0.096174
    9 5.790726 0.002787 -0.000113 -0.867824 0.354964 -1.708182
    10 5.999492 -0.000592 -4.000343 0.000000 0.000000 0.000000
    11 5.791316 0.002582 0.004799 0.988626 -0.654905 -1.294094
    12 5.999492 -0.000592 4.000336 0.000000 0.000000 0.000000
    13 0.500225 0.000133 -0.000088 0.006938 0.000000 0.000000
    14 11.534559 0.004255 -0.001312 0.000019 -0.000027 -1.236839
    15 -0.829338 0.893824 0.079659 -0.148839 0.047645 0.087266
    16 0.500225 0.000132 0.000076 -0.178538 0.000000 0.000000
    17 11.536401 0.004432 -0.000089 0.000030 -0.000070 -1.697150
    18 -0.829586 0.894698 -0.079464 0.045377 -0.019621 0.087266
    19 10.599884 0.000105 -0.000553 -1.091982 -0.000012 0.000000
    20 0.244669 -0.349402 -0.000805 0.000000 0.000011 0.618630
    21 11.042057 0.003717 0.000798 -0.844576 -0.110988 1.078309
    22 -1.214832 0.203470 -0.477489 -0.135025 -0.078677 -0.001289
    23 10.599880 0.000105 0.000549 0.524595 0.000036 0.000072
    24 0.592334 -0.525188 0.000801 0.000012 -0.000011 0.848807
    25 11.041742 0.007077 -0.000571 0.409735 0.195815 0.831634
    26 -1.063377 0.077663 0.150230 0.045121 0.020046 -0.012850
    27 0.610302 -0.939470 0.070343 -1.654689 -0.083631 -0.180434
    28 0.639940 -0.199121 0.060188 -1.665350 -0.069875 -0.072283
    29 0.600155 1.080261 -0.339535 -1.744070 0.106121 0.045568
    30 0.610207 0.400743 -0.010101 -1.761945 0.010556 0.028994
    31 0.634715 -0.693997 -0.232343 0.059907 -0.073914 -0.756778
    32 -0.792125 0.203736 0.461300 1.439074 -0.003453 -0.018305
    33 0.610300 -0.939469 -0.070351 1.655295 0.140091 -0.175664
    34 0.639937 -0.199121 -0.060200 1.671196 0.183105 -0.036845
    35 0.600157 1.080259 0.339531 1.741577 0.106930 0.153538
    36 0.610205 0.400743 0.010086 1.766517 0.125877 0.080180
    37 0.624002 -0.695300 0.232270 -0.769768 -0.597247 -0.932719
    38 -0.626031 -0.069983 -0.080517 -1.447153 0.086151 0.021559
    39 2.625284 -0.002532 -0.001438 -0.430289 -0.140791 0.893715
    40 2.664743 0.000397 -0.000071 -0.298933 0.030172 1.083906
    41 2.206394 0.003368 -0.006769 -0.280502 0.067923 0.963361
    42 0.599952 0.959240 -0.300102 -0.174544 0.000000 0.000000
    43 2.553283 -0.001967 0.002453 -0.192996 0.063230 1.091356
    44 2.095024 -0.003873 -0.002193 -0.235253 0.301152 0.566284
    45 0.999380 -0.000236 -1.244527 -0.000001 0.000000 0.000000
    46 -0.122639 -0.721856 0.661690 -0.486644 0.223964 0.243056
    47 2.622113 -0.004555 0.002741 0.030991 0.424650 0.103349
    48 2.654002 0.004589 -0.000533 0.322092 0.240150 1.085352
    49 2.199219 0.000515 -0.000122 0.262963 -0.039561 1.072971
    50 0.599951 0.959244 0.300102 0.174544 0.000000 0.000000
    51 2.556570 -0.004291 0.000554 0.263755 0.129455 1.165861
    52 2.103851 0.005614 -0.001014 0.452208 -0.377176 0.758709
    53 0.999374 -0.000237 1.303115 0.000000 0.000000 -0.070577
    54 0.310846 -0.606445 -0.498005 0.308107 -0.197598 0.313976
    55 1.873069 -0.000835 -0.000994 0.000005 0.000027 0.840532
    56 1.200941 0.399582 -0.000237 -0.009465 0.016087 0.007127
    57 0.000586 0.100342 -0.000319 -0.120035 -0.021926 -0.209617
    58 -0.161663 0.051712 0.194808 -2.941982 0.122408 -0.060194
    59 2.010092 -0.003202 -0.003377 0.000030 0.000037 0.871112
    60 0.000240 0.099802 -0.000395 -0.018823 0.010833 -0.239219
    61 -0.203197 0.048607 0.069150 -3.093332 0.033217 -0.046722
    62 1.180428 -0.006214 0.000780 -0.000002 -0.000036 0.586019
    63 -0.000196 0.099625 -0.000034 0.000000 0.000000 -0.314102
    64 -0.088736 -0.688435 -0.145203 2.930407 -0.136130 0.513013
    65 1.712069 -0.003328 0.003818 0.000023 -0.000021 0.699773
    66 -0.000580 0.100145 -0.000311 -0.010912 0.023131 -0.260841
    67 -0.146030 -0.232426 -0.014225 3.028455 -0.094299 0.113020
    68 1.290632 0.000362 -0.000032 0.000000 0.000000 -0.148071
    69 -0.658121 -0.003575 0.072645 -0.142711 0.027792 -0.077299
    70 1.868080 -0.003049 0.006083 0.000003 0.000027 1.126010
    71 1.200079 0.399944 -0.000093 0.009465 -0.016087 0.007127
    72 0.000591 0.100342 0.000319 0.120035 0.021926 -0.209617
    73 0.068077 0.002285 -0.080050 3.111376 -0.069366 -0.060847
    74 2.015780 -0.005083 0.002180 0.000023 -0.000049 1.297769
    75 0.000229 0.099802 0.000395 0.018823 -0.010833 -0.239219
    76 -0.018673 -0.001009 0.047544 3.109244 0.002635 -0.106673
    77 1.178665 0.001595 0.000845 0.000000 0.000000 0.669112
    78 -0.000198 0.099628 0.000034 0.000000 0.000000 -0.314102
    79 0.036892 -0.634449 0.266284 -2.801062 0.174301 0.490914
    80 1.704350 -0.002506 -0.004592 -0.000034 -0.000037 1.003564
    81 -0.000576 0.100136 0.000311 0.010912 -0.023131 -0.260841
    82 -0.003952 -0.281811 0.115047 -3.059162 0.089004 0.167964
    83 1.289627 0.003949 0.000061 -0.000014 0.000003 0.465351
    84 -0.171528 -0.018148 -0.099873 0.013484 -0.062184 -0.011780
    85 0.912716 0.007240 0.001326 0.000019 0.000057 0.969787
    86 -0.342617 0.053404 -0.025571 -2.909301 -0.017248 0.075276
    87 1.100231 -0.004837 -0.002434 0.000009 0.000014 0.424742
    88 -0.384983 0.330998 0.006848 -3.087207 -0.018765 -0.184279
    89 0.678146 0.006192 0.000002 -0.000054 0.000029 0.367663
    90 -0.123848 0.072737 0.029507 2.898184 -0.060627 0.094834
    91 1.017166 -0.000154 -0.000252 -0.000023 -0.000050 0.382241
    92 -0.344986 0.123129 0.143151 2.994981 0.012396 0.059140
    93 -0.730988 0.177046 0.039141 -0.123731 0.076518 -0.084310
    94 0.925900 0.005205 -0.000896 0.000022 -0.000011 0.484984
    95 -0.124027 -0.052092 0.038496 3.077813 -0.008519 0.039229
    96 1.100430 -0.007458 0.000503 0.000053 0.000042 0.904205
    97 -0.330082 0.160641 0.042780 3.128073 0.034033 -0.171236
    98 0.675854 0.005438 0.003272 0.000014 0.000003 0.945948
    99 -0.019516 -0.016531 0.038578 -2.763781 0.050305 0.076828
    100 1.014985 0.005113 0.001121 -0.000042 0.000031 0.984604
    101 -0.155312 0.130643 -0.021921 -3.022466 0.022433 -0.024903
    102 -0.252209 0.061937 -0.024914 -0.007671 -0.063171 -0.044392
    103 -0.085991 0.185203 -0.015180 -2.937063 -0.113970 -0.138991
    104 -0.286537 0.179852 0.024264 -3.109353 -0.049645 -0.029915
    105 -0.019489 0.147084 0.079203 2.893815 0.038585 -0.060594
    106 -0.046482 0.251898 0.129548 3.016165 0.077112 -0.042864
    107 0.039120 -0.040298 0.047739 3.084219 0.030470 -0.037414
    108 -0.233757 0.066630 0.001754 -3.133086 0.040141 -0.065413
    109 0.044266 0.020128 0.001684 -2.778763 -0.118872 -0.040488
    110 0.071495 0.074127 -0.048302 -3.035917 -0.059482 0.104366
    111 0.000000 0.000000 0.000000 0.000000 0.000000 -1.570796
    112 15.254372 -3.629017 -2.609455 0.004380 -0.000890 -0.001679
    113 -3.750114 8.320566 -0.503922 0.547700 -0.773360 -1.516074
    114 -1.541997 0.000000 1.809996 0.000000 0.000000 0.000000
    115 5.560989 0.000000 1.164998 0.000000 0.000000 0.000000
    116 1.770997 -0.313999 1.249997 0.000000 0.000000 -1.570817
    117 3.817992 0.000000 -0.014000 0.000000 0.000000 0.000000
    118 -0.469999 0.000000 -3.436993 0.000000 0.000000 0.000000
    119 -2.237996 0.000000 -3.187994 0.000000 0.000000 0.000000
    120 3.318993 0.000000 3.457993 0.000000 -0.159155 0.000000
    121 0.000000 0.000000 0.000000 0.000000 0.000000 0.000000
    122 0.532999 0.510999 -0.840998 0.000000 0.000000 0.000000
    123 0.000000 0.000000 0.000000 0.000000 0.000000 0.000000
    124 -0.106000 0.000000 64.320000 0.000000 0.000000 0.000000
    125 0.000000 0.000000 0.000000 0.000000 0.000000 0.000000
    126 0.000000 0.000000 0.000000 -0.000527 0.000563 -0.000300
    127 25.054649 -3.638088 7.982953 0.004552 -0.000838 -0.001631
    128 0.106000 0.000000 -64.320000 0.000000 0.000000 0.000000
    129 0.000000 0.000000 0.000000 0.000000 0.000000 0.000000
    130 0.000000 0.000000 -4.867002 -3.141592 0.000000 -3.128591
    131 0.000000 0.000000 4.867000 -3.141592 0.000000 -3.128591
    132 4.000000 -6.500000 0.000000 0.000000 0.000000 0.000977
    133 -6.500000 0.000000 0.000000 0.000000 1.570796 0.000000
    134 1.000088 -0.000029 0.000000 0.000000 0.000000 0.000000
    135 17.162516 -0.000404 0.000000 0.000000 0.000000 0.119214
    136 9.999891 -0.000303 0.000000 0.000000 0.000000 0.000000
    137 1.000088 -0.000029 0.000000 0.000000 0.000000 0.000000
    138 17.162516 -0.000404 0.000000 0.000000 0.000000 0.119214
    139 9.499836 0.000212 0.000000 0.000000 0.000000 0.000000
    140 0.000000 0.000000 0.000000 0.000000 0.000000 0.000000
    141 17.749374 0.295515 0.000000 0.000000 0.000000 -1.158958
    142 0.017889 0.299792 0.000000 0.000000 0.000000 -0.059582
    143 12.283573 1.581456 -4.696000 1.462269 -0.086726 0.090185
    144 17.749376 0.295515 0.000000 0.000000 0.000000 -1.158958
    145 0.017889 0.299792 0.000000 0.000000 0.000000 -0.059582
    146 13.354000 0.000000 0.000000 0.000000 0.000000 -0.294101
    147 4.530998 0.000000 0.000000 0.000000 0.000000 0.000000
    148 0.000000 0.000000 0.000000 0.000000 0.000000 0.000000
    149 5.413524 0.000347 0.000000 0.000000 0.000000 -0.518055
    150 5.413524 0.000347 0.000000 0.000000 0.000000 -0.518055
    151 4.662001 -5.366332 4.825191 1.569715 1.561305 -3.121216
    152 3.116966 -0.000443 0.000000 0.000000 0.000000 0.294101
    153 4.531197 0.000000 0.000000 0.000000 0.000000 0.000000
    154 -1.912000 0.003000 0.278000 0.000000 0.000000 0.000000
    155 -3.830000 0.003000 0.015000 0.000000 0.000000 0.000000
    156 -0.024000 0.000000 3.200000 0.000000 0.305210 0.000000
    157 -14.761868 3.458552 -58.278733 -0.004970 -0.000403 0.001737
    158 3.512001 -3.547000 -1.066000 0.000000 1.570796 0.000000
    159 3.456001 -3.517000 1.169000 0.000000 1.570796 0.000000
    160 6.233002 0.000000 0.000000 0.000000 0.000000 0.000000
    161 -0.171997 -0.106000 -0.902000 1.570713 1.029176 -3.134550
    162 6.241997 -6.380000 -0.007813 -0.000300 0.000527 -0.000563
    163 1.947000 -0.003000 -0.278000 0.000000 0.000000 0.000000
    164 -2.941000 -0.003000 0.381000 0.000000 0.000000 0.000000
    165 -2.941000 -0.003000 0.381000 0.000000 0.000000 0.000000
    166 -0.070000 -0.003000 0.481000 0.000000 0.000000 0.000000
    167 -0.002780 0.000000 0.017476 0.000000 -0.382402 0.000000
    168 3.999434 -0.000527 -0.000332 -0.546844 0.000000 0.000000
    169 3.999901 0.000038 0.001011 0.260763 0.000000 0.000000
    170 1.598000 0.000000 0.000000 0.000000 0.000000 0.000000
    171 -1.145525 0.000130 0.000668 0.000000 0.000000 0.000000
    172 2.299679 -2.499979 -0.599480 0.891953 0.221525 -0.527302
    173 10.944479 -3.191439 -0.332344 1.597557 -0.146608 -0.183990
    174 -9.580671 -27.862106 -37.184677 0.812879 -0.123459 -0.568477
    175 0.649933 -0.548295 0.093651 -1.665913 -0.131399 -0.112062
    176 0.657074 0.008402 0.040371 -1.665945 -0.131407 -0.000013
    177 0.665776 0.747221 -0.029190 -1.665935 -0.131408 0.094976
    178 2.300139 -2.499413 0.600159 -0.892076 -0.221524 -0.527221
    179 12.187820 1.068084 0.992054 1.811734 -0.001398 0.197485
    180 2.762350 0.116951 1.523975 1.629482 0.064153 1.743800
    181 7.228317 7.928197 -3.925652 2.328713 0.123459 -0.568477
    182 0.650394 -0.547730 -0.092979 1.665913 0.131399 -0.112062
    183 0.657069 0.008398 -0.040379 1.665945 0.131407 -0.000013
    184 0.665775 0.747221 0.029179 1.665935 0.131408 0.094976
    185 -4.481003 -0.202000 0.000000 0.000000 0.000000 0.000000
    186 -5.516998 -0.291000 -0.001000 0.000000 0.000000 0.000000
    187 -0.857700 0.104071 0.104683 0.023536 0.163924 0.013632
    188 1.899119 0.000423 -0.000439 0.027386 -0.033311 0.477848
    189 1.799661 -0.000233 0.000231 0.027386 -0.033311 0.477848
    190 1.799661 -0.000233 0.000231 0.027386 -0.033311 0.477848
    191 1.799661 -0.000233 0.000231 0.027386 -0.033311 0.477848
    192 1.900310 -0.000137 -0.000517 0.027386 -0.033311 0.477848
    193 1.899435 -0.000317 -0.000150 -0.027386 0.033311 0.477848
    194 1.799662 -0.000240 -0.000233 -0.027386 0.033311 0.477848
    195 1.799662 -0.000240 -0.000233 -0.027386 0.033311 0.477848
    196 1.799662 -0.000240 -0.000233 -0.027386 0.033311 0.477848
    197 1.900729 0.000553 -0.000072 -0.027386 0.033311 0.477848
    198 0.599884 0.400187 -0.000031 0.000000 0.000000 0.000000
    199 0.599886 0.400185 0.000034 0.000000 0.000000 -3.141592
    200 0.599503 0.400694 0.000234 0.000000 0.000000 0.000000
    201 0.600029 -0.000020 -0.000019 0.000000 0.000000 -3.141592
  time 43
    0 0.000000 0.000000 0.000000 0.000000 0.000000 -1.570796
    1 -0.106323 0.000000 -0.000198 0.000000 0.000000 0.000000
    2 0.000000 0.000000 0.000000 0.000000 0.000000 0.000000
    3 -0.904000 0.000000 -11.806000 0.000000 0.000000 0.000000
    4 0.000000 0.000000 -14.313999 0.000000 -1.570796 1.570857
    5 3.533001 0.000000 0.000000 0.000000 0.000000 0.000000
    6 6.250000 0.000000 0.000000 0.000000 0.000000 0.000000
    7 9.562500 1.924805 -1.815430 -0.161250 1.437164 -0.160081
    8 9.562500 1.924805 1.815430 0.098301 -1.350314 -0.096174
    9 5.790726 0.002787 -0.000113 -0.867537 0.354471 -1.707618
    10 5.999492 -0.000592 -4.000343 0.000000 0.000000 0.000000
    11 5.791316 0.002582 0.004799 0.989023 -0.654718 -1.295001
    12 5.999492 -0.000592 4.000336 0.000000 0.000000 0.000000
    13 0.500225 0.000133 -0.000088 0.006817 0.000000 0.000000
    14 11.534559 0.004255 -0.001312 0.000019 -0.000027 -1.236609
    15 -0.829338 0.893824 0.079659 -0.148839 0.047645 0.087266
    16 0.500225 0.000132 0.000076 -0.178268 0.000000 0.000000
    17 11.536401 0.000526 -0.000089 0.000030 -0.000070 -1.696386
    18 -0.829586 0.894698 -0.079464 0.045377 -0.019621 0.087266
    19 10.599884 0.000105 -0.000553 -1.090724 -0.000048 0.000024
    20 0.244669 -0.345495 -0.000805 -0.000012 0.000011 0.618470
    21 11.042057 0.003717 0.000798 -0.845825 -0.111542 1.077601
    22 -1.214832 0.203470 -0.477489 -0.135025 -0.078677 -0.001289
    23 10.599880 0.000105 0.000549 0.523444 0.000024 0.000048
    24 0.596240 -0.525188 0.000801 0.000012 -0.000011 0.848623
    25 11.041742 0.003171 -0.000571 0.408733 0.194999 0.831000
    26 -1.063377 0.077663 0.150230 0.045121 0.020046 -0.012850
    27 0.610302 -0.939470 0.070343 -1.654689 -0.083631 -0.180434
    28 0.639940 -0.199121 0.060188 -1.665350 -0.069875 -0.072283
    29 0.600155 1.080261 -0.339535 -1.744070 0.106121 0.045568
    30 0.610207 0.400743 -0.010101 -1.761945 0.010544 0.028994
    31 0.634715 -0.693997 -0.232343 0.059919 -0.073914 -0.756778
    32 -0.792125 0.203736 0.461300 1.439074 -0.003453 -0.018305
    33 0.610300 -0.939469 -0.070351 1.655295 0.140091 -0.175676
    34 0.639937 -0.199121 -0.060200 1.671196 0.183105 -0.036845
    35 0.600157 1.080259 0.339531 1.741630 0.106930 0.153538
    36 0.610205 0.400743 0.010086 1.766517 0.125877 0.080180
    37 0.624002 -0.695300 0.232270 -0.769768 -0.597230 -0.932682
    38 -0.626031 -0.069983 -0.080517 -1.447153 0.086151 0.021559
    39 2.625284 -0.006439 -0.001438 -0.430289 -0.140791 0.893715
    40 2.664743 0.000397 -0.000071 -0.298933 0.030172 1.083906
    41 2.202488 0.003368 -0.006769 -0.280502 0.067939 0.963327
    42 0.599952 0.959240 -0.300102 -0.174544 0.000000 0.000000
    43 2.553283 -0.005873 0.006359 -0.192996 0.063230 1.091356
    44 2.095024 -0.003873 -0.002193 -0.235253 0.301152 0.566284
    45 0.999380 -0.000236 -1.244527 -0.000001 0.000000 0.000000
    46 -0.122639 -0.721856 0.661690 -0.486644 0.223964 0.243056
    47 2.622113 -0.004555 0.002741 0.030991 0.424650 0.103349
    48 2.657909 0.004589 -0.000533 0.322092 0.240150 1.085352
    49 2.199219 0.000515 -0.000122 0.262963 -0.039561 1.072971
    50 0.599951 0.959244 0.300102 0.174544 0.000000 0.000000
    51 2.556570 -0.004291 0.000554 0.263755 0.129455 1.165861
    52 2.103851 0.005614 -0.001014 0.452208 -0.377176 0.758709
    53 0.999374 -0.000237 1.307021 0.000000 0.000000 -0.070577
    54 0.310846 -0.606445 -0.498005 0.308107 -0.197598 0.313976
    55 1.869163 -0.000835 -0.004901 0.000005 0.000027 0.840532
    56 1.200941 0.399582 -0.000237 -0.009465 0.016087 0.007127
    57 0.000586 0.100342 -0.000319 -0.120035 -0.021926 -0.209617
    58 -0.161663 0.051712 0.194808 -2.941982 0.122408 -0.060194
    59 2.010092 -0.003202 -0.003377 0.000030 0.000037 0.871112
    60 0.000240 0.099802 -0.000395 -0.018823 0.010833 -0.239219
    61 -0.203197 0.048607 0.069150 -3.093332 0.033217 -0.046722
    62 1.180428 -0.006214 0.000780 -0.000014 -0.000036 0.586051
    63 -0.000196 0.099625 -0.000034 0.000000 0.000000 -0.314102
    64 -0.088736 -0.688435 -0.145203 2.930407 -0.136130 0.513013
    65 1.715976 -0.003328 0.003818 0.000023 -0.000021 0.699773
    66 -0.000580 0.100145 -0.000311 -0.010912 0.023131 -0.260841
    67 -0.146030 -0.232426 -0.014225 3.028455 -0.094299 0.113020
    68 1.290632 0.000362 -0.000032 0.000000 0.000000 -0.148099
    69 -0.658121 -0.003575 0.072645 -0.142711 0.027792 -0.077299
    70 1.868080 -0.003049 0.006083 0.000015 0.000027 1.126010
    71 1.200079 0.399944 -0.000093 0.009465 -0.016087 0.007127
    72 0.000591 0.100342 0.000319 0.120035 0.021926 -0.209617
    73 0.068077 0.002285 -0.080050 3.111376 -0.069366 -0.060847
    74 2.015780 -0.005083 0.002180 0.000023 -0.000049 1.297769
    75 0.000229 0.099802 0.000395 0.018823 -0.010833 -0.239219
    76 -0.018673 -0.001009 0.047544 3.109244 0.002635 -0.106673
    77 1.178665 0.001595 0.000845 0.000000 0.000000 0.669112
    78 -0.000198 0.099628 0.000034 0.000000 0.000000 -0.314102
    79 0.036892 -0.634449 0.266284 -2.801062 0.174301 0.490914
    80 1.708256 -0.006412 -0.004592 -0.000034 -0.000037 1.003587
    81 -0.000576 0.100136 0.000311 0.010912 -0.023131 -0.260841
    82 -0.003952 -0.281811 0.115047 -3.059162 0.089004 0.167964
    83 1.289627 0.003949 0.000061 -0.000014 0.000003 0.465351
    84 -0.171528 -0.018148 -0.099873 0.013484 -0.062184 -0.011780
    85 0.912716 0.007240 0.001326 0.000019 0.000069 0.969787
    86 -0.342617 0.053404 -0.025571 -2.909301 -0.017248 0.075276
    87 1.100231 -0.000930 -0.002434 0.000009 0.000014 0.424742
    88 -0.384983 0.330998 0.006848 -3.087207 -0.018765 -0.184279
    89 0.678146 0.006192 0.000002 -0.000054 0.000041 0.367663
    90 -0.123848 0.072737 0.029507 2.898184 -0.060627 0.094834
    91 1.017166 -0.000154 -0.000252 -0.000023 -0.000062 0.382279
    92 -0.344986 0.123129 0.143151 2.994981 0.012396 0.059140
    93 -0.730988 0.177046 0.039141 -0.123731 0.076518 -0.084310
    94 0.925900 0.005205 -0.000896 0.000010 -0.000011 0.484984
    95 -0.124027 -0.052092 0.038496 3.077813 -0.008519 0.039229
    96 1.100430 -0.003552 0.000503 0.000053 0.000042 0.904205
    97 -0.330082 0.160641 0.042780 3.128073 0.034033 -0.171236
    98 0.675854 0.005438 0.003272 0.000014 0.000003 0.945948
    99 -0.019516 -0.016531 0.038578 -2.763781 0.050305 0.076828
    100 1.018891 0.001206 0.001121 -0.000042 0.000031 0.984604
    101 -0.155312 0.130643 -0.021921 -3.022466 0.022433 -0.024903
    102 -0.252209 0.061937 -0.024914 -0.007671 -0.063171 -0.044392
    103 -0.085991 0.185203 -0.015180 -2.937063 -0.113970 -0.138991
    104 -0.286537 0.179852 0.024264 -3.109353 -0.049645 -0.029915
    105 -0.019489 0.147084 0.079203 2.893815 0.038585 -0.060594
    106 -0.046482 0.251898 0.129548 3.016165 0.077112 -0.042864
    107 0.039120 -0.040298 0.047739 3.084219 0.030470 -0.037414
    108 -0.233757 0.066630 0.001754 -3.133086 0.040141 -0.065413
    109 0.044266 0.020128 0.001684 -2.778763 -0.118872 -0.040488
    110 0.071495 0.074127 -0.048302 -3.035917 -0.059482 0.104366
    111 0.000000 0.000000 0.000000 0.000000 0.000000 -1.570796
    112 15.254372 -3.613392 -2.613361 0.003618 -0.000468 -0.000560
    113 -3.761834 8.316660 -0.496109 0.546526 -0.772901 -1.514187
    114 -1.541997 0.000000 1.809996 0.000000 0.000000 0.000000
    115 5.560989 0.000000 1.164998 0.000000 0.000000 0.000000
    116 1.770997 -0.313999 1.249997 0.000000 0.000000 -1.570817
    117 3.817992 0.000000 -0.014000 0.000000 0.000000 0.000000
    118 -0.469999 0.000000 -3.436993 0.000000 0.000000 0.000000
    119 -2.237996 0.000000 -3.187994 0.000000 0.000000 0.000000
    120 3.318993 0.000000 3.457993 0.000000 -0.159155 0.000000
    121 0.000000 0.000000 0.000000 0.000000 0.000000 0.000000
    122 0.532999 0.510999 -0.840998 0.000000 0.000000 0.000000
    123 0.000000 0.000000 0.000000 0.000000 0.000000 0.000000
    124 -0.106000 0.000000 64.320000 0.000000 0.000000 0.000000
    125 0.000000 0.000000 0.000000 0.000000 0.000000 0.000000
    126 0.000000 0.000000 0.000000 -0.000384 0.000240 -0.000336
    127 25.058555 -3.622462 7.975140 0.003695 -0.000510 -0.000512
    128 0.106000 0.000000 -64.320000 0.000000 0.000000 0.000000
    129 0.000000 0.000000 0.000000 0.000000 0.000000 0.000000
    130 0.000000 0.000000 -4.867002 -3.141592 0.000000 -3.128591
    131 0.000000 0.000000 4.867000 -3.141592 0.000000 -3.128591
    132 4.000000 -6.500000 0.000000 0.000000 0.000000 0.000977
    133 -6.500000 0.000000 0.000000 0.000000 1.570796 0.000000
    134 1.000088 -0.000029 0.000000 0.000000 0.000000 0.000000
    135 17.162516 -0.000404 0.000000 0.000000 0.000000 0.119214
    136 9.999891 -0.000303 0.000000 0.000000 0.000000 0.000000
    137 1.000088 -0.000029 0.000000 0.000000 0.000000 0.000000
    138 17.162516 -0.000404 0.000000 0.000000 0.000000 0.119214
    139 9.499836 0.000212 0.000000 0.000000 0.000000 0.000000
    140 0.000000 0.000000 0.000000 0.000000 0.000000 0.000000
    141 17.749374 0.295515 0.000000 0.000000 0.000000 -1.158958
    142 0.017889 0.299792 0.000000 0.000000 0.000000 -0.059582
    143 12.283573 1.581456 -4.696000 1.462269 -0.086726 0.090185
    144 17.749376 0.295515 0.000000 0.000000 0.000000 -1.158958
    145 0.017889 0.299792 0.000000 0.000000 0.000000 -0.059582
    146 13.354000 0.000000 0.000000 0.000000 0.000000 -0.294101
    147 4.530998 0.000000 0.000000 0.000000 0.000000 0.000000
    148 0.000000 0.000000 0.000000 0.000000 0.000000 0.000000
    149 5.413524 0.000347 0.000000 0.000000 0.000000 -0.518055
    150 5.413524 0.000347 0.000000 0.000000 0.000000 -0.518055
    151 4.662001 -5.366332 4.825191 1.569715 1.561305 -3.121216
    152 3.116966 -0.000443 0.000000 0.000000 0.000000 0.294101
    153 4.531197 0.000000 0.000000 0.000000 0.000000 0.000000
    154 -1.912000 0.003000 0.278000 0.000000 0.000000 0.000000
    155 -3.830000 0.003000 0.015000 0.000000 0.000000 0.000000
    156 -0.024000 0.000000 3.200000 0.000000 0.305210 0.000000
    157 -14.777493 3.548399 -58.274827 -0.003632 -0.000269 0.001280
    158 3.512001 -3.547000 -1.066000 0.000000 1.570796 0.000000
    159 3.456001 -3.517000 1.169000 0.000000 1.570796 0.000000
    160 6.233002 0.000000 0.000000 0.000000 0.000000 0.000000
    161 -0.171997 -0.106000 -0.902000 1.570713 1.029176 -3.134550
    162 6.241997 -6.380000 0.000000 -0.000336 0.000384 -0.000240
    163 1.947000 -0.003000 -0.278000 0.000000 0.000000 0.000000
    164 -2.941000 -0.003000 0.381000 0.000000 0.000000 0.000000
    165 -2.941000 -0.003000 0.381000 0.000000 0.000000 0.000000
    166 -0.070000 -0.003000 0.481000 0.000000 0.000000 0.000000
    167 -0.002780 0.000000 0.017476 0.000000 -0.382402 0.000000
    168 3.999434 -0.000527 -0.000332 -0.546669 0.000000 0.000000
    169 3.999901 0.000038 0.001011 0.261624 0.000000 0.000000
    170 1.598000 0.000000 0.000000 0.000000 0.000000 0.000000
    171 -1.145525 0.000130 0.000668 0.000000 0.000000 0.000000
    172 2.299679 -2.499979 -0.599480 0.891953 0.221525 -0.527302
    173 10.944479 -3.191439 -0.332344 1.597557 -0.146608 -0.183990
    174 -9.580671 -27.862106 -37.184677 0.812879 -0.123459 -0.568477
    175 0.649933 -0.548295 0.093651 -1.665913 -0.131399 -0.112062
    176 0.657074 0.008402 0.040371 -1.665945 -0.131407 -0.000013
    177 0.665776 0.747221 -0.029190 -1.665935 -0.131408 0.094976
    178 2.300139 -2.499413 0.600159 -0.892076 -0.221524 -0.527221
    179 12.187820 1.068084 0.992054 1.811734 -0.001398 0.197485
    180 2.762350 0.116951 1.523975 1.629482 0.064153 1.743800
    181 7.228317 7.928197 -3.925652 2.328713 0.123459 -0.568477
    182 0.650394 -0.547730 -0.092979 1.665913 0.131399 -0.112062
    183 0.657069 0.008398 -0.040379 1.665945 0.131407 -0.000013
    184 0.665775 0.747221 0.029179 1.665935 0.131408 0.094976
    185 -4.481003 -0.202000 0.000000 0.000000 0.000000 0.000000
    186 -5.516998 -0.291000 -0.001000 0.000000 0.000000 0.000000
    187 -0.857700 0.104071 0.104683 0.023536 0.163924 0.013632
    188 1.899119 0.000423 -0.000439 0.027386 -0.033311 0.477848
    189 1.799661 -0.000233 0.000231 0.027386 -0.033311 0.477848
    190 1.799661 -0.000233 0.000231 0.027386 -0.033311 0.477848
    191 1.799661 -0.000233 0.000231 0.027386 -0.033311 0.477848
    192 1.900310 -0.000137 -0.000517 0.027386 -0.033311 0.477848
    193 1.899435 -0.000317 -0.000150 -0.027386 0.033311 0.477848
    194 1.799662 -0.000240 -0.000233 -0.027386 0.033311 0.477848
    195 1.799662 -0.000240 -0.000233 -0.027386 0.033311 0.477848
    196 1.799662 -0.000240 -0.000233 -0.027386 0.033311 0.477848
    197 1.900729 0.000553 -0.000072 -0.027386 0.033311 0.477848
    198 0.599884 0.400187 -0.000031 0.000000 0.000000 0.000000
    199 0.599886 0.400185 0.000034 0.000000 0.000000 -3.141592
    200 0.599503 0.400694 0.000234 0.000000 0.000000 0.000000
    201 0.600029 -0.000020 -0.000019 0.000000 0.000000 -3.141592
  time 44
    0 0.000000 0.000000 0.000000 0.000000 0.000000 -1.570796
    1 -0.106323 0.000000 -0.000198 0.000000 0.000000 0.000000
    2 0.000000 0.000000 0.000000 0.000000 0.000000 0.000000
    3 -0.904000 0.000000 -11.806000 0.000000 0.000000 0.000000
    4 0.000000 0.000000 -14.313999 0.000000 -1.570796 1.570857
    5 3.533001 0.000000 0.000000 0.000000 0.000000 0.000000
    6 6.250000 0.000000 0.000000 0.000000 0.000000 0.000000
    7 9.562500 1.924805 -1.815430 -0.161250 1.437164 -0.160081
    8 9.562500 1.924805 1.815430 0.098301 -1.350314 -0.096174
    9 5.790726 0.002787 -0.000113 -0.867632 0.354536 -1.707859
    10 5.999492 -0.000592 -4.000343 0.000000 0.000000 0.000000
    11 5.791316 0.002582 0.004799 0.988943 -0.654718 -1.294729
    12 5.999492 -0.000592 4.000336 0.000000 0.000000 0.000000
    13 0.500225 0.000133 -0.000088 0.006721 0.000000 0.000000
    14 11.534559 0.004255 -0.001312 -0.000005 -0.000015 -1.236379
    15 -0.829338 0.893824 0.079659 -0.148839 0.047645 0.087266
    16 0.500225 0.000132 0.000076 -0.178022 0.000000 0.000000
    17 11.532495 0.000526 -0.000089 0.000018 -0.000082 -1.695706
    18 -0.829586 0.894698 -0.079464 0.045377 -0.019621 0.087266
    19 10.599884 0.000105 -0.000553 -1.090807 -0.000048 0.000012
    20 0.244669 -0.349402 -0.000805 -0.000024 0.000011 0.618285
    21 11.042057 0.003717 0.000798 -0.848045 -0.113003 1.077483
    22 -1.214832 0.203470 -0.477489 -0.135025 -0.078677 -0.001289
    23 10.599880 0.000105 0.000549 0.522339 0.000012 0.000036
    24 0.592334 -0.525188 0.000801 0.000024 -0.000023 0.848408
    25 11.041742 0.003171 -0.000571 0.407681 0.194161 0.830367
    26 -1.063377 0.077663 0.150230 0.045121 0.020046 -0.012850
    27 0.610302 -0.939470 0.070343 -1.654689 -0.083643 -0.180434
    28 0.639940 -0.199121 0.060188 -1.665401 -0.069875 -0.072283
    29 0.600155 1.080261 -0.339535 -1.744123 0.106121 0.045568
    30 0.610207 0.400743 -0.010101 -1.761945 0.010544 0.028994
    31 0.634715 -0.693997 -0.232343 0.059907 -0.073914 -0.756778
    32 -0.792125 0.203736 0.461300 1.439074 -0.003453 -0.018305
    33 0.610300 -0.939469 -0.070351 1.655295 0.140079 -0.175676
    34 0.639937 -0.199121 -0.060200 1.671196 0.183105 -0.036869
    35 0.600157 1.080259 0.339531 1.741577 0.106930 0.153538
    36 0.610205 0.400743 0.010086 1.766517 0.125877 0.080168
    37 0.624002 -0.691393 0.236176 -0.769768 -0.597214 -0.932682
    38 -0.626031 -0.069983 -0.080517 -1.447153 0.086151 0.021559
    39 2.621377 -0.002532 -0.001438 -0.430289 -0.140803 0.893715
    40 2.660837 0.000397 -0.000071 -0.298933 0.030184 1.083906
    41 2.202488 0.003368 -0.006769 -0.280514 0.067923 0.963327
    42 0.599952 0.959240 -0.300102 -0.174544 0.000000 0.000000
    43 2.553283 -0.005873 0.006359 -0.193028 0.063230 1.091356
    44 2.095024 -0.003873 -0.002193 -0.235253 0.301152 0.566284
    45 0.999380 -0.000236 -1.244527 -0.000001 0.000000 0.000000
    46 -0.122639 -0.721856 0.661690 -0.486644 0.223964 0.243056
    47 2.622113 -0.000648 0.002741 0.030991 0.424650 0.103349
    48 2.654002 0.004589 -0.000533 0.322092 0.240150 1.085352
    49 2.199219 0.000515 -0.000122 0.262963 -0.039561 1.072971
    50 0.599951 0.959244 0.300102 0.174544 0.000000 0.000000
    51 2.556570 -0.000385 0.000554 0.263755 0.129455 1.165861
    52 2.103851 0.001708 -0.001014 0.452208 -0.377188 0.758709
    53 0.999374 -0.000237 1.307021 0.000000 0.000000 -0.070577
    54 0.310846 -0.606445 -0.498005 0.308107 -0.197598 0.313976
    55 1.873069 -0.004741 -0.000994 0.000005 0.000015 0.840532
    56 1.200941 0.399582 -0.000237 -0.009465 0.016087 0.007127
    57 0.000586 0.100342 -0.000319 -0.120035 -0.021926 -0.209617
    58 -0.161663 0.051712 0.194808 -2.941982 0.122408 -0.060194
    59 2.010092 -0.007109 -0.003377 0.000030 0.000037 0.871112
    60 0.000240 0.099802 -0.000395 -0.018823 0.010833 -0.239219
    61 -0.203197 0.048607 0.069150 -3.093332 0.033217 -0.046722
    62 1.180428 -0.006214 0.000780 -0.000014 -0.000048 0.586051
    63 -0.000196 0.099625 -0.000034 0.000000 0.000000 -0.314102
    64 -0.088736 -0.688435 -0.145203 2.930407 -0.136130 0.513013
    65 1.712069 -0.003328 0.003818 0.000023 -0.000021 0.699773
    66 -0.000580 0.100145 -0.000311 -0.010912 0.023131 -0.260841
    67 -0.146030 -0.232426 -0.014225 3.028455 -0.094299 0.113020
    68 1.290632 0.000362 -0.000032 0.000000 0.000000 -0.148071
    69 -0.658121 -0.003575 0.072645 -0.142711 0.027792 -0.077299
    70 1.868080 -0.003049 0.006083 0.000015 0.000027 1.126039
    71 1.200079 0.399944 -0.000093 0.009465 -0.016087 0.007127
    72 0.000591 0.100342 0.000319 0.120035 0.021926 -0.209617
    73 0.068077 0.002285 -0.080050 3.111376 -0.069366 -0.060847
    74 2.011874 -0.005083 0.006086 0.000023 -0.000049 1.297769
    75 0.000229 0.099802 0.000395 0.018823 -0.010833 -0.239219
    76 -0.018673 -0.001009 0.047544 3.109244 0.002635 -0.106673
    77 1.178665 0.001595 0.000845 0.000000 0.000000 0.669112
    78 -0.000198 0.099628 0.000034 0.000000 0.000000 -0.314102
    79 0.036892 -0.634449 0.266284 -2.801062 0.174301 0.490914
    80 1.704350 -0.002506 -0.000686 -0.000046 -0.000037 1.003587
    81 -0.000576 0.100136 0.000311 0.010912 -0.023131 -0.260841
    82 -0.003952 -0.281811 0.115047 -3.059162 0.089004 0.167964
    83 1.289627 0.003949 0.000061 -0.000014 0.000003 0.465351
    84 -0.171528 -0.018148 -0.099873 0.013484 -0.062184 -0.011780
    85 0.912716 0.007240 0.001326 0.000031 0.000069 0.969787
    86 -0.342617 0.053404 -0.025571 -2.909301 -0.017248 0.075276
    87 1.100231 -0.000930 -0.002434 0.000009 0.000014 0.424742
    88 -0.384983 0.330998 0.006848 -3.087207 -0.018765 -0.184279
    89 0.678146 0.002286 0.000002 -0.000054 0.000041 0.367663
    90 -0.123848 0.072737 0.029507 2.898184 -0.060627 0.094834
    91 1.017166 -0.000154 -0.000252 -0.000023 -0.000062 0.382279
    92 -0.344986 0.123129 0.143151 2.994981 0.012396 0.059140
    93 -0.730988 0.177046 0.039141 -0.123731 0.076518 -0.084310
    94 0.921993 0.005205 -0.000896 0.000010 -0.000011 0.484984
    95 -0.124027 -0.052092 0.038496 3.077813 -0.008519 0.039229
    96 1.100430 -0.003552 0.000503 0.000053 0.000042 0.904205
    97 -0.330082 0.160641 0.042780 3.128073 0.034033 -0.171236
    98 0.675854 0.005438 0.003272 0.000014 0.000003 0.945948
    99 -0.019516 -0.016531 0.038578 -2.763781 0.050305 0.076828
    100 1.014985 0.005113 0.001121 -0.000042 0.000031 0.984604
    101 -0.155312 0.130643 -0.021921 -3.022466 0.022433 -0.024903
    102 -0.252209 0.061937 -0.024914 -0.007671 -0.063171 -0.044392
    103 -0.085991 0.185203 -0.015180 -2.937063 -0.113970 -0.138991
    104 -0.286537 0.179852 0.024264 -3.109353 -0.049645 -0.029915
    105 -0.019489 0.147084 0.079203 2.893815 0.038585 -0.060594
    106 -0.046482 0.251898 0.129548 3.016165 0.077112 -0.042864
    107 0.039120 -0.040298 0.047739 3.084219 0.030470 -0.037414
    108 -0.233757 0.066630 0.001754 -3.133086 0.040141 -0.065413
    109 0.044266 0.020128 0.001684 -2.778763 -0.118872 -0.040488
    110 0.071495 0.074127 -0.048302 -3.035917 -0.059482 0.104366
    111 0.000000 0.000000 0.000000 0.000000 0.000000 -1.570796
    112 15.262185 -3.613392 -2.621174 0.002476 -0.000047 -0.000280
    113 -3.765740 8.308847 -0.496109 0.544848 -0.772349 -1.512729
    114 -1.541997 0.000000 1.809996 0.000000 0.000000 0.000000
    115 5.560989 0.000000 1.164998 0.000000 0.000000 0.000000
    116 1.770997 -0.313999 1.249997 0.000000 0.000000 -1.570817
    117 3.817992 0.000000 -0.014000 0.000000 0.000000 0.000000
    118 -0.469999 0.000000 -3.436993 0.000000 0.000000 0.000000
    119 -2.237996 0.000000 -3.187994 0.000000 0.000000 0.000000
    120 3.318993 0.000000 3.457993 0.000000 -0.159155 0.000000
    121 0.000000 0.000000 0.000000 0.000000 0.000000 0.000000
    122 0.532999 0.510999 -0.840998 0.000000 0.000000 0.000000
    123 0.000000 0.000000 0.000000 0.000000 0.000000 0.000000
    124 -0.106000 0.000000 64.320000 0.000000 0.000000 0.000000
    125 0.000000 0.000000 0.000000 0.000000 0.000000 0.000000
    126 0.000000 0.000000 0.000000 -0.000264 -0.000084 -0.000384
    127 25.066368 -3.622462 7.963421 0.002457 -0.000042 -0.000232
    128 0.106000 0.000000 -64.320000 0.000000 0.000000 0.000000
    129 0.000000 0.000000 0.000000 0.000000 0.000000 0.000000
    130 0.000000 0.000000 -4.867002 -3.141592 0.000000 -3.128591
    131 0.000000 0.000000 4.867000 -3.141592 0.000000 -3.128591
    132 4.000000 -6.500000 0.000000 0.000000 0.000000 0.000977
    133 -6.500000 0.000000 0.000000 0.000000 1.570796 0.000000
    134 1.000088 -0.000029 0.000000 0.000000 0.000000 0.000000
    135 17.162516 -0.000404 0.000000 0.000000 0.000000 0.119214
    136 9.999891 -0.000303 0.000000 0.000000 0.000000 0.000000
    137 1.000088 -0.000029 0.000000 0.000000 0.000000 0.000000
    138 17.162516 -0.000404 0.000000 0.000000 0.000000 0.119214
    139 9.499836 0.000212 0.000000 0.000000 0.000000 0.000000
    140 0.000000 0.000000 0.000000 0.000000 0.000000 0.000000
    141 17.749374 0.295515 0.000000 0.000000 0.000000 -1.158958
    142 0.017889 0.299792 0.000000 0.000000 0.000000 -0.059582
    143 12.283573 1.581456 -4.696000 1.462269 -0.086726 0.090185
    144 17.749376 0.295515 0.000000 0.000000 0.000000 -1.158958
    145 0.017889 0.299792 0.000000 0.000000 0.000000 -0.059582
    146 13.354000 0.000000 0.000000 0.000000 0.000000 -0.294101
    147 4.530998 0.000000 0.000000 0.000000 0.000000 0.000000
    148 0.000000 0.000000 0.000000 0.000000 0.000000 0.000000
    149 5.413524 0.000347 0.000000 0.000000 0.000000 -0.518055
    150 5.413524 0.000347 0.000000 0.000000 0.000000 -0.518055
    151 4.662001 -5.366332 4.825191 1.569715 1.561305 -3.121216
    152 3.116966 -0.000443 0.000000 0.000000 0.000000 0.294101
    153 4.531197 0.000000 0.000000 0.000000 0.000000 0.000000
    154 -1.912000 0.003000 0.278000 0.000000 0.000000 0.000000
    155 -3.830000 0.003000 0.015000 0.000000 0.000000 0.000000
    156 -0.024000 0.000000 3.200000 0.000000 0.305210 0.000000
    157 -14.781400 3.712466 -58.259201 -0.002485 -0.000134 0.000823
    158 3.512001 -3.547000 -1.066000 0.000000 1.570796 0.000000
    159 3.456001 -3.517000 1.169000 0.000000 1.570796 0.000000
    160 6.233002 0.000000 0.000000 0.000000 0.000000 0.000000
    161 -0.171997 -0.106000 -0.902000 1.570713 1.029176 -3.134550
    162 6.241997 -6.380000 0.000000 -0.000384 0.000264 0.000084
    163 1.947000 -0.003000 -0.278000 0.000000 0.000000 0.000000
    164 -2.941000 -0.003000 0.381000 0.000000 0.000000 0.000000
    165 -2.941000 -0.003000 0.381000 0.000000 0.000000 0.000000
    166 -0.070000 -0.003000 0.481000 0.000000 0.000000 0.000000
    167 -0.002780 0.000000 0.017476 0.000000 -0.382402 0.000000
    168 3.999434 -0.000527 -0.000332 -0.546537 0.000000 0.000000
    169 3.999901 0.000038 0.001011 0.261357 0.000000 0.000000
    170 1.598000 0.000000 0.000000 0.000000 0.000000 0.000000
    171 -1.145525 0.000130 0.000668 0.000000 0.000000 0.000000
    172 2.299679 -2.499979 -0.599480 0.891953 0.221525 -0.527302
    173 10.944479 -3.191439 -0.332344 1.597557 -0.146608 -0.183990
    174 -9.580671 -27.862106 -37.184677 0.812879 -0.123459 -0.568477
    175 0.649933 -0.548295 0.093651 -1.665913 -0.131399 -0.112062
    176 0.657074 0.008402 0.040371 -1.665945 -0.131407 -0.000013
    177 0.665776 0.747221 -0.029190 -1.665935 -0.131408 0.094976
    178 2.300139 -2.499413 0.600159 -0.892076 -0.221524 -0.527221
    179 12.187820 1.068084 0.992054 1.811734 -0.001398 0.197485
    180 2.762350 0.116951 1.523975 1.629482 0.064153 1.743800
    181 7.228317 7.928197 -3.925652 2.328713 0.123459 -0.568477
    182 0.650394 -0.547730 -0.092979 1.665913 0.131399 -0.112062
    183 0.657069 0.008398 -0.040379 1.665945 0.131407 -0.000013
    184 0.665775 0.747221 0.029179 1.665935 0.131408 0.094976
    185 -4.481003 -0.202000 0.000000 0.000000 0.000000 0.000000
    186 -5.516998 -0.291000 -0.001000 0.000000 0.000000 0.000000
    187 -0.857700 0.104071 0.104683 0.023536 0.163924 0.013632
    188 1.899119 0.000423 -0.000439 0.027386 -0.033311 0.477848
    189 1.799661 -0.000233 0.000231 0.027386 -0.033311 0.477848
    190 1.799661 -0.000233 0.000231 0.027386 -0.033311 0.477848
    191 1.799661 -0.000233 0.000231 0.027386 -0.033311 0.477848
    192 1.900310 -0.000137 -0.000517 0.027386 -0.033311 0.477848
    193 1.899435 -0.000317 -0.000150 -0.027386 0.033311 0.477848
    194 1.799662 -0.000240 -0.000233 -0.027386 0.033311 0.477848
    195 1.799662 -0.000240 -0.000233 -0.027386 0.033311 0.477848
    196 1.799662 -0.000240 -0.000233 -0.027386 0.033311 0.477848
    197 1.900729 0.000553 -0.000072 -0.027386 0.033311 0.477848
    198 0.599884 0.400187 -0.000031 0.000000 0.000000 0.000000
    199 0.599886 0.400185 0.000034 0.000000 0.000000 -3.141592
    200 0.599503 0.400694 0.000234 0.000000 0.000000 0.000000
    201 0.600029 -0.000020 -0.000019 0.000000 0.000000 -3.141592
  time 45
    0 0.000000 0.000000 0.000000 0.000000 0.000000 -1.570796
    1 -0.106323 0.000000 -0.000198 0.000000 0.000000 0.000000
    2 0.000000 0.000000 0.000000 0.000000 0.000000 0.000000
    3 -0.904000 0.000000 -11.806000 0.000000 0.000000 0.000000
    4 0.000000 0.000000 -14.313999 0.000000 -1.570796 1.570857
    5 3.533001 0.000000 0.000000 0.000000 0.000000 0.000000
    6 6.250000 0.000000 0.000000 0.000000 0.000000 0.000000
    7 9.562500 1.924805 -1.815430 -0.161250 1.437164 -0.160081
    8 9.562500 1.924805 1.815430 0.098301 -1.350314 -0.096174
    9 5.790726 0.002787 -0.000113 -0.867632 0.354602 -1.708021
    10 5.999492 -0.000592 -4.000343 0.000000 0.000000 0.000000
    11 5.791316 0.002582 0.004799 0.988864 -0.654681 -1.294456
    12 5.999492 -0.000592 4.000336 0.000000 0.000000 0.000000
    13 0.500225 0.000133 -0.000088 0.006649 0.000000 0.000000
    14 11.534559 0.004255 -0.001312 -0.000005 -0.000015 -1.235996
    15 -0.829338 0.893824 0.079659 -0.148839 0.047645 0.087266
    16 0.500225 0.000132 0.000076 -0.178047 0.000000 0.000000
    17 11.536401 0.004432 -0.000089 0.000006 -0.000094 -1.695112
    18 -0.829586 0.894698 -0.079464 0.045377 -0.019621 0.087266
    19 10.599884 0.000105 -0.000553 -1.090975 -0.000036 0.000000
    20 0.240763 -0.349402 -0.000805 -0.000024 0.000011 0.618152
    21 11.042057 0.003717 0.000798 -0.849433 -0.113607 1.077483
    22 -1.214832 0.203470 -0.477489 -0.135025 -0.078677 -0.001289
    23 10.599880 0.000105 0.000549 0.521234 0.000000 0.000000
    24 0.592334 -0.525188 0.000801 0.000024 -0.000023 0.848161
    25 11.041742 0.003171 -0.000571 0.406679 0.193323 0.829733
    26 -1.063377 0.077663 0.150230 0.045121 0.020046 -0.012850
    27 0.610302 -0.939470 0.070343 -1.654689 -0.083643 -0.180446
    28 0.639940 -0.199121 0.060188 -1.665350 -0.069875 -0.072271
    29 0.600155 1.080261 -0.339535 -1.744070 0.106121 0.045568
    30 0.610207 0.400743 -0.010101 -1.761945 0.010544 0.028982
    31 0.634715 -0.693997 -0.232343 0.059919 -0.073914 -0.756778
    32 -0.792125 0.203736 0.461300 1.439074 -0.003453 -0.018305
    33 0.610300 -0.939469 -0.070351 1.655295 0.140067 -0.175688
    34 0.639937 -0.199121 -0.060200 1.671196 0.183105 -0.036857
    35 0.600157 1.080259 0.339531 1.741630 0.106930 0.153538
    36 0.610205 0.400743 0.010086 1.766517 0.125877 0.080180
    37 0.624002 -0.691393 0.236176 -0.769768 -0.597214 -0.932645
    38 -0.626031 -0.069983 -0.080517 -1.447153 0.086151 0.021559
    39 2.621377 -0.002532 -0.005345 -0.430289 -0.140791 0.893715
    40 2.660837 0.000397 -0.000071 -0.298904 0.030184 1.083906
    41 2.206394 0.003368 -0.002863 -0.280514 0.067939 0.963327
    42 0.599952 0.959240 -0.300102 -0.174544 0.000000 0.000000
    43 2.553283 -0.005873 0.006359 -0.193028 0.063230 1.091356
    44 2.095024 -0.003873 -0.002193 -0.235253 0.301152 0.566264
    45 0.999380 -0.000236 -1.244527 -0.000001 0.000000 0.000000
    46 -0.122639 -0.721856 0.661690 -0.486644 0.223964 0.243056
    47 2.622113 -0.004555 0.002741 0.030978 0.424650 0.103349
    48 2.657909 0.004589 -0.000533 0.322092 0.240150 1.085352
    49 2.199219 0.000515 -0.000122 0.262963 -0.039561 1.072971
    50 0.599951 0.959244 0.300102 0.174544 0.000000 0.000000
    51 2.556570 -0.004291 0.000554 0.263755 0.129455 1.165861
    52 2.103851 0.005614 -0.001014 0.452208 -0.377188 0.758709
    53 0.999374 -0.000237 1.307021 0.000000 0.000000 -0.070565
    54 0.310846 -0.606445 -0.498005 0.308107 -0.197598 0.313976
    55 1.873069 -0.004741 -0.000994 0.000005 0.000015 0.840532
    56 1.200941 0.399582 -0.000237 -0.009465 0.016087 0.007127
    57 0.000586 0.100342 -0.000319 -0.120035 -0.021926 -0.209617
    58 -0.161663 0.051712 0.194808 -2.941982 0.122408 -0.060194
    59 2.010092 -0.007109 -0.003377 0.000018 0.000025 0.871112
    60 0.000240 0.099802 -0.000395 -0.018823 0.010833 -0.239219
    61 -0.203197 0.048607 0.069150 -3.093332 0.033217 -0.046722
    62 1.180428 -0.006214 0.000780 -0.000026 -0.000048 0.586051
    63 -0.000196 0.099625 -0.000034 0.000000 0.000000 -0.314102
    64 -0.088736 -0.688435 -0.145203 2.930407 -0.136130 0.513013
    65 1.712069 0.000578 0.003818 0.000023 -0.000021 0.699773
    66 -0.000580 0.100145 -0.000311 -0.010912 0.023131 -0.260841
    67 -0.146030 -0.232426 -0.014225 3.028455 -0.094299 0.113020
    68 1.290632 0.000362 -0.000032 0.000000 0.000000 -0.148099
    69 -0.658121 -0.003575 0.072645 -0.142711 0.027792 -0.077299
    70 1.868080 -0.003049 0.006083 0.000027 0.000027 1.126039
    71 1.200079 0.399944 -0.000093 0.009465 -0.016087 0.007127
    72 0.000591 0.100342 0.000319 0.120035 0.021926 -0.209617
    73 0.068077 0.002285 -0.080050 3.111376 -0.069366 -0.060847
    74 2.011874 -0.005083 0.006086 0.000023 -0.000049 1.297769
    75 0.000229 0.099802 0.000395 0.018823 -0.010833 -0.239219
    76 -0.018673 -0.001009 0.047544 3.109244 0.002635 -0.106673
    77 1.178665 0.001595 0.000845 0.000000 0.000000 0.669112
    78 -0.000198 0.099628 0.000034 0.000000 0.000000 -0.314102
    79 0.036892 -0.634449 0.266284 -2.801062 0.174301 0.490914
    80 1.704350 -0.002506 -0.004592 -0.000034 -0.000037 1.003587
    81 -0.000576 0.100136 0.000311 0.010912 -0.023131 -0.260841
    82 -0.003952 -0.281811 0.115047 -3.059162 0.089004 0.167964
    83 1.289627 0.003949 0.000061 -0.000014 0.000003 0.465351
    84 -0.171528 -0.018148 -0.099873 0.013484 -0.062184 -0.011780
    85 0.912716 0.007240 0.001326 0.000031 0.000069 0.969749
    86 -0.342617 0.053404 -0.025571 -2.909301 -0.017248 0.075276
    87 1.100231 -0.000930 -0.002434 0.000009 0.000014 0.424742
    88 -0.384983 0.330998 0.006848 -3.087207 -0.018765 -0.184279
    89 0.678146 0.002286 0.000002 -0.000054 0.000053 0.367663
    90 -0.123848 0.072737 0.029507 2.898184 -0.060627 0.094834
    91 1.017166 -0.000154 -0.000252 -0.000023 -0.000062 0.382279
    92 -0.344986 0.123129 0.143151 2.994981 0.012396 0.059140
    93 -0.730988 0.177046 0.039141 -0.123731 0.076518 -0.084310
    94 0.921993 0.001298 -0.000896 0.000010 -0.000011 0.484984
    95 -0.124027 -0.052092 0.038496 3.077813 -0.008519 0.039229
    96 1.100430 -0.007458 0.000503 0.000053 0.000042 0.904205
    97 -0.330082 0.160641 0.042780 3.128073 0.034033 -0.171236
    98 0.675854 0.005438 0.003272 0.000014 0.000003 0.945948
    99 -0.019516 -0.016531 0.038578 -2.763781 0.050305 0.076828
    100 1.014985 0.005113 0.001121 -0.000042 0.000031 0.984604
    101 -0.155312 0.130643 -0.021921 -3.022466 0.022433 -0.024903
    102 -0.252209 0.061937 -0.024914 -0.007671 -0.063171 -0.044392
    103 -0.085991 0.185203 -0.015180 -2.937063 -0.113970 -0.138991
    104 -0.286537 0.179852 0.024264 -3.109353 -0.049645 -0.029915
    105 -0.019489 0.147084 0.079203 2.893815 0.038585 -0.060594
    106 -0.046482 0.251898 0.129548 3.016165 0.077112 -0.042864
    107 0.039120 -0.040298 0.047739 3.084219 0.030470 -0.037414
    108 -0.233757 0.066630 0.001754 -3.133086 0.040141 -0.065413
    109 0.044266 0.020128 0.001684 -2.778763 -0.118872 -0.040488
    110 0.071495 0.074127 -0.048302 -3.035917 -0.059482 0.104366
    111 0.000000 0.000000 0.000000 0.000000 0.000000 -1.570796
    112 15.266091 -3.617298 -2.625080 0.001238 0.000328 0.000000
    113 -3.769646 8.301035 -0.492203 0.543170 -0.771936 -1.511271
    114 -1.541997 0.000000 1.809996 0.000000 0.000000 0.000000
    115 5.560989 0.000000 1.164998 0.000000 0.000000 0.000000
    116 1.770997 -0.313999 1.249997 0.000000 0.000000 -1.570817
    117 3.817992 0.000000 -0.014000 0.000000 0.000000 0.000000
    118 -0.469999 0.000000 -3.436993 0.000000 0.000000 0.000000
    119 -2.237996 0.000000 -3.187994 0.000000 0.000000 0.000000
    120 3.318993 0.000000 3.457993 0.000000 -0.159155 0.000000
    121 0.000000 0.000000 0.000000 0.000000 0.000000 0.000000
    122 0.532999 0.510999 -0.840998 0.000000 0.000000 0.000000
    123 0.000000 0.000000 0.000000 0.000000 0.000000 0.000000
    124 -0.106000 0.000000 64.320000 0.000000 0.000000 0.000000
    125 0.000000 0.000000 0.000000 0.000000 0.000000 0.000000
    126 0.000000 0.000000 0.000000 -0.000120 -0.000407 -0.000407
    127 25.066368 -3.622462 7.963421 0.001124 0.000333 0.000048
    128 0.106000 0.000000 -64.320000 0.000000 0.000000 0.000000
    129 0.000000 0.000000 0.000000 0.000000 0.000000 0.000000
    130 0.000000 0.000000 -4.867002 -3.141592 0.000000 -3.128591
    131 0.000000 0.000000 4.867000 -3.141592 0.000000 -3.128591
    132 4.000000 -6.500000 0.000000 0.000000 0.000000 0.000977
    133 -6.500000 0.000000 0.000000 0.000000 1.570796 0.000000
    134 1.000088 -0.000029 0.000000 0.000000 0.000000 0.000000
    135 17.162516 -0.000404 0.000000 0.000000 0.000000 0.119214
    136 9.999891 -0.000303 0.000000 0.000000 0.000000 0.000000
    137 1.000088 -0.000029 0.000000 0.000000 0.000000 0.000000
    138 17.162516 -0.000404 0.000000 0.000000 0.000000 0.119214
    139 9.499836 0.000212 0.000000 0.000000 0.000000 0.000000
    140 0.000000 0.000000 0.000000 0.000000 0.000000 0.000000
    141 17.749374 0.295515 0.000000 0.000000 0.000000 -1.158958
    142 0.017889 0.299792 0.000000 0.000000 0.000000 -0.059582
    143 12.283573 1.581456 -4.696000 1.462269 -0.086726 0.090185
    144 17.749376 0.295515 0.000000 0.000000 0.000000 -1.158958
    145 0.017889 0.299792 0.000000 0.000000 0.000000 -0.059582
    146 13.354000 0.000000 0.000000 0.000000 0.000000 -0.294101
    147 4.530998 0.000000 0.000000 0.000000 0.000000 0.000000
    148 0.000000 0.000000 0.000000 0.000000 0.000000 0.000000
    149 5.413524 0.000347 0.000000 0.000000 0.000000 -0.518055
    150 5.413524 0.000347 0.000000 0.000000 0.000000 -0.518055
    151 4.662001 -5.366332 4.825191 1.569715 1.561305 -3.121216
    152 3.116966 -0.000443 0.000000 0.000000 0.000000 0.294101
    153 4.531197 0.000000 0.000000 0.000000 0.000000 0.000000
    154 -1.912000 0.003000 0.278000 0.000000 0.000000 0.000000
    155 -3.830000 0.003000 0.015000 0.000000 0.000000 0.000000
    156 -0.024000 0.000000 3.200000 0.000000 0.305210 0.000000
    157 -14.781400 3.794500 -58.259201 -0.001147 -0.000090 0.000366
    158 3.512001 -3.547000 -1.066000 0.000000 1.570796 0.000000
    159 3.456001 -3.517000 1.169000 0.000000 1.570796 0.000000
    160 6.233002 0.000000 0.000000 0.000000 0.000000 0.000000
    161 -0.171997 -0.106000 -0.902000 1.570713 1.029176 -3.134550
    162 6.241997 -6.380000 0.000000 -0.000407 0.000120 0.000407
    163 1.947000 -0.003000 -0.278000 0.000000 0.000000 0.000000
    164 -2.941000 -0.003000 0.381000 0.000000 0.000000 0.000000
    165 -2.941000 -0.003000 0.381000 0.000000 0.000000 0.000000
    166 -0.070000 -0.003000 0.481000 0.000000 0.000000 0.000000
    167 -0.002780 0.000000 0.017476 0.000000 -0.382402 0.000000
    168 3.999434 -0.000527 -0.000332 -0.546361 0.000000 0.000000
    169 3.999901 0.000038 0.001011 0.261001 0.000000 0.000000
    170 1.598000 0.000000 0.000000 0.000000 0.000000 0.000000
    171 -1.145525 0.000130 0.000668 0.000000 0.000000 0.000000
    172 2.299679 -2.499979 -0.599480 0.891953 0.221525 -0.527302
    173 10.944479 -3.191439 -0.332344 1.597557 -0.146608 -0.183990
    174 -9.580671 -27.862106 -37.184677 0.812879 -0.123459 -0.568477
    175 0.649933 -0.548295 0.093651 -1.665913 -0.131399 -0.112062
    176 0.657074 0.008402 0.040371 -1.665945 -0.131407 -0.000013
    177 0.665776 0.747221 -0.029190 -1.665935 -0.131408 0.094976
    178 2.300139 -2.499413 0.600159 -0.892076 -0.221524 -0.527221
    179 12.187820 1.068084 0.992054 1.811734 -0.001398 0.197485
    180 2.762350 0.116951 1.523975 1.629482 0.064153 1.743800
    181 7.228317 7.928197 -3.925652 2.328713 0.123459 -0.568477
    182 0.650394 -0.547730 -0.092979 1.665913 0.131399 -0.112062
    183 0.657069 0.008398 -0.040379 1.665945 0.131407 -0.000013
    184 0.665775 0.747221 0.029179 1.665935 0.131408 0.094976
    185 -4.481003 -0.202000 0.000000 0.000000 0.000000 0.000000
    186 -5.516998 -0.291000 -0.001000 0.000000 0.000000 0.000000
    187 -0.857700 0.104071 0.104683 0.023536 0.163924 0.013632
    188 1.899119 0.000423 -0.000439 0.027386 -0.033311 0.477848
    189 1.799661 -0.000233 0.000231 0.027386 -0.033311 0.477848
    190 1.799661 -0.000233 0.000231 0.027386 -0.033311 0.477848
    191 1.799661 -0.000233 0.000231 0.027386 -0.033311 0.477848
    192 1.900310 -0.000137 -0.000517 0.027386 -0.033311 0.477848
    193 1.899435 -0.000317 -0.000150 -0.027386 0.033311 0.477848
    194 1.799662 -0.000240 -0.000233 -0.027386 0.033311 0.477848
    195 1.799662 -0.000240 -0.000233 -0.027386 0.033311 0.477848
    196 1.799662 -0.000240 -0.000233 -0.027386 0.033311 0.477848
    197 1.900729 0.000553 -0.000072 -0.027386 0.033311 0.477848
    198 0.599884 0.400187 -0.000031 0.000000 0.000000 0.000000
    199 0.599886 0.400185 0.000034 0.000000 0.000000 -3.141592
    200 0.599503 0.400694 0.000234 0.000000 0.000000 0.000000
    201 0.600029 -0.000020 -0.000019 0.000000 0.000000 -3.141592
  time 46
    0 0.000000 0.000000 0.000000 0.000000 0.000000 -1.570796
    1 -0.106323 0.000000 -0.000198 0.000000 0.000000 0.000000
    2 0.000000 0.000000 0.000000 0.000000 0.000000 0.000000
    3 -0.904000 0.000000 -11.806000 0.000000 0.000000 0.000000
    4 0.000000 0.000000 -14.313999 0.000000 -1.570796 1.570857
    5 3.533001 0.000000 0.000000 0.000000 0.000000 0.000000
    6 6.250000 0.000000 0.000000 0.000000 0.000000 0.000000
    7 9.562500 1.924805 -1.815430 -0.161250 1.437164 -0.160081
    8 9.562500 1.924805 1.815430 0.098301 -1.350314 -0.096174
    9 5.790726 0.002787 -0.000113 -0.867824 0.354668 -1.708182
    10 5.999492 -0.000592 -4.000343 0.000000 0.000000 0.000000
    11 5.791316 0.002582 0.004799 0.988706 -0.654644 -1.294184
    12 5.999492 -0.000592 4.000336 0.000000 0.000000 0.000000
    13 0.500225 0.000133 -0.000088 0.006504 0.000000 0.000000
    14 11.534559 0.004255 -0.001312 -0.000005 -0.000003 -1.235766
    15 -0.829338 0.893824 0.079659 -0.148839 0.047645 0.087266
    16 0.500225 0.000132 0.000076 -0.178071 0.000000 0.000000
    17 11.532495 0.004432 -0.000089 -0.000018 -0.000094 -1.695112
    18 -0.829586 0.894698 -0.079464 0.045377 -0.019621 0.087266
    19 10.599884 0.000105 -0.000553 -1.091143 -0.000036 -0.000012
    20 0.240763 -0.349402 -0.000805 -0.000036 0.000023 0.617939
    21 11.042057 -0.000189 0.000798 -0.849364 -0.113607 1.077601
    22 -1.214832 0.203470 -0.477489 -0.135025 -0.078677 -0.001289
    23 10.599880 0.000105 0.000549 0.520129 0.000000 0.000000
    24 0.592334 -0.525188 0.000801 0.000036 -0.000023 0.847946
    25 11.041742 0.003171 -0.000571 0.405728 0.192485 0.829100
    26 -1.063377 0.077663 0.150230 0.045121 0.020046 -0.012850
    27 0.610302 -0.939470 0.070343 -1.654689 -0.083643 -0.180446
    28 0.639940 -0.199121 0.060188 -1.665350 -0.069863 -0.072271
    29 0.600155 1.080261 -0.339535 -1.744070 0.106121 0.045580
    30 0.610207 0.400743 -0.010101 -1.761945 0.010544 0.028982
    31 0.634715 -0.693997 -0.232343 0.059919 -0.073914 -0.756778
    32 -0.792125 0.203736 0.461300 1.439074 -0.003453 -0.018305
    33 0.610300 -0.939469 -0.070351 1.655295 0.140067 -0.175700
    34 0.639937 -0.199121 -0.060200 1.671196 0.183093 -0.036869
    35 0.600157 1.080259 0.339531 1.741630 0.106930 0.153526
    36 0.610205 0.400743 0.010086 1.766517 0.125877 0.080168
    37 0.624002 -0.695300 0.232270 -0.769768 -0.597197 -0.932645
    38 -0.626031 -0.069983 -0.080517 -1.447153 0.086151 0.021559
    39 2.625284 -0.002532 -0.001438 -0.430289 -0.140791 0.893715
    40 2.660837 0.000397 -0.000071 -0.298904 0.030196 1.083906
    41 2.206394 0.003368 -0.006769 -0.280514 0.067955 0.963327
    42 0.599952 0.959240 -0.300102 -0.174544 0.000000 0.000000
    43 2.557190 -0.001967 0.006359 -0.193028 0.063230 1.091356
    44 2.095024 -0.003873 -0.006100 -0.235253 0.301195 0.566264
    45 0.999380 -0.000236 -1.240621 -0.000001 0.000000 0.000000
    46 -0.122639 -0.721856 0.661690 -0.486644 0.223964 0.243056
    47 2.622113 -0.000648 0.002741 0.030978 0.424650 0.103349
    48 2.654002 0.004589 -0.000533 0.322092 0.240150 1.085352
    49 2.199219 0.000515 -0.000122 0.262963 -0.039561 1.072971
    50 0.599951 0.959244 0.300102 0.174544 0.000000 0.000000
    51 2.556570 -0.000385 0.000554 0.263743 0.129455 1.165861
    52 2.103851 0.005614 -0.001014 0.452208 -0.377188 0.758709
    53 0.999374 -0.000237 1.307021 0.000000 0.000000 -0.070565
    54 0.310846 -0.606445 -0.498005 0.308107 -0.197598 0.313976
    55 1.869163 -0.000835 -0.000994 -0.000007 0.000015 0.840532
    56 1.200941 0.399582 -0.000237 -0.009465 0.016087 0.007127
    57 0.000586 0.100342 -0.000319 -0.120035 -0.021926 -0.209617
    58 -0.161663 0.051712 0.194808 -2.941982 0.122408 -0.060194
    59 2.010092 -0.007109 -0.007284 0.000018 0.000025 0.871112
    60 0.000240 0.099802 -0.000395 -0.018823 0.010833 -0.239219
    61 -0.203197 0.048607 0.069150 -3.093332 0.033217 -0.046722
    62 1.180428 -0.006214 0.000780 -0.000026 -0.000048 0.586051
    63 -0.000196 0.099625 -0.000034 0.000000 0.000000 -0.314102
    64 -0.088736 -0.688435 -0.145203 2.930407 -0.136130 0.513013
    65 1.715976 0.000578 0.003818 0.000023 -0.000021 0.699773
    66 -0.000580 0.100145 -0.000311 -0.010912 0.023131 -0.260841
    67 -0.146030 -0.232426 -0.014225 3.028455 -0.094299 0.113020
    68 1.290632 0.000362 -0.000032 0.000000 0.000000 -0.148071
    69 -0.658121 -0.003575 0.072645 -0.142711 0.027792 -0.077299
    70 1.868080 -0.003049 0.006083 0.000027 0.000027 1.126039
    71 1.200079 0.399944 -0.000093 0.009465 -0.016087 0.007127
    72 0.000591 0.100342 0.000319 0.120035 0.021926 -0.209617
    73 0.068077 0.002285 -0.080050 3.111376 -0.069366 -0.060847
    74 2.015780 -0.005083 0.006086 0.000023 -0.000049 1.297769
    75 0.000229 0.099802 0.000395 0.018823 -0.010833 -0.239219
    76 -0.018673 -0.001009 0.047544 3.109244 0.002635 -0.106673
    77 1.178665 0.001595 0.000845 0.000000 0.000000 0.669112
    78 -0.000198 0.099628 0.000034 0.000000 0.000000 -0.314102
    79 0.036892 -0.634449 0.266284 -2.801062 0.174301 0.490914
    80 1.704350 -0.002506 -0.000686 -0.000046 -0.000037 1.003587
    81 -0.000576 0.100136 0.000311 0.010912 -0.023131 -0.260841
    82 -0.003952 -0.281811 0.115047 -3.059162 0.089004 0.167964
    83 1.289627 0.003949 0.000061 -0.000014 0.000003 0.465351
    84 -0.171528 -0.018148 -0.099873 0.013484 -0.062184 -0.011780
    85 0.912716 0.007240 0.001326 0.000031 0.000069 0.969749
    86 -0.342617 0.053404 -0.025571 -2.909301 -0.017248 0.075276
    87 1.100231 -0.000930 -0.002434 0.000009 0.000014 0.424742
    88 -0.384983 0.330998 0.006848 -3.087207 -0.018765 -0.184279
    89 0.678146 0.002286 0.000002 -0.000066 0.000041 0.367663
    90 -0.123848 0.072737 0.029507 2.898184 -0.060627 0.094834
    91 1.017166 -0.000154 -0.000252 -0.000023 -0.000074 0.382241
    92 -0.344986 0.123129 0.143151 2.994981 0.012396 0.059140
    93 -0.730988 0.177046 0.039141 -0.123731 0.076518 -0.084310
    94 0.925900 0.005205 -0.000896 -0.000002 -0.000011 0.484984
    95 -0.124027 -0.052092 0.038496 3.077813 -0.008519 0.039229
    96 1.100430 -0.003552 0.000503 0.000065 0.000042 0.904205
    97 -0.330082 0.160641 0.042780 3.128073 0.034033 -0.171236
    98 0.675854 0.005438 0.003272 0.000014 0.000015 0.945948
    99 -0.019516 -0.016531 0.038578 -2.763781 0.050305 0.076828
    100 1.018891 0.005113 0.001121 -0.000042 0.000031 0.984604
    101 -0.155312 0.130643 -0.021921 -3.022466 0.022433 -0.024903
    102 -0.252209 0.061937 -0.024914 -0.007671 -0.063171 -0.044392
    103 -0.085991 0.185203 -0.015180 -2.937063 -0.113970 -0.138991
    104 -0.286537 0.179852 0.024264 -3.109353 -0.049645 -0.029915
    105 -0.019489 0.147084 0.079203 2.893815 0.038585 -0.060594
    106 -0.046482 0.251898 0.129548 3.016165 0.077112 -0.042864
    107 0.039120 -0.040298 0.047739 3.084219 0.030470 -0.037414
    108 -0.233757 0.066630 0.001754 -3.133086 0.040141 -0.065413
    109 0.044266 0.020128 0.001684 -2.778763 -0.118872 -0.040488
    110 0.071495 0.074127 -0.048302 -3.035917 -0.059482 0.104366
    111 0.000000 0.000000 0.000000 0.000000 0.000000 -1.570796
    112 15.266091 -3.613392 -2.625080 0.000000 0.000187 0.000373
    113 -3.781365 8.301035 -0.492203 0.541576 -0.771936 -1.509642
    114 -1.541997 0.000000 1.809996 0.000000 0.000000 0.000000
    115 5.560989 0.000000 1.164998 0.000000 0.000000 0.000000
    116 1.770997 -0.313999 1.249997 0.000000 0.000000 -1.570817
    117 3.817992 0.000000 -0.014000 0.000000 0.000000 0.000000
    118 -0.469999 0.000000 -3.436993 0.000000 0.000000 0.000000
    119 -2.237996 0.000000 -3.187994 0.000000 0.000000 0.000000
    120 3.318993 0.000000 3.457993 0.000000 -0.159155 0.000000
    121 0.000000 0.000000 0.000000 0.000000 0.000000 0.000000
    122 0.532999 0.510999 -0.840998 0.000000 0.000000 0.000000
    123 0.000000 0.000000 0.000000 0.000000 0.000000 0.000000
    124 -0.106000 0.000000 64.320000 0.000000 0.000000 0.000000
    125 0.000000 0.000000 0.000000 0.000000 0.000000 0.000000
    126 0.000000 0.000000 0.000000 -0.000072 -0.000276 -0.000276
    127 25.066368 -3.614649 7.963421 -0.000019 0.000146 0.000421
    128 0.106000 0.000000 -64.320000 0.000000 0.000000 0.000000
    129 0.000000 0.000000 0.000000 0.000000 0.000000 0.000000
    130 0.000000 0.000000 -4.867002 -3.141592 0.000000 -3.128591
    131 0.000000 0.000000 4.867000 -3.141592 0.000000 -3.128591
    132 4.000000 -6.500000 0.000000 0.000000 0.000000 0.000977
    133 -6.500000 0.000000 0.000000 0.000000 1.570796 0.000000
    134 1.000088 -0.000029 0.000000 0.000000 0.000000 0.000000
    135 17.162516 -0.000404 0.000000 0.000000 0.000000 0.119214
    136 9.999891 -0.000303 0.000000 0.000000 0.000000 0.000000
    137 1.000088 -0.000029 0.000000 0.000000 0.000000 0.000000
    138 17.162516 -0.000404 0.000000 0.000000 0.000000 0.119214
    139 9.499836 0.000212 0.000000 0.000000 0.000000 0.000000
    140 0.000000 0.000000 0.000000 0.000000 0.000000 0.000000
    141 17.749374 0.295515 0.000000 0.000000 0.000000 -1.158958
    142 0.017889 0.299792 0.000000 0.000000 0.000000 -0.059582
    143 12.283573 1.581456 -4.696000 1.462269 -0.086726 0.090185
    144 17.749376 0.295515 0.000000 0.000000 0.000000 -1.158958
    145 0.017889 0.299792 0.000000 0.000000 0.000000 -0.059582
    146 13.354000 0.000000 0.000000 0.000000 0.000000 -0.294101
    147 4.530998 0.000000 0.000000 0.000000 0.000000 0.000000
    148 0.000000 0.000000 0.000000 0.000000 0.000000 0.000000
    149 5.413524 0.000347 0.000000 0.000000 0.000000 -0.518055
    150 5.413524 0.000347 0.000000 0.000000 0.000000 -0.518055
    151 4.662001 -5.366332 4.825191 1.569715 1.561305 -3.121216
    152 3.116966 -0.000443 0.000000 0.000000 0.000000 0.294101
    153 4.531197 0.000000 0.000000 0.000000 0.000000 0.000000
    154 -1.912000 0.003000 0.278000 0.000000 0.000000 0.000000
    155 -3.830000 0.003000 0.015000 0.000000 0.000000 0.000000
    156 -0.024000 0.000000 3.200000 0.000000 0.305210 0.000000
    157 -14.781400 3.794500 -58.259201 0.000000 0.000000 0.000000
    158 3.512001 -3.547000 -1.066000 0.000000 1.570796 0.000000
    159 3.456001 -3.517000 1.169000 0.000000 1.570796 0.000000
    160 6.233002 0.000000 0.000000 0.000000 0.000000 0.000000
    161 -0.171997 -0.106000 -0.902000 1.570713 1.029176 -3.134550
    162 6.241997 -6.380000 0.000000 -0.000276 0.000072 0.000276
    163 1.947000 -0.003000 -0.278000 0.000000 0.000000 0.000000
    164 -2.941000 -0.003000 0.381000 0.000000 0.000000 0.000000
    165 -2.941000 -0.003000 0.381000 0.000000 0.000000 0.000000
    166 -0.070000 -0.003000 0.481000 0.000000 0.000000 0.000000
    167 -0.002780 0.000000 0.017476 0.000000 -0.382402 0.000000
    168 3.999434 -0.000527 -0.000332 -0.546141 0.000000 0.000000
    169 3.999901 0.000038 0.001011 0.260674 0.000000 0.000000
    170 1.598000 0.000000 0.000000 0.000000 0.000000 0.000000
    171 -1.145525 0.000130 0.000668 0.000000 0.000000 0.000000
    172 2.299679 -2.499979 -0.599480 0.891953 0.221525 -0.527302
    173 10.944479 -3.191439 -0.332344 1.597557 -0.146608 -0.183990
    174 -9.580671 -27.862106 -37.184677 0.812879 -0.123459 -0.568477
    175 0.649933 -0.548295 0.093651 -1.665913 -0.131399 -0.112062
    176 0.657074 0.008402 0.040371 -1.665945 -0.131407 -0.000013
    177 0.665776 0.747221 -0.029190 -1.665935 -0.131408 0.094976
    178 2.300139 -2.499413 0.600159 -0.892076 -0.221524 -0.527221
    179 12.187820 1.068084 0.992054 1.811734 -0.001398 0.197485
    180 2.762350 0.116951 1.523975 1.629482 0.064153 1.743800
    181 7.228317 7.928197 -3.925652 2.328713 0.123459 -0.568477
    182 0.650394 -0.547730 -0.092979 1.665913 0.131399 -0.112062
    183 0.657069 0.008398 -0.040379 1.665945 0.131407 -0.000013
    184 0.665775 0.747221 0.029179 1.665935 0.131408 0.094976
    185 -4.481003 -0.202000 0.000000 0.000000 0.000000 0.000000
    186 -5.516998 -0.291000 -0.001000 0.000000 0.000000 0.000000
    187 -0.857700 0.104071 0.104683 0.023536 0.163924 0.013632
    188 1.899119 0.000423 -0.000439 0.027386 -0.033311 0.477848
    189 1.799661 -0.000233 0.000231 0.027386 -0.033311 0.477848
    190 1.799661 -0.000233 0.000231 0.027386 -0.033311 0.477848
    191 1.799661 -0.000233 0.000231 0.027386 -0.033311 0.477848
    192 1.900310 -0.000137 -0.000517 0.027386 -0.033311 0.477848
    193 1.899435 -0.000317 -0.000150 -0.027386 0.033311 0.477848
    194 1.799662 -0.000240 -0.000233 -0.027386 0.033311 0.477848
    195 1.799662 -0.000240 -0.000233 -0.027386 0.033311 0.477848
    196 1.799662 -0.000240 -0.000233 -0.027386 0.033311 0.477848
    197 1.900729 0.000553 -0.000072 -0.027386 0.033311 0.477848
    198 0.599884 0.400187 -0.000031 0.000000 0.000000 0.000000
    199 0.599886 0.400185 0.000034 0.000000 0.000000 -3.141592
    200 0.599503 0.400694 0.000234 0.000000 0.000000 0.000000
    201 0.600029 -0.000020 -0.000019 0.000000 0.000000 -3.141592
  time 47
    0 0.000000 0.000000 0.000000 0.000000 0.000000 -1.570796
    1 -0.106323 0.000000 -0.000198 0.000000 0.000000 0.000000
    2 0.000000 0.000000 0.000000 0.000000 0.000000 0.000000
    3 -0.904000 0.000000 -11.806000 0.000000 0.000000 0.000000
    4 0.000000 0.000000 -14.313999 0.000000 -1.570796 1.570857
    5 3.533001 0.000000 0.000000 0.000000 0.000000 0.000000
    6 6.250000 0.000000 0.000000 0.000000 0.000000 0.000000
    7 9.562500 1.924805 -1.815430 -0.161250 1.437164 -0.160081
    8 9.562500 1.924805 1.815430 0.098301 -1.350314 -0.096174
    9 5.790726 0.002787 -0.000113 -0.867919 0.354767 -1.708423
    10 5.999492 -0.000592 -4.000343 0.000000 0.000000 0.000000
    11 5.791316 0.002582 0.004799 0.988626 -0.654607 -1.293912
    12 5.999492 -0.000592 4.000336 0.000000 0.000000 0.000000
    13 0.500225 0.000133 -0.000088 0.006432 0.000000 0.000000
    14 11.534559 0.004255 -0.001312 -0.000017 -0.000003 -1.235536
    15 -0.829338 0.893824 0.079659 -0.148839 0.047645 0.087266
    16 0.500225 0.000132 0.000076 -0.178120 0.000000 0.000000
    17 11.532495 0.004432 -0.000089 -0.000042 -0.000094 -1.695112
    18 -0.829586 0.894698 -0.079464 0.045377 -0.019621 0.087266
    19 10.599884 0.000105 -0.000553 -1.091395 -0.000036 -0.000012
    20 0.240763 -0.345495 -0.000805 -0.000048 0.000023 0.617807
    21 11.042057 0.003717 0.000798 -0.849294 -0.113607 1.077542
    22 -1.214832 0.203470 -0.477489 -0.135025 -0.078677 -0.001289
    23 10.599880 0.000105 0.000549 0.520129 0.000000 0.000000
    24 0.592334 -0.525188 0.000801 0.000048 -0.000023 0.847762
    25 11.041742 0.003171 -0.000571 0.405728 0.192507 0.829100
    26 -1.063377 0.077663 0.150230 0.045121 0.020046 -0.012850
    27 0.610302 -0.939470 0.070343 -1.654689 -0.083643 -0.180446
    28 0.639940 -0.199121 0.060188 -1.665350 -0.069863 -0.072271
    29 0.600155 1.080261 -0.339535 -1.744070 0.106121 0.045580
    30 0.610207 0.400743 -0.010101 -1.761945 0.010532 0.028970
    31 0.634715 -0.693997 -0.232343 0.059919 -0.073914 -0.756778
    32 -0.792125 0.203736 0.461300 1.439074 -0.003453 -0.018305
    33 0.610300 -0.939469 -0.070351 1.655295 0.140055 -0.175712
    34 0.639937 -0.199121 -0.060200 1.671196 0.183093 -0.036869
    35 0.600157 1.080259 0.339531 1.741577 0.106930 0.153526
    36 0.610205 0.400743 0.010086 1.766517 0.125877 0.080168
    37 0.624002 -0.695300 0.232270 -0.769768 -0.597197 -0.932645
    38 -0.626031 -0.069983 -0.080517 -1.447153 0.086151 0.021559
    39 2.625284 -0.002532 -0.001438 -0.430289 -0.140791 0.893715
    40 2.664743 0.000397 -0.000071 -0.298904 0.030196 1.083906
    41 2.206394 0.003368 -0.006769 -0.280514 0.067955 0.963327
    42 0.599952 0.959240 -0.300102 -0.174544 0.000000 0.000000
    43 2.557190 -0.005873 0.006359 -0.193028 0.063218 1.091356
    44 2.095024 -0.003873 -0.002193 -0.235253 0.301195 0.566264
    45 0.999380 -0.000236 -1.240621 -0.000001 0.000000 0.000000
    46 -0.122639 -0.721856 0.661690 -0.486644 0.223964 0.243056
    47 2.622113 -0.004555 0.002741 0.030978 0.424650 0.103349
    48 2.654002 0.004589 -0.000533 0.322092 0.240150 1.085352
    49 2.199219 0.000515 -0.000122 0.262963 -0.039561 1.072971
    50 0.599951 0.959244 0.300102 0.174544 0.000000 0.000000
    51 2.556570 -0.000385 0.000554 0.263743 0.129455 1.165861
    52 2.103851 0.005614 -0.001014 0.452208 -0.377200 0.758709
    53 0.999374 -0.000237 1.307021 0.000000 0.000000 -0.070565
    54 0.310846 -0.606445 -0.498005 0.308107 -0.197598 0.313976
    55 1.873069 -0.004741 -0.000994 -0.000007 0.000004 0.840532
    56 1.200941 0.399582 -0.000237 -0.009465 0.016087 0.007127
    57 0.000586 0.100342 -0.000319 -0.120035 -0.021926 -0.209617
    58 -0.161663 0.051712 0.194808 -2.941982 0.122408 -0.060194
    59 2.010092 -0.007109 -0.003377 0.000018 0.000025 0.871112
    60 0.000240 0.099802 -0.000395 -0.018823 0.010833 -0.239219
    61 -0.203197 0.048607 0.069150 -3.093332 0.033217 -0.046722
    62 1.180428 -0.006214 0.000780 -0.000026 -0.000048 0.586051
    63 -0.000196 0.099625 -0.000034 0.000000 0.000000 -0.314102
    64 -0.088736 -0.688435 -0.145203 2.930407 -0.136130 0.513013
    65 1.712069 -0.003328 -0.000088 0.000023 -0.000021 0.699773
    66 -0.000580 0.100145 -0.000311 -0.010912 0.023131 -0.260841
    67 -0.146030 -0.232426 -0.014225 3.028455 -0.094299 0.113020
    68 1.290632 0.000362 -0.000032 0.000000 0.000000 -0.148043
    69 -0.658121 -0.003575 0.072645 -0.142711 0.027792 -0.077299
    70 1.868080 -0.003049 0.006083 0.000027 0.000027 1.126039
    71 1.200079 0.399944 -0.000093 0.009465 -0.016087 0.007127
    72 0.000591 0.100342 0.000319 0.120035 0.021926 -0.209617
    73 0.068077 0.002285 -0.080050 3.111376 -0.069366 -0.060847
    74 2.015780 -0.005083 0.006086 0.000035 -0.000049 1.297769
    75 0.000229 0.099802 0.000395 0.018823 -0.010833 -0.239219
    76 -0.018673 -0.001009 0.047544 3.109244 0.002635 -0.106673
    77 1.178665 0.001595 0.000845 0.000000 0.000000 0.669112
    78 -0.000198 0.099628 0.000034 0.000000 0.000000 -0.314102
    79 0.036892 -0.634449 0.266284 -2.801062 0.174301 0.490914
    80 1.704350 -0.002506 -0.004592 -0.000046 -0.000037 1.003587
    81 -0.000576 0.100136 0.000311 0.010912 -0.023131 -0.260841
    82 -0.003952 -0.281811 0.115047 -3.059162 0.089004 0.167964
    83 1.289627 0.003949 0.000061 -0.000014 0.000003 0.465351
    84 -0.171528 -0.018148 -0.099873 0.013484 -0.062184 -0.011780
    85 0.912716 0.007240 0.001326 0.000042 0.000069 0.969749
    86 -0.342617 0.053404 -0.025571 -2.909301 -0.017248 0.075276
    87 1.100231 -0.000930 -0.002434 0.000009 0.000014 0.424784
    88 -0.384983 0.330998 0.006848 -3.087207 -0.018765 -0.184279
    89 0.678146 0.006192 0.000002 -0.000066 0.000053 0.367713
    90 -0.123848 0.072737 0.029507 2.898184 -0.060627 0.094834
    91 1.017166 -0.000154 -0.000252 -0.000035 -0.000074 0.382241
    92 -0.344986 0.123129 0.143151 2.994981 0.012396 0.059140
    93 -0.730988 0.177046 0.039141 -0.123731 0.076518 -0.084310
    94 0.921993 0.005205 -0.000896 -0.000002 -0.000011 0.484984
    95 -0.124027 -0.052092 0.038496 3.077813 -0.008519 0.039229
    96 1.100430 -0.003552 0.000503 0.000065 0.000042 0.904205
    97 -0.330082 0.160641 0.042780 3.128073 0.034033 -0.171236
    98 0.675854 0.005438 0.003272 0.000014 0.000003 0.945948
    99 -0.019516 -0.016531 0.038578 -2.763781 0.050305 0.076828
    100 1.014985 0.005113 0.001121 -0.000042 0.000031 0.984604
    101 -0.155312 0.130643 -0.021921 -3.022466 0.022433 -0.024903
    102 -0.252209 0.061937 -0.024914 -0.007671 -0.063171 -0.044392
    103 -0.085991 0.185203 -0.015180 -2.937063 -0.113970 -0.138991
    104 -0.286537 0.179852 0.024264 -3.109353 -0.049645 -0.029915
    105 -0.019489 0.147084 0.079203 2.893815 0.038585 -0.060594
    106 -0.046482 0.251898 0.129548 3.016165 0.077112 -0.042864
    107 0.039120 -0.040298 0.047739 3.084219 0.030470 -0.037414
    108 -0.233757 0.066630 0.001754 -3.133086 0.040141 -0.065413
    109 0.044266 0.020128 0.001684 -2.778763 -0.118872 -0.040488
    110 0.071495 0.074127 -0.048302 -3.035917 -0.059482 0.104366
    111 0.000000 0.000000 0.000000 0.000000 0.000000 -1.570796
    112 15.266091 -3.617298 -2.625080 0.000000 0.000094 0.000280
    113 -3.777459 8.301035 -0.496109 0.541408 -0.772027 -1.509642
    114 -1.541997 0.000000 1.809996 0.000000 0.000000 0.000000
    115 5.560989 0.000000 1.164998 0.000000 0.000000 0.000000
    116 1.770997 -0.313999 1.249997 0.000000 0.000000 -1.570817
    117 3.817992 0.000000 -0.014000 0.000000 0.000000 0.000000
    118 -0.469999 0.000000 -3.436993 0.000000 0.000000 0.000000
    119 -2.237996 0.000000 -3.187994 0.000000 0.000000 0.000000
    120 3.318993 0.000000 3.457993 0.000000 -0.159155 0.000000
    121 0.000000 0.000000 0.000000 0.000000 0.000000 0.000000
    122 0.532999 0.510999 -0.840998 0.000000 0.000000 0.000000
    123 0.000000 0.000000 0.000000 0.000000 0.000000 0.000000
    124 -0.106000 0.000000 64.320000 0.000000 0.000000 0.000000
    125 0.000000 0.000000 0.000000 0.000000 0.000000 0.000000
    126 0.000000 0.000000 0.000000 -0.000036 -0.000132 -0.000132
    127 25.066368 -3.622462 7.963421 -0.000114 0.000099 0.000235
    128 0.106000 0.000000 -64.320000 0.000000 0.000000 0.000000
    129 0.000000 0.000000 0.000000 0.000000 0.000000 0.000000
    130 0.000000 0.000000 -4.867002 -3.141592 0.000000 -3.128591
    131 0.000000 0.000000 4.867000 -3.141592 0.000000 -3.128591
    132 4.000000 -6.500000 0.000000 0.000000 0.000000 0.000977
    133 -6.500000 0.000000 0.000000 0.000000 1.570796 0.000000
    134 1.000088 -0.000029 0.000000 0.000000 0.000000 0.000000
    135 17.162516 -0.000404 0.000000 0.000000 0.000000 0.119214
    136 9.999891 -0.000303 0.000000 0.000000 0.000000 0.000000
    137 1.000088 -0.000029 0.000000 0.000000 0.000000 0.000000
    138 17.162516 -0.000404 0.000000 0.000000 0.000000 0.119214
    139 9.499836 0.000212 0.000000 0.000000 0.000000 0.000000
    140 0.000000 0.000000 0.000000 0.000000 0.000000 0.000000
    141 17.749374 0.295515 0.000000 0.000000 0.000000 -1.158958
    142 0.017889 0.299792 0.000000 0.000000 0.000000 -0.059582
    143 12.283573 1.581456 -4.696000 1.462269 -0.086726 0.090185
    144 17.749376 0.295515 0.000000 0.000000 0.000000 -1.158958
    145 0.017889 0.299792 0.000000 0.000000 0.000000 -0.059582
    146 13.354000 0.000000 0.000000 0.000000 0.000000 -0.294101
    147 4.530998 0.000000 0.000000 0.000000 0.000000 0.000000
    148 0.000000 0.000000 0.000000 0.000000 0.000000 0.000000
    149 5.413524 0.000347 0.000000 0.000000 0.000000 -0.518055
    150 5.413524 0.000347 0.000000 0.000000 0.000000 -0.518055
    151 4.662001 -5.366332 4.825191 1.569715 1.561305 -3.121216
    152 3.116966 -0.000443 0.000000 0.000000 0.000000 0.294101
    153 4.531197 0.000000 0.000000 0.000000 0.000000 0.000000
    154 -1.912000 0.003000 0.278000 0.000000 0.000000 0.000000
    155 -3.830000 0.003000 0.015000 0.000000 0.000000 0.000000
    156 -0.024000 0.000000 3.200000 0.000000 0.305210 0.000000
    157 -14.781400 3.794500 -58.259201 0.000000 0.000000 0.000000
    158 3.512001 -3.547000 -1.066000 0.000000 1.570796 0.000000
    159 3.456001 -3.517000 1.169000 0.000000 1.570796 0.000000
    160 6.233002 0.000000 0.000000 0.000000 0.000000 0.000000
    161 -0.171997 -0.106000 -0.902000 1.570713 1.029176 -3.134550
    162 6.241997 -6.380000 0.000000 -0.000132 0.000036 0.000132
    163 1.947000 -0.003000 -0.278000 0.000000 0.000000 0.000000
    164 -2.941000 -0.003000 0.381000 0.000000 0.000000 0.000000
    165 -2.941000 -0.003000 0.381000 0.000000 0.000000 0.000000
    166 -0.070000 -0.003000 0.481000 0.000000 0.000000 0.000000
    167 -0.002780 0.000000 0.017476 0.000000 -0.382402 0.000000
    168 3.999434 -0.000527 -0.000332 -0.546010 0.000000 0.000000
    169 3.999901 0.000038 0.001011 0.260378 0.000000 0.000000
    170 1.598000 0.000000 0.000000 0.000000 0.000000 0.000000
    171 -1.145525 0.000130 0.000668 0.000000 0.000000 0.000000
    172 2.299679 -2.499979 -0.599480 0.891953 0.221525 -0.527302
    173 10.944479 -3.191439 -0.332344 1.597557 -0.146608 -0.183990
    174 -9.580671 -27.862106 -37.184677 0.812879 -0.123459 -0.568477
    175 0.649933 -0.548295 0.093651 -1.665913 -0.131399 -0.112062
    176 0.657074 0.008402 0.040371 -1.665945 -0.131407 -0.000013
    177 0.665776 0.747221 -0.029190 -1.665935 -0.131408 0.094976
    178 2.300139 -2.499413 0.600159 -0.892076 -0.221524 -0.527221
    179 12.187820 1.068084 0.992054 1.811734 -0.001398 0.197485
    180 2.762350 0.116951 1.523975 1.629482 0.064153 1.743800
    181 7.228317 7.928197 -3.925652 2.328713 0.123459 -0.568477
    182 0.650394 -0.547730 -0.092979 1.665913 0.131399 -0.112062
    183 0.657069 0.008398 -0.040379 1.665945 0.131407 -0.000013
    184 0.665775 0.747221 0.029179 1.665935 0.131408 0.094976
    185 -4.481003 -0.202000 0.000000 0.000000 0.000000 0.000000
    186 -5.516998 -0.291000 -0.001000 0.000000 0.000000 0.000000
    187 -0.857700 0.104071 0.104683 0.023536 0.163924 0.013632
    188 1.899119 0.000423 -0.000439 0.027386 -0.033311 0.477848
    189 1.799661 -0.000233 0.000231 0.027386 -0.033311 0.477848
    190 1.799661 -0.000233 0.000231 0.027386 -0.033311 0.477848
    191 1.799661 -0.000233 0.000231 0.027386 -0.033311 0.477848
    192 1.900310 -0.000137 -0.000517 0.027386 -0.033311 0.477848
    193 1.899435 -0.000317 -0.000150 -0.027386 0.033311 0.477848
    194 1.799662 -0.000240 -0.000233 -0.027386 0.033311 0.477848
    195 1.799662 -0.000240 -0.000233 -0.027386 0.033311 0.477848
    196 1.799662 -0.000240 -0.000233 -0.027386 0.033311 0.477848
    197 1.900729 0.000553 -0.000072 -0.027386 0.033311 0.477848
    198 0.599884 0.400187 -0.000031 0.000000 0.000000 0.000000
    199 0.599886 0.400185 0.000034 0.000000 0.000000 -3.141592
    200 0.599503 0.400694 0.000234 0.000000 0.000000 0.000000
    201 0.600029 -0.000020 -0.000019 0.000000 0.000000 -3.141592
  time 48
    0 0.000000 0.000000 0.000000 0.000000 0.000000 -1.570796
    1 -0.106323 0.000000 -0.000198 0.000000 0.000000 0.000000
    2 0.000000 0.000000 0.000000 0.000000 0.000000 0.000000
    3 -0.904000 0.000000 -11.806000 0.000000 0.000000 0.000000
    4 0.000000 0.000000 -14.313999 0.000000 -1.570796 1.570857
    5 3.533001 0.000000 0.000000 0.000000 0.000000 0.000000
    6 6.250000 0.000000 0.000000 0.000000 0.000000 0.000000
    7 9.562500 1.924805 -1.815430 -0.161250 1.437164 -0.160081
    8 9.562500 1.924805 1.815430 0.098301 -1.350314 -0.096174
    9 5.790726 0.002787 -0.000113 -0.868015 0.354865 -1.708746
    10 5.999492 -0.000592 -4.000343 0.000000 0.000000 0.000000
    11 5.791316 0.002582 0.004799 0.988547 -0.654569 -1.293640
    12 5.999492 -0.000592 4.000336 0.000000 0.000000 0.000000
    13 0.500225 0.000133 -0.000088 0.006336 0.000000 0.000000
    14 11.534559 0.004255 -0.001312 -0.000017 0.000009 -1.235153
    15 -0.829338 0.893824 0.079659 -0.148839 0.047645 0.087266
    16 0.500225 0.000132 0.000076 -0.178120 0.000000 0.000000
    17 11.532495 0.004432 -0.000089 -0.000078 -0.000094 -1.695112
    18 -0.829586 0.894698 -0.079464 0.045377 -0.019621 0.087266
    19 10.599884 0.000105 -0.000553 -1.091478 -0.000024 -0.000036
    20 0.244669 -0.345495 -0.000805 -0.000048 0.000023 0.617621
    21 11.042057 0.003717 0.000798 -0.849364 -0.113557 1.077542
    22 -1.214832 0.203470 -0.477489 -0.135025 -0.078677 -0.001289
    23 10.599880 0.000105 0.000549 0.520129 0.000000 0.000000
    24 0.592334 -0.521282 0.000801 0.000048 -0.000035 0.847515
    25 11.041742 0.003171 -0.000571 0.405728 0.192551 0.829100
    26 -1.063377 0.077663 0.150230 0.045121 0.020046 -0.012850
    27 0.610302 -0.939470 0.070343 -1.654689 -0.083643 -0.180446
    28 0.639940 -0.199121 0.060188 -1.665350 -0.069863 -0.072271
    29 0.600155 1.080261 -0.339535 -1.744017 0.106121 0.045580
    30 0.610207 0.400743 -0.010101 -1.761945 0.010532 0.028970
    31 0.634715 -0.693997 -0.232343 0.059919 -0.073914 -0.756778
    32 -0.792125 0.203736 0.461300 1.439074 -0.003453 -0.018305
    33 0.610300 -0.939469 -0.070351 1.655295 0.140055 -0.175712
    34 0.639937 -0.199121 -0.060200 1.671196 0.183093 -0.036881
    35 0.600157 1.080259 0.339531 1.741683 0.106930 0.153526
    36 0.610205 0.400743 0.010086 1.766517 0.125877 0.080168
    37 0.624002 -0.691393 0.232270 -0.769768 -0.597180 -0.932645
    38 -0.626031 -0.069983 -0.080517 -1.447153 0.086151 0.021559
    39 2.621377 -0.002532 -0.001438 -0.430289 -0.140803 0.893634
    40 2.664743 0.000397 -0.000071 -0.298904 0.030208 1.083906
    41 2.206394 0.003368 -0.006769 -0.280514 0.067955 0.963327
    42 0.599952 0.959240 -0.300102 -0.174544 0.000000 0.000000
    43 2.557190 -0.005873 0.006359 -0.193028 0.063218 1.091356
    44 2.095024 -0.003873 -0.002193 -0.235253 0.301195 0.566284
    45 0.999380 -0.000236 -1.240621 -0.000001 0.000000 0.000000
    46 -0.122639 -0.721856 0.661690 -0.486644 0.223964 0.243056
    47 2.622113 -0.000648 0.006647 0.030966 0.424650 0.103349
    48 2.654002 0.004589 -0.000533 0.322092 0.240150 1.085352
    49 2.199219 0.000515 -0.000122 0.262963 -0.039561 1.072971
    50 0.599951 0.959244 0.300102 0.174544 0.000000 0.000000
    51 2.556570 -0.000385 0.000554 0.263743 0.129455 1.165861
    52 2.103851 0.005614 -0.001014 0.452208 -0.377200 0.758709
    53 0.999374 -0.000237 1.307021 0.000000 0.000000 -0.070565
    54 0.310846 -0.606445 -0.498005 0.308107 -0.197598 0.313976
    55 1.869163 -0.004741 -0.000994 -0.000007 0.000004 0.840532
    56 1.200941 0.399582 -0.000237 -0.009465 0.016087 0.007127
    57 0.000586 0.100342 -0.000319 -0.120035 -0.021926 -0.209617
    58 -0.161663 0.051712 0.194808 -2.941982 0.122408 -0.060194
    59 2.010092 -0.007109 -0.007284 0.000018 0.000013 0.871112
    60 0.000240 0.099802 -0.000395 -0.018823 0.010833 -0.239219
    61 -0.203197 0.048607 0.069150 -3.093332 0.033217 -0.046722
    62 1.180428 -0.006214 0.000780 -0.000026 -0.000048 0.586051
    63 -0.000196 0.099625 -0.000034 0.000000 0.000000 -0.314102
    64 -0.088736 -0.688435 -0.145203 2.930407 -0.136130 0.513013
    65 1.712069 0.000578 0.003818 0.000023 -0.000021 0.699773
    66 -0.000580 0.100145 -0.000311 -0.010912 0.023131 -0.260841
    67 -0.146030 -0.232426 -0.014225 3.028455 -0.094299 0.113020
    68 1.290632 0.000362 -0.000032 0.000000 0.000000 -0.148043
    69 -0.658121 -0.003575 0.072645 -0.142711 0.027792 -0.077299
    70 1.868080 -0.003049 0.006083 0.000039 0.000039 1.126039
    71 1.200079 0.399944 -0.000093 0.009465 -0.016087 0.007127
    72 0.000591 0.100342 0.000319 0.120035 0.021926 -0.209617
    73 0.068077 0.002285 -0.080050 3.111376 -0.069366 -0.060847
    74 2.011874 -0.005083 0.006086 0.000035 -0.000061 1.297769
    75 0.000229 0.099802 0.000395 0.018823 -0.010833 -0.239219
    76 -0.018673 -0.001009 0.047544 3.109244 0.002635 -0.106673
    77 1.178665 0.001595 0.000845 0.000000 0.000000 0.669112
    78 -0.000198 0.099628 0.000034 0.000000 0.000000 -0.314102
    79 0.036892 -0.634449 0.266284 -2.801062 0.174301 0.490914
    80 1.704350 -0.002506 -0.004592 -0.000046 -0.000037 1.003587
    81 -0.000576 0.100136 0.000311 0.010912 -0.023131 -0.260841
    82 -0.003952 -0.281811 0.115047 -3.059162 0.089004 0.167964
    83 1.289627 0.003949 0.000061 -0.000014 0.000003 0.465351
    84 -0.171528 -0.018148 -0.099873 0.013484 -0.062184 -0.011780
    85 0.912716 0.007240 0.001326 0.000042 0.000069 0.969749
    86 -0.342617 0.053404 -0.025571 -2.909301 -0.017248 0.075276
    87 1.100231 -0.000930 -0.002434 0.000009 0.000014 0.424784
    88 -0.384983 0.330998 0.006848 -3.087207 -0.018765 -0.184279
    89 0.678146 0.002286 0.000002 -0.000066 0.000053 0.367713
    90 -0.123848 0.072737 0.029507 2.898184 -0.060627 0.094834
    91 1.017166 -0.000154 -0.000252 -0.000035 -0.000074 0.382241
    92 -0.344986 0.123129 0.143151 2.994981 0.012396 0.059140
    93 -0.730988 0.177046 0.039141 -0.123731 0.076518 -0.084310
    94 0.925900 0.001298 -0.000896 -0.000002 -0.000011 0.484913
    95 -0.124027 -0.052092 0.038496 3.077813 -0.008519 0.039229
    96 1.100430 -0.007458 0.000503 0.000065 0.000042 0.904205
    97 -0.330082 0.160641 0.042780 3.128073 0.034033 -0.171236
    98 0.675854 0.005438 0.003272 0.000014 0.000003 0.945948
    99 -0.019516 -0.016531 0.038578 -2.763781 0.050305 0.076828
    100 1.014985 0.005113 0.001121 -0.000054 0.000031 0.984604
    101 -0.155312 0.130643 -0.021921 -3.022466 0.022433 -0.024903
    102 -0.252209 0.061937 -0.024914 -0.007671 -0.063171 -0.044392
    103 -0.085991 0.185203 -0.015180 -2.937063 -0.113970 -0.138991
    104 -0.286537 0.179852 0.024264 -3.109353 -0.049645 -0.029915
    105 -0.019489 0.147084 0.079203 2.893815 0.038585 -0.060594
    106 -0.046482 0.251898 0.129548 3.016165 0.077112 -0.042864
    107 0.039120 -0.040298 0.047739 3.084219 0.030470 -0.037414
    108 -0.233757 0.066630 0.001754 -3.133086 0.040141 -0.065413
    109 0.044266 0.020128 0.001684 -2.778763 -0.118872 -0.040488
    110 0.071495 0.074127 -0.048302 -3.035917 -0.059482 0.104366
    111 0.000000 0.000000 0.000000 0.000000 0.000000 -1.570796
    112 15.266091 -3.617298 -2.625080 0.000000 0.000047 0.000000
    113 -3.773553 8.297128 -0.496109 0.541156 -0.772119 -1.509813
    114 -1.541997 0.000000 1.809996 0.000000 0.000000 0.000000
    115 5.560989 0.000000 1.164998 0.000000 0.000000 0.000000
    116 1.770997 -0.313999 1.249997 0.000000 0.000000 -1.570817
    117 3.817992 0.000000 -0.014000 0.000000 0.000000 0.000000
    118 -0.469999 0.000000 -3.436993 0.000000 0.000000 0.000000
    119 -2.237996 0.000000 -3.187994 0.000000 0.000000 0.000000
    120 3.318993 0.000000 3.457993 0.000000 -0.159155 0.000000
    121 0.000000 0.000000 0.000000 0.000000 0.000000 0.000000
    122 0.532999 0.510999 -0.840998 0.000000 0.000000 0.000000
    123 0.000000 0.000000 0.000000 0.000000 0.000000 0.000000
    124 -0.106000 0.000000 64.320000 0.000000 0.000000 0.000000
    125 0.000000 0.000000 0.000000 0.000000 0.000000 0.000000
    126 0.000000 0.000000 0.000000 0.000000 0.000000 0.000000
    127 25.066368 -3.622462 7.963421 -0.000114 0.000052 0.000048
    128 0.106000 0.000000 -64.320000 0.000000 0.000000 0.000000
    129 0.000000 0.000000 0.000000 0.000000 0.000000 0.000000
    130 0.000000 0.000000 -4.867002 -3.141592 0.000000 -3.128591
    131 0.000000 0.000000 4.867000 -3.141592 0.000000 -3.128591
    132 4.000000 -6.500000 0.000000 0.000000 0.000000 0.000977
    133 -6.500000 0.000000 0.000000 0.000000 1.570796 0.000000
    134 1.000088 -0.000029 0.000000 0.000000 0.000000 0.000000
    135 17.162516 -0.000404 0.000000 0.000000 0.000000 0.119214
    136 9.999891 -0.000303 0.000000 0.000000 0.000000 0.000000
    137 1.000088 -0.000029 0.000000 0.000000 0.000000 0.000000
    138 17.162516 -0.000404 0.000000 0.000000 0.000000 0.119214
    139 9.499836 0.000212 0.000000 0.000000 0.000000 0.000000
    140 0.000000 0.000000 0.000000 0.000000 0.000000 0.000000
    141 17.749374 0.295515 0.000000 0.000000 0.000000 -1.158958
    142 0.017889 0.299792 0.000000 0.000000 0.000000 -0.059582
    143 12.283573 1.581456 -4.696000 1.462269 -0.086726 0.090185
    144 17.749376 0.295515 0.000000 0.000000 0.000000 -1.158958
    145 0.017889 0.299792 0.000000 0.000000 0.000000 -0.059582
    146 13.354000 0.000000 0.000000 0.000000 0.000000 -0.294101
    147 4.530998 0.000000 0.000000 0.000000 0.000000 0.000000
    148 0.000000 0.000000 0.000000 0.000000 0.000000 0.000000
    149 5.413524 0.000347 0.000000 0.000000 0.000000 -0.518055
    150 5.413524 0.000347 0.000000 0.000000 0.000000 -0.518055
    151 4.662001 -5.366332 4.825191 1.569715 1.561305 -3.121216
    152 3.116966 -0.000443 0.000000 0.000000 0.000000 0.294101
    153 4.531197 0.000000 0.000000 0.000000 0.000000 0.000000
    154 -1.912000 0.003000 0.278000 0.000000 0.000000 0.000000
    155 -3.830000 0.003000 0.015000 0.000000 0.000000 0.000000
    156 -0.024000 0.000000 3.200000 0.000000 0.305210 0.000000
    157 -14.781400 3.794500 -58.259201 0.000000 0.000000 0.000000
    158 3.512001 -3.547000 -1.066000 0.000000 1.570796 0.000000
    159 3.456001 -3.517000 1.169000 0.000000 1.570796 0.000000
    160 6.233002 0.000000 0.000000 0.000000 0.000000 0.000000
    161 -0.171997 -0.106000 -0.902000 1.570713 1.029176 -3.134550
    162 6.241997 -6.380000 0.000000 0.000000 0.000000 0.000000
    163 1.947000 -0.003000 -0.278000 0.000000 0.000000 0.000000
    164 -2.941000 -0.003000 0.381000 0.000000 0.000000 0.000000
    165 -2.941000 -0.003000 0.381000 0.000000 0.000000 0.000000
    166 -0.070000 -0.003000 0.481000 0.000000 0.000000 0.000000
    167 -0.002780 0.000000 0.017476 0.000000 -0.382402 0.000000
    168 3.999434 -0.000527 -0.000332 -0.545834 0.000000 0.000000
    169 3.999901 0.000038 0.001011 0.260081 0.000000 0.000000
    170 1.598000 0.000000 0.000000 0.000000 0.000000 0.000000
    171 -1.145525 0.000130 0.000668 0.000000 0.000000 0.000000
    172 2.299679 -2.499979 -0.599480 0.891953 0.221525 -0.527302
    173 10.944479 -3.191439 -0.332344 1.597557 -0.146608 -0.183990
    174 -9.580671 -27.862106 -37.184677 0.812879 -0.123459 -0.568477
    175 0.649933 -0.548295 0.093651 -1.665913 -0.131399 -0.112062
    176 0.657074 0.008402 0.040371 -1.665945 -0.131407 -0.000013
    177 0.665776 0.747221 -0.029190 -1.665935 -0.131408 0.094976
    178 2.300139 -2.499413 0.600159 -0.892076 -0.221524 -0.527221
    179 12.187820 1.068084 0.992054 1.811734 -0.001398 0.197485
    180 2.762350 0.116951 1.523975 1.629482 0.064153 1.743800
    181 7.228317 7.928197 -3.925652 2.328713 0.123459 -0.568477
    182 0.650394 -0.547730 -0.092979 1.665913 0.131399 -0.112062
    183 0.657069 0.008398 -0.040379 1.665945 0.131407 -0.000013
    184 0.665775 0.747221 0.029179 1.665935 0.131408 0.094976
    185 -4.481003 -0.202000 0.000000 0.000000 0.000000 0.000000
    186 -5.516998 -0.291000 -0.001000 0.000000 0.000000 0.000000
    187 -0.857700 0.104071 0.104683 0.023536 0.163924 0.013632
    188 1.899119 0.000423 -0.000439 0.027386 -0.033311 0.477848
    189 1.799661 -0.000233 0.000231 0.027386 -0.033311 0.477848
    190 1.799661 -0.000233 0.000231 0.027386 -0.033311 0.477848
    191 1.799661 -0.000233 0.000231 0.027386 -0.033311 0.477848
    192 1.900310 -0.000137 -0.000517 0.027386 -0.033311 0.477848
    193 1.899435 -0.000317 -0.000150 -0.027386 0.033311 0.477848
    194 1.799662 -0.000240 -0.000233 -0.027386 0.033311 0.477848
    195 1.799662 -0.000240 -0.000233 -0.027386 0.033311 0.477848
    196 1.799662 -0.000240 -0.000233 -0.027386 0.033311 0.477848
    197 1.900729 0.000553 -0.000072 -0.027386 0.033311 0.477848
    198 0.599884 0.400187 -0.000031 0.000000 0.000000 0.000000
    199 0.599886 0.400185 0.000034 0.000000 0.000000 -3.141592
    200 0.599503 0.400694 0.000234 0.000000 0.000000 0.000000
    201 0.600029 -0.000020 -0.000019 0.000000 0.000000 -3.141592
end
