// Created by Crowbar 0.74
version 1
nodes
  0 "tag_origin" -1
  1 "tag_view" 0
  2 "tag_ads" 1
  3 "tag_torso" 2
  4 "j_mainroot" 3
  5 "j_spinelower" 4
  6 "j_spineupper" 5
  7 "j_clavicle_le" 6
  8 "j_clavicle_ri" 6
  9 "j_shoulder_le" 7
  10 "j_teres_le" 7
  11 "j_shoulder_ri" 8
  12 "j_teres_ri" 8
  13 "j_shouldertwist_le" 9
  14 "j_elbow_le" 9
  15 "ValveBiped.Bip01_L_UpperArm" 9
  16 "j_shouldertwist_ri" 11
  17 "j_elbow_ri" 11
  18 "ValveBiped.Bip01_R_UpperArm" 11
  19 "j_wristfronttwist1_le" 14
  20 "j_elbowdq_le" 14
  21 "j_wrist_le" 14
  22 "ValveBiped.Bip01_L_Forearm" 14
  23 "j_wristfronttwist1_ri" 17
  24 "j_elbowdq_ri" 17
  25 "j_wrist_ri" 17
  26 "ValveBiped.Bip01_R_Forearm" 17
  27 "j_metaindex_le_1" 21
  28 "j_metamid_le_1" 21
  29 "j_metapinky_le_1" 21
  30 "j_metaring_le_1" 21
  31 "j_thumb_le_1" 21
  32 "ValveBiped.Bip01_L_Hand" 21
  33 "j_metaindex_ri_1" 25
  34 "j_metamid_ri_1" 25
  35 "j_metapinky_ri_1" 25
  36 "j_metaring_ri_1" 25
  37 "j_thumb_ri_1" 25
  38 "ValveBiped.Bip01_R_Hand" 25
  39 "j_index_le_1" 27
  40 "j_mid_le_1" 28
  41 "j_pinky_le_1" 29
  42 "j_webbing_le_3" 29
  43 "j_ring_le_1" 30
  44 "j_thumb_le_2" 31
  45 "j_webbing_le_2" 31
  46 "ValveBiped.Bip01_L_Finger0" 31
  47 "j_index_ri_1" 33
  48 "j_mid_ri_1" 34
  49 "j_pinky_ri_1" 35
  50 "j_webbing_ri_3" 35
  51 "j_ring_ri_1" 36
  52 "j_thumb_ri_2" 37
  53 "j_webbing_ri_2" 37
  54 "ValveBiped.Bip01_R_Finger0" 37
  55 "j_index_le_2" 39
  56 "j_indexbulge_le_1" 39
  57 "j_proc_index_le_1" 39
  58 "ValveBiped.Bip01_L_Finger1" 39
  59 "j_mid_le_2" 40
  60 "j_proc_mid_le_1" 40
  61 "ValveBiped.Bip01_L_Finger2" 40
  62 "j_pinky_le_2" 41
  63 "j_proc_pinky_le_1" 41
  64 "ValveBiped.Bip01_L_Finger4" 41
  65 "j_ring_le_2" 43
  66 "j_proc_ring_le_1" 43
  67 "ValveBiped.Bip01_L_Finger3" 43
  68 "j_thumb_le_3" 44
  69 "ValveBiped.Bip01_L_Finger01" 44
  70 "j_index_ri_2" 47
  71 "j_indexbulge_ri_1" 47
  72 "j_proc_index_ri_1" 47
  73 "ValveBiped.Bip01_R_Finger1" 47
  74 "j_mid_ri_2" 48
  75 "j_proc_mid_ri_1" 48
  76 "ValveBiped.Bip01_R_Finger2" 48
  77 "j_pinky_ri_2" 49
  78 "j_proc_pinky_ri_1" 49
  79 "ValveBiped.Bip01_R_Finger4" 49
  80 "j_ring_ri_2" 51
  81 "j_proc_ring_ri_1" 51
  82 "ValveBiped.Bip01_R_Finger3" 51
  83 "j_thumb_ri_3" 52
  84 "ValveBiped.Bip01_R_Finger01" 52
  85 "j_index_le_3" 55
  86 "ValveBiped.Bip01_L_Finger11" 55
  87 "j_mid_le_3" 59
  88 "ValveBiped.Bip01_L_Finger21" 59
  89 "j_pinky_le_3" 62
  90 "ValveBiped.Bip01_L_Finger41" 62
  91 "j_ring_le_3" 65
  92 "ValveBiped.Bip01_L_Finger31" 65
  93 "ValveBiped.Bip01_L_Finger02" 68
  94 "j_index_ri_3" 70
  95 "ValveBiped.Bip01_R_Finger11" 70
  96 "j_mid_ri_3" 74
  97 "ValveBiped.Bip01_R_Finger21" 74
  98 "j_pinky_ri_3" 77
  99 "ValveBiped.Bip01_R_Finger41" 77
  100 "j_ring_ri_3" 80
  101 "ValveBiped.Bip01_R_Finger31" 80
  102 "ValveBiped.Bip01_R_Finger02" 83
  103 "ValveBiped.Bip01_L_Finger12" 85
  104 "ValveBiped.Bip01_L_Finger22" 87
  105 "ValveBiped.Bip01_L_Finger42" 89
  106 "ValveBiped.Bip01_L_Finger32" 91
  107 "ValveBiped.Bip01_R_Finger12" 94
  108 "ValveBiped.Bip01_R_Finger22" 96
  109 "ValveBiped.Bip01_R_Finger42" 98
  110 "ValveBiped.Bip01_R_Finger32" 100
  111 "ValveBiped.Anim_Attachment_RH" -1
  112 "tag_pistol_offset" 111
  113 "tag_holo" 112
  114 "tag_acog_2" 112
  115 "j_gun" -1
  116 "j_hammer" 112
  117 "tag_align_gun" 112
  118 "tag_barrel_attach" 112
  119 "tag_brass" 112
  120 "tag_folding_grip" 112
  121 "tag_ik_loc_le" 112
  122 "tag_laser_attach" 112
  123 "tag_mag_attach" 112
  124 "tag_pistolgrip_attach" 112
  125 "tag_reflex" 112
  126 "tag_scope" 112
  127 "tag_stock_attach" 112
  128 "j_trigger" 127
  129 "tag_trigger_hide" 128
  130 "j_magrelease" 112
  131 "j_safety" 112
  132 "j_slidestop" 112
  133 "tag_rail" 112
  134 "tag_sync" 0
  135 "tag_camera_scripted" 0
  136 "tag_cambone" 1
  137 "tag_camera" 136
  138 "tag_weapon" 3
  139 "tag_player" 137
  140 "tag_playerhelmet" 137
  141 "j_hip_le" 4
  142 "j_hip_ri" 4
  143 "j_groinprotector" 4
  144 "j_crotch" 4
  145 "j_hiptwist_le" 141
  146 "j_knee_le" 141
  147 "j_hip_proc_le" 141
  148 "j_hiptwist_ri" 142
  149 "j_knee_ri" 142
  150 "j_hip_proc_ri" 142
  151 "j_proc_spinelower" 5
  152 "j_ankle_le" 146
  153 "j_kneedq_le" 146
  154 "tag_stowed_thigh" 148
  155 "j_ankle_ri" 149
  156 "j_kneedq_ri" 149
  157 "j_neck" 6
  158 "j_spine4" 6
  159 "j_proc_spineupper" 6
  160 "j_ball_le" 152
  161 "j_ball_ri" 155
  162 "tag_carry_attach" 7
  163 "j_head" 157
  164 "j_chest" 158
  165 "j_mag1" 123
  166 "j_mag2" 123
  167 "j_slide" 118
  168 "tag_flash" 118
  169 "j_eyeball_le" 163
  170 "j_eyeball_ri" 163
  171 "j_head_end" 163
  172 "j_jaw" 163
  173 "j_nvg" 163
  174 "j_shield_le" 14
  175 "j_shield_ri" 17
  176 "j_helmet" 171
  177 "j_proc_wristfronttwist1_le" 19
  178 "j_webbing_le_1" 21
  179 "tag_weapon_left" 21
  180 "tag_accessory_left" 21
  181 "j_proc_metaindex_le_1" 21
  182 "j_proc_metaknuckle_le_1" 21
  183 "j_proc_metapinky_le_1" 21
  184 "j_webbing_ri_1" 25
  185 "tag_weapon_right" 25
  186 "tag_knife_attach2" 25
  187 "tag_accessory_right" 25
  188 "j_proc_metaindex_ri_1" 25
  189 "j_proc_metaknuckle_ri_1" 25
  190 "j_proc_metapinky_ri_1" 25
  191 "j_visor" 176
  192 "j_visor_inner" 176
  193 "tag_wrist_attach_le" 177
  194 "j_proc_metaindex_le_2" 181
  195 "j_proc_knuckle_le_1" 182
  196 "j_proc_idle_knuckle_le_1" 182
  197 "j_proc_orient_knuckle_le_1" 182
  198 "j_proc_metapinky_le_2" 183
  199 "j_proc_metaindex_ri_2" 188
  200 "j_proc_knuckle_ri_1" 189
  201 "j_proc_idle_knuckle_ri_1" 189
  202 "j_proc_orient_knuckle_ri_1" 189
  203 "j_proc_metapinky_ri_2" 190
  204 "j_thumb_le_4" 68
  205 "j_thumb_ri_4" 83
  206 "j_index_le_4" 85
  207 "j_index_ri_4" 94
end
skeleton
  time 0
    0 0.000000 0.000000 0.000000 0.000000 0.000000 -1.570796
    1 -0.106323 0.000000 -0.000198 0.000000 0.000000 0.000000
    2 0.000000 0.000000 0.000000 0.000000 0.000000 0.000000
    3 -0.904000 0.000000 -11.806000 0.000000 0.000000 0.000000
    4 0.000000 0.000000 -14.313999 0.000000 -1.570796 1.570857
    5 3.533001 0.000000 0.000000 0.000000 0.000000 0.000000
    6 6.250000 0.000000 0.000000 0.000000 0.000000 0.000000
    7 9.889273 5.437691 -0.537727 -1.153277 1.547377 -1.153364
    8 9.662704 5.211122 2.975314 0.044893 -1.073416 -0.039654
    9 5.790726 0.002787 -0.000113 -0.662854 0.225187 -1.516154
    10 5.999492 -0.000592 -4.000343 0.000000 0.000000 0.000000
    11 5.791316 0.002582 0.000893 1.303304 -0.576183 -1.670824
    12 5.999492 -0.000592 4.000336 0.000000 0.000000 0.000000
    13 0.500225 0.000133 -0.000088 -0.108626 0.000000 0.000000
    14 11.534559 0.004255 -0.001312 -0.000017 0.000009 -1.015391
    15 -0.829338 0.893824 0.079659 -0.148839 0.047645 0.087266
    16 0.500225 0.000132 0.000076 -0.302778 0.000000 0.000000
    17 11.532495 0.000526 -0.000089 0.000006 -0.000022 -1.386252
    18 -0.829586 0.894698 -0.079464 0.045377 -0.019621 0.087266
    19 10.599884 0.000105 -0.000553 -1.213999 0.000012 0.000048
    20 0.158729 -0.282994 -0.000805 0.000000 0.000011 0.507695
    21 11.042057 0.003717 0.004704 -1.006107 0.202605 0.681598
    22 -1.214832 0.203470 -0.477489 -0.135025 -0.078677 -0.001289
    23 10.599880 0.000105 0.000549 0.178298 0.000000 0.000000
    24 0.338420 -0.404091 0.000801 0.000000 -0.000023 0.693122
    25 11.041742 0.003171 -0.000571 0.175883 0.600497 0.726698
    26 -1.063377 0.077663 0.150230 0.045121 0.020046 -0.012850
    27 0.610302 -0.939470 0.070343 -1.654790 -0.083571 -0.180446
    28 0.639940 -0.199121 0.060188 -1.665502 -0.069875 -0.072439
    29 0.600155 1.080261 -0.339535 -1.744070 0.106121 0.045497
    30 0.610207 0.400743 -0.010101 -1.761945 0.010520 0.028886
    31 0.634715 -0.693997 -0.232343 0.411026 0.086918 -1.024574
    32 -0.792125 0.203736 0.461300 1.439074 -0.003453 -0.018305
    33 0.610300 -0.939469 -0.070351 1.655335 0.140029 -0.175632
    34 0.639937 -0.199121 -0.060200 1.659528 0.202500 -0.040444
    35 0.600157 1.080259 0.339531 1.738023 -0.020790 0.107397
    36 0.610205 0.400743 0.010086 1.767175 0.146065 0.084305
    37 0.624002 -0.695300 0.232270 -0.854712 -0.350678 -0.976377
    38 -0.626031 -0.069983 -0.080517 -1.447153 0.086151 0.021559
    39 2.621377 -0.002532 -0.001438 -0.085280 -0.298184 0.821779
    40 2.664743 0.000397 -0.000071 -0.087628 -0.136082 1.023437
    41 2.202488 0.003368 -0.006769 -0.089491 -0.143212 1.068821
    42 0.599952 0.959240 -0.300102 -0.174544 0.000000 0.000000
    43 2.557190 -0.001967 0.006359 0.000396 -0.126858 1.058029
    44 2.095024 -0.003873 -0.002193 -0.627899 0.030088 0.680822
    45 0.999380 -0.000236 -1.076553 -0.000001 0.000000 0.000000
    46 -0.122639 -0.721856 0.661690 -0.486644 0.223964 0.243056
    47 2.622113 -0.004555 0.002741 0.248922 0.517307 0.335976
    48 2.656250 0.000780 0.000159 0.668585 0.306980 1.162188
    49 2.197266 0.000516 -0.000121 0.505440 -0.145574 1.217274
    50 0.599951 0.959244 0.300102 0.174544 0.000000 0.000000
    51 2.556641 -0.000149 -0.000030 0.544726 0.124361 1.290931
    52 2.103851 0.005614 -0.001014 0.819287 -0.369506 0.538927
    53 0.999374 -0.000237 1.178111 0.292927 0.028379 0.134647
    54 0.310846 -0.606445 -0.498005 0.308107 -0.197598 0.313976
    55 1.873069 -0.004741 -0.000994 -0.000007 0.000004 1.282729
    56 1.200941 0.399582 -0.000237 -0.009465 0.016087 0.007127
    57 0.000586 0.100342 -0.000319 -0.120035 -0.021926 -0.209617
    58 -0.161663 0.051712 0.194808 -2.941982 0.122408 -0.060194
    59 2.010092 -0.007109 -0.003377 0.000018 0.000013 1.294938
    60 0.000240 0.099802 -0.000395 -0.018823 0.010833 -0.239219
    61 -0.203197 0.048607 0.069150 -3.093332 0.033217 -0.046722
    62 1.180428 -0.006214 0.000780 -0.000014 0.000000 0.672872
    63 -0.000196 0.099625 -0.000034 0.000000 0.000000 -0.314102
    64 -0.088736 -0.688435 -0.145203 2.930407 -0.136130 0.513013
    65 1.712069 -0.003328 0.003818 -0.017187 -0.021173 1.013649
    66 -0.000580 0.100145 -0.000311 -0.010912 0.023129 -0.260841
    67 -0.146030 -0.232426 -0.014225 3.028455 -0.094299 0.113020
    68 1.290632 0.000362 -0.000032 -0.066886 0.043108 -0.236004
    69 -0.658121 -0.003575 0.072645 -0.142711 0.027792 -0.077299
    70 1.868080 -0.003049 0.006083 0.000039 0.000039 1.013666
    71 1.200079 0.399944 -0.000093 0.009465 -0.016087 0.007127
    72 0.000591 0.100342 0.000319 0.120035 0.021926 -0.209617
    73 0.068077 0.002285 -0.080050 3.111376 -0.069366 -0.060847
    74 2.007813 -0.000883 -0.000381 -0.000043 0.000037 1.417990
    75 0.000229 0.099802 0.000395 0.018823 -0.010833 -0.239219
    76 -0.018673 -0.001009 0.047544 3.109244 0.002635 -0.106673
    77 1.178665 0.001595 0.000845 0.000018 -0.000012 0.546573
    78 -0.000198 0.099628 0.000034 0.000000 0.000000 -0.314102
    79 0.036892 -0.634449 0.266284 -2.801062 0.174301 0.490914
    80 1.708008 0.000721 0.000199 0.000056 -0.000025 0.840846
    81 -0.000576 0.100136 0.000311 0.010912 -0.023129 -0.260841
    82 -0.003952 -0.281811 0.115047 -3.059162 0.089004 0.167964
    83 1.289627 0.003949 0.000061 0.219352 -0.012977 0.412745
    84 -0.171528 -0.018148 -0.099873 0.013484 -0.062184 -0.011780
    85 0.912716 0.007240 0.001326 0.000019 0.000021 0.165571
    86 -0.342617 0.053404 -0.025571 -2.909301 -0.017248 0.075276
    87 1.100231 -0.000930 -0.002434 0.000069 0.000026 -0.169975
    88 -0.384983 0.330998 0.006848 -3.087207 -0.018765 -0.184279
    89 0.678146 0.006192 0.000002 -0.000018 -0.000019 0.160459
    90 -0.123848 0.072737 0.029507 2.898184 -0.060627 0.094834
    91 1.017166 -0.000154 -0.000252 -0.000023 -0.000014 -0.068545
    92 -0.344986 0.123129 0.143151 2.994981 0.012396 0.059140
    93 -0.730988 0.177046 0.039141 -0.123731 0.076518 -0.084310
    94 0.921993 0.005205 -0.000896 -0.000002 -0.000011 0.484986
    95 -0.124027 -0.052092 0.038496 3.077813 -0.008519 0.039229
    96 1.098633 0.000006 0.000469 0.000024 0.000052 0.880282
    97 -0.330082 0.160641 0.042780 3.128073 0.034033 -0.171236
    98 0.675854 0.005438 0.003272 0.000014 0.000003 1.006524
    99 -0.019516 -0.016531 0.038578 -2.763781 0.050305 0.076828
    100 1.018555 -0.000026 -0.000397 0.000000 0.000000 1.057754
    101 -0.155312 0.130643 -0.021921 -3.022466 0.022433 -0.024903
    102 -0.252209 0.061937 -0.024914 -0.007671 -0.063171 -0.044392
    103 -0.085991 0.185203 -0.015180 -2.937063 -0.113970 -0.138991
    104 -0.286537 0.179852 0.024264 -3.109353 -0.049645 -0.029915
    105 -0.019489 0.147084 0.079203 2.893815 0.038585 -0.060594
    106 -0.046482 0.251898 0.129548 3.016165 0.077112 -0.042864
    107 0.039120 -0.040298 0.047739 3.084219 0.030470 -0.037414
    108 -0.233757 0.066630 0.001754 -3.133086 0.040141 -0.065413
    109 0.044266 0.020128 0.001684 -2.778763 -0.118872 -0.040488
    110 0.071495 0.074127 -0.048302 -3.035917 -0.059482 0.104366
    111 0.000000 0.000000 0.000000 0.000000 0.000000 -1.570796
    112 13.332438 -2.386792 -2.539140 -0.000095 0.000047 0.000000
    113 1.414063 0.000000 2.341797 0.000000 0.000000 0.000000
    114 1.194336 0.000004 2.341797 0.000000 0.000000 0.000000
    115 4.449355 8.769799 -3.554796 0.207783 -0.871375 -1.552984
    116 -0.575999 -0.004000 0.701999 0.000000 0.000000 0.000000
    117 -0.222000 0.000000 2.060996 0.000000 0.000000 0.000000
    118 0.414999 0.000000 0.937998 0.000000 0.000000 0.000000
    119 1.086997 -0.554999 1.709997 0.000000 0.000000 -1.570755
    120 4.654990 0.000000 0.242000 0.000000 0.000000 0.000000
    121 -1.234999 2.354995 -2.038996 -1.607262 0.223147 -0.356362
    122 4.367991 0.000000 0.177000 0.000000 0.000000 0.000000
    123 0.537998 0.000000 -3.214993 0.000000 0.000000 0.000000
    124 -0.126000 0.000000 -1.241997 0.000000 0.000000 0.000000
    125 1.572997 0.000000 2.342995 0.000000 0.000000 0.000000
    126 1.201998 0.000000 2.375995 0.000000 0.000000 0.000000
    127 -1.451998 0.000000 -3.396993 0.000000 0.000000 0.000000
    128 3.501993 0.017000 3.580993 0.000000 -0.159168 0.000000
    129 0.000000 0.000000 0.000000 0.000000 0.000000 0.000000
    130 0.745997 0.090000 -0.642999 0.000000 0.000000 0.000000
    131 -0.716000 0.604999 0.624999 0.000000 0.000000 0.000000
    132 2.751994 0.107000 0.669999 0.000000 0.000000 0.000000
    133 3.184993 0.000000 1.365997 0.000000 0.000000 0.000000
    134 0.000000 0.000000 0.000000 0.000000 0.000000 0.000000
    135 -0.106000 0.000000 64.320000 0.000000 0.000000 0.000000
    136 0.000000 0.000000 0.000000 0.000000 0.000000 0.000000
    137 0.000000 0.000000 0.000000 0.000000 0.000000 0.000000
    138 23.461031 -2.383141 7.918037 -0.000130 0.000069 0.000057
    139 0.106000 0.000000 -64.320000 0.000000 0.000000 0.000000
    140 0.000000 0.000000 0.000000 0.000000 0.000000 0.000000
    141 0.000000 0.000000 -4.867002 -3.141592 0.000000 -3.128591
    142 0.000000 0.000000 4.867000 -3.141592 0.000000 -3.128591
    143 4.000000 -6.500000 0.000000 0.000000 0.000000 0.000977
    144 -6.500000 0.000000 0.000000 0.000000 1.570796 0.000000
    145 1.000088 -0.000029 0.000000 0.000000 0.000000 0.000000
    146 17.162516 -0.000404 0.000000 0.000000 0.000000 0.119214
    147 9.999891 -0.000303 0.000000 0.000000 0.000000 0.000000
    148 1.000088 -0.000029 0.000000 0.000000 0.000000 0.000000
    149 17.162516 -0.000404 0.000000 0.000000 0.000000 0.119214
    150 9.499836 0.000212 0.000000 0.000000 0.000000 0.000000
    151 0.000000 0.000000 0.000000 0.000000 0.000000 0.000000
    152 17.749374 0.295515 0.000000 0.000000 0.000000 -1.158958
    153 0.017889 0.299792 0.000000 0.000000 0.000000 -0.059582
    154 12.283573 1.581456 -4.696000 1.462269 -0.086726 0.090185
    155 17.749376 0.295515 0.000000 0.000000 0.000000 -1.158958
    156 0.017889 0.299792 0.000000 0.000000 0.000000 -0.059582
    157 13.354000 0.000000 0.000000 0.000000 0.000000 -0.294101
    158 4.530998 0.000000 0.000000 0.000000 0.000000 0.000000
    159 0.000000 0.000000 0.000000 0.000000 0.000000 0.000000
    160 5.413524 0.000347 0.000000 0.000000 0.000000 -0.518055
    161 5.413524 0.000347 0.000000 0.000000 0.000000 -0.518055
    162 4.662002 -5.366333 4.825191 1.569713 1.561305 -3.121213
    163 3.116966 -0.000443 0.000000 0.000000 0.000000 0.294101
    164 4.527344 0.000000 0.000000 0.000000 0.000000 0.000000
    165 -0.537999 0.000000 2.587000 0.000000 0.000000 0.000000
    166 -13.854580 2.553300 -58.428878 0.000000 0.000000 0.000000
    167 2.302999 0.000000 0.188000 0.000000 0.000000 0.000000
    168 6.748000 0.000000 0.546000 0.000000 0.000000 0.000000
    169 3.512001 -3.547000 -1.066000 0.000000 1.570796 0.000000
    170 3.456001 -3.517000 1.169000 0.000000 1.570796 0.000000
    171 6.233002 0.000000 0.000000 0.000000 0.000000 0.000000
    172 -0.171997 -0.106000 -0.902000 1.570713 1.029176 -3.134550
    173 6.241997 -6.380000 0.000000 0.000000 0.000000 0.000000
    174 3.999434 -0.000527 -0.000332 -0.607019 0.000018 0.000058
    175 3.999897 0.000041 0.001007 0.089145 0.000000 0.000000
    176 1.598000 0.000000 0.000000 0.000000 0.000000 0.000000
    177 -1.145525 0.000130 0.000668 0.000000 0.000000 0.000000
    178 2.299679 -2.499979 -0.599480 0.892020 0.221483 -0.527313
    179 10.174702 -2.779088 1.164967 1.709272 -0.331587 -0.219581
    180 -9.580683 -27.862110 -37.184666 0.812879 -0.123459 -0.568477
    181 0.649933 -0.548295 0.093651 -1.665913 -0.131399 -0.112062
    182 0.657077 0.008401 0.040371 -1.665945 -0.131407 -0.000013
    183 0.665776 0.747221 -0.029190 -1.665935 -0.131408 0.094976
    184 2.300138 -2.499413 0.600155 -0.891929 -0.221512 -0.527290
    185 11.365068 1.105308 3.752254 2.036514 -0.307328 0.198880
    186 2.762354 0.116951 1.523975 1.629482 0.064153 1.743800
    187 7.228319 7.928203 -3.925648 2.328713 0.123459 -0.568477
    188 0.650396 -0.547731 -0.092976 1.665913 0.131399 -0.112062
    189 0.657069 0.008398 -0.040379 1.665945 0.131407 -0.000013
    190 0.665777 0.747222 0.029182 1.665935 0.131408 0.094976
    191 -4.481003 -0.202000 0.000000 0.000000 0.000000 0.000000
    192 -5.516998 -0.291000 -0.001000 0.000000 0.000000 0.000000
    193 -0.857700 0.104071 0.104683 0.023536 0.163924 0.013632
    194 1.899119 0.000427 -0.000439 0.027386 -0.033311 0.477848
    195 1.799660 -0.000233 0.000231 0.027386 -0.033311 0.477848
    196 1.799660 -0.000233 0.000231 0.027386 -0.033311 0.477848
    197 1.799660 -0.000233 0.000231 0.027386 -0.033311 0.477848
    198 1.900313 -0.000137 -0.000516 0.027386 -0.033311 0.477848
    199 1.899433 -0.000317 -0.000151 -0.027386 0.033311 0.477848
    200 1.799662 -0.000233 -0.000233 -0.027386 0.033311 0.477848
    201 1.799662 -0.000233 -0.000233 -0.027386 0.033311 0.477848
    202 1.799662 -0.000233 -0.000233 -0.027386 0.033311 0.477848
    203 1.900723 0.000553 -0.000072 -0.027386 0.033311 0.477848
    204 0.599884 0.400187 -0.000031 0.000000 0.000000 0.000000
    205 0.599888 0.400187 0.000031 0.000000 0.000000 -3.141592
    206 0.599503 0.400696 0.000234 0.000000 0.000000 0.000000
    207 0.600399 0.399632 -0.000466 0.000000 0.000000 -3.141592
  time 1
    0 0.000000 0.000000 0.000000 0.000000 0.000000 -1.570796
    1 -0.106323 0.000000 -0.000198 0.000000 0.000000 0.000000
    2 0.000000 0.000000 0.000000 0.000000 0.000000 0.000000
    3 -0.904000 0.000000 -11.806000 0.000000 0.000000 0.000000
    4 0.000000 0.000000 -14.313999 0.000000 -1.570796 1.570857
    5 3.533001 0.000000 0.000000 0.000000 0.000000 0.000000
    6 6.250000 0.000000 0.000000 0.000000 0.000000 0.000000
    7 9.811146 4.566571 -0.854143 -0.566183 1.523010 -0.566440
    8 9.631453 5.039241 2.682336 0.098018 -1.138519 -0.093428
    9 5.786820 0.002787 -0.000113 -0.148673 0.748281 -0.654689
    10 5.999492 -0.000592 -4.000343 0.000000 0.000000 0.000000
    11 5.791316 0.002582 0.004799 1.048543 -0.508276 -1.542648
    12 5.999492 -0.000592 4.000336 0.000000 0.000000 0.000000
    13 0.500225 0.000133 -0.000088 -0.163863 0.000000 0.000000
    14 11.534559 0.004255 -0.001312 -0.000017 0.000009 -1.786256
    15 -0.829338 0.893824 0.079659 -0.148839 0.047645 0.087266
    16 0.500225 0.000132 0.000076 -0.157070 0.000000 0.000000
    17 11.532495 0.004432 -0.000089 0.000006 -0.000022 -1.400355
    18 -0.829586 0.894698 -0.079464 0.045377 -0.019621 0.087266
    19 10.599884 0.000105 -0.000553 -0.678580 0.000000 0.000000
    20 0.686089 -0.552533 -0.000805 -0.000024 -0.000049 0.893107
    21 11.042057 0.003717 0.000798 -1.108282 -0.797059 0.848960
    22 -1.214832 0.203470 -0.477489 -0.135025 -0.078677 -0.001289
    23 10.599880 0.000105 0.000549 -0.280151 0.000000 0.000000
    24 0.326701 -0.400185 0.000801 0.000000 -0.000011 0.700202
    25 11.041742 0.003171 -0.000571 -0.281501 0.126185 0.049358
    26 -1.063377 0.077663 0.150230 0.045121 0.020046 -0.012850
    27 0.610302 -0.939470 0.070343 -1.654588 -0.030767 -0.184916
    28 0.639940 -0.199121 0.060188 -1.665197 -0.018449 -0.077161
    29 0.600155 1.080261 -0.339535 -1.745396 0.150667 0.049943
    30 0.610207 0.400743 -0.010101 -1.762268 0.058290 0.019706
    31 0.634715 -0.690090 -0.232343 0.341506 0.197528 -1.084432
    32 -0.792125 0.203736 0.461300 1.439074 -0.003453 -0.018305
    33 0.610300 -0.939469 -0.070351 1.655335 0.140029 -0.175632
    34 0.639937 -0.199121 -0.060200 1.659528 0.202500 -0.040444
    35 0.600157 1.080259 0.339531 1.738023 -0.020790 0.107397
    36 0.610205 0.400743 0.010086 1.767175 0.146065 0.084305
    37 0.624002 -0.695300 0.232270 -0.854672 -0.353718 -0.976230
    38 -0.626031 -0.069983 -0.080517 -1.447153 0.086151 0.021559
    39 2.621377 -0.002532 -0.001438 0.005849 -0.209295 0.566604
    40 2.664743 0.000397 -0.000071 -0.061828 -0.116199 0.762675
    41 2.206394 0.003368 -0.006769 -0.133312 -0.238382 0.864358
    42 0.599952 0.959240 -0.300102 -0.174544 0.000000 0.000000
    43 2.557190 -0.001967 0.006359 -0.005799 -0.132407 0.799333
    44 2.095024 -0.003873 -0.002193 -0.536306 0.081947 0.611159
    45 0.999380 -0.000236 -1.088272 -0.000001 0.000000 0.000000
    46 -0.122639 -0.721856 0.661690 -0.486644 0.223964 0.243056
    47 2.622113 -0.000648 0.002741 0.210066 0.439191 0.294611
    48 2.656250 0.000780 0.000159 0.668585 0.306980 1.162188
    49 2.197266 0.000516 -0.000121 0.505440 -0.145574 1.217274
    50 0.599951 0.959244 0.300102 0.174544 0.000000 0.000000
    51 2.556641 -0.000149 -0.000030 0.544726 0.124361 1.290931
    52 2.103851 0.005614 -0.001014 0.816823 -0.369781 0.540056
    53 0.999374 -0.000237 1.182017 0.292927 0.028379 0.134647
    54 0.310846 -0.606445 -0.498005 0.308107 -0.197598 0.313976
    55 1.869163 -0.000835 -0.000994 -0.000031 -0.000032 1.031834
    56 1.200941 0.399582 -0.000237 -0.009465 0.016087 0.007127
    57 0.000586 0.100342 -0.000319 -0.120035 -0.021926 -0.209617
    58 -0.161663 0.051712 0.194808 -2.941982 0.122408 -0.060194
    59 2.010092 -0.003202 -0.003377 -0.000018 -0.000035 1.046910
    60 0.000240 0.099802 -0.000395 -0.018823 0.010833 -0.239219
    61 -0.203197 0.048607 0.069150 -3.093332 0.033217 -0.046722
    62 1.180428 -0.006214 0.000780 -0.000002 0.000060 0.568158
    63 -0.000196 0.099625 -0.000034 0.000000 0.000000 -0.314102
    64 -0.088736 -0.688435 -0.145203 2.930407 -0.136130 0.513013
    65 1.715976 -0.003328 0.003818 -0.012693 -0.015744 0.808540
    66 -0.000580 0.100145 -0.000311 -0.010912 0.023129 -0.260841
    67 -0.146030 -0.232426 -0.014225 3.028455 -0.094299 0.113020
    68 1.290632 0.000362 -0.000032 -0.049652 0.031903 -0.220901
    69 -0.658121 -0.003575 0.072645 -0.142711 0.027792 -0.077299
    70 1.868080 -0.003049 0.006083 0.000003 -0.000021 0.873067
    71 1.200079 0.399944 -0.000093 0.009465 -0.016087 0.007127
    72 0.000591 0.100342 0.000319 0.120035 0.021926 -0.209617
    73 0.068077 0.002285 -0.080050 3.111376 -0.069366 -0.060847
    74 2.007813 -0.000883 -0.000381 -0.000043 0.000037 1.417990
    75 0.000229 0.099802 0.000395 0.018823 -0.010833 -0.239219
    76 -0.018673 -0.001009 0.047544 3.109244 0.002635 -0.106673
    77 1.178665 0.001595 0.000845 0.000018 -0.000012 0.546573
    78 -0.000198 0.099628 0.000034 0.000000 0.000000 -0.314102
    79 0.036892 -0.634449 0.266284 -2.801062 0.174301 0.490914
    80 1.708008 0.000721 0.000199 0.000056 -0.000025 0.840846
    81 -0.000576 0.100136 0.000311 0.010912 -0.023129 -0.260841
    82 -0.003952 -0.281811 0.115047 -3.059162 0.089004 0.167964
    83 1.289627 0.003949 0.000061 0.216296 -0.012797 0.413442
    84 -0.171528 -0.018148 -0.099873 0.013484 -0.062184 -0.011780
    85 0.916622 0.007240 0.001326 0.000019 0.000021 0.130995
    86 -0.342617 0.053404 -0.025571 -2.909301 -0.017248 0.075276
    87 1.100231 -0.000930 -0.002434 0.000009 0.000014 -0.113021
    88 -0.384983 0.330998 0.006848 -3.087207 -0.018765 -0.184279
    89 0.678146 0.006192 0.000002 -0.000018 -0.000019 0.118432
    90 -0.123848 0.072737 0.029507 2.898184 -0.060627 0.094834
    91 1.017166 -0.000154 -0.000252 -0.000023 -0.000014 -0.032882
    92 -0.344986 0.123129 0.143151 2.994981 0.012396 0.059140
    93 -0.730988 0.177046 0.039141 -0.123731 0.076518 -0.084310
    94 0.925900 0.001298 -0.000896 -0.000002 -0.000011 0.436921
    95 -0.124027 -0.052092 0.038496 3.077813 -0.008519 0.039229
    96 1.098633 0.000006 0.000469 0.000024 0.000052 0.880282
    97 -0.330082 0.160641 0.042780 3.128073 0.034033 -0.171236
    98 0.675854 0.001531 0.003272 0.000014 0.000003 1.006524
    99 -0.019516 -0.016531 0.038578 -2.763781 0.050305 0.076828
    100 1.018555 -0.000026 -0.000397 0.000000 0.000000 1.057754
    101 -0.155312 0.130643 -0.021921 -3.022466 0.022433 -0.024903
    102 -0.252209 0.061937 -0.024914 -0.007671 -0.063171 -0.044392
    103 -0.085991 0.185203 -0.015180 -2.937063 -0.113970 -0.138991
    104 -0.286537 0.179852 0.024264 -3.109353 -0.049645 -0.029915
    105 -0.019489 0.147084 0.079203 2.893815 0.038585 -0.060594
    106 -0.046482 0.251898 0.129548 3.016165 0.077112 -0.042864
    107 0.039120 -0.040298 0.047739 3.084219 0.030470 -0.037414
    108 -0.233757 0.066630 0.001754 -3.133086 0.040141 -0.065413
    109 0.044266 0.020128 0.001684 -2.778763 -0.118872 -0.040488
    110 0.071495 0.074127 -0.048302 -3.035917 -0.059482 0.104366
    111 0.000000 0.000000 0.000000 0.000000 0.000000 -1.570796
    112 11.039399 1.195349 -3.129002 -0.689526 -0.129779 0.731637
    113 1.414063 0.000000 2.341797 0.000000 0.000000 0.000000
    114 1.194336 0.000004 2.341797 0.000000 0.000000 0.000000
    115 -9.554979 7.867428 -11.094089 -0.796991 -0.722870 -0.116870
    116 -0.575999 -0.004000 0.701999 0.000000 0.000000 0.000000
    117 -0.222000 0.000000 2.060996 0.000000 0.000000 0.000000
    118 0.414999 0.000000 0.937998 0.000000 0.000000 0.000000
    119 1.086997 -0.554999 1.709997 0.000000 0.000000 -1.570755
    120 4.654990 0.000000 0.242000 0.000000 0.000000 0.000000
    121 -1.234999 2.354995 -2.038996 -1.607262 0.223147 -0.356362
    122 4.367991 0.000000 0.177000 0.000000 0.000000 0.000000
    123 0.537998 0.000000 -3.214993 0.000000 0.000000 0.000000
    124 -0.126000 0.000000 -1.241997 0.000000 0.000000 0.000000
    125 1.572997 0.000000 2.342995 0.000000 0.000000 0.000000
    126 1.201998 0.000000 2.375995 0.000000 0.000000 0.000000
    127 -1.451998 0.000000 -3.396993 0.000000 0.000000 0.000000
    128 3.501993 0.017000 3.580993 0.000000 -0.159168 0.000000
    129 0.000000 0.000000 0.000000 0.000000 0.000000 0.000000
    130 0.745997 0.090000 -0.642999 0.000000 0.000000 0.000000
    131 -0.716000 0.604999 0.624999 0.000000 0.000000 0.000000
    132 2.751994 0.107000 0.669999 0.000000 0.000000 0.000000
    133 3.184993 0.000000 1.365997 0.000000 0.000000 0.000000
    134 0.000000 0.000000 0.000000 0.000000 0.000000 0.000000
    135 -0.106000 0.000000 64.320000 0.000000 0.000000 0.000000
    136 0.000000 0.000000 0.000000 0.000000 0.000000 0.000000
    137 0.000000 0.000000 0.000000 0.036134 0.007982 0.000815
    138 19.449190 6.683542 8.824315 -0.689590 -0.129751 0.731614
    139 0.106000 0.000000 -64.320000 0.000000 0.000000 0.000000
    140 0.000000 0.000000 0.000000 0.000000 0.000000 0.000000
    141 0.000000 0.000000 -4.867002 -3.141592 0.000000 -3.128591
    142 0.000000 0.000000 4.867000 -3.141592 0.000000 -3.128591
    143 4.000000 -6.500000 0.000000 0.000000 0.000000 0.000977
    144 -6.500000 0.000000 0.000000 0.000000 1.570796 0.000000
    145 1.000088 -0.000029 0.000000 0.000000 0.000000 0.000000
    146 17.162516 -0.000404 0.000000 0.000000 0.000000 0.119214
    147 9.999891 -0.000303 0.000000 0.000000 0.000000 0.000000
    148 1.000088 -0.000029 0.000000 0.000000 0.000000 0.000000
    149 17.162516 -0.000404 0.000000 0.000000 0.000000 0.119214
    150 9.499836 0.000212 0.000000 0.000000 0.000000 0.000000
    151 0.000000 0.000000 0.000000 0.000000 0.000000 0.000000
    152 17.749374 0.295515 0.000000 0.000000 0.000000 -1.158958
    153 0.017889 0.299792 0.000000 0.000000 0.000000 -0.059582
    154 12.283573 1.581456 -4.696000 1.462269 -0.086726 0.090185
    155 17.749376 0.295515 0.000000 0.000000 0.000000 -1.158958
    156 0.017889 0.299792 0.000000 0.000000 0.000000 -0.059582
    157 13.354000 0.000000 0.000000 0.000000 0.000000 -0.294101
    158 4.530998 0.000000 0.000000 0.000000 0.000000 0.000000
    159 0.000000 0.000000 0.000000 0.000000 0.000000 0.000000
    160 5.413524 0.000347 0.000000 0.000000 0.000000 -0.518055
    161 5.413524 0.000347 0.000000 0.000000 0.000000 -0.518055
    162 4.662002 -5.366333 4.825191 1.569713 1.561305 -3.121213
    163 3.116966 -0.000443 0.000000 0.000000 0.000000 0.294101
    164 4.527344 0.000000 0.000000 0.000000 0.000000 0.000000
    165 -0.537999 0.000000 2.587000 0.000000 0.000000 0.000000
    166 -17.245308 42.863124 -38.412643 0.488719 0.522754 -0.551493
    167 2.302999 0.000000 0.188000 0.000000 0.000000 0.000000
    168 6.748000 0.000000 0.546000 0.000000 0.000000 0.000000
    169 3.512001 -3.547000 -1.066000 0.000000 1.570796 0.000000
    170 3.456001 -3.517000 1.169000 0.000000 1.570796 0.000000
    171 6.233002 0.000000 0.000000 0.000000 0.000000 0.000000
    172 -0.171997 -0.106000 -0.902000 1.570713 1.029176 -3.134550
    173 6.191214 -6.426877 0.210944 0.000815 -0.036122 -0.008006
    174 3.999434 -0.000527 -0.000332 -0.339342 -0.000006 -0.000050
    175 3.999897 0.000041 0.001007 -0.140093 0.000000 -0.000048
    176 1.598000 0.000000 0.000000 0.000000 0.000000 0.000000
    177 -1.145525 0.000130 0.000668 0.000000 0.000000 0.000000
    178 2.299679 -2.499979 -0.599480 0.892020 0.221483 -0.527313
    179 12.061478 -4.005687 -4.741464 1.134074 -0.370446 0.108615
    180 -9.580683 -27.862110 -37.184666 0.812879 -0.123459 -0.568477
    181 0.649933 -0.548295 0.093651 -1.665913 -0.131399 -0.112062
    182 0.657077 0.008401 0.040371 -1.665945 -0.131407 -0.000013
    183 0.665776 0.747221 -0.029190 -1.665935 -0.131408 0.094976
    184 2.300138 -2.499413 0.600155 -0.891929 -0.221512 -0.527290
    185 11.365068 1.105308 3.752254 2.036514 -0.307328 0.198880
    186 2.762354 0.116951 1.523975 1.629482 0.064153 1.743800
    187 7.228319 7.928203 -3.925648 2.328713 0.123459 -0.568477
    188 0.650396 -0.547731 -0.092976 1.665913 0.131399 -0.112062
    189 0.657069 0.008398 -0.040379 1.665945 0.131407 -0.000013
    190 0.665777 0.747222 0.029182 1.665935 0.131408 0.094976
    191 -4.481003 -0.202000 0.000000 0.000000 0.000000 0.000000
    192 -5.516998 -0.291000 -0.001000 0.000000 0.000000 0.000000
    193 -0.857700 0.104071 0.104683 0.023536 0.163924 0.013632
    194 1.899119 0.000427 -0.000439 0.027386 -0.033311 0.477848
    195 1.799660 -0.000233 0.000231 0.027386 -0.033311 0.477848
    196 1.799660 -0.000233 0.000231 0.027386 -0.033311 0.477848
    197 1.799660 -0.000233 0.000231 0.027386 -0.033311 0.477848
    198 1.900313 -0.000137 -0.000516 0.027386 -0.033311 0.477848
    199 1.899433 -0.000317 -0.000151 -0.027386 0.033311 0.477848
    200 1.799662 -0.000233 -0.000233 -0.027386 0.033311 0.477848
    201 1.799662 -0.000233 -0.000233 -0.027386 0.033311 0.477848
    202 1.799662 -0.000233 -0.000233 -0.027386 0.033311 0.477848
    203 1.900723 0.000553 -0.000072 -0.027386 0.033311 0.477848
    204 0.599884 0.400187 -0.000031 0.000000 0.000000 0.000000
    205 0.599888 0.400187 0.000031 0.000000 0.000000 -3.141592
    206 0.599503 0.400696 0.000234 0.000000 0.000000 0.000000
    207 0.600399 0.399632 -0.000466 0.000000 0.000000 -3.141592
  time 2
    0 0.000000 0.000000 0.000000 0.000000 0.000000 -1.570796
    1 -0.106323 0.000000 -0.000198 0.000000 0.000000 0.000000
    2 0.000000 0.000000 0.000000 0.000000 0.000000 0.000000
    3 -0.904000 0.000000 -11.806000 0.000000 0.000000 0.000000
    4 0.000000 0.000000 -14.313999 0.000000 -1.570796 1.570857
    5 3.533001 0.000000 0.000000 0.000000 0.000000 0.000000
    6 6.250000 0.000000 0.000000 0.000000 0.000000 0.000000
    7 9.654891 2.910270 -1.459630 -0.331454 1.467477 -0.331454
    8 9.572857 4.769702 2.092474 0.288348 -1.257496 -0.289618
    9 5.790726 0.002787 -0.000113 -0.281513 0.859022 -1.047840
    10 5.999492 -0.000592 -4.000343 0.000000 0.000000 0.000000
    11 5.791316 0.002582 0.004799 0.647701 -0.138053 -1.529893
    12 5.999492 -0.000592 4.000336 0.000000 0.000000 0.000000
    13 0.500225 0.000133 -0.000088 -0.263886 0.000000 0.000000
    14 11.534559 0.004255 -0.001312 -0.000065 0.000045 -1.705714
    15 -0.829338 0.893824 0.079659 -0.148839 0.047645 0.087266
    16 0.500225 0.000132 0.000076 0.122788 0.000000 0.000000
    17 11.536401 0.000526 -0.000089 -0.000042 -0.000058 -1.353031
    18 -0.829586 0.894698 -0.079464 0.045377 -0.019621 0.087266
    19 10.599884 0.000105 -0.000553 1.590931 0.000000 0.000084
    20 0.604055 -0.529095 -0.000805 -0.000024 -0.000049 0.852808
    21 11.042057 0.003717 0.000798 1.564167 -0.907989 0.024246
    22 -1.214832 0.203470 -0.477489 -0.135025 -0.078677 -0.001289
    23 10.599880 0.000105 0.000549 -0.871980 0.000000 -0.000132
    24 0.314982 -0.392372 0.000801 0.000000 -0.000011 0.676438
    25 11.041742 0.003171 -0.000571 -0.817045 0.037804 -0.504920
    26 -1.063377 0.077663 0.150230 0.045121 0.020046 -0.012850
    27 0.610302 -0.939470 0.070343 -1.654689 0.067219 -0.193101
    28 0.639940 -0.199121 0.060188 -1.665502 0.076925 -0.086210
    29 0.600155 1.080261 -0.339535 -1.745555 0.233457 0.058296
    30 0.610207 0.400743 -0.010101 -1.763989 0.146820 0.002448
    31 0.634715 -0.693997 -0.236250 0.212465 0.402869 -1.195562
    32 -0.792125 0.203736 0.461300 1.439074 -0.003453 -0.018305
    33 0.610300 -0.939469 -0.070351 1.655335 0.140029 -0.175632
    34 0.639937 -0.199121 -0.060200 1.659528 0.202500 -0.040444
    35 0.600157 1.080259 0.339531 1.738023 -0.020790 0.107397
    36 0.610205 0.400743 0.010086 1.767175 0.146065 0.084305
    37 0.624002 -0.695300 0.236176 -0.854594 -0.356774 -0.976045
    38 -0.626031 -0.069983 -0.080517 -1.447153 0.086151 0.021559
    39 2.621377 -0.002532 -0.001438 0.175160 -0.044219 0.092749
    40 2.660837 0.000397 -0.000071 -0.013933 -0.079444 0.278651
    41 2.206394 0.003368 -0.006769 -0.214807 -0.414943 0.484823
    42 0.599952 0.959240 -0.300102 -0.174544 0.000000 0.000000
    43 2.553283 -0.001967 0.002453 -0.017159 -0.142702 0.319321
    44 2.095024 -0.003873 -0.006100 -0.367741 0.174886 0.477145
    45 0.999380 -0.000236 -1.092179 -0.000001 0.000000 0.000000
    46 -0.122639 -0.721856 0.661690 -0.486644 0.223964 0.243056
    47 2.622113 -0.004555 0.002741 0.137318 0.294130 0.213555
    48 2.656250 0.000780 0.000159 0.668585 0.306980 1.162188
    49 2.197266 0.000516 -0.000121 0.505440 -0.145574 1.217274
    50 0.599951 0.959244 0.300102 0.174544 0.000000 0.000000
    51 2.556641 -0.000149 -0.000030 0.544726 0.124361 1.290931
    52 2.103851 0.005614 -0.001014 0.809951 -0.370692 0.543006
    53 0.999374 -0.000237 1.185924 0.292927 0.028379 0.134647
    54 0.310846 -0.606445 -0.498005 0.308107 -0.197598 0.313976
    55 1.869163 -0.004741 -0.004901 -0.000067 0.000027 0.565618
    56 1.200941 0.399582 -0.000237 -0.009465 0.016087 0.007127
    57 0.000586 0.100342 -0.000319 -0.120035 -0.021926 -0.209617
    58 -0.161663 0.051712 0.194808 -2.941982 0.122408 -0.060194
    59 2.010092 -0.003202 -0.003377 0.000018 0.000013 0.586063
    60 0.000240 0.099802 -0.000395 -0.018823 0.010833 -0.239219
    61 -0.203197 0.048607 0.069150 -3.093332 0.033217 -0.046722
    62 1.180428 -0.006214 0.000780 0.000046 0.000000 0.373577
    63 -0.000196 0.099625 -0.000034 0.000000 0.000000 -0.314102
    64 -0.088736 -0.688435 -0.145203 2.930407 -0.136130 0.513013
    65 1.712069 -0.003328 0.003818 -0.004448 -0.005545 0.427752
    66 -0.000580 0.100145 -0.000311 -0.010912 0.023129 -0.260841
    67 -0.146030 -0.232426 -0.014225 3.028455 -0.094299 0.113020
    68 1.290632 0.000362 -0.000032 -0.017450 0.011122 -0.192984
    69 -0.658121 -0.003575 0.072645 -0.142711 0.027792 -0.077299
    70 1.868080 -0.003049 0.006083 0.000003 -0.000021 0.611975
    71 1.200079 0.399944 -0.000093 0.009465 -0.016087 0.007127
    72 0.000591 0.100342 0.000319 0.120035 0.021926 -0.209617
    73 0.068077 0.002285 -0.080050 3.111376 -0.069366 -0.060847
    74 2.007813 -0.000883 -0.000381 -0.000043 0.000037 1.417990
    75 0.000229 0.099802 0.000395 0.018823 -0.010833 -0.239219
    76 -0.018673 -0.001009 0.047544 3.109244 0.002635 -0.106673
    77 1.178665 0.001595 0.000845 0.000018 -0.000012 0.546573
    78 -0.000198 0.099628 0.000034 0.000000 0.000000 -0.314102
    79 0.036892 -0.634449 0.266284 -2.801062 0.174301 0.490914
    80 1.708008 0.000721 0.000199 0.000056 -0.000025 0.840846
    81 -0.000576 0.100136 0.000311 0.010912 -0.023129 -0.260841
    82 -0.003952 -0.281811 0.115047 -3.059162 0.089004 0.167964
    83 1.289627 0.003949 0.000061 0.213240 -0.012593 0.414197
    84 -0.171528 -0.018148 -0.099873 0.013484 -0.062184 -0.011780
    85 0.912716 0.007240 0.001326 0.000019 0.000021 0.066677
    86 -0.342617 0.053404 -0.025571 -2.909301 -0.017248 0.075276
    87 1.100231 -0.000930 -0.002434 0.000009 0.000014 -0.006939
    88 -0.384983 0.330998 0.006848 -3.087207 -0.018765 -0.184279
    89 0.678146 0.006192 0.000002 -0.000018 -0.000079 0.040302
    90 -0.123848 0.072737 0.029507 2.898184 -0.060627 0.094834
    91 1.017166 -0.000154 -0.000252 0.000037 -0.000014 0.033293
    92 -0.344986 0.123129 0.143151 2.994981 0.012396 0.059140
    93 -0.730988 0.177046 0.039141 -0.123731 0.076518 -0.084310
    94 0.925900 0.001298 -0.000896 -0.000002 -0.000011 0.333732
    95 -0.124027 -0.052092 0.038496 3.077813 -0.008519 0.039229
    96 1.098633 0.000006 0.000469 0.000024 0.000052 0.880282
    97 -0.330082 0.160641 0.042780 3.128073 0.034033 -0.171236
    98 0.675854 0.005438 0.003272 0.000014 0.000015 1.006524
    99 -0.019516 -0.016531 0.038578 -2.763781 0.050305 0.076828
    100 1.018555 -0.000026 -0.000397 0.000000 0.000000 1.057754
    101 -0.155312 0.130643 -0.021921 -3.022466 0.022433 -0.024903
    102 -0.252209 0.061937 -0.024914 -0.007671 -0.063171 -0.044392
    103 -0.085991 0.185203 -0.015180 -2.937063 -0.113970 -0.138991
    104 -0.286537 0.179852 0.024264 -3.109353 -0.049645 -0.029915
    105 -0.019489 0.147084 0.079203 2.893815 0.038585 -0.060594
    106 -0.046482 0.251898 0.129548 3.016165 0.077112 -0.042864
    107 0.039120 -0.040298 0.047739 3.084219 0.030470 -0.037414
    108 -0.233757 0.066630 0.001754 -3.133086 0.040141 -0.065413
    109 0.044266 0.020128 0.001684 -2.778763 -0.118872 -0.040488
    110 0.071495 0.074127 -0.048302 -3.035917 -0.059482 0.104366
    111 0.000000 0.000000 0.000000 0.000000 0.000000 -1.570796
    112 7.066622 5.902524 -3.418073 -1.725617 -0.296684 1.463087
    113 1.414063 0.000000 2.341797 0.000000 0.000000 0.000000
    114 1.194336 0.000004 2.341797 0.000000 0.000000 0.000000
    115 -13.418378 -7.058809 -16.199713 -1.674234 -0.064377 0.749355
    116 -0.575999 -0.004000 0.701999 0.000000 0.000000 0.000000
    117 -0.222000 0.000000 2.060996 0.000000 0.000000 0.000000
    118 0.414999 0.000000 0.937998 0.000000 0.000000 0.000000
    119 1.086997 -0.554999 1.709997 0.000000 0.000000 -1.570755
    120 4.654990 0.000000 0.242000 0.000000 0.000000 0.000000
    121 -1.234999 2.354995 -2.038996 -1.607262 0.223147 -0.356338
    122 4.367991 0.000000 0.177000 0.000000 0.000000 0.000000
    123 0.537998 0.000000 -3.214993 0.000000 0.000000 0.000000
    124 -0.126000 0.000000 -1.241997 0.000000 0.000000 0.000000
    125 1.572997 0.000000 2.342995 0.000000 0.000000 0.000000
    126 1.201998 0.000000 2.375995 0.000000 0.000000 0.000000
    127 -1.451998 0.000000 -3.396993 0.000000 0.000000 0.000000
    128 3.501993 0.017000 3.580993 0.000000 -0.159168 0.000000
    129 0.000000 0.000000 0.000000 0.000000 0.000000 0.000000
    130 0.745997 0.090000 -0.642999 0.000000 0.000000 0.000000
    131 -0.716000 0.604999 0.624999 0.000000 0.000000 0.000000
    132 2.751994 0.107000 0.669999 0.000000 0.000000 0.000000
    133 3.184993 0.000000 1.365997 0.000000 0.000000 0.000000
    134 0.000000 0.000000 0.000000 0.000000 0.000000 0.000000
    135 -0.106000 0.000000 64.320000 0.000000 0.000000 0.000000
    136 0.000000 0.000000 0.000000 0.000000 0.000000 0.000000
    137 0.000000 0.000000 0.000000 0.040112 0.020865 -0.009408
    138 10.331724 14.351745 11.246264 -1.725724 -0.296742 1.463077
    139 0.106000 0.000000 -64.320000 0.000000 0.000000 0.000000
    140 0.000000 0.000000 0.000000 0.000000 0.000000 0.000000
    141 0.000000 0.000000 -4.867002 -3.141592 0.000000 -3.128591
    142 0.000000 0.000000 4.867000 -3.141592 0.000000 -3.128591
    143 4.000000 -6.500000 0.000000 0.000000 0.000000 0.000977
    144 -6.500000 0.000000 0.000000 0.000000 1.570796 0.000000
    145 1.000088 -0.000029 0.000000 0.000000 0.000000 0.000000
    146 17.162516 -0.000404 0.000000 0.000000 0.000000 0.119214
    147 9.999891 -0.000303 0.000000 0.000000 0.000000 0.000000
    148 1.000088 -0.000029 0.000000 0.000000 0.000000 0.000000
    149 17.162516 -0.000404 0.000000 0.000000 0.000000 0.119214
    150 9.499836 0.000212 0.000000 0.000000 0.000000 0.000000
    151 0.000000 0.000000 0.000000 0.000000 0.000000 0.000000
    152 17.749374 0.295515 0.000000 0.000000 0.000000 -1.158958
    153 0.017889 0.299792 0.000000 0.000000 0.000000 -0.059582
    154 12.283573 1.581456 -4.696000 1.462269 -0.086726 0.090185
    155 17.749376 0.295515 0.000000 0.000000 0.000000 -1.158958
    156 0.017889 0.299792 0.000000 0.000000 0.000000 -0.059582
    157 13.354000 0.000000 0.000000 0.000000 0.000000 -0.294101
    158 4.530998 0.000000 0.000000 0.000000 0.000000 0.000000
    159 0.000000 0.000000 0.000000 0.000000 0.000000 0.000000
    160 5.413524 0.000347 0.000000 0.000000 0.000000 -0.518055
    161 5.413524 0.000347 0.000000 0.000000 0.000000 -0.518055
    162 4.662002 -5.366333 4.825191 1.569713 1.561305 -3.121213
    163 3.116966 -0.000443 0.000000 0.000000 0.000000 0.294101
    164 4.527344 0.000000 0.000000 0.000000 0.000000 0.000000
    165 -0.537999 0.000000 2.587000 0.000000 0.000000 0.000000
    166 -24.475997 54.550980 18.194554 2.344086 1.357798 1.062222
    167 2.302999 0.000000 0.188000 0.000000 0.000000 0.000000
    168 6.748000 0.000000 0.546000 0.000000 0.000000 0.000000
    169 3.512001 -3.547000 -1.066000 0.000000 1.570796 0.000000
    170 3.456001 -3.517000 1.169000 0.000000 1.570796 0.000000
    171 6.233002 0.000000 0.000000 0.000000 0.000000 0.000000
    172 -0.171997 -0.106000 -0.902000 1.570713 1.029176 -3.134550
    173 6.109180 -6.505004 0.304697 -0.009408 -0.040304 -0.020506
    174 3.999434 -0.000527 -0.000332 0.795471 0.000018 0.000058
    175 3.999897 0.000041 0.001007 -0.436006 0.000000 0.000000
    176 1.598000 0.000000 0.000000 0.000000 0.000000 0.000000
    177 -1.145525 0.000130 0.000668 0.000000 0.000000 0.000000
    178 2.299679 -2.499979 -0.599480 0.892020 0.221483 -0.527313
    179 6.908977 13.893296 4.793984 -1.061826 0.131746 1.375476
    180 -9.580683 -27.862110 -37.184666 0.812879 -0.123459 -0.568477
    181 0.649933 -0.548295 0.093651 -1.665913 -0.131399 -0.112062
    182 0.657077 0.008401 0.040371 -1.665945 -0.131407 -0.000013
    183 0.665776 0.747221 -0.029190 -1.665935 -0.131408 0.094976
    184 2.300138 -2.499413 0.600155 -0.891929 -0.221512 -0.527290
    185 11.365068 1.105308 3.752254 2.036514 -0.307328 0.198880
    186 2.762354 0.116951 1.523975 1.629482 0.064153 1.743800
    187 7.228319 7.928203 -3.925648 2.328713 0.123459 -0.568477
    188 0.650396 -0.547731 -0.092976 1.665913 0.131399 -0.112062
    189 0.657069 0.008398 -0.040379 1.665945 0.131407 -0.000013
    190 0.665777 0.747222 0.029182 1.665935 0.131408 0.094976
    191 -4.481003 -0.202000 0.000000 0.000000 0.000000 0.000000
    192 -5.516998 -0.291000 -0.001000 0.000000 0.000000 0.000000
    193 -0.857700 0.104071 0.104683 0.023536 0.163924 0.013632
    194 1.899119 0.000427 -0.000439 0.027386 -0.033311 0.477848
    195 1.799660 -0.000233 0.000231 0.027386 -0.033311 0.477848
    196 1.799660 -0.000233 0.000231 0.027386 -0.033311 0.477848
    197 1.799660 -0.000233 0.000231 0.027386 -0.033311 0.477848
    198 1.900313 -0.000137 -0.000516 0.027386 -0.033311 0.477848
    199 1.899433 -0.000317 -0.000151 -0.027386 0.033311 0.477848
    200 1.799662 -0.000233 -0.000233 -0.027386 0.033311 0.477848
    201 1.799662 -0.000233 -0.000233 -0.027386 0.033311 0.477848
    202 1.799662 -0.000233 -0.000233 -0.027386 0.033311 0.477848
    203 1.900723 0.000553 -0.000072 -0.027386 0.033311 0.477848
    204 0.599884 0.400187 -0.000031 0.000000 0.000000 0.000000
    205 0.599888 0.400187 0.000031 0.000000 0.000000 -3.141592
    206 0.599503 0.400696 0.000234 0.000000 0.000000 0.000000
    207 0.600399 0.399632 -0.000466 0.000000 0.000000 -3.141592
  time 3
    0 0.000000 0.000000 0.000000 0.000000 0.000000 -1.570796
    1 -0.106323 0.000000 -0.000198 0.000000 0.000000 0.000000
    2 0.000000 0.000000 0.000000 0.000000 0.000000 0.000000
    3 -0.904000 0.000000 -11.806000 0.000000 0.000000 0.000000
    4 0.000000 0.000000 -14.313999 0.000000 -1.570796 1.570857
    5 3.533001 0.000000 0.000000 0.000000 0.000000 0.000000
    6 6.250000 0.000000 0.000000 0.000000 0.000000 0.000000
    7 9.568951 1.914146 -1.819016 -0.285682 1.436641 -0.285467
    8 9.537700 4.722825 1.627616 0.591877 -1.316373 -0.603295
    9 5.790726 0.002787 -0.000113 -0.513352 0.173388 -1.362684
    10 5.999492 -0.000592 -4.000343 0.000000 0.000000 0.000000
    11 5.791316 0.002582 0.004799 0.551981 -0.054637 -1.429849
    12 5.999492 -0.000592 4.000336 0.000000 0.000000 0.000000
    13 0.500225 0.000133 -0.000088 -0.194503 0.000000 0.000000
    14 11.534559 0.004255 -0.001312 0.000031 -0.000051 -1.091951
    15 -0.829338 0.893824 0.079659 -0.148839 0.047645 0.087266
    16 0.500225 0.000132 0.000076 0.186728 0.000000 0.000000
    17 11.536401 0.000526 -0.000089 0.000042 0.000026 -1.713525
    18 -0.829586 0.894698 -0.079464 0.045377 -0.019621 0.087266
    19 10.599884 0.000105 -0.000553 1.238600 -0.000024 0.000048
    20 0.182167 -0.306432 -0.000805 0.000000 0.000011 0.545924
    21 11.042057 -0.000189 0.000798 1.341468 -0.332320 -0.327650
    22 -1.214832 0.203470 -0.477489 -0.135025 -0.078677 -0.001289
    23 10.599880 0.000105 0.000549 -1.090230 -0.000072 0.000000
    24 0.611866 -0.533001 0.000801 -0.000060 0.000025 0.856792
    25 11.041742 0.003171 -0.000571 -1.083965 -0.039264 -0.118187
    26 -1.063377 0.077663 0.150230 0.045121 0.020046 -0.012850
    27 0.610302 -0.939470 0.070343 -1.655093 0.119855 -0.197572
    28 0.639940 -0.199121 0.060188 -1.665909 0.128315 -0.091195
    29 0.600155 1.080261 -0.339535 -1.744600 0.277896 0.062694
    30 0.610207 0.400743 -0.010101 -1.765603 0.194483 -0.007128
    31 0.634715 -0.693997 -0.232343 0.142994 0.513417 -1.255339
    32 -0.792125 0.203736 0.461300 1.439074 -0.003453 -0.018305
    33 0.610300 -0.939469 -0.070351 1.655335 0.140029 -0.175632
    34 0.639937 -0.199121 -0.060200 1.659528 0.202500 -0.040444
    35 0.600157 1.080259 0.339531 1.738023 -0.020790 0.107397
    36 0.610205 0.400743 0.010086 1.767175 0.146065 0.084305
    37 0.624002 -0.695300 0.232270 -0.854239 -0.364985 -0.975751
    38 -0.626031 -0.069983 -0.080517 -1.447153 0.086151 0.021559
    39 2.625284 -0.002532 -0.001438 0.266204 0.044710 -0.162466
    40 2.664743 0.000397 -0.000071 0.011834 -0.059634 0.017850
    41 2.206394 0.003368 -0.006769 -0.258592 -0.510028 0.280398
    42 0.599952 0.959240 -0.300102 -0.174544 0.000000 0.000000
    43 2.557190 -0.001967 0.006359 -0.023228 -0.148251 0.060499
    44 2.095024 -0.003873 -0.002193 -0.277756 0.223052 0.402557
    45 0.999380 -0.000236 -1.119523 -0.000001 0.000000 0.000000
    46 -0.122639 -0.721856 0.661690 -0.486644 0.223964 0.243056
    47 2.622113 -0.004555 0.006647 0.096243 0.215966 0.157478
    48 2.656250 0.000780 0.000159 0.668585 0.306980 1.162188
    49 2.197266 0.000516 -0.000121 0.505440 -0.145574 1.217274
    50 0.599951 0.959244 0.300102 0.174544 0.000000 0.000000
    51 2.556641 -0.000149 -0.000030 0.544726 0.124361 1.290931
    52 2.103851 0.005614 -0.001014 0.797329 -0.372382 0.548444
    53 0.999374 -0.000237 1.193737 0.292927 0.028379 0.134647
    54 0.310846 -0.606445 -0.498005 0.308107 -0.197598 0.313976
    55 1.873069 -0.004741 -0.000994 -0.000007 0.000004 0.314520
    56 1.200941 0.399582 -0.000237 -0.009465 0.016087 0.007127
    57 0.000586 0.100342 -0.000319 -0.120035 -0.021926 -0.209617
    58 -0.161663 0.051712 0.194808 -2.941982 0.122408 -0.060194
    59 2.010092 -0.003202 -0.003377 0.000018 0.000013 0.337920
    60 0.000240 0.099802 -0.000395 -0.018823 0.010833 -0.239219
    61 -0.203197 0.048607 0.069150 -3.093332 0.033217 -0.046722
    62 1.180428 -0.006214 0.000780 -0.000014 0.000000 0.268798
    63 -0.000196 0.099625 -0.000034 0.000000 0.000000 -0.314102
    64 -0.088736 -0.688435 -0.145203 2.930407 -0.136130 0.513013
    65 1.712069 -0.003328 0.003818 0.000023 -0.000021 0.222850
    66 -0.000580 0.100145 -0.000311 -0.010912 0.023129 -0.260841
    67 -0.146030 -0.232426 -0.014225 3.028455 -0.094299 0.113020
    68 1.290632 0.000362 -0.000032 0.000000 0.000000 -0.177881
    69 -0.658121 -0.003575 0.072645 -0.142711 0.027792 -0.077299
    70 1.868080 -0.003049 0.006083 0.000015 0.000039 0.471376
    71 1.200079 0.399944 -0.000093 0.009465 -0.016087 0.007127
    72 0.000591 0.100342 0.000319 0.120035 0.021926 -0.209617
    73 0.068077 0.002285 -0.080050 3.111376 -0.069366 -0.060847
    74 2.007813 -0.000883 -0.000381 -0.000043 0.000037 1.417990
    75 0.000229 0.099802 0.000395 0.018823 -0.010833 -0.239219
    76 -0.018673 -0.001009 0.047544 3.109244 0.002635 -0.106673
    77 1.178665 0.001595 0.000845 0.000018 -0.000012 0.546573
    78 -0.000198 0.099628 0.000034 0.000000 0.000000 -0.314102
    79 0.036892 -0.634449 0.266284 -2.801062 0.174301 0.490914
    80 1.708008 0.000721 0.000199 0.000056 -0.000025 0.840846
    81 -0.000576 0.100136 0.000311 0.010912 -0.023129 -0.260841
    82 -0.003952 -0.281811 0.115047 -3.059162 0.089004 0.167964
    83 1.289627 0.003949 0.000061 0.204911 -0.012150 0.416173
    84 -0.171528 -0.018148 -0.099873 0.013484 -0.062184 -0.011780
    85 0.912716 0.007240 0.001326 0.000019 0.000069 0.032130
    86 -0.342617 0.053404 -0.025571 -2.909301 -0.017248 0.075276
    87 1.100231 -0.000930 -0.002434 0.000009 0.000014 0.050135
    88 -0.384983 0.330998 0.006848 -3.087207 -0.018765 -0.184279
    89 0.678146 0.006192 0.000002 -0.000018 -0.000019 -0.001829
    90 -0.123848 0.072737 0.029507 2.898184 -0.060627 0.094834
    91 1.017166 -0.000154 -0.000252 -0.000023 -0.000074 0.068957
    92 -0.344986 0.123129 0.143151 2.994981 0.012396 0.059140
    93 -0.730988 0.177046 0.039141 -0.123731 0.076518 -0.084310
    94 0.925900 0.001298 -0.000896 -0.000014 -0.000071 0.237259
    95 -0.124027 -0.052092 0.038496 3.077813 -0.008519 0.039229
    96 1.098633 0.000006 0.000469 0.000024 0.000052 0.880282
    97 -0.330082 0.160641 0.042780 3.128073 0.034033 -0.171236
    98 0.675854 0.005438 0.003272 0.000014 0.000003 1.006524
    99 -0.019516 -0.016531 0.038578 -2.763781 0.050305 0.076828
    100 1.018555 -0.000026 -0.000397 0.000000 0.000000 1.057754
    101 -0.155312 0.130643 -0.021921 -3.022466 0.022433 -0.024903
    102 -0.252209 0.061937 -0.024914 -0.007671 -0.063171 -0.044392
    103 -0.085991 0.185203 -0.015180 -2.937063 -0.113970 -0.138991
    104 -0.286537 0.179852 0.024264 -3.109353 -0.049645 -0.029915
    105 -0.019489 0.147084 0.079203 2.893815 0.038585 -0.060594
    106 -0.046482 0.251898 0.129548 3.016165 0.077112 -0.042864
    107 0.039120 -0.040298 0.047739 3.084219 0.030470 -0.037414
    108 -0.233757 0.066630 0.001754 -3.133086 0.040141 -0.065413
    109 0.044266 0.020128 0.001684 -2.778763 -0.118872 -0.040488
    110 0.071495 0.074127 -0.048302 -3.035917 -0.059482 0.104366
    111 0.000000 0.000000 0.000000 0.000000 0.000000 -1.570796
    112 4.031373 6.433790 -3.152440 -2.078539 -0.321778 1.437607
    113 1.414063 0.000000 2.341797 0.000000 0.000000 0.000000
    114 1.194336 0.000004 2.341797 0.000000 0.000000 0.000000
    115 -13.195715 -5.664235 -15.348125 -1.926621 0.159650 0.603203
    116 -0.575999 -0.004000 0.701999 0.000000 0.000000 0.000000
    117 -0.222000 0.000000 2.060996 0.000000 0.000000 0.000000
    118 0.414999 0.000000 0.937998 0.000000 0.000000 0.000000
    119 1.086997 -0.554999 1.709997 0.000000 0.000000 -1.570755
    120 4.654990 0.000000 0.242000 0.000000 0.000000 0.000000
    121 -1.234999 2.354995 -2.038996 -1.607262 0.223147 -0.356350
    122 4.367991 0.000000 0.177000 0.000000 0.000000 0.000000
    123 0.537998 0.000000 -3.214993 0.000000 0.000000 0.000000
    124 -0.126000 0.000000 -1.241997 0.000000 0.000000 0.000000
    125 1.572997 0.000000 2.342995 0.000000 0.000000 0.000000
    126 1.201998 0.000000 2.375995 0.000000 0.000000 0.000000
    127 -1.451998 0.000000 -3.396993 0.000000 0.000000 0.000000
    128 3.501993 0.017000 3.580993 0.000000 -0.159168 0.000000
    129 0.000000 0.000000 0.000000 0.000000 0.000000 0.000000
    130 0.745997 0.090000 -0.642999 0.000000 0.000000 0.000000
    131 -0.716000 0.604999 0.624999 0.000000 0.000000 0.000000
    132 2.751994 0.107000 0.669999 0.000000 0.000000 0.000000
    133 3.184993 0.000000 1.365997 0.000000 0.000000 0.000000
    134 0.000000 0.000000 0.000000 0.000000 0.000000 0.000000
    135 -0.106000 0.000000 64.320000 0.000000 0.000000 0.000000
    136 0.000000 0.000000 0.000000 0.000000 0.000000 0.000000
    137 0.000000 0.000000 0.000000 0.042545 0.036074 -0.033785
    138 7.335539 14.633003 12.144729 -2.078661 -0.321741 1.437597
    139 0.106000 0.000000 -64.320000 0.000000 0.000000 0.000000
    140 0.000000 0.000000 0.000000 0.000000 0.000000 0.000000
    141 0.000000 0.000000 -4.867002 -3.141592 0.000000 -3.128591
    142 0.000000 0.000000 4.867000 -3.141592 0.000000 -3.128591
    143 4.000000 -6.500000 0.000000 0.000000 0.000000 0.000977
    144 -6.500000 0.000000 0.000000 0.000000 1.570796 0.000000
    145 1.000088 -0.000029 0.000000 0.000000 0.000000 0.000000
    146 17.162516 -0.000404 0.000000 0.000000 0.000000 0.119214
    147 9.999891 -0.000303 0.000000 0.000000 0.000000 0.000000
    148 1.000088 -0.000029 0.000000 0.000000 0.000000 0.000000
    149 17.162516 -0.000404 0.000000 0.000000 0.000000 0.119214
    150 9.499836 0.000212 0.000000 0.000000 0.000000 0.000000
    151 0.000000 0.000000 0.000000 0.000000 0.000000 0.000000
    152 17.749374 0.295515 0.000000 0.000000 0.000000 -1.158958
    153 0.017889 0.299792 0.000000 0.000000 0.000000 -0.059582
    154 12.283573 1.581456 -4.696000 1.462269 -0.086726 0.090185
    155 17.749376 0.295515 0.000000 0.000000 0.000000 -1.158958
    156 0.017889 0.299792 0.000000 0.000000 0.000000 -0.059582
    157 13.354000 0.000000 0.000000 0.000000 0.000000 -0.294101
    158 4.530998 0.000000 0.000000 0.000000 0.000000 0.000000
    159 0.000000 0.000000 0.000000 0.000000 0.000000 0.000000
    160 5.413524 0.000347 0.000000 0.000000 0.000000 -0.518055
    161 5.413524 0.000347 0.000000 0.000000 0.000000 -0.518055
    162 4.662002 -5.366333 4.825191 1.569713 1.561305 -3.121213
    163 3.116966 -0.000443 0.000000 0.000000 0.000000 0.294101
    164 4.527344 0.000000 0.000000 0.000000 0.000000 0.000000
    165 -0.537999 0.000000 2.587000 0.000000 0.000000 0.000000
    166 -26.229957 47.191381 33.066101 2.614471 1.007339 1.332414
    167 2.302999 0.000000 0.188000 0.000000 0.000000 0.000000
    168 6.748000 0.000000 0.546000 0.000000 0.000000 0.000000
    169 3.512001 -3.547000 -1.066000 0.000000 1.570796 0.000000
    170 3.456001 -3.517000 1.169000 0.000000 1.570796 0.000000
    171 6.233002 0.000000 0.000000 0.000000 0.000000 0.000000
    172 -0.171997 -0.106000 -0.902000 1.570713 1.029176 -3.134550
    173 6.011521 -6.579225 0.496109 -0.033797 -0.043744 -0.034600
    174 3.999434 -0.000527 -0.000332 0.619336 0.000006 0.000010
    175 3.999897 0.000041 0.001007 -0.545101 0.000000 0.000000
    176 1.598000 0.000000 0.000000 0.000000 0.000000 0.000000
    177 -1.145525 0.000130 0.000668 0.000000 0.000000 0.000000
    178 2.299679 -2.499979 -0.599480 0.892020 0.221483 -0.527313
    179 -8.782908 10.990864 8.426907 -0.967498 0.153502 1.986122
    180 -9.580683 -27.862110 -37.184666 0.812879 -0.123459 -0.568477
    181 0.649933 -0.548295 0.093651 -1.665913 -0.131399 -0.112062
    182 0.657077 0.008401 0.040371 -1.665945 -0.131407 -0.000013
    183 0.665776 0.747221 -0.029190 -1.665935 -0.131408 0.094976
    184 2.300138 -2.499413 0.600155 -0.891929 -0.221512 -0.527290
    185 11.365068 1.105308 3.752254 2.036514 -0.307328 0.198880
    186 2.762354 0.116951 1.523975 1.629482 0.064153 1.743800
    187 7.228319 7.928203 -3.925648 2.328713 0.123459 -0.568477
    188 0.650396 -0.547731 -0.092976 1.665913 0.131399 -0.112062
    189 0.657069 0.008398 -0.040379 1.665945 0.131407 -0.000013
    190 0.665777 0.747222 0.029182 1.665935 0.131408 0.094976
    191 -4.481003 -0.202000 0.000000 0.000000 0.000000 0.000000
    192 -5.516998 -0.291000 -0.001000 0.000000 0.000000 0.000000
    193 -0.857700 0.104071 0.104683 0.023536 0.163924 0.013632
    194 1.899119 0.000427 -0.000439 0.027386 -0.033311 0.477848
    195 1.799660 -0.000233 0.000231 0.027386 -0.033311 0.477848
    196 1.799660 -0.000233 0.000231 0.027386 -0.033311 0.477848
    197 1.799660 -0.000233 0.000231 0.027386 -0.033311 0.477848
    198 1.900313 -0.000137 -0.000516 0.027386 -0.033311 0.477848
    199 1.899433 -0.000317 -0.000151 -0.027386 0.033311 0.477848
    200 1.799662 -0.000233 -0.000233 -0.027386 0.033311 0.477848
    201 1.799662 -0.000233 -0.000233 -0.027386 0.033311 0.477848
    202 1.799662 -0.000233 -0.000233 -0.027386 0.033311 0.477848
    203 1.900723 0.000553 -0.000072 -0.027386 0.033311 0.477848
    204 0.599884 0.400187 -0.000031 0.000000 0.000000 0.000000
    205 0.599888 0.400187 0.000031 0.000000 0.000000 -3.141592
    206 0.599503 0.400696 0.000234 0.000000 0.000000 0.000000
    207 0.600399 0.399632 -0.000466 0.000000 0.000000 -3.141592
  time 4
    0 0.000000 0.000000 0.000000 0.000000 0.000000 -1.570796
    1 -0.106323 0.000000 -0.000198 0.000000 0.000000 0.000000
    2 0.000000 0.000000 0.000000 0.000000 0.000000 0.000000
    3 -0.904000 0.000000 -11.806000 0.000000 0.000000 0.000000
    4 0.000000 0.000000 -14.313999 0.000000 -1.570796 1.570857
    5 3.533001 0.000000 0.000000 0.000000 0.000000 0.000000
    6 6.250000 0.000000 0.000000 0.000000 0.000000 0.000000
    7 9.561138 1.785236 -1.869799 0.274959 1.438388 0.279906
    8 9.529887 5.550976 1.553395 0.810809 -1.294968 -0.831056
    9 5.790726 0.002787 -0.000113 -0.434114 0.142141 -1.254053
    10 5.999492 -0.000592 -4.000343 0.000000 0.000000 0.000000
    11 5.791316 0.006489 0.000893 0.553555 -0.021345 -1.603525
    12 5.999492 -0.000592 4.000336 0.000000 0.000000 0.000000
    13 0.500225 0.000133 -0.000088 -0.233247 0.000000 0.000000
    14 11.534559 0.004255 -0.001312 -0.000017 0.000009 -0.994634
    15 -0.829338 0.893824 0.079659 -0.148839 0.047645 0.087266
    16 0.500225 0.000132 0.000076 0.203524 0.000000 0.000000
    17 11.532495 0.000526 -0.000089 0.000006 -0.000022 -1.447679
    18 -0.829586 0.894698 -0.079464 0.045377 -0.019621 0.087266
    19 10.599884 0.000105 -0.000553 0.951828 -0.000024 0.000048
    20 0.154822 -0.282994 -0.000805 0.000000 0.000011 0.497353
    21 11.042057 0.003717 0.004704 0.996956 -0.268622 -0.204963
    22 -1.214832 0.203470 -0.477489 -0.135025 -0.078677 -0.001289
    23 10.599880 0.000105 0.000549 -1.052584 -0.000072 0.000000
    24 0.385296 -0.407997 0.000801 -0.000060 0.000013 0.723843
    25 11.041742 0.003171 -0.000571 -1.003047 -0.080561 -0.360897
    26 -1.063377 0.077663 0.150230 0.045121 0.020046 -0.012850
    27 0.610302 -0.939470 0.070343 -1.655093 0.119855 -0.197572
    28 0.639940 -0.199121 0.060188 -1.665909 0.128303 -0.091183
    29 0.600155 1.080261 -0.339535 -1.744653 0.277884 0.062718
    30 0.610207 0.400743 -0.010101 -1.765603 0.194471 -0.007116
    31 0.634715 -0.693997 -0.236250 0.142978 0.513448 -1.255257
    32 -0.792125 0.203736 0.461300 1.439074 -0.003453 -0.018305
    33 0.610300 -0.939469 -0.070351 1.655335 0.140029 -0.175632
    34 0.639937 -0.199121 -0.060200 1.659528 0.202500 -0.040444
    35 0.600157 1.080259 0.339531 1.738023 -0.020790 0.107385
    36 0.610205 0.400743 0.010086 1.767175 0.146065 0.084305
    37 0.624002 -0.695300 0.236176 -0.853923 -0.373196 -0.975419
    38 -0.626031 -0.069983 -0.080517 -1.447153 0.086151 0.021559
    39 2.625284 -0.002532 -0.001438 0.266190 0.044697 -0.162385
    40 2.660837 0.000397 -0.000071 0.011801 -0.059646 0.017850
    41 2.206394 0.003368 -0.002863 -0.258628 -0.510096 0.280472
    42 0.599952 0.959240 -0.300102 -0.174544 0.000000 0.000000
    43 2.557190 -0.005873 0.006359 -0.023300 -0.148191 0.060624
    44 2.095024 -0.003873 -0.006100 -0.277770 0.222923 0.402577
    45 0.999380 -0.000236 -1.150774 -0.000001 0.000000 0.000000
    46 -0.122639 -0.721856 0.661690 -0.486644 0.223964 0.243056
    47 2.622113 -0.004555 0.002741 0.094301 0.215918 0.145146
    48 2.656250 0.000780 0.000159 0.668585 0.306980 1.162188
    49 2.197266 0.000516 -0.000121 0.505440 -0.145574 1.217274
    50 0.599951 0.959244 0.300102 0.174544 0.000000 0.000000
    51 2.556641 -0.000149 -0.000030 0.544726 0.124361 1.290931
    52 2.103851 0.001708 -0.001014 0.784658 -0.374024 0.553925
    53 0.999374 -0.000237 1.197643 0.292927 0.028379 0.134647
    54 0.310846 -0.606445 -0.498005 0.308107 -0.197598 0.313976
    55 1.873069 -0.000835 -0.000994 0.000053 0.000004 0.314520
    56 1.200941 0.399582 -0.000237 -0.009465 0.016087 0.007127
    57 0.000586 0.100342 -0.000319 -0.120035 -0.021926 -0.209617
    58 -0.161663 0.051712 0.194808 -2.941982 0.122408 -0.060194
    59 2.010092 -0.003202 -0.007284 0.000018 0.000013 0.337920
    60 0.000240 0.099802 -0.000395 -0.018823 0.010833 -0.239219
    61 -0.203197 0.048607 0.069150 -3.093332 0.033217 -0.046722
    62 1.180428 -0.006214 0.000780 -0.000014 0.000072 0.268798
    63 -0.000196 0.099625 -0.000034 0.000000 0.000000 -0.314102
    64 -0.088736 -0.688435 -0.145203 2.930407 -0.136130 0.513013
    65 1.712069 -0.003328 0.003818 0.000023 -0.000021 0.222781
    66 -0.000580 0.100145 -0.000311 -0.010912 0.023129 -0.260841
    67 -0.146030 -0.232426 -0.014225 3.028455 -0.094299 0.113020
    68 1.290632 0.000362 -0.000032 0.000000 0.000060 -0.177965
    69 -0.658121 -0.003575 0.072645 -0.142711 0.027792 -0.077299
    70 1.868080 -0.003049 0.006083 0.000027 0.000015 0.471342
    71 1.200079 0.399944 -0.000093 0.009465 -0.016087 0.007127
    72 0.000591 0.100342 0.000319 0.120035 0.021926 -0.209617
    73 0.068077 0.002285 -0.080050 3.111376 -0.069366 -0.060847
    74 2.007813 -0.000883 -0.000381 -0.000043 0.000037 1.417990
    75 0.000229 0.099802 0.000395 0.018823 -0.010833 -0.239219
    76 -0.018673 -0.001009 0.047544 3.109244 0.002635 -0.106673
    77 1.178665 0.001595 0.000845 0.000030 -0.000012 0.546573
    78 -0.000198 0.099628 0.000034 0.000000 0.000000 -0.314102
    79 0.036892 -0.634449 0.266284 -2.801062 0.174301 0.490914
    80 1.708008 0.000721 0.000199 0.000056 -0.000025 0.840846
    81 -0.000576 0.100136 0.000311 0.010912 -0.023129 -0.260841
    82 -0.003952 -0.281811 0.115047 -3.059162 0.089004 0.167964
    83 1.289627 0.003949 0.000061 0.196582 -0.011670 0.418148
    84 -0.171528 -0.018148 -0.099873 0.013484 -0.062184 -0.011780
    85 0.912716 0.007240 0.001326 0.000019 0.000021 0.032130
    86 -0.342617 0.053404 -0.025571 -2.909301 -0.017248 0.075276
    87 1.100231 -0.000930 -0.002434 0.000009 0.000014 0.050135
    88 -0.384983 0.330998 0.006848 -3.087207 -0.018765 -0.184279
    89 0.678146 0.006192 0.000002 -0.000078 -0.000079 -0.001829
    90 -0.123848 0.072737 0.029507 2.898184 -0.060627 0.094834
    91 1.017166 -0.000154 -0.000252 -0.000023 -0.000014 0.068957
    92 -0.344986 0.123129 0.143151 2.994981 0.012396 0.059140
    93 -0.730988 0.177046 0.039141 -0.123731 0.076518 -0.084310
    94 0.925900 0.001298 -0.000896 -0.000002 -0.000011 0.196481
    95 -0.124027 -0.052092 0.038496 3.077813 -0.008519 0.039229
    96 1.098633 0.000006 0.000469 0.000024 0.000052 0.880282
    97 -0.330082 0.160641 0.042780 3.128073 0.034033 -0.171236
    98 0.675854 0.005438 0.003272 0.000014 0.000003 1.006524
    99 -0.019516 -0.016531 0.038578 -2.763781 0.050305 0.076828
    100 1.018555 -0.000026 -0.000397 0.000000 0.000000 1.057754
    101 -0.155312 0.130643 -0.021921 -3.022466 0.022433 -0.024903
    102 -0.252209 0.061937 -0.024914 -0.007671 -0.063171 -0.044392
    103 -0.085991 0.185203 -0.015180 -2.937063 -0.113970 -0.138991
    104 -0.286537 0.179852 0.024264 -3.109353 -0.049645 -0.029915
    105 -0.019489 0.147084 0.079203 2.893815 0.038585 -0.060594
    106 -0.046482 0.251898 0.129548 3.016165 0.077112 -0.042864
    107 0.039120 -0.040298 0.047739 3.084219 0.030470 -0.037414
    108 -0.233757 0.066630 0.001754 -3.133086 0.040141 -0.065413
    109 0.044266 0.020128 0.001684 -2.778763 -0.118872 -0.040488
    110 0.071495 0.074127 -0.048302 -3.035917 -0.059482 0.104366
    111 0.000000 0.000000 0.000000 0.000000 0.000000 -1.570796
    112 2.984466 8.812769 -3.332133 -1.990783 -0.278378 1.646206
    113 1.414063 0.000000 2.341797 0.000000 0.000000 0.000000
    114 1.194336 0.000004 2.341797 0.000000 0.000000 0.000000
    115 -10.504227 -8.187750 -15.019990 -1.834821 0.133645 0.851352
    116 -0.575999 -0.004000 0.701999 0.000000 0.000000 0.000000
    117 -0.222000 0.000000 2.060996 0.000000 0.000000 0.000000
    118 0.414999 0.000000 0.937998 0.000000 0.000000 0.000000
    119 1.086997 -0.554999 1.709997 0.000000 0.000000 -1.570755
    120 4.654990 0.000000 0.242000 0.000000 0.000000 0.000000
    121 -1.234999 2.354995 -2.038996 -1.607262 0.223147 -0.356362
    122 4.367991 0.000000 0.177000 0.000000 0.000000 0.000000
    123 0.537998 0.000000 -3.214993 0.000000 0.000000 0.000000
    124 -0.126000 0.000000 -1.241997 0.000000 0.000000 0.000000
    125 1.572997 0.000000 2.342995 0.000000 0.000000 0.000000
    126 1.201998 0.000000 2.375995 0.000000 0.000000 0.000000
    127 -1.451998 0.000000 -3.396993 0.000000 0.000000 0.000000
    128 3.501993 0.017000 3.580993 0.000000 -0.159168 0.000000
    129 0.000000 0.000000 0.000000 0.000000 0.000000 0.000000
    130 0.745997 0.090000 -0.642999 0.000000 0.000000 0.000000
    131 -0.716000 0.604999 0.624999 0.000000 0.000000 0.000000
    132 2.751994 0.107000 0.669999 0.000000 0.000000 0.000000
    133 3.184993 0.000000 1.365997 0.000000 0.000000 0.000000
    134 0.000000 0.000000 0.000000 0.000000 0.000000 0.000000
    135 -0.106000 0.000000 64.320000 0.000000 0.000000 0.000000
    136 0.000000 0.000000 0.000000 0.000000 0.000000 0.000000
    137 0.000000 0.000000 0.000000 0.043792 0.050479 -0.062883
    138 4.577642 17.484653 11.500178 -1.990901 -0.278343 1.646293
    139 0.106000 0.000000 -64.320000 0.000000 0.000000 0.000000
    140 0.000000 0.000000 0.000000 0.000000 0.000000 0.000000
    141 0.000000 0.000000 -4.867002 -3.141592 0.000000 -3.128591
    142 0.000000 0.000000 4.867000 -3.141592 0.000000 -3.128591
    143 4.000000 -6.500000 0.000000 0.000000 0.000000 0.000977
    144 -6.500000 0.000000 0.000000 0.000000 1.570796 0.000000
    145 1.000088 -0.000029 0.000000 0.000000 0.000000 0.000000
    146 17.162516 -0.000404 0.000000 0.000000 0.000000 0.119214
    147 9.999891 -0.000303 0.000000 0.000000 0.000000 0.000000
    148 1.000088 -0.000029 0.000000 0.000000 0.000000 0.000000
    149 17.162516 -0.000404 0.000000 0.000000 0.000000 0.119214
    150 9.499836 0.000212 0.000000 0.000000 0.000000 0.000000
    151 0.000000 0.000000 0.000000 0.000000 0.000000 0.000000
    152 17.749374 0.295515 0.000000 0.000000 0.000000 -1.158958
    153 0.017889 0.299792 0.000000 0.000000 0.000000 -0.059582
    154 12.283573 1.581456 -4.696000 1.462269 -0.086726 0.090185
    155 17.749376 0.295515 0.000000 0.000000 0.000000 -1.158958
    156 0.017889 0.299792 0.000000 0.000000 0.000000 -0.059582
    157 13.354000 0.000000 0.000000 0.000000 0.000000 -0.294101
    158 4.530998 0.000000 0.000000 0.000000 0.000000 0.000000
    159 0.000000 0.000000 0.000000 0.000000 0.000000 0.000000
    160 5.413524 0.000347 0.000000 0.000000 0.000000 -0.518055
    161 5.413524 0.000347 0.000000 0.000000 0.000000 -0.518055
    162 4.662002 -5.366333 4.825191 1.569713 1.561305 -3.121213
    163 3.116966 -0.000443 0.000000 0.000000 0.000000 0.294101
    164 4.527344 0.000000 0.000000 0.000000 0.000000 0.000000
    165 -0.537999 0.000000 2.587000 0.000000 0.000000 0.000000
    166 -25.327586 49.835993 29.413646 3.032287 1.165209 1.755307
    167 2.302999 0.000000 0.188000 0.000000 0.000000 0.000000
    168 6.748000 0.000000 0.546000 0.000000 0.000000 0.000000
    169 3.512001 -3.547000 -1.066000 0.000000 1.570796 0.000000
    170 3.456001 -3.517000 1.169000 0.000000 1.570796 0.000000
    171 6.233002 0.000000 0.000000 0.000000 0.000000 0.000000
    172 -0.171997 -0.106000 -0.902000 1.570713 1.029176 -3.134550
    173 5.909955 -6.653446 0.687521 -0.062883 -0.046884 -0.047639
    174 3.999434 -0.000527 -0.000332 0.475881 0.000006 0.000010
    175 3.999897 0.000041 0.001007 -0.526332 0.000000 0.000000
    176 1.598000 0.000000 0.000000 0.000000 0.000000 0.000000
    177 -1.145525 0.000130 0.000668 0.000000 0.000000 0.000000
    178 2.299679 -2.499979 -0.599480 0.892020 0.221483 -0.527313
    179 -12.865064 8.522039 9.231619 -1.147301 0.042752 2.054474
    180 -9.580683 -27.862110 -37.184666 0.812879 -0.123459 -0.568477
    181 0.649933 -0.548295 0.093651 -1.665913 -0.131399 -0.112062
    182 0.657077 0.008401 0.040371 -1.665945 -0.131407 -0.000013
    183 0.665776 0.747221 -0.029190 -1.665935 -0.131408 0.094976
    184 2.300138 -2.499413 0.600155 -0.891929 -0.221512 -0.527290
    185 11.365068 1.105308 3.752254 2.036514 -0.307328 0.198880
    186 2.762354 0.116951 1.523975 1.629482 0.064153 1.743800
    187 7.228319 7.928203 -3.925648 2.328713 0.123459 -0.568477
    188 0.650396 -0.547731 -0.092976 1.665913 0.131399 -0.112062
    189 0.657069 0.008398 -0.040379 1.665945 0.131407 -0.000013
    190 0.665777 0.747222 0.029182 1.665935 0.131408 0.094976
    191 -4.481003 -0.202000 0.000000 0.000000 0.000000 0.000000
    192 -5.516998 -0.291000 -0.001000 0.000000 0.000000 0.000000
    193 -0.857700 0.104071 0.104683 0.023536 0.163924 0.013632
    194 1.899119 0.000427 -0.000439 0.027386 -0.033311 0.477848
    195 1.799660 -0.000233 0.000231 0.027386 -0.033311 0.477848
    196 1.799660 -0.000233 0.000231 0.027386 -0.033311 0.477848
    197 1.799660 -0.000233 0.000231 0.027386 -0.033311 0.477848
    198 1.900313 -0.000137 -0.000516 0.027386 -0.033311 0.477848
    199 1.899433 -0.000317 -0.000151 -0.027386 0.033311 0.477848
    200 1.799662 -0.000233 -0.000233 -0.027386 0.033311 0.477848
    201 1.799662 -0.000233 -0.000233 -0.027386 0.033311 0.477848
    202 1.799662 -0.000233 -0.000233 -0.027386 0.033311 0.477848
    203 1.900723 0.000553 -0.000072 -0.027386 0.033311 0.477848
    204 0.599884 0.400187 -0.000031 0.000000 0.000000 0.000000
    205 0.599888 0.400187 0.000031 0.000000 0.000000 -3.141592
    206 0.599503 0.400696 0.000234 0.000000 0.000000 0.000000
    207 0.600399 0.399632 -0.000466 0.000000 0.000000 -3.141592
  time 5
    0 0.000000 0.000000 0.000000 0.000000 0.000000 -1.570796
    1 -0.106323 0.000000 -0.000198 0.000000 0.000000 0.000000
    2 0.000000 0.000000 0.000000 0.000000 0.000000 0.000000
    3 -0.904000 0.000000 -11.806000 0.000000 0.000000 0.000000
    4 0.000000 0.000000 -14.313999 0.000000 -1.570796 1.570857
    5 3.533001 0.000000 0.000000 0.000000 0.000000 0.000000
    6 6.250000 0.000000 0.000000 0.000000 0.000000 0.000000
    7 9.545512 1.648513 -1.920582 0.993050 1.334027 1.008849
    8 9.529887 6.258029 1.608084 0.953528 -1.241484 -0.982784
    9 5.790726 0.002787 -0.000113 -0.264334 0.318927 -0.941468
    10 5.999492 -0.000592 -4.000343 0.000000 0.000000 0.000000
    11 5.791316 0.002582 0.004799 0.598453 0.030847 -1.841335
    12 5.999492 -0.000592 4.000336 0.000000 0.000000 0.000000
    13 0.500225 0.000133 -0.000088 -0.236872 0.000000 0.000000
    14 11.534559 0.000348 -0.001312 -0.000065 0.000045 -1.556788
    15 -0.829338 0.893824 0.079659 -0.148839 0.047645 0.087266
    16 0.500225 0.000132 0.000076 0.168825 0.000000 0.000000
    17 11.532495 0.004432 -0.000089 0.000054 0.000014 -0.992622
    18 -0.829586 0.894698 -0.079464 0.045377 -0.019621 0.087266
    19 10.599884 0.000105 -0.000553 1.116176 0.000000 0.000000
    20 0.467332 -0.474406 -0.000805 0.000000 0.000011 0.778346
    21 11.042057 -0.000189 0.000798 1.110853 -0.152646 0.072195
    22 -1.214832 0.203470 -0.477489 -0.135025 -0.078677 -0.001289
    23 10.599880 0.000105 0.000549 -1.049834 -0.000108 -0.000072
    24 0.154821 -0.282994 0.000801 -0.000024 -0.000047 0.496330
    25 11.041742 0.003171 -0.000571 -0.824415 -0.127273 -0.778498
    26 -1.063377 0.077663 0.150230 0.045121 0.020046 -0.012850
    27 0.610302 -0.939470 0.070343 -1.655093 0.119855 -0.197584
    28 0.639940 -0.199121 0.060188 -1.665960 0.128303 -0.091159
    29 0.600155 1.080261 -0.339535 -1.744706 0.277860 0.062730
    30 0.610207 0.400743 -0.010101 -1.765603 0.194459 -0.007104
    31 0.634715 -0.693997 -0.236250 0.109849 0.585131 -1.254403
    32 -0.792125 0.203736 0.461300 1.439074 -0.003453 -0.018305
    33 0.610300 -0.939469 -0.070351 1.655335 0.140029 -0.175632
    34 0.639937 -0.199121 -0.060200 1.659528 0.202500 -0.040444
    35 0.600157 1.080259 0.339531 1.738023 -0.020790 0.107385
    36 0.610205 0.400743 0.010086 1.767175 0.146065 0.084305
    37 0.624002 -0.695300 0.236176 -0.852662 -0.385991 -0.974867
    38 -0.626031 -0.069983 -0.080517 -1.447153 0.086151 0.021559
    39 2.621377 -0.002532 -0.001438 0.249539 0.084666 -0.122897
    40 2.664743 0.000397 -0.000071 0.011449 -0.054026 0.075210
    41 2.202488 0.003368 -0.006769 -0.290136 -0.417468 0.293770
    42 0.599952 0.959240 -0.300102 -0.174544 0.000000 0.000000
    43 2.557190 -0.001967 0.006359 -0.035383 -0.139909 0.107873
    44 2.095024 -0.003873 -0.002193 -0.264625 0.250796 0.458564
    45 0.999380 -0.000236 -1.178119 -0.000001 0.000000 0.000000
    46 -0.122639 -0.721856 0.661690 -0.486644 0.223964 0.243056
    47 2.622113 -0.004555 0.002741 0.094516 0.215966 0.146457
    48 2.656250 0.000780 0.000159 0.668585 0.306980 1.162188
    49 2.197266 0.000516 -0.000121 0.505440 -0.145574 1.217274
    50 0.599951 0.959244 0.300102 0.174544 0.000000 0.000000
    51 2.556641 -0.000149 -0.000030 0.544726 0.124361 1.290931
    52 2.103851 0.005614 -0.001014 0.765961 -0.376469 0.561936
    53 0.999374 -0.000237 1.201549 0.292927 0.028379 0.134647
    54 0.310846 -0.606445 -0.498005 0.308107 -0.197598 0.313976
    55 1.873069 -0.004741 -0.000994 -0.000043 0.000087 0.602714
    56 1.200941 0.399582 -0.000237 -0.009465 0.016087 0.007127
    57 0.000586 0.100342 -0.000319 -0.120035 -0.021926 -0.209617
    58 -0.161663 0.051712 0.194808 -2.941982 0.122408 -0.060194
    59 2.010092 -0.007109 -0.003377 -0.000042 0.000037 0.601711
    60 0.000240 0.099802 -0.000395 -0.018823 0.010833 -0.239219
    61 -0.203197 0.048607 0.069150 -3.093332 0.033217 -0.046722
    62 1.180428 -0.006214 0.000780 -0.000062 0.000036 0.531459
    63 -0.000196 0.099625 -0.000034 0.000000 0.000000 -0.314102
    64 -0.088736 -0.688435 -0.145203 2.930407 -0.136130 0.513013
    65 1.712069 -0.003328 0.003818 0.000023 -0.000021 0.448734
    66 -0.000580 0.100145 -0.000311 -0.010912 0.023129 -0.260841
    67 -0.146030 -0.232426 -0.014225 3.028455 -0.094299 0.113020
    68 1.290632 0.000362 -0.000032 0.000000 0.000000 0.084706
    69 -0.658121 -0.003575 0.072645 -0.142711 0.027792 -0.077299
    70 1.871986 -0.003049 0.006083 0.000003 -0.000021 0.471342
    71 1.200079 0.399944 -0.000093 0.009465 -0.016087 0.007127
    72 0.000591 0.100342 0.000319 0.120035 0.021926 -0.209617
    73 0.068077 0.002285 -0.080050 3.111376 -0.069366 -0.060847
    74 2.007813 -0.000883 -0.000381 -0.000043 0.000037 1.417990
    75 0.000229 0.099802 0.000395 0.018823 -0.010833 -0.239219
    76 -0.018673 -0.001009 0.047544 3.109244 0.002635 -0.106673
    77 1.178665 0.001595 0.000845 0.000030 -0.000012 0.546573
    78 -0.000198 0.099628 0.000034 0.000000 0.000000 -0.314102
    79 0.036892 -0.634449 0.266284 -2.801062 0.174301 0.490914
    80 1.708008 0.000721 0.000199 0.000056 -0.000025 0.840846
    81 -0.000576 0.100136 0.000311 0.010912 -0.023129 -0.260841
    82 -0.003952 -0.281811 0.115047 -3.059162 0.089004 0.167964
    83 1.289627 0.003949 0.000061 0.183566 -0.010951 0.421286
    84 -0.171528 -0.018148 -0.099873 0.013484 -0.062184 -0.011780
    85 0.912716 0.007240 0.001326 0.000019 0.000021 0.341220
    86 -0.342617 0.053404 -0.025571 -2.909301 -0.017248 0.075276
    87 1.100231 -0.000930 -0.002434 0.000009 0.000014 0.394188
    88 -0.384983 0.330998 0.006848 -3.087207 -0.018765 -0.184279
    89 0.678146 0.002286 0.000002 0.000042 -0.000031 0.321005
    90 -0.123848 0.072737 0.029507 2.898184 -0.060627 0.094834
    91 1.017166 -0.000154 -0.000252 -0.000011 0.000058 0.437130
    92 -0.344986 0.123129 0.143151 2.994981 0.012396 0.059140
    93 -0.730988 0.177046 0.039141 -0.123731 0.076518 -0.084310
    94 0.921993 0.001298 -0.000896 -0.000002 -0.000011 0.200996
    95 -0.124027 -0.052092 0.038496 3.077813 -0.008519 0.039229
    96 1.098633 0.000006 0.000469 0.000024 0.000052 0.880282
    97 -0.330082 0.160641 0.042780 3.128073 0.034033 -0.171236
    98 0.675854 0.005438 0.003272 0.000014 0.000027 1.006524
    99 -0.019516 -0.016531 0.038578 -2.763781 0.050305 0.076828
    100 1.018555 -0.000026 -0.000397 0.000000 0.000000 1.057754
    101 -0.155312 0.130643 -0.021921 -3.022466 0.022433 -0.024903
    102 -0.252209 0.061937 -0.024914 -0.007671 -0.063171 -0.044392
    103 -0.085991 0.185203 -0.015180 -2.937063 -0.113970 -0.138991
    104 -0.286537 0.179852 0.024264 -3.109353 -0.049645 -0.029915
    105 -0.019489 0.147084 0.079203 2.893815 0.038585 -0.060594
    106 -0.046482 0.251898 0.129548 3.016165 0.077112 -0.042864
    107 0.039120 -0.040298 0.047739 3.084219 0.030470 -0.037414
    108 -0.233757 0.066630 0.001754 -3.133086 0.040141 -0.065413
    109 0.044266 0.020128 0.001684 -2.778763 -0.118872 -0.040488
    110 0.071495 0.074127 -0.048302 -3.035917 -0.059482 0.104366
    111 0.000000 0.000000 0.000000 0.000000 0.000000 -1.570796
    112 2.211005 11.371441 -3.554796 -1.814132 -0.234837 1.927698
    113 1.414063 0.000000 2.341797 0.000000 0.000000 0.000000
    114 1.194336 0.000004 2.341797 0.000000 0.000000 0.000000
    115 -6.453322 -11.683950 -14.926237 -1.684611 0.040395 1.190811
    116 -0.575999 -0.004000 0.701999 0.000000 0.000000 0.000000
    117 -0.222000 0.000000 2.060996 0.000000 0.000000 0.000000
    118 0.414999 0.000000 0.937998 0.000000 0.000000 0.000000
    119 1.086997 -0.554999 1.709997 0.000000 0.000000 -1.570755
    120 4.654990 0.000000 0.242000 0.000000 0.000000 0.000000
    121 -1.234999 2.354995 -2.038996 -1.607262 0.223147 -0.356350
    122 4.367991 0.000000 0.177000 0.000000 0.000000 0.000000
    123 0.537998 0.000000 -3.214993 0.000000 0.000000 0.000000
    124 -0.126000 0.000000 -1.241997 0.000000 0.000000 0.000000
    125 1.572997 0.000000 2.342995 0.000000 0.000000 0.000000
    126 1.201998 0.000000 2.375995 0.000000 0.000000 0.000000
    127 -1.451998 0.000000 -3.396993 0.000000 0.000000 0.000000
    128 3.501993 0.017000 3.580993 0.000000 -0.159168 0.000000
    129 0.000000 0.000000 0.000000 0.000000 0.000000 0.000000
    130 0.745997 0.090000 -0.642999 0.000000 0.000000 0.000000
    131 -0.716000 0.604999 0.624999 0.000000 0.000000 0.000000
    132 2.751994 0.107000 0.669999 0.000000 0.000000 0.000000
    133 3.184993 0.000000 1.365997 0.000000 0.000000 0.000000
    134 0.000000 0.000000 0.000000 0.000000 0.000000 0.000000
    135 -0.106000 0.000000 64.320000 0.000000 0.000000 0.000000
    136 0.000000 0.000000 0.000000 0.000000 0.000000 0.000000
    137 0.000000 0.000000 0.000000 0.044247 0.061265 -0.087296
    138 1.386138 20.055044 10.675934 -1.814243 -0.234852 1.927697
    139 0.106000 0.000000 -64.320000 0.000000 0.000000 0.000000
    140 0.000000 0.000000 0.000000 0.000000 0.000000 0.000000
    141 0.000000 0.000000 -4.867002 -3.141592 0.000000 -3.128591
    142 0.000000 0.000000 4.867000 -3.141592 0.000000 -3.128591
    143 4.000000 -6.500000 0.000000 0.000000 0.000000 0.000977
    144 -6.500000 0.000000 0.000000 0.000000 1.570796 0.000000
    145 1.000088 -0.000029 0.000000 0.000000 0.000000 0.000000
    146 17.162516 -0.000404 0.000000 0.000000 0.000000 0.119214
    147 9.999891 -0.000303 0.000000 0.000000 0.000000 0.000000
    148 1.000088 -0.000029 0.000000 0.000000 0.000000 0.000000
    149 17.162516 -0.000404 0.000000 0.000000 0.000000 0.119214
    150 9.499836 0.000212 0.000000 0.000000 0.000000 0.000000
    151 0.000000 0.000000 0.000000 0.000000 0.000000 0.000000
    152 17.749374 0.295515 0.000000 0.000000 0.000000 -1.158958
    153 0.017889 0.299792 0.000000 0.000000 0.000000 -0.059582
    154 12.283573 1.581456 -4.696000 1.462269 -0.086726 0.090185
    155 17.749376 0.295515 0.000000 0.000000 0.000000 -1.158958
    156 0.017889 0.299792 0.000000 0.000000 0.000000 -0.059582
    157 13.354000 0.000000 0.000000 0.000000 0.000000 -0.294101
    158 4.530998 0.000000 0.000000 0.000000 0.000000 0.000000
    159 0.000000 0.000000 0.000000 0.000000 0.000000 0.000000
    160 5.413524 0.000347 0.000000 0.000000 0.000000 -0.518055
    161 5.413524 0.000347 0.000000 0.000000 0.000000 -0.518055
    162 4.662002 -5.366333 4.825191 1.569713 1.561305 -3.121213
    163 3.116966 -0.000443 0.000000 0.000000 0.000000 0.294101
    164 4.527344 0.000000 0.000000 0.000000 0.000000 0.000000
    165 -0.537999 0.000000 2.587000 0.000000 0.000000 0.000000
    166 -24.120518 53.566575 22.663440 -2.257052 1.191596 2.732800
    167 2.302999 0.000000 0.188000 0.000000 0.000000 0.000000
    168 6.748000 0.000000 0.546000 0.000000 0.000000 0.000000
    169 3.512001 -3.547000 -1.066000 0.000000 1.570796 0.000000
    170 3.456001 -3.517000 1.169000 0.000000 1.570796 0.000000
    171 6.233002 0.000000 0.000000 0.000000 0.000000 0.000000
    172 -0.171997 -0.106000 -0.902000 1.570713 1.029176 -3.134550
    173 5.835734 -6.692510 0.867214 -0.087236 -0.049424 -0.057178
    174 3.999434 -0.000527 -0.000332 0.558099 0.000042 0.000022
    175 3.999897 0.000041 0.001007 -0.524873 0.000000 0.000000
    176 1.598000 0.000000 0.000000 0.000000 0.000000 0.000000
    177 -1.145525 0.000130 0.000668 0.000000 0.000000 0.000000
    178 2.299679 -2.499979 -0.599480 0.892020 0.221483 -0.527313
    179 -13.130697 9.295500 4.489287 -0.997957 0.158365 2.309797
    180 -9.580683 -27.862110 -37.184666 0.812879 -0.123459 -0.568477
    181 0.649933 -0.548295 0.093651 -1.665913 -0.131399 -0.112062
    182 0.657077 0.008401 0.040371 -1.665945 -0.131407 -0.000013
    183 0.665776 0.747221 -0.029190 -1.665935 -0.131408 0.094976
    184 2.300138 -2.499413 0.600155 -0.891929 -0.221512 -0.527290
    185 11.365068 1.105308 3.752254 2.036514 -0.307328 0.198880
    186 2.762354 0.116951 1.523975 1.629482 0.064153 1.743800
    187 7.228319 7.928203 -3.925648 2.328713 0.123459 -0.568477
    188 0.650396 -0.547731 -0.092976 1.665913 0.131399 -0.112062
    189 0.657069 0.008398 -0.040379 1.665945 0.131407 -0.000013
    190 0.665777 0.747222 0.029182 1.665935 0.131408 0.094976
    191 -4.481003 -0.202000 0.000000 0.000000 0.000000 0.000000
    192 -5.516998 -0.291000 -0.001000 0.000000 0.000000 0.000000
    193 -0.857700 0.104071 0.104683 0.023536 0.163924 0.013632
    194 1.899119 0.000427 -0.000439 0.027386 -0.033311 0.477848
    195 1.799660 -0.000233 0.000231 0.027386 -0.033311 0.477848
    196 1.799660 -0.000233 0.000231 0.027386 -0.033311 0.477848
    197 1.799660 -0.000233 0.000231 0.027386 -0.033311 0.477848
    198 1.900313 -0.000137 -0.000516 0.027386 -0.033311 0.477848
    199 1.899433 -0.000317 -0.000151 -0.027386 0.033311 0.477848
    200 1.799662 -0.000233 -0.000233 -0.027386 0.033311 0.477848
    201 1.799662 -0.000233 -0.000233 -0.027386 0.033311 0.477848
    202 1.799662 -0.000233 -0.000233 -0.027386 0.033311 0.477848
    203 1.900723 0.000553 -0.000072 -0.027386 0.033311 0.477848
    204 0.599884 0.400187 -0.000031 0.000000 0.000000 0.000000
    205 0.599888 0.400187 0.000031 0.000000 0.000000 -3.141592
    206 0.599503 0.400696 0.000234 0.000000 0.000000 0.000000
    207 0.600399 0.399632 -0.000466 0.000000 0.000000 -3.141592
  time 6
    0 0.000000 0.000000 0.000000 0.000000 0.000000 -1.570796
    1 -0.106323 0.000000 -0.000198 0.000000 0.000000 0.000000
    2 0.000000 0.000000 0.000000 0.000000 0.000000 0.000000
    3 -0.904000 0.000000 -11.806000 0.000000 0.000000 0.000000
    4 0.000000 0.000000 -14.313999 0.000000 -1.570796 1.570857
    5 3.533001 0.000000 0.000000 0.000000 0.000000 0.000000
    6 6.250000 0.000000 0.000000 0.000000 0.000000 0.000000
    7 9.537700 1.578198 -1.944020 1.218932 1.186505 1.245638
    8 9.522074 4.644698 2.112006 1.023940 -1.179883 -1.060124
    9 5.790726 0.002787 -0.000113 0.056754 0.385332 -0.484283
    10 5.999492 -0.000592 -4.000343 0.000000 0.000000 0.000000
    11 5.791316 0.002582 0.004799 0.664365 0.251401 -2.051917
    12 5.999492 -0.000592 4.000336 0.000000 0.000000 0.000000
    13 0.500225 0.000133 -0.000088 -0.244195 0.000000 0.000000
    14 11.534559 0.004255 -0.001312 0.000079 0.000021 -2.031007
    15 -0.829338 0.893824 0.079659 -0.148839 0.047645 0.087266
    16 0.500225 0.000132 0.000076 0.081301 0.000000 0.000000
    17 11.536401 0.004432 -0.000089 0.000018 -0.000022 -0.732639
    18 -0.829586 0.894698 -0.079464 0.045377 -0.019621 0.087266
    19 10.599884 0.000105 -0.000553 1.436951 0.000024 -0.000036
    20 0.963441 -0.599409 -0.000805 0.000000 0.000011 1.015499
    21 11.042057 -0.000189 0.004704 1.409707 -0.175067 0.160578
    22 -1.214832 0.203470 -0.477489 -0.135025 -0.078677 -0.001289
    23 10.599880 0.000105 0.000549 -0.727160 0.000000 -0.000048
    24 0.107944 -0.286900 0.000801 0.000000 -0.000011 0.366335
    25 11.041742 0.003171 -0.000571 -0.597704 0.038591 -0.727003
    26 -1.063377 0.077663 0.150230 0.045121 0.020046 -0.012850
    27 0.610302 -0.939470 0.070343 -1.655093 0.119855 -0.197584
    28 0.639940 -0.199121 0.060188 -1.665960 0.128303 -0.091135
    29 0.600155 1.080261 -0.339535 -1.744706 0.277848 0.062754
    30 0.610207 0.400743 -0.010101 -1.765603 0.194447 -0.007092
    31 0.630809 -0.693997 -0.232343 0.048583 0.718316 -1.247323
    32 -0.792125 0.203736 0.461300 1.439074 -0.003453 -0.018305
    33 0.610300 -0.939469 -0.070351 1.655335 0.140029 -0.175632
    34 0.639937 -0.199121 -0.060200 1.659528 0.202500 -0.040444
    35 0.600157 1.080259 0.339531 1.738023 -0.020790 0.107385
    36 0.610205 0.400743 0.010086 1.767175 0.146065 0.084305
    37 0.624002 -0.695300 0.236176 -0.851519 -0.398803 -0.974240
    38 -0.626031 -0.069983 -0.080517 -1.447153 0.086151 0.021559
    39 2.621377 -0.002532 -0.001438 0.212321 0.158789 -0.046025
    40 2.660837 0.000397 -0.000071 0.008379 -0.043643 0.185616
    41 2.206394 0.003368 -0.006769 -0.348623 -0.243924 0.318429
    42 0.599952 0.959240 -0.300102 -0.174544 0.000000 0.000000
    43 2.557190 -0.005873 0.002453 -0.057742 -0.122795 0.199276
    44 2.095024 -0.003873 -0.002193 -0.235780 0.300379 0.564636
    45 0.999380 -0.000236 -1.244527 -0.000001 0.000000 0.000000
    46 -0.122639 -0.721856 0.661690 -0.486644 0.223964 0.243056
    47 2.626019 -0.000648 0.002741 0.095380 0.215942 0.151992
    48 2.656250 0.000780 0.000159 0.668585 0.306980 1.162188
    49 2.197266 0.000516 -0.000121 0.505440 -0.145574 1.217274
    50 0.599951 0.959244 0.300102 0.174544 0.000000 0.000000
    51 2.556641 -0.000149 -0.000030 0.544726 0.124361 1.290931
    52 2.103851 0.001708 -0.001014 0.747265 -0.378770 0.569969
    53 0.999374 -0.000237 1.209362 0.292927 0.028379 0.134647
    54 0.310846 -0.606445 -0.498005 0.308107 -0.197598 0.313976
    55 1.873069 -0.000835 -0.000994 -0.000007 0.000004 1.137896
    56 1.200941 0.399582 -0.000237 -0.009465 0.016087 0.007127
    57 0.000586 0.100342 -0.000319 -0.120035 -0.021926 -0.209617
    58 -0.161663 0.051712 0.194808 -2.941982 0.122408 -0.060194
    59 2.010092 -0.007109 -0.003377 0.000054 0.000060 1.091898
    60 0.000240 0.099802 -0.000395 -0.018823 0.010833 -0.239219
    61 -0.203197 0.048607 0.069150 -3.093332 0.033217 -0.046722
    62 1.180428 -0.006214 0.000780 -0.000062 0.000036 1.019143
    63 -0.000196 0.099625 -0.000034 0.000000 0.000000 -0.314102
    64 -0.088736 -0.688435 -0.145203 2.930407 -0.136130 0.513013
    65 1.712069 -0.003328 0.003818 0.000023 -0.000021 0.868335
    66 -0.000580 0.100145 -0.000311 -0.010912 0.023129 -0.260841
    67 -0.146030 -0.232426 -0.014225 3.028455 -0.094299 0.113020
    68 1.290632 0.000362 -0.000032 0.000000 0.000000 0.572361
    69 -0.658121 -0.003575 0.072645 -0.142711 0.027792 -0.077299
    70 1.868080 -0.006956 0.006083 0.000003 -0.000045 0.471308
    71 1.200079 0.399944 -0.000093 0.009465 -0.016087 0.007127
    72 0.000591 0.100342 0.000319 0.120035 0.021926 -0.209617
    73 0.068077 0.002285 -0.080050 3.111376 -0.069366 -0.060847
    74 2.007813 -0.000883 -0.000381 -0.000043 0.000037 1.417990
    75 0.000229 0.099802 0.000395 0.018823 -0.010833 -0.239219
    76 -0.018673 -0.001009 0.047544 3.109244 0.002635 -0.106673
    77 1.178665 0.001595 0.000845 0.000030 -0.000012 0.546573
    78 -0.000198 0.099628 0.000034 0.000000 0.000000 -0.314102
    79 0.036892 -0.634449 0.266284 -2.801062 0.174301 0.490914
    80 1.708008 0.000721 0.000199 0.000056 -0.000025 0.840846
    81 -0.000576 0.100136 0.000311 0.010912 -0.023129 -0.260841
    82 -0.003952 -0.281811 0.115047 -3.059162 0.089004 0.167964
    83 1.289627 0.003949 0.000061 0.170563 -0.010196 0.424452
    84 -0.171528 -0.018148 -0.099873 0.013484 -0.062184 -0.011780
    85 0.912716 0.007240 0.001326 -0.000005 0.000092 0.915299
    86 -0.342617 0.053404 -0.025571 -2.909301 -0.017248 0.075276
    87 1.100231 -0.000930 -0.002434 0.000009 0.000014 1.033447
    88 -0.384983 0.330998 0.006848 -3.087207 -0.018765 -0.184279
    89 0.678146 0.006192 0.000002 0.000042 -0.000043 0.920466
    90 -0.123848 0.072737 0.029507 2.898184 -0.060627 0.094834
    91 1.017166 -0.000154 -0.000252 -0.000023 -0.000014 1.120688
    92 -0.344986 0.123129 0.143151 2.994981 0.012396 0.059140
    93 -0.730988 0.177046 0.039141 -0.123731 0.076518 -0.084310
    94 0.925900 0.001298 -0.000896 -0.000014 -0.000071 0.223714
    95 -0.124027 -0.052092 0.038496 3.077813 -0.008519 0.039229
    96 1.098633 0.000006 0.000469 0.000024 0.000052 0.880282
    97 -0.330082 0.160641 0.042780 3.128073 0.034033 -0.171236
    98 0.675854 0.005438 0.003272 0.000014 0.000027 1.006524
    99 -0.019516 -0.016531 0.038578 -2.763781 0.050305 0.076828
    100 1.018555 -0.000026 -0.000397 0.000000 0.000000 1.057754
    101 -0.155312 0.130643 -0.021921 -3.022466 0.022433 -0.024903
    102 -0.252209 0.061937 -0.024914 -0.007671 -0.063171 -0.044392
    103 -0.085991 0.185203 -0.015180 -2.937063 -0.113970 -0.138991
    104 -0.286537 0.179852 0.024264 -3.109353 -0.049645 -0.029915
    105 -0.019489 0.147084 0.079203 2.893815 0.038585 -0.060594
    106 -0.046482 0.251898 0.129548 3.016165 0.077112 -0.042864
    107 0.039120 -0.040298 0.047739 3.084219 0.030470 -0.037414
    108 -0.233757 0.066630 0.001754 -3.133086 0.040141 -0.065413
    109 0.044266 0.020128 0.001684 -2.778763 -0.118872 -0.040488
    110 0.071495 0.074127 -0.048302 -3.035917 -0.059482 0.104366
    111 0.000000 0.000000 0.000000 0.000000 0.000000 -1.570796
    112 1.023469 12.863674 0.589862 -1.547638 -0.413681 1.975671
    113 1.414063 0.000000 2.341797 0.000000 0.000000 0.000000
    114 1.194336 0.000004 2.341797 0.000000 0.000000 0.000000
    115 -2.863369 -8.707297 -14.578570 -1.658921 -0.267573 1.321682
    116 -0.575999 -0.004000 0.701999 0.000000 0.000000 0.000000
    117 -0.222000 0.000000 2.060996 0.000000 0.000000 0.000000
    118 0.414999 0.000000 0.937998 0.000000 0.000000 0.000000
    119 1.086997 -0.554999 1.709997 0.000000 0.000000 -1.570755
    120 4.654990 0.000000 0.242000 0.000000 0.000000 0.000000
    121 -1.234999 2.354995 -2.038996 -1.607262 0.223147 -0.356350
    122 4.367991 0.000000 0.177000 0.000000 0.000000 0.000000
    123 0.537998 0.000000 -3.214993 0.000000 0.000000 0.000000
    124 -0.126000 0.000000 -1.241997 0.000000 0.000000 0.000000
    125 1.572997 0.000000 2.342995 0.000000 0.000000 0.000000
    126 1.201998 0.000000 2.375995 0.000000 0.000000 0.000000
    127 -1.451998 0.000000 -3.396993 0.000000 0.000000 0.000000
    128 3.501993 0.017000 3.580993 0.000000 -0.159168 0.000000
    129 0.000000 0.000000 0.000000 0.000000 0.000000 0.000000
    130 0.745997 0.090000 -0.642999 0.000000 0.000000 0.000000
    131 -0.716000 0.604999 0.624999 0.000000 0.000000 0.000000
    132 2.751994 0.107000 0.669999 0.000000 0.000000 0.000000
    133 3.184993 0.000000 1.365997 0.000000 0.000000 0.000000
    134 0.000000 0.000000 0.000000 0.000000 0.000000 0.000000
    135 -0.106000 0.000000 64.320000 0.000000 0.000000 0.000000
    136 0.000000 0.000000 0.000000 0.000000 0.000000 0.000000
    137 0.000000 0.000000 0.000000 0.044295 0.065556 -0.097483
    138 -0.016248 21.070700 16.031566 -1.547643 -0.413640 1.975765
    139 0.106000 0.000000 -64.320000 0.000000 0.000000 0.000000
    140 0.000000 0.000000 0.000000 0.000000 0.000000 0.000000
    141 0.000000 0.000000 -4.867002 -3.141592 0.000000 -3.128591
    142 0.000000 0.000000 4.867000 -3.141592 0.000000 -3.128591
    143 4.000000 -6.500000 0.000000 0.000000 0.000000 0.000977
    144 -6.500000 0.000000 0.000000 0.000000 1.570796 0.000000
    145 1.000088 -0.000029 0.000000 0.000000 0.000000 0.000000
    146 17.162516 -0.000404 0.000000 0.000000 0.000000 0.119214
    147 9.999891 -0.000303 0.000000 0.000000 0.000000 0.000000
    148 1.000088 -0.000029 0.000000 0.000000 0.000000 0.000000
    149 17.162516 -0.000404 0.000000 0.000000 0.000000 0.119214
    150 9.499836 0.000212 0.000000 0.000000 0.000000 0.000000
    151 0.000000 0.000000 0.000000 0.000000 0.000000 0.000000
    152 17.749374 0.295515 0.000000 0.000000 0.000000 -1.158958
    153 0.017889 0.299792 0.000000 0.000000 0.000000 -0.059582
    154 12.283573 1.581456 -4.696000 1.462269 -0.086726 0.090185
    155 17.749376 0.295515 0.000000 0.000000 0.000000 -1.158958
    156 0.017889 0.299792 0.000000 0.000000 0.000000 -0.059582
    157 13.354000 0.000000 0.000000 0.000000 0.000000 -0.294101
    158 4.530998 0.000000 0.000000 0.000000 0.000000 0.000000
    159 0.000000 0.000000 0.000000 0.000000 0.000000 0.000000
    160 5.413524 0.000347 0.000000 0.000000 0.000000 -0.518055
    161 5.413524 0.000347 0.000000 0.000000 0.000000 -0.518055
    162 4.662002 -5.366333 4.825191 1.569713 1.561305 -3.121213
    163 3.116966 -0.000443 0.000000 0.000000 0.000000 0.294101
    164 4.527344 0.000000 0.000000 0.000000 0.000000 0.000000
    165 -0.537999 0.000000 2.587000 0.000000 0.000000 0.000000
    166 -36.906064 54.883022 7.858301 -1.518394 1.156026 -2.679703
    167 2.302999 0.000000 0.188000 0.000000 0.000000 0.000000
    168 6.748000 0.000000 0.546000 0.000000 0.000000 0.000000
    169 3.512001 -3.547000 -1.066000 0.000000 1.570796 0.000000
    170 3.456001 -3.517000 1.169000 0.000000 1.570796 0.000000
    171 6.233002 0.000000 0.000000 0.000000 0.000000 0.000000
    172 -0.171997 -0.106000 -0.902000 1.570713 1.029176 -3.134550
    173 5.812296 -6.708135 0.929716 -0.097399 -0.050467 -0.060930
    174 3.999434 -0.000527 -0.000332 0.718498 -0.000054 -0.000014
    175 3.999897 0.000041 0.001007 -0.363613 0.000000 0.000000
    176 1.598000 0.000000 0.000000 0.000000 0.000000 0.000000
    177 -1.145525 0.000130 0.000668 0.000000 0.000000 0.000000
    178 2.299679 -2.499979 -0.599480 0.892020 0.221483 -0.527313
    179 -7.118795 15.065207 1.153247 -0.701268 0.385986 2.224866
    180 -9.580683 -27.862110 -37.184666 0.812879 -0.123459 -0.568477
    181 0.649933 -0.548295 0.093651 -1.665913 -0.131399 -0.112062
    182 0.657077 0.008401 0.040371 -1.665945 -0.131407 -0.000013
    183 0.665776 0.747221 -0.029190 -1.665935 -0.131408 0.094976
    184 2.300138 -2.499413 0.600155 -0.891929 -0.221512 -0.527290
    185 11.365068 1.105308 3.752254 2.036514 -0.307328 0.198880
    186 2.762354 0.116951 1.523975 1.629482 0.064153 1.743800
    187 7.228319 7.928203 -3.925648 2.328713 0.123459 -0.568477
    188 0.650396 -0.547731 -0.092976 1.665913 0.131399 -0.112062
    189 0.657069 0.008398 -0.040379 1.665945 0.131407 -0.000013
    190 0.665777 0.747222 0.029182 1.665935 0.131408 0.094976
    191 -4.481003 -0.202000 0.000000 0.000000 0.000000 0.000000
    192 -5.516998 -0.291000 -0.001000 0.000000 0.000000 0.000000
    193 -0.857700 0.104071 0.104683 0.023536 0.163924 0.013632
    194 1.899119 0.000427 -0.000439 0.027386 -0.033311 0.477848
    195 1.799660 -0.000233 0.000231 0.027386 -0.033311 0.477848
    196 1.799660 -0.000233 0.000231 0.027386 -0.033311 0.477848
    197 1.799660 -0.000233 0.000231 0.027386 -0.033311 0.477848
    198 1.900313 -0.000137 -0.000516 0.027386 -0.033311 0.477848
    199 1.899433 -0.000317 -0.000151 -0.027386 0.033311 0.477848
    200 1.799662 -0.000233 -0.000233 -0.027386 0.033311 0.477848
    201 1.799662 -0.000233 -0.000233 -0.027386 0.033311 0.477848
    202 1.799662 -0.000233 -0.000233 -0.027386 0.033311 0.477848
    203 1.900723 0.000553 -0.000072 -0.027386 0.033311 0.477848
    204 0.599884 0.400187 -0.000031 0.000000 0.000000 0.000000
    205 0.599888 0.400187 0.000031 0.000000 0.000000 -3.141592
    206 0.599503 0.400696 0.000234 0.000000 0.000000 0.000000
    207 0.600399 0.399632 -0.000466 0.000000 0.000000 -3.141592
  time 7
    0 0.000000 0.000000 0.000000 0.000000 0.000000 -1.570796
    1 -0.106323 0.000000 -0.000198 0.000000 0.000000 0.000000
    2 0.000000 0.000000 0.000000 0.000000 0.000000 0.000000
    3 -0.904000 0.000000 -11.806000 0.000000 0.000000 0.000000
    4 0.000000 0.000000 -14.313999 0.000000 -1.570796 1.570857
    5 3.533001 0.000000 0.000000 0.000000 0.000000 0.000000
    6 6.250000 0.000000 0.000000 0.000000 0.000000 0.000000
    7 9.533793 1.511790 -1.967458 1.267142 1.115388 1.298929
    8 9.518168 1.648513 3.018284 1.052311 -1.130291 -1.092378
    9 5.790726 0.002787 -0.000113 0.251784 0.344108 -0.219843
    10 5.999492 -0.000592 -4.000343 0.000000 0.000000 0.000000
    11 5.787410 0.002582 0.000893 0.531245 0.229606 -1.447940
    12 5.999492 -0.000592 4.000336 0.000000 0.000000 0.000000
    13 0.500225 0.000133 -0.000088 -0.234787 0.000000 0.000000
    14 11.534559 0.004255 -0.001312 0.000055 0.000129 -2.170337
    15 -0.829338 0.893824 0.079659 -0.148839 0.047645 0.087266
    16 0.500225 0.000132 0.000076 0.245970 0.000000 0.000000
    17 11.532495 0.000526 -0.000089 0.000006 -0.000022 -0.322187
    18 -0.829586 0.894698 -0.079464 0.045377 -0.019621 0.087266
    19 10.599884 0.000105 -0.000553 1.610508 0.000072 0.000000
    20 1.131415 -0.599409 -0.000805 0.000000 0.000011 1.085135
    21 11.042057 -0.000189 0.000798 1.580183 -0.262741 0.112125
    22 -1.214832 0.203470 -0.477489 -0.135025 -0.078677 -0.001289
    23 10.599880 0.000105 0.000549 -0.655947 0.000000 0.000000
    24 0.053255 -0.294713 0.000801 0.000000 -0.000011 0.161170
    25 11.041742 0.003171 -0.000571 -0.588980 0.290106 -0.803095
    26 -1.063377 0.077663 0.150230 0.045121 0.020046 -0.012850
    27 0.610302 -0.939470 0.070343 -1.655093 0.119855 -0.197584
    28 0.639940 -0.199121 0.060188 -1.665960 0.128303 -0.091123
    29 0.600155 1.080261 -0.339535 -1.744759 0.277824 0.062778
    30 0.610207 0.400743 -0.010101 -1.765603 0.194435 -0.007080
    31 0.634715 -0.693997 -0.232343 0.015552 0.789983 -1.228238
    32 -0.792125 0.203736 0.461300 1.439074 -0.003453 -0.018305
    33 0.610300 -0.939469 -0.070351 1.655335 0.140029 -0.175632
    34 0.639937 -0.199121 -0.060200 1.659528 0.202500 -0.040444
    35 0.600157 1.080259 0.339531 1.738023 -0.020790 0.107397
    36 0.610205 0.400743 0.010086 1.767175 0.146065 0.084305
    37 0.624002 -0.691393 0.232270 -0.850297 -0.411615 -0.973724
    38 -0.626031 -0.069983 -0.080517 -1.447153 0.086151 0.021559
    39 2.621377 -0.002532 -0.001438 0.174510 0.198705 0.005803
    40 2.664743 0.000397 -0.000071 0.000008 -0.038120 0.256617
    41 2.206394 0.003368 -0.006769 -0.380114 -0.145601 0.331690
    42 0.599952 0.959240 -0.300102 -0.174544 0.000000 0.000000
    43 2.557190 -0.001967 0.002453 -0.069789 -0.108354 0.259194
    44 2.095024 -0.003873 -0.006100 -0.217692 0.325697 0.623004
    45 0.999380 -0.000236 -1.322654 -0.000001 0.000000 0.000000
    46 -0.122639 -0.721856 0.661690 -0.486644 0.223964 0.243056
    47 2.622113 -0.004555 0.006647 0.096243 0.215906 0.157478
    48 2.656250 0.000780 0.000159 0.668585 0.306980 1.162188
    49 2.197266 0.000516 -0.000121 0.505440 -0.145574 1.217274
    50 0.599951 0.959244 0.300102 0.174544 0.000000 0.000000
    51 2.556641 -0.000149 -0.000030 0.544726 0.124361 1.290931
    52 2.103851 0.005614 -0.001014 0.723938 -0.381958 0.579946
    53 0.999374 -0.000237 1.209362 0.292927 0.028379 0.134647
    54 0.310846 -0.606445 -0.498005 0.308107 -0.197598 0.313976
    55 1.873069 -0.000835 -0.000994 -0.000007 0.000004 1.425988
    56 1.200941 0.399582 -0.000237 -0.009465 0.016087 0.007127
    57 0.000586 0.100342 -0.000319 -0.120035 -0.021926 -0.209617
    58 -0.161663 0.051712 0.194808 -2.941982 0.122408 -0.060194
    59 2.010092 -0.003202 -0.003377 0.000006 0.000096 1.355919
    60 0.000240 0.099802 -0.000395 -0.018823 0.010833 -0.239219
    61 -0.203197 0.048607 0.069150 -3.093332 0.033217 -0.046722
    62 1.180428 -0.006214 0.000780 -0.000038 -0.000048 1.281642
    63 -0.000196 0.099625 -0.000034 0.000000 0.000000 -0.314102
    64 -0.088736 -0.688435 -0.145203 2.930407 -0.136130 0.513013
    65 1.712069 0.000578 -0.000088 -0.000121 -0.000009 1.094391
    66 -0.000580 0.100145 -0.000311 -0.010912 0.023129 -0.260841
    67 -0.146030 -0.232426 -0.014225 3.028455 -0.094299 0.113020
    68 1.290632 0.000362 -0.000032 0.000024 -0.000060 0.834948
    69 -0.658121 -0.003575 0.072645 -0.142711 0.027792 -0.077299
    70 1.868080 -0.006956 0.006083 -0.000009 -0.000081 0.471308
    71 1.200079 0.399944 -0.000093 0.009465 -0.016087 0.007127
    72 0.000591 0.100342 0.000319 0.120035 0.021926 -0.209617
    73 0.068077 0.002285 -0.080050 3.111376 -0.069366 -0.060847
    74 2.007813 -0.000883 -0.000381 -0.000043 0.000037 1.417990
    75 0.000229 0.099802 0.000395 0.018823 -0.010833 -0.239219
    76 -0.018673 -0.001009 0.047544 3.109244 0.002635 -0.106673
    77 1.178665 0.001595 0.000845 0.000030 -0.000012 0.546573
    78 -0.000198 0.099628 0.000034 0.000000 0.000000 -0.314102
    79 0.036892 -0.634449 0.266284 -2.801062 0.174301 0.490914
    80 1.708008 0.000721 0.000199 0.000056 -0.000025 0.840846
    81 -0.000576 0.100136 0.000311 0.010912 -0.023129 -0.260841
    82 -0.003952 -0.281811 0.115047 -3.059162 0.089004 0.167964
    83 1.289627 0.003949 0.000061 0.157584 -0.009393 0.427619
    84 -0.171528 -0.018148 -0.099873 0.013484 -0.062184 -0.011780
    85 0.916622 0.007240 0.001326 0.000031 -0.000063 1.224447
    86 -0.342617 0.053404 -0.025571 -2.909301 -0.017248 0.075276
    87 1.100231 -0.000930 -0.002434 -0.000039 0.000062 1.377539
    88 -0.384983 0.330998 0.006848 -3.087207 -0.018765 -0.184279
    89 0.678146 0.002286 0.000002 -0.000030 0.000065 1.243301
    90 -0.123848 0.072737 0.029507 2.898184 -0.060627 0.094834
    91 1.017166 -0.000154 -0.000252 0.000025 0.000022 1.488752
    92 -0.344986 0.123129 0.143151 2.994981 0.012396 0.059140
    93 -0.730988 0.177046 0.039141 -0.123731 0.076518 -0.084310
    94 0.921993 0.001298 -0.000896 -0.000002 -0.000011 0.237259
    95 -0.124027 -0.052092 0.038496 3.077813 -0.008519 0.039229
    96 1.098633 0.000006 0.000469 0.000024 0.000052 0.880282
    97 -0.330082 0.160641 0.042780 3.128073 0.034033 -0.171236
    98 0.675854 0.005438 0.003272 0.000014 0.000015 1.006524
    99 -0.019516 -0.016531 0.038578 -2.763781 0.050305 0.076828
    100 1.018555 -0.000026 -0.000397 0.000000 0.000000 1.057754
    101 -0.155312 0.130643 -0.021921 -3.022466 0.022433 -0.024903
    102 -0.252209 0.061937 -0.024914 -0.007671 -0.063171 -0.044392
    103 -0.085991 0.185203 -0.015180 -2.937063 -0.113970 -0.138991
    104 -0.286537 0.179852 0.024264 -3.109353 -0.049645 -0.029915
    105 -0.019489 0.147084 0.079203 2.893815 0.038585 -0.060594
    106 -0.046482 0.251898 0.129548 3.016165 0.077112 -0.042864
    107 0.039120 -0.040298 0.047739 3.084219 0.030470 -0.037414
    108 -0.233757 0.066630 0.001754 -3.133086 0.040141 -0.065413
    109 0.044266 0.020128 0.001684 -2.778763 -0.118872 -0.040488
    110 0.071495 0.074127 -0.048302 -3.035917 -0.059482 0.104366
    111 0.000000 0.000000 0.000000 0.000000 0.000000 -1.570796
    112 18.156804 4.937651 0.062502 -1.482746 -0.474919 1.093955
    113 1.414063 0.000000 2.341797 0.000000 0.000000 0.000000
    114 1.194336 0.000004 2.341797 0.000000 0.000000 0.000000
    115 -9.910459 -10.957366 -16.184088 -1.673983 -0.350995 0.472426
    116 -0.575999 -0.004000 0.701999 0.000000 0.000000 0.000000
    117 -0.222000 0.000000 2.060996 0.000000 0.000000 0.000000
    118 0.414999 0.000000 0.937998 0.000000 0.000000 0.000000
    119 1.086997 -0.554999 1.709997 0.000000 0.000000 -1.570755
    120 4.654990 0.000000 0.242000 0.000000 0.000000 0.000000
    121 -1.234999 2.354995 -2.038996 -1.607262 0.223147 -0.356362
    122 4.367991 0.000000 0.177000 0.000000 0.000000 0.000000
    123 0.537998 0.000000 -3.214993 0.000000 0.000000 0.000000
    124 -0.126000 0.000000 -1.241997 0.000000 0.000000 0.000000
    125 1.572997 0.000000 2.342995 0.000000 0.000000 0.000000
    126 1.201998 0.000000 2.375995 0.000000 0.000000 0.000000
    127 -1.451998 0.000000 -3.396993 0.000000 0.000000 0.000000
    128 3.501993 0.017000 3.580993 0.000000 -0.159168 0.000000
    129 0.000000 0.000000 0.000000 0.000000 0.000000 0.000000
    130 0.745997 0.090000 -0.642999 0.000000 0.000000 0.000000
    131 -0.716000 0.604999 0.624999 0.000000 0.000000 0.000000
    132 2.751994 0.107000 0.669999 0.000000 0.000000 0.000000
    133 3.184993 0.000000 1.365997 0.000000 0.000000 0.000000
    134 0.000000 0.000000 0.000000 0.000000 0.000000 0.000000
    135 -0.106000 0.000000 64.320000 0.000000 0.000000 0.000000
    136 0.000000 0.000000 0.000000 0.000000 0.000000 0.000000
    137 0.000000 0.000000 0.000000 -0.064873 0.006196 0.127085
    138 24.097769 11.562597 15.933907 -1.482843 -0.474922 1.093939
    139 0.106000 0.000000 -64.320000 0.000000 0.000000 0.000000
    140 0.000000 0.000000 0.000000 0.000000 0.000000 0.000000
    141 0.000000 0.000000 -4.867002 -3.141592 0.000000 -3.128591
    142 0.000000 0.000000 4.867000 -3.141592 0.000000 -3.128591
    143 4.000000 -6.500000 0.000000 0.000000 0.000000 0.000977
    144 -6.500000 0.000000 0.000000 0.000000 1.570796 0.000000
    145 1.000088 -0.000029 0.000000 0.000000 0.000000 0.000000
    146 17.162516 -0.000404 0.000000 0.000000 0.000000 0.119214
    147 9.999891 -0.000303 0.000000 0.000000 0.000000 0.000000
    148 1.000088 -0.000029 0.000000 0.000000 0.000000 0.000000
    149 17.162516 -0.000404 0.000000 0.000000 0.000000 0.119214
    150 9.499836 0.000212 0.000000 0.000000 0.000000 0.000000
    151 0.000000 0.000000 0.000000 0.000000 0.000000 0.000000
    152 17.749374 0.295515 0.000000 0.000000 0.000000 -1.158958
    153 0.017889 0.299792 0.000000 0.000000 0.000000 -0.059582
    154 12.283573 1.581456 -4.696000 1.462269 -0.086726 0.090185
    155 17.749376 0.295515 0.000000 0.000000 0.000000 -1.158958
    156 0.017889 0.299792 0.000000 0.000000 0.000000 -0.059582
    157 13.354000 0.000000 0.000000 0.000000 0.000000 -0.294101
    158 4.530998 0.000000 0.000000 0.000000 0.000000 0.000000
    159 0.000000 0.000000 0.000000 0.000000 0.000000 0.000000
    160 5.413524 0.000347 0.000000 0.000000 0.000000 -0.518055
    161 5.413524 0.000347 0.000000 0.000000 0.000000 -0.518055
    162 4.662002 -5.366333 4.825191 1.569713 1.561305 -3.121213
    163 3.116966 -0.000443 0.000000 0.000000 0.000000 0.294101
    164 4.527344 0.000000 0.000000 0.000000 0.000000 0.000000
    165 -0.537999 0.000000 2.587000 0.000000 0.000000 0.000000
    166 -41.081973 52.410290 12.565476 1.388126 1.127803 0.311333
    167 2.302999 0.000000 0.188000 0.000000 0.000000 0.000000
    168 6.748000 0.000000 0.546000 0.000000 0.000000 0.000000
    169 3.512001 -3.547000 -1.066000 0.000000 1.570796 0.000000
    170 3.456001 -3.517000 1.169000 0.000000 1.570796 0.000000
    171 6.233002 0.000000 0.000000 0.000000 0.000000 0.000000
    172 -0.171997 -0.106000 -0.902000 1.570713 1.029176 -3.134550
    173 6.195120 -6.317498 -1.207068 0.127348 0.065124 0.002061
    174 3.999434 -0.000527 -0.000332 0.805243 0.000006 0.000010
    175 3.999897 0.000041 0.001007 -0.328000 0.000000 0.000000
    176 1.598000 0.000000 0.000000 0.000000 0.000000 0.000000
    177 -1.145525 0.000130 0.000668 0.000000 0.000000 0.000000
    178 2.299679 -2.499979 -0.599480 0.892020 0.221483 -0.527313
    179 22.229757 10.135369 0.446195 4.540240 0.789709 1.160491
    180 -9.580683 -27.862110 -37.184666 0.812879 -0.123459 -0.568477
    181 0.649933 -0.548295 0.093651 -1.665913 -0.131399 -0.112062
    182 0.657077 0.008401 0.040371 -1.665945 -0.131407 -0.000013
    183 0.665776 0.747221 -0.029190 -1.665935 -0.131408 0.094976
    184 2.300138 -2.499413 0.600155 -0.891929 -0.221512 -0.527290
    185 11.365068 1.105308 3.752254 2.036514 -0.307328 0.198880
    186 2.762354 0.116951 1.523975 1.629482 0.064153 1.743800
    187 7.228319 7.928203 -3.925648 2.328713 0.123459 -0.568477
    188 0.650396 -0.547731 -0.092976 1.665913 0.131399 -0.112062
    189 0.657069 0.008398 -0.040379 1.665945 0.131407 -0.000013
    190 0.665777 0.747222 0.029182 1.665935 0.131408 0.094976
    191 -4.481003 -0.202000 0.000000 0.000000 0.000000 0.000000
    192 -5.516998 -0.291000 -0.001000 0.000000 0.000000 0.000000
    193 -0.857700 0.104071 0.104683 0.023536 0.163924 0.013632
    194 1.899119 0.000427 -0.000439 0.027386 -0.033311 0.477848
    195 1.799660 -0.000233 0.000231 0.027386 -0.033311 0.477848
    196 1.799660 -0.000233 0.000231 0.027386 -0.033311 0.477848
    197 1.799660 -0.000233 0.000231 0.027386 -0.033311 0.477848
    198 1.900313 -0.000137 -0.000516 0.027386 -0.033311 0.477848
    199 1.899433 -0.000317 -0.000151 -0.027386 0.033311 0.477848
    200 1.799662 -0.000233 -0.000233 -0.027386 0.033311 0.477848
    201 1.799662 -0.000233 -0.000233 -0.027386 0.033311 0.477848
    202 1.799662 -0.000233 -0.000233 -0.027386 0.033311 0.477848
    203 1.900723 0.000553 -0.000072 -0.027386 0.033311 0.477848
    204 0.599884 0.400187 -0.000031 0.000000 0.000000 0.000000
    205 0.599888 0.400187 0.000031 0.000000 0.000000 -3.141592
    206 0.599503 0.400696 0.000234 0.000000 0.000000 0.000000
    207 0.600399 0.399632 -0.000466 0.000000 0.000000 -3.141592
  time 8
    0 0.000000 0.000000 0.000000 0.000000 0.000000 -1.570796
    1 -0.106323 0.000000 -0.000198 0.000000 0.000000 0.000000
    2 0.000000 0.000000 0.000000 0.000000 0.000000 0.000000
    3 -0.904000 0.000000 -11.806000 0.000000 0.000000 0.000000
    4 0.000000 0.000000 -14.313999 0.000000 -1.570796 1.570857
    5 3.533001 0.000000 0.000000 0.000000 0.000000 0.000000
    6 6.250000 0.000000 0.000000 0.000000 0.000000 0.000000
    7 9.533793 1.503977 -1.975271 1.262989 1.122802 1.294330
    8 9.522074 0.042995 3.518299 1.059433 -1.110165 -1.100441
    9 5.790726 0.002787 -0.000113 0.257919 0.370606 -0.204843
    10 5.999492 -0.000592 -4.000343 0.000000 0.000000 0.000000
    11 5.791316 0.002582 0.004799 0.416547 0.112195 -0.884034
    12 5.999492 -0.000592 4.000336 0.000000 0.000000 0.000000
    13 0.500225 0.000133 -0.000088 -0.229503 0.000000 0.000000
    14 11.534559 0.004255 -0.001312 0.000103 -0.000051 -2.181285
    15 -0.829338 0.893824 0.079659 -0.148839 0.047645 0.087266
    16 0.500225 0.000132 0.000076 0.199540 0.000000 0.000000
    17 11.532495 0.004432 -0.000089 0.000006 -0.000022 -0.333572
    18 -0.829586 0.894698 -0.079464 0.045377 -0.019621 0.087266
    19 10.599884 0.000105 -0.000553 1.607996 0.000000 -0.000084
    20 1.150947 -0.595503 -0.000805 0.000000 0.000011 1.090674
    21 11.042057 -0.000189 0.004704 1.549377 -0.250108 0.232041
    22 -1.214832 0.203470 -0.477489 -0.135025 -0.078677 -0.001289
    23 10.599880 0.000105 0.000549 -0.760726 -0.000072 -0.000012
    24 0.057161 -0.294713 0.000801 0.000000 -0.000023 0.166804
    25 11.041742 0.003171 -0.000571 -0.647438 0.357761 -1.026513
    26 -1.063377 0.077663 0.150230 0.045121 0.020046 -0.012850
    27 0.610302 -0.939470 0.070343 -1.655346 0.115888 -0.197092
    28 0.639940 -0.199121 0.060188 -1.665909 0.124312 -0.090788
    29 0.600155 1.080261 -0.339535 -1.744706 0.274240 0.062611
    30 0.610207 0.400743 -0.010101 -1.765441 0.190732 -0.006313
    31 0.634715 -0.690090 -0.232343 0.016214 0.775665 -1.200689
    32 -0.792125 0.203736 0.461300 1.439074 -0.003453 -0.018305
    33 0.610300 -0.939469 -0.070351 1.655335 0.140029 -0.175632
    34 0.639937 -0.199121 -0.060200 1.659528 0.202500 -0.040444
    35 0.600157 1.080259 0.339531 1.738023 -0.020790 0.107397
    36 0.610205 0.400743 0.010086 1.767175 0.146065 0.084305
    37 0.624002 -0.695300 0.232270 -0.847104 -0.427466 -0.972951
    38 -0.626031 -0.069983 -0.080517 -1.447153 0.086151 0.021559
    39 2.621377 -0.002532 -0.005345 0.140656 0.192099 0.023726
    40 2.664743 0.000397 -0.000071 -0.014134 -0.039534 0.275815
    41 2.206394 0.003368 -0.006769 -0.375987 -0.137466 0.331690
    42 0.599952 0.959240 -0.300102 -0.174544 0.000000 0.000000
    43 2.557190 -0.001967 0.002453 -0.067260 -0.098490 0.276211
    44 2.095024 -0.003873 -0.006100 -0.218695 0.324473 0.620114
    45 0.999380 -0.000236 -1.299216 -0.000001 0.000000 0.000000
    46 -0.122639 -0.721856 0.661690 -0.486644 0.223964 0.243056
    47 2.622113 -0.004555 0.002741 0.092004 0.217728 0.137888
    48 2.656250 0.000780 0.000159 0.668585 0.306980 1.162188
    49 2.197266 0.000516 -0.000121 0.505440 -0.145574 1.217274
    50 0.599951 0.959244 0.300102 0.174544 0.000000 0.000000
    51 2.556641 -0.000149 -0.000030 0.544726 0.124361 1.290931
    52 2.103851 0.001708 -0.001014 0.700561 -0.384918 0.590050
    53 0.999374 -0.000237 1.209362 0.292927 0.028379 0.134647
    54 0.310846 -0.606445 -0.498005 0.308107 -0.197598 0.313976
    55 1.873069 -0.000835 -0.000994 -0.000007 0.000004 1.412287
    56 1.200941 0.399582 -0.000237 -0.009465 0.016087 0.007127
    57 0.000586 0.100342 -0.000319 -0.120035 -0.021926 -0.209617
    58 -0.161663 0.051712 0.194808 -2.941982 0.122408 -0.060194
    59 2.010092 -0.007109 -0.007284 0.000030 -0.000071 1.346445
    60 0.000240 0.099802 -0.000395 -0.018823 0.010833 -0.239219
    61 -0.203197 0.048607 0.069150 -3.093332 0.033217 -0.046722
    62 1.180428 -0.006214 0.000780 -0.000014 0.000000 1.270976
    63 -0.000196 0.099625 -0.000034 0.000000 0.000000 -0.314102
    64 -0.088736 -0.688435 -0.145203 2.930407 -0.136130 0.513013
    65 1.715976 -0.003328 0.003818 0.000047 0.000039 1.089025
    66 -0.000580 0.100145 -0.000311 -0.010912 0.023129 -0.260841
    67 -0.146030 -0.232426 -0.014225 3.028455 -0.094299 0.113020
    68 1.290632 0.000362 -0.000032 0.000000 0.000000 0.819203
    69 -0.658121 -0.003575 0.072645 -0.142711 0.027792 -0.077299
    70 1.868080 -0.003049 0.006083 0.000003 -0.000045 0.609394
    71 1.200079 0.399944 -0.000093 0.009465 -0.016087 0.007127
    72 0.000591 0.100342 0.000319 0.120035 0.021926 -0.209617
    73 0.068077 0.002285 -0.080050 3.111376 -0.069366 -0.060847
    74 2.007813 -0.000883 -0.000381 -0.000043 0.000037 1.417990
    75 0.000229 0.099802 0.000395 0.018823 -0.010833 -0.239219
    76 -0.018673 -0.001009 0.047544 3.109244 0.002635 -0.106673
    77 1.178665 0.001595 0.000845 0.000030 -0.000012 0.546573
    78 -0.000198 0.099628 0.000034 0.000000 0.000000 -0.314102
    79 0.036892 -0.634449 0.266284 -2.801062 0.174301 0.490914
    80 1.708008 0.000721 0.000199 0.000056 -0.000025 0.840846
    81 -0.000576 0.100136 0.000311 0.010912 -0.023129 -0.260841
    82 -0.003952 -0.281811 0.115047 -3.059162 0.089004 0.167964
    83 1.289627 0.003949 0.000061 0.141812 -0.008638 0.431395
    84 -0.171528 -0.018148 -0.099873 0.013484 -0.062184 -0.011780
    85 0.916622 0.007240 0.001326 -0.000017 -0.000027 1.215301
    86 -0.342617 0.053404 -0.025571 -2.909301 -0.017248 0.075276
    87 1.100231 -0.000930 -0.002434 0.000009 0.000014 1.361445
    88 -0.384983 0.330998 0.006848 -3.087207 -0.018765 -0.184279
    89 0.678146 0.006192 0.000002 -0.000066 0.000017 1.229954
    90 -0.123848 0.072737 0.029507 2.898184 -0.060627 0.094834
    91 1.017166 -0.000154 -0.000252 0.000073 -0.000098 1.474421
    92 -0.344986 0.123129 0.143151 2.994981 0.012396 0.059140
    93 -0.730988 0.177046 0.039141 -0.123731 0.076518 -0.084310
    94 0.925900 0.001298 -0.000896 -0.000002 -0.000035 0.034626
    95 -0.124027 -0.052092 0.038496 3.077813 -0.008519 0.039229
    96 1.098633 0.000006 0.000469 0.000024 0.000052 0.880282
    97 -0.330082 0.160641 0.042780 3.128073 0.034033 -0.171236
    98 0.675854 0.005438 0.003272 0.000002 0.000015 1.006524
    99 -0.019516 -0.016531 0.038578 -2.763781 0.050305 0.076828
    100 1.018555 -0.000026 -0.000397 0.000000 0.000000 1.057754
    101 -0.155312 0.130643 -0.021921 -3.022466 0.022433 -0.024903
    102 -0.252209 0.061937 -0.024914 -0.007671 -0.063171 -0.044392
    103 -0.085991 0.185203 -0.015180 -2.937063 -0.113970 -0.138991
    104 -0.286537 0.179852 0.024264 -3.109353 -0.049645 -0.029915
    105 -0.019489 0.147084 0.079203 2.893815 0.038585 -0.060594
    106 -0.046482 0.251898 0.129548 3.016165 0.077112 -0.042864
    107 0.039120 -0.040298 0.047739 3.084219 0.030470 -0.037414
    108 -0.233757 0.066630 0.001754 -3.133086 0.040141 -0.065413
    109 0.044266 0.020128 0.001684 -2.778763 -0.118872 -0.040488
    110 0.071495 0.074127 -0.048302 -3.035917 -0.059482 0.104366
    111 0.000000 0.000000 0.000000 0.000000 0.000000 -1.570796
    112 23.395245 -6.875210 -0.609394 -1.669643 -0.472765 0.798370
    113 1.414063 0.000000 2.341797 0.000000 0.000000 0.000000
    114 1.194336 0.000004 2.341797 0.000000 0.000000 0.000000
    115 -19.969359 -13.004303 -16.652852 -1.776913 -0.217256 0.120123
    116 -0.575999 -0.004000 0.701999 0.000000 0.000000 0.000000
    117 -0.222000 0.000000 2.060996 0.000000 0.000000 0.000000
    118 0.414999 0.000000 0.937998 0.000000 0.000000 0.000000
    119 1.086997 -0.554999 1.709997 0.000000 0.000000 -1.570755
    120 4.654990 0.000000 0.242000 0.000000 0.000000 0.000000
    121 -1.234999 2.354995 -2.038996 -1.607262 0.223147 -0.356350
    122 4.367991 0.000000 0.177000 0.000000 0.000000 0.000000
    123 0.537998 0.000000 -3.214993 0.000000 0.000000 0.000000
    124 -0.126000 0.000000 -1.241997 0.000000 0.000000 0.000000
    125 1.572997 0.000000 2.342995 0.000000 0.000000 0.000000
    126 1.201998 0.000000 2.375995 0.000000 0.000000 0.000000
    127 -1.451998 0.000000 -3.396993 0.000000 0.000000 0.000000
    128 3.501993 0.017000 3.580993 0.000000 -0.159168 0.000000
    129 0.000000 0.000000 0.000000 0.000000 0.000000 0.000000
    130 0.745997 0.090000 -0.642999 0.000000 0.000000 0.000000
    131 -0.716000 0.604999 0.624999 0.000000 0.000000 0.000000
    132 2.751994 0.107000 0.669999 0.000000 0.000000 0.000000
    133 3.184993 0.000000 1.365997 0.000000 0.000000 0.000000
    134 0.000000 0.000000 0.000000 0.000000 0.000000 0.000000
    135 -0.106000 0.000000 64.320000 0.000000 0.000000 0.000000
    136 0.000000 0.000000 0.000000 0.000000 0.000000 0.000000
    137 0.000000 0.000000 0.000000 -0.018480 -0.011613 0.042641
    138 30.972979 -2.055006 15.457330 -1.669653 -0.472721 0.798255
    139 0.106000 0.000000 -64.320000 0.000000 0.000000 0.000000
    140 0.000000 0.000000 0.000000 0.000000 0.000000 0.000000
    141 0.000000 0.000000 -4.867002 -3.141592 0.000000 -3.128591
    142 0.000000 0.000000 4.867000 -3.141592 0.000000 -3.128591
    143 4.000000 -6.500000 0.000000 0.000000 0.000000 0.000977
    144 -6.500000 0.000000 0.000000 0.000000 1.570796 0.000000
    145 1.000088 -0.000029 0.000000 0.000000 0.000000 0.000000
    146 17.162516 -0.000404 0.000000 0.000000 0.000000 0.119214
    147 9.999891 -0.000303 0.000000 0.000000 0.000000 0.000000
    148 1.000088 -0.000029 0.000000 0.000000 0.000000 0.000000
    149 17.162516 -0.000404 0.000000 0.000000 0.000000 0.119214
    150 9.499836 0.000212 0.000000 0.000000 0.000000 0.000000
    151 0.000000 0.000000 0.000000 0.000000 0.000000 0.000000
    152 17.749374 0.295515 0.000000 0.000000 0.000000 -1.158958
    153 0.017889 0.299792 0.000000 0.000000 0.000000 -0.059582
    154 12.283573 1.581456 -4.696000 1.462269 -0.086726 0.090185
    155 17.749376 0.295515 0.000000 0.000000 0.000000 -1.158958
    156 0.017889 0.299792 0.000000 0.000000 0.000000 -0.059582
    157 13.354000 0.000000 0.000000 0.000000 0.000000 -0.294101
    158 4.530998 0.000000 0.000000 0.000000 0.000000 0.000000
    159 0.000000 0.000000 0.000000 0.000000 0.000000 0.000000
    160 5.413524 0.000347 0.000000 0.000000 0.000000 -0.518055
    161 5.413524 0.000347 0.000000 0.000000 0.000000 -0.518055
    162 4.662002 -5.366333 4.825191 1.569713 1.561305 -3.121213
    163 3.116966 -0.000443 0.000000 0.000000 0.000000 0.294101
    164 4.527344 0.000000 0.000000 0.000000 0.000000 0.000000
    165 -0.537999 0.000000 2.587000 0.000000 0.000000 0.000000
    166 -39.503800 49.070344 29.851159 1.691429 0.749569 0.557236
    167 2.302999 0.000000 0.188000 0.000000 0.000000 0.000000
    168 6.748000 0.000000 0.546000 0.000000 0.000000 0.000000
    169 3.512001 -3.547000 -1.066000 0.000000 1.570796 0.000000
    170 3.456001 -3.517000 1.169000 0.000000 1.570796 0.000000
    171 6.233002 0.000000 0.000000 0.000000 0.000000 0.000000
    172 -0.171997 -0.106000 -0.902000 1.570713 1.029176 -3.134550
    173 6.308405 -6.297966 -0.378918 0.042641 0.017989 0.012392
    174 3.999434 -0.000527 -0.000332 0.804078 -0.000054 -0.000014
    175 3.999897 0.000041 0.001007 -0.380340 -0.000060 0.000012
    176 1.598000 0.000000 0.000000 0.000000 0.000000 0.000000
    177 -1.145525 0.000130 0.000668 0.000000 0.000000 0.000000
    178 2.299679 -2.499979 -0.599480 0.892020 0.221483 -0.527313
    179 30.491728 4.764111 14.524749 3.923732 0.581664 0.796301
    180 -9.580683 -27.862110 -37.184666 0.812879 -0.123459 -0.568477
    181 0.649933 -0.548295 0.093651 -1.665913 -0.131399 -0.112062
    182 0.657077 0.008401 0.040371 -1.665945 -0.131407 -0.000013
    183 0.665776 0.747221 -0.029190 -1.665935 -0.131408 0.094976
    184 2.300138 -2.499413 0.600155 -0.891929 -0.221512 -0.527290
    185 11.365068 1.105308 3.752254 2.036514 -0.307328 0.198880
    186 2.762354 0.116951 1.523975 1.629482 0.064153 1.743800
    187 7.228319 7.928203 -3.925648 2.328713 0.123459 -0.568477
    188 0.650396 -0.547731 -0.092976 1.665913 0.131399 -0.112062
    189 0.657069 0.008398 -0.040379 1.665945 0.131407 -0.000013
    190 0.665777 0.747222 0.029182 1.665935 0.131408 0.094976
    191 -4.481003 -0.202000 0.000000 0.000000 0.000000 0.000000
    192 -5.516998 -0.291000 -0.001000 0.000000 0.000000 0.000000
    193 -0.857700 0.104071 0.104683 0.023536 0.163924 0.013632
    194 1.899119 0.000427 -0.000439 0.027386 -0.033311 0.477848
    195 1.799660 -0.000233 0.000231 0.027386 -0.033311 0.477848
    196 1.799660 -0.000233 0.000231 0.027386 -0.033311 0.477848
    197 1.799660 -0.000233 0.000231 0.027386 -0.033311 0.477848
    198 1.900313 -0.000137 -0.000516 0.027386 -0.033311 0.477848
    199 1.899433 -0.000317 -0.000151 -0.027386 0.033311 0.477848
    200 1.799662 -0.000233 -0.000233 -0.027386 0.033311 0.477848
    201 1.799662 -0.000233 -0.000233 -0.027386 0.033311 0.477848
    202 1.799662 -0.000233 -0.000233 -0.027386 0.033311 0.477848
    203 1.900723 0.000553 -0.000072 -0.027386 0.033311 0.477848
    204 0.599884 0.400187 -0.000031 0.000000 0.000000 0.000000
    205 0.599888 0.400187 0.000031 0.000000 0.000000 -3.141592
    206 0.599503 0.400696 0.000234 0.000000 0.000000 0.000000
    207 0.600399 0.399632 -0.000466 0.000000 0.000000 -3.141592
  time 9
    0 0.000000 0.000000 0.000000 0.000000 0.000000 -1.570796
    1 -0.106323 0.000000 -0.000198 0.000000 0.000000 0.000000
    2 0.000000 0.000000 0.000000 0.000000 0.000000 0.000000
    3 -0.904000 0.000000 -11.806000 0.000000 0.000000 0.000000
    4 0.000000 0.000000 -14.313999 0.000000 -1.570796 1.570857
    5 3.533001 0.000000 0.000000 0.000000 0.000000 0.000000
    6 6.250000 0.000000 0.000000 0.000000 0.000000 0.000000
    7 9.533793 1.500071 -1.975271 1.249898 1.143533 1.279813
    8 9.518168 0.335973 3.072973 1.039963 -1.122563 -1.078749
    9 5.786820 0.002787 -0.000113 0.288336 0.418015 -0.175891
    10 5.999492 -0.000592 -4.000343 0.000000 0.000000 0.000000
    11 5.791316 0.006489 0.004799 0.456260 -0.061006 -0.724922
    12 5.999492 -0.000592 4.000336 0.000000 0.000000 0.000000
    13 0.500225 0.000133 -0.000088 -0.234171 -0.000060 0.000000
    14 11.534559 0.004255 -0.001312 0.000067 0.000009 -2.204815
    15 -0.829338 0.893824 0.079659 -0.148839 0.047645 0.087266
    16 0.500225 0.000132 0.000076 0.044536 -0.000048 0.000000
    17 11.532495 0.000526 -0.000089 0.000006 -0.000022 -1.147763
    18 -0.829586 0.894698 -0.079464 0.045377 -0.019621 0.087266
    19 10.599884 0.000105 -0.000553 1.585585 0.000000 0.000084
    20 1.174385 -0.591597 -0.000805 0.000000 0.000011 1.101849
    21 11.042057 0.003717 0.004704 1.496111 -0.239334 0.363713
    22 -1.214832 0.203470 -0.477489 -0.135025 -0.078677 -0.001289
    23 10.599880 0.000105 0.000549 -0.765072 -0.000060 -0.000012
    24 0.201697 -0.318151 0.000801 -0.000024 -0.000047 0.573871
    25 11.041742 0.007077 -0.000571 -0.867481 0.432886 -0.424487
    26 -1.063377 0.077663 0.150230 0.045121 0.020046 -0.012850
    27 0.610302 -0.939470 0.070343 -1.656154 0.104239 -0.195942
    28 0.639940 -0.199121 0.060188 -1.665807 0.112962 -0.089637
    29 0.600155 1.080261 -0.339535 -1.744812 0.263778 0.062179
    30 0.610207 0.400743 -0.010101 -1.765011 0.179826 -0.004120
    31 0.634715 -0.693997 -0.236250 0.018330 0.736011 -1.171310
    32 -0.792125 0.203736 0.461300 1.439074 -0.003453 -0.018305
    33 0.610300 -0.939469 -0.070351 1.655335 0.140029 -0.175632
    34 0.639937 -0.199121 -0.060200 1.659528 0.202500 -0.040444
    35 0.600157 1.080259 0.339531 1.738023 -0.020790 0.107385
    36 0.610205 0.400743 0.010086 1.767175 0.146065 0.084305
    37 0.624002 -0.695300 0.232270 -0.843832 -0.443334 -0.972288
    38 -0.626031 -0.069983 -0.080517 -1.447153 0.086151 0.021559
    39 2.621377 -0.002532 -0.001438 0.102887 0.173514 0.040476
    40 2.664743 0.000397 -0.000071 -0.031984 -0.043571 0.291864
    41 2.206394 0.003368 -0.006769 -0.364325 -0.130534 0.331355
    42 0.599952 0.959240 -0.300102 -0.174544 0.000000 0.000000
    43 2.557190 -0.001967 0.002453 -0.064587 -0.088687 0.293229
    44 2.095024 -0.003873 -0.002193 -0.221410 0.320887 0.611505
    45 0.999380 -0.000236 -1.271872 -0.000001 0.000000 0.000000
    46 -0.122639 -0.721856 0.661690 -0.486644 0.223964 0.243056
    47 2.622113 -0.004555 0.006647 0.087719 0.219454 0.118249
    48 2.656250 0.000780 0.000159 0.668585 0.306980 1.162188
    49 2.197266 0.000516 -0.000121 0.505440 -0.145574 1.217274
    50 0.599951 0.959244 0.300102 0.174544 0.000000 0.000000
    51 2.556641 -0.000149 -0.000030 0.544726 0.124361 1.290931
    52 2.103851 0.001708 -0.001014 0.677084 -0.387650 0.600216
    53 0.999374 -0.000237 1.217175 0.292927 0.028379 0.134647
    54 0.310846 -0.606445 -0.498005 0.308107 -0.197598 0.313976
    55 1.873069 -0.000835 -0.000994 -0.000007 0.000004 1.373313
    56 1.200941 0.399582 -0.000237 -0.009465 0.016087 0.007127
    57 0.000586 0.100342 -0.000319 -0.120035 -0.021926 -0.209617
    58 -0.161663 0.051712 0.194808 -2.941982 0.122408 -0.060194
    59 2.010092 -0.003202 -0.003377 0.000018 0.000013 1.320059
    60 0.000240 0.099802 -0.000395 -0.018823 0.010833 -0.239219
    61 -0.203197 0.048607 0.069150 -3.093332 0.033217 -0.046722
    62 1.180428 -0.006214 0.000780 -0.000014 0.000000 1.241150
    63 -0.000196 0.099625 -0.000034 0.000000 0.000000 -0.314102
    64 -0.088736 -0.688435 -0.145203 2.930407 -0.136130 0.513013
    65 1.715976 0.000578 -0.000088 0.000023 -0.000021 1.073860
    66 -0.000580 0.100145 -0.000311 -0.010912 0.023129 -0.260841
    67 -0.146030 -0.232426 -0.014225 3.028455 -0.094299 0.113020
    68 1.290632 0.000362 -0.000032 0.000000 0.000000 0.775178
    69 -0.658121 -0.003575 0.072645 -0.142711 0.027792 -0.077299
    70 1.868080 -0.006956 0.006083 0.000003 -0.000021 0.747411
    71 1.200079 0.399944 -0.000093 0.009465 -0.016087 0.007127
    72 0.000591 0.100342 0.000319 0.120035 0.021926 -0.209617
    73 0.068077 0.002285 -0.080050 3.111376 -0.069366 -0.060847
    74 2.007813 -0.000883 -0.000381 -0.000043 0.000037 1.417990
    75 0.000229 0.099802 0.000395 0.018823 -0.010833 -0.239219
    76 -0.018673 -0.001009 0.047544 3.109244 0.002635 -0.106673
    77 1.178665 0.001595 0.000845 0.000030 -0.000012 0.546573
    78 -0.000198 0.099628 0.000034 0.000000 0.000000 -0.314102
    79 0.036892 -0.634449 0.266284 -2.801062 0.174301 0.490914
    80 1.708008 0.000721 0.000199 0.000056 -0.000025 0.840846
    81 -0.000576 0.100136 0.000311 0.010912 -0.023129 -0.260841
    82 -0.003952 -0.281811 0.115047 -3.059162 0.089004 0.167964
    83 1.289627 0.003949 0.000061 0.126064 -0.007823 0.435172
    84 -0.171528 -0.018148 -0.099873 0.013484 -0.062184 -0.011780
    85 0.912716 0.007240 0.001326 0.000019 0.000021 1.189230
    86 -0.342617 0.053404 -0.025571 -2.909301 -0.017248 0.075276
    87 1.100231 -0.000930 -0.002434 0.000009 0.000014 1.315970
    88 -0.384983 0.330998 0.006848 -3.087207 -0.018765 -0.184279
    89 0.678146 0.006192 -0.003905 -0.000030 0.000065 1.192492
    90 -0.123848 0.072737 0.029507 2.898184 -0.060627 0.094834
    91 1.017166 -0.000154 -0.000252 -0.000059 0.000022 1.433896
    92 -0.344986 0.123129 0.143151 2.994981 0.012396 0.059140
    93 -0.730988 0.177046 0.039141 -0.123731 0.076518 -0.084310
    94 0.921993 0.001298 -0.000896 -0.000002 -0.000071 -0.168093
    95 -0.124027 -0.052092 0.038496 3.077813 -0.008519 0.039229
    96 1.098633 0.000006 0.000469 0.000024 0.000052 0.880282
    97 -0.330082 0.160641 0.042780 3.128073 0.034033 -0.171236
    98 0.675854 0.005438 0.003272 0.000002 0.000015 1.006524
    99 -0.019516 -0.016531 0.038578 -2.763781 0.050305 0.076828
    100 1.018555 -0.000026 -0.000397 0.000000 0.000000 1.057754
    101 -0.155312 0.130643 -0.021921 -3.022466 0.022433 -0.024903
    102 -0.252209 0.061937 -0.024914 -0.007671 -0.063171 -0.044392
    103 -0.085991 0.185203 -0.015180 -2.937063 -0.113970 -0.138991
    104 -0.286537 0.179852 0.024264 -3.109353 -0.049645 -0.029915
    105 -0.019489 0.147084 0.079203 2.893815 0.038585 -0.060594
    106 -0.046482 0.251898 0.129548 3.016165 0.077112 -0.042864
    107 0.039120 -0.040298 0.047739 3.084219 0.030470 -0.037414
    108 -0.233757 0.066630 0.001754 -3.133086 0.040141 -0.065413
    109 0.044266 0.020128 0.001684 -2.778763 -0.118872 -0.040488
    110 0.071495 0.074127 -0.048302 -3.035917 -0.059482 0.104366
    111 0.000000 0.000000 0.000000 0.000000 0.000000 -1.570796
    112 20.250618 -2.992279 -1.566454 -1.722297 -0.607459 0.704757
    113 1.414063 0.000000 2.341797 0.000000 0.000000 0.000000
    114 1.194336 0.000004 2.341797 0.000000 0.000000 0.000000
    115 -13.867611 -10.621418 -19.621693 -1.914236 -0.266303 0.032563
    116 -0.575999 -0.004000 0.701999 0.000000 0.000000 0.000000
    117 -0.222000 0.000000 2.060996 0.000000 0.000000 0.000000
    118 0.414999 0.000000 0.937998 0.000000 0.000000 0.000000
    119 1.086997 -0.554999 1.709997 0.000000 0.000000 -1.570755
    120 4.654990 0.000000 0.242000 0.000000 0.000000 0.000000
    121 -1.234999 2.354995 -2.038996 -1.607262 0.223147 -0.356338
    122 4.367991 0.000000 0.177000 0.000000 0.000000 0.000000
    123 0.537998 0.000000 -3.214993 0.000000 0.000000 0.000000
    124 -0.126000 0.000000 -1.241997 0.000000 0.000000 0.000000
    125 1.572997 0.000000 2.342995 0.000000 0.000000 0.000000
    126 1.201998 0.000000 2.375995 0.000000 0.000000 0.000000
    127 -1.451998 0.000000 -3.396993 0.000000 0.000000 0.000000
    128 3.501993 0.017000 3.580993 0.000000 -0.159168 0.000000
    129 0.000000 0.000000 0.000000 0.000000 0.000000 0.000000
    130 0.745997 0.090000 -0.642999 0.000000 0.000000 0.000000
    131 -0.716000 0.604999 0.624999 0.000000 0.000000 0.000000
    132 2.751994 0.107000 0.669999 0.000000 0.000000 0.000000
    133 3.184993 0.000000 1.365997 0.000000 0.000000 0.000000
    134 0.000000 0.000000 0.000000 0.000000 0.000000 0.000000
    135 -0.106000 0.000000 64.320000 0.000000 0.000000 0.000000
    136 0.000000 0.000000 0.000000 0.000000 0.000000 0.000000
    137 0.000000 0.000000 0.000000 0.027780 -0.015772 -0.041838
    138 27.722880 0.757580 15.594053 -1.722214 -0.607503 0.704827
    139 0.106000 0.000000 -64.320000 0.000000 0.000000 0.000000
    140 0.000000 0.000000 0.000000 0.000000 0.000000 0.000000
    141 0.000000 0.000000 -4.867002 -3.141592 0.000000 -3.128591
    142 0.000000 0.000000 4.867000 -3.141592 0.000000 -3.128591
    143 4.000000 -6.500000 0.000000 0.000000 0.000000 0.000977
    144 -6.500000 0.000000 0.000000 0.000000 1.570796 0.000000
    145 1.000088 -0.000029 0.000000 0.000000 0.000000 0.000000
    146 17.162516 -0.000404 0.000000 0.000000 0.000000 0.119214
    147 9.999891 -0.000303 0.000000 0.000000 0.000000 0.000000
    148 1.000088 -0.000029 0.000000 0.000000 0.000000 0.000000
    149 17.162516 -0.000404 0.000000 0.000000 0.000000 0.119214
    150 9.499836 0.000212 0.000000 0.000000 0.000000 0.000000
    151 0.000000 0.000000 0.000000 0.000000 0.000000 0.000000
    152 17.749374 0.295515 0.000000 0.000000 0.000000 -1.158958
    153 0.017889 0.299792 0.000000 0.000000 0.000000 -0.059582
    154 12.283573 1.581456 -4.696000 1.462269 -0.086726 0.090185
    155 17.749376 0.295515 0.000000 0.000000 0.000000 -1.158958
    156 0.017889 0.299792 0.000000 0.000000 0.000000 -0.059582
    157 13.354000 0.000000 0.000000 0.000000 0.000000 -0.294101
    158 4.530998 0.000000 0.000000 0.000000 0.000000 0.000000
    159 0.000000 0.000000 0.000000 0.000000 0.000000 0.000000
    160 5.413524 0.000347 0.000000 0.000000 0.000000 -0.518055
    161 5.413524 0.000347 0.000000 0.000000 0.000000 -0.518055
    162 4.662002 -5.366333 4.825191 1.569713 1.561305 -3.121213
    163 3.116966 -0.000443 0.000000 0.000000 0.000000 0.294101
    164 4.527344 0.000000 0.000000 0.000000 0.000000 0.000000
    165 -0.537999 0.000000 2.587000 0.000000 0.000000 0.000000
    166 -47.230598 40.937284 25.147891 1.722941 0.612261 0.700899
    167 2.302999 0.000000 0.188000 0.000000 0.000000 0.000000
    168 6.748000 0.000000 0.546000 0.000000 0.000000 0.000000
    169 3.512001 -3.547000 -1.066000 0.000000 1.570796 0.000000
    170 3.456001 -3.517000 1.169000 0.000000 1.570796 0.000000
    171 6.233002 0.000000 0.000000 0.000000 0.000000 0.000000
    172 -0.171997 -0.106000 -0.902000 1.570713 1.029176 -3.134550
    173 6.335750 -6.274528 0.433607 -0.041850 -0.027097 0.016910
    174 3.999434 -0.000527 -0.000332 0.792781 0.000006 0.000010
    175 3.999897 0.000041 0.001007 -0.382499 0.000000 -0.000048
    176 1.598000 0.000000 0.000000 0.000000 0.000000 0.000000
    177 -1.145525 0.000130 0.000668 0.000000 0.000000 0.000000
    178 2.299679 -2.499979 -0.599480 0.892020 0.221483 -0.527313
    179 25.253287 5.842269 15.763068 3.805418 0.290033 0.831231
    180 -9.580683 -27.862110 -37.184666 0.812879 -0.123459 -0.568477
    181 0.649933 -0.548295 0.093651 -1.665913 -0.131399 -0.112062
    182 0.657077 0.008401 0.040371 -1.665945 -0.131407 -0.000013
    183 0.665776 0.747221 -0.029190 -1.665935 -0.131408 0.094976
    184 2.300138 -2.499413 0.600155 -0.891929 -0.221512 -0.527290
    185 11.365068 1.105308 3.752254 2.036514 -0.307328 0.198880
    186 2.762354 0.116951 1.523975 1.629482 0.064153 1.743800
    187 7.228319 7.928203 -3.925648 2.328713 0.123459 -0.568477
    188 0.650396 -0.547731 -0.092976 1.665913 0.131399 -0.112062
    189 0.657069 0.008398 -0.040379 1.665945 0.131407 -0.000013
    190 0.665777 0.747222 0.029182 1.665935 0.131408 0.094976
    191 -4.481003 -0.202000 0.000000 0.000000 0.000000 0.000000
    192 -5.516998 -0.291000 -0.001000 0.000000 0.000000 0.000000
    193 -0.857700 0.104071 0.104683 0.023536 0.163924 0.013632
    194 1.899119 0.000427 -0.000439 0.027386 -0.033311 0.477848
    195 1.799660 -0.000233 0.000231 0.027386 -0.033311 0.477848
    196 1.799660 -0.000233 0.000231 0.027386 -0.033311 0.477848
    197 1.799660 -0.000233 0.000231 0.027386 -0.033311 0.477848
    198 1.900313 -0.000137 -0.000516 0.027386 -0.033311 0.477848
    199 1.899433 -0.000317 -0.000151 -0.027386 0.033311 0.477848
    200 1.799662 -0.000233 -0.000233 -0.027386 0.033311 0.477848
    201 1.799662 -0.000233 -0.000233 -0.027386 0.033311 0.477848
    202 1.799662 -0.000233 -0.000233 -0.027386 0.033311 0.477848
    203 1.900723 0.000553 -0.000072 -0.027386 0.033311 0.477848
    204 0.599884 0.400187 -0.000031 0.000000 0.000000 0.000000
    205 0.599888 0.400187 0.000031 0.000000 0.000000 -3.141592
    206 0.599503 0.400696 0.000234 0.000000 0.000000 0.000000
    207 0.600399 0.399632 -0.000466 0.000000 0.000000 -3.141592
  time 10
    0 0.000000 0.000000 0.000000 0.000000 0.000000 -1.570796
    1 -0.106323 0.000000 -0.000198 0.000000 0.000000 0.000000
    2 0.000000 0.000000 0.000000 0.000000 0.000000 0.000000
    3 -0.904000 0.000000 -11.806000 0.000000 0.000000 0.000000
    4 0.000000 0.000000 -14.313999 0.000000 -1.570796 1.570857
    5 3.533001 0.000000 0.000000 0.000000 0.000000 0.000000
    6 6.250000 0.000000 0.000000 0.000000 0.000000 0.000000
    7 9.533793 1.492258 -1.975271 1.227147 1.174794 1.254655
    8 9.522074 0.918022 2.225291 0.995166 -1.146025 -1.029517
    9 5.790726 0.002787 -0.000113 0.343293 0.483661 -0.133954
    10 5.999492 -0.000592 -4.000343 0.000000 0.000000 0.000000
    11 5.787410 0.006489 0.000893 0.477182 -0.111295 -0.857712
    12 5.999492 -0.000592 4.000336 0.000000 0.000000 0.000000
    13 0.500225 0.000133 -0.000088 -0.250261 0.000000 -0.000060
    14 11.534559 0.000348 -0.001312 0.000019 0.000057 -2.228273
    15 -0.829338 0.893824 0.079659 -0.148839 0.047645 0.087266
    16 0.500225 0.000132 0.000076 0.077957 0.000000 0.000000
    17 11.532495 0.004432 -0.000089 -0.000042 0.000026 -1.524570
    18 -0.829586 0.894698 -0.079464 0.045377 -0.019621 0.087266
    19 10.599884 0.000105 -0.000553 1.546817 -0.000036 0.000036
    20 1.193917 -0.587690 -0.000805 0.000000 0.000011 1.112999
    21 11.042057 -0.000189 0.000798 1.422656 -0.230191 0.493537
    22 -1.214832 0.203470 -0.477489 -0.135025 -0.078677 -0.001289
    23 10.599880 0.000105 0.000549 -0.911621 -0.000036 0.000024
    24 0.439986 -0.462687 0.000801 0.000000 -0.000011 0.762321
    25 11.041742 0.003171 -0.000571 -0.936718 0.334045 0.010254
    26 -1.063377 0.077663 0.150230 0.045121 0.020046 -0.012850
    27 0.610302 -0.939470 0.070343 -1.657619 0.086215 -0.194060
    28 0.639940 -0.199121 0.060188 -1.665756 0.095189 -0.087887
    29 0.600155 1.080261 -0.339535 -1.745025 0.247491 0.061700
    30 0.610207 0.400743 -0.010101 -1.764581 0.163036 -0.000824
    31 0.634715 -0.693997 -0.236250 0.021237 0.675505 -1.140872
    32 -0.792125 0.203736 0.461300 1.439074 -0.003453 -0.018305
    33 0.610300 -0.939469 -0.070351 1.655335 0.140029 -0.175632
    34 0.639937 -0.199121 -0.060200 1.659528 0.202500 -0.040444
    35 0.600157 1.080259 0.339531 1.738023 -0.020790 0.107385
    36 0.610205 0.400743 0.010086 1.767175 0.146065 0.084305
    37 0.624002 -0.695300 0.236176 -0.840639 -0.459168 -0.971624
    38 -0.626031 -0.069983 -0.080517 -1.447153 0.086151 0.021559
    39 2.621377 -0.002532 -0.001438 0.062404 0.145176 0.055972
    40 2.664743 0.000397 -0.000071 -0.052936 -0.049928 0.305388
    41 2.206394 0.003368 -0.002863 -0.346269 -0.124839 0.330535
    42 0.599952 0.959240 -0.300102 -0.174544 0.000000 0.000000
    43 2.557190 -0.005873 0.006359 -0.057796 -0.077937 0.306526
    44 2.095024 -0.003873 -0.002193 -0.225512 0.315218 0.598277
    45 0.999380 -0.000236 -1.252340 -0.000001 0.000000 0.000000
    46 -0.122639 -0.721856 0.661690 -0.486644 0.223964 0.243056
    47 2.622113 -0.004555 0.002741 0.094008 0.216565 0.148035
    48 2.656250 0.000780 0.000159 0.668585 0.306980 1.162188
    49 2.197266 0.000516 -0.000121 0.505440 -0.145574 1.217274
    50 0.599951 0.959244 0.300102 0.174544 0.000000 0.000000
    51 2.556641 -0.000149 -0.000030 0.544726 0.124361 1.290931
    52 2.103851 0.005614 -0.001014 0.652463 -0.390958 0.610737
    53 0.999374 -0.000237 1.221081 0.292927 0.028379 0.134647
    54 0.310846 -0.606445 -0.498005 0.308107 -0.197598 0.313976
    55 1.873069 -0.000835 -0.000994 -0.000007 0.000004 1.312872
    56 1.200941 0.399582 -0.000237 -0.009465 0.016087 0.007127
    57 0.000586 0.100342 -0.000319 -0.120035 -0.021926 -0.209617
    58 -0.161663 0.051712 0.194808 -2.941982 0.122408 -0.060194
    59 2.010092 -0.003202 -0.007284 0.000089 0.000037 1.278753
    60 0.000240 0.099802 -0.000395 -0.018823 0.010833 -0.239219
    61 -0.203197 0.048607 0.069150 -3.093332 0.033217 -0.046722
    62 1.180428 -0.006214 0.000780 0.000010 0.000072 1.195115
    63 -0.000196 0.099625 -0.000034 0.000000 0.000000 -0.314102
    64 -0.088736 -0.688435 -0.145203 2.930407 -0.136130 0.513013
    65 1.715976 -0.003328 -0.000088 0.000023 -0.000021 1.050385
    66 -0.000580 0.100145 -0.000311 -0.010912 0.023129 -0.260841
    67 -0.146030 -0.232426 -0.014225 3.028455 -0.094299 0.113020
    68 1.290632 0.000362 -0.000032 0.000000 0.000000 0.707033
    69 -0.658121 -0.003575 0.072645 -0.142711 0.027792 -0.077299
    70 1.868080 -0.003049 0.006083 0.000003 -0.000021 0.680746
    71 1.200079 0.399944 -0.000093 0.009465 -0.016087 0.007127
    72 0.000591 0.100342 0.000319 0.120035 0.021926 -0.209617
    73 0.068077 0.002285 -0.080050 3.111376 -0.069366 -0.060847
    74 2.007813 -0.000883 -0.000381 -0.000043 0.000037 1.417990
    75 0.000229 0.099802 0.000395 0.018823 -0.010833 -0.239219
    76 -0.018673 -0.001009 0.047544 3.109244 0.002635 -0.106673
    77 1.178665 0.001595 0.000845 0.000030 -0.000012 0.546573
    78 -0.000198 0.099628 0.000034 0.000000 0.000000 -0.314102
    79 0.036892 -0.634449 0.266284 -2.801062 0.174301 0.490914
    80 1.708008 0.000721 0.000199 0.000056 -0.000025 0.840846
    81 -0.000576 0.100136 0.000311 0.010912 -0.023129 -0.260841
    82 -0.003952 -0.281811 0.115047 -3.059162 0.089004 0.167964
    83 1.289627 0.003949 0.000061 0.110329 -0.006960 0.438978
    84 -0.171528 -0.018148 -0.099873 0.013484 -0.062184 -0.011780
    85 0.912716 0.007240 0.001326 0.000019 0.000021 1.148740
    86 -0.342617 0.053404 -0.025571 -2.909301 -0.017248 0.075276
    87 1.100231 -0.000930 -0.002434 0.000021 -0.000070 1.245730
    88 -0.384983 0.330998 0.006848 -3.087207 -0.018765 -0.184279
    89 0.678146 0.002286 -0.003905 0.000018 -0.000103 1.134609
    90 -0.123848 0.072737 0.029507 2.898184 -0.060627 0.094834
    91 1.017166 -0.000154 -0.000252 -0.000071 0.000022 1.371312
    92 -0.344986 0.123129 0.143151 2.994981 0.012396 0.059140
    93 -0.730988 0.177046 0.039141 -0.123731 0.076518 -0.084310
    94 0.921993 0.001298 -0.000896 -0.000002 -0.000059 -0.168093
    95 -0.124027 -0.052092 0.038496 3.077813 -0.008519 0.039229
    96 1.098633 0.000006 0.000469 0.000024 0.000052 0.880282
    97 -0.330082 0.160641 0.042780 3.128073 0.034033 -0.171236
    98 0.675854 0.005438 0.003272 0.000002 0.000015 1.006524
    99 -0.019516 -0.016531 0.038578 -2.763781 0.050305 0.076828
    100 1.018555 -0.000026 -0.000397 0.000000 0.000000 1.057754
    101 -0.155312 0.130643 -0.021921 -3.022466 0.022433 -0.024903
    102 -0.252209 0.061937 -0.024914 -0.007671 -0.063171 -0.044392
    103 -0.085991 0.185203 -0.015180 -2.937063 -0.113970 -0.138991
    104 -0.286537 0.179852 0.024264 -3.109353 -0.049645 -0.029915
    105 -0.019489 0.147084 0.079203 2.893815 0.038585 -0.060594
    106 -0.046482 0.251898 0.129548 3.016165 0.077112 -0.042864
    107 0.039120 -0.040298 0.047739 3.084219 0.030470 -0.037414
    108 -0.233757 0.066630 0.001754 -3.133086 0.040141 -0.065413
    109 0.044266 0.020128 0.001684 -2.778763 -0.118872 -0.040488
    110 0.071495 0.074127 -0.048302 -3.035917 -0.059482 0.104366
    111 0.000000 0.000000 0.000000 0.000000 0.000000 -1.570796
    112 16.082522 1.710990 -2.464919 -1.739943 -0.512185 0.705970
    113 1.414063 0.000000 2.341797 0.000000 0.000000 0.000000
    114 1.194336 0.000004 2.341797 0.000000 0.000000 0.000000
    115 -10.344066 -5.273598 -19.039644 -1.848043 -0.194449 0.009220
    116 -0.575999 -0.004000 0.701999 0.000000 0.000000 0.000000
    117 -0.222000 0.000000 2.060996 0.000000 0.000000 0.000000
    118 0.414999 0.000000 0.937998 0.000000 0.000000 0.000000
    119 1.086997 -0.554999 1.709997 0.000000 0.000000 -1.570755
    120 4.654990 0.000000 0.242000 0.000000 0.000000 0.000000
    121 -1.234999 2.354995 -2.038996 -1.607262 0.223147 -0.356350
    122 4.367991 0.000000 0.177000 0.000000 0.000000 0.000000
    123 0.537998 0.000000 -3.214993 0.000000 0.000000 0.000000
    124 -0.126000 0.000000 -1.241997 0.000000 0.000000 0.000000
    125 1.572997 0.000000 2.342995 0.000000 0.000000 0.000000
    126 1.201998 0.000000 2.375995 0.000000 0.000000 0.000000
    127 -1.451998 0.000000 -3.396993 0.000000 0.000000 0.000000
    128 3.501993 0.017000 3.580993 0.000000 -0.159168 0.000000
    129 0.000000 0.000000 0.000000 0.000000 0.000000 0.000000
    130 0.745997 0.090000 -0.642999 0.000000 0.000000 0.000000
    131 -0.716000 0.604999 0.624999 0.000000 0.000000 0.000000
    132 2.751994 0.107000 0.669999 0.000000 0.000000 0.000000
    133 3.184993 0.000000 1.365997 0.000000 0.000000 0.000000
    134 0.000000 0.000000 0.000000 0.000000 0.000000 0.000000
    135 -0.106000 0.000000 64.320000 0.000000 0.000000 0.000000
    136 0.000000 0.000000 0.000000 0.000000 0.000000 0.000000
    137 0.000000 0.000000 0.000000 -0.016587 0.016671 0.052528
    138 23.902451 5.781171 13.992442 -1.739956 -0.512234 0.705947
    139 0.106000 0.000000 -64.320000 0.000000 0.000000 0.000000
    140 0.000000 0.000000 0.000000 0.000000 0.000000 0.000000
    141 0.000000 0.000000 -4.867002 -3.141592 0.000000 -3.128591
    142 0.000000 0.000000 4.867000 -3.141592 0.000000 -3.128591
    143 4.000000 -6.500000 0.000000 0.000000 0.000000 0.000977
    144 -6.500000 0.000000 0.000000 0.000000 1.570796 0.000000
    145 1.000088 -0.000029 0.000000 0.000000 0.000000 0.000000
    146 17.162516 -0.000404 0.000000 0.000000 0.000000 0.119214
    147 9.999891 -0.000303 0.000000 0.000000 0.000000 0.000000
    148 1.000088 -0.000029 0.000000 0.000000 0.000000 0.000000
    149 17.162516 -0.000404 0.000000 0.000000 0.000000 0.119214
    150 9.499836 0.000212 0.000000 0.000000 0.000000 0.000000
    151 0.000000 0.000000 0.000000 0.000000 0.000000 0.000000
    152 17.749374 0.295515 0.000000 0.000000 0.000000 -1.158958
    153 0.017889 0.299792 0.000000 0.000000 0.000000 -0.059582
    154 12.283573 1.581456 -4.696000 1.462269 -0.086726 0.090185
    155 17.749376 0.295515 0.000000 0.000000 0.000000 -1.158958
    156 0.017889 0.299792 0.000000 0.000000 0.000000 -0.059582
    157 13.354000 0.000000 0.000000 0.000000 0.000000 -0.294101
    158 4.530998 0.000000 0.000000 0.000000 0.000000 0.000000
    159 0.000000 0.000000 0.000000 0.000000 0.000000 0.000000
    160 5.413524 0.000347 0.000000 0.000000 0.000000 -0.518055
    161 5.413524 0.000347 0.000000 0.000000 0.000000 -0.518055
    162 4.662002 -5.366333 4.825191 1.569713 1.561305 -3.121213
    163 3.116966 -0.000443 0.000000 0.000000 0.000000 0.294101
    164 4.527344 0.000000 0.000000 0.000000 0.000000 0.000000
    165 -0.537999 0.000000 2.587000 0.000000 0.000000 0.000000
    166 -42.289041 45.074129 20.288368 1.751359 0.614680 0.623325
    167 2.302999 0.000000 0.188000 0.000000 0.000000 0.000000
    168 6.748000 0.000000 0.546000 0.000000 0.000000 0.000000
    169 3.512001 -3.547000 -1.066000 0.000000 1.570796 0.000000
    170 3.456001 -3.517000 1.169000 0.000000 1.570796 0.000000
    171 6.233002 0.000000 0.000000 0.000000 0.000000 0.000000
    172 -0.171997 -0.106000 -0.902000 1.570713 1.029176 -3.134550
    173 6.140431 -6.462034 -0.441420 0.052528 0.017450 -0.015784
    174 3.999434 -0.000527 -0.000332 0.773415 0.000006 0.000010
    175 3.999897 0.000041 0.001007 -0.455767 0.000000 0.000000
    176 1.598000 0.000000 0.000000 0.000000 0.000000 0.000000
    177 -1.145525 0.000130 0.000668 0.000000 0.000000 0.000000
    178 2.299679 -2.499979 -0.599480 0.892020 0.221483 -0.527313
    179 19.655460 6.521978 13.657535 3.777624 0.192822 0.798340
    180 -9.580683 -27.862110 -37.184666 0.812879 -0.123459 -0.568477
    181 0.649933 -0.548295 0.093651 -1.665913 -0.131399 -0.112062
    182 0.657077 0.008401 0.040371 -1.665945 -0.131407 -0.000013
    183 0.665776 0.747221 -0.029190 -1.665935 -0.131408 0.094976
    184 2.300138 -2.499413 0.600155 -0.891929 -0.221512 -0.527290
    185 11.365068 1.105308 3.752254 2.036514 -0.307328 0.198880
    186 2.762354 0.116951 1.523975 1.629482 0.064153 1.743800
    187 7.228319 7.928203 -3.925648 2.328713 0.123459 -0.568477
    188 0.650396 -0.547731 -0.092976 1.665913 0.131399 -0.112062
    189 0.657069 0.008398 -0.040379 1.665945 0.131407 -0.000013
    190 0.665777 0.747222 0.029182 1.665935 0.131408 0.094976
    191 -4.481003 -0.202000 0.000000 0.000000 0.000000 0.000000
    192 -5.516998 -0.291000 -0.001000 0.000000 0.000000 0.000000
    193 -0.857700 0.104071 0.104683 0.023536 0.163924 0.013632
    194 1.899119 0.000427 -0.000439 0.027386 -0.033311 0.477848
    195 1.799660 -0.000233 0.000231 0.027386 -0.033311 0.477848
    196 1.799660 -0.000233 0.000231 0.027386 -0.033311 0.477848
    197 1.799660 -0.000233 0.000231 0.027386 -0.033311 0.477848
    198 1.900313 -0.000137 -0.000516 0.027386 -0.033311 0.477848
    199 1.899433 -0.000317 -0.000151 -0.027386 0.033311 0.477848
    200 1.799662 -0.000233 -0.000233 -0.027386 0.033311 0.477848
    201 1.799662 -0.000233 -0.000233 -0.027386 0.033311 0.477848
    202 1.799662 -0.000233 -0.000233 -0.027386 0.033311 0.477848
    203 1.900723 0.000553 -0.000072 -0.027386 0.033311 0.477848
    204 0.599884 0.400187 -0.000031 0.000000 0.000000 0.000000
    205 0.599888 0.400187 0.000031 0.000000 0.000000 -3.141592
    206 0.599503 0.400696 0.000234 0.000000 0.000000 0.000000
    207 0.600399 0.399632 -0.000466 0.000000 0.000000 -3.141592
  time 11
    0 0.000000 0.000000 0.000000 0.000000 0.000000 -1.570796
    1 -0.106323 0.000000 -0.000198 0.000000 0.000000 0.000000
    2 0.000000 0.000000 0.000000 0.000000 0.000000 0.000000
    3 -0.904000 0.000000 -11.806000 0.000000 0.000000 0.000000
    4 0.000000 0.000000 -14.313999 0.000000 -1.570796 1.570857
    5 3.533001 0.000000 0.000000 0.000000 0.000000 0.000000
    6 6.250000 0.000000 0.000000 0.000000 0.000000 0.000000
    7 9.537700 1.543041 -1.955739 1.191848 1.213941 1.216513
    8 9.533793 1.332097 1.787777 0.951920 -1.160925 -0.982500
    9 5.786820 0.002787 -0.000113 0.422661 0.564472 -0.078954
    10 5.999492 -0.000592 -4.000343 0.000000 0.000000 0.000000
    11 5.791316 0.002582 0.004799 0.436913 -0.139087 -0.920760
    12 5.999492 -0.000592 4.000336 0.000000 0.000000 0.000000
    13 0.500225 0.000133 -0.000088 -0.278413 0.000000 0.000000
    14 11.534559 0.004255 -0.001312 -0.000101 -0.000027 -2.248106
    15 -0.829338 0.893824 0.079659 -0.148839 0.047645 0.087266
    16 0.500225 0.000132 0.000076 0.127805 0.000000 0.000000
    17 11.532495 0.004432 -0.000089 0.000006 -0.000022 -1.492624
    18 -0.829586 0.894698 -0.079464 0.045377 -0.019621 0.087266
    19 10.599884 0.000105 -0.000553 1.493494 0.000024 0.000036
    20 1.213449 -0.587690 -0.000805 0.000000 0.000011 1.124125
    21 11.042057 0.003717 0.004704 1.330667 -0.224007 0.604006
    22 -1.214832 0.203470 -0.477489 -0.135025 -0.078677 -0.001289
    23 10.599880 0.000105 0.000549 -0.780902 -0.000072 -0.000012
    24 0.412641 -0.450967 0.000801 -0.000060 0.000013 0.746344
    25 11.041742 0.003171 -0.000571 -0.864172 0.445160 -0.157105
    26 -1.063377 0.077663 0.150230 0.045121 0.020046 -0.012850
    27 0.610302 -0.939470 0.070343 -1.659539 0.062761 -0.191723
    28 0.639940 -0.199121 0.060188 -1.665502 0.071963 -0.085838
    29 0.600155 1.080261 -0.339535 -1.744812 0.226170 0.061100
    30 0.610207 0.400743 -0.010101 -1.763882 0.141032 0.003551
    31 0.630809 -0.690090 -0.232343 0.025065 0.598897 -1.109376
    32 -0.792125 0.203736 0.461300 1.439074 -0.003453 -0.018305
    33 0.610300 -0.939469 -0.070351 1.655335 0.140029 -0.175632
    34 0.639937 -0.199121 -0.060200 1.659528 0.202500 -0.040444
    35 0.600157 1.080259 0.339531 1.738023 -0.020790 0.107385
    36 0.610205 0.400743 0.010086 1.767175 0.146065 0.084305
    37 0.624002 -0.695300 0.232270 -0.837367 -0.475036 -0.970998
    38 -0.626031 -0.069983 -0.080517 -1.447153 0.086151 0.021559
    39 2.621377 -0.006439 -0.001438 0.020465 0.109387 0.070092
    40 2.660837 0.000397 -0.000071 -0.076640 -0.059211 0.315259
    41 2.206394 0.003368 -0.006769 -0.322945 -0.120110 0.328971
    42 0.599952 0.959240 -0.300102 -0.174544 0.000000 0.000000
    43 2.557190 -0.005873 0.002453 -0.050861 -0.067259 0.319780
    44 2.095024 -0.003873 -0.002193 -0.230926 0.307530 0.580673
    45 0.999380 -0.000236 -1.228902 -0.000001 0.000000 0.000000
    46 -0.122639 -0.721856 0.661690 -0.486644 0.223964 0.243056
    47 2.622113 -0.000648 0.002741 0.105783 0.211184 0.203359
    48 2.656250 0.000780 0.000159 0.668585 0.306980 1.162188
    49 2.197266 0.000516 -0.000121 0.505440 -0.145574 1.217274
    50 0.599951 0.959244 0.300102 0.174544 0.000000 0.000000
    51 2.556641 -0.000149 -0.000030 0.544726 0.124361 1.290931
    52 2.103851 0.005614 -0.001014 0.627767 -0.394038 0.621363
    53 0.999374 -0.000237 1.224988 0.292927 0.028379 0.134647
    54 0.310846 -0.606445 -0.498005 0.308107 -0.197598 0.313976
    55 1.873069 -0.000835 -0.000994 0.000041 -0.000020 1.234366
    56 1.200941 0.399582 -0.000237 -0.009465 0.016087 0.007127
    57 0.000586 0.100342 -0.000319 -0.120035 -0.021926 -0.209617
    58 -0.161663 0.051712 0.194808 -2.941982 0.122408 -0.060194
    59 2.010092 -0.003202 -0.007284 0.000018 0.000013 1.224982
    60 0.000240 0.099802 -0.000395 -0.018823 0.010833 -0.239219
    61 -0.203197 0.048607 0.069150 -3.093332 0.033217 -0.046722
    62 1.180428 -0.006214 0.000780 -0.000014 0.000012 1.136338
    63 -0.000196 0.099625 -0.000034 0.000000 0.000000 -0.314102
    64 -0.088736 -0.688435 -0.145203 2.930407 -0.136130 0.513013
    65 1.712069 -0.003328 0.003818 0.000023 -0.000021 1.019778
    66 -0.000580 0.100145 -0.000311 -0.010912 0.023129 -0.260841
    67 -0.146030 -0.232426 -0.014225 3.028455 -0.094299 0.113020
    68 1.290632 0.000362 -0.000032 0.000000 0.000000 0.619289
    69 -0.658121 -0.003575 0.072645 -0.142711 0.027792 -0.077299
    70 1.868080 -0.003049 0.006083 0.000003 -0.000021 0.556890
    71 1.200079 0.399944 -0.000093 0.009465 -0.016087 0.007127
    72 0.000591 0.100342 0.000319 0.120035 0.021926 -0.209617
    73 0.068077 0.002285 -0.080050 3.111376 -0.069366 -0.060847
    74 2.007813 -0.000883 -0.000381 -0.000043 0.000037 1.417990
    75 0.000229 0.099802 0.000395 0.018823 -0.010833 -0.239219
    76 -0.018673 -0.001009 0.047544 3.109244 0.002635 -0.106673
    77 1.178665 0.001595 0.000845 0.000030 -0.000012 0.546573
    78 -0.000198 0.099628 0.000034 0.000000 0.000000 -0.314102
    79 0.036892 -0.634449 0.266284 -2.801062 0.174301 0.490914
    80 1.708008 0.000721 0.000199 0.000056 -0.000025 0.840846
    81 -0.000576 0.100136 0.000311 0.010912 -0.023129 -0.260841
    82 -0.003952 -0.281811 0.115047 -3.059162 0.089004 0.167964
    83 1.289627 0.003949 0.000061 0.094593 -0.006026 0.442725
    84 -0.171528 -0.018148 -0.099873 0.013484 -0.062184 -0.011780
    85 0.916622 0.007240 0.001326 0.000019 0.000021 1.095987
    86 -0.342617 0.053404 -0.025571 -2.909301 -0.017248 0.075276
    87 1.100231 -0.000930 -0.002434 0.000033 0.000074 1.155262
    88 -0.384983 0.330998 0.006848 -3.087207 -0.018765 -0.184279
    89 0.678146 0.006192 0.000002 -0.000018 -0.000019 1.060277
    90 -0.123848 0.072737 0.029507 2.898184 -0.060627 0.094834
    91 1.017166 -0.000154 -0.000252 -0.000023 -0.000014 1.290189
    92 -0.344986 0.123129 0.143151 2.994981 0.012396 0.059140
    93 -0.730988 0.177046 0.039141 -0.123731 0.076518 -0.084310
    94 0.925900 0.001298 -0.000896 -0.000002 -0.000059 -0.168093
    95 -0.124027 -0.052092 0.038496 3.077813 -0.008519 0.039229
    96 1.098633 0.000006 0.000469 0.000024 0.000052 0.880282
    97 -0.330082 0.160641 0.042780 3.128073 0.034033 -0.171236
    98 0.675854 0.005438 0.003272 0.000002 0.000015 1.006524
    99 -0.019516 -0.016531 0.038578 -2.763781 0.050305 0.076828
    100 1.018555 -0.000026 -0.000397 0.000000 0.000000 1.057754
    101 -0.155312 0.130643 -0.021921 -3.022466 0.022433 -0.024903
    102 -0.252209 0.061937 -0.024914 -0.007671 -0.063171 -0.044392
    103 -0.085991 0.185203 -0.015180 -2.937063 -0.113970 -0.138991
    104 -0.286537 0.179852 0.024264 -3.109353 -0.049645 -0.029915
    105 -0.019489 0.147084 0.079203 2.893815 0.038585 -0.060594
    106 -0.046482 0.251898 0.129548 3.016165 0.077112 -0.042864
    107 0.039120 -0.040298 0.047739 3.084219 0.030470 -0.037414
    108 -0.233757 0.066630 0.001754 -3.133086 0.040141 -0.065413
    109 0.044266 0.020128 0.001684 -2.778763 -0.118872 -0.040488
    110 0.071495 0.074127 -0.048302 -3.035917 -0.059482 0.104366
    111 0.000000 0.000000 0.000000 0.000000 0.000000 -1.570796
    112 15.035615 2.640706 -3.054781 -1.645356 -0.548937 0.863236
    113 1.414063 0.000000 2.341797 0.000000 0.000000 0.000000
    114 1.194336 0.000004 2.341797 0.000000 0.000000 0.000000
    115 -10.008118 -6.226753 -20.352184 -1.825198 -0.280975 0.208996
    116 -0.575999 -0.004000 0.701999 0.000000 0.000000 0.000000
    117 -0.222000 0.000000 2.060996 0.000000 0.000000 0.000000
    118 0.414999 0.000000 0.937998 0.000000 0.000000 0.000000
    119 1.086997 -0.554999 1.709997 0.000000 0.000000 -1.570755
    120 4.654990 0.000000 0.242000 0.000000 0.000000 0.000000
    121 -1.234999 2.354995 -2.038996 -1.607262 0.223147 -0.356362
    122 4.367991 0.000000 0.177000 0.000000 0.000000 0.000000
    123 0.537998 0.000000 -3.214993 0.000000 0.000000 0.000000
    124 -0.126000 0.000000 -1.241997 0.000000 0.000000 0.000000
    125 1.572997 0.000000 2.342995 0.000000 0.000000 0.000000
    126 1.201998 0.000000 2.375995 0.000000 0.000000 0.000000
    127 -1.451998 0.000000 -3.396993 0.000000 0.000000 0.000000
    128 3.501993 0.017000 3.580993 0.000000 -0.159168 0.000000
    129 0.000000 0.000000 0.000000 0.000000 0.000000 0.000000
    130 0.745997 0.090000 -0.642999 0.000000 0.000000 0.000000
    131 -0.716000 0.604999 0.624999 0.000000 0.000000 0.000000
    132 2.751994 0.107000 0.669999 0.000000 0.000000 0.000000
    133 3.184993 0.000000 1.365997 0.000000 0.000000 0.000000
    134 0.000000 0.000000 0.000000 0.000000 0.000000 0.000000
    135 -0.106000 0.000000 64.320000 0.000000 0.000000 0.000000
    136 0.000000 0.000000 0.000000 0.000000 0.000000 0.000000
    137 0.000000 0.000000 0.000000 0.008665 -0.008281 -0.014861
    138 22.085989 7.632790 13.582273 -1.645460 -0.548937 0.863309
    139 0.106000 0.000000 -64.320000 0.000000 0.000000 0.000000
    140 0.000000 0.000000 0.000000 0.000000 0.000000 0.000000
    141 0.000000 0.000000 -4.867002 -3.141592 0.000000 -3.128591
    142 0.000000 0.000000 4.867000 -3.141592 0.000000 -3.128591
    143 4.000000 -6.500000 0.000000 0.000000 0.000000 0.000977
    144 -6.500000 0.000000 0.000000 0.000000 1.570796 0.000000
    145 1.000088 -0.000029 0.000000 0.000000 0.000000 0.000000
    146 17.162516 -0.000404 0.000000 0.000000 0.000000 0.119214
    147 9.999891 -0.000303 0.000000 0.000000 0.000000 0.000000
    148 1.000088 -0.000029 0.000000 0.000000 0.000000 0.000000
    149 17.162516 -0.000404 0.000000 0.000000 0.000000 0.119214
    150 9.499836 0.000212 0.000000 0.000000 0.000000 0.000000
    151 0.000000 0.000000 0.000000 0.000000 0.000000 0.000000
    152 17.749374 0.295515 0.000000 0.000000 0.000000 -1.158958
    153 0.017889 0.299792 0.000000 0.000000 0.000000 -0.059582
    154 12.283573 1.581456 -4.696000 1.462269 -0.086726 0.090185
    155 17.749376 0.295515 0.000000 0.000000 0.000000 -1.158958
    156 0.017889 0.299792 0.000000 0.000000 0.000000 -0.059582
    157 13.354000 0.000000 0.000000 0.000000 0.000000 -0.294101
    158 4.530998 0.000000 0.000000 0.000000 0.000000 0.000000
    159 0.000000 0.000000 0.000000 0.000000 0.000000 0.000000
    160 5.413524 0.000347 0.000000 0.000000 0.000000 -0.518055
    161 5.413524 0.000347 0.000000 0.000000 0.000000 -0.518055
    162 4.662002 -5.366333 4.825191 1.569713 1.561305 -3.121213
    163 3.116966 -0.000443 0.000000 0.000000 0.000000 0.294101
    164 4.527344 0.000000 0.000000 0.000000 0.000000 0.000000
    165 -0.537999 0.000000 2.587000 0.000000 0.000000 0.000000
    166 -42.359356 45.203039 16.417156 1.664325 0.822098 0.618994
    167 2.302999 0.000000 0.188000 0.000000 0.000000 0.000000
    168 6.748000 0.000000 0.546000 0.000000 0.000000 0.000000
    169 3.512001 -3.547000 -1.066000 0.000000 1.570796 0.000000
    170 3.456001 -3.517000 1.169000 0.000000 1.570796 0.000000
    171 6.233002 0.000000 0.000000 0.000000 0.000000 0.000000
    172 -0.171997 -0.106000 -0.902000 1.570713 1.029176 -3.134550
    173 6.292780 -6.329217 0.144536 -0.014861 -0.008521 0.008413
    174 3.999434 -0.000527 -0.000332 0.746786 0.000042 0.000022
    175 3.999897 0.000041 0.001007 -0.390493 0.000000 0.000000
    176 1.598000 0.000000 0.000000 0.000000 0.000000 0.000000
    177 -1.145525 0.000130 0.000668 0.000000 0.000000 0.000000
    178 2.299679 -2.499979 -0.599480 0.892020 0.221483 -0.527313
    179 16.280357 6.885270 14.524749 3.991979 0.063208 0.980790
    180 -9.580683 -27.862110 -37.184666 0.812879 -0.123459 -0.568477
    181 0.649933 -0.548295 0.093651 -1.665913 -0.131399 -0.112062
    182 0.657077 0.008401 0.040371 -1.665945 -0.131407 -0.000013
    183 0.665776 0.747221 -0.029190 -1.665935 -0.131408 0.094976
    184 2.300138 -2.499413 0.600155 -0.891929 -0.221512 -0.527290
    185 11.365068 1.105308 3.752254 2.036514 -0.307328 0.198880
    186 2.762354 0.116951 1.523975 1.629482 0.064153 1.743800
    187 7.228319 7.928203 -3.925648 2.328713 0.123459 -0.568477
    188 0.650396 -0.547731 -0.092976 1.665913 0.131399 -0.112062
    189 0.657069 0.008398 -0.040379 1.665945 0.131407 -0.000013
    190 0.665777 0.747222 0.029182 1.665935 0.131408 0.094976
    191 -4.481003 -0.202000 0.000000 0.000000 0.000000 0.000000
    192 -5.516998 -0.291000 -0.001000 0.000000 0.000000 0.000000
    193 -0.857700 0.104071 0.104683 0.023536 0.163924 0.013632
    194 1.899119 0.000427 -0.000439 0.027386 -0.033311 0.477848
    195 1.799660 -0.000233 0.000231 0.027386 -0.033311 0.477848
    196 1.799660 -0.000233 0.000231 0.027386 -0.033311 0.477848
    197 1.799660 -0.000233 0.000231 0.027386 -0.033311 0.477848
    198 1.900313 -0.000137 -0.000516 0.027386 -0.033311 0.477848
    199 1.899433 -0.000317 -0.000151 -0.027386 0.033311 0.477848
    200 1.799662 -0.000233 -0.000233 -0.027386 0.033311 0.477848
    201 1.799662 -0.000233 -0.000233 -0.027386 0.033311 0.477848
    202 1.799662 -0.000233 -0.000233 -0.027386 0.033311 0.477848
    203 1.900723 0.000553 -0.000072 -0.027386 0.033311 0.477848
    204 0.599884 0.400187 -0.000031 0.000000 0.000000 0.000000
    205 0.599888 0.400187 0.000031 0.000000 0.000000 -3.141592
    206 0.599503 0.400696 0.000234 0.000000 0.000000 0.000000
    207 0.600399 0.399632 -0.000466 0.000000 0.000000 -3.141592
  time 12
    0 0.000000 0.000000 0.000000 0.000000 0.000000 -1.570796
    1 -0.106323 0.000000 -0.000198 0.000000 0.000000 0.000000
    2 0.000000 0.000000 0.000000 0.000000 0.000000 0.000000
    3 -0.904000 0.000000 -11.806000 0.000000 0.000000 0.000000
    4 0.000000 0.000000 -14.313999 0.000000 -1.570796 1.570857
    5 3.533001 0.000000 0.000000 0.000000 0.000000 0.000000
    6 6.250000 0.000000 0.000000 0.000000 0.000000 0.000000
    7 9.537700 1.586011 -1.944020 1.139485 1.258094 1.160787
    8 9.541606 1.468820 1.826841 0.922572 -1.161981 -0.950758
    9 5.790726 0.002787 -0.000113 0.524502 0.655818 -0.008872
    10 5.999492 -0.000592 -4.000343 0.000000 0.000000 0.000000
    11 5.787410 0.002582 0.004799 0.440801 -0.158111 -0.998010
    12 5.999492 -0.000592 4.000336 0.000000 0.000000 0.000000
    13 0.500225 0.000133 -0.000088 -0.316493 0.000000 0.000000
    14 11.534559 0.004255 -0.001312 0.000043 -0.000015 -2.255073
    15 -0.829338 0.893824 0.079659 -0.148839 0.047645 0.087266
    16 0.500225 0.000132 0.000076 0.150208 0.000000 0.000000
    17 11.536401 0.000526 -0.000089 0.000006 -0.000022 -1.374527
    18 -0.829586 0.894698 -0.079464 0.045377 -0.019621 0.087266
    19 10.599884 0.000105 -0.000553 1.422268 0.000024 -0.000024
    20 1.236887 -0.587690 -0.000805 0.000000 0.000011 1.127525
    21 11.042057 0.003717 0.004704 1.223031 -0.220441 0.675804
    22 -1.214832 0.203470 -0.477489 -0.135025 -0.078677 -0.001289
    23 10.599880 0.000105 0.000549 -0.663441 -0.000060 -0.000024
    24 0.326701 -0.400185 0.000801 -0.000060 0.000013 0.687335
    25 11.041742 0.007077 -0.000571 -0.783505 0.510217 -0.437732
    26 -1.063377 0.077663 0.150230 0.045121 0.020046 -0.012850
    27 0.610302 -0.939470 0.070343 -1.662014 0.033291 -0.188703
    28 0.639940 -0.199121 0.060188 -1.665299 0.042960 -0.083022
    29 0.600155 1.080261 -0.339535 -1.744494 0.199493 0.060729
    30 0.610207 0.400743 -0.010101 -1.763129 0.113467 0.009016
    31 0.634715 -0.690090 -0.232343 0.029426 0.510749 -1.077066
    32 -0.792125 0.203736 0.461300 1.439074 -0.003453 -0.018305
    33 0.610300 -0.939469 -0.070351 1.655335 0.140029 -0.175632
    34 0.639937 -0.199121 -0.060200 1.659528 0.202500 -0.040444
    35 0.600157 1.080259 0.339531 1.738023 -0.020790 0.107397
    36 0.610205 0.400743 0.010086 1.767175 0.146065 0.084305
    37 0.624002 -0.695300 0.232270 -0.831257 -0.490098 -0.970298
    38 -0.626031 -0.069983 -0.080517 -1.447153 0.086151 0.021559
    39 2.621377 -0.006439 -0.005345 -0.022025 0.068118 0.083039
    40 2.664743 0.000397 -0.000071 -0.100479 -0.068252 0.325480
    41 2.206394 0.003368 -0.006769 -0.293649 -0.116855 0.325432
    42 0.599952 0.959240 -0.300102 -0.174544 0.000000 0.000000
    43 2.553283 -0.001967 0.006359 -0.041090 -0.056568 0.329565
    44 2.095024 -0.003873 -0.006100 -0.237772 0.297351 0.557879
    45 0.999380 -0.000236 -1.209370 -0.000001 0.000000 0.000000
    46 -0.122639 -0.721856 0.661690 -0.486644 0.223964 0.243056
    47 2.622113 -0.000648 0.002741 0.112102 0.208260 0.233169
    48 2.656250 0.000780 0.000159 0.668585 0.306980 1.162188
    49 2.197266 0.000516 -0.000121 0.505440 -0.145574 1.217274
    50 0.599951 0.959244 0.300102 0.174544 0.000000 0.000000
    51 2.556641 -0.000149 -0.000030 0.544726 0.124361 1.290931
    52 2.103851 0.001708 -0.001014 0.602971 -0.396866 0.632073
    53 0.999374 -0.000237 1.232800 0.292927 0.028379 0.134647
    54 0.310846 -0.606445 -0.498005 0.308107 -0.197598 0.313976
    55 1.869163 -0.004741 -0.000994 -0.000055 0.000039 1.141499
    56 1.200941 0.399582 -0.000237 -0.009465 0.016087 0.007127
    57 0.000586 0.100342 -0.000319 -0.120035 -0.021926 -0.209617
    58 -0.161663 0.051712 0.194808 -2.941982 0.122408 -0.060194
    59 2.010092 -0.003202 -0.003377 -0.000030 0.000048 1.161240
    60 0.000240 0.099802 -0.000395 -0.018823 0.010833 -0.239219
    61 -0.203197 0.048607 0.069150 -3.093332 0.033217 -0.046722
    62 1.180428 -0.006214 0.000780 0.000034 -0.000024 1.068096
    63 -0.000196 0.099625 -0.000034 0.000000 0.000000 -0.314102
    64 -0.088736 -0.688435 -0.145203 2.930407 -0.136130 0.513013
    65 1.712069 -0.003328 -0.000088 0.000023 -0.000021 0.983389
    66 -0.000580 0.100145 -0.000311 -0.010912 0.023129 -0.260841
    67 -0.146030 -0.232426 -0.014225 3.028455 -0.094299 0.113020
    68 1.290632 0.000362 -0.000032 0.000000 0.000000 0.516583
    69 -0.658121 -0.003575 0.072645 -0.142711 0.027792 -0.077299
    70 1.868080 -0.003049 0.006083 0.000003 -0.000021 0.490224
    71 1.200079 0.399944 -0.000093 0.009465 -0.016087 0.007127
    72 0.000591 0.100342 0.000319 0.120035 0.021926 -0.209617
    73 0.068077 0.002285 -0.080050 3.111376 -0.069366 -0.060847
    74 2.007813 -0.000883 -0.000381 -0.000043 0.000037 1.417990
    75 0.000229 0.099802 0.000395 0.018823 -0.010833 -0.239219
    76 -0.018673 -0.001009 0.047544 3.109244 0.002635 -0.106673
    77 1.178665 0.001595 0.000845 0.000042 -0.000012 0.546573
    78 -0.000198 0.099628 0.000034 0.000000 0.000000 -0.314102
    79 0.036892 -0.634449 0.266284 -2.801062 0.174301 0.490914
    80 1.708008 0.000721 0.000199 0.000056 -0.000025 0.840846
    81 -0.000576 0.100136 0.000311 0.010912 -0.023129 -0.260841
    82 -0.003952 -0.281811 0.115047 -3.059162 0.089004 0.167964
    83 1.289627 0.003949 0.000061 0.078833 -0.005031 0.446502
    84 -0.171528 -0.018148 -0.099873 0.013484 -0.062184 -0.011780
    85 0.912716 0.007240 0.001326 0.000019 0.000021 1.033359
    86 -0.342617 0.053404 -0.025571 -2.909301 -0.017248 0.075276
    87 1.100231 -0.000930 -0.002434 0.000009 0.000014 1.049020
    88 -0.384983 0.330998 0.006848 -3.087207 -0.018765 -0.184279
    89 0.678146 0.006192 0.000002 -0.000042 -0.000067 0.973017
    90 -0.123848 0.072737 0.029507 2.898184 -0.060627 0.094834
    91 1.017166 -0.000154 -0.000252 -0.000035 0.000082 1.194446
    92 -0.344986 0.123129 0.143151 2.994981 0.012396 0.059140
    93 -0.730988 0.177046 0.039141 -0.123731 0.076518 -0.084310
    94 0.925900 0.001298 -0.000896 -0.000002 -0.000047 -0.168093
    95 -0.124027 -0.052092 0.038496 3.077813 -0.008519 0.039229
    96 1.098633 0.000006 0.000469 0.000024 0.000052 0.880282
    97 -0.330082 0.160641 0.042780 3.128073 0.034033 -0.171236
    98 0.675854 0.005438 0.003272 0.000002 0.000015 1.006524
    99 -0.019516 -0.016531 0.038578 -2.763781 0.050305 0.076828
    100 1.018555 -0.000026 -0.000397 0.000000 0.000000 1.057754
    101 -0.155312 0.130643 -0.021921 -3.022466 0.022433 -0.024903
    102 -0.252209 0.061937 -0.024914 -0.007671 -0.063171 -0.044392
    103 -0.085991 0.185203 -0.015180 -2.937063 -0.113970 -0.138991
    104 -0.286537 0.179852 0.024264 -3.109353 -0.049645 -0.029915
    105 -0.019489 0.147084 0.079203 2.893815 0.038585 -0.060594
    106 -0.046482 0.251898 0.129548 3.016165 0.077112 -0.042864
    107 0.039120 -0.040298 0.047739 3.084219 0.030470 -0.037414
    108 -0.233757 0.066630 0.001754 -3.133086 0.040141 -0.065413
    109 0.044266 0.020128 0.001684 -2.778763 -0.118872 -0.040488
    110 0.071495 0.074127 -0.048302 -3.035917 -0.059482 0.104366
    111 0.000000 0.000000 0.000000 0.000000 0.000000 -1.570796
    112 14.738731 2.886807 -3.308695 -1.551243 -0.585034 1.083875
    113 1.414063 0.000000 2.341797 0.000000 0.000000 0.000000
    114 1.194336 0.000004 2.341797 0.000000 0.000000 0.000000
    115 -10.465163 -8.676046 -21.242836 -1.806369 -0.366420 0.474207
    116 -0.575999 -0.004000 0.701999 0.000000 0.000000 0.000000
    117 -0.222000 0.000000 2.060996 0.000000 0.000000 0.000000
    118 0.414999 0.000000 0.937998 0.000000 0.000000 0.000000
    119 1.086997 -0.554999 1.709997 0.000000 0.000000 -1.570755
    120 4.654990 0.000000 0.242000 0.000000 0.000000 0.000000
    121 -1.234999 2.354995 -2.038996 -1.607262 0.223147 -0.356350
    122 4.367991 0.000000 0.177000 0.000000 0.000000 0.000000
    123 0.537998 0.000000 -3.214993 0.000000 0.000000 0.000000
    124 -0.126000 0.000000 -1.241997 0.000000 0.000000 0.000000
    125 1.572997 0.000000 2.342995 0.000000 0.000000 0.000000
    126 1.201998 0.000000 2.375995 0.000000 0.000000 0.000000
    127 -1.451998 0.000000 -3.396993 0.000000 0.000000 0.000000
    128 3.501993 0.017000 3.580993 0.000000 -0.159168 0.000000
    129 0.000000 0.000000 0.000000 0.000000 0.000000 0.000000
    130 0.745997 0.090000 -0.642999 0.000000 0.000000 0.000000
    131 -0.716000 0.604999 0.624999 0.000000 0.000000 0.000000
    132 2.751994 0.107000 0.669999 0.000000 0.000000 0.000000
    133 3.184993 0.000000 1.365997 0.000000 0.000000 0.000000
    134 0.000000 0.000000 0.000000 0.000000 0.000000 0.000000
    135 -0.106000 0.000000 64.320000 0.000000 0.000000 0.000000
    136 0.000000 0.000000 0.000000 0.000000 0.000000 0.000000
    137 0.000000 0.000000 0.000000 -0.006112 0.008785 0.021500
    138 20.503909 8.976581 13.500239 -1.551249 -0.585032 1.083859
    139 0.106000 0.000000 -64.320000 0.000000 0.000000 0.000000
    140 0.000000 0.000000 0.000000 0.000000 0.000000 0.000000
    141 0.000000 0.000000 -4.867002 -3.141592 0.000000 -3.128591
    142 0.000000 0.000000 4.867000 -3.141592 0.000000 -3.128591
    143 4.000000 -6.500000 0.000000 0.000000 0.000000 0.000977
    144 -6.500000 0.000000 0.000000 0.000000 1.570796 0.000000
    145 1.000088 -0.000029 0.000000 0.000000 0.000000 0.000000
    146 17.162516 -0.000404 0.000000 0.000000 0.000000 0.119214
    147 9.999891 -0.000303 0.000000 0.000000 0.000000 0.000000
    148 1.000088 -0.000029 0.000000 0.000000 0.000000 0.000000
    149 17.162516 -0.000404 0.000000 0.000000 0.000000 0.119214
    150 9.499836 0.000212 0.000000 0.000000 0.000000 0.000000
    151 0.000000 0.000000 0.000000 0.000000 0.000000 0.000000
    152 17.749374 0.295515 0.000000 0.000000 0.000000 -1.158958
    153 0.017889 0.299792 0.000000 0.000000 0.000000 -0.059582
    154 12.283573 1.581456 -4.696000 1.462269 -0.086726 0.090185
    155 17.749376 0.295515 0.000000 0.000000 0.000000 -1.158958
    156 0.017889 0.299792 0.000000 0.000000 0.000000 -0.059582
    157 13.354000 0.000000 0.000000 0.000000 0.000000 -0.294101
    158 4.530998 0.000000 0.000000 0.000000 0.000000 0.000000
    159 0.000000 0.000000 0.000000 0.000000 0.000000 0.000000
    160 5.413524 0.000347 0.000000 0.000000 0.000000 -0.518055
    161 5.413524 0.000347 0.000000 0.000000 0.000000 -0.518055
    162 4.662002 -5.366333 4.825191 1.569713 1.561305 -3.121213
    163 3.116966 -0.000443 0.000000 0.000000 0.000000 0.294101
    164 4.527344 0.000000 0.000000 0.000000 0.000000 0.000000
    165 -0.537999 0.000000 2.587000 0.000000 0.000000 0.000000
    166 -41.941374 45.800713 14.010832 1.534619 1.092949 0.553941
    167 2.302999 0.000000 0.188000 0.000000 0.000000 0.000000
    168 6.748000 0.000000 0.546000 0.000000 0.000000 0.000000
    169 3.512001 -3.547000 -1.066000 0.000000 1.570796 0.000000
    170 3.456001 -3.517000 1.169000 0.000000 1.570796 0.000000
    171 6.233002 0.000000 0.000000 0.000000 0.000000 0.000000
    172 -0.171997 -0.106000 -0.902000 1.570713 1.029176 -3.134550
    173 6.191214 -6.426877 -0.175787 0.021500 0.006316 -0.008653
    174 3.999434 -0.000527 -0.000332 0.711146 0.000006 0.000010
    175 3.999897 0.000041 0.001007 -0.331773 -0.000048 -0.000036
    176 1.598000 0.000000 0.000000 0.000000 0.000000 0.000000
    177 -1.145525 0.000130 0.000668 0.000000 0.000000 0.000000
    178 2.299679 -2.499979 -0.599480 0.892020 0.221483 -0.527313
    179 13.124010 6.986835 15.872447 4.216328 -0.073868 1.224410
    180 -9.580683 -27.862110 -37.184666 0.812879 -0.123459 -0.568477
    181 0.649933 -0.548295 0.093651 -1.665913 -0.131399 -0.112062
    182 0.657077 0.008401 0.040371 -1.665945 -0.131407 -0.000013
    183 0.665776 0.747221 -0.029190 -1.665935 -0.131408 0.094976
    184 2.300138 -2.499413 0.600155 -0.891929 -0.221512 -0.527290
    185 11.365068 1.105308 3.752254 2.036514 -0.307328 0.198880
    186 2.762354 0.116951 1.523975 1.629482 0.064153 1.743800
    187 7.228319 7.928203 -3.925648 2.328713 0.123459 -0.568477
    188 0.650396 -0.547731 -0.092976 1.665913 0.131399 -0.112062
    189 0.657069 0.008398 -0.040379 1.665945 0.131407 -0.000013
    190 0.665777 0.747222 0.029182 1.665935 0.131408 0.094976
    191 -4.481003 -0.202000 0.000000 0.000000 0.000000 0.000000
    192 -5.516998 -0.291000 -0.001000 0.000000 0.000000 0.000000
    193 -0.857700 0.104071 0.104683 0.023536 0.163924 0.013632
    194 1.899119 0.000427 -0.000439 0.027386 -0.033311 0.477848
    195 1.799660 -0.000233 0.000231 0.027386 -0.033311 0.477848
    196 1.799660 -0.000233 0.000231 0.027386 -0.033311 0.477848
    197 1.799660 -0.000233 0.000231 0.027386 -0.033311 0.477848
    198 1.900313 -0.000137 -0.000516 0.027386 -0.033311 0.477848
    199 1.899433 -0.000317 -0.000151 -0.027386 0.033311 0.477848
    200 1.799662 -0.000233 -0.000233 -0.027386 0.033311 0.477848
    201 1.799662 -0.000233 -0.000233 -0.027386 0.033311 0.477848
    202 1.799662 -0.000233 -0.000233 -0.027386 0.033311 0.477848
    203 1.900723 0.000553 -0.000072 -0.027386 0.033311 0.477848
    204 0.599884 0.400187 -0.000031 0.000000 0.000000 0.000000
    205 0.599888 0.400187 0.000031 0.000000 0.000000 -3.141592
    206 0.599503 0.400696 0.000234 0.000000 0.000000 0.000000
    207 0.600399 0.399632 -0.000466 0.000000 0.000000 -3.141592
  time 13
    0 0.000000 0.000000 0.000000 0.000000 0.000000 -1.570796
    1 -0.106323 0.000000 -0.000198 0.000000 0.000000 0.000000
    2 0.000000 0.000000 0.000000 0.000000 0.000000 0.000000
    3 -0.904000 0.000000 -11.806000 0.000000 0.000000 0.000000
    4 0.000000 0.000000 -14.313999 0.000000 -1.570796 1.570857
    5 3.533001 0.000000 0.000000 0.000000 0.000000 0.000000
    6 6.250000 0.000000 0.000000 0.000000 0.000000 0.000000
    7 9.541606 1.636794 -1.924488 1.060309 1.304466 1.078100
    8 9.553325 1.597730 1.861998 0.893052 -1.162537 -0.918788
    9 5.790726 0.002787 -0.000113 0.643781 0.751234 0.077259
    10 5.999492 -0.000592 -4.000343 0.000000 0.000000 0.000000
    11 5.791316 0.002582 0.004799 0.451262 -0.147441 -0.994301
    12 5.999492 -0.000592 4.000336 0.000000 0.000000 0.000000
    13 0.500225 0.000133 -0.000088 -0.358744 0.000000 0.000000
    14 11.534559 0.004255 -0.001312 -0.000101 0.000117 -2.243699
    15 -0.829338 0.893824 0.079659 -0.148839 0.047645 0.087266
    16 0.500225 0.000132 0.000076 0.141577 0.000000 -0.000012
    17 11.532495 0.004432 -0.000089 -0.000042 -0.000058 -1.397637
    18 -0.829586 0.894698 -0.079464 0.045377 -0.019621 0.087266
    19 10.599884 0.000105 -0.000553 1.322513 0.000000 -0.000084
    20 1.193917 -0.591597 -0.000805 0.000060 -0.000025 1.121914
    21 11.042057 -0.000189 0.000798 1.106005 -0.217557 0.693607
    22 -1.214832 0.203470 -0.477489 -0.135025 -0.078677 -0.001289
    23 10.599880 0.000105 0.000549 -0.695500 -0.000060 -0.000036
    24 0.346233 -0.415810 0.000801 0.000000 -0.000011 0.698816
    25 11.041742 0.003171 -0.000571 -0.797743 0.462892 -0.489895
    26 -1.063377 0.077663 0.150230 0.045121 0.020046 -0.012850
    27 0.610302 -0.939470 0.070343 -1.664590 0.003820 -0.185611
    28 0.639940 -0.199121 0.060188 -1.665248 0.013958 -0.080205
    29 0.600155 1.080261 -0.339535 -1.744176 0.172827 0.060357
    30 0.610207 0.400743 -0.010101 -1.762591 0.085915 0.014445
    31 0.634715 -0.693997 -0.236250 0.034159 0.415656 -1.044024
    32 -0.792125 0.203736 0.461300 1.439074 -0.003453 -0.018305
    33 0.610300 -0.939469 -0.070351 1.655335 0.140029 -0.175632
    34 0.639937 -0.199121 -0.060200 1.659528 0.202500 -0.040444
    35 0.600157 1.080259 0.339531 1.738023 -0.020790 0.107397
    36 0.610205 0.400743 0.010086 1.767175 0.146065 0.084305
    37 0.624002 -0.695300 0.232270 -0.825147 -0.505194 -0.969709
    38 -0.626031 -0.069983 -0.080517 -1.447153 0.086151 0.021559
    39 2.621377 -0.002532 -0.001438 -0.063653 0.023674 0.094530
    40 2.660837 0.000397 -0.000071 -0.124921 -0.080024 0.331465
    41 2.206394 0.003368 -0.002863 -0.264371 -0.113500 0.322042
    42 0.599952 0.959240 -0.300102 -0.174544 0.000000 0.000000
    43 2.553283 -0.005873 0.002453 -0.031229 -0.045986 0.339433
    44 2.095024 -0.003873 -0.002193 -0.244367 0.287065 0.535289
    45 0.999380 -0.000236 -1.185931 -0.000001 0.000000 0.000000
    46 -0.122639 -0.721856 0.661690 -0.486644 0.223964 0.243056
    47 2.622113 -0.000648 0.002741 0.111363 0.208248 0.228217
    48 2.656250 0.000780 0.000159 0.668585 0.306980 1.162188
    49 2.197266 0.000516 -0.000121 0.505440 -0.145574 1.217274
    50 0.599951 0.959244 0.300102 0.174544 0.000000 0.000000
    51 2.556641 -0.000149 -0.000030 0.544726 0.124361 1.290931
    52 2.103851 0.001708 -0.001014 0.578125 -0.399455 0.642888
    53 0.999374 -0.000237 1.236707 0.292927 0.028379 0.134647
    54 0.310846 -0.606445 -0.498005 0.308107 -0.197598 0.313976
    55 1.873069 -0.000835 -0.000994 0.000029 0.000063 1.037670
    56 1.200941 0.399582 -0.000237 -0.009465 0.016087 0.007127
    57 0.000586 0.100342 -0.000319 -0.120035 -0.021926 -0.209617
    58 -0.161663 0.051712 0.194808 -2.941982 0.122408 -0.060194
    59 2.010092 -0.003202 -0.003377 0.000018 0.000013 1.089903
    60 0.000240 0.099802 -0.000395 -0.018823 0.010833 -0.239219
    61 -0.203197 0.048607 0.069150 -3.093332 0.033217 -0.046722
    62 1.180428 -0.006214 0.000780 -0.000014 0.000000 0.992072
    63 -0.000196 0.099625 -0.000034 0.000000 0.000000 -0.314102
    64 -0.088736 -0.688435 -0.145203 2.930407 -0.136130 0.513013
    65 1.715976 -0.003328 0.003818 0.000023 -0.000021 0.941425
    66 -0.000580 0.100145 -0.000311 -0.010912 0.023129 -0.260841
    67 -0.146030 -0.232426 -0.014225 3.028455 -0.094299 0.113020
    68 1.290632 0.000362 -0.000032 0.000000 0.000000 0.403072
    69 -0.658121 -0.003575 0.072645 -0.142711 0.027792 -0.077299
    70 1.868080 -0.003049 0.006083 0.000003 -0.000021 0.501330
    71 1.200079 0.399944 -0.000093 0.009465 -0.016087 0.007127
    72 0.000591 0.100342 0.000319 0.120035 0.021926 -0.209617
    73 0.068077 0.002285 -0.080050 3.111376 -0.069366 -0.060847
    74 2.007813 -0.000883 -0.000381 -0.000043 0.000037 1.417990
    75 0.000229 0.099802 0.000395 0.018823 -0.010833 -0.239219
    76 -0.018673 -0.001009 0.047544 3.109244 0.002635 -0.106673
    77 1.178665 0.001595 0.000845 0.000042 -0.000012 0.546573
    78 -0.000198 0.099628 0.000034 0.000000 0.000000 -0.314102
    79 0.036892 -0.634449 0.266284 -2.801062 0.174301 0.490914
    80 1.708008 0.000721 0.000199 0.000056 -0.000025 0.840846
    81 -0.000576 0.100136 0.000311 0.010912 -0.023129 -0.260841
    82 -0.003952 -0.281811 0.115047 -3.059162 0.089004 0.167964
    83 1.289627 0.003949 0.000061 0.063109 -0.003964 0.450220
    84 -0.171528 -0.018148 -0.099873 0.013484 -0.062184 -0.011780
    85 0.916622 0.007240 0.001326 0.000042 0.000069 0.962838
    86 -0.342617 0.053404 -0.025571 -2.909301 -0.017248 0.075276
    87 1.100231 -0.000930 -0.002434 0.000057 -0.000010 0.931579
    88 -0.384983 0.330998 0.006848 -3.087207 -0.018765 -0.184279
    89 0.678146 0.006192 -0.003905 -0.000078 0.000005 0.876906
    90 -0.123848 0.072737 0.029507 2.898184 -0.060627 0.094834
    91 1.017166 -0.000154 -0.000252 -0.000023 -0.000014 1.088072
    92 -0.344986 0.123129 0.143151 2.994981 0.012396 0.059140
    93 -0.730988 0.177046 0.039141 -0.123731 0.076518 -0.084310
    94 0.925900 0.001298 -0.000896 -0.000002 -0.000047 -0.168036
    95 -0.124027 -0.052092 0.038496 3.077813 -0.008519 0.039229
    96 1.098633 0.000006 0.000469 0.000024 0.000052 0.880282
    97 -0.330082 0.160641 0.042780 3.128073 0.034033 -0.171236
    98 0.675854 0.005438 0.003272 0.000002 0.000015 1.006524
    99 -0.019516 -0.016531 0.038578 -2.763781 0.050305 0.076828
    100 1.018555 -0.000026 -0.000397 0.000000 0.000000 1.057754
    101 -0.155312 0.130643 -0.021921 -3.022466 0.022433 -0.024903
    102 -0.252209 0.061937 -0.024914 -0.007671 -0.063171 -0.044392
    103 -0.085991 0.185203 -0.015180 -2.937063 -0.113970 -0.138991
    104 -0.286537 0.179852 0.024264 -3.109353 -0.049645 -0.029915
    105 -0.019489 0.147084 0.079203 2.893815 0.038585 -0.060594
    106 -0.046482 0.251898 0.129548 3.016165 0.077112 -0.042864
    107 0.039120 -0.040298 0.047739 3.084219 0.030470 -0.037414
    108 -0.233757 0.066630 0.001754 -3.133086 0.040141 -0.065413
    109 0.044266 0.020128 0.001684 -2.778763 -0.118872 -0.040488
    110 0.071495 0.074127 -0.048302 -3.035917 -0.059482 0.104366
    111 0.000000 0.000000 0.000000 0.000000 0.000000 -1.570796
    112 14.137150 2.804773 -3.129002 -1.625148 -0.561157 1.179355
    113 1.414063 0.000000 2.341797 0.000000 0.000000 0.000000
    114 1.194336 0.000004 2.341797 0.000000 0.000000 0.000000
    115 -11.691763 -9.660451 -20.637349 -1.824444 -0.302042 0.535518
    116 -0.575999 -0.004000 0.701999 0.000000 0.000000 0.000000
    117 -0.222000 0.000000 2.060996 0.000000 0.000000 0.000000
    118 0.414999 0.000000 0.937998 0.000000 0.000000 0.000000
    119 1.086997 -0.554999 1.709997 0.000000 0.000000 -1.570755
    120 4.654990 0.000000 0.242000 0.000000 0.000000 0.000000
    121 -1.234999 2.354995 -2.038996 -1.607262 0.223147 -0.356338
    122 4.367991 0.000000 0.177000 0.000000 0.000000 0.000000
    123 0.537998 0.000000 -3.214993 0.000000 0.000000 0.000000
    124 -0.126000 0.000000 -1.241997 0.000000 0.000000 0.000000
    125 1.572997 0.000000 2.342995 0.000000 0.000000 0.000000
    126 1.201998 0.000000 2.375995 0.000000 0.000000 0.000000
    127 -1.451998 0.000000 -3.396993 0.000000 0.000000 0.000000
    128 3.501993 0.017000 3.580993 0.000000 -0.159168 0.000000
    129 0.000000 0.000000 0.000000 0.000000 0.000000 0.000000
    130 0.745997 0.090000 -0.642999 0.000000 0.000000 0.000000
    131 -0.716000 0.604999 0.624999 0.000000 0.000000 0.000000
    132 2.751994 0.107000 0.669999 0.000000 0.000000 0.000000
    133 3.184993 0.000000 1.365997 0.000000 0.000000 0.000000
    134 0.000000 0.000000 0.000000 0.000000 0.000000 0.000000
    135 -0.106000 0.000000 64.320000 0.000000 0.000000 0.000000
    136 0.000000 0.000000 0.000000 0.000000 0.000000 0.000000
    137 0.000000 0.000000 0.000000 0.007107 -0.006556 -0.009156
    138 19.320279 9.382843 13.578366 -1.625157 -0.561109 1.179247
    139 0.106000 0.000000 -64.320000 0.000000 0.000000 0.000000
    140 0.000000 0.000000 0.000000 0.000000 0.000000 0.000000
    141 0.000000 0.000000 -4.867002 -3.141592 0.000000 -3.128591
    142 0.000000 0.000000 4.867000 -3.141592 0.000000 -3.128591
    143 4.000000 -6.500000 0.000000 0.000000 0.000000 0.000977
    144 -6.500000 0.000000 0.000000 0.000000 1.570796 0.000000
    145 1.000088 -0.000029 0.000000 0.000000 0.000000 0.000000
    146 17.162516 -0.000404 0.000000 0.000000 0.000000 0.119214
    147 9.999891 -0.000303 0.000000 0.000000 0.000000 0.000000
    148 1.000088 -0.000029 0.000000 0.000000 0.000000 0.000000
    149 17.162516 -0.000404 0.000000 0.000000 0.000000 0.119214
    150 9.499836 0.000212 0.000000 0.000000 0.000000 0.000000
    151 0.000000 0.000000 0.000000 0.000000 0.000000 0.000000
    152 17.749374 0.295515 0.000000 0.000000 0.000000 -1.158958
    153 0.017889 0.299792 0.000000 0.000000 0.000000 -0.059582
    154 12.283573 1.581456 -4.696000 1.462269 -0.086726 0.090185
    155 17.749376 0.295515 0.000000 0.000000 0.000000 -1.158958
    156 0.017889 0.299792 0.000000 0.000000 0.000000 -0.059582
    157 13.354000 0.000000 0.000000 0.000000 0.000000 -0.294101
    158 4.530998 0.000000 0.000000 0.000000 0.000000 0.000000
    159 0.000000 0.000000 0.000000 0.000000 0.000000 0.000000
    160 5.413524 0.000347 0.000000 0.000000 0.000000 -0.518055
    161 5.413524 0.000347 0.000000 0.000000 0.000000 -0.518055
    162 4.662002 -5.366333 4.825191 1.569713 1.561305 -3.121213
    163 3.116966 -0.000443 0.000000 0.000000 0.000000 0.294101
    164 4.527344 0.000000 0.000000 0.000000 0.000000 0.000000
    165 -0.537999 0.000000 2.587000 0.000000 0.000000 0.000000
    166 -39.648335 46.792931 17.792198 1.682989 1.147872 0.664371
    167 2.302999 0.000000 0.188000 0.000000 0.000000 0.000000
    168 6.748000 0.000000 0.546000 0.000000 0.000000 0.000000
    169 3.512001 -3.547000 -1.066000 0.000000 1.570796 0.000000
    170 3.456001 -3.517000 1.169000 0.000000 1.570796 0.000000
    171 6.233002 0.000000 0.000000 0.000000 0.000000 0.000000
    172 -0.171997 -0.106000 -0.902000 1.570713 1.029176 -3.134550
    173 6.277154 -6.344843 0.093753 -0.009156 -0.007047 0.006604
    174 3.999434 -0.000527 -0.000332 0.661296 0.000018 -0.000050
    175 3.999897 0.000041 0.001007 -0.347761 -0.000012 -0.000024
    176 1.598000 0.000000 0.000000 0.000000 0.000000 0.000000
    177 -1.145525 0.000130 0.000668 0.000000 0.000000 0.000000
    178 2.299679 -2.499979 -0.599480 0.892020 0.221483 -0.527313
    179 10.303612 5.967273 17.731878 4.186821 -0.229975 1.370511
    180 -9.580683 -27.862110 -37.184666 0.812879 -0.123459 -0.568477
    181 0.649933 -0.548295 0.093651 -1.665913 -0.131399 -0.112062
    182 0.657077 0.008401 0.040371 -1.665945 -0.131407 -0.000013
    183 0.665776 0.747221 -0.029190 -1.665935 -0.131408 0.094976
    184 2.300138 -2.499413 0.600155 -0.891929 -0.221512 -0.527290
    185 11.365068 1.105308 3.752254 2.036514 -0.307328 0.198880
    186 2.762354 0.116951 1.523975 1.629482 0.064153 1.743800
    187 7.228319 7.928203 -3.925648 2.328713 0.123459 -0.568477
    188 0.650396 -0.547731 -0.092976 1.665913 0.131399 -0.112062
    189 0.657069 0.008398 -0.040379 1.665945 0.131407 -0.000013
    190 0.665777 0.747222 0.029182 1.665935 0.131408 0.094976
    191 -4.481003 -0.202000 0.000000 0.000000 0.000000 0.000000
    192 -5.516998 -0.291000 -0.001000 0.000000 0.000000 0.000000
    193 -0.857700 0.104071 0.104683 0.023536 0.163924 0.013632
    194 1.899119 0.000427 -0.000439 0.027386 -0.033311 0.477848
    195 1.799660 -0.000233 0.000231 0.027386 -0.033311 0.477848
    196 1.799660 -0.000233 0.000231 0.027386 -0.033311 0.477848
    197 1.799660 -0.000233 0.000231 0.027386 -0.033311 0.477848
    198 1.900313 -0.000137 -0.000516 0.027386 -0.033311 0.477848
    199 1.899433 -0.000317 -0.000151 -0.027386 0.033311 0.477848
    200 1.799662 -0.000233 -0.000233 -0.027386 0.033311 0.477848
    201 1.799662 -0.000233 -0.000233 -0.027386 0.033311 0.477848
    202 1.799662 -0.000233 -0.000233 -0.027386 0.033311 0.477848
    203 1.900723 0.000553 -0.000072 -0.027386 0.033311 0.477848
    204 0.599884 0.400187 -0.000031 0.000000 0.000000 0.000000
    205 0.599888 0.400187 0.000031 0.000000 0.000000 -3.141592
    206 0.599503 0.400696 0.000234 0.000000 0.000000 0.000000
    207 0.600399 0.399632 -0.000466 0.000000 0.000000 -3.141592
  time 14
    0 0.000000 0.000000 0.000000 0.000000 0.000000 -1.570796
    1 -0.106323 0.000000 -0.000198 0.000000 0.000000 0.000000
    2 0.000000 0.000000 0.000000 0.000000 0.000000 0.000000
    3 -0.904000 0.000000 -11.806000 0.000000 0.000000 0.000000
    4 0.000000 0.000000 -14.313999 0.000000 -1.570796 1.570857
    5 3.533001 0.000000 0.000000 0.000000 0.000000 0.000000
    6 6.250000 0.000000 0.000000 0.000000 0.000000 0.000000
    7 9.545512 1.683670 -1.904956 0.948361 1.348430 0.962591
    8 9.568951 1.711015 1.967470 0.866633 -1.159201 -0.890226
    9 5.786820 0.002787 -0.000113 0.772746 0.843019 0.178793
    10 5.999492 -0.000592 -4.000343 0.000000 0.000000 0.000000
    11 5.787410 0.002582 0.000893 0.457742 -0.131560 -0.971325
    12 5.999492 -0.000592 4.000336 0.000000 0.000000 0.000000
    13 0.500225 0.000133 -0.000088 -0.400996 0.000000 0.000000
    14 11.534559 0.004255 -0.001312 0.000103 -0.000051 -2.212279
    15 -0.829338 0.893824 0.079659 -0.148839 0.047645 0.087266
    16 0.500225 0.000132 0.000076 0.132945 0.000000 -0.000060
    17 11.536401 0.000526 -0.000089 0.000066 0.000026 -1.444451
    18 -0.829586 0.894698 -0.079464 0.045377 -0.019621 0.087266
    19 10.599884 0.000105 -0.000553 1.185599 0.000012 -0.000036
    20 1.162666 -0.591597 -0.000805 0.000072 0.000023 1.106152
    21 11.042057 0.003717 0.000798 0.988120 -0.213119 0.650654
    22 -1.214832 0.203470 -0.477489 -0.135025 -0.078677 -0.001289
    23 10.599880 0.000105 0.000549 -0.727426 -0.000060 -0.000012
    24 0.373577 -0.427529 0.000801 0.000012 0.000049 0.722273
    25 11.041742 0.003171 -0.000571 -0.813636 0.418167 -0.472346
    26 -1.063377 0.077663 0.150230 0.045121 0.020046 -0.012850
    27 0.610302 -0.939470 0.070343 -1.667975 -0.029928 -0.182303
    28 0.639940 -0.199121 0.060188 -1.665248 -0.019312 -0.077065
    29 0.600155 1.080261 -0.339535 -1.743221 0.141919 0.060789
    30 0.610207 0.400743 -0.010101 -1.762214 0.054239 0.020593
    31 0.634715 -0.693997 -0.232343 0.039037 0.318226 -1.010616
    32 -0.792125 0.203736 0.461300 1.439074 -0.003453 -0.018305
    33 0.610300 -0.939469 -0.070351 1.655335 0.140029 -0.175632
    34 0.639937 -0.199121 -0.060200 1.659528 0.202500 -0.040444
    35 0.600157 1.080259 0.339531 1.738023 -0.020790 0.107385
    36 0.610205 0.400743 0.010086 1.767175 0.146065 0.084305
    37 0.624002 -0.695300 0.232270 -0.818997 -0.520273 -0.969193
    38 -0.626031 -0.069983 -0.080517 -1.447153 0.086151 0.021559
    39 2.625284 -0.002532 -0.005345 -0.103500 -0.021883 0.104644
    40 2.664743 0.000397 -0.000071 -0.149464 -0.091615 0.337721
    41 2.206394 0.003368 -0.006769 -0.230912 -0.111686 0.315524
    42 0.599952 0.959240 -0.300102 -0.174544 0.000000 0.000000
    43 2.557190 -0.005873 0.006359 -0.019832 -0.036482 0.346164
    44 2.095024 -0.003873 -0.006100 -0.251966 0.274310 0.507733
    45 0.999380 -0.000236 -1.158587 -0.000001 0.000000 0.000000
    46 -0.122639 -0.721856 0.661690 -0.486644 0.223964 0.243056
    47 2.622113 -0.000648 0.002741 0.109328 0.208416 0.215181
    48 2.656250 0.000780 0.000159 0.668585 0.306980 1.162188
    49 2.197266 0.000516 -0.000121 0.505440 -0.145574 1.217274
    50 0.599951 0.959244 0.300102 0.174544 0.000000 0.000000
    51 2.556641 -0.000149 -0.000030 0.544726 0.124361 1.290931
    52 2.103851 0.005614 -0.001014 0.556839 -0.402032 0.652050
    53 0.999374 -0.000237 1.240613 0.292927 0.028379 0.134647
    54 0.310846 -0.606445 -0.498005 0.308107 -0.197598 0.313976
    55 1.873069 -0.004741 -0.004901 0.000017 0.000063 0.926685
    56 1.200941 0.399582 -0.000237 -0.009465 0.016087 0.007127
    57 0.000586 0.100342 -0.000319 -0.120035 -0.021926 -0.209617
    58 -0.161663 0.051712 0.194808 -2.941982 0.122408 -0.060194
    59 2.010092 -0.003202 -0.003377 0.000030 0.000048 1.011472
    60 0.000240 0.099802 -0.000395 -0.018823 0.010833 -0.239219
    61 -0.203197 0.048607 0.069150 -3.093332 0.033217 -0.046722
    62 1.180428 -0.006214 0.000780 -0.000062 0.000036 0.915984
    63 -0.000196 0.099625 -0.000034 0.000000 0.000000 -0.314102
    64 -0.088736 -0.688435 -0.145203 2.930407 -0.136130 0.513013
    65 1.715976 0.000578 0.003818 0.000023 -0.000021 0.899357
    66 -0.000580 0.100145 -0.000311 -0.010912 0.023129 -0.260841
    67 -0.146030 -0.232426 -0.014225 3.028455 -0.094299 0.113020
    68 1.290632 0.000362 -0.000032 0.000000 0.000000 0.283168
    69 -0.658121 -0.003575 0.072645 -0.142711 0.027792 -0.077299
    70 1.868080 -0.006956 0.006083 -0.000009 -0.000081 0.530400
    71 1.200079 0.399944 -0.000093 0.009465 -0.016087 0.007127
    72 0.000591 0.100342 0.000319 0.120035 0.021926 -0.209617
    73 0.068077 0.002285 -0.080050 3.111376 -0.069366 -0.060847
    74 2.007813 -0.000883 -0.000381 -0.000043 0.000037 1.417990
    75 0.000229 0.099802 0.000395 0.018823 -0.010833 -0.239219
    76 -0.018673 -0.001009 0.047544 3.109244 0.002635 -0.106673
    77 1.178665 0.001595 0.000845 0.000042 -0.000012 0.546573
    78 -0.000198 0.099628 0.000034 0.000000 0.000000 -0.314102
    79 0.036892 -0.634449 0.266284 -2.801062 0.174301 0.490914
    80 1.708008 0.000721 0.000199 0.000056 -0.000025 0.840846
    81 -0.000576 0.100136 0.000311 0.010912 -0.023129 -0.260841
    82 -0.003952 -0.281811 0.115047 -3.059162 0.089004 0.167964
    83 1.289627 0.007855 0.000061 0.047386 -0.002862 0.453968
    84 -0.171528 -0.018148 -0.099873 0.013484 -0.062184 -0.011780
    85 0.912716 0.007240 0.001326 0.000031 0.000045 0.885412
    86 -0.342617 0.053404 -0.025571 -2.909301 -0.017248 0.075276
    87 1.100231 -0.000930 -0.002434 0.000045 0.000002 0.806754
    88 -0.384983 0.330998 0.006848 -3.087207 -0.018765 -0.184279
    89 0.678146 0.006192 0.000002 -0.000054 0.000017 0.775532
    90 -0.123848 0.072737 0.029507 2.898184 -0.060627 0.094834
    91 1.017166 -0.000154 -0.000252 -0.000023 -0.000014 0.972882
    92 -0.344986 0.123129 0.143151 2.994981 0.012396 0.059140
    93 -0.730988 0.177046 0.039141 -0.123731 0.076518 -0.084310
    94 0.925900 0.001298 -0.000896 -0.000002 -0.000035 -0.168036
    95 -0.124027 -0.052092 0.038496 3.077813 -0.008519 0.039229
    96 1.098633 0.000006 0.000469 0.000024 0.000052 0.880282
    97 -0.330082 0.160641 0.042780 3.128073 0.034033 -0.171236
    98 0.675854 0.005438 0.003272 0.000002 0.000015 1.006524
    99 -0.019516 -0.016531 0.038578 -2.763781 0.050305 0.076828
    100 1.018555 -0.000026 -0.000397 0.000000 0.000000 1.057754
    101 -0.155312 0.130643 -0.021921 -3.022466 0.022433 -0.024903
    102 -0.252209 0.061937 -0.024914 -0.007671 -0.063171 -0.044392
    103 -0.085991 0.185203 -0.015180 -2.937063 -0.113970 -0.138991
    104 -0.286537 0.179852 0.024264 -3.109353 -0.049645 -0.029915
    105 -0.019489 0.147084 0.079203 2.893815 0.038585 -0.060594
    106 -0.046482 0.251898 0.129548 3.016165 0.077112 -0.042864
    107 0.039120 -0.040298 0.047739 3.084219 0.030470 -0.037414
    108 -0.233757 0.066630 0.001754 -3.133086 0.040141 -0.065413
    109 0.044266 0.020128 0.001684 -2.778763 -0.118872 -0.040488
    110 0.071495 0.074127 -0.048302 -3.035917 -0.059482 0.104366
    111 0.000000 0.000000 0.000000 0.000000 0.000000 -1.570796
    112 13.613697 2.625080 -2.875088 -1.698958 -0.529602 1.213048
    113 1.414063 0.000000 2.341797 0.000000 0.000000 0.000000
    114 1.194336 0.000004 2.341797 0.000000 0.000000 0.000000
    115 -12.754295 -9.883114 -19.793573 -1.838754 -0.232962 0.534768
    116 -0.575999 -0.004000 0.701999 0.000000 0.000000 0.000000
    117 -0.222000 0.000000 2.060996 0.000000 0.000000 0.000000
    118 0.414999 0.000000 0.937998 0.000000 0.000000 0.000000
    119 1.086997 -0.554999 1.709997 0.000000 0.000000 -1.570755
    120 4.654990 0.000000 0.242000 0.000000 0.000000 0.000000
    121 -1.234999 2.354995 -2.038996 -1.607262 0.223147 -0.356362
    122 4.367991 0.000000 0.177000 0.000000 0.000000 0.000000
    123 0.537998 0.000000 -3.214993 0.000000 0.000000 0.000000
    124 -0.126000 0.000000 -1.241997 0.000000 0.000000 0.000000
    125 1.572997 0.000000 2.342995 0.000000 0.000000 0.000000
    126 1.201998 0.000000 2.375995 0.000000 0.000000 0.000000
    127 -1.451998 0.000000 -3.396993 0.000000 0.000000 0.000000
    128 3.501993 0.017000 3.580993 0.000000 -0.159168 0.000000
    129 0.000000 0.000000 0.000000 0.000000 0.000000 0.000000
    130 0.745997 0.090000 -0.642999 0.000000 0.000000 0.000000
    131 -0.716000 0.604999 0.624999 0.000000 0.000000 0.000000
    132 2.751994 0.107000 0.669999 0.000000 0.000000 0.000000
    133 3.184993 0.000000 1.365997 0.000000 0.000000 0.000000
    134 0.000000 0.000000 0.000000 0.000000 0.000000 0.000000
    135 -0.106000 0.000000 64.320000 0.000000 0.000000 0.000000
    136 0.000000 0.000000 0.000000 0.000000 0.000000 0.000000
    137 0.000000 0.000000 0.000000 0.001642 -0.000431 -0.004974
    138 18.601508 9.437532 13.676026 -1.698970 -0.529556 1.213034
    139 0.106000 0.000000 -64.320000 0.000000 0.000000 0.000000
    140 0.000000 0.000000 0.000000 0.000000 0.000000 0.000000
    141 0.000000 0.000000 -4.867002 -3.141592 0.000000 -3.128591
    142 0.000000 0.000000 4.867000 -3.141592 0.000000 -3.128591
    143 4.000000 -6.500000 0.000000 0.000000 0.000000 0.000977
    144 -6.500000 0.000000 0.000000 0.000000 1.570796 0.000000
    145 1.000088 -0.000029 0.000000 0.000000 0.000000 0.000000
    146 17.162516 -0.000404 0.000000 0.000000 0.000000 0.119214
    147 9.999891 -0.000303 0.000000 0.000000 0.000000 0.000000
    148 1.000088 -0.000029 0.000000 0.000000 0.000000 0.000000
    149 17.162516 -0.000404 0.000000 0.000000 0.000000 0.119214
    150 9.499836 0.000212 0.000000 0.000000 0.000000 0.000000
    151 0.000000 0.000000 0.000000 0.000000 0.000000 0.000000
    152 17.749374 0.295515 0.000000 0.000000 0.000000 -1.158958
    153 0.017889 0.299792 0.000000 0.000000 0.000000 -0.059582
    154 12.283573 1.581456 -4.696000 1.462269 -0.086726 0.090185
    155 17.749376 0.295515 0.000000 0.000000 0.000000 -1.158958
    156 0.017889 0.299792 0.000000 0.000000 0.000000 -0.059582
    157 13.354000 0.000000 0.000000 0.000000 0.000000 -0.294101
    158 4.530998 0.000000 0.000000 0.000000 0.000000 0.000000
    159 0.000000 0.000000 0.000000 0.000000 0.000000 0.000000
    160 5.413524 0.000347 0.000000 0.000000 0.000000 -0.518055
    161 5.413524 0.000347 0.000000 0.000000 0.000000 -0.518055
    162 4.662002 -5.366333 4.825191 1.569713 1.561305 -3.121213
    163 3.116966 -0.000443 0.000000 0.000000 0.000000 0.294101
    164 4.527344 0.000000 0.000000 0.000000 0.000000 0.000000
    165 -0.537999 0.000000 2.587000 0.000000 0.000000 0.000000
    166 -37.593585 47.414044 21.292304 1.835953 1.134298 0.774237
    167 2.302999 0.000000 0.188000 0.000000 0.000000 0.000000
    168 6.748000 0.000000 0.546000 0.000000 0.000000 0.000000
    169 3.512001 -3.547000 -1.066000 0.000000 1.570796 0.000000
    170 3.456001 -3.517000 1.169000 0.000000 1.570796 0.000000
    171 6.233002 0.000000 0.000000 0.000000 0.000000 0.000000
    172 -0.171997 -0.106000 -0.902000 1.570713 1.029176 -3.134550
    173 6.241997 -6.380000 0.039064 -0.004974 -0.001642 0.000443
    174 3.999434 -0.000527 -0.000332 0.592797 0.000006 0.000022
    175 3.999897 0.000041 0.001007 -0.363749 0.000000 0.000000
    176 1.598000 0.000000 0.000000 0.000000 0.000000 0.000000
    177 -1.145525 0.000130 0.000668 0.000000 0.000000 0.000000
    178 2.299679 -2.499979 -0.599480 0.892020 0.221483 -0.527313
    179 8.260581 3.971118 19.458494 4.129520 -0.406203 1.481151
    180 -9.580683 -27.862110 -37.184666 0.812879 -0.123459 -0.568477
    181 0.649933 -0.548295 0.093651 -1.665913 -0.131399 -0.112062
    182 0.657077 0.008401 0.040371 -1.665945 -0.131407 -0.000013
    183 0.665776 0.747221 -0.029190 -1.665935 -0.131408 0.094976
    184 2.300138 -2.499413 0.600155 -0.891929 -0.221512 -0.527290
    185 11.365068 1.105308 3.752254 2.036514 -0.307328 0.198880
    186 2.762354 0.116951 1.523975 1.629482 0.064153 1.743800
    187 7.228319 7.928203 -3.925648 2.328713 0.123459 -0.568477
    188 0.650396 -0.547731 -0.092976 1.665913 0.131399 -0.112062
    189 0.657069 0.008398 -0.040379 1.665945 0.131407 -0.000013
    190 0.665777 0.747222 0.029182 1.665935 0.131408 0.094976
    191 -4.481003 -0.202000 0.000000 0.000000 0.000000 0.000000
    192 -5.516998 -0.291000 -0.001000 0.000000 0.000000 0.000000
    193 -0.857700 0.104071 0.104683 0.023536 0.163924 0.013632
    194 1.899119 0.000427 -0.000439 0.027386 -0.033311 0.477848
    195 1.799660 -0.000233 0.000231 0.027386 -0.033311 0.477848
    196 1.799660 -0.000233 0.000231 0.027386 -0.033311 0.477848
    197 1.799660 -0.000233 0.000231 0.027386 -0.033311 0.477848
    198 1.900313 -0.000137 -0.000516 0.027386 -0.033311 0.477848
    199 1.899433 -0.000317 -0.000151 -0.027386 0.033311 0.477848
    200 1.799662 -0.000233 -0.000233 -0.027386 0.033311 0.477848
    201 1.799662 -0.000233 -0.000233 -0.027386 0.033311 0.477848
    202 1.799662 -0.000233 -0.000233 -0.027386 0.033311 0.477848
    203 1.900723 0.000553 -0.000072 -0.027386 0.033311 0.477848
    204 0.599884 0.400187 -0.000031 0.000000 0.000000 0.000000
    205 0.599888 0.400187 0.000031 0.000000 0.000000 -3.141592
    206 0.599503 0.400696 0.000234 0.000000 0.000000 0.000000
    207 0.600399 0.399632 -0.000466 0.000000 0.000000 -3.141592
  time 15
    0 0.000000 0.000000 0.000000 0.000000 0.000000 -1.570796
    1 -0.106323 0.000000 -0.000198 0.000000 0.000000 0.000000
    2 0.000000 0.000000 0.000000 0.000000 0.000000 0.000000
    3 -0.904000 0.000000 -11.806000 0.000000 0.000000 0.000000
    4 0.000000 0.000000 -14.313999 0.000000 -1.570796 1.570857
    5 3.533001 0.000000 0.000000 0.000000 0.000000 0.000000
    6 6.250000 0.000000 0.000000 0.000000 0.000000 0.000000
    7 9.553325 1.734453 -1.889331 0.784141 1.388191 0.794963
    8 9.568951 1.820393 2.072942 0.840731 -1.155421 -0.862061
    9 5.786820 0.002787 -0.000113 0.901129 0.926185 0.290488
    10 5.999492 -0.000592 -4.000343 0.000000 0.000000 0.000000
    11 5.791316 0.002582 0.004799 0.452280 -0.130278 -0.963365
    12 5.999492 -0.000592 4.000336 0.000000 0.000000 0.000000
    13 0.500225 0.000133 -0.000088 -0.435427 0.000000 0.000000
    14 11.534559 0.004255 -0.001312 -0.000017 0.000009 -2.163229
    15 -0.829338 0.893824 0.079659 -0.148839 0.047645 0.087266
    16 0.500225 0.000132 0.000076 0.134420 0.000000 0.000000
    17 11.532495 0.004432 -0.000089 0.000006 -0.000022 -1.464417
    18 -0.829586 0.894698 -0.079464 0.045377 -0.019621 0.087266
    19 10.599884 0.000105 -0.000553 1.019769 -0.000024 0.000000
    20 1.123602 -0.595503 -0.000805 -0.000024 -0.000049 1.081664
    21 11.042057 0.003717 0.004704 0.876740 -0.206062 0.552362
    22 -1.214832 0.203470 -0.477489 -0.135025 -0.078677 -0.001289
    23 10.599880 0.000105 0.000549 -0.683661 0.000000 -0.000048
    24 0.393109 -0.439248 0.000801 0.000000 -0.000011 0.732277
    25 11.041742 0.003171 -0.000571 -0.770921 0.436905 -0.430534
    26 -1.063377 0.077663 0.150230 0.045121 0.020046 -0.012850
    27 0.610302 -0.939470 0.070343 -1.671461 -0.063689 -0.178888
    28 0.639940 -0.199121 0.060188 -1.665350 -0.052581 -0.073913
    29 0.600155 1.080261 -0.339535 -1.742213 0.111022 0.061148
    30 0.610207 0.400743 -0.010101 -1.761999 0.022576 0.026729
    31 0.634715 -0.690090 -0.232343 0.043689 0.223085 -0.976964
    32 -0.792125 0.203736 0.461300 1.439074 -0.003453 -0.018305
    33 0.610300 -0.939469 -0.070351 1.655335 0.140029 -0.175632
    34 0.639937 -0.199121 -0.060200 1.659528 0.202500 -0.040444
    35 0.600157 1.080259 0.339531 1.738023 -0.020790 0.107397
    36 0.610205 0.400743 0.010086 1.767175 0.146065 0.084305
    37 0.624002 -0.691393 0.232270 -0.810325 -0.532413 -0.968566
    38 -0.626031 -0.069983 -0.080517 -1.447153 0.086151 0.021559
    39 2.625284 -0.002532 -0.001438 -0.140392 -0.066394 0.113302
    40 2.664743 0.000397 -0.000071 -0.171289 -0.104572 0.340830
    41 2.206394 0.003368 -0.006769 -0.197471 -0.109652 0.309005
    42 0.599952 0.959240 -0.300102 -0.174544 0.000000 0.000000
    43 2.557190 -0.005873 0.006359 -0.008399 -0.027062 0.353064
    44 2.095024 -0.003873 -0.006100 -0.259136 0.261361 0.480360
    45 0.999380 -0.000236 -1.135149 -0.000001 0.000000 0.000000
    46 -0.122639 -0.721856 0.661690 -0.486644 0.223964 0.243056
    47 2.622113 -0.000648 0.006647 0.106014 0.209051 0.195445
    48 2.656250 0.000780 0.000159 0.668585 0.306980 1.162188
    49 2.197266 0.000516 -0.000121 0.505440 -0.145574 1.217274
    50 0.599951 0.959244 0.300102 0.174544 0.000000 0.000000
    51 2.556641 -0.000149 -0.000030 0.544726 0.124361 1.290931
    52 2.103851 0.005614 -0.001014 0.535529 -0.404405 0.661295
    53 0.999374 -0.000237 1.248426 0.292927 0.028379 0.134647
    54 0.310846 -0.606445 -0.498005 0.308107 -0.197598 0.313976
    55 1.873069 -0.000835 -0.000994 0.000005 0.000039 0.811895
    56 1.200941 0.399582 -0.000237 -0.009465 0.016087 0.007127
    57 0.000586 0.100342 -0.000319 -0.120035 -0.021926 -0.209617
    58 -0.161663 0.051712 0.194808 -2.941982 0.122408 -0.060194
    59 2.010092 -0.007109 -0.003377 0.000042 0.000060 0.933156
    60 0.000240 0.099802 -0.000395 -0.018823 0.010833 -0.239219
    61 -0.203197 0.048607 0.069150 -3.093332 0.033217 -0.046722
    62 1.180428 -0.006214 0.000780 -0.000038 0.000012 0.840415
    63 -0.000196 0.099625 -0.000034 0.000000 0.000000 -0.314102
    64 -0.088736 -0.688435 -0.145203 2.930407 -0.136130 0.513013
    65 1.715976 -0.003328 -0.000088 0.000023 -0.000021 0.854659
    66 -0.000580 0.100145 -0.000311 -0.010912 0.023129 -0.260841
    67 -0.146030 -0.232426 -0.014225 3.028455 -0.094299 0.113020
    68 1.290632 0.000362 -0.000032 0.000000 0.000000 0.163153
    69 -0.658121 -0.003575 0.072645 -0.142711 0.027792 -0.077299
    70 1.868080 -0.003049 0.006083 0.000003 -0.000021 0.571663
    71 1.200079 0.399944 -0.000093 0.009465 -0.016087 0.007127
    72 0.000591 0.100342 0.000319 0.120035 0.021926 -0.209617
    73 0.068077 0.002285 -0.080050 3.111376 -0.069366 -0.060847
    74 2.007813 -0.000883 -0.000381 -0.000043 0.000037 1.417990
    75 0.000229 0.099802 0.000395 0.018823 -0.010833 -0.239219
    76 -0.018673 -0.001009 0.047544 3.109244 0.002635 -0.106673
    77 1.178665 0.001595 0.000845 0.000042 -0.000012 0.546573
    78 -0.000198 0.099628 0.000034 0.000000 0.000000 -0.314102
    79 0.036892 -0.634449 0.266284 -2.801062 0.174301 0.490914
    80 1.708008 0.000721 0.000199 0.000056 -0.000025 0.840846
    81 -0.000576 0.100136 0.000311 0.010912 -0.023129 -0.260841
    82 -0.003952 -0.281811 0.115047 -3.059162 0.089004 0.167964
    83 1.289627 0.003949 0.000061 0.035077 -0.002143 0.456960
    84 -0.171528 -0.018148 -0.099873 0.013484 -0.062184 -0.011780
    85 0.916622 0.007240 0.001326 0.000019 0.000021 0.807928
    86 -0.342617 0.053404 -0.025571 -2.909301 -0.017248 0.075276
    87 1.100231 -0.000930 -0.002434 0.000021 0.000014 0.681929
    88 -0.384983 0.330998 0.006848 -3.087207 -0.018765 -0.184279
    89 0.678146 0.006192 0.000002 -0.000030 0.000029 0.674158
    90 -0.123848 0.072737 0.029507 2.898184 -0.060627 0.094834
    91 1.017166 -0.000154 -0.000252 -0.000023 -0.000014 0.857692
    92 -0.344986 0.123129 0.143151 2.994981 0.012396 0.059140
    93 -0.730988 0.177046 0.039141 -0.123731 0.076518 -0.084310
    94 0.921993 0.001298 -0.000896 -0.000002 -0.000035 -0.168036
    95 -0.124027 -0.052092 0.038496 3.077813 -0.008519 0.039229
    96 1.098633 0.000006 0.000469 0.000024 0.000052 0.880282
    97 -0.330082 0.160641 0.042780 3.128073 0.034033 -0.171236
    98 0.675854 0.005438 0.003272 0.000002 0.000015 1.006524
    99 -0.019516 -0.016531 0.038578 -2.763781 0.050305 0.076828
    100 1.018555 -0.000026 -0.000397 0.000000 0.000000 1.057754
    101 -0.155312 0.130643 -0.021921 -3.022466 0.022433 -0.024903
    102 -0.252209 0.061937 -0.024914 -0.007671 -0.063171 -0.044392
    103 -0.085991 0.185203 -0.015180 -2.937063 -0.113970 -0.138991
    104 -0.286537 0.179852 0.024264 -3.109353 -0.049645 -0.029915
    105 -0.019489 0.147084 0.079203 2.893815 0.038585 -0.060594
    106 -0.046482 0.251898 0.129548 3.016165 0.077112 -0.042864
    107 0.039120 -0.040298 0.047739 3.084219 0.030470 -0.037414
    108 -0.233757 0.066630 0.001754 -3.133086 0.040141 -0.065413
    109 0.044266 0.020128 0.001684 -2.778763 -0.118872 -0.040488
    110 0.071495 0.074127 -0.048302 -3.035917 -0.059482 0.104366
    111 0.000000 0.000000 0.000000 0.000000 0.000000 -1.570796
    112 13.379315 2.484451 -2.750084 -1.662243 -0.519348 1.188408
    113 1.414063 0.000000 2.341797 0.000000 0.000000 0.000000
    114 1.194336 0.000004 2.341797 0.000000 0.000000 0.000000
    115 -12.840236 -8.988556 -19.567003 -1.810135 -0.251302 0.521549
    116 -0.575999 -0.004000 0.701999 0.000000 0.000000 0.000000
    117 -0.222000 0.000000 2.060996 0.000000 0.000000 0.000000
    118 0.414999 0.000000 0.937998 0.000000 0.000000 0.000000
    119 1.086997 -0.554999 1.709997 0.000000 0.000000 -1.570755
    120 4.654990 0.000000 0.242000 0.000000 0.000000 0.000000
    121 -1.234999 2.354995 -2.038996 -1.607262 0.223147 -0.356338
    122 4.367991 0.000000 0.177000 0.000000 0.000000 0.000000
    123 0.537998 0.000000 -3.214993 0.000000 0.000000 0.000000
    124 -0.126000 0.000000 -1.241997 0.000000 0.000000 0.000000
    125 1.572997 0.000000 2.342995 0.000000 0.000000 0.000000
    126 1.201998 0.000000 2.375995 0.000000 0.000000 0.000000
    127 -1.451998 0.000000 -3.396993 0.000000 0.000000 0.000000
    128 3.501993 0.017000 3.580993 0.000000 -0.159168 0.000000
    129 0.000000 0.000000 0.000000 0.000000 0.000000 0.000000
    130 0.745997 0.090000 -0.642999 0.000000 0.000000 0.000000
    131 -0.716000 0.604999 0.624999 0.000000 0.000000 0.000000
    132 2.751994 0.107000 0.669999 0.000000 0.000000 0.000000
    133 3.184993 0.000000 1.365997 0.000000 0.000000 0.000000
    134 0.000000 0.000000 0.000000 0.000000 0.000000 0.000000
    135 -0.106000 0.000000 64.320000 0.000000 0.000000 0.000000
    136 0.000000 0.000000 0.000000 0.000000 0.000000 0.000000
    137 0.000000 0.000000 0.000000 -0.003763 0.005669 -0.000803
    138 18.570257 9.257839 13.672119 -1.662348 -0.519350 1.188394
    139 0.106000 0.000000 -64.320000 0.000000 0.000000 0.000000
    140 0.000000 0.000000 0.000000 0.000000 0.000000 0.000000
    141 0.000000 0.000000 -4.867002 -3.141592 0.000000 -3.128591
    142 0.000000 0.000000 4.867000 -3.141592 0.000000 -3.128591
    143 4.000000 -6.500000 0.000000 0.000000 0.000000 0.000977
    144 -6.500000 0.000000 0.000000 0.000000 1.570796 0.000000
    145 1.000088 -0.000029 0.000000 0.000000 0.000000 0.000000
    146 17.162516 -0.000404 0.000000 0.000000 0.000000 0.119214
    147 9.999891 -0.000303 0.000000 0.000000 0.000000 0.000000
    148 1.000088 -0.000029 0.000000 0.000000 0.000000 0.000000
    149 17.162516 -0.000404 0.000000 0.000000 0.000000 0.119214
    150 9.499836 0.000212 0.000000 0.000000 0.000000 0.000000
    151 0.000000 0.000000 0.000000 0.000000 0.000000 0.000000
    152 17.749374 0.295515 0.000000 0.000000 0.000000 -1.158958
    153 0.017889 0.299792 0.000000 0.000000 0.000000 -0.059582
    154 12.283573 1.581456 -4.696000 1.462269 -0.086726 0.090185
    155 17.749376 0.295515 0.000000 0.000000 0.000000 -1.158958
    156 0.017889 0.299792 0.000000 0.000000 0.000000 -0.059582
    157 13.354000 0.000000 0.000000 0.000000 0.000000 -0.294101
    158 4.530998 0.000000 0.000000 0.000000 0.000000 0.000000
    159 0.000000 0.000000 0.000000 0.000000 0.000000 0.000000
    160 5.413524 0.000347 0.000000 0.000000 0.000000 -0.518055
    161 5.413524 0.000347 0.000000 0.000000 0.000000 -0.518055
    162 4.662002 -5.366333 4.825191 1.569713 1.561305 -3.121213
    163 3.116966 -0.000443 0.000000 0.000000 0.000000 0.294101
    164 4.527344 0.000000 0.000000 0.000000 0.000000 0.000000
    165 -0.537999 0.000000 2.587000 0.000000 0.000000 0.000000
    166 -37.163885 48.539078 19.292243 1.762425 1.136090 0.694780
    167 2.302999 0.000000 0.188000 0.000000 0.000000 0.000000
    168 6.748000 0.000000 0.546000 0.000000 0.000000 0.000000
    169 3.512001 -3.547000 -1.066000 0.000000 1.570796 0.000000
    170 3.456001 -3.517000 1.169000 0.000000 1.570796 0.000000
    171 6.233002 0.000000 0.000000 0.000000 0.000000 0.000000
    172 -0.171997 -0.106000 -0.902000 1.570713 1.029176 -3.134550
    173 6.206839 -6.411251 -0.011719 -0.000803 0.003763 -0.005669
    174 3.999434 -0.000527 -0.000332 0.509817 -0.000030 -0.000002
    175 3.999897 0.000041 0.001007 -0.341868 0.000000 0.000000
    176 1.598000 0.000000 0.000000 0.000000 0.000000 0.000000
    177 -1.145525 0.000130 0.000668 0.000000 0.000000 0.000000
    178 2.299679 -2.499979 -0.599480 0.892020 0.221483 -0.527313
    179 7.522277 1.252285 20.771034 4.179968 -0.617224 1.557925
    180 -9.580683 -27.862110 -37.184666 0.812879 -0.123459 -0.568477
    181 0.649933 -0.548295 0.093651 -1.665913 -0.131399 -0.112062
    182 0.657077 0.008401 0.040371 -1.665945 -0.131407 -0.000013
    183 0.665776 0.747221 -0.029190 -1.665935 -0.131408 0.094976
    184 2.300138 -2.499413 0.600155 -0.891929 -0.221512 -0.527290
    185 11.365068 1.105308 3.752254 2.036514 -0.307328 0.198880
    186 2.762354 0.116951 1.523975 1.629482 0.064153 1.743800
    187 7.228319 7.928203 -3.925648 2.328713 0.123459 -0.568477
    188 0.650396 -0.547731 -0.092976 1.665913 0.131399 -0.112062
    189 0.657069 0.008398 -0.040379 1.665945 0.131407 -0.000013
    190 0.665777 0.747222 0.029182 1.665935 0.131408 0.094976
    191 -4.481003 -0.202000 0.000000 0.000000 0.000000 0.000000
    192 -5.516998 -0.291000 -0.001000 0.000000 0.000000 0.000000
    193 -0.857700 0.104071 0.104683 0.023536 0.163924 0.013632
    194 1.899119 0.000427 -0.000439 0.027386 -0.033311 0.477848
    195 1.799660 -0.000233 0.000231 0.027386 -0.033311 0.477848
    196 1.799660 -0.000233 0.000231 0.027386 -0.033311 0.477848
    197 1.799660 -0.000233 0.000231 0.027386 -0.033311 0.477848
    198 1.900313 -0.000137 -0.000516 0.027386 -0.033311 0.477848
    199 1.899433 -0.000317 -0.000151 -0.027386 0.033311 0.477848
    200 1.799662 -0.000233 -0.000233 -0.027386 0.033311 0.477848
    201 1.799662 -0.000233 -0.000233 -0.027386 0.033311 0.477848
    202 1.799662 -0.000233 -0.000233 -0.027386 0.033311 0.477848
    203 1.900723 0.000553 -0.000072 -0.027386 0.033311 0.477848
    204 0.599884 0.400187 -0.000031 0.000000 0.000000 0.000000
    205 0.599888 0.400187 0.000031 0.000000 0.000000 -3.141592
    206 0.599503 0.400696 0.000234 0.000000 0.000000 0.000000
    207 0.600399 0.399632 -0.000466 0.000000 0.000000 -3.141592
  time 16
    0 0.000000 0.000000 0.000000 0.000000 0.000000 -1.570796
    1 -0.106323 0.000000 -0.000198 0.000000 0.000000 0.000000
    2 0.000000 0.000000 0.000000 0.000000 0.000000 0.000000
    3 -0.904000 0.000000 -11.806000 0.000000 0.000000 0.000000
    4 0.000000 0.000000 -14.313999 0.000000 -1.570796 1.570857
    5 3.533001 0.000000 0.000000 0.000000 0.000000 0.000000
    6 6.250000 0.000000 0.000000 0.000000 0.000000 0.000000
    7 9.561138 1.785236 -1.869799 0.560607 1.417705 0.568453
    8 9.584576 1.878989 2.248729 0.815231 -1.151473 -0.834407
    9 5.790726 0.002787 -0.000113 1.018664 0.997697 0.402748
    10 5.999492 -0.000592 -4.000343 0.000000 0.000000 0.000000
    11 5.791316 0.006489 0.004799 0.443671 -0.124157 -0.973405
    12 5.999492 -0.000592 4.000336 0.000000 0.000000 0.000000
    13 0.500225 0.000133 -0.000088 -0.459266 0.000000 0.000048
    14 11.534559 0.004255 -0.001312 0.000055 0.000117 -2.102236
    15 -0.829338 0.893824 0.079659 -0.148839 0.047645 0.087266
    16 0.500225 0.000132 0.000076 0.145437 -0.000012 0.000000
    17 11.532495 0.004432 -0.000089 0.000066 0.000026 -1.445470
    18 -0.829586 0.894698 -0.079464 0.045377 -0.019621 0.087266
    19 10.599884 0.000105 -0.000553 0.853876 -0.000072 0.000024
    20 1.049381 -0.591597 -0.000805 -0.000024 -0.000049 1.049782
    21 11.042057 0.003717 0.004704 0.775485 -0.197981 0.414139
    22 -1.214832 0.203470 -0.477489 -0.135025 -0.078677 -0.001289
    23 10.599880 0.000105 0.000549 -0.647478 0.000000 -0.000036
    24 0.361858 -0.415810 0.000801 0.000000 -0.000011 0.722704
    25 11.041742 0.003171 -0.000571 -0.740088 0.463657 -0.389761
    26 -1.063377 0.077663 0.150230 0.045121 0.020046 -0.012850
    27 0.610302 -0.939470 0.070343 -1.675098 -0.097425 -0.175340
    28 0.639940 -0.199121 0.060188 -1.665553 -0.085838 -0.070761
    29 0.600155 1.080261 -0.339535 -1.741312 0.080126 0.061508
    30 0.610207 0.400743 -0.010101 -1.761945 -0.009075 0.032853
    31 0.634715 -0.693997 -0.232343 0.048099 0.134859 -0.943311
    32 -0.792125 0.203736 0.461300 1.439074 -0.003453 -0.018305
    33 0.610300 -0.939469 -0.070351 1.655335 0.140029 -0.175632
    34 0.639937 -0.199121 -0.060200 1.659528 0.202500 -0.040444
    35 0.600157 1.080259 0.339531 1.738023 -0.020790 0.107397
    36 0.610205 0.400743 0.010086 1.767175 0.146065 0.084305
    37 0.624002 -0.695300 0.232270 -0.801534 -0.544570 -0.968014
    38 -0.626031 -0.069983 -0.080517 -1.447153 0.086151 0.021559
    39 2.621377 -0.002532 -0.001438 -0.173059 -0.107650 0.120504
    40 2.664743 0.000397 -0.000071 -0.193131 -0.117432 0.344211
    41 2.206394 0.003368 -0.006769 -0.164136 -0.109008 0.298091
    42 0.599952 0.959240 -0.300102 -0.174544 0.000000 0.000000
    43 2.557190 -0.005873 0.006359 0.003304 -0.019692 0.357119
    44 2.095024 -0.003873 -0.002193 -0.266661 0.246845 0.450301
    45 0.999380 -0.000236 -1.150774 -0.000001 0.000000 0.000000
    46 -0.122639 -0.721856 0.661690 -0.486644 0.223964 0.243056
    47 2.622113 -0.004555 0.002741 0.102701 0.209602 0.175709
    48 2.656250 0.000780 0.000159 0.668585 0.306980 1.162188
    49 2.197266 0.000516 -0.000121 0.505440 -0.145574 1.217274
    50 0.599951 0.959244 0.300102 0.174544 0.000000 0.000000
    51 2.556641 -0.000149 -0.000030 0.544726 0.124361 1.290931
    52 2.103851 0.005614 -0.001014 0.519222 -0.406274 0.668303
    53 0.999374 -0.000237 1.252332 0.292927 0.028379 0.134647
    54 0.310846 -0.606445 -0.498005 0.308107 -0.197598 0.313976
    55 1.869163 -0.004741 -0.004901 -0.000007 0.000004 0.697003
    56 1.200941 0.399582 -0.000237 -0.009465 0.016087 0.007127
    57 0.000586 0.100342 -0.000319 -0.120035 -0.021926 -0.209617
    58 -0.161663 0.051712 0.194808 -2.941982 0.122408 -0.060194
    59 2.010092 -0.003202 -0.007284 0.000006 0.000048 0.853689
    60 0.000240 0.099802 -0.000395 -0.018823 0.010833 -0.239219
    61 -0.203197 0.048607 0.069150 -3.093332 0.033217 -0.046722
    62 1.180428 -0.006214 0.000780 -0.000014 0.000000 0.764781
    63 -0.000196 0.099625 -0.000034 0.000000 0.000000 -0.314102
    64 -0.088736 -0.688435 -0.145203 2.930407 -0.136130 0.513013
    65 1.712069 -0.003328 0.003818 0.000023 -0.000021 0.809891
    66 -0.000580 0.100145 -0.000311 -0.010912 0.023129 -0.260841
    67 -0.146030 -0.232426 -0.014225 3.028455 -0.094299 0.113020
    68 1.290632 0.000362 -0.000032 0.000000 0.000000 0.043194
    69 -0.658121 -0.003575 0.072645 -0.142711 0.027792 -0.077299
    70 1.868080 -0.003049 0.006083 0.000003 -0.000021 0.618903
    71 1.200079 0.399944 -0.000093 0.009465 -0.016087 0.007127
    72 0.000591 0.100342 0.000319 0.120035 0.021926 -0.209617
    73 0.068077 0.002285 -0.080050 3.111376 -0.069366 -0.060847
    74 2.007813 -0.000883 -0.000381 -0.000043 0.000037 1.417990
    75 0.000229 0.099802 0.000395 0.018823 -0.010833 -0.239219
    76 -0.018673 -0.001009 0.047544 3.109244 0.002635 -0.106673
    77 1.178665 0.001595 0.000845 0.000042 -0.000012 0.546573
    78 -0.000198 0.099628 0.000034 0.000000 0.000000 -0.314102
    79 0.036892 -0.634449 0.266284 -2.801062 0.174301 0.490914
    80 1.708008 0.000721 0.000199 0.000056 -0.000025 0.840846
    81 -0.000576 0.100136 0.000311 0.010912 -0.023129 -0.260841
    82 -0.003952 -0.281811 0.115047 -3.059162 0.089004 0.167964
    83 1.289627 0.003949 0.000061 0.022793 -0.001388 0.459894
    84 -0.171528 -0.018148 -0.099873 0.013484 -0.062184 -0.011780
    85 0.912716 0.007240 0.001326 0.000019 0.000021 0.728639
    86 -0.342617 0.053404 -0.025571 -2.909301 -0.017248 0.075276
    87 1.100231 -0.000930 -0.002434 0.000009 0.000014 0.557063
    88 -0.384983 0.330998 0.006848 -3.087207 -0.018765 -0.184279
    89 0.678146 0.006192 0.000002 -0.000006 0.000041 0.572819
    90 -0.123848 0.072737 0.029507 2.898184 -0.060627 0.094834
    91 1.017166 -0.000154 -0.000252 -0.000023 -0.000014 0.742501
    92 -0.344986 0.123129 0.143151 2.994981 0.012396 0.059140
    93 -0.730988 0.177046 0.039141 -0.123731 0.076518 -0.084310
    94 0.921993 0.001298 -0.000896 -0.000002 -0.000023 -0.168036
    95 -0.124027 -0.052092 0.038496 3.077813 -0.008519 0.039229
    96 1.098633 0.000006 0.000469 0.000024 0.000052 0.880282
    97 -0.330082 0.160641 0.042780 3.128073 0.034033 -0.171236
    98 0.675854 0.005438 0.003272 0.000002 0.000015 1.006524
    99 -0.019516 -0.016531 0.038578 -2.763781 0.050305 0.076828
    100 1.018555 -0.000026 -0.000397 0.000000 0.000000 1.057754
    101 -0.155312 0.130643 -0.021921 -3.022466 0.022433 -0.024903
    102 -0.252209 0.061937 -0.024914 -0.007671 -0.063171 -0.044392
    103 -0.085991 0.185203 -0.015180 -2.937063 -0.113970 -0.138991
    104 -0.286537 0.179852 0.024264 -3.109353 -0.049645 -0.029915
    105 -0.019489 0.147084 0.079203 2.893815 0.038585 -0.060594
    106 -0.046482 0.251898 0.129548 3.016165 0.077112 -0.042864
    107 0.039120 -0.040298 0.047739 3.084219 0.030470 -0.037414
    108 -0.233757 0.066630 0.001754 -3.133086 0.040141 -0.065413
    109 0.044266 0.020128 0.001684 -2.778763 -0.118872 -0.040488
    110 0.071495 0.074127 -0.048302 -3.035917 -0.059482 0.104366
    111 0.000000 0.000000 0.000000 0.000000 0.000000 -1.570796
    112 13.562914 2.402417 -2.687582 -1.626002 -0.514714 1.138475
    113 1.414063 0.000000 2.341797 0.000000 0.000000 0.000000
    114 1.194336 0.000004 2.341797 0.000000 0.000000 0.000000
    115 -12.629292 -8.168218 -19.473251 -1.786453 -0.273404 0.483394
    116 -0.575999 -0.004000 0.701999 0.000000 0.000000 0.000000
    117 -0.222000 0.000000 2.060996 0.000000 0.000000 0.000000
    118 0.414999 0.000000 0.937998 0.000000 0.000000 0.000000
    119 1.086997 -0.554999 1.709997 0.000000 0.000000 -1.570755
    120 4.654990 0.000000 0.242000 0.000000 0.000000 0.000000
    121 -1.234999 2.354995 -2.038996 -1.607262 0.223147 -0.356350
    122 4.367991 0.000000 0.177000 0.000000 0.000000 0.000000
    123 0.537998 0.000000 -3.214993 0.000000 0.000000 0.000000
    124 -0.126000 0.000000 -1.241997 0.000000 0.000000 0.000000
    125 1.572997 0.000000 2.342995 0.000000 0.000000 0.000000
    126 1.201998 0.000000 2.375995 0.000000 0.000000 0.000000
    127 -1.451998 0.000000 -3.396993 0.000000 0.000000 0.000000
    128 3.501993 0.017000 3.580993 0.000000 -0.159168 0.000000
    129 0.000000 0.000000 0.000000 0.000000 0.000000 0.000000
    130 0.745997 0.090000 -0.642999 0.000000 0.000000 0.000000
    131 -0.716000 0.604999 0.624999 0.000000 0.000000 0.000000
    132 2.751994 0.107000 0.669999 0.000000 0.000000 0.000000
    133 3.184993 0.000000 1.365997 0.000000 0.000000 0.000000
    134 0.000000 0.000000 0.000000 0.000000 0.000000 0.000000
    135 -0.106000 0.000000 64.320000 0.000000 0.000000 0.000000
    136 0.000000 0.000000 0.000000 0.000000 0.000000 0.000000
    137 0.000000 0.000000 0.000000 -0.000084 0.001510 -0.002241
    138 19.101523 9.000019 13.664307 -1.626105 -0.514762 1.138553
    139 0.106000 0.000000 -64.320000 0.000000 0.000000 0.000000
    140 0.000000 0.000000 0.000000 0.000000 0.000000 0.000000
    141 0.000000 0.000000 -4.867002 -3.141592 0.000000 -3.128591
    142 0.000000 0.000000 4.867000 -3.141592 0.000000 -3.128591
    143 4.000000 -6.500000 0.000000 0.000000 0.000000 0.000977
    144 -6.500000 0.000000 0.000000 0.000000 1.570796 0.000000
    145 1.000088 -0.000029 0.000000 0.000000 0.000000 0.000000
    146 17.162516 -0.000404 0.000000 0.000000 0.000000 0.119214
    147 9.999891 -0.000303 0.000000 0.000000 0.000000 0.000000
    148 1.000088 -0.000029 0.000000 0.000000 0.000000 0.000000
    149 17.162516 -0.000404 0.000000 0.000000 0.000000 0.119214
    150 9.499836 0.000212 0.000000 0.000000 0.000000 0.000000
    151 0.000000 0.000000 0.000000 0.000000 0.000000 0.000000
    152 17.749374 0.295515 0.000000 0.000000 0.000000 -1.158958
    153 0.017889 0.299792 0.000000 0.000000 0.000000 -0.059582
    154 12.283573 1.581456 -4.696000 1.462269 -0.086726 0.090185
    155 17.749376 0.295515 0.000000 0.000000 0.000000 -1.158958
    156 0.017889 0.299792 0.000000 0.000000 0.000000 -0.059582
    157 13.354000 0.000000 0.000000 0.000000 0.000000 -0.294101
    158 4.530998 0.000000 0.000000 0.000000 0.000000 0.000000
    159 0.000000 0.000000 0.000000 0.000000 0.000000 0.000000
    160 5.413524 0.000347 0.000000 0.000000 0.000000 -0.518055
    161 5.413524 0.000347 0.000000 0.000000 0.000000 -0.518055
    162 4.662002 -5.366333 4.825191 1.569713 1.561305 -3.121213
    163 3.116966 -0.000443 0.000000 0.000000 0.000000 0.294101
    164 4.527344 0.000000 0.000000 0.000000 0.000000 0.000000
    165 -0.537999 0.000000 2.587000 0.000000 0.000000 0.000000
    166 -37.472488 49.035187 17.335152 1.681113 1.109346 0.613534
    167 2.302999 0.000000 0.188000 0.000000 0.000000 0.000000
    168 6.748000 0.000000 0.546000 0.000000 0.000000 0.000000
    169 3.512001 -3.547000 -1.066000 0.000000 1.570796 0.000000
    170 3.456001 -3.517000 1.169000 0.000000 1.570796 0.000000
    171 6.233002 0.000000 0.000000 0.000000 0.000000 0.000000
    172 -0.171997 -0.106000 -0.902000 1.570713 1.029176 -3.134550
    173 6.234184 -6.387813 0.011719 -0.002241 0.000084 -0.001510
    174 3.999434 -0.000527 -0.000332 0.426928 -0.000054 -0.000002
    175 3.999897 0.000041 0.001007 -0.323721 0.000000 -0.000036
    176 1.598000 0.000000 0.000000 0.000000 0.000000 0.000000
    177 -1.145525 0.000130 0.000668 0.000000 0.000000 0.000000
    178 2.299679 -2.499979 -0.599480 0.892020 0.221483 -0.527313
    179 8.080888 -1.630615 21.536682 4.260970 -0.828790 1.595780
    180 -9.580683 -27.862110 -37.184666 0.812879 -0.123459 -0.568477
    181 0.649933 -0.548295 0.093651 -1.665913 -0.131399 -0.112062
    182 0.657077 0.008401 0.040371 -1.665945 -0.131407 -0.000013
    183 0.665776 0.747221 -0.029190 -1.665935 -0.131408 0.094976
    184 2.300138 -2.499413 0.600155 -0.891929 -0.221512 -0.527290
    185 11.365068 1.105308 3.752254 2.036514 -0.307328 0.198880
    186 2.762354 0.116951 1.523975 1.629482 0.064153 1.743800
    187 7.228319 7.928203 -3.925648 2.328713 0.123459 -0.568477
    188 0.650396 -0.547731 -0.092976 1.665913 0.131399 -0.112062
    189 0.657069 0.008398 -0.040379 1.665945 0.131407 -0.000013
    190 0.665777 0.747222 0.029182 1.665935 0.131408 0.094976
    191 -4.481003 -0.202000 0.000000 0.000000 0.000000 0.000000
    192 -5.516998 -0.291000 -0.001000 0.000000 0.000000 0.000000
    193 -0.857700 0.104071 0.104683 0.023536 0.163924 0.013632
    194 1.899119 0.000427 -0.000439 0.027386 -0.033311 0.477848
    195 1.799660 -0.000233 0.000231 0.027386 -0.033311 0.477848
    196 1.799660 -0.000233 0.000231 0.027386 -0.033311 0.477848
    197 1.799660 -0.000233 0.000231 0.027386 -0.033311 0.477848
    198 1.900313 -0.000137 -0.000516 0.027386 -0.033311 0.477848
    199 1.899433 -0.000317 -0.000151 -0.027386 0.033311 0.477848
    200 1.799662 -0.000233 -0.000233 -0.027386 0.033311 0.477848
    201 1.799662 -0.000233 -0.000233 -0.027386 0.033311 0.477848
    202 1.799662 -0.000233 -0.000233 -0.027386 0.033311 0.477848
    203 1.900723 0.000553 -0.000072 -0.027386 0.033311 0.477848
    204 0.599884 0.400187 -0.000031 0.000000 0.000000 0.000000
    205 0.599888 0.400187 0.000031 0.000000 0.000000 -3.141592
    206 0.599503 0.400696 0.000234 0.000000 0.000000 0.000000
    207 0.600399 0.399632 -0.000466 0.000000 0.000000 -3.141592
  time 17
    0 0.000000 0.000000 0.000000 0.000000 0.000000 -1.570796
    1 -0.106323 0.000000 -0.000198 0.000000 0.000000 0.000000
    2 0.000000 0.000000 0.000000 0.000000 0.000000 0.000000
    3 -0.904000 0.000000 -11.806000 0.000000 0.000000 0.000000
    4 0.000000 0.000000 -14.313999 0.000000 -1.570796 1.570857
    5 3.533001 0.000000 0.000000 0.000000 0.000000 0.000000
    6 6.250000 0.000000 0.000000 0.000000 0.000000 0.000000
    7 9.565044 1.832112 -1.850267 0.298794 1.434374 0.303891
    8 9.600202 1.945397 2.436235 0.790248 -1.147137 -0.807207
    9 5.786820 0.002787 -0.000113 1.114952 1.057357 0.503153
    10 5.999492 -0.000592 -4.000343 0.000000 0.000000 0.000000
    11 5.791316 0.002582 0.004799 0.440153 -0.108525 -0.987155
    12 5.999492 -0.000592 4.000336 0.000000 0.000000 0.000000
    13 0.500225 0.000133 -0.000088 -0.471327 0.000000 0.000048
    14 11.534559 0.004255 -0.001312 0.000019 0.000057 -2.037121
    15 -0.829338 0.893824 0.079659 -0.148839 0.047645 0.087266
    16 0.500225 0.000132 0.000076 0.156455 -0.000048 0.000000
    17 11.536401 0.000526 -0.000089 -0.000030 0.000026 -1.408936
    18 -0.829586 0.894698 -0.079464 0.045377 -0.019621 0.087266
    19 10.599884 0.000105 -0.000553 0.711295 0.000000 0.000000
    20 0.979066 -0.587690 -0.000805 -0.000024 -0.000049 1.017876
    21 11.042057 0.003717 0.000798 0.683190 -0.191722 0.257611
    22 -1.214832 0.203470 -0.477489 -0.135025 -0.078677 -0.001289
    23 10.599880 0.000105 0.000549 -0.691553 0.000000 -0.000036
    24 0.334514 -0.404091 0.000801 0.000000 -0.000011 0.704480
    25 11.041742 0.003171 -0.000571 -0.790022 0.457433 -0.371953
    26 -1.063377 0.077663 0.150230 0.045121 0.020046 -0.012850
    27 0.610302 -0.939470 0.070343 -1.678887 -0.131138 -0.171649
    28 0.639940 -0.199121 0.060188 -1.665858 -0.119107 -0.067585
    29 0.600155 1.080261 -0.339535 -1.740251 0.049242 0.061832
    30 0.610207 0.400743 -0.010101 -1.762161 -0.040762 0.038965
    31 0.634715 -0.693997 -0.236250 0.051943 0.058156 -0.909740
    32 -0.792125 0.203736 0.461300 1.439074 -0.003453 -0.018305
    33 0.610300 -0.939469 -0.070351 1.655335 0.140029 -0.175632
    34 0.639937 -0.199121 -0.060200 1.659528 0.202500 -0.040444
    35 0.600157 1.080259 0.339531 1.738023 -0.020790 0.107385
    36 0.610205 0.400743 0.010086 1.767175 0.146065 0.084305
    37 0.624002 -0.691393 0.232270 -0.790260 -0.552764 -0.967682
    38 -0.626031 -0.069983 -0.080517 -1.447153 0.086151 0.021559
    39 2.621377 -0.002532 -0.001438 -0.200467 -0.143492 0.126047
    40 2.664743 0.000397 -0.000071 -0.210695 -0.130401 0.345805
    41 2.206394 0.003368 -0.006769 -0.130818 -0.108008 0.287177
    42 0.599952 0.959240 -0.300102 -0.174544 0.000000 0.000000
    43 2.557190 -0.005873 0.006359 0.015026 -0.012333 0.361342
    44 2.095024 -0.003873 -0.006100 -0.273743 0.232071 0.420466
    45 0.999380 -0.000236 -1.166400 -0.000001 0.000000 0.000000
    46 -0.122639 -0.721856 0.661690 -0.486644 0.223964 0.243056
    47 2.622113 -0.000648 0.002741 0.098678 0.211340 0.155973
    48 2.656250 0.000780 0.000159 0.668585 0.306980 1.162188
    49 2.197266 0.000516 -0.000121 0.505440 -0.145574 1.217274
    50 0.599951 0.959244 0.300102 0.174544 0.000000 0.000000
    51 2.556641 -0.000149 -0.000030 0.544726 0.124361 1.290931
    52 2.103851 0.005614 -0.001014 0.502941 -0.408060 0.675373
    53 0.999374 -0.000237 1.256238 0.292927 0.028379 0.134647
    54 0.310846 -0.606445 -0.498005 0.308107 -0.197598 0.313976
    55 1.873069 -0.004741 -0.000994 -0.000007 0.000004 0.585663
    56 1.200941 0.399582 -0.000237 -0.009465 0.016087 0.007127
    57 0.000586 0.100342 -0.000319 -0.120035 -0.021926 -0.209617
    58 -0.161663 0.051712 0.194808 -2.941982 0.122408 -0.060194
    59 2.010092 -0.007109 -0.003377 -0.000042 0.000037 0.774221
    60 0.000240 0.099802 -0.000395 -0.018823 0.010833 -0.239219
    61 -0.203197 0.048607 0.069150 -3.093332 0.033217 -0.046722
    62 1.180428 -0.006214 0.000780 -0.000014 0.000012 0.697608
    63 -0.000196 0.099625 -0.000034 0.000000 0.000000 -0.314102
    64 -0.088736 -0.688435 -0.145203 2.930407 -0.136130 0.513013
    65 1.712069 -0.003328 0.003818 0.000023 -0.000021 0.765192
    66 -0.000580 0.100145 -0.000311 -0.010912 0.023129 -0.260841
    67 -0.146030 -0.232426 -0.014225 3.028455 -0.094299 0.113020
    68 1.290632 0.000362 -0.000032 0.000000 0.000000 -0.068391
    69 -0.658121 -0.003575 0.072645 -0.142711 0.027792 -0.077299
    70 1.868080 -0.006956 0.002176 0.000003 -0.000021 0.666108
    71 1.200079 0.399944 -0.000093 0.009465 -0.016087 0.007127
    72 0.000591 0.100342 0.000319 0.120035 0.021926 -0.209617
    73 0.068077 0.002285 -0.080050 3.111376 -0.069366 -0.060847
    74 2.007813 -0.000883 -0.000381 -0.000043 0.000037 1.417990
    75 0.000229 0.099802 0.000395 0.018823 -0.010833 -0.239219
    76 -0.018673 -0.001009 0.047544 3.109244 0.002635 -0.106673
    77 1.178665 0.001595 0.000845 0.000042 -0.000012 0.546573
    78 -0.000198 0.099628 0.000034 0.000000 0.000000 -0.314102
    79 0.036892 -0.634449 0.266284 -2.801062 0.174301 0.490914
    80 1.708008 0.000721 0.000199 0.000056 -0.000025 0.840846
    81 -0.000576 0.100136 0.000311 0.010912 -0.023129 -0.260841
    82 -0.003952 -0.281811 0.115047 -3.059162 0.089004 0.167964
    83 1.289627 0.003949 0.000061 0.014464 -0.000848 0.461869
    84 -0.171528 -0.018148 -0.099873 0.013484 -0.062184 -0.011780
    85 0.912716 0.007240 0.001326 0.000019 0.000021 0.649407
    86 -0.342617 0.053404 -0.025571 -2.909301 -0.017248 0.075276
    87 1.100231 -0.000930 -0.002434 0.000009 0.000014 0.440024
    88 -0.384983 0.330998 0.006848 -3.087207 -0.018765 -0.184279
    89 0.678146 0.006192 -0.003905 0.000042 -0.000031 0.478938
    90 -0.123848 0.072737 0.029507 2.898184 -0.060627 0.094834
    91 1.017166 -0.000154 -0.000252 -0.000023 -0.000014 0.631339
    92 -0.344986 0.123129 0.143151 2.994981 0.012396 0.059140
    93 -0.730988 0.177046 0.039141 -0.123731 0.076518 -0.084310
    94 0.925900 0.001298 -0.000896 -0.000002 -0.000023 -0.168036
    95 -0.124027 -0.052092 0.038496 3.077813 -0.008519 0.039229
    96 1.098633 0.000006 0.000469 0.000024 0.000052 0.880282
    97 -0.330082 0.160641 0.042780 3.128073 0.034033 -0.171236
    98 0.675854 0.005438 0.003272 -0.000010 0.000015 1.006524
    99 -0.019516 -0.016531 0.038578 -2.763781 0.050305 0.076828
    100 1.018555 -0.000026 -0.000397 0.000000 0.000000 1.057754
    101 -0.155312 0.130643 -0.021921 -3.022466 0.022433 -0.024903
    102 -0.252209 0.061937 -0.024914 -0.007671 -0.063171 -0.044392
    103 -0.085991 0.185203 -0.015180 -2.937063 -0.113970 -0.138991
    104 -0.286537 0.179852 0.024264 -3.109353 -0.049645 -0.029915
    105 -0.019489 0.147084 0.079203 2.893815 0.038585 -0.060594
    106 -0.046482 0.251898 0.129548 3.016165 0.077112 -0.042864
    107 0.039120 -0.040298 0.047739 3.084219 0.030470 -0.037414
    108 -0.233757 0.066630 0.001754 -3.133086 0.040141 -0.065413
    109 0.044266 0.020128 0.001684 -2.778763 -0.118872 -0.040488
    110 0.071495 0.074127 -0.048302 -3.035917 -0.059482 0.104366
    111 0.000000 0.000000 0.000000 0.000000 0.000000 -1.570796
    112 13.945738 2.371166 -2.640706 -1.684253 -0.512747 1.097502
    113 1.414063 0.000000 2.341797 0.000000 0.000000 0.000000
    114 1.194336 0.000004 2.341797 0.000000 0.000000 0.000000
    115 -12.672262 -8.258065 -19.316996 -1.817164 -0.232257 0.421427
    116 -0.575999 -0.004000 0.701999 0.000000 0.000000 0.000000
    117 -0.222000 0.000000 2.060996 0.000000 0.000000 0.000000
    118 0.414999 0.000000 0.937998 0.000000 0.000000 0.000000
    119 1.086997 -0.554999 1.709997 0.000000 0.000000 -1.570755
    120 4.654990 0.000000 0.242000 0.000000 0.000000 0.000000
    121 -1.234999 2.354995 -2.038996 -1.607262 0.223147 -0.356338
    122 4.367991 0.000000 0.177000 0.000000 0.000000 0.000000
    123 0.537998 0.000000 -3.214993 0.000000 0.000000 0.000000
    124 -0.126000 0.000000 -1.241997 0.000000 0.000000 0.000000
    125 1.572997 0.000000 2.342995 0.000000 0.000000 0.000000
    126 1.201998 0.000000 2.375995 0.000000 0.000000 0.000000
    127 -1.451998 0.000000 -3.396993 0.000000 0.000000 0.000000
    128 3.501993 0.017000 3.580993 0.000000 -0.159168 0.000000
    129 0.000000 0.000000 0.000000 0.000000 0.000000 0.000000
    130 0.745997 0.090000 -0.642999 0.000000 0.000000 0.000000
    131 -0.716000 0.604999 0.624999 0.000000 0.000000 0.000000
    132 2.751994 0.107000 0.669999 0.000000 0.000000 0.000000
    133 3.184993 0.000000 1.365997 0.000000 0.000000 0.000000
    134 0.000000 0.000000 0.000000 0.000000 0.000000 0.000000
    135 -0.106000 0.000000 64.320000 0.000000 0.000000 0.000000
    136 0.000000 0.000000 0.000000 0.000000 0.000000 0.000000
    137 0.000000 0.000000 0.000000 0.003583 -0.002613 -0.003715
    138 19.738261 8.757824 13.761966 -1.684359 -0.512749 1.097486
    139 0.106000 0.000000 -64.320000 0.000000 0.000000 0.000000
    140 0.000000 0.000000 0.000000 0.000000 0.000000 0.000000
    141 0.000000 0.000000 -4.867002 -3.141592 0.000000 -3.128591
    142 0.000000 0.000000 4.867000 -3.141592 0.000000 -3.128591
    143 4.000000 -6.500000 0.000000 0.000000 0.000000 0.000977
    144 -6.500000 0.000000 0.000000 0.000000 1.570796 0.000000
    145 1.000088 -0.000029 0.000000 0.000000 0.000000 0.000000
    146 17.162516 -0.000404 0.000000 0.000000 0.000000 0.119214
    147 9.999891 -0.000303 0.000000 0.000000 0.000000 0.000000
    148 1.000088 -0.000029 0.000000 0.000000 0.000000 0.000000
    149 17.162516 -0.000404 0.000000 0.000000 0.000000 0.119214
    150 9.499836 0.000212 0.000000 0.000000 0.000000 0.000000
    151 0.000000 0.000000 0.000000 0.000000 0.000000 0.000000
    152 17.749374 0.295515 0.000000 0.000000 0.000000 -1.158958
    153 0.017889 0.299792 0.000000 0.000000 0.000000 -0.059582
    154 12.283573 1.581456 -4.696000 1.462269 -0.086726 0.090185
    155 17.749376 0.295515 0.000000 0.000000 0.000000 -1.158958
    156 0.017889 0.299792 0.000000 0.000000 0.000000 -0.059582
    157 13.354000 0.000000 0.000000 0.000000 0.000000 -0.294101
    158 4.530998 0.000000 0.000000 0.000000 0.000000 0.000000
    159 0.000000 0.000000 0.000000 0.000000 0.000000 0.000000
    160 5.413524 0.000347 0.000000 0.000000 0.000000 -0.518055
    161 5.413524 0.000347 0.000000 0.000000 0.000000 -0.518055
    162 4.662002 -5.366333 4.825191 1.569713 1.561305 -3.121213
    163 3.116966 -0.000443 0.000000 0.000000 0.000000 0.294101
    164 4.527344 0.000000 0.000000 0.000000 0.000000 0.000000
    165 -0.537999 0.000000 2.587000 0.000000 0.000000 0.000000
    166 -37.964690 47.929685 20.132113 1.765051 1.033323 0.683106
    167 2.302999 0.000000 0.188000 0.000000 0.000000 0.000000
    168 6.748000 0.000000 0.546000 0.000000 0.000000 0.000000
    169 3.512001 -3.547000 -1.066000 0.000000 1.570796 0.000000
    170 3.456001 -3.517000 1.169000 0.000000 1.570796 0.000000
    171 6.233002 0.000000 0.000000 0.000000 0.000000 0.000000
    172 -0.171997 -0.106000 -0.902000 1.570713 1.029176 -3.134550
    173 6.253716 -6.368281 0.042970 -0.003715 -0.003583 0.002625
    174 3.999434 -0.000527 -0.000332 0.355559 0.000006 0.000010
    175 3.999897 0.000041 0.001007 -0.347314 0.000000 -0.000012
    176 1.598000 0.000000 0.000000 0.000000 0.000000 0.000000
    177 -1.145525 0.000130 0.000668 0.000000 0.000000 0.000000
    178 2.299679 -2.499979 -0.599480 0.892020 0.221483 -0.527313
    179 9.467649 -4.384605 21.692937 4.293237 -1.018893 1.599415
    180 -9.580683 -27.862110 -37.184666 0.812879 -0.123459 -0.568477
    181 0.649933 -0.548295 0.093651 -1.665913 -0.131399 -0.112062
    182 0.657077 0.008401 0.040371 -1.665945 -0.131407 -0.000013
    183 0.665776 0.747221 -0.029190 -1.665935 -0.131408 0.094976
    184 2.300138 -2.499413 0.600155 -0.891929 -0.221512 -0.527290
    185 11.365068 1.105308 3.752254 2.036514 -0.307328 0.198880
    186 2.762354 0.116951 1.523975 1.629482 0.064153 1.743800
    187 7.228319 7.928203 -3.925648 2.328713 0.123459 -0.568477
    188 0.650396 -0.547731 -0.092976 1.665913 0.131399 -0.112062
    189 0.657069 0.008398 -0.040379 1.665945 0.131407 -0.000013
    190 0.665777 0.747222 0.029182 1.665935 0.131408 0.094976
    191 -4.481003 -0.202000 0.000000 0.000000 0.000000 0.000000
    192 -5.516998 -0.291000 -0.001000 0.000000 0.000000 0.000000
    193 -0.857700 0.104071 0.104683 0.023536 0.163924 0.013632
    194 1.899119 0.000427 -0.000439 0.027386 -0.033311 0.477848
    195 1.799660 -0.000233 0.000231 0.027386 -0.033311 0.477848
    196 1.799660 -0.000233 0.000231 0.027386 -0.033311 0.477848
    197 1.799660 -0.000233 0.000231 0.027386 -0.033311 0.477848
    198 1.900313 -0.000137 -0.000516 0.027386 -0.033311 0.477848
    199 1.899433 -0.000317 -0.000151 -0.027386 0.033311 0.477848
    200 1.799662 -0.000233 -0.000233 -0.027386 0.033311 0.477848
    201 1.799662 -0.000233 -0.000233 -0.027386 0.033311 0.477848
    202 1.799662 -0.000233 -0.000233 -0.027386 0.033311 0.477848
    203 1.900723 0.000553 -0.000072 -0.027386 0.033311 0.477848
    204 0.599884 0.400187 -0.000031 0.000000 0.000000 0.000000
    205 0.599888 0.400187 0.000031 0.000000 0.000000 -3.141592
    206 0.599503 0.400696 0.000234 0.000000 0.000000 0.000000
    207 0.600399 0.399632 -0.000466 0.000000 0.000000 -3.141592
  time 18
    0 0.000000 0.000000 0.000000 0.000000 0.000000 -1.570796
    1 -0.106323 0.000000 -0.000198 0.000000 0.000000 0.000000
    2 0.000000 0.000000 0.000000 0.000000 0.000000 0.000000
    3 -0.904000 0.000000 -11.806000 0.000000 0.000000 0.000000
    4 0.000000 0.000000 -14.313999 0.000000 -1.570796 1.570857
    5 3.533001 0.000000 0.000000 0.000000 0.000000 0.000000
    6 6.250000 0.000000 0.000000 0.000000 0.000000 0.000000
    7 9.568951 1.882895 -1.830735 0.057022 1.439521 0.059978
    8 9.627546 1.964929 2.694055 0.766701 -1.146692 -0.781881
    9 5.790726 0.002787 -0.000113 1.179854 1.105604 0.577509
    10 5.999492 -0.000592 -4.000343 0.000000 0.000000 0.000000
    11 5.791316 0.002582 0.004799 0.441726 -0.095373 -1.024423
    12 5.999492 -0.000592 4.000336 0.000000 0.000000 0.000000
    13 0.500225 0.000133 -0.000088 -0.472394 0.000000 0.000000
    14 11.534559 0.004255 -0.001312 -0.000017 0.000009 -1.972005
    15 -0.829338 0.893824 0.079659 -0.148839 0.047645 0.087266
    16 0.500225 0.000132 0.000076 0.172390 -0.000048 0.000000
    17 11.532495 0.004432 -0.000089 0.000054 0.000014 -1.331451
    18 -0.829586 0.894698 -0.079464 0.045377 -0.019621 0.087266
    19 10.599884 0.000105 -0.000553 0.595118 -0.000012 0.000048
    20 0.900939 -0.587690 -0.000805 -0.000024 -0.000049 0.985994
    21 11.042057 0.003717 0.004704 0.594577 -0.190280 0.105995
    22 -1.214832 0.203470 -0.477489 -0.135025 -0.078677 -0.001289
    23 10.599880 0.000105 0.000549 -0.741793 0.000000 -0.000036
    24 0.303263 -0.384559 0.000801 -0.000060 0.000013 0.665787
    25 11.041742 0.003171 -0.000571 -0.851037 0.456013 -0.412132
    26 -1.063377 0.077663 0.150230 0.045121 0.020046 -0.012850
    27 0.610302 -0.939470 0.070343 -1.682776 -0.164839 -0.167802
    28 0.639940 -0.199121 0.060188 -1.666214 -0.152353 -0.064422
    29 0.600155 1.080261 -0.339535 -1.739084 0.021689 0.063809
    30 0.610207 0.400743 -0.010101 -1.762376 -0.072402 0.045077
    31 0.634715 -0.693997 -0.232343 0.054866 -0.002256 -0.876698
    32 -0.792125 0.203736 0.461300 1.439074 -0.003453 -0.018305
    33 0.610300 -0.939469 -0.070351 1.655335 0.140029 -0.175632
    34 0.639937 -0.199121 -0.060200 1.659528 0.202500 -0.040444
    35 0.600157 1.080259 0.339531 1.738023 -0.020790 0.107397
    36 0.610205 0.400743 0.010086 1.767175 0.146065 0.084305
    37 0.624002 -0.695300 0.232270 -0.778946 -0.560975 -0.967424
    38 -0.626031 -0.069983 -0.080517 -1.447153 0.086151 0.021559
    39 2.621377 -0.002532 -0.001438 -0.221429 -0.171697 0.130214
    40 2.664743 0.000397 -0.000071 -0.224400 -0.142911 0.346698
    41 2.206394 0.003368 -0.006769 -0.100310 -0.107635 0.272426
    42 0.599952 0.959240 -0.300102 -0.174544 0.000000 0.000000
    43 2.557190 -0.001967 0.006359 0.025555 -0.008223 0.363182
    44 2.095024 -0.003873 -0.006100 -0.280338 0.217082 0.390855
    45 0.999380 -0.000236 -1.185931 -0.000001 0.000000 0.000000
    46 -0.122639 -0.721856 0.661690 -0.486644 0.223964 0.243056
    47 2.622113 -0.004555 0.002741 0.094624 0.212982 0.136213
    48 2.656250 0.000780 0.000159 0.668585 0.306980 1.162188
    49 2.197266 0.000516 -0.000121 0.505440 -0.145574 1.217274
    50 0.599951 0.959244 0.300102 0.174544 0.000000 0.000000
    51 2.556641 -0.000149 -0.000030 0.544726 0.124361 1.290931
    52 2.103851 0.005614 -0.001014 0.491837 -0.409342 0.680205
    53 0.999374 -0.000237 1.264051 0.292927 0.028379 0.134647
    54 0.310846 -0.606445 -0.498005 0.308107 -0.197598 0.313976
    55 1.869163 -0.004741 -0.000994 0.000005 0.000063 0.481276
    56 1.200941 0.399582 -0.000237 -0.009465 0.016087 0.007127
    57 0.000586 0.100342 -0.000319 -0.120035 -0.021926 -0.209617
    58 -0.161663 0.051712 0.194808 -2.941982 0.122408 -0.060194
    59 2.010092 -0.003202 -0.003377 -0.000042 0.000037 0.699625
    60 0.000240 0.099802 -0.000395 -0.018823 0.010833 -0.239219
    61 -0.203197 0.048607 0.069150 -3.093332 0.033217 -0.046722
    62 1.180428 -0.006214 0.000780 -0.000014 0.000012 0.640323
    63 -0.000196 0.099625 -0.000034 0.000000 0.000000 -0.314102
    64 -0.088736 -0.688435 -0.145203 2.930407 -0.136130 0.513013
    65 1.715976 0.000578 0.003818 -0.000037 0.000003 0.723747
    66 -0.000580 0.100145 -0.000311 -0.010912 0.023129 -0.260841
    67 -0.146030 -0.232426 -0.014225 3.028455 -0.094299 0.113020
    68 1.290632 0.000362 -0.000032 0.000000 0.000000 -0.168585
    69 -0.658121 -0.003575 0.072645 -0.142711 0.027792 -0.077299
    70 1.868080 -0.003049 0.006083 0.000003 -0.000021 0.707201
    71 1.200079 0.399944 -0.000093 0.009465 -0.016087 0.007127
    72 0.000591 0.100342 0.000319 0.120035 0.021926 -0.209617
    73 0.068077 0.002285 -0.080050 3.111376 -0.069366 -0.060847
    74 2.007813 -0.000883 -0.000381 -0.000043 0.000037 1.417990
    75 0.000229 0.099802 0.000395 0.018823 -0.010833 -0.239219
    76 -0.018673 -0.001009 0.047544 3.109244 0.002635 -0.106673
    77 1.178665 0.001595 0.000845 0.000042 -0.000012 0.546573
    78 -0.000198 0.099628 0.000034 0.000000 0.000000 -0.314102
    79 0.036892 -0.634449 0.266284 -2.801062 0.174301 0.490914
    80 1.708008 0.000721 0.000199 0.000056 -0.000025 0.840846
    81 -0.000576 0.100136 0.000311 0.010912 -0.023129 -0.260841
    82 -0.003952 -0.281811 0.115047 -3.059162 0.089004 0.167964
    83 1.289627 0.003949 0.000061 0.006123 -0.000297 0.463845
    84 -0.171528 -0.018148 -0.099873 0.013484 -0.062184 -0.011780
    85 0.912716 0.007240 0.001326 0.000019 0.000021 0.574458
    86 -0.342617 0.053404 -0.025571 -2.909301 -0.017248 0.075276
    87 1.100231 -0.000930 -0.002434 0.000009 0.000014 0.334384
    88 -0.384983 0.330998 0.006848 -3.087207 -0.018765 -0.184279
    89 0.678146 0.002286 0.000002 -0.000018 -0.000019 0.394884
    90 -0.123848 0.072737 0.029507 2.898184 -0.060627 0.094834
    91 1.017166 -0.000154 -0.000252 0.000037 -0.000038 0.528665
    92 -0.344986 0.123129 0.143151 2.994981 0.012396 0.059140
    93 -0.730988 0.177046 0.039141 -0.123731 0.076518 -0.084310
    94 0.925900 0.001298 -0.000896 -0.000002 -0.000011 -0.168036
    95 -0.124027 -0.052092 0.038496 3.077813 -0.008519 0.039229
    96 1.098633 0.000006 0.000469 0.000024 0.000052 0.880282
    97 -0.330082 0.160641 0.042780 3.128073 0.034033 -0.171236
    98 0.675854 0.005438 0.003272 -0.000010 0.000015 1.006524
    99 -0.019516 -0.016531 0.038578 -2.763781 0.050305 0.076828
    100 1.018555 -0.000026 -0.000397 0.000000 0.000000 1.057754
    101 -0.155312 0.130643 -0.021921 -3.022466 0.022433 -0.024903
    102 -0.252209 0.061937 -0.024914 -0.007671 -0.063171 -0.044392
    103 -0.085991 0.185203 -0.015180 -2.937063 -0.113970 -0.138991
    104 -0.286537 0.179852 0.024264 -3.109353 -0.049645 -0.029915
    105 -0.019489 0.147084 0.079203 2.893815 0.038585 -0.060594
    106 -0.046482 0.251898 0.129548 3.016165 0.077112 -0.042864
    107 0.039120 -0.040298 0.047739 3.084219 0.030470 -0.037414
    108 -0.233757 0.066630 0.001754 -3.133086 0.040141 -0.065413
    109 0.044266 0.020128 0.001684 -2.778763 -0.118872 -0.040488
    110 0.071495 0.074127 -0.048302 -3.035917 -0.059482 0.104366
    111 0.000000 0.000000 0.000000 0.000000 0.000000 -1.570796
    112 14.531693 2.296945 -2.644612 -1.741651 -0.524171 1.086675
    113 1.414063 0.000000 2.341797 0.000000 0.000000 0.000000
    114 1.194336 0.000004 2.341797 0.000000 0.000000 0.000000
    115 -12.738670 -9.078402 -19.402936 -1.858503 -0.200985 0.391240
    116 -0.575999 -0.004000 0.701999 0.000000 0.000000 0.000000
    117 -0.222000 0.000000 2.060996 0.000000 0.000000 0.000000
    118 0.414999 0.000000 0.937998 0.000000 0.000000 0.000000
    119 1.086997 -0.554999 1.709997 0.000000 0.000000 -1.570755
    120 4.654990 0.000000 0.242000 0.000000 0.000000 0.000000
    121 -1.234999 2.354995 -2.038996 -1.607262 0.223147 -0.356350
    122 4.367991 0.000000 0.177000 0.000000 0.000000 0.000000
    123 0.537998 0.000000 -3.214993 0.000000 0.000000 0.000000
    124 -0.126000 0.000000 -1.241997 0.000000 0.000000 0.000000
    125 1.572997 0.000000 2.342995 0.000000 0.000000 0.000000
    126 1.201998 0.000000 2.375995 0.000000 0.000000 0.000000
    127 -1.451998 0.000000 -3.396993 0.000000 0.000000 0.000000
    128 3.501993 0.017000 3.580993 0.000000 -0.159168 0.000000
    129 0.000000 0.000000 0.000000 0.000000 0.000000 0.000000
    130 0.745997 0.090000 -0.642999 0.000000 0.000000 0.000000
    131 -0.716000 0.604999 0.624999 0.000000 0.000000 0.000000
    132 2.751994 0.107000 0.669999 0.000000 0.000000 0.000000
    133 3.184993 0.000000 1.365997 0.000000 0.000000 0.000000
    134 0.000000 0.000000 0.000000 0.000000 0.000000 0.000000
    135 -0.106000 0.000000 64.320000 0.000000 0.000000 0.000000
    136 0.000000 0.000000 0.000000 0.000000 0.000000 0.000000
    137 0.000000 0.000000 0.000000 0.002397 -0.001942 -0.002732
    138 20.335935 8.558599 13.910408 -1.741664 -0.524172 1.086659
    139 0.106000 0.000000 -64.320000 0.000000 0.000000 0.000000
    140 0.000000 0.000000 0.000000 0.000000 0.000000 0.000000
    141 0.000000 0.000000 -4.867002 -3.141592 0.000000 -3.128591
    142 0.000000 0.000000 4.867000 -3.141592 0.000000 -3.128591
    143 4.000000 -6.500000 0.000000 0.000000 0.000000 0.000977
    144 -6.500000 0.000000 0.000000 0.000000 1.570796 0.000000
    145 1.000088 -0.000029 0.000000 0.000000 0.000000 0.000000
    146 17.162516 -0.000404 0.000000 0.000000 0.000000 0.119214
    147 9.999891 -0.000303 0.000000 0.000000 0.000000 0.000000
    148 1.000088 -0.000029 0.000000 0.000000 0.000000 0.000000
    149 17.162516 -0.000404 0.000000 0.000000 0.000000 0.119214
    150 9.499836 0.000212 0.000000 0.000000 0.000000 0.000000
    151 0.000000 0.000000 0.000000 0.000000 0.000000 0.000000
    152 17.749374 0.295515 0.000000 0.000000 0.000000 -1.158958
    153 0.017889 0.299792 0.000000 0.000000 0.000000 -0.059582
    154 12.283573 1.581456 -4.696000 1.462269 -0.086726 0.090185
    155 17.749376 0.295515 0.000000 0.000000 0.000000 -1.158958
    156 0.017889 0.299792 0.000000 0.000000 0.000000 -0.059582
    157 13.354000 0.000000 0.000000 0.000000 0.000000 -0.294101
    158 4.530998 0.000000 0.000000 0.000000 0.000000 0.000000
    159 0.000000 0.000000 0.000000 0.000000 0.000000 0.000000
    160 5.413524 0.000347 0.000000 0.000000 0.000000 -0.518055
    161 5.413524 0.000347 0.000000 0.000000 0.000000 -0.518055
    162 4.662002 -5.366333 4.825191 1.569713 1.561305 -3.121213
    163 3.116966 -0.000443 0.000000 0.000000 0.000000 0.294101
    164 4.527344 0.000000 0.000000 0.000000 0.000000 0.000000
    165 -0.537999 0.000000 2.587000 0.000000 0.000000 0.000000
    166 -38.824092 46.199163 23.190800 1.839799 0.983731 0.756444
    167 2.302999 0.000000 0.188000 0.000000 0.000000 0.000000
    168 6.748000 0.000000 0.546000 0.000000 0.000000 0.000000
    169 3.512001 -3.547000 -1.066000 0.000000 1.570796 0.000000
    170 3.456001 -3.517000 1.169000 0.000000 1.570796 0.000000
    171 6.233002 0.000000 0.000000 0.000000 0.000000 0.000000
    172 -0.171997 -0.106000 -0.902000 1.570713 1.029176 -3.134550
    173 6.253716 -6.376094 0.031251 -0.002732 -0.002397 0.001942
    174 3.999434 -0.000527 -0.000332 0.297550 0.000006 0.000010
    175 3.999897 0.000041 0.001007 -0.370906 0.000000 0.000000
    176 1.598000 0.000000 0.000000 0.000000 0.000000 0.000000
    177 -1.145525 0.000130 0.000668 0.000000 0.000000 0.000000
    178 2.299679 -2.499979 -0.599480 0.892020 0.221483 -0.527313
    179 11.233328 -6.724520 21.231985 4.349491 -1.187870 1.592677
    180 -9.580683 -27.862110 -37.184666 0.812879 -0.123459 -0.568477
    181 0.649933 -0.548295 0.093651 -1.665913 -0.131399 -0.112062
    182 0.657077 0.008401 0.040371 -1.665945 -0.131407 -0.000013
    183 0.665776 0.747221 -0.029190 -1.665935 -0.131408 0.094976
    184 2.300138 -2.499413 0.600155 -0.891929 -0.221512 -0.527290
    185 11.365068 1.105308 3.752254 2.036514 -0.307328 0.198880
    186 2.762354 0.116951 1.523975 1.629482 0.064153 1.743800
    187 7.228319 7.928203 -3.925648 2.328713 0.123459 -0.568477
    188 0.650396 -0.547731 -0.092976 1.665913 0.131399 -0.112062
    189 0.657069 0.008398 -0.040379 1.665945 0.131407 -0.000013
    190 0.665777 0.747222 0.029182 1.665935 0.131408 0.094976
    191 -4.481003 -0.202000 0.000000 0.000000 0.000000 0.000000
    192 -5.516998 -0.291000 -0.001000 0.000000 0.000000 0.000000
    193 -0.857700 0.104071 0.104683 0.023536 0.163924 0.013632
    194 1.899119 0.000427 -0.000439 0.027386 -0.033311 0.477848
    195 1.799660 -0.000233 0.000231 0.027386 -0.033311 0.477848
    196 1.799660 -0.000233 0.000231 0.027386 -0.033311 0.477848
    197 1.799660 -0.000233 0.000231 0.027386 -0.033311 0.477848
    198 1.900313 -0.000137 -0.000516 0.027386 -0.033311 0.477848
    199 1.899433 -0.000317 -0.000151 -0.027386 0.033311 0.477848
    200 1.799662 -0.000233 -0.000233 -0.027386 0.033311 0.477848
    201 1.799662 -0.000233 -0.000233 -0.027386 0.033311 0.477848
    202 1.799662 -0.000233 -0.000233 -0.027386 0.033311 0.477848
    203 1.900723 0.000553 -0.000072 -0.027386 0.033311 0.477848
    204 0.599884 0.400187 -0.000031 0.000000 0.000000 0.000000
    205 0.599888 0.400187 0.000031 0.000000 0.000000 -3.141592
    206 0.599503 0.400696 0.000234 0.000000 0.000000 0.000000
    207 0.600399 0.399632 -0.000466 0.000000 0.000000 -3.141592
  time 19
    0 0.000000 0.000000 0.000000 0.000000 0.000000 -1.570796
    1 -0.106323 0.000000 -0.000198 0.000000 0.000000 0.000000
    2 0.000000 0.000000 0.000000 0.000000 0.000000 0.000000
    3 -0.904000 0.000000 -11.806000 0.000000 0.000000 0.000000
    4 0.000000 0.000000 -14.313999 0.000000 -1.570796 1.570857
    5 3.533001 0.000000 0.000000 0.000000 0.000000 0.000000
    6 6.250000 0.000000 0.000000 0.000000 0.000000 0.000000
    7 9.568951 1.894614 -1.830735 -0.104579 1.438530 -0.102871
    8 9.650984 1.988367 2.955782 0.742522 -1.150028 -0.756271
    9 5.790726 0.002787 -0.000113 1.202069 1.142678 0.610170
    10 5.999492 -0.000592 -4.000343 0.000000 0.000000 0.000000
    11 5.791316 0.002582 0.004799 0.446448 -0.088053 -1.086747
    12 5.999492 -0.000592 4.000336 0.000000 0.000000 0.000000
    13 0.500225 0.000133 -0.000088 -0.464527 0.000000 0.000000
    14 11.534559 0.004255 -0.001312 0.000043 -0.000027 -1.916913
    15 -0.829338 0.893824 0.079659 -0.148839 0.047645 0.087266
    16 0.500225 0.000132 0.000076 0.188301 -0.000048 0.000000
    17 11.536401 0.004432 -0.000089 0.000102 -0.000034 -1.218112
    18 -0.829586 0.894698 -0.079464 0.045377 -0.019621 0.087266
    19 10.599884 0.000105 -0.000553 0.491499 -0.000048 0.000000
    20 0.826718 -0.583784 -0.000805 -0.000048 0.000035 0.958368
    21 11.042057 0.003717 0.000798 0.500195 -0.193960 -0.018623
    22 -1.214832 0.203470 -0.477489 -0.135025 -0.078677 -0.001289
    23 10.599880 0.000105 0.000549 -0.745562 -0.000096 -0.000084
    24 0.244667 -0.345495 0.000801 0.000048 -0.000023 0.609024
    25 11.041742 0.003171 -0.000571 -0.870840 0.480385 -0.484107
    26 -1.063377 0.077663 0.150230 0.045121 0.020046 -0.012850
    27 0.610302 -0.939470 0.070343 -1.686616 -0.193961 -0.164638
    28 0.639940 -0.199121 0.060188 -1.666722 -0.181128 -0.061581
    29 0.600155 1.080261 -0.339535 -1.738023 -0.005839 0.065750
    30 0.610207 0.400743 -0.010101 -1.762913 -0.099882 0.050434
    31 0.634715 -0.690090 -0.232343 0.056885 -0.041989 -0.844144
    32 -0.792125 0.203736 0.461300 1.439074 -0.003453 -0.018305
    33 0.610300 -0.939469 -0.070351 1.655335 0.140029 -0.175632
    34 0.639937 -0.199121 -0.060200 1.659528 0.202500 -0.040444
    35 0.600157 1.080259 0.339531 1.738023 -0.020790 0.107373
    36 0.610205 0.400743 0.010086 1.767175 0.146065 0.084305
    37 0.624002 -0.695300 0.232270 -0.764873 -0.563998 -0.967166
    38 -0.626031 -0.069983 -0.080517 -1.447153 0.086151 0.021559
    39 2.621377 -0.002532 -0.001438 -0.234956 -0.190295 0.132763
    40 2.660837 0.000397 -0.000071 -0.233224 -0.154683 0.346970
    41 2.206394 0.003368 -0.006769 -0.073087 -0.107499 0.254807
    42 0.599952 0.959240 -0.300102 -0.174544 0.000000 0.000000
    43 2.553283 -0.001967 0.002453 0.036121 -0.004112 0.365147
    44 2.095024 -0.003873 -0.002193 -0.286461 0.201943 0.361406
    45 0.999380 -0.000236 -1.201557 -0.000001 0.000000 0.000000
    46 -0.122639 -0.721856 0.661690 -0.486644 0.223964 0.243056
    47 2.622113 -0.004555 0.006647 0.090864 0.215810 0.123201
    48 2.656250 0.000780 0.000159 0.668585 0.306980 1.162188
    49 2.197266 0.000516 -0.000121 0.505440 -0.145574 1.217274
    50 0.599951 0.959244 0.300102 0.174544 0.000000 0.000000
    51 2.556641 -0.000149 -0.000030 0.544726 0.124361 1.290931
    52 2.103851 0.005614 -0.001014 0.484668 -0.410121 0.683280
    53 0.999374 -0.000237 1.267958 0.292927 0.028379 0.134647
    54 0.310846 -0.606445 -0.498005 0.308107 -0.197598 0.313976
    55 1.873069 -0.004741 -0.000994 0.000053 0.000004 0.387291
    56 1.200941 0.399582 -0.000237 -0.009465 0.016087 0.007127
    57 0.000586 0.100342 -0.000319 -0.120035 -0.021926 -0.209617
    58 -0.161663 0.051712 0.194808 -2.941982 0.122408 -0.060194
    59 2.010092 -0.007109 -0.007284 0.000018 0.000013 0.631511
    60 0.000240 0.099802 -0.000395 -0.018823 0.010833 -0.239219
    61 -0.203197 0.048607 0.069150 -3.093332 0.033217 -0.046722
    62 1.180428 -0.006214 0.000780 -0.000026 -0.000048 0.596168
    63 -0.000196 0.099625 -0.000034 0.000000 0.000000 -0.314102
    64 -0.088736 -0.688435 -0.145203 2.930407 -0.136130 0.513013
    65 1.712069 -0.003328 0.003818 0.000023 -0.000021 0.686389
    66 -0.000580 0.100145 -0.000311 -0.010912 0.023129 -0.260841
    67 -0.146030 -0.232426 -0.014225 3.028455 -0.094299 0.113020
    68 1.290632 0.000362 -0.000032 0.000000 -0.000048 -0.252727
    69 -0.658121 -0.003575 0.072645 -0.142711 0.027792 -0.077299
    70 1.868080 -0.006956 0.006083 0.000003 -0.000021 0.736306
    71 1.200079 0.399944 -0.000093 0.009465 -0.016087 0.007127
    72 0.000591 0.100342 0.000319 0.120035 0.021926 -0.209617
    73 0.068077 0.002285 -0.080050 3.111376 -0.069366 -0.060847
    74 2.007813 -0.000883 -0.000381 -0.000043 0.000037 1.417990
    75 0.000229 0.099802 0.000395 0.018823 -0.010833 -0.239219
    76 -0.018673 -0.001009 0.047544 3.109244 0.002635 -0.106673
    77 1.178665 0.001595 0.000845 0.000042 -0.000012 0.546573
    78 -0.000198 0.099628 0.000034 0.000000 0.000000 -0.314102
    79 0.036892 -0.634449 0.266284 -2.801062 0.174301 0.490914
    80 1.708008 0.000721 0.000199 0.000056 -0.000025 0.840846
    81 -0.000576 0.100136 0.000311 0.010912 -0.023129 -0.260841
    82 -0.003952 -0.281811 0.115047 -3.059162 0.089004 0.167964
    83 1.289627 0.003949 0.000061 0.003067 -0.000141 0.464629
    84 -0.171528 -0.018148 -0.099873 0.013484 -0.062184 -0.011780
    85 0.912716 0.007240 0.001326 0.000019 0.000021 0.505509
    86 -0.342617 0.053404 -0.025571 -2.909301 -0.017248 0.075276
    87 1.100231 -0.000930 -0.002434 0.000009 0.000014 0.244558
    88 -0.384983 0.330998 0.006848 -3.087207 -0.018765 -0.184279
    89 0.678146 0.006192 0.000002 -0.000078 -0.000007 0.324839
    90 -0.123848 0.072737 0.029507 2.898184 -0.060627 0.094834
    91 1.017166 -0.000154 -0.000252 -0.000035 -0.000074 0.438182
    92 -0.344986 0.123129 0.143151 2.994981 0.012396 0.059140
    93 -0.730988 0.177046 0.039141 -0.123731 0.076518 -0.084310
    94 0.925900 0.001298 -0.000896 -0.000002 -0.000011 -0.168036
    95 -0.124027 -0.052092 0.038496 3.077813 -0.008519 0.039229
    96 1.098633 0.000006 0.000469 0.000024 0.000052 0.880282
    97 -0.330082 0.160641 0.042780 3.128073 0.034033 -0.171236
    98 0.675854 0.005438 0.003272 -0.000010 0.000015 1.006524
    99 -0.019516 -0.016531 0.038578 -2.763781 0.050305 0.076828
    100 1.018555 -0.000026 -0.000397 0.000000 0.000000 1.057754
    101 -0.155312 0.130643 -0.021921 -3.022466 0.022433 -0.024903
    102 -0.252209 0.061937 -0.024914 -0.007671 -0.063171 -0.044392
    103 -0.085991 0.185203 -0.015180 -2.937063 -0.113970 -0.138991
    104 -0.286537 0.179852 0.024264 -3.109353 -0.049645 -0.029915
    105 -0.019489 0.147084 0.079203 2.893815 0.038585 -0.060594
    106 -0.046482 0.251898 0.129548 3.016165 0.077112 -0.042864
    107 0.039120 -0.040298 0.047739 3.084219 0.030470 -0.037414
    108 -0.233757 0.066630 0.001754 -3.133086 0.040141 -0.065413
    109 0.044266 0.020128 0.001684 -2.778763 -0.118872 -0.040488
    110 0.071495 0.074127 -0.048302 -3.035917 -0.059482 0.104366
    111 0.000000 0.000000 0.000000 0.000000 0.000000 -1.570796
    112 15.191870 2.261788 -2.707114 -1.734820 -0.545473 1.083595
    113 1.414063 0.000000 2.341797 0.000000 0.000000 0.000000
    114 1.194336 0.000004 2.341797 0.000000 0.000000 0.000000
    115 -12.410535 -9.824519 -19.813105 -1.871390 -0.219090 0.394240
    116 -0.575999 -0.004000 0.701999 0.000000 0.000000 0.000000
    117 -0.222000 0.000000 2.060996 0.000000 0.000000 0.000000
    118 0.414999 0.000000 0.937998 0.000000 0.000000 0.000000
    119 1.086997 -0.554999 1.709997 0.000000 0.000000 -1.570755
    120 4.654990 0.000000 0.242000 0.000000 0.000000 0.000000
    121 -1.234999 2.354995 -2.038996 -1.607262 0.223147 -0.356350
    122 4.367991 0.000000 0.177000 0.000000 0.000000 0.000000
    123 0.537998 0.000000 -3.214993 0.000000 0.000000 0.000000
    124 -0.126000 0.000000 -1.241997 0.000000 0.000000 0.000000
    125 1.572997 0.000000 2.342995 0.000000 0.000000 0.000000
    126 1.201998 0.000000 2.375995 0.000000 0.000000 0.000000
    127 -1.451998 0.000000 -3.396993 0.000000 0.000000 0.000000
    128 3.501993 0.017000 3.580993 0.000000 -0.159168 0.000000
    129 0.000000 0.000000 0.000000 0.000000 0.000000 0.000000
    130 0.745997 0.090000 -0.642999 0.000000 0.000000 0.000000
    131 -0.716000 0.604999 0.624999 0.000000 0.000000 0.000000
    132 2.751994 0.107000 0.669999 0.000000 0.000000 0.000000
    133 3.184993 0.000000 1.365997 0.000000 0.000000 0.000000
    134 0.000000 0.000000 0.000000 0.000000 0.000000 0.000000
    135 -0.106000 0.000000 64.320000 0.000000 0.000000 0.000000
    136 0.000000 0.000000 0.000000 0.000000 0.000000 0.000000
    137 0.000000 0.000000 0.000000 0.001186 -0.001258 -0.001762
    138 20.968767 8.417970 14.004161 -1.734833 -0.545473 1.083579
    139 0.106000 0.000000 -64.320000 0.000000 0.000000 0.000000
    140 0.000000 0.000000 0.000000 0.000000 0.000000 0.000000
    141 0.000000 0.000000 -4.867002 -3.141592 0.000000 -3.128591
    142 0.000000 0.000000 4.867000 -3.141592 0.000000 -3.128591
    143 4.000000 -6.500000 0.000000 0.000000 0.000000 0.000977
    144 -6.500000 0.000000 0.000000 0.000000 1.570796 0.000000
    145 1.000088 -0.000029 0.000000 0.000000 0.000000 0.000000
    146 17.162516 -0.000404 0.000000 0.000000 0.000000 0.119214
    147 9.999891 -0.000303 0.000000 0.000000 0.000000 0.000000
    148 1.000088 -0.000029 0.000000 0.000000 0.000000 0.000000
    149 17.162516 -0.000404 0.000000 0.000000 0.000000 0.119214
    150 9.499836 0.000212 0.000000 0.000000 0.000000 0.000000
    151 0.000000 0.000000 0.000000 0.000000 0.000000 0.000000
    152 17.749374 0.295515 0.000000 0.000000 0.000000 -1.158958
    153 0.017889 0.299792 0.000000 0.000000 0.000000 -0.059582
    154 12.283573 1.581456 -4.696000 1.462269 -0.086726 0.090185
    155 17.749376 0.295515 0.000000 0.000000 0.000000 -1.158958
    156 0.017889 0.299792 0.000000 0.000000 0.000000 -0.059582
    157 13.354000 0.000000 0.000000 0.000000 0.000000 -0.294101
    158 4.530998 0.000000 0.000000 0.000000 0.000000 0.000000
    159 0.000000 0.000000 0.000000 0.000000 0.000000 0.000000
    160 5.413524 0.000347 0.000000 0.000000 0.000000 -0.518055
    161 5.413524 0.000347 0.000000 0.000000 0.000000 -0.518055
    162 4.662002 -5.366333 4.825191 1.569713 1.561305 -3.121213
    163 3.116966 -0.000443 0.000000 0.000000 0.000000 0.294101
    164 4.527344 0.000000 0.000000 0.000000 0.000000 0.000000
    165 -0.537999 0.000000 2.587000 0.000000 0.000000 0.000000
    166 -40.081942 45.222571 23.280646 1.825356 0.982700 0.764822
    167 2.302999 0.000000 0.188000 0.000000 0.000000 0.000000
    168 6.748000 0.000000 0.546000 0.000000 0.000000 0.000000
    169 3.512001 -3.547000 -1.066000 0.000000 1.570796 0.000000
    170 3.456001 -3.517000 1.169000 0.000000 1.570796 0.000000
    171 6.233002 0.000000 0.000000 0.000000 0.000000 0.000000
    172 -0.171997 -0.106000 -0.902000 1.570713 1.029176 -3.134550
    173 6.249810 -6.380000 0.019532 -0.001762 -0.001186 0.001270
    174 3.999434 -0.000527 -0.000332 0.245772 0.000018 -0.000050
    175 3.999897 0.000041 0.001007 -0.372774 0.000000 -0.000060
    176 1.598000 0.000000 0.000000 0.000000 0.000000 0.000000
    177 -1.145525 0.000130 0.000668 0.000000 0.000000 0.000000
    178 2.299679 -2.499979 -0.599480 0.892020 0.221483 -0.527313
    179 13.116198 -8.677705 20.243674 4.525486 -1.342929 1.512357
    180 -9.580683 -27.862110 -37.184666 0.812879 -0.123459 -0.568477
    181 0.649933 -0.548295 0.093651 -1.665913 -0.131399 -0.112062
    182 0.657077 0.008401 0.040371 -1.665945 -0.131407 -0.000013
    183 0.665776 0.747221 -0.029190 -1.665935 -0.131408 0.094976
    184 2.300138 -2.499413 0.600155 -0.891929 -0.221512 -0.527290
    185 11.365068 1.105308 3.752254 2.036514 -0.307328 0.198880
    186 2.762354 0.116951 1.523975 1.629482 0.064153 1.743800
    187 7.228319 7.928203 -3.925648 2.328713 0.123459 -0.568477
    188 0.650396 -0.547731 -0.092976 1.665913 0.131399 -0.112062
    189 0.657069 0.008398 -0.040379 1.665945 0.131407 -0.000013
    190 0.665777 0.747222 0.029182 1.665935 0.131408 0.094976
    191 -4.481003 -0.202000 0.000000 0.000000 0.000000 0.000000
    192 -5.516998 -0.291000 -0.001000 0.000000 0.000000 0.000000
    193 -0.857700 0.104071 0.104683 0.023536 0.163924 0.013632
    194 1.899119 0.000427 -0.000439 0.027386 -0.033311 0.477848
    195 1.799660 -0.000233 0.000231 0.027386 -0.033311 0.477848
    196 1.799660 -0.000233 0.000231 0.027386 -0.033311 0.477848
    197 1.799660 -0.000233 0.000231 0.027386 -0.033311 0.477848
    198 1.900313 -0.000137 -0.000516 0.027386 -0.033311 0.477848
    199 1.899433 -0.000317 -0.000151 -0.027386 0.033311 0.477848
    200 1.799662 -0.000233 -0.000233 -0.027386 0.033311 0.477848
    201 1.799662 -0.000233 -0.000233 -0.027386 0.033311 0.477848
    202 1.799662 -0.000233 -0.000233 -0.027386 0.033311 0.477848
    203 1.900723 0.000553 -0.000072 -0.027386 0.033311 0.477848
    204 0.599884 0.400187 -0.000031 0.000000 0.000000 0.000000
    205 0.599888 0.400187 0.000031 0.000000 0.000000 -3.141592
    206 0.599503 0.400696 0.000234 0.000000 0.000000 0.000000
    207 0.600399 0.399632 -0.000466 0.000000 0.000000 -3.141592
  time 20
    0 0.000000 0.000000 0.000000 0.000000 0.000000 -1.570796
    1 -0.106323 0.000000 -0.000198 0.000000 0.000000 0.000000
    2 0.000000 0.000000 0.000000 0.000000 0.000000 0.000000
    3 -0.904000 0.000000 -11.806000 0.000000 0.000000 0.000000
    4 0.000000 0.000000 -14.313999 0.000000 -1.570796 1.570857
    5 3.533001 0.000000 0.000000 0.000000 0.000000 0.000000
    6 6.250000 0.000000 0.000000 0.000000 0.000000 0.000000
    7 9.568951 1.902427 -1.826829 -0.161276 1.437255 -0.160129
    8 9.686142 1.988367 3.264385 0.716333 -1.158256 -0.728901
    9 5.790726 0.002787 -0.000113 1.169586 1.166901 0.585493
    10 5.999492 -0.000592 -4.000343 0.000000 0.000000 0.000000
    11 5.791316 0.002582 0.004799 0.458852 -0.087722 -1.147715
    12 5.999492 -0.000592 4.000336 0.000000 0.000000 0.000000
    13 0.500225 0.000133 -0.000088 -0.450119 -0.000012 -0.000048
    14 11.534559 0.000348 -0.001312 0.000043 -0.000027 -1.876607
    15 -0.829338 0.893824 0.079659 -0.148839 0.047645 0.087266
    16 0.500225 0.000132 0.000076 0.196097 0.000000 0.000000
    17 11.532495 0.004432 -0.000089 0.000018 -0.000022 -1.124059
    18 -0.829586 0.894698 -0.079464 0.045377 -0.019621 0.087266
    19 10.599884 0.000105 -0.000553 0.378735 0.000000 0.000000
    20 0.775935 -0.572065 -0.000805 -0.000024 0.000059 0.938374
    21 11.042057 0.003717 0.000798 0.386606 -0.198778 -0.097727
    22 -1.214832 0.203470 -0.477489 -0.135025 -0.078677 -0.001289
    23 10.599880 0.000105 0.000549 -0.727426 0.000000 -0.000036
    24 0.189978 -0.314245 0.000801 0.000000 -0.000023 0.562081
    25 11.041742 0.003171 -0.000571 -0.858808 0.498271 -0.517015
    26 -1.063377 0.077663 0.150230 0.045121 0.020046 -0.012850
    27 0.610302 -0.939470 0.070343 -1.690506 -0.217343 -0.161941
    28 0.639940 -0.199121 0.060188 -1.667078 -0.204330 -0.059304
    29 0.600155 1.080261 -0.339535 -1.736962 -0.027256 0.068926
    30 0.610207 0.400743 -0.010101 -1.763290 -0.122198 0.054785
    31 0.630809 -0.693997 -0.232343 0.057612 -0.056164 -0.812405
    32 -0.792125 0.203736 0.461300 1.439074 -0.003453 -0.018305
    33 0.610300 -0.939469 -0.070351 1.655335 0.140029 -0.175632
    34 0.639937 -0.199121 -0.060200 1.659528 0.202500 -0.040444
    35 0.600157 1.080259 0.339531 1.738023 -0.020790 0.107385
    36 0.610205 0.400743 0.010086 1.767175 0.146065 0.084305
    37 0.624002 -0.695300 0.236176 -0.750800 -0.567003 -0.966982
    38 -0.626031 -0.069983 -0.080517 -1.447153 0.086151 0.021559
    39 2.621377 -0.002532 -0.001438 -0.239635 -0.196887 0.133491
    40 2.664743 0.000397 -0.000071 -0.236412 -0.165440 0.347048
    41 2.206394 0.003368 -0.006769 -0.050272 -0.107550 0.233798
    42 0.599952 0.959240 -0.300102 -0.174544 0.000000 0.000000
    43 2.553283 -0.005873 0.002453 0.045097 -0.002985 0.365607
    44 2.095024 -0.003873 -0.002193 -0.292097 0.186632 0.332161
    45 0.999380 -0.000236 -1.209370 -0.000001 0.000000 0.000000
    46 -0.122639 -0.721856 0.661690 -0.486644 0.223964 0.243056
    47 2.622113 -0.000648 0.002741 0.087719 0.219514 0.118322
    48 2.656250 0.000780 0.000159 0.668585 0.306980 1.162188
    49 2.197266 0.000516 -0.000121 0.505440 -0.145574 1.217274
    50 0.599951 0.959244 0.300102 0.174544 0.000000 0.000000
    51 2.556641 -0.000149 -0.000030 0.544726 0.124361 1.290931
    52 2.103851 0.005614 -0.001014 0.482203 -0.410337 0.684305
    53 0.999374 -0.000237 1.271864 0.292927 0.028379 0.134647
    54 0.310846 -0.606445 -0.498005 0.308107 -0.197598 0.313976
    55 1.869163 -0.004741 -0.000994 -0.000007 0.000004 0.307923
    56 1.200941 0.399582 -0.000237 -0.009465 0.016087 0.007127
    57 0.000586 0.100342 -0.000319 -0.120035 -0.021926 -0.209617
    58 -0.161663 0.051712 0.194808 -2.941982 0.122408 -0.060194
    59 2.010092 -0.003202 -0.007284 0.000006 -0.000035 0.572064
    60 0.000240 0.099802 -0.000395 -0.018823 0.010833 -0.239219
    61 -0.203197 0.048607 0.069150 -3.093332 0.033217 -0.046722
    62 1.180428 -0.006214 0.000780 -0.000014 0.000000 0.568482
    63 -0.000196 0.099625 -0.000034 0.000000 0.000000 -0.314102
    64 -0.088736 -0.688435 -0.145203 2.930407 -0.136130 0.513013
    65 1.712069 -0.003328 -0.000088 0.000023 -0.000021 0.654224
    66 -0.000580 0.100145 -0.000311 -0.010912 0.023129 -0.260841
    67 -0.146030 -0.232426 -0.014225 3.028455 -0.094299 0.113020
    68 1.290632 0.000362 -0.000032 0.000000 0.000000 -0.316350
    69 -0.658121 -0.003575 0.072645 -0.142711 0.027792 -0.077299
    70 1.868080 -0.003049 0.006083 0.000003 -0.000021 0.747343
    71 1.200079 0.399944 -0.000093 0.009465 -0.016087 0.007127
    72 0.000591 0.100342 0.000319 0.120035 0.021926 -0.209617
    73 0.068077 0.002285 -0.080050 3.111376 -0.069366 -0.060847
    74 2.007813 -0.000883 -0.000381 -0.000043 0.000037 1.417990
    75 0.000229 0.099802 0.000395 0.018823 -0.010833 -0.239219
    76 -0.018673 -0.001009 0.047544 3.109244 0.002635 -0.106673
    77 1.178665 0.001595 0.000845 0.000054 -0.000012 0.546573
    78 -0.000198 0.099628 0.000034 0.000000 0.000000 -0.314102
    79 0.036892 -0.634449 0.266284 -2.801062 0.174301 0.490914
    80 1.708008 0.000721 0.000199 0.000056 -0.000025 0.840846
    81 -0.000576 0.100136 0.000311 0.010912 -0.023129 -0.260841
    82 -0.003952 -0.281811 0.115047 -3.059162 0.089004 0.167964
    83 1.289627 0.003949 0.000061 -0.000014 0.000003 0.465414
    84 -0.171528 -0.018148 -0.099873 0.013484 -0.062184 -0.011780
    85 0.912716 0.007240 0.001326 0.000019 0.000021 0.444716
    86 -0.342617 0.053404 -0.025571 -2.909301 -0.017248 0.075276
    87 1.100231 -0.000930 -0.002434 0.000009 0.000014 0.175322
    88 -0.384983 0.330998 0.006848 -3.087207 -0.018765 -0.184279
    89 0.678146 0.002286 0.000002 -0.000030 -0.000079 0.272392
    90 -0.123848 0.072737 0.029507 2.898184 -0.060627 0.094834
    91 1.017166 -0.000154 -0.000252 0.000049 0.000034 0.363771
    92 -0.344986 0.123129 0.143151 2.994981 0.012396 0.059140
    93 -0.730988 0.177046 0.039141 -0.123731 0.076518 -0.084310
    94 0.925900 0.001298 -0.000896 -0.000002 -0.000011 -0.168036
    95 -0.124027 -0.052092 0.038496 3.077813 -0.008519 0.039229
    96 1.098633 0.000006 0.000469 0.000024 0.000052 0.880282
    97 -0.330082 0.160641 0.042780 3.128073 0.034033 -0.171236
    98 0.675854 0.001531 0.003272 -0.000010 0.000015 1.006524
    99 -0.019516 -0.016531 0.038578 -2.763781 0.050305 0.076828
    100 1.018555 -0.000026 -0.000397 0.000000 0.000000 1.057754
    101 -0.155312 0.130643 -0.021921 -3.022466 0.022433 -0.024903
    102 -0.252209 0.061937 -0.024914 -0.007671 -0.063171 -0.044392
    103 -0.085991 0.185203 -0.015180 -2.937063 -0.113970 -0.138991
    104 -0.286537 0.179852 0.024264 -3.109353 -0.049645 -0.029915
    105 -0.019489 0.147084 0.079203 2.893815 0.038585 -0.060594
    106 -0.046482 0.251898 0.129548 3.016165 0.077112 -0.042864
    107 0.039120 -0.040298 0.047739 3.084219 0.030470 -0.037414
    108 -0.233757 0.066630 0.001754 -3.133086 0.040141 -0.065413
    109 0.044266 0.020128 0.001684 -2.778763 -0.118872 -0.040488
    110 0.071495 0.074127 -0.048302 -3.035917 -0.059482 0.104366
    111 0.000000 0.000000 0.000000 0.000000 0.000000 -1.570796
    112 15.738762 2.117252 -2.757897 -1.687574 -0.556803 1.050742
    113 1.414063 0.000000 2.341797 0.000000 0.000000 0.000000
    114 1.194336 0.000004 2.341797 0.000000 0.000000 0.000000
    115 -12.004273 -9.738578 -20.113895 -1.854486 -0.257509 0.382053
    116 -0.575999 -0.004000 0.701999 0.000000 0.000000 0.000000
    117 -0.222000 0.000000 2.060996 0.000000 0.000000 0.000000
    118 0.414999 0.000000 0.937998 0.000000 0.000000 0.000000
    119 1.086997 -0.554999 1.709997 0.000000 0.000000 -1.570755
    120 4.654990 0.000000 0.242000 0.000000 0.000000 0.000000
    121 -1.234999 2.354995 -2.038996 -1.607262 0.223147 -0.356350
    122 4.367991 0.000000 0.177000 0.000000 0.000000 0.000000
    123 0.537998 0.000000 -3.214993 0.000000 0.000000 0.000000
    124 -0.126000 0.000000 -1.241997 0.000000 0.000000 0.000000
    125 1.572997 0.000000 2.342995 0.000000 0.000000 0.000000
    126 1.201998 0.000000 2.375995 0.000000 0.000000 0.000000
    127 -1.451998 0.000000 -3.396993 0.000000 0.000000 0.000000
    128 3.501993 0.017000 3.580993 0.000000 -0.159168 0.000000
    129 0.000000 0.000000 0.000000 0.000000 0.000000 0.000000
    130 0.745997 0.090000 -0.642999 0.000000 0.000000 0.000000
    131 -0.716000 0.604999 0.624999 0.000000 0.000000 0.000000
    132 2.751994 0.107000 0.669999 0.000000 0.000000 0.000000
    133 3.184993 0.000000 1.365997 0.000000 0.000000 0.000000
    134 0.000000 0.000000 0.000000 0.000000 0.000000 0.000000
    135 -0.106000 0.000000 64.320000 0.000000 0.000000 0.000000
    136 0.000000 0.000000 0.000000 0.000000 0.000000 0.000000
    137 0.000000 0.000000 0.000000 0.000000 -0.000587 -0.000791
    138 21.714884 8.093741 13.988535 -1.687585 -0.556755 1.050632
    139 0.106000 0.000000 -64.320000 0.000000 0.000000 0.000000
    140 0.000000 0.000000 0.000000 0.000000 0.000000 0.000000
    141 0.000000 0.000000 -4.867002 -3.141592 0.000000 -3.128591
    142 0.000000 0.000000 4.867000 -3.141592 0.000000 -3.128591
    143 4.000000 -6.500000 0.000000 0.000000 0.000000 0.000977
    144 -6.500000 0.000000 0.000000 0.000000 1.570796 0.000000
    145 1.000088 -0.000029 0.000000 0.000000 0.000000 0.000000
    146 17.162516 -0.000404 0.000000 0.000000 0.000000 0.119214
    147 9.999891 -0.000303 0.000000 0.000000 0.000000 0.000000
    148 1.000088 -0.000029 0.000000 0.000000 0.000000 0.000000
    149 17.162516 -0.000404 0.000000 0.000000 0.000000 0.119214
    150 9.499836 0.000212 0.000000 0.000000 0.000000 0.000000
    151 0.000000 0.000000 0.000000 0.000000 0.000000 0.000000
    152 17.749374 0.295515 0.000000 0.000000 0.000000 -1.158958
    153 0.017889 0.299792 0.000000 0.000000 0.000000 -0.059582
    154 12.283573 1.581456 -4.696000 1.462269 -0.086726 0.090185
    155 17.749376 0.295515 0.000000 0.000000 0.000000 -1.158958
    156 0.017889 0.299792 0.000000 0.000000 0.000000 -0.059582
    157 13.354000 0.000000 0.000000 0.000000 0.000000 -0.294101
    158 4.530998 0.000000 0.000000 0.000000 0.000000 0.000000
    159 0.000000 0.000000 0.000000 0.000000 0.000000 0.000000
    160 5.413524 0.000347 0.000000 0.000000 0.000000 -0.518055
    161 5.413524 0.000347 0.000000 0.000000 0.000000 -0.518055
    162 4.662002 -5.366333 4.825191 1.569713 1.561305 -3.121213
    163 3.116966 -0.000443 0.000000 0.000000 0.000000 0.294101
    164 4.527344 0.000000 0.000000 0.000000 0.000000 0.000000
    165 -0.537999 0.000000 2.587000 0.000000 0.000000 0.000000
    166 -41.062441 45.316324 21.268866 1.749483 0.981356 0.709089
    167 2.302999 0.000000 0.188000 0.000000 0.000000 0.000000
    168 6.748000 0.000000 0.546000 0.000000 0.000000 0.000000
    169 3.512001 -3.547000 -1.066000 0.000000 1.570796 0.000000
    170 3.456001 -3.517000 1.169000 0.000000 1.570796 0.000000
    171 6.233002 0.000000 0.000000 0.000000 0.000000 0.000000
    172 -0.171997 -0.106000 -0.902000 1.570713 1.029176 -3.134550
    173 6.241997 -6.380000 0.000000 -0.000791 0.000000 0.000587
    174 3.999434 -0.000527 -0.000332 0.189287 0.000006 0.000010
    175 3.999897 0.000041 0.001007 -0.363749 0.000000 0.000000
    176 1.598000 0.000000 0.000000 0.000000 0.000000 0.000000
    177 -1.145525 0.000130 0.000668 0.000000 0.000000 0.000000
    178 2.299679 -2.499979 -0.599480 0.892020 0.221483 -0.527313
    179 14.811562 -10.513699 18.712377 -1.123410 -1.456320 0.967935
    180 -9.580683 -27.862110 -37.184666 0.812879 -0.123459 -0.568477
    181 0.649933 -0.548295 0.093651 -1.665913 -0.131399 -0.112062
    182 0.657077 0.008401 0.040371 -1.665945 -0.131407 -0.000013
    183 0.665776 0.747221 -0.029190 -1.665935 -0.131408 0.094976
    184 2.300138 -2.499413 0.600155 -0.891929 -0.221512 -0.527290
    185 11.365068 1.105308 3.752254 2.036514 -0.307328 0.198880
    186 2.762354 0.116951 1.523975 1.629482 0.064153 1.743800
    187 7.228319 7.928203 -3.925648 2.328713 0.123459 -0.568477
    188 0.650396 -0.547731 -0.092976 1.665913 0.131399 -0.112062
    189 0.657069 0.008398 -0.040379 1.665945 0.131407 -0.000013
    190 0.665777 0.747222 0.029182 1.665935 0.131408 0.094976
    191 -4.481003 -0.202000 0.000000 0.000000 0.000000 0.000000
    192 -5.516998 -0.291000 -0.001000 0.000000 0.000000 0.000000
    193 -0.857700 0.104071 0.104683 0.023536 0.163924 0.013632
    194 1.899119 0.000427 -0.000439 0.027386 -0.033311 0.477848
    195 1.799660 -0.000233 0.000231 0.027386 -0.033311 0.477848
    196 1.799660 -0.000233 0.000231 0.027386 -0.033311 0.477848
    197 1.799660 -0.000233 0.000231 0.027386 -0.033311 0.477848
    198 1.900313 -0.000137 -0.000516 0.027386 -0.033311 0.477848
    199 1.899433 -0.000317 -0.000151 -0.027386 0.033311 0.477848
    200 1.799662 -0.000233 -0.000233 -0.027386 0.033311 0.477848
    201 1.799662 -0.000233 -0.000233 -0.027386 0.033311 0.477848
    202 1.799662 -0.000233 -0.000233 -0.027386 0.033311 0.477848
    203 1.900723 0.000553 -0.000072 -0.027386 0.033311 0.477848
    204 0.599884 0.400187 -0.000031 0.000000 0.000000 0.000000
    205 0.599888 0.400187 0.000031 0.000000 0.000000 -3.141592
    206 0.599503 0.400696 0.000234 0.000000 0.000000 0.000000
    207 0.600399 0.399632 -0.000466 0.000000 0.000000 -3.141592
  time 21
    0 0.000000 0.000000 0.000000 0.000000 0.000000 -1.570796
    1 -0.106323 0.000000 -0.000198 0.000000 0.000000 0.000000
    2 0.000000 0.000000 0.000000 0.000000 0.000000 0.000000
    3 -0.904000 0.000000 -11.806000 0.000000 0.000000 0.000000
    4 0.000000 0.000000 -14.313999 0.000000 -1.570796 1.570857
    5 3.533001 0.000000 0.000000 0.000000 0.000000 0.000000
    6 6.250000 0.000000 0.000000 0.000000 0.000000 0.000000
    7 9.568951 1.902427 -1.826829 -0.161276 1.437255 -0.160129
    8 9.752550 1.847738 3.822996 0.680208 -1.176047 -0.691821
    9 5.790726 0.002787 -0.000113 0.394117 1.234063 -0.186617
    10 5.999492 -0.000592 -4.000343 0.000000 0.000000 0.000000
    11 5.791316 0.002582 0.004799 0.521062 -0.127631 -1.215829
    12 5.999492 -0.000592 4.000336 0.000000 0.000000 0.000000
    13 0.500225 0.000133 -0.000088 -0.319834 -0.000060 0.000000
    14 11.534559 0.004255 -0.001312 0.000019 0.000057 -1.818316
    15 -0.829338 0.893824 0.079659 -0.148839 0.047645 0.087266
    16 0.500225 0.000132 0.000076 0.160611 0.000000 0.000000
    17 11.536401 0.004432 -0.000089 -0.000042 -0.000046 -1.086505
    18 -0.829586 0.894698 -0.079464 0.045377 -0.019621 0.087266
    19 10.599884 0.000105 -0.000553 -0.135304 0.000000 0.000000
    20 0.721246 -0.564252 -0.000805 -0.000048 0.000035 0.909154
    21 11.042057 -0.000189 0.000798 -0.134580 -0.075101 0.142356
    22 -1.214832 0.203470 -0.477489 -0.135025 -0.078677 -0.001289
    23 10.599880 0.000105 0.000549 -0.618523 0.000000 0.000000
    24 0.197791 -0.314245 0.000801 0.000000 -0.000011 0.543180
    25 11.041742 0.003171 -0.000571 -0.703038 0.460337 -0.415731
    26 -1.063377 0.077663 0.150230 0.045121 0.020046 -0.012850
    27 0.610302 -0.939470 0.070343 -1.694395 -0.240713 -0.159125
    28 0.639940 -0.199121 0.060188 -1.667485 -0.227532 -0.057015
    29 0.600155 1.080261 -0.339535 -1.736007 -0.048672 0.072102
    30 0.610207 0.400743 -0.010101 -1.763882 -0.144489 0.059135
    31 0.634715 -0.690090 -0.232343 0.055545 -0.056148 -0.775904
    32 -0.792125 0.203736 0.461300 1.439074 -0.003453 -0.018305
    33 0.610300 -0.939469 -0.070351 1.655335 0.140029 -0.175632
    34 0.639937 -0.199121 -0.060200 1.659528 0.202500 -0.040444
    35 0.600157 1.080259 0.339531 1.738023 -0.020802 0.107373
    36 0.610205 0.400743 0.010086 1.767175 0.146065 0.084305
    37 0.624002 -0.695300 0.232270 -0.673220 -0.557466 -1.031493
    38 -0.626031 -0.069983 -0.080517 -1.447153 0.086151 0.021559
    39 2.625284 -0.002532 -0.001438 -0.231748 -0.194998 0.092547
    40 2.660837 0.000397 -0.000071 -0.235305 -0.177442 0.307953
    41 2.206394 0.003368 -0.002863 -0.033745 -0.115737 0.180308
    42 0.599952 0.959240 -0.300102 -0.174544 0.000000 0.000000
    43 2.557190 -0.005873 0.006359 0.053803 -0.003093 0.328937
    44 2.095024 -0.003873 -0.006100 -0.292229 0.117143 0.317610
    45 0.999380 -0.000236 -1.224995 -0.000001 0.000000 0.000000
    46 -0.122639 -0.721856 0.661690 -0.486644 0.223964 0.243056
    47 2.622113 -0.000648 0.002741 0.086641 0.232085 0.134975
    48 2.656250 0.000780 0.000159 0.668585 0.306980 1.162188
    49 2.197266 0.000516 -0.000121 0.505440 -0.145574 1.217274
    50 0.599951 0.959244 0.300102 0.174544 0.000000 0.000000
    51 2.556641 -0.000149 -0.000030 0.544726 0.124361 1.290931
    52 2.103851 0.005614 -0.001014 0.493431 -0.407389 0.675205
    53 0.999374 -0.000237 1.221081 0.292927 0.028379 0.134647
    54 0.310846 -0.606445 -0.498005 0.308107 -0.197598 0.313976
    55 1.873069 -0.000835 -0.004901 -0.000067 0.000015 0.244793
    56 1.200941 0.399582 -0.000237 -0.009465 0.016087 0.007127
    57 0.000586 0.100342 -0.000319 -0.120035 -0.021926 -0.209617
    58 -0.161663 0.051712 0.194808 -2.941982 0.122408 -0.060194
    59 2.010092 -0.003202 -0.003377 0.000006 -0.000011 0.519175
    60 0.000240 0.099802 -0.000395 -0.018823 0.010833 -0.239219
    61 -0.203197 0.048607 0.069150 -3.093332 0.033217 -0.046722
    62 1.180428 -0.006214 0.000780 -0.000014 0.000000 0.553569
    63 -0.000196 0.099625 -0.000034 0.000000 0.000000 -0.314102
    64 -0.088736 -0.688435 -0.145203 2.930407 -0.136130 0.513013
    65 1.712069 -0.003328 -0.000088 -0.000457 -0.000644 0.627356
    66 -0.000580 0.100145 -0.000311 -0.010912 0.023129 -0.260841
    67 -0.146030 -0.232426 -0.014225 3.028455 -0.094299 0.113020
    68 1.290632 0.000362 -0.000032 -0.001894 0.001186 -0.358756
    69 -0.658121 -0.003575 0.072645 -0.142711 0.027792 -0.077299
    70 1.868080 -0.003049 0.006083 0.000039 -0.000021 0.536581
    71 1.200079 0.399944 -0.000093 0.009465 -0.016087 0.007127
    72 0.000591 0.100342 0.000319 0.120035 0.021926 -0.209617
    73 0.068077 0.002285 -0.080050 3.111376 -0.069366 -0.060847
    74 2.007813 -0.000883 -0.000381 -0.000043 0.000037 1.417990
    75 0.000229 0.099802 0.000395 0.018823 -0.010833 -0.239219
    76 -0.018673 -0.001009 0.047544 3.109244 0.002635 -0.106673
    77 1.178665 0.001595 0.000845 0.000054 -0.000012 0.546573
    78 -0.000198 0.099628 0.000034 0.000000 0.000000 -0.314102
    79 0.036892 -0.634449 0.266284 -2.801062 0.174301 0.490914
    80 1.708008 0.000721 0.000199 0.000056 -0.000025 0.840846
    81 -0.000576 0.100136 0.000311 0.010912 -0.023129 -0.260841
    82 -0.003952 -0.281811 0.115047 -3.059162 0.089004 0.167964
    83 1.289627 0.003949 0.000061 0.006075 -0.000393 0.391277
    84 -0.171528 -0.018148 -0.099873 0.013484 -0.062184 -0.011780
    85 0.912716 0.007240 0.001326 0.000042 0.000045 0.391468
    86 -0.342617 0.053404 -0.025571 -2.909301 -0.017248 0.075276
    87 1.100231 -0.000930 -0.002434 0.000009 0.000014 0.133981
    88 -0.384983 0.330998 0.006848 -3.087207 -0.018765 -0.184279
    89 0.678146 0.006192 0.000002 -0.000018 -0.000019 0.239634
    90 -0.123848 0.072737 0.029507 2.898184 -0.060627 0.094834
    91 1.017166 -0.000154 -0.000252 -0.000083 -0.000014 0.317695
    92 -0.344986 0.123129 0.143151 2.994981 0.012396 0.059140
    93 -0.730988 0.177046 0.039141 -0.123731 0.076518 -0.084310
    94 0.925900 0.001298 -0.000896 -0.000002 -0.000011 -0.120971
    95 -0.124027 -0.052092 0.038496 3.077813 -0.008519 0.039229
    96 1.098633 0.000006 0.000469 0.000024 0.000052 0.880282
    97 -0.330082 0.160641 0.042780 3.128073 0.034033 -0.171236
    98 0.675854 0.005438 0.003272 -0.000010 0.000027 1.006524
    99 -0.019516 -0.016531 0.038578 -2.763781 0.050305 0.076828
    100 1.018555 -0.000026 -0.000397 0.000000 0.000000 1.057754
    101 -0.155312 0.130643 -0.021921 -3.022466 0.022433 -0.024903
    102 -0.252209 0.061937 -0.024914 -0.007671 -0.063171 -0.044392
    103 -0.085991 0.185203 -0.015180 -2.937063 -0.113970 -0.138991
    104 -0.286537 0.179852 0.024264 -3.109353 -0.049645 -0.029915
    105 -0.019489 0.147084 0.079203 2.893815 0.038585 -0.060594
    106 -0.046482 0.251898 0.129548 3.016165 0.077112 -0.042864
    107 0.039120 -0.040298 0.047739 3.084219 0.030470 -0.037414
    108 -0.233757 0.066630 0.001754 -3.133086 0.040141 -0.065413
    109 0.044266 0.020128 0.001684 -2.778763 -0.118872 -0.040488
    110 0.071495 0.074127 -0.048302 -3.035917 -0.059482 0.104366
    111 0.000000 0.000000 0.000000 0.000000 0.000000 -1.570796
    112 16.156743 1.660207 -2.804773 -1.463867 -0.491071 0.928756
    113 1.414063 0.000000 2.341797 0.000000 0.000000 0.000000
    114 1.194336 0.000004 2.341797 0.000000 0.000000 0.000000
    115 -11.508164 -6.664266 -19.332621 -1.677665 -0.374085 0.317368
    116 -0.575999 -0.004000 0.701999 0.000000 0.000000 0.000000
    117 -0.222000 0.000000 2.060996 0.000000 0.000000 0.000000
    118 0.414999 0.000000 0.937998 0.000000 0.000000 0.000000
    119 1.086997 -0.554999 1.709997 0.000000 0.000000 -1.570755
    120 4.654990 0.000000 0.242000 0.000000 0.000000 0.000000
    121 -1.234999 2.354995 -2.038996 -1.607262 0.223147 -0.356362
    122 4.367991 0.000000 0.177000 0.000000 0.000000 0.000000
    123 0.537998 0.000000 -3.214993 0.000000 0.000000 0.000000
    124 -0.126000 0.000000 -1.241997 0.000000 0.000000 0.000000
    125 1.572997 0.000000 2.342995 0.000000 0.000000 0.000000
    126 1.201998 0.000000 2.375995 0.000000 0.000000 0.000000
    127 -1.451998 0.000000 -3.396993 0.000000 0.000000 0.000000
    128 3.501993 0.017000 3.580993 0.000000 -0.159168 0.000000
    129 0.000000 0.000000 0.000000 0.000000 0.000000 0.000000
    130 0.745997 0.090000 -0.642999 0.000000 0.000000 0.000000
    131 -0.716000 0.604999 0.624999 0.000000 0.000000 0.000000
    132 2.751994 0.107000 0.669999 0.000000 0.000000 0.000000
    133 3.184993 0.000000 1.365997 0.000000 0.000000 0.000000
    134 0.000000 0.000000 0.000000 0.000000 0.000000 0.000000
    135 -0.106000 0.000000 64.320000 0.000000 0.000000 0.000000
    136 0.000000 0.000000 0.000000 0.000000 0.000000 0.000000
    137 0.000000 0.000000 0.000000 0.003823 -0.002888 0.001163
    138 23.089926 7.347625 13.160385 -1.463773 -0.491026 0.928737
    139 0.106000 0.000000 -64.320000 0.000000 0.000000 0.000000
    140 0.000000 0.000000 0.000000 0.000000 0.000000 0.000000
    141 0.000000 0.000000 -4.867002 -3.141592 0.000000 -3.128591
    142 0.000000 0.000000 4.867000 -3.141592 0.000000 -3.128591
    143 4.000000 -6.500000 0.000000 0.000000 0.000000 0.000977
    144 -6.500000 0.000000 0.000000 0.000000 1.570796 0.000000
    145 1.000088 -0.000029 0.000000 0.000000 0.000000 0.000000
    146 17.162516 -0.000404 0.000000 0.000000 0.000000 0.119214
    147 9.999891 -0.000303 0.000000 0.000000 0.000000 0.000000
    148 1.000088 -0.000029 0.000000 0.000000 0.000000 0.000000
    149 17.162516 -0.000404 0.000000 0.000000 0.000000 0.119214
    150 9.499836 0.000212 0.000000 0.000000 0.000000 0.000000
    151 0.000000 0.000000 0.000000 0.000000 0.000000 0.000000
    152 17.749374 0.295515 0.000000 0.000000 0.000000 -1.158958
    153 0.017889 0.299792 0.000000 0.000000 0.000000 -0.059582
    154 12.283573 1.581456 -4.696000 1.462269 -0.086726 0.090185
    155 17.749376 0.295515 0.000000 0.000000 0.000000 -1.158958
    156 0.017889 0.299792 0.000000 0.000000 0.000000 -0.059582
    157 13.354000 0.000000 0.000000 0.000000 0.000000 -0.294101
    158 4.530998 0.000000 0.000000 0.000000 0.000000 0.000000
    159 0.000000 0.000000 0.000000 0.000000 0.000000 0.000000
    160 5.413524 0.000347 0.000000 0.000000 0.000000 -0.518055
    161 5.413524 0.000347 0.000000 0.000000 0.000000 -0.518055
    162 4.662002 -5.366333 4.825191 1.569713 1.561305 -3.121213
    163 3.116966 -0.000443 0.000000 0.000000 0.000000 0.294101
    164 4.527344 0.000000 0.000000 0.000000 0.000000 0.000000
    165 -0.537999 0.000000 2.587000 0.000000 0.000000 0.000000
    166 -39.058474 49.988341 9.932583 1.402756 0.972800 0.354262
    167 2.302999 0.000000 0.188000 0.000000 0.000000 0.000000
    168 6.748000 0.000000 0.546000 0.000000 0.000000 0.000000
    169 3.512001 -3.547000 -1.066000 0.000000 1.570796 0.000000
    170 3.456001 -3.517000 1.169000 0.000000 1.570796 0.000000
    171 6.233002 0.000000 0.000000 0.000000 0.000000 0.000000
    172 -0.171997 -0.106000 -0.902000 1.570713 1.029176 -3.134550
    173 6.253716 -6.372187 0.007813 0.001163 -0.003823 0.002876
    174 3.999434 -0.000527 -0.000332 -0.067765 0.000006 0.000010
    175 3.999897 0.000041 0.001007 -0.309250 0.000000 0.000000
    176 1.598000 0.000000 0.000000 0.000000 0.000000 0.000000
    177 -1.145525 0.000130 0.000668 0.000000 0.000000 0.000000
    178 2.299679 -2.499979 -0.599480 0.892020 0.221483 -0.527313
    179 11.385676 -14.857581 13.727850 1.298742 -1.355924 -1.296014
    180 -9.580683 -27.862110 -37.184666 0.812879 -0.123459 -0.568477
    181 0.649933 -0.548295 0.093651 -1.665913 -0.131399 -0.112062
    182 0.657077 0.008401 0.040371 -1.665945 -0.131407 -0.000013
    183 0.665776 0.747221 -0.029190 -1.665935 -0.131408 0.094976
    184 2.300138 -2.499413 0.600155 -0.891929 -0.221512 -0.527290
    185 11.365068 1.105308 3.752254 2.036514 -0.307328 0.198880
    186 2.762354 0.116951 1.523975 1.629482 0.064153 1.743800
    187 7.228319 7.928203 -3.925648 2.328713 0.123459 -0.568477
    188 0.650396 -0.547731 -0.092976 1.665913 0.131399 -0.112062
    189 0.657069 0.008398 -0.040379 1.665945 0.131407 -0.000013
    190 0.665777 0.747222 0.029182 1.665935 0.131408 0.094976
    191 -4.481003 -0.202000 0.000000 0.000000 0.000000 0.000000
    192 -5.516998 -0.291000 -0.001000 0.000000 0.000000 0.000000
    193 -0.857700 0.104071 0.104683 0.023536 0.163924 0.013632
    194 1.899119 0.000427 -0.000439 0.027386 -0.033311 0.477848
    195 1.799660 -0.000233 0.000231 0.027386 -0.033311 0.477848
    196 1.799660 -0.000233 0.000231 0.027386 -0.033311 0.477848
    197 1.799660 -0.000233 0.000231 0.027386 -0.033311 0.477848
    198 1.900313 -0.000137 -0.000516 0.027386 -0.033311 0.477848
    199 1.899433 -0.000317 -0.000151 -0.027386 0.033311 0.477848
    200 1.799662 -0.000233 -0.000233 -0.027386 0.033311 0.477848
    201 1.799662 -0.000233 -0.000233 -0.027386 0.033311 0.477848
    202 1.799662 -0.000233 -0.000233 -0.027386 0.033311 0.477848
    203 1.900723 0.000553 -0.000072 -0.027386 0.033311 0.477848
    204 0.599884 0.400187 -0.000031 0.000000 0.000000 0.000000
    205 0.599888 0.400187 0.000031 0.000000 0.000000 -3.141592
    206 0.599503 0.400696 0.000234 0.000000 0.000000 0.000000
    207 0.600399 0.399632 -0.000466 0.000000 0.000000 -3.141592
  time 22
    0 0.000000 0.000000 0.000000 0.000000 0.000000 -1.570796
    1 -0.106323 0.000000 -0.000198 0.000000 0.000000 0.000000
    2 0.000000 0.000000 0.000000 0.000000 0.000000 0.000000
    3 -0.904000 0.000000 -11.806000 0.000000 0.000000 0.000000
    4 0.000000 0.000000 -14.313999 0.000000 -1.570796 1.570857
    5 3.533001 0.000000 0.000000 0.000000 0.000000 0.000000
    6 6.250000 0.000000 0.000000 0.000000 0.000000 0.000000
    7 9.568951 1.914146 -1.819016 -0.161276 1.437255 -0.160129
    8 9.846303 1.457101 4.639427 0.626509 -1.202622 -0.636968
    9 5.790726 0.002787 -0.000113 -0.419971 1.048019 -1.025904
    10 5.999492 -0.000592 -4.000343 0.000000 0.000000 0.000000
    11 5.791316 0.006489 0.004799 0.626873 -0.220104 -1.295068
    12 5.999492 -0.000592 4.000336 0.000000 0.000000 0.000000
    13 0.500225 0.000133 -0.000088 -0.173981 0.000000 0.000000
    14 11.534559 0.004255 -0.001312 -0.000017 0.000009 -1.625529
    15 -0.829338 0.893824 0.079659 -0.148839 0.047645 0.087266
    16 0.500225 0.000132 0.000076 0.090892 -0.000048 0.000000
    17 11.532495 0.004432 -0.000089 0.000066 -0.000106 -1.139777
    18 -0.829586 0.894698 -0.079464 0.045377 -0.019621 0.087266
    19 10.599884 0.000105 -0.000553 -0.715352 0.000000 0.000000
    20 0.529834 -0.501750 -0.000805 0.000024 0.000047 0.812796
    21 11.042057 -0.000189 0.000798 -0.709584 0.026876 0.133413
    22 -1.214832 0.203470 -0.477489 -0.135025 -0.078677 -0.001289
    23 10.599880 0.000105 0.000549 -0.377038 0.000000 -0.000048
    24 0.201697 -0.318151 0.000801 -0.000048 0.000073 0.569930
    25 11.041742 0.003171 -0.000571 -0.411652 0.405108 -0.118187
    26 -1.063377 0.077663 0.150230 0.045121 0.020046 -0.012850
    27 0.610302 -0.939470 0.070343 -1.699599 -0.259805 -0.156405
    28 0.639940 -0.199121 0.060188 -1.668044 -0.246647 -0.055181
    29 0.600155 1.080261 -0.339535 -1.735477 -0.065858 0.074955
    30 0.610207 0.400743 -0.010101 -1.764473 -0.163233 0.062826
    31 0.634715 -0.693997 -0.236250 0.053445 -0.056054 -0.739443
    32 -0.792125 0.203736 0.461300 1.439074 -0.003453 -0.018305
    33 0.610300 -0.939469 -0.070351 1.655335 0.140029 -0.175632
    34 0.639937 -0.199121 -0.060200 1.659528 0.202500 -0.040444
    35 0.600157 1.080259 0.339531 1.738023 -0.020790 0.107397
    36 0.610205 0.400743 0.010086 1.767175 0.146065 0.084305
    37 0.624002 -0.695300 0.236176 -0.522674 -0.536711 -1.173815
    38 -0.626031 -0.069983 -0.080517 -1.447153 0.086151 0.021559
    39 2.625284 -0.002532 -0.001438 -0.212043 -0.190469 -0.005121
    40 2.660837 0.000397 -0.000071 -0.231949 -0.191547 0.214840
    41 2.206394 0.003368 -0.006769 -0.023417 -0.135330 0.085210
    42 0.599952 0.959240 -0.300102 -0.174544 0.000000 0.000000
    43 2.557190 -0.001967 0.006359 0.062635 -0.003704 0.241507
    44 2.095024 -0.003873 -0.002193 -0.291875 -0.027011 0.323736
    45 0.999380 -0.000236 -1.240621 -0.000001 0.000000 0.000000
    46 -0.122639 -0.721856 0.661690 -0.486644 0.223964 0.243056
    47 2.626019 -0.000648 0.002741 0.084591 0.260069 0.158862
    48 2.656250 0.000780 0.000159 0.668585 0.306980 1.162188
    49 2.197266 0.000516 -0.000121 0.505440 -0.145574 1.217274
    50 0.599951 0.959244 0.300102 0.174544 0.000000 0.000000
    51 2.556641 -0.000149 -0.000030 0.544726 0.124361 1.290931
    52 2.103851 0.005614 -0.001014 0.523081 -0.399958 0.652823
    53 0.999374 -0.000237 1.174205 0.292927 0.028379 0.134647
    54 0.310846 -0.606445 -0.498005 0.308107 -0.197598 0.313976
    55 1.869163 -0.004741 -0.004901 -0.000007 -0.000044 0.197852
    56 1.200941 0.399582 -0.000237 -0.009465 0.016087 0.007127
    57 0.000586 0.100342 -0.000319 -0.120035 -0.021926 -0.209617
    58 -0.161663 0.051712 0.194808 -2.941982 0.122408 -0.060194
    59 2.010092 -0.003202 -0.003377 0.000018 0.000013 0.466325
    60 0.000240 0.099802 -0.000395 -0.018823 0.010833 -0.239219
    61 -0.203197 0.048607 0.069150 -3.093332 0.033217 -0.046722
    62 1.180428 -0.006214 0.000780 -0.000014 0.000000 0.544459
    63 -0.000196 0.099625 -0.000034 0.000000 0.000000 -0.314102
    64 -0.088736 -0.688435 -0.145203 2.930407 -0.136130 0.513013
    65 1.715976 -0.003328 0.003818 -0.001751 -0.002214 0.604816
    66 -0.000580 0.100145 -0.000311 -0.010912 0.023129 -0.260841
    67 -0.146030 -0.232426 -0.014225 3.028455 -0.094299 0.113020
    68 1.290632 0.000362 -0.000032 -0.006951 0.004470 -0.384383
    69 -0.658121 -0.003575 0.072645 -0.142711 0.027792 -0.077299
    70 1.868080 -0.003049 0.006083 0.000075 -0.000033 0.325785
    71 1.200079 0.399944 -0.000093 0.009465 -0.016087 0.007127
    72 0.000591 0.100342 0.000319 0.120035 0.021926 -0.209617
    73 0.068077 0.002285 -0.080050 3.111376 -0.069366 -0.060847
    74 2.007813 -0.000883 -0.000381 -0.000043 0.000037 1.417990
    75 0.000229 0.099802 0.000395 0.018823 -0.010833 -0.239219
    76 -0.018673 -0.001009 0.047544 3.109244 0.002635 -0.106673
    77 1.178665 0.001595 0.000845 0.000054 -0.000012 0.546573
    78 -0.000198 0.099628 0.000034 0.000000 0.000000 -0.314102
    79 0.036892 -0.634449 0.266284 -2.801062 0.174301 0.490914
    80 1.708008 0.000721 0.000199 0.000056 -0.000025 0.840846
    81 -0.000576 0.100136 0.000311 0.010912 -0.023129 -0.260841
    82 -0.003952 -0.281811 0.115047 -3.059162 0.089004 0.167964
    83 1.289627 0.003949 0.000061 0.022793 -0.001352 0.214620
    84 -0.171528 -0.018148 -0.099873 0.013484 -0.062184 -0.011780
    85 0.912716 0.007240 0.001326 0.000078 0.000069 0.338220
    86 -0.342617 0.053404 -0.025571 -2.909301 -0.017248 0.075276
    87 1.100231 -0.000930 -0.002434 0.000009 0.000014 0.116642
    88 -0.384983 0.330998 0.006848 -3.087207 -0.018765 -0.184279
    89 0.678146 0.006192 0.000002 -0.000018 -0.000019 0.222385
    90 -0.123848 0.072737 0.029507 2.898184 -0.060627 0.094834
    91 1.017166 -0.000154 -0.000252 -0.000023 -0.000014 0.299482
    92 -0.344986 0.123129 0.143151 2.994981 0.012396 0.059140
    93 -0.730988 0.177046 0.039141 -0.123731 0.076518 -0.084310
    94 0.925900 0.001298 -0.000896 -0.000002 -0.000071 -0.005437
    95 -0.124027 -0.052092 0.038496 3.077813 -0.008519 0.039229
    96 1.098633 0.000006 0.000469 0.000024 0.000052 0.880282
    97 -0.330082 0.160641 0.042780 3.128073 0.034033 -0.171236
    98 0.675854 0.005438 0.003272 -0.000010 0.000027 1.006524
    99 -0.019516 -0.016531 0.038578 -2.763781 0.050305 0.076828
    100 1.018555 -0.000026 -0.000397 0.000000 0.000000 1.057754
    101 -0.155312 0.130643 -0.021921 -3.022466 0.022433 -0.024903
    102 -0.252209 0.061937 -0.024914 -0.007671 -0.063171 -0.044392
    103 -0.085991 0.185203 -0.015180 -2.937063 -0.113970 -0.138991
    104 -0.286537 0.179852 0.024264 -3.109353 -0.049645 -0.029915
    105 -0.019489 0.147084 0.079203 2.893815 0.038585 -0.060594
    106 -0.046482 0.251898 0.129548 3.016165 0.077112 -0.042864
    107 0.039120 -0.040298 0.047739 3.084219 0.030470 -0.037414
    108 -0.233757 0.066630 0.001754 -3.133086 0.040141 -0.065413
    109 0.044266 0.020128 0.001684 -2.778763 -0.118872 -0.040488
    110 0.071495 0.074127 -0.048302 -3.035917 -0.059482 0.104366
    111 0.000000 0.000000 0.000000 0.000000 0.000000 -1.570796
    112 16.547380 0.906278 -2.886807 -1.047191 -0.333950 0.720437
    113 1.414063 0.000000 2.341797 0.000000 0.000000 0.000000
    114 1.194336 0.000004 2.341797 0.000000 0.000000 0.000000
    115 -9.570605 -0.761742 -16.219245 -1.284860 -0.598018 0.091999
    116 -0.575999 -0.004000 0.701999 0.000000 0.000000 0.000000
    117 -0.222000 0.000000 2.060996 0.000000 0.000000 0.000000
    118 0.414999 0.000000 0.937998 0.000000 0.000000 0.000000
    119 1.086997 -0.554999 1.709997 0.000000 0.000000 -1.570755
    120 4.654990 0.000000 0.242000 0.000000 0.000000 0.000000
    121 -1.234999 2.354995 -2.038996 -1.607262 0.223147 -0.356362
    122 4.367991 0.000000 0.177000 0.000000 0.000000 0.000000
    123 0.537998 0.000000 -3.214993 0.000000 0.000000 0.000000
    124 -0.126000 0.000000 -1.241997 0.000000 0.000000 0.000000
    125 1.572997 0.000000 2.342995 0.000000 0.000000 0.000000
    126 1.201998 0.000000 2.375995 0.000000 0.000000 0.000000
    127 -1.451998 0.000000 -3.396993 0.000000 0.000000 0.000000
    128 3.501993 0.017000 3.580993 0.000000 -0.159168 0.000000
    129 0.000000 0.000000 0.000000 0.000000 0.000000 0.000000
    130 0.745997 0.090000 -0.642999 0.000000 0.000000 0.000000
    131 -0.716000 0.604999 0.624999 0.000000 0.000000 0.000000
    132 2.751994 0.107000 0.669999 0.000000 0.000000 0.000000
    133 3.184993 0.000000 1.365997 0.000000 0.000000 0.000000
    134 0.000000 0.000000 0.000000 0.000000 0.000000 0.000000
    135 -0.106000 0.000000 64.320000 0.000000 0.000000 0.000000
    136 0.000000 0.000000 0.000000 0.000000 0.000000 0.000000
    137 0.000000 0.000000 0.000000 0.007658 -0.005177 0.003152
    138 24.957170 5.851485 11.265796 -1.047175 -0.334007 0.720414
    139 0.106000 0.000000 -64.320000 0.000000 0.000000 0.000000
    140 0.000000 0.000000 0.000000 0.000000 0.000000 0.000000
    141 0.000000 0.000000 -4.867002 -3.141592 0.000000 -3.128591
    142 0.000000 0.000000 4.867000 -3.141592 0.000000 -3.128591
    143 4.000000 -6.500000 0.000000 0.000000 0.000000 0.000977
    144 -6.500000 0.000000 0.000000 0.000000 1.570796 0.000000
    145 1.000088 -0.000029 0.000000 0.000000 0.000000 0.000000
    146 17.162516 -0.000404 0.000000 0.000000 0.000000 0.119214
    147 9.999891 -0.000303 0.000000 0.000000 0.000000 0.000000
    148 1.000088 -0.000029 0.000000 0.000000 0.000000 0.000000
    149 17.162516 -0.000404 0.000000 0.000000 0.000000 0.119214
    150 9.499836 0.000212 0.000000 0.000000 0.000000 0.000000
    151 0.000000 0.000000 0.000000 0.000000 0.000000 0.000000
    152 17.749374 0.295515 0.000000 0.000000 0.000000 -1.158958
    153 0.017889 0.299792 0.000000 0.000000 0.000000 -0.059582
    154 12.283573 1.581456 -4.696000 1.462269 -0.086726 0.090185
    155 17.749376 0.295515 0.000000 0.000000 0.000000 -1.158958
    156 0.017889 0.299792 0.000000 0.000000 0.000000 -0.059582
    157 13.354000 0.000000 0.000000 0.000000 0.000000 -0.294101
    158 4.530998 0.000000 0.000000 0.000000 0.000000 0.000000
    159 0.000000 0.000000 0.000000 0.000000 0.000000 0.000000
    160 5.413524 0.000347 0.000000 0.000000 0.000000 -0.518055
    161 5.413524 0.000347 0.000000 0.000000 0.000000 -0.518055
    162 4.662002 -5.366333 4.825191 1.569713 1.561305 -3.121213
    163 3.116966 -0.000443 0.000000 0.000000 0.000000 0.294101
    164 4.527344 0.000000 0.000000 0.000000 0.000000 0.000000
    165 -0.537999 0.000000 2.587000 0.000000 0.000000 0.000000
    166 -32.808283 51.648548 -14.665824 0.854859 0.767667 -0.162021
    167 2.302999 0.000000 0.188000 0.000000 0.000000 0.000000
    168 6.748000 0.000000 0.546000 0.000000 0.000000 0.000000
    169 3.512001 -3.547000 -1.066000 0.000000 1.570796 0.000000
    170 3.456001 -3.517000 1.169000 0.000000 1.570796 0.000000
    171 6.233002 0.000000 0.000000 0.000000 0.000000 0.000000
    172 -0.171997 -0.106000 -0.902000 1.570713 1.029176 -3.134550
    173 6.261529 -6.360468 0.011719 0.003152 -0.007682 0.005153
    174 3.999434 -0.000527 -0.000332 -0.357722 0.000006 0.000010
    175 3.999897 0.000041 0.001007 -0.188485 0.000000 0.000000
    176 1.598000 0.000000 0.000000 0.000000 0.000000 0.000000
    177 -1.145525 0.000130 0.000668 0.000000 0.000000 0.000000
    178 2.299679 -2.499979 -0.599480 0.892020 0.221483 -0.527313
    179 10.541900 -13.728640 7.653446 1.724977 -1.083365 -1.176775
    180 -9.580683 -27.862110 -37.184666 0.812879 -0.123459 -0.568477
    181 0.649933 -0.548295 0.093651 -1.665913 -0.131399 -0.112062
    182 0.657077 0.008401 0.040371 -1.665945 -0.131407 -0.000013
    183 0.665776 0.747221 -0.029190 -1.665935 -0.131408 0.094976
    184 2.300138 -2.499413 0.600155 -0.891929 -0.221512 -0.527290
    185 11.365068 1.105308 3.752254 2.036514 -0.307328 0.198880
    186 2.762354 0.116951 1.523975 1.629482 0.064153 1.743800
    187 7.228319 7.928203 -3.925648 2.328713 0.123459 -0.568477
    188 0.650396 -0.547731 -0.092976 1.665913 0.131399 -0.112062
    189 0.657069 0.008398 -0.040379 1.665945 0.131407 -0.000013
    190 0.665777 0.747222 0.029182 1.665935 0.131408 0.094976
    191 -4.481003 -0.202000 0.000000 0.000000 0.000000 0.000000
    192 -5.516998 -0.291000 -0.001000 0.000000 0.000000 0.000000
    193 -0.857700 0.104071 0.104683 0.023536 0.163924 0.013632
    194 1.899119 0.000427 -0.000439 0.027386 -0.033311 0.477848
    195 1.799660 -0.000233 0.000231 0.027386 -0.033311 0.477848
    196 1.799660 -0.000233 0.000231 0.027386 -0.033311 0.477848
    197 1.799660 -0.000233 0.000231 0.027386 -0.033311 0.477848
    198 1.900313 -0.000137 -0.000516 0.027386 -0.033311 0.477848
    199 1.899433 -0.000317 -0.000151 -0.027386 0.033311 0.477848
    200 1.799662 -0.000233 -0.000233 -0.027386 0.033311 0.477848
    201 1.799662 -0.000233 -0.000233 -0.027386 0.033311 0.477848
    202 1.799662 -0.000233 -0.000233 -0.027386 0.033311 0.477848
    203 1.900723 0.000553 -0.000072 -0.027386 0.033311 0.477848
    204 0.599884 0.400187 -0.000031 0.000000 0.000000 0.000000
    205 0.599888 0.400187 0.000031 0.000000 0.000000 -3.141592
    206 0.599503 0.400696 0.000234 0.000000 0.000000 0.000000
    207 0.600399 0.399632 -0.000466 0.000000 0.000000 -3.141592
  time 23
    0 0.000000 0.000000 0.000000 0.000000 0.000000 -1.570796
    1 -0.106323 0.000000 -0.000198 0.000000 0.000000 0.000000
    2 0.000000 0.000000 0.000000 0.000000 0.000000 0.000000
    3 -0.904000 0.000000 -11.806000 0.000000 0.000000 0.000000
    4 0.000000 0.000000 -14.313999 0.000000 -1.570796 1.570857
    5 3.533001 0.000000 0.000000 0.000000 0.000000 0.000000
    6 6.250000 0.000000 0.000000 0.000000 0.000000 0.000000
    7 9.568951 1.914146 -1.819016 -0.161276 1.437255 -0.160129
    8 9.943962 1.015681 5.510547 0.553168 -1.231199 -0.561558
    9 5.790726 0.002787 -0.000113 -0.648452 0.918682 -1.309215
    10 5.999492 -0.000592 -4.000343 0.000000 0.000000 0.000000
    11 5.791316 0.002582 0.000893 0.712040 -0.317871 -1.386249
    12 5.999492 -0.000592 4.000336 0.000000 0.000000 0.000000
    13 0.500225 0.000133 -0.000088 -0.122322 0.000000 0.000000
    14 11.534559 0.004255 -0.001312 -0.000065 0.000069 -1.479161
    15 -0.829338 0.893824 0.079659 -0.148839 0.047645 0.087266
    16 0.500225 0.000132 0.000076 0.044979 0.000000 0.000000
    17 11.536401 0.000526 -0.000089 0.000006 -0.000022 -1.261357
    18 -0.829586 0.894698 -0.079464 0.045377 -0.019621 0.087266
    19 10.599884 0.000105 -0.000553 -0.791150 0.000000 0.000000
    20 0.420456 -0.447061 -0.000805 0.000000 0.000011 0.739569
    21 11.042057 -0.000189 0.000798 -0.790588 -0.062429 0.163056
    22 -1.214832 0.203470 -0.477489 -0.135025 -0.078677 -0.001289
    23 10.599880 0.000105 0.000549 -0.061192 0.000000 0.000000
    24 0.256386 -0.353308 0.000801 -0.000060 0.000013 0.630633
    25 11.041742 0.003171 -0.000571 -0.062911 0.432471 0.347125
    26 -1.063377 0.077663 0.150230 0.045121 0.020046 -0.012850
    27 0.610302 -0.939470 0.070343 -1.704600 -0.275013 -0.154116
    28 0.639940 -0.199121 0.060188 -1.668604 -0.262012 -0.053552
    29 0.600155 1.080261 -0.339535 -1.735053 -0.083056 0.077771
    30 0.610207 0.400743 -0.010101 -1.765011 -0.178525 0.065894
    31 0.634715 -0.693997 -0.232343 0.050489 -0.055912 -0.709657
    32 -0.792125 0.203736 0.461300 1.439074 -0.003453 -0.018305
    33 0.610300 -0.939469 -0.070351 1.655335 0.140029 -0.175632
    34 0.639937 -0.199121 -0.060200 1.659528 0.202500 -0.040444
    35 0.600157 1.080259 0.339531 1.738023 -0.020790 0.107385
    36 0.610205 0.400743 0.010086 1.767175 0.146065 0.084305
    37 0.624002 -0.695300 0.236176 -0.376188 -0.515907 -1.315769
    38 -0.626031 -0.069983 -0.080517 -1.447153 0.086151 0.021559
    39 2.621377 -0.002532 -0.001438 -0.186374 -0.185002 -0.121845
    40 2.664743 0.000397 -0.000071 -0.225726 -0.204999 0.103501
    41 2.206394 0.003368 -0.002863 -0.017902 -0.158720 -0.020579
    42 0.599952 0.959240 -0.300102 -0.174544 0.000000 0.000000
    43 2.557190 -0.005873 0.006359 0.070455 -0.005430 0.137100
    44 2.095024 -0.003873 -0.006100 -0.301879 -0.192875 0.344067
    45 0.999380 -0.000236 -1.264059 -0.000001 0.000000 0.000000
    46 -0.122639 -0.721856 0.661690 -0.486644 0.223964 0.243056
    47 2.622113 -0.000648 0.006647 0.076715 0.300421 0.170077
    48 2.656250 0.000780 0.000159 0.668585 0.306980 1.162188
    49 2.197266 0.000516 -0.000121 0.505440 -0.145574 1.217274
    50 0.599951 0.959244 0.300102 0.174544 0.000000 0.000000
    51 2.556641 -0.000149 -0.000030 0.544726 0.124361 1.290931
    52 2.103851 0.005614 -0.001014 0.565105 -0.390563 0.624062
    53 0.999374 -0.000237 1.123422 0.292927 0.028379 0.134647
    54 0.310846 -0.606445 -0.498005 0.308107 -0.197598 0.313976
    55 1.873069 -0.000835 -0.000994 -0.000007 0.000004 0.165525
    56 1.200941 0.399582 -0.000237 -0.009465 0.016087 0.007127
    57 0.000586 0.100342 -0.000319 -0.120035 -0.021926 -0.209617
    58 -0.161663 0.051712 0.194808 -2.941982 0.122408 -0.060194
    59 2.010092 -0.003202 -0.003377 0.000018 0.000013 0.423025
    60 0.000240 0.099802 -0.000395 -0.018823 0.010833 -0.239219
    61 -0.203197 0.048607 0.069150 -3.093332 0.033217 -0.046722
    62 1.180428 -0.006214 0.000780 -0.000038 0.000012 0.541282
    63 -0.000196 0.099625 -0.000034 0.000000 0.000000 -0.314102
    64 -0.088736 -0.688435 -0.145203 2.930407 -0.136130 0.513013
    65 1.715976 -0.003328 0.003818 -0.003693 -0.004635 0.587850
    66 -0.000580 0.100145 -0.000311 -0.010912 0.023129 -0.260841
    67 -0.146030 -0.232426 -0.014225 3.028455 -0.094299 0.113020
    68 1.290632 0.000362 -0.000032 -0.014442 0.009288 -0.397504
    69 -0.658121 -0.003575 0.072645 -0.142711 0.027792 -0.077299
    70 1.868080 -0.003049 0.006083 0.000003 -0.000021 0.354414
    71 1.200079 0.399944 -0.000093 0.009465 -0.016087 0.007127
    72 0.000591 0.100342 0.000319 0.120035 0.021926 -0.209617
    73 0.068077 0.002285 -0.080050 3.111376 -0.069366 -0.060847
    74 2.007813 -0.000883 -0.000381 -0.000043 0.000037 1.417990
    75 0.000229 0.099802 0.000395 0.018823 -0.010833 -0.239219
    76 -0.018673 -0.001009 0.047544 3.109244 0.002635 -0.106673
    77 1.178665 0.001595 0.000845 0.000054 -0.000012 0.546573
    78 -0.000198 0.099628 0.000034 0.000000 0.000000 -0.314102
    79 0.036892 -0.634449 0.266284 -2.801062 0.174301 0.490914
    80 1.708008 0.000721 0.000199 0.000056 -0.000025 0.840846
    81 -0.000576 0.100136 0.000311 0.010912 -0.023129 -0.260841
    82 -0.003952 -0.281811 0.115047 -3.059162 0.089004 0.167964
    83 1.289627 0.003949 0.000061 0.047362 -0.002766 0.003772
    84 -0.171528 -0.018148 -0.099873 0.013484 -0.062184 -0.011780
    85 0.916622 0.007240 0.001326 -0.000041 0.000033 0.291293
    86 -0.342617 0.053404 -0.025571 -2.909301 -0.017248 0.075276
    87 1.100231 -0.000930 -0.002434 0.000009 0.000014 0.109377
    88 -0.384983 0.330998 0.006848 -3.087207 -0.018765 -0.184279
    89 0.678146 0.006192 -0.003905 -0.000018 -0.000019 0.215485
    90 -0.123848 0.072737 0.029507 2.898184 -0.060627 0.094834
    91 1.017166 -0.000154 -0.000252 -0.000023 -0.000014 0.291646
    92 -0.344986 0.123129 0.143151 2.994981 0.012396 0.059140
    93 -0.730988 0.177046 0.039141 -0.123731 0.076518 -0.084310
    94 0.925900 0.001298 -0.000896 -0.000002 -0.000011 0.174306
    95 -0.124027 -0.052092 0.038496 3.077813 -0.008519 0.039229
    96 1.098633 0.000006 0.000469 0.000024 0.000052 0.880282
    97 -0.330082 0.160641 0.042780 3.128073 0.034033 -0.171236
    98 0.675854 0.005438 0.003272 -0.000010 0.000027 1.006524
    99 -0.019516 -0.016531 0.038578 -2.763781 0.050305 0.076828
    100 1.018555 -0.000026 -0.000397 0.000000 0.000000 1.057754
    101 -0.155312 0.130643 -0.021921 -3.022466 0.022433 -0.024903
    102 -0.252209 0.061937 -0.024914 -0.007671 -0.063171 -0.044392
    103 -0.085991 0.185203 -0.015180 -2.937063 -0.113970 -0.138991
    104 -0.286537 0.179852 0.024264 -3.109353 -0.049645 -0.029915
    105 -0.019489 0.147084 0.079203 2.893815 0.038585 -0.060594
    106 -0.046482 0.251898 0.129548 3.016165 0.077112 -0.042864
    107 0.039120 -0.040298 0.047739 3.084219 0.030470 -0.037414
    108 -0.233757 0.066630 0.001754 -3.133086 0.040141 -0.065413
    109 0.044266 0.020128 0.001684 -2.778763 -0.118872 -0.040488
    110 0.071495 0.074127 -0.048302 -3.035917 -0.059482 0.104366
    111 0.000000 0.000000 0.000000 0.000000 0.000000 -1.570796
    112 16.766137 -0.007813 -2.918058 -0.576344 -0.146680 0.480198
    113 1.414063 0.000000 2.341797 0.000000 0.000000 0.000000
    114 1.194336 0.000004 2.341797 0.000000 0.000000 0.000000
    115 -5.211097 4.429823 -10.687826 -0.692556 -0.807562 -0.425205
    116 -0.575999 -0.004000 0.701999 0.000000 0.000000 0.000000
    117 -0.222000 0.000000 2.060996 0.000000 0.000000 0.000000
    118 0.414999 0.000000 0.937998 0.000000 0.000000 0.000000
    119 1.086997 -0.554999 1.709997 0.000000 0.000000 -1.570755
    120 4.654990 0.000000 0.242000 0.000000 0.000000 0.000000
    121 -1.234999 2.354995 -2.038996 -1.607262 0.223147 -0.356362
    122 4.367991 0.000000 0.177000 0.000000 0.000000 0.000000
    123 0.537998 0.000000 -3.214993 0.000000 0.000000 0.000000
    124 -0.126000 0.000000 -1.241997 0.000000 0.000000 0.000000
    125 1.572997 0.000000 2.342995 0.000000 0.000000 0.000000
    126 1.201998 0.000000 2.375995 0.000000 0.000000 0.000000
    127 -1.451998 0.000000 -3.396993 0.000000 0.000000 0.000000
    128 3.501993 0.017000 3.580993 0.000000 -0.159168 0.000000
    129 0.000000 0.000000 0.000000 0.000000 0.000000 0.000000
    130 0.745997 0.090000 -0.642999 0.000000 0.000000 0.000000
    131 -0.716000 0.604999 0.624999 0.000000 0.000000 0.000000
    132 2.751994 0.107000 0.669999 0.000000 0.000000 0.000000
    133 3.184993 0.000000 1.365997 0.000000 0.000000 0.000000
    134 0.000000 0.000000 0.000000 0.000000 0.000000 0.000000
    135 -0.106000 0.000000 64.320000 0.000000 0.000000 0.000000
    136 0.000000 0.000000 0.000000 0.000000 0.000000 0.000000
    137 0.000000 0.000000 0.000000 0.006184 -0.004267 0.002433
    138 26.246272 3.574072 9.101667 -0.576403 -0.146698 0.480264
    139 0.106000 0.000000 -64.320000 0.000000 0.000000 0.000000
    140 0.000000 0.000000 0.000000 0.000000 0.000000 0.000000
    141 0.000000 0.000000 -4.867002 -3.141592 0.000000 -3.128591
    142 0.000000 0.000000 4.867000 -3.141592 0.000000 -3.128591
    143 4.000000 -6.500000 0.000000 0.000000 0.000000 0.000977
    144 -6.500000 0.000000 0.000000 0.000000 1.570796 0.000000
    145 1.000088 -0.000029 0.000000 0.000000 0.000000 0.000000
    146 17.162516 -0.000404 0.000000 0.000000 0.000000 0.119214
    147 9.999891 -0.000303 0.000000 0.000000 0.000000 0.000000
    148 1.000088 -0.000029 0.000000 0.000000 0.000000 0.000000
    149 17.162516 -0.000404 0.000000 0.000000 0.000000 0.119214
    150 9.499836 0.000212 0.000000 0.000000 0.000000 0.000000
    151 0.000000 0.000000 0.000000 0.000000 0.000000 0.000000
    152 17.749374 0.295515 0.000000 0.000000 0.000000 -1.158958
    153 0.017889 0.299792 0.000000 0.000000 0.000000 -0.059582
    154 12.283573 1.581456 -4.696000 1.462269 -0.086726 0.090185
    155 17.749376 0.295515 0.000000 0.000000 0.000000 -1.158958
    156 0.017889 0.299792 0.000000 0.000000 0.000000 -0.059582
    157 13.354000 0.000000 0.000000 0.000000 0.000000 -0.294101
    158 4.530998 0.000000 0.000000 0.000000 0.000000 0.000000
    159 0.000000 0.000000 0.000000 0.000000 0.000000 0.000000
    160 5.413524 0.000347 0.000000 0.000000 0.000000 -0.518055
    161 5.413524 0.000347 0.000000 0.000000 0.000000 -0.518055
    162 4.662002 -5.366333 4.825191 1.569713 1.561305 -3.121213
    163 3.116966 -0.000443 0.000000 0.000000 0.000000 0.294101
    164 4.527344 0.000000 0.000000 0.000000 0.000000 0.000000
    165 -0.537999 0.000000 2.587000 0.000000 0.000000 0.000000
    166 -24.085361 38.417676 -41.522112 0.474275 0.368333 -0.346166
    167 2.302999 0.000000 0.188000 0.000000 0.000000 0.000000
    168 6.748000 0.000000 0.546000 0.000000 0.000000 0.000000
    169 3.512001 -3.547000 -1.066000 0.000000 1.570796 0.000000
    170 3.456001 -3.517000 1.169000 0.000000 1.570796 0.000000
    171 6.233002 0.000000 0.000000 0.000000 0.000000 0.000000
    172 -0.171997 -0.106000 -0.902000 1.570713 1.029176 -3.134550
    173 6.265435 -6.356562 0.019532 0.002433 -0.006196 0.004255
    174 3.999434 -0.000527 -0.000332 -0.395693 0.000006 0.000010
    175 3.999897 0.000041 0.001007 -0.030609 0.000000 0.000000
    176 1.598000 0.000000 0.000000 0.000000 0.000000 0.000000
    177 -1.145525 0.000130 0.000668 0.000000 0.000000 0.000000
    178 2.299679 -2.499979 -0.599480 0.892020 0.221483 -0.527313
    179 11.815377 -9.876960 6.364344 1.607520 -1.014953 -0.491216
    180 -9.580683 -27.862110 -37.184666 0.812879 -0.123459 -0.568477
    181 0.649933 -0.548295 0.093651 -1.665913 -0.131399 -0.112062
    182 0.657077 0.008401 0.040371 -1.665945 -0.131407 -0.000013
    183 0.665776 0.747221 -0.029190 -1.665935 -0.131408 0.094976
    184 2.300138 -2.499413 0.600155 -0.891929 -0.221512 -0.527290
    185 11.365068 1.105308 3.752254 2.036514 -0.307328 0.198880
    186 2.762354 0.116951 1.523975 1.629482 0.064153 1.743800
    187 7.228319 7.928203 -3.925648 2.328713 0.123459 -0.568477
    188 0.650396 -0.547731 -0.092976 1.665913 0.131399 -0.112062
    189 0.657069 0.008398 -0.040379 1.665945 0.131407 -0.000013
    190 0.665777 0.747222 0.029182 1.665935 0.131408 0.094976
    191 -4.481003 -0.202000 0.000000 0.000000 0.000000 0.000000
    192 -5.516998 -0.291000 -0.001000 0.000000 0.000000 0.000000
    193 -0.857700 0.104071 0.104683 0.023536 0.163924 0.013632
    194 1.899119 0.000427 -0.000439 0.027386 -0.033311 0.477848
    195 1.799660 -0.000233 0.000231 0.027386 -0.033311 0.477848
    196 1.799660 -0.000233 0.000231 0.027386 -0.033311 0.477848
    197 1.799660 -0.000233 0.000231 0.027386 -0.033311 0.477848
    198 1.900313 -0.000137 -0.000516 0.027386 -0.033311 0.477848
    199 1.899433 -0.000317 -0.000151 -0.027386 0.033311 0.477848
    200 1.799662 -0.000233 -0.000233 -0.027386 0.033311 0.477848
    201 1.799662 -0.000233 -0.000233 -0.027386 0.033311 0.477848
    202 1.799662 -0.000233 -0.000233 -0.027386 0.033311 0.477848
    203 1.900723 0.000553 -0.000072 -0.027386 0.033311 0.477848
    204 0.599884 0.400187 -0.000031 0.000000 0.000000 0.000000
    205 0.599888 0.400187 0.000031 0.000000 0.000000 -3.141592
    206 0.599503 0.400696 0.000234 0.000000 0.000000 0.000000
    207 0.600399 0.399632 -0.000466 0.000000 0.000000 -3.141592
  time 24
    0 0.000000 0.000000 0.000000 0.000000 0.000000 -1.570796
    1 -0.106323 0.000000 -0.000198 0.000000 0.000000 0.000000
    2 0.000000 0.000000 0.000000 0.000000 0.000000 0.000000
    3 -0.904000 0.000000 -11.806000 0.000000 0.000000 0.000000
    4 0.000000 0.000000 -14.313999 0.000000 -1.570796 1.570857
    5 3.533001 0.000000 0.000000 0.000000 0.000000 0.000000
    6 6.250000 0.000000 0.000000 0.000000 0.000000 0.000000
    7 9.568951 1.914146 -1.819016 -0.161276 1.437255 -0.160129
    8 10.029902 0.652389 6.205881 0.466905 -1.257496 -0.473372
    9 5.790726 0.002787 -0.000113 -0.760110 0.788228 -1.463170
    10 5.999492 -0.000592 -4.000343 0.000000 0.000000 0.000000
    11 5.791316 0.002582 0.004799 0.748236 -0.351659 -1.484213
    12 5.999492 -0.000592 4.000336 0.000000 0.000000 0.000000
    13 0.500225 0.000133 -0.000088 -0.079171 0.000048 0.000000
    14 11.534559 0.000348 -0.001312 -0.000041 0.000033 -1.342248
    15 -0.829338 0.893824 0.079659 -0.148839 0.047645 0.087266
    16 0.500225 0.000132 0.000076 0.041192 0.000000 -0.000060
    17 11.536401 0.004432 -0.000089 -0.000030 0.000026 -1.341307
    18 -0.829586 0.894698 -0.079464 0.045377 -0.019621 0.087266
    19 10.599884 0.000105 -0.000553 -0.887364 0.000000 0.000000
    20 0.303264 -0.388466 -0.000805 -0.000024 0.000011 0.671122
    21 11.042057 -0.000189 0.000798 -0.906325 -0.181706 0.311690
    22 -1.214832 0.203470 -0.477489 -0.135025 -0.078677 -0.001289
    23 10.599880 0.000105 0.000549 0.356064 0.000000 0.000000
    24 0.307169 -0.388466 0.000801 -0.000024 -0.000047 0.670589
    25 11.041742 0.003171 -0.000571 0.323682 0.501241 0.834474
    26 -1.063377 0.077663 0.150230 0.045121 0.020046 -0.012850
    27 0.610302 -0.939470 0.070343 -1.708389 -0.285104 -0.152414
    28 0.639940 -0.199121 0.060188 -1.668756 -0.272258 -0.052533
    29 0.600155 1.080261 -0.339535 -1.734628 -0.093782 0.079617
    30 0.610207 0.400743 -0.010101 -1.765387 -0.188808 0.068064
    31 0.634715 -0.693997 -0.232343 0.049213 -0.055264 -0.697571
    32 -0.792125 0.203736 0.461300 1.439074 -0.003453 -0.018305
    33 0.610300 -0.939469 -0.070351 1.655335 0.140029 -0.175632
    34 0.639937 -0.199121 -0.060200 1.659528 0.202500 -0.040444
    35 0.600157 1.080259 0.339531 1.738023 -0.020790 0.107397
    36 0.610205 0.400743 0.010086 1.767175 0.146065 0.084305
    37 0.624002 -0.695300 0.232270 -0.310277 -0.506420 -1.380391
    38 -0.626031 -0.069983 -0.080517 -1.447153 0.086151 0.021559
    39 2.621377 -0.002532 -0.001438 -0.160450 -0.180433 -0.219513
    40 2.664743 0.000397 -0.000071 -0.216398 -0.215031 0.010350
    41 2.206394 0.003368 -0.002863 -0.015760 -0.178331 -0.106625
    42 0.599952 0.959240 -0.300102 -0.174544 0.000000 0.000000
    43 2.557190 -0.001967 0.002453 0.076090 -0.008846 0.049669
    44 2.095024 -0.003873 -0.006100 -0.321177 -0.328482 0.370300
    45 0.999380 -0.000236 -1.287497 -0.000001 0.000000 0.000000
    46 -0.122639 -0.721856 0.661690 -0.486644 0.223964 0.243056
    47 2.626019 -0.000648 0.002741 0.065787 0.346239 0.179229
    48 2.656250 0.000780 0.000159 0.668585 0.306980 1.162188
    49 2.197266 0.000516 -0.000121 0.505440 -0.145574 1.217274
    50 0.599951 0.959244 0.300102 0.174544 0.000000 0.000000
    51 2.556641 -0.000149 -0.000030 0.544726 0.124361 1.290931
    52 2.103851 0.005614 -0.001014 0.613576 -0.381430 0.595907
    53 0.999374 -0.000237 1.103890 0.292927 0.028379 0.134647
    54 0.310846 -0.606445 -0.498005 0.308107 -0.197598 0.313976
    55 1.873069 -0.004741 -0.000994 -0.000007 0.000004 0.147053
    56 1.200941 0.399582 -0.000237 -0.009465 0.016087 0.007127
    57 0.000586 0.100342 -0.000319 -0.120035 -0.021926 -0.209617
    58 -0.161663 0.051712 0.194808 -2.941982 0.122408 -0.060194
    59 2.010092 -0.007109 -0.003377 0.000018 0.000013 0.393110
    60 0.000240 0.099802 -0.000395 -0.018823 0.010833 -0.239219
    61 -0.203197 0.048607 0.069150 -3.093332 0.033217 -0.046722
    62 1.180428 -0.006214 0.000780 -0.000062 0.000024 0.538105
    63 -0.000196 0.099625 -0.000034 0.000000 0.000000 -0.314102
    64 -0.088736 -0.688435 -0.145203 2.930407 -0.136130 0.513013
    65 1.712069 0.000578 -0.000088 -0.006150 -0.007487 0.576909
    66 -0.000580 0.100145 -0.000311 -0.010912 0.023129 -0.260841
    67 -0.146030 -0.232426 -0.014225 3.028455 -0.094299 0.113020
    68 1.290632 0.000362 -0.000032 -0.023574 0.015172 -0.402474
    69 -0.658121 -0.003575 0.072645 -0.142711 0.027792 -0.077299
    70 1.868080 -0.003049 0.006083 0.000003 -0.000021 0.425732
    71 1.200079 0.399944 -0.000093 0.009465 -0.016087 0.007127
    72 0.000591 0.100342 0.000319 0.120035 0.021926 -0.209617
    73 0.068077 0.002285 -0.080050 3.111376 -0.069366 -0.060847
    74 2.007813 -0.000883 -0.000381 -0.000043 0.000037 1.417990
    75 0.000229 0.099802 0.000395 0.018823 -0.010833 -0.239219
    76 -0.018673 -0.001009 0.047544 3.109244 0.002635 -0.106673
    77 1.178665 0.001595 0.000845 0.000054 -0.000012 0.546573
    78 -0.000198 0.099628 0.000034 0.000000 0.000000 -0.314102
    79 0.036892 -0.634449 0.266284 -2.801062 0.174301 0.490914
    80 1.708008 0.000721 0.000199 0.000056 -0.000025 0.840846
    81 -0.000576 0.100136 0.000311 0.010912 -0.023129 -0.260841
    82 -0.003952 -0.281811 0.115047 -3.059162 0.089004 0.167964
    83 1.289627 0.003949 0.000061 0.077215 -0.004516 -0.172942
    84 -0.171528 -0.018148 -0.099873 0.013484 -0.062184 -0.011780
    85 0.916622 0.007240 0.001326 0.000019 0.000021 0.250774
    86 -0.342617 0.053404 -0.025571 -2.909301 -0.017248 0.075276
    87 1.100231 -0.000930 -0.002434 0.000009 0.000014 0.102152
    88 -0.384983 0.330998 0.006848 -3.087207 -0.018765 -0.184279
    89 0.678146 0.006192 0.000002 -0.000018 -0.000019 0.208585
    90 -0.123848 0.072737 0.029507 2.898184 -0.060627 0.094834
    91 1.017166 -0.000154 -0.000252 -0.000023 -0.000014 0.283809
    92 -0.344986 0.123129 0.143151 2.994981 0.012396 0.059140
    93 -0.730988 0.177046 0.039141 -0.123731 0.076518 -0.084310
    94 0.921993 0.001298 -0.000896 -0.000002 -0.000011 0.392085
    95 -0.124027 -0.052092 0.038496 3.077813 -0.008519 0.039229
    96 1.098633 0.000006 0.000469 0.000024 0.000052 0.880282
    97 -0.330082 0.160641 0.042780 3.128073 0.034033 -0.171236
    98 0.675854 0.005438 0.003272 -0.000010 0.000027 1.006524
    99 -0.019516 -0.016531 0.038578 -2.763781 0.050305 0.076828
    100 1.018555 -0.000026 -0.000397 0.000000 0.000000 1.057754
    101 -0.155312 0.130643 -0.021921 -3.022466 0.022433 -0.024903
    102 -0.252209 0.061937 -0.024914 -0.007671 -0.063171 -0.044392
    103 -0.085991 0.185203 -0.015180 -2.937063 -0.113970 -0.138991
    104 -0.286537 0.179852 0.024264 -3.109353 -0.049645 -0.029915
    105 -0.019489 0.147084 0.079203 2.893815 0.038585 -0.060594
    106 -0.046482 0.251898 0.129548 3.016165 0.077112 -0.042864
    107 0.039120 -0.040298 0.047739 3.084219 0.030470 -0.037414
    108 -0.233757 0.066630 0.001754 -3.133086 0.040141 -0.065413
    109 0.044266 0.020128 0.001684 -2.778763 -0.118872 -0.040488
    110 0.071495 0.074127 -0.048302 -3.035917 -0.059482 0.104366
    111 0.000000 0.000000 0.000000 0.000000 0.000000 -1.570796
    112 16.871609 -0.929716 -2.836024 -0.185853 0.010113 0.262452
    113 1.414063 0.000000 2.341797 0.000000 0.000000 0.000000
    114 1.194336 0.000004 2.341797 0.000000 0.000000 0.000000
    115 -0.359386 6.195502 -4.879055 -0.071548 -0.838081 -1.077873
    116 -0.575999 -0.004000 0.701999 0.000000 0.000000 0.000000
    117 -0.222000 0.000000 2.060996 0.000000 0.000000 0.000000
    118 0.414999 0.000000 0.937998 0.000000 0.000000 0.000000
    119 1.086997 -0.554999 1.709997 0.000000 0.000000 -1.570755
    120 4.654990 0.000000 0.242000 0.000000 0.000000 0.000000
    121 -1.234999 2.354995 -2.038996 -1.607262 0.223147 -0.356362
    122 4.367991 0.000000 0.177000 0.000000 0.000000 0.000000
    123 0.537998 0.000000 -3.214993 0.000000 0.000000 0.000000
    124 -0.126000 0.000000 -1.241997 0.000000 0.000000 0.000000
    125 1.572997 0.000000 2.342995 0.000000 0.000000 0.000000
    126 1.201998 0.000000 2.375995 0.000000 0.000000 0.000000
    127 -1.451998 0.000000 -3.396993 0.000000 0.000000 0.000000
    128 3.501993 0.017000 3.580993 0.000000 -0.159168 0.000000
    129 0.000000 0.000000 0.000000 0.000000 0.000000 0.000000
    130 0.745997 0.090000 -0.642999 0.000000 0.000000 0.000000
    131 -0.716000 0.604999 0.624999 0.000000 0.000000 0.000000
    132 2.751994 0.107000 0.669999 0.000000 0.000000 0.000000
    133 3.184993 0.000000 1.365997 0.000000 0.000000 0.000000
    134 0.000000 0.000000 0.000000 0.000000 0.000000 0.000000
    135 -0.106000 0.000000 64.320000 0.000000 0.000000 0.000000
    136 0.000000 0.000000 0.000000 0.000000 0.000000 0.000000
    137 0.000000 0.000000 0.000000 0.004722 -0.003344 0.001714
    138 26.722849 1.183374 7.558651 -0.185801 0.010088 0.262421
    139 0.106000 0.000000 -64.320000 0.000000 0.000000 0.000000
    140 0.000000 0.000000 0.000000 0.000000 0.000000 0.000000
    141 0.000000 0.000000 -4.867002 -3.141592 0.000000 -3.128591
    142 0.000000 0.000000 4.867000 -3.141592 0.000000 -3.128591
    143 4.000000 -6.500000 0.000000 0.000000 0.000000 0.000977
    144 -6.500000 0.000000 0.000000 0.000000 1.570796 0.000000
    145 1.000088 -0.000029 0.000000 0.000000 0.000000 0.000000
    146 17.162516 -0.000404 0.000000 0.000000 0.000000 0.119214
    147 9.999891 -0.000303 0.000000 0.000000 0.000000 0.000000
    148 1.000088 -0.000029 0.000000 0.000000 0.000000 0.000000
    149 17.162516 -0.000404 0.000000 0.000000 0.000000 0.119214
    150 9.499836 0.000212 0.000000 0.000000 0.000000 0.000000
    151 0.000000 0.000000 0.000000 0.000000 0.000000 0.000000
    152 17.749374 0.295515 0.000000 0.000000 0.000000 -1.158958
    153 0.017889 0.299792 0.000000 0.000000 0.000000 -0.059582
    154 12.283573 1.581456 -4.696000 1.462269 -0.086726 0.090185
    155 17.749376 0.295515 0.000000 0.000000 0.000000 -1.158958
    156 0.017889 0.299792 0.000000 0.000000 0.000000 -0.059582
    157 13.354000 0.000000 0.000000 0.000000 0.000000 -0.294101
    158 4.530998 0.000000 0.000000 0.000000 0.000000 0.000000
    159 0.000000 0.000000 0.000000 0.000000 0.000000 0.000000
    160 5.413524 0.000347 0.000000 0.000000 0.000000 -0.518055
    161 5.413524 0.000347 0.000000 0.000000 0.000000 -0.518055
    162 4.662002 -5.366333 4.825191 1.569713 1.561305 -3.121213
    163 3.116966 -0.000443 0.000000 0.000000 0.000000 0.294101
    164 4.527344 0.000000 0.000000 0.000000 0.000000 0.000000
    165 -0.537999 0.000000 2.587000 0.000000 0.000000 0.000000
    166 -15.885892 16.694356 -56.225686 0.182132 0.038168 -0.259836
    167 2.302999 0.000000 0.188000 0.000000 0.000000 0.000000
    168 6.748000 0.000000 0.546000 0.000000 0.000000 0.000000
    169 3.512001 -3.547000 -1.066000 0.000000 1.570796 0.000000
    170 3.456001 -3.517000 1.169000 0.000000 1.570796 0.000000
    171 6.233002 0.000000 0.000000 0.000000 0.000000 0.000000
    172 -0.171997 -0.106000 -0.902000 1.570713 1.029176 -3.134550
    173 6.265435 -6.360468 0.011719 0.001714 -0.004722 0.003332
    174 3.999434 -0.000527 -0.000332 -0.443840 0.000006 0.000010
    175 3.999897 0.000041 0.001007 0.178090 0.000060 0.000000
    176 1.598000 0.000000 0.000000 0.000000 0.000000 0.000000
    177 -1.145525 0.000130 0.000668 0.000000 0.000000 0.000000
    178 2.299679 -2.499979 -0.599480 0.892020 0.221483 -0.527313
    179 12.514617 -7.146408 2.864237 1.721646 -0.701733 -0.121264
    180 -9.580683 -27.862110 -37.184666 0.812879 -0.123459 -0.568477
    181 0.649933 -0.548295 0.093651 -1.665913 -0.131399 -0.112062
    182 0.657077 0.008401 0.040371 -1.665945 -0.131407 -0.000013
    183 0.665776 0.747221 -0.029190 -1.665935 -0.131408 0.094976
    184 2.300138 -2.499413 0.600155 -0.891929 -0.221512 -0.527290
    185 11.365068 1.105308 3.752254 2.036514 -0.307328 0.198880
    186 2.762354 0.116951 1.523975 1.629482 0.064153 1.743800
    187 7.228319 7.928203 -3.925648 2.328713 0.123459 -0.568477
    188 0.650396 -0.547731 -0.092976 1.665913 0.131399 -0.112062
    189 0.657069 0.008398 -0.040379 1.665945 0.131407 -0.000013
    190 0.665777 0.747222 0.029182 1.665935 0.131408 0.094976
    191 -4.481003 -0.202000 0.000000 0.000000 0.000000 0.000000
    192 -5.516998 -0.291000 -0.001000 0.000000 0.000000 0.000000
    193 -0.857700 0.104071 0.104683 0.023536 0.163924 0.013632
    194 1.899119 0.000427 -0.000439 0.027386 -0.033311 0.477848
    195 1.799660 -0.000233 0.000231 0.027386 -0.033311 0.477848
    196 1.799660 -0.000233 0.000231 0.027386 -0.033311 0.477848
    197 1.799660 -0.000233 0.000231 0.027386 -0.033311 0.477848
    198 1.900313 -0.000137 -0.000516 0.027386 -0.033311 0.477848
    199 1.899433 -0.000317 -0.000151 -0.027386 0.033311 0.477848
    200 1.799662 -0.000233 -0.000233 -0.027386 0.033311 0.477848
    201 1.799662 -0.000233 -0.000233 -0.027386 0.033311 0.477848
    202 1.799662 -0.000233 -0.000233 -0.027386 0.033311 0.477848
    203 1.900723 0.000553 -0.000072 -0.027386 0.033311 0.477848
    204 0.599884 0.400187 -0.000031 0.000000 0.000000 0.000000
    205 0.599888 0.400187 0.000031 0.000000 0.000000 -3.141592
    206 0.599503 0.400696 0.000234 0.000000 0.000000 0.000000
    207 0.600399 0.399632 -0.000466 0.000000 0.000000 -3.141592
  time 25
    0 0.000000 0.000000 0.000000 0.000000 0.000000 -1.570796
    1 -0.106323 0.000000 -0.000198 0.000000 0.000000 0.000000
    2 0.000000 0.000000 0.000000 0.000000 0.000000 0.000000
    3 -0.904000 0.000000 -11.806000 0.000000 0.000000 0.000000
    4 0.000000 0.000000 -14.313999 0.000000 -1.570796 1.570857
    5 3.533001 0.000000 0.000000 0.000000 0.000000 0.000000
    6 6.250000 0.000000 0.000000 0.000000 0.000000 0.000000
    7 9.568951 1.914146 -1.819016 -0.161276 1.437255 -0.160129
    8 10.065060 0.503947 6.471514 0.375875 -1.274286 -0.379962
    9 5.790726 0.002787 -0.000113 -0.826433 0.671781 -1.570591
    10 5.999492 -0.000592 -4.000343 0.000000 0.000000 0.000000
    11 5.791316 0.002582 0.000893 0.787764 -0.363487 -1.543824
    12 5.999492 -0.000592 4.000336 0.000000 0.000000 0.000000
    13 0.500225 0.000133 -0.000088 -0.044787 0.000000 0.000060
    14 11.534559 0.000348 -0.001312 -0.000017 0.000009 -1.205406
    15 -0.829338 0.893824 0.079659 -0.148839 0.047645 0.087266
    16 0.500225 0.000132 0.000076 0.024764 0.000000 0.000000
    17 11.536401 0.000526 -0.000089 0.000042 -0.000058 -1.367815
    18 -0.829586 0.894698 -0.079464 0.045377 -0.019621 0.087266
    19 10.599884 0.000105 -0.000553 -0.955241 0.000012 0.000048
    20 0.240763 -0.337683 -0.000805 -0.000048 0.000023 0.602698
    21 11.042057 -0.000189 0.000798 -0.999602 -0.244759 0.406078
    22 -1.214832 0.203470 -0.477489 -0.135025 -0.078677 -0.001289
    23 10.599880 0.000105 0.000549 0.580389 -0.000060 0.000036
    24 0.318888 -0.396278 0.000801 -0.000060 0.000013 0.683949
    25 11.041742 0.003171 -0.000571 0.502614 0.540965 1.083009
    26 -1.063377 0.077663 0.150230 0.045121 0.020046 -0.012850
    27 0.610302 -0.939470 0.070343 -1.709955 -0.288616 -0.151814
    28 0.639940 -0.199121 0.060188 -1.668909 -0.275818 -0.052173
    29 0.600155 1.080261 -0.339535 -1.734522 -0.097713 0.080288
    30 0.610207 0.400743 -0.010101 -1.765549 -0.192571 0.068795
    31 0.634715 -0.690090 -0.232343 0.056401 -0.047087 -0.841255
    32 -0.792125 0.203736 0.461300 1.439074 -0.003453 -0.018305
    33 0.610300 -0.939469 -0.070351 1.655335 0.140029 -0.175632
    34 0.639937 -0.199121 -0.060200 1.659528 0.202500 -0.040444
    35 0.600157 1.080259 0.339531 1.738023 -0.020790 0.107397
    36 0.610205 0.400743 0.010086 1.767175 0.146065 0.084305
    37 0.624002 -0.695300 0.232270 -0.421876 -0.598353 -1.147620
    38 -0.626031 -0.069983 -0.080517 -1.447153 0.086151 0.021559
    39 2.621377 -0.002532 -0.001438 -0.140180 -0.178544 -0.260619
    40 2.664743 0.000397 -0.000071 -0.203532 -0.219044 -0.028823
    41 2.202488 0.003368 -0.006769 -0.015461 -0.186500 -0.142012
    42 0.599952 0.959240 -0.300102 -0.174544 0.000000 0.000000
    43 2.557190 -0.005873 0.006359 0.078221 -0.014431 0.012957
    44 2.095024 -0.003873 -0.002193 -0.332715 -0.384249 0.384342
    45 0.999380 -0.000236 -1.182025 -0.000001 0.000000 0.000000
    46 -0.122639 -0.721856 0.661690 -0.486644 0.223964 0.243056
    47 2.622113 -0.000648 0.002741 0.055106 0.392128 0.188017
    48 2.656250 0.000780 0.000159 0.668585 0.306980 1.162188
    49 2.197266 0.000516 -0.000121 0.505440 -0.145574 1.217274
    50 0.599951 0.959244 0.300102 0.174544 0.000000 0.000000
    51 2.556641 -0.000149 -0.000030 0.544726 0.124361 1.290931
    52 2.103851 0.005614 -0.001014 0.662994 -0.375462 0.575219
    53 0.999374 -0.000237 1.213268 0.292927 0.028379 0.134647
    54 0.310846 -0.606445 -0.498005 0.308107 -0.197598 0.313976
    55 1.873069 -0.004741 -0.004901 -0.000007 0.000004 0.141217
    56 1.200941 0.399582 -0.000237 -0.009465 0.016087 0.007127
    57 0.000586 0.100342 -0.000319 -0.120035 -0.021926 -0.209617
    58 -0.161663 0.051712 0.194808 -2.941982 0.122408 -0.060194
    59 2.010092 -0.003202 -0.003377 0.000018 0.000013 0.381949
    60 0.000240 0.099802 -0.000395 -0.018823 0.010833 -0.239219
    61 -0.203197 0.048607 0.069150 -3.093332 0.033217 -0.046722
    62 1.180428 -0.006214 0.000780 -0.000014 0.000000 0.537878
    63 -0.000196 0.099625 -0.000034 0.000000 0.000000 -0.314102
    64 -0.088736 -0.688435 -0.145203 2.930407 -0.136130 0.513013
    65 1.712069 -0.003328 0.003818 -0.008570 -0.010591 0.573136
    66 -0.000580 0.100145 -0.000311 -0.010912 0.023129 -0.260841
    67 -0.146030 -0.232426 -0.014225 3.028455 -0.094299 0.113020
    68 1.290632 0.000362 -0.000032 -0.033485 0.021548 -0.403116
    69 -0.658121 -0.003575 0.072645 -0.142711 0.027792 -0.077299
    70 1.868080 -0.003049 0.006083 0.000003 -0.000021 0.518650
    71 1.200079 0.399944 -0.000093 0.009465 -0.016087 0.007127
    72 0.000591 0.100342 0.000319 0.120035 0.021926 -0.209617
    73 0.068077 0.002285 -0.080050 3.111376 -0.069366 -0.060847
    74 2.007813 -0.000883 -0.000381 -0.000043 0.000037 1.417990
    75 0.000229 0.099802 0.000395 0.018823 -0.010833 -0.239219
    76 -0.018673 -0.001009 0.047544 3.109244 0.002635 -0.106673
    77 1.178665 0.001595 0.000845 0.000054 -0.000012 0.546573
    78 -0.000198 0.099628 0.000034 0.000000 0.000000 -0.314102
    79 0.036892 -0.634449 0.266284 -2.801062 0.174301 0.490914
    80 1.708008 0.000721 0.000199 0.000056 -0.000025 0.840846
    81 -0.000576 0.100136 0.000311 0.010912 -0.023129 -0.260841
    82 -0.003952 -0.281811 0.115047 -3.059162 0.089004 0.167964
    83 1.289627 0.003949 0.000061 0.109657 -0.006565 -0.246992
    84 -0.171528 -0.018148 -0.099873 0.013484 -0.062184 -0.011780
    85 0.912716 0.007240 0.001326 0.000031 0.000069 0.218295
    86 -0.342617 0.053404 -0.025571 -2.909301 -0.017248 0.075276
    87 1.100231 -0.000930 -0.002434 0.000009 -0.000010 0.077749
    88 -0.384983 0.330998 0.006848 -3.087207 -0.018765 -0.184279
    89 0.678146 0.006192 0.000002 -0.000018 -0.000019 0.201685
    90 -0.123848 0.072737 0.029507 2.898184 -0.060627 0.094834
    91 1.017166 -0.000154 -0.000252 0.000037 -0.000026 0.255293
    92 -0.344986 0.123129 0.143151 2.994981 0.012396 0.059140
    93 -0.730988 0.177046 0.039141 -0.123731 0.076518 -0.084310
    94 0.925900 0.001298 -0.000896 -0.000062 0.000013 0.575629
    95 -0.124027 -0.052092 0.038496 3.077813 -0.008519 0.039229
    96 1.098633 0.000006 0.000469 0.000024 0.000052 0.880282
    97 -0.330082 0.160641 0.042780 3.128073 0.034033 -0.171236
    98 0.675854 0.005438 0.003272 -0.000010 0.000027 1.006524
    99 -0.019516 -0.016531 0.038578 -2.763781 0.050305 0.076828
    100 1.018555 -0.000026 -0.000397 0.000000 0.000000 1.057754
    101 -0.155312 0.130643 -0.021921 -3.022466 0.022433 -0.024903
    102 -0.252209 0.061937 -0.024914 -0.007671 -0.063171 -0.044392
    103 -0.085991 0.185203 -0.015180 -2.937063 -0.113970 -0.138991
    104 -0.286537 0.179852 0.024264 -3.109353 -0.049645 -0.029915
    105 -0.019489 0.147084 0.079203 2.893815 0.038585 -0.060594
    106 -0.046482 0.251898 0.129548 3.016165 0.077112 -0.042864
    107 0.039120 -0.040298 0.047739 3.084219 0.030470 -0.037414
    108 -0.233757 0.066630 0.001754 -3.133086 0.040141 -0.065413
    109 0.044266 0.020128 0.001684 -2.778763 -0.118872 -0.040488
    110 0.071495 0.074127 -0.048302 -3.035917 -0.059482 0.104366
    111 0.000000 0.000000 0.000000 0.000000 0.000000 -1.570796
    112 16.902860 -1.753960 -2.675863 -0.015844 0.075845 0.123013
    113 1.414063 0.000000 2.341797 0.000000 0.000000 0.000000
    114 1.194336 0.000004 2.341797 0.000000 0.000000 0.000000
    115 2.296945 5.894711 -2.128971 0.187198 -0.795147 -1.414145
    116 -0.575999 -0.004000 0.701999 0.000000 0.000000 0.000000
    117 -0.222000 0.000000 2.060996 0.000000 0.000000 0.000000
    118 0.414999 0.000000 0.937998 0.000000 0.000000 0.000000
    119 1.086997 -0.554999 1.709997 0.000000 0.000000 -1.570755
    120 4.654990 0.000000 0.242000 0.000000 0.000000 0.000000
    121 -1.234999 2.354995 -2.038996 -1.607262 0.223147 -0.356362
    122 4.367991 0.000000 0.177000 0.000000 0.000000 0.000000
    123 0.537998 0.000000 -3.214993 0.000000 0.000000 0.000000
    124 -0.126000 0.000000 -1.241997 0.000000 0.000000 0.000000
    125 1.572997 0.000000 2.342995 0.000000 0.000000 0.000000
    126 1.201998 0.000000 2.375995 0.000000 0.000000 0.000000
    127 -1.451998 0.000000 -3.396993 0.000000 0.000000 0.000000
    128 3.501993 0.017000 3.580993 0.000000 -0.159168 0.000000
    129 0.000000 0.000000 0.000000 0.000000 0.000000 0.000000
    130 0.745997 0.090000 -0.642999 0.000000 0.000000 0.000000
    131 -0.716000 0.604999 0.624999 0.000000 0.000000 0.000000
    132 2.751994 0.107000 0.669999 0.000000 0.000000 0.000000
    133 3.184993 0.000000 1.365997 0.000000 0.000000 0.000000
    134 0.000000 0.000000 0.000000 0.000000 0.000000 0.000000
    135 -0.106000 0.000000 64.320000 0.000000 0.000000 0.000000
    136 0.000000 0.000000 0.000000 0.000000 0.000000 0.000000
    137 0.000000 0.000000 0.000000 0.003236 -0.002409 0.000995
    138 26.828321 -0.679964 7.101606 -0.015784 0.075863 0.122979
    139 0.106000 0.000000 -64.320000 0.000000 0.000000 0.000000
    140 0.000000 0.000000 0.000000 0.000000 0.000000 0.000000
    141 0.000000 0.000000 -4.867002 -3.141592 0.000000 -3.128591
    142 0.000000 0.000000 4.867000 -3.141592 0.000000 -3.128591
    143 4.000000 -6.500000 0.000000 0.000000 0.000000 0.000977
    144 -6.500000 0.000000 0.000000 0.000000 1.570796 0.000000
    145 1.000088 -0.000029 0.000000 0.000000 0.000000 0.000000
    146 17.162516 -0.000404 0.000000 0.000000 0.000000 0.119214
    147 9.999891 -0.000303 0.000000 0.000000 0.000000 0.000000
    148 1.000088 -0.000029 0.000000 0.000000 0.000000 0.000000
    149 17.162516 -0.000404 0.000000 0.000000 0.000000 0.119214
    150 9.499836 0.000212 0.000000 0.000000 0.000000 0.000000
    151 0.000000 0.000000 0.000000 0.000000 0.000000 0.000000
    152 17.749374 0.295515 0.000000 0.000000 0.000000 -1.158958
    153 0.017889 0.299792 0.000000 0.000000 0.000000 -0.059582
    154 12.283573 1.581456 -4.696000 1.462269 -0.086726 0.090185
    155 17.749376 0.295515 0.000000 0.000000 0.000000 -1.158958
    156 0.017889 0.299792 0.000000 0.000000 0.000000 -0.059582
    157 13.354000 0.000000 0.000000 0.000000 0.000000 -0.294101
    158 4.530998 0.000000 0.000000 0.000000 0.000000 0.000000
    159 0.000000 0.000000 0.000000 0.000000 0.000000 0.000000
    160 5.413524 0.000347 0.000000 0.000000 0.000000 -0.518055
    161 5.413524 0.000347 0.000000 0.000000 0.000000 -0.518055
    162 4.662002 -5.366333 4.825191 1.569713 1.561305 -3.121213
    163 3.116966 -0.000443 0.000000 0.000000 0.000000 0.294101
    164 4.527344 0.000000 0.000000 0.000000 0.000000 0.000000
    165 -0.537999 0.000000 2.587000 0.000000 0.000000 0.000000
    166 -12.335002 4.975249 -59.284373 0.025135 -0.073470 -0.124364
    167 2.302999 0.000000 0.188000 0.000000 0.000000 0.000000
    168 6.748000 0.000000 0.546000 0.000000 0.000000 0.000000
    169 3.512001 -3.547000 -1.066000 0.000000 1.570796 0.000000
    170 3.456001 -3.517000 1.169000 0.000000 1.570796 0.000000
    171 6.233002 0.000000 0.000000 0.000000 0.000000 0.000000
    172 -0.171997 -0.106000 -0.902000 1.570713 1.029176 -3.134550
    173 6.261529 -6.364375 0.000000 0.000995 -0.003236 0.002409
    174 3.999434 -0.000527 -0.000332 -0.477641 0.000006 0.000010
    175 3.999897 0.000041 0.001007 0.290200 0.000000 0.000000
    176 1.598000 0.000000 0.000000 0.000000 0.000000 0.000000
    177 -1.145525 0.000130 0.000668 0.000000 0.000000 0.000000
    178 2.299679 -2.499979 -0.599480 0.892020 0.221483 -0.527313
    179 12.245077 -5.494014 0.500884 1.878985 -0.476376 -0.010358
    180 -9.580683 -27.862110 -37.184666 0.812879 -0.123459 -0.568477
    181 0.649933 -0.548295 0.093651 -1.665913 -0.131399 -0.112062
    182 0.657077 0.008401 0.040371 -1.665945 -0.131407 -0.000013
    183 0.665776 0.747221 -0.029190 -1.665935 -0.131408 0.094976
    184 2.300138 -2.499413 0.600155 -0.891929 -0.221512 -0.527290
    185 11.365068 1.105308 3.752254 2.036514 -0.307328 0.198880
    186 2.762354 0.116951 1.523975 1.629482 0.064153 1.743800
    187 7.228319 7.928203 -3.925648 2.328713 0.123459 -0.568477
    188 0.650396 -0.547731 -0.092976 1.665913 0.131399 -0.112062
    189 0.657069 0.008398 -0.040379 1.665945 0.131407 -0.000013
    190 0.665777 0.747222 0.029182 1.665935 0.131408 0.094976
    191 -4.481003 -0.202000 0.000000 0.000000 0.000000 0.000000
    192 -5.516998 -0.291000 -0.001000 0.000000 0.000000 0.000000
    193 -0.857700 0.104071 0.104683 0.023536 0.163924 0.013632
    194 1.899119 0.000427 -0.000439 0.027386 -0.033311 0.477848
    195 1.799660 -0.000233 0.000231 0.027386 -0.033311 0.477848
    196 1.799660 -0.000233 0.000231 0.027386 -0.033311 0.477848
    197 1.799660 -0.000233 0.000231 0.027386 -0.033311 0.477848
    198 1.900313 -0.000137 -0.000516 0.027386 -0.033311 0.477848
    199 1.899433 -0.000317 -0.000151 -0.027386 0.033311 0.477848
    200 1.799662 -0.000233 -0.000233 -0.027386 0.033311 0.477848
    201 1.799662 -0.000233 -0.000233 -0.027386 0.033311 0.477848
    202 1.799662 -0.000233 -0.000233 -0.027386 0.033311 0.477848
    203 1.900723 0.000553 -0.000072 -0.027386 0.033311 0.477848
    204 0.599884 0.400187 -0.000031 0.000000 0.000000 0.000000
    205 0.599888 0.400187 0.000031 0.000000 0.000000 -3.141592
    206 0.599503 0.400696 0.000234 0.000000 0.000000 0.000000
    207 0.600399 0.399632 -0.000466 0.000000 0.000000 -3.141592
  time 26
    0 0.000000 0.000000 0.000000 0.000000 0.000000 -1.570796
    1 -0.106323 0.000000 -0.000198 0.000000 0.000000 0.000000
    2 0.000000 0.000000 0.000000 0.000000 0.000000 0.000000
    3 -0.904000 0.000000 -11.806000 0.000000 0.000000 0.000000
    4 0.000000 0.000000 -14.313999 0.000000 -1.570796 1.570857
    5 3.533001 0.000000 0.000000 0.000000 0.000000 0.000000
    6 6.250000 0.000000 0.000000 0.000000 0.000000 0.000000
    7 9.611921 2.472757 -1.615885 -0.187908 1.456049 -0.186910
    8 10.002558 1.238344 5.932435 0.250960 -1.250769 -0.251402
    9 5.790726 0.002787 -0.000113 -0.844193 0.561040 -1.638576
    10 5.999492 -0.000592 -4.000343 0.000000 0.000000 0.000000
    11 5.791316 0.002582 0.000893 0.916904 -0.428045 -1.572046
    12 5.999492 -0.000592 4.000336 0.000000 0.000000 0.000000
    13 0.500225 0.000133 -0.000088 -0.030000 0.000000 0.000000
    14 11.534559 0.000348 -0.001312 0.000031 -0.000051 -1.052925
    15 -0.829338 0.893824 0.079659 -0.148839 0.047645 0.087266
    16 0.500225 0.000132 0.000076 -0.060177 0.000000 0.000000
    17 11.536401 0.000526 -0.000089 0.000006 -0.000022 -1.380984
    18 -0.829586 0.894698 -0.079464 0.045377 -0.019621 0.087266
    19 10.599884 0.000105 -0.000553 -0.993752 0.000000 0.000000
    20 0.166542 -0.290806 -0.000805 0.000000 0.000011 0.526500
    21 11.042057 0.003717 0.004704 -1.047345 -0.255989 0.377946
    22 -1.214832 0.203470 -0.477489 -0.135025 -0.078677 -0.001289
    23 10.599880 0.000105 0.000549 0.408165 -0.000048 0.000000
    24 0.326701 -0.400185 0.000801 0.000000 -0.000011 0.690505
    25 11.041742 0.003171 -0.000571 0.388055 0.636597 0.977830
    26 -1.063377 0.077663 0.150230 0.045121 0.020046 -0.012850
    27 0.610302 -0.939470 0.070343 -1.703691 -0.267391 -0.154847
    28 0.639940 -0.199121 0.060188 -1.668248 -0.254437 -0.054283
    29 0.600155 1.080261 -0.339535 -1.735106 -0.076477 0.076788
    30 0.610207 0.400743 -0.010101 -1.764688 -0.171466 0.064588
    31 0.634715 -0.693997 -0.232343 0.058371 -0.148763 -0.807847
    32 -0.792125 0.203736 0.461300 1.439074 -0.003453 -0.018305
    33 0.610300 -0.939469 -0.070351 1.655335 0.140029 -0.175632
    34 0.639937 -0.199121 -0.060200 1.659528 0.202500 -0.040444
    35 0.600157 1.080259 0.339531 1.738023 -0.020790 0.107397
    36 0.610205 0.400743 0.010086 1.767175 0.146065 0.084305
    37 0.624002 -0.695300 0.232270 -0.466934 -0.572578 -1.129826
    38 -0.626031 -0.069983 -0.080517 -1.447153 0.086151 0.021559
    39 2.621377 -0.002532 -0.001438 -0.134512 -0.191032 -0.148022
    40 2.664743 0.000397 -0.000071 -0.191352 -0.210402 0.080612
    41 2.206394 0.003368 -0.006769 -0.023171 -0.182009 -0.016146
    42 0.599952 0.959240 -0.300102 -0.174544 0.000000 0.000000
    43 2.557190 -0.005873 0.002453 0.070022 -0.026104 0.121587
    44 2.095024 0.000033 -0.002193 -0.363241 -0.340271 0.411593
    45 0.999380 -0.000236 -1.205463 -0.000001 0.000000 0.000000
    46 -0.122639 -0.721856 0.661690 -0.486644 0.223964 0.243056
    47 2.622113 -0.004555 0.006647 0.050744 0.430179 0.204961
    48 2.656250 0.000780 0.000159 0.668585 0.306980 1.162188
    49 2.197266 0.000516 -0.000121 0.505440 -0.145574 1.217274
    50 0.599951 0.959244 0.300102 0.174544 0.000000 0.000000
    51 2.556641 -0.000149 -0.000030 0.544726 0.124361 1.290931
    52 2.103851 0.005614 -0.001014 0.698046 -0.389604 0.601492
    53 0.999374 -0.000237 1.209362 0.292927 0.028379 0.134647
    54 0.310846 -0.606445 -0.498005 0.308107 -0.197598 0.313976
    55 1.873069 -0.004741 -0.004901 0.000005 0.000063 0.259865
    56 1.200941 0.399582 -0.000237 -0.009465 0.016087 0.007127
    57 0.000586 0.100342 -0.000319 -0.120035 -0.021926 -0.209617
    58 -0.161663 0.051712 0.194808 -2.941982 0.122408 -0.060194
    59 2.010092 -0.007109 -0.007284 0.000018 0.000013 0.476949
    60 0.000240 0.099802 -0.000395 -0.018823 0.010833 -0.239219
    61 -0.203197 0.048607 0.069150 -3.093332 0.033217 -0.046722
    62 1.180428 -0.006214 0.000780 -0.000026 -0.000048 0.551883
    63 -0.000196 0.099625 -0.000034 0.000000 0.000000 -0.314102
    64 -0.088736 -0.688435 -0.145203 2.930407 -0.136130 0.513013
    65 1.715976 -0.003328 0.003818 -0.011111 -0.013767 0.618942
    66 -0.000580 0.100145 -0.000311 -0.010912 0.023129 -0.260841
    67 -0.146030 -0.232426 -0.014225 3.028455 -0.094299 0.113020
    68 1.290632 0.000362 -0.000032 -0.043432 0.027888 -0.385779
    69 -0.658121 -0.003575 0.072645 -0.142711 0.027792 -0.077299
    70 1.868080 -0.003049 0.006083 0.000003 -0.000021 0.611499
    71 1.200079 0.399944 -0.000093 0.009465 -0.016087 0.007127
    72 0.000591 0.100342 0.000319 0.120035 0.021926 -0.209617
    73 0.068077 0.002285 -0.080050 3.111376 -0.069366 -0.060847
    74 2.007813 -0.000883 -0.000381 -0.000043 0.000037 1.417990
    75 0.000229 0.099802 0.000395 0.018823 -0.010833 -0.239219
    76 -0.018673 -0.001009 0.047544 3.109244 0.002635 -0.106673
    77 1.178665 0.001595 0.000845 0.000054 -0.000012 0.546573
    78 -0.000198 0.099628 0.000034 0.000000 0.000000 -0.314102
    79 0.036892 -0.634449 0.266284 -2.801062 0.174301 0.490914
    80 1.708008 0.000721 0.000199 0.000056 -0.000025 0.840846
    81 -0.000576 0.100136 0.000311 0.010912 -0.023129 -0.260841
    82 -0.003952 -0.281811 0.115047 -3.059162 0.089004 0.167964
    83 1.289627 0.003949 0.000061 0.142184 -0.008447 -0.178404
    84 -0.171528 -0.018148 -0.099873 0.013484 -0.062184 -0.011780
    85 0.912716 0.007240 0.001326 0.000066 0.000009 0.212760
    86 -0.342617 0.053404 -0.025571 -2.909301 -0.017248 0.075276
    87 1.100231 -0.000930 -0.002434 0.000009 -0.000046 0.053426
    88 -0.384983 0.330998 0.006848 -3.087207 -0.018765 -0.184279
    89 0.678146 0.006192 -0.003905 -0.000018 0.000053 0.197363
    90 -0.123848 0.072737 0.029507 2.898184 -0.060627 0.094834
    91 1.017166 -0.000154 -0.000252 -0.000023 -0.000014 0.221625
    92 -0.344986 0.123129 0.143151 2.994981 0.012396 0.059140
    93 -0.730988 0.177046 0.039141 -0.123731 0.076518 -0.084310
    94 0.925900 0.001298 -0.000896 -0.000002 -0.000011 0.652871
    95 -0.124027 -0.052092 0.038496 3.077813 -0.008519 0.039229
    96 1.098633 0.000006 0.000469 0.000024 0.000052 0.880282
    97 -0.330082 0.160641 0.042780 3.128073 0.034033 -0.171236
    98 0.675854 0.005438 0.003272 -0.000022 0.000027 1.006524
    99 -0.019516 -0.016531 0.038578 -2.763781 0.050305 0.076828
    100 1.018555 -0.000026 -0.000397 0.000000 0.000000 1.057754
    101 -0.155312 0.130643 -0.021921 -3.022466 0.022433 -0.024903
    102 -0.252209 0.061937 -0.024914 -0.007671 -0.063171 -0.044392
    103 -0.085991 0.185203 -0.015180 -2.937063 -0.113970 -0.138991
    104 -0.286537 0.179852 0.024264 -3.109353 -0.049645 -0.029915
    105 -0.019489 0.147084 0.079203 2.893815 0.038585 -0.060594
    106 -0.046482 0.251898 0.129548 3.016165 0.077112 -0.042864
    107 0.039120 -0.040298 0.047739 3.084219 0.030470 -0.037414
    108 -0.233757 0.066630 0.001754 -3.133086 0.040141 -0.065413
    109 0.044266 0.020128 0.001684 -2.778763 -0.118872 -0.040488
    110 0.071495 0.074127 -0.048302 -3.035917 -0.059482 0.104366
    111 0.000000 0.000000 0.000000 0.000000 0.000000 -1.570796
    112 16.363781 -2.390698 -2.390698 -0.007685 -0.000047 0.061600
    113 1.414063 0.000000 2.341797 0.000000 0.000000 0.000000
    114 1.194336 0.000004 2.341797 0.000000 0.000000 0.000000
    115 3.058687 6.121281 -3.472762 0.195984 -0.871375 -1.482205
    116 -0.575999 -0.004000 0.701999 0.000000 0.000000 0.000000
    117 -0.222000 0.000000 2.060996 0.000000 0.000000 0.000000
    118 0.414999 0.000000 0.937998 0.000000 0.000000 0.000000
    119 1.086997 -0.554999 1.709997 0.000000 0.000000 -1.570755
    120 4.654990 0.000000 0.242000 0.000000 0.000000 0.000000
    121 -1.234999 2.354995 -2.038996 -1.607262 0.223147 -0.356362
    122 4.367991 0.000000 0.177000 0.000000 0.000000 0.000000
    123 0.537998 0.000000 -3.214993 0.000000 0.000000 0.000000
    124 -0.126000 0.000000 -1.241997 0.000000 0.000000 0.000000
    125 1.572997 0.000000 2.342995 0.000000 0.000000 0.000000
    126 1.201998 0.000000 2.375995 0.000000 0.000000 0.000000
    127 -1.451998 0.000000 -3.396993 0.000000 0.000000 0.000000
    128 3.501993 0.017000 3.580993 0.000000 -0.159168 0.000000
    129 0.000000 0.000000 0.000000 0.000000 0.000000 0.000000
    130 0.745997 0.090000 -0.642999 0.000000 0.000000 0.000000
    131 -0.716000 0.604999 0.624999 0.000000 0.000000 0.000000
    132 2.751994 0.107000 0.669999 0.000000 0.000000 0.000000
    133 3.184993 0.000000 1.365997 0.000000 0.000000 0.000000
    134 0.000000 0.000000 0.000000 0.000000 0.000000 0.000000
    135 -0.106000 0.000000 64.320000 0.000000 0.000000 0.000000
    136 0.000000 0.000000 0.000000 0.000000 0.000000 0.000000
    137 0.000000 0.000000 0.000000 0.001750 -0.001474 0.000276
    138 26.465029 -1.847968 8.062573 -0.007530 -0.000025 0.061565
    139 0.106000 0.000000 -64.320000 0.000000 0.000000 0.000000
    140 0.000000 0.000000 0.000000 0.000000 0.000000 0.000000
    141 0.000000 0.000000 -4.867002 -3.141592 0.000000 -3.128591
    142 0.000000 0.000000 4.867000 -3.141592 0.000000 -3.128591
    143 4.000000 -6.500000 0.000000 0.000000 0.000000 0.000977
    144 -6.500000 0.000000 0.000000 0.000000 1.570796 0.000000
    145 1.000088 -0.000029 0.000000 0.000000 0.000000 0.000000
    146 17.162516 -0.000404 0.000000 0.000000 0.000000 0.119214
    147 9.999891 -0.000303 0.000000 0.000000 0.000000 0.000000
    148 1.000088 -0.000029 0.000000 0.000000 0.000000 0.000000
    149 17.162516 -0.000404 0.000000 0.000000 0.000000 0.119214
    150 9.499836 0.000212 0.000000 0.000000 0.000000 0.000000
    151 0.000000 0.000000 0.000000 0.000000 0.000000 0.000000
    152 17.749374 0.295515 0.000000 0.000000 0.000000 -1.158958
    153 0.017889 0.299792 0.000000 0.000000 0.000000 -0.059582
    154 12.283573 1.581456 -4.696000 1.462269 -0.086726 0.090185
    155 17.749376 0.295515 0.000000 0.000000 0.000000 -1.158958
    156 0.017889 0.299792 0.000000 0.000000 0.000000 -0.059582
    157 13.354000 0.000000 0.000000 0.000000 0.000000 -0.294101
    158 4.530998 0.000000 0.000000 0.000000 0.000000 0.000000
    159 0.000000 0.000000 0.000000 0.000000 0.000000 0.000000
    160 5.413524 0.000347 0.000000 0.000000 0.000000 -0.518055
    161 5.413524 0.000347 0.000000 0.000000 0.000000 -0.518055
    162 4.662002 -5.366333 4.825191 1.569713 1.561305 -3.121213
    163 3.116966 -0.000443 0.000000 0.000000 0.000000 0.294101
    164 4.527344 0.000000 0.000000 0.000000 0.000000 0.000000
    165 -0.537999 0.000000 2.587000 0.000000 0.000000 0.000000
    166 -16.682791 4.033814 -58.542163 0.007597 0.000448 -0.061570
    167 2.302999 0.000000 0.188000 0.000000 0.000000 0.000000
    168 6.748000 0.000000 0.546000 0.000000 0.000000 0.000000
    169 3.512001 -3.547000 -1.066000 0.000000 1.570796 0.000000
    170 3.456001 -3.517000 1.169000 0.000000 1.570796 0.000000
    171 6.233002 0.000000 0.000000 0.000000 0.000000 0.000000
    172 -0.171997 -0.106000 -0.902000 1.570713 1.029176 -3.134550
    173 6.253716 -6.368281 0.000000 0.000276 -0.001762 0.001474
    174 3.999434 -0.000527 -0.000332 -0.497859 0.000018 0.000034
    175 3.999897 0.000041 0.001007 0.202422 0.000000 0.000000
    176 1.598000 0.000000 0.000000 0.000000 0.000000 0.000000
    177 -1.145525 0.000130 0.000668 0.000000 0.000000 0.000000
    178 2.299679 -2.499979 -0.599480 0.892020 0.221483 -0.527313
    179 11.807564 -5.337759 -0.202263 1.942854 -0.385201 -0.052026
    180 -9.580683 -27.862110 -37.184666 0.812879 -0.123459 -0.568477
    181 0.649933 -0.548295 0.093651 -1.665913 -0.131399 -0.112062
    182 0.657077 0.008401 0.040371 -1.665945 -0.131407 -0.000013
    183 0.665776 0.747221 -0.029190 -1.665935 -0.131408 0.094976
    184 2.300138 -2.499413 0.600155 -0.891929 -0.221512 -0.527290
    185 11.365068 1.105308 3.752254 2.036514 -0.307328 0.198880
    186 2.762354 0.116951 1.523975 1.629482 0.064153 1.743800
    187 7.228319 7.928203 -3.925648 2.328713 0.123459 -0.568477
    188 0.650396 -0.547731 -0.092976 1.665913 0.131399 -0.112062
    189 0.657069 0.008398 -0.040379 1.665945 0.131407 -0.000013
    190 0.665777 0.747222 0.029182 1.665935 0.131408 0.094976
    191 -4.481003 -0.202000 0.000000 0.000000 0.000000 0.000000
    192 -5.516998 -0.291000 -0.001000 0.000000 0.000000 0.000000
    193 -0.857700 0.104071 0.104683 0.023536 0.163924 0.013632
    194 1.899119 0.000427 -0.000439 0.027386 -0.033311 0.477848
    195 1.799660 -0.000233 0.000231 0.027386 -0.033311 0.477848
    196 1.799660 -0.000233 0.000231 0.027386 -0.033311 0.477848
    197 1.799660 -0.000233 0.000231 0.027386 -0.033311 0.477848
    198 1.900313 -0.000137 -0.000516 0.027386 -0.033311 0.477848
    199 1.899433 -0.000317 -0.000151 -0.027386 0.033311 0.477848
    200 1.799662 -0.000233 -0.000233 -0.027386 0.033311 0.477848
    201 1.799662 -0.000233 -0.000233 -0.027386 0.033311 0.477848
    202 1.799662 -0.000233 -0.000233 -0.027386 0.033311 0.477848
    203 1.900723 0.000553 -0.000072 -0.027386 0.033311 0.477848
    204 0.599884 0.400187 -0.000031 0.000000 0.000000 0.000000
    205 0.599888 0.400187 0.000031 0.000000 0.000000 -3.141592
    206 0.599503 0.400696 0.000234 0.000000 0.000000 0.000000
    207 0.600399 0.399632 -0.000466 0.000000 0.000000 -3.141592
  time 27
    0 0.000000 0.000000 0.000000 0.000000 0.000000 -1.570796
    1 -0.106323 0.000000 -0.000198 0.000000 0.000000 0.000000
    2 0.000000 0.000000 0.000000 0.000000 0.000000 0.000000
    3 -0.904000 0.000000 -11.806000 0.000000 0.000000 0.000000
    4 0.000000 0.000000 -14.313999 0.000000 -1.570796 1.570857
    5 3.533001 0.000000 0.000000 0.000000 0.000000 0.000000
    6 6.250000 0.000000 0.000000 0.000000 0.000000 0.000000
    7 9.725205 3.683731 -1.174465 -0.294349 1.497038 -0.293763
    8 9.858022 2.847768 4.725367 0.132305 -1.181551 -0.128919
    9 5.790726 0.002787 -0.000113 -0.803443 0.480549 -1.644785
    10 5.999492 -0.000592 -4.000343 0.000000 0.000000 0.000000
    11 5.791316 0.002582 0.004799 1.094089 -0.500501 -1.606872
    12 5.999492 -0.000592 4.000336 0.000000 0.000000 0.000000
    13 0.500225 0.000133 -0.000088 -0.048152 0.000048 0.000060
    14 11.534559 0.000348 -0.001312 0.000007 -0.000051 -0.950133
    15 -0.829338 0.893824 0.079659 -0.148839 0.047645 0.087266
    16 0.500225 0.000132 0.000076 -0.175883 0.000000 0.000060
    17 11.536401 0.004432 -0.000089 0.000054 0.000026 -1.380474
    18 -0.829586 0.894698 -0.079464 0.045377 -0.019621 0.087266
    19 10.599884 0.000105 -0.000553 -1.036127 0.000012 0.000036
    20 0.143103 -0.275181 -0.000805 0.000060 -0.000013 0.475100
    21 11.042057 -0.000189 0.000798 -1.086006 -0.237209 0.355735
    22 -1.214832 0.203470 -0.477489 -0.135025 -0.078677 -0.001289
    23 10.599880 0.000105 0.000549 0.229380 0.000000 0.000060
    24 0.338420 -0.407997 0.000801 -0.000060 0.000013 0.690320
    25 11.041742 0.003171 -0.000571 0.240357 0.676277 0.779677
    26 -1.063377 0.077663 0.150230 0.045121 0.020046 -0.012850
    27 0.610302 -0.939470 0.070343 -1.689445 -0.216456 -0.162097
    28 0.639940 -0.199121 0.060188 -1.667028 -0.203371 -0.059376
    29 0.600155 1.080261 -0.339535 -1.737121 -0.025842 0.068351
    30 0.610207 0.400743 -0.010101 -1.763290 -0.121011 0.054617
    31 0.634715 -0.690090 -0.232343 0.061182 -0.225829 -0.783635
    32 -0.792125 0.203736 0.461300 1.439074 -0.003453 -0.018305
    33 0.610300 -0.939469 -0.070351 1.655335 0.140029 -0.175632
    34 0.639937 -0.199121 -0.060200 1.659528 0.202500 -0.040444
    35 0.600157 1.080259 0.339531 1.738023 -0.020790 0.107397
    36 0.610205 0.400743 0.010086 1.767175 0.146065 0.084305
    37 0.624002 -0.695300 0.232270 -0.574236 -0.511172 -1.087346
    38 -0.626031 -0.069983 -0.080517 -1.447153 0.086151 0.021559
    39 2.621377 -0.002532 -0.001438 -0.120872 -0.220711 0.120423
    40 2.664743 0.000397 -0.000071 -0.162700 -0.189855 0.341646
    41 2.206394 0.003368 -0.006769 -0.041525 -0.171280 0.284197
    42 0.599952 0.959240 -0.300102 -0.174544 0.000000 0.000000
    43 2.553283 -0.001967 0.002453 0.050769 -0.054064 0.380827
    44 2.095024 -0.003873 -0.006100 -0.436790 -0.236209 0.479689
    45 0.999380 -0.000236 -1.224995 -0.000001 0.000000 0.000000
    46 -0.122639 -0.721856 0.661690 -0.486644 0.223964 0.243056
    47 2.622113 -0.000648 0.002741 0.081631 0.443889 0.225377
    48 2.656250 0.000780 0.000159 0.668585 0.306980 1.162188
    49 2.197266 0.000516 -0.000121 0.505440 -0.145574 1.217274
    50 0.599951 0.959244 0.300102 0.174544 0.000000 0.000000
    51 2.556641 -0.000149 -0.000030 0.544726 0.124361 1.290931
    52 2.103851 0.005614 -0.001014 0.739298 -0.390155 0.596220
    53 0.999374 -0.000237 1.209362 0.292927 0.028379 0.134647
    54 0.310846 -0.606445 -0.498005 0.308107 -0.197598 0.313976
    55 1.873069 -0.004741 -0.000994 -0.000007 0.000004 0.542934
    56 1.200941 0.399582 -0.000237 -0.009465 0.016087 0.007127
    57 0.000586 0.100342 -0.000319 -0.120035 -0.021926 -0.209617
    58 -0.161663 0.051712 0.194808 -2.941982 0.122408 -0.060194
    59 2.010092 -0.003202 -0.003377 0.000042 0.000060 0.703384
    60 0.000240 0.099802 -0.000395 -0.018823 0.010833 -0.239219
    61 -0.203197 0.048607 0.069150 -3.093332 0.033217 -0.046722
    62 1.180428 -0.006214 0.000780 0.000022 -0.000072 0.585437
    63 -0.000196 0.099625 -0.000034 0.000000 0.000000 -0.314102
    64 -0.088736 -0.688435 -0.145203 2.930407 -0.136130 0.513013
    65 1.715976 -0.003328 -0.000088 -0.013436 -0.016631 0.728145
    66 -0.000580 0.100145 -0.000311 -0.010912 0.023129 -0.260841
    67 -0.146030 -0.232426 -0.014225 3.028455 -0.094299 0.113020
    68 1.290632 0.000362 -0.000032 -0.052469 0.033760 -0.344267
    69 -0.658121 -0.003575 0.072645 -0.142711 0.027792 -0.077299
    70 1.868080 -0.003049 0.006083 -0.000021 -0.000081 0.697488
    71 1.200079 0.399944 -0.000093 0.009465 -0.016087 0.007127
    72 0.000591 0.100342 0.000319 0.120035 0.021926 -0.209617
    73 0.068077 0.002285 -0.080050 3.111376 -0.069366 -0.060847
    74 2.007813 -0.000883 -0.000381 -0.000043 0.000037 1.417990
    75 0.000229 0.099802 0.000395 0.018823 -0.010833 -0.239219
    76 -0.018673 -0.001009 0.047544 3.109244 0.002635 -0.106673
    77 1.178665 0.001595 0.000845 0.000054 -0.000012 0.546573
    78 -0.000198 0.099628 0.000034 0.000000 0.000000 -0.314102
    79 0.036892 -0.634449 0.266284 -2.801062 0.174301 0.490914
    80 1.708008 0.000721 0.000199 0.000056 -0.000025 0.840846
    81 -0.000576 0.100136 0.000311 0.010912 -0.023129 -0.260841
    82 -0.003952 -0.281811 0.115047 -3.059162 0.089004 0.167964
    83 1.289627 0.003949 0.000061 0.171977 -0.010220 -0.014849
    84 -0.171528 -0.018148 -0.099873 0.013484 -0.062184 -0.011780
    85 0.912716 0.007240 0.001326 0.000042 0.000009 0.198895
    86 -0.342617 0.053404 -0.025571 -2.909301 -0.017248 0.075276
    87 1.100231 -0.000930 -0.002434 0.000009 0.000014 -0.008424
    88 -0.384983 0.330998 0.006848 -3.087207 -0.018765 -0.184279
    89 0.678146 0.006192 -0.003905 -0.000018 0.000005 0.186560
    90 -0.123848 0.072737 0.029507 2.898184 -0.060627 0.094834
    91 1.017166 -0.000154 -0.000252 -0.000023 -0.000002 0.141373
    92 -0.344986 0.123129 0.143151 2.994981 0.012396 0.059140
    93 -0.730988 0.177046 0.039141 -0.123731 0.076518 -0.084310
    94 0.921993 0.001298 -0.000896 -0.000002 -0.000011 0.626638
    95 -0.124027 -0.052092 0.038496 3.077813 -0.008519 0.039229
    96 1.098633 0.000006 0.000469 0.000024 0.000052 0.880282
    97 -0.330082 0.160641 0.042780 3.128073 0.034033 -0.171236
    98 0.675854 0.001531 0.003272 -0.000022 0.000027 1.006524
    99 -0.019516 -0.016531 0.038578 -2.763781 0.050305 0.076828
    100 1.018555 -0.000026 -0.000397 0.000000 0.000000 1.057754
    101 -0.155312 0.130643 -0.021921 -3.022466 0.022433 -0.024903
    102 -0.252209 0.061937 -0.024914 -0.007671 -0.063171 -0.044392
    103 -0.085991 0.185203 -0.015180 -2.937063 -0.113970 -0.138991
    104 -0.286537 0.179852 0.024264 -3.109353 -0.049645 -0.029915
    105 -0.019489 0.147084 0.079203 2.893815 0.038585 -0.060594
    106 -0.046482 0.251898 0.129548 3.016165 0.077112 -0.042864
    107 0.039120 -0.040298 0.047739 3.084219 0.030470 -0.037414
    108 -0.233757 0.066630 0.001754 -3.133086 0.040141 -0.065413
    109 0.044266 0.020128 0.001684 -2.778763 -0.118872 -0.040488
    110 0.071495 0.074127 -0.048302 -3.035917 -0.059482 0.104366
    111 0.000000 0.000000 0.000000 0.000000 0.000000 -1.570796
    112 15.133274 -2.636799 -2.187567 -0.006356 -0.076126 0.032760
    113 1.414063 0.000000 2.341797 0.000000 0.000000 0.000000
    114 1.194336 0.000004 2.341797 0.000000 0.000000 0.000000
    115 3.476669 7.043184 -4.929838 0.194562 -0.947556 -1.509954
    116 -0.575999 -0.004000 0.701999 0.000000 0.000000 0.000000
    117 -0.222000 0.000000 2.060996 0.000000 0.000000 0.000000
    118 0.414999 0.000000 0.937998 0.000000 0.000000 0.000000
    119 1.086997 -0.554999 1.709997 0.000000 0.000000 -1.570755
    120 4.654990 0.000000 0.242000 0.000000 0.000000 0.000000
    121 -1.234999 2.354995 -2.038996 -1.607262 0.223147 -0.356362
    122 4.367991 0.000000 0.177000 0.000000 0.000000 0.000000
    123 0.537998 0.000000 -3.214993 0.000000 0.000000 0.000000
    124 -0.126000 0.000000 -1.241997 0.000000 0.000000 0.000000
    125 1.572997 0.000000 2.342995 0.000000 0.000000 0.000000
    126 1.201998 0.000000 2.375995 0.000000 0.000000 0.000000
    127 -1.451998 0.000000 -3.396993 0.000000 0.000000 0.000000
    128 3.501993 0.017000 3.580993 0.000000 -0.159168 0.000000
    129 0.000000 0.000000 0.000000 0.000000 0.000000 0.000000
    130 0.745997 0.090000 -0.642999 0.000000 0.000000 0.000000
    131 -0.716000 0.604999 0.624999 0.000000 0.000000 0.000000
    132 2.751994 0.107000 0.669999 0.000000 0.000000 0.000000
    133 3.184993 0.000000 1.365997 0.000000 0.000000 0.000000
    134 0.000000 0.000000 0.000000 0.000000 0.000000 0.000000
    135 -0.106000 0.000000 64.320000 0.000000 0.000000 0.000000
    136 0.000000 0.000000 0.000000 0.000000 0.000000 0.000000
    137 0.000000 0.000000 0.000000 0.000276 -0.000551 -0.000431
    138 25.320463 -2.351890 8.968851 -0.006392 -0.076194 0.032724
    139 0.106000 0.000000 -64.320000 0.000000 0.000000 0.000000
    140 0.000000 0.000000 0.000000 0.000000 0.000000 0.000000
    141 0.000000 0.000000 -4.867002 -3.141592 0.000000 -3.128591
    142 0.000000 0.000000 4.867000 -3.141592 0.000000 -3.128591
    143 4.000000 -6.500000 0.000000 0.000000 0.000000 0.000977
    144 -6.500000 0.000000 0.000000 0.000000 1.570796 0.000000
    145 1.000088 -0.000029 0.000000 0.000000 0.000000 0.000000
    146 17.162516 -0.000404 0.000000 0.000000 0.000000 0.119214
    147 9.999891 -0.000303 0.000000 0.000000 0.000000 0.000000
    148 1.000088 -0.000029 0.000000 0.000000 0.000000 0.000000
    149 17.162516 -0.000404 0.000000 0.000000 0.000000 0.119214
    150 9.499836 0.000212 0.000000 0.000000 0.000000 0.000000
    151 0.000000 0.000000 0.000000 0.000000 0.000000 0.000000
    152 17.749374 0.295515 0.000000 0.000000 0.000000 -1.158958
    153 0.017889 0.299792 0.000000 0.000000 0.000000 -0.059582
    154 12.283573 1.581456 -4.696000 1.462269 -0.086726 0.090185
    155 17.749376 0.295515 0.000000 0.000000 0.000000 -1.158958
    156 0.017889 0.299792 0.000000 0.000000 0.000000 -0.059582
    157 13.354000 0.000000 0.000000 0.000000 0.000000 -0.294101
    158 4.530998 0.000000 0.000000 0.000000 0.000000 0.000000
    159 0.000000 0.000000 0.000000 0.000000 0.000000 0.000000
    160 5.413524 0.000347 0.000000 0.000000 0.000000 -0.518055
    161 5.413524 0.000347 0.000000 0.000000 0.000000 -0.518055
    162 4.662002 -5.366333 4.825191 1.569713 1.561305 -3.121213
    163 3.116966 -0.000443 0.000000 0.000000 0.000000 0.294101
    164 4.527344 0.000000 0.000000 0.000000 0.000000 0.000000
    165 -0.537999 0.000000 2.587000 0.000000 0.000000 0.000000
    166 -20.198523 3.686147 -57.432754 0.003845 0.076292 -0.032103
    167 2.302999 0.000000 0.188000 0.000000 0.000000 0.000000
    168 6.748000 0.000000 0.546000 0.000000 0.000000 0.000000
    169 3.512001 -3.547000 -1.066000 0.000000 1.570796 0.000000
    170 3.456001 -3.517000 1.169000 0.000000 1.570796 0.000000
    171 6.233002 0.000000 0.000000 0.000000 0.000000 0.000000
    172 -0.171997 -0.106000 -0.902000 1.570713 1.029176 -3.134550
    173 6.249810 -6.372187 -0.007813 -0.000431 -0.000276 0.000551
    174 3.999434 -0.000527 -0.000332 -0.518077 0.000018 0.000058
    175 3.999897 0.000041 0.001007 0.114683 0.000000 0.000000
    176 1.598000 0.000000 0.000000 0.000000 0.000000 0.000000
    177 -1.145525 0.000130 0.000668 0.000000 0.000000 0.000000
    178 2.299679 -2.499979 -0.599480 0.892020 0.221483 -0.527313
    179 11.272391 -5.564329 -0.440551 1.976930 -0.329575 -0.110448
    180 -9.580683 -27.862110 -37.184666 0.812879 -0.123459 -0.568477
    181 0.649933 -0.548295 0.093651 -1.665913 -0.131399 -0.112062
    182 0.657077 0.008401 0.040371 -1.665945 -0.131407 -0.000013
    183 0.665776 0.747221 -0.029190 -1.665935 -0.131408 0.094976
    184 2.300138 -2.499413 0.600155 -0.891929 -0.221512 -0.527290
    185 11.365068 1.105308 3.752254 2.036514 -0.307328 0.198880
    186 2.762354 0.116951 1.523975 1.629482 0.064153 1.743800
    187 7.228319 7.928203 -3.925648 2.328713 0.123459 -0.568477
    188 0.650396 -0.547731 -0.092976 1.665913 0.131399 -0.112062
    189 0.657069 0.008398 -0.040379 1.665945 0.131407 -0.000013
    190 0.665777 0.747222 0.029182 1.665935 0.131408 0.094976
    191 -4.481003 -0.202000 0.000000 0.000000 0.000000 0.000000
    192 -5.516998 -0.291000 -0.001000 0.000000 0.000000 0.000000
    193 -0.857700 0.104071 0.104683 0.023536 0.163924 0.013632
    194 1.899119 0.000427 -0.000439 0.027386 -0.033311 0.477848
    195 1.799660 -0.000233 0.000231 0.027386 -0.033311 0.477848
    196 1.799660 -0.000233 0.000231 0.027386 -0.033311 0.477848
    197 1.799660 -0.000233 0.000231 0.027386 -0.033311 0.477848
    198 1.900313 -0.000137 -0.000516 0.027386 -0.033311 0.477848
    199 1.899433 -0.000317 -0.000151 -0.027386 0.033311 0.477848
    200 1.799662 -0.000233 -0.000233 -0.027386 0.033311 0.477848
    201 1.799662 -0.000233 -0.000233 -0.027386 0.033311 0.477848
    202 1.799662 -0.000233 -0.000233 -0.027386 0.033311 0.477848
    203 1.900723 0.000553 -0.000072 -0.027386 0.033311 0.477848
    204 0.599884 0.400187 -0.000031 0.000000 0.000000 0.000000
    205 0.599888 0.400187 0.000031 0.000000 0.000000 -3.141592
    206 0.599503 0.400696 0.000234 0.000000 0.000000 0.000000
    207 0.600399 0.399632 -0.000466 0.000000 0.000000 -3.141592
  time 28
    0 0.000000 0.000000 0.000000 0.000000 0.000000 -1.570796
    1 -0.106323 0.000000 -0.000198 0.000000 0.000000 0.000000
    2 0.000000 0.000000 0.000000 0.000000 0.000000 0.000000
    3 -0.904000 0.000000 -11.806000 0.000000 0.000000 0.000000
    4 0.000000 0.000000 -14.313999 0.000000 -1.570796 1.570857
    5 3.533001 0.000000 0.000000 0.000000 0.000000 0.000000
    6 6.250000 0.000000 0.000000 0.000000 0.000000 0.000000
    7 9.838490 4.894706 -0.736952 -0.643102 1.535099 -0.643086
    8 9.725205 4.453286 3.518299 0.065856 -1.107663 -0.060834
    9 5.790726 0.002787 -0.000113 -0.697533 0.278941 -1.542364
    10 5.999492 -0.000592 -4.000343 0.000000 0.000000 0.000000
    11 5.791316 0.002582 0.000893 1.236281 -0.556994 -1.637898
    12 5.999492 -0.000592 4.000336 0.000000 0.000000 0.000000
    13 0.500225 0.000133 -0.000088 -0.088081 0.000000 0.000060
    14 11.534559 0.004255 -0.001312 -0.000017 0.000009 -1.114628
    15 -0.829338 0.893824 0.079659 -0.148839 0.047645 0.087266
    16 0.500225 0.000132 0.000076 -0.264980 0.000000 0.000000
    17 11.532495 0.000526 -0.000089 0.000006 -0.000022 -1.401630
    18 -0.829586 0.894698 -0.079464 0.045377 -0.019621 0.087266
    19 10.599884 0.000105 -0.000553 -1.135174 0.000012 0.000048
    20 0.189980 -0.306432 -0.000805 0.000024 0.000047 0.557360
    21 11.042057 0.003717 0.000798 -0.916389 -0.004081 0.924033
    22 -1.214832 0.203470 -0.477489 -0.135025 -0.078677 -0.001289
    23 10.599880 0.000105 0.000549 0.175150 0.000000 0.000000
    24 0.346233 -0.411904 0.000801 -0.000036 0.000001 0.699093
    25 11.041742 0.003171 -0.000571 0.171571 0.603533 0.737420
    26 -1.063377 0.077663 0.150230 0.045121 0.020046 -0.012850
    27 0.610302 -0.939470 0.070343 -1.673229 -0.155766 -0.170654
    28 0.639940 -0.199121 0.060188 -1.666062 -0.142465 -0.065428
    29 0.600155 1.080261 -0.339535 -1.739933 0.034393 0.058092
    30 0.610207 0.400743 -0.010101 -1.762268 -0.061004 0.042776
    31 0.634715 -0.693997 -0.232343 0.154995 -0.144817 -0.846138
    32 -0.792125 0.203736 0.461300 1.439074 -0.003453 -0.018305
    33 0.610300 -0.939469 -0.070351 1.655335 0.140029 -0.175632
    34 0.639937 -0.199121 -0.060200 1.659528 0.202500 -0.040444
    35 0.600157 1.080259 0.339531 1.738023 -0.020790 0.107385
    36 0.610205 0.400743 0.010086 1.767175 0.146065 0.084305
    37 0.624002 -0.695300 0.232270 -0.702391 -0.437877 -1.036651
    38 -0.626031 -0.069983 -0.080517 -1.447153 0.086151 0.021559
    39 2.625284 -0.002532 -0.001438 -0.104631 -0.256084 0.440777
    40 2.664743 0.000397 -0.000071 -0.128377 -0.165355 0.653162
    41 2.206394 0.003368 -0.006769 -0.063374 -0.158500 0.642463
    42 0.599952 0.959240 -0.300102 -0.174544 0.000000 0.000000
    43 2.557190 -0.005873 0.006359 0.027759 -0.087309 0.690243
    44 2.095024 -0.003873 -0.002193 -0.524724 -0.113164 0.567241
    45 0.999380 -0.000236 -1.182025 -0.000001 0.000000 0.000000
    46 -0.122639 -0.721856 0.661690 -0.486644 0.223964 0.243056
    47 2.626019 -0.000648 0.006647 0.149848 0.473803 0.270432
    48 2.656250 0.000780 0.000159 0.668585 0.306980 1.162188
    49 2.197266 0.000516 -0.000121 0.505440 -0.145574 1.217274
    50 0.599951 0.959244 0.300102 0.174544 0.000000 0.000000
    51 2.556641 -0.000149 -0.000030 0.544726 0.124361 1.290931
    52 2.103851 0.005614 -0.001014 0.778708 -0.382773 0.574131
    53 0.999374 -0.000237 1.205456 0.292927 0.028379 0.134647
    54 0.310846 -0.606445 -0.498005 0.308107 -0.197598 0.313976
    55 1.873069 -0.004741 -0.000994 -0.000007 0.000004 0.880962
    56 1.200941 0.399582 -0.000237 -0.009465 0.016087 0.007127
    57 0.000586 0.100342 -0.000319 -0.120035 -0.021926 -0.209617
    58 -0.161663 0.051712 0.194808 -2.941982 0.122408 -0.060194
    59 2.010092 -0.007109 -0.007284 0.000018 0.000013 0.973618
    60 0.000240 0.099802 -0.000395 -0.018823 0.010833 -0.239219
    61 -0.203197 0.048607 0.069150 -3.093332 0.033217 -0.046722
    62 1.180428 -0.006214 0.000780 -0.000002 0.000060 0.625410
    63 -0.000196 0.099625 -0.000034 0.000000 0.000000 -0.314102
    64 -0.088736 -0.688435 -0.145203 2.930407 -0.136130 0.513013
    65 1.715976 -0.003328 0.003818 -0.015462 -0.018968 0.858536
    66 -0.000580 0.100145 -0.000311 -0.010912 0.023129 -0.260841
    67 -0.146030 -0.232426 -0.014225 3.028455 -0.094299 0.113020
    68 1.290632 0.000362 -0.000032 -0.059911 0.038614 -0.294853
    69 -0.658121 -0.003575 0.072645 -0.142711 0.027792 -0.077299
    70 1.868080 -0.003049 0.006083 -0.000045 0.000003 0.833095
    71 1.200079 0.399944 -0.000093 0.009465 -0.016087 0.007127
    72 0.000591 0.100342 0.000319 0.120035 0.021926 -0.209617
    73 0.068077 0.002285 -0.080050 3.111376 -0.069366 -0.060847
    74 2.007813 -0.000883 -0.000381 -0.000043 0.000037 1.417990
    75 0.000229 0.099802 0.000395 0.018823 -0.010833 -0.239219
    76 -0.018673 -0.001009 0.047544 3.109244 0.002635 -0.106673
    77 1.178665 0.001595 0.000845 0.000066 -0.000012 0.546573
    78 -0.000198 0.099628 0.000034 0.000000 0.000000 -0.314102
    79 0.036892 -0.634449 0.266284 -2.801062 0.174301 0.490914
    80 1.708008 0.000721 0.000199 0.000056 -0.000025 0.840846
    81 -0.000576 0.100136 0.000311 0.010912 -0.023129 -0.260841
    82 -0.003952 -0.281811 0.115047 -3.059162 0.089004 0.167964
    83 1.289627 0.003949 0.000061 0.196606 -0.011682 0.180602
    84 -0.171528 -0.018148 -0.099873 0.013484 -0.062184 -0.011780
    85 0.912716 0.007240 0.001326 0.000042 0.000021 0.184971
    86 -0.342617 0.053404 -0.025571 -2.909301 -0.017248 0.075276
    87 1.100231 -0.000930 -0.002434 0.000009 0.000014 -0.082236
    88 -0.384983 0.330998 0.006848 -3.087207 -0.018765 -0.184279
    89 0.678146 0.002286 0.000002 -0.000018 -0.000043 0.175653
    90 -0.123848 0.072737 0.029507 2.898184 -0.060627 0.094834
    91 1.017166 -0.000154 -0.000252 -0.000023 -0.000014 0.045447
    92 -0.344986 0.123129 0.143151 2.994981 0.012396 0.059140
    93 -0.730988 0.177046 0.039141 -0.123731 0.076518 -0.084310
    94 0.921993 0.005205 -0.000896 -0.000002 -0.000011 0.568914
    95 -0.124027 -0.052092 0.038496 3.077813 -0.008519 0.039229
    96 1.098633 0.000006 0.000469 0.000024 0.000052 0.880282
    97 -0.330082 0.160641 0.042780 3.128073 0.034033 -0.171236
    98 0.675854 0.005438 0.003272 -0.000022 0.000027 1.006524
    99 -0.019516 -0.016531 0.038578 -2.763781 0.050305 0.076828
    100 1.018555 -0.000026 -0.000397 0.000000 0.000000 1.057754
    101 -0.155312 0.130643 -0.021921 -3.022466 0.022433 -0.024903
    102 -0.252209 0.061937 -0.024914 -0.007671 -0.063171 -0.044392
    103 -0.085991 0.185203 -0.015180 -2.937063 -0.113970 -0.138991
    104 -0.286537 0.179852 0.024264 -3.109353 -0.049645 -0.029915
    105 -0.019489 0.147084 0.079203 2.893815 0.038585 -0.060594
    106 -0.046482 0.251898 0.129548 3.016165 0.077112 -0.042864
    107 0.039120 -0.040298 0.047739 3.084219 0.030470 -0.037414
    108 -0.233757 0.066630 0.001754 -3.133086 0.040141 -0.065413
    109 0.044266 0.020128 0.001684 -2.778763 -0.118872 -0.040488
    110 0.071495 0.074127 -0.048302 -3.035917 -0.059482 0.104366
    111 0.000000 0.000000 0.000000 0.000000 0.000000 -1.570796
    112 13.840266 -2.515702 -2.304758 -0.022390 -0.022707 0.021467
    113 1.414063 0.000000 2.341797 0.000000 0.000000 0.000000
    114 1.194336 0.000004 2.341797 0.000000 0.000000 0.000000
    115 3.820429 8.371349 -3.980590 0.171633 -0.893524 -1.503673
    116 -0.575999 -0.004000 0.701999 0.000000 0.000000 0.000000
    117 -0.222000 0.000000 2.060996 0.000000 0.000000 0.000000
    118 0.414999 0.000000 0.937998 0.000000 0.000000 0.000000
    119 1.086997 -0.554999 1.709997 0.000000 0.000000 -1.570755
    120 4.654990 0.000000 0.242000 0.000000 0.000000 0.000000
    121 -1.234999 2.354995 -2.038996 -1.607262 0.223147 -0.356362
    122 4.367991 0.000000 0.177000 0.000000 0.000000 0.000000
    123 0.537998 0.000000 -3.214993 0.000000 0.000000 0.000000
    124 -0.126000 0.000000 -1.241997 0.000000 0.000000 0.000000
    125 1.572997 0.000000 2.342995 0.000000 0.000000 0.000000
    126 1.201998 0.000000 2.375995 0.000000 0.000000 0.000000
    127 -1.451998 0.000000 -3.396993 0.000000 0.000000 0.000000
    128 3.501993 0.017000 3.580993 0.000000 -0.159168 0.000000
    129 0.000000 0.000000 0.000000 0.000000 0.000000 0.000000
    130 0.745997 0.090000 -0.642999 0.000000 0.000000 0.000000
    131 -0.716000 0.604999 0.624999 0.000000 0.000000 0.000000
    132 2.751994 0.107000 0.669999 0.000000 0.000000 0.000000
    133 3.184993 0.000000 1.365997 0.000000 0.000000 0.000000
    134 0.000000 0.000000 0.000000 0.000000 0.000000 0.000000
    135 -0.106000 0.000000 64.320000 0.000000 0.000000 0.000000
    136 0.000000 0.000000 0.000000 0.000000 0.000000 0.000000
    137 0.000000 0.000000 0.000000 -0.001186 0.000348 -0.001163
    138 23.988391 -2.351890 8.355551 -0.022331 -0.022637 0.021524
    139 0.106000 0.000000 -64.320000 0.000000 0.000000 0.000000
    140 0.000000 0.000000 0.000000 0.000000 0.000000 0.000000
    141 0.000000 0.000000 -4.867002 -3.141592 0.000000 -3.128591
    142 0.000000 0.000000 4.867000 -3.141592 0.000000 -3.128591
    143 4.000000 -6.500000 0.000000 0.000000 0.000000 0.000977
    144 -6.500000 0.000000 0.000000 0.000000 1.570796 0.000000
    145 1.000088 -0.000029 0.000000 0.000000 0.000000 0.000000
    146 17.162516 -0.000404 0.000000 0.000000 0.000000 0.119214
    147 9.999891 -0.000303 0.000000 0.000000 0.000000 0.000000
    148 1.000088 -0.000029 0.000000 0.000000 0.000000 0.000000
    149 17.162516 -0.000404 0.000000 0.000000 0.000000 0.119214
    150 9.499836 0.000212 0.000000 0.000000 0.000000 0.000000
    151 0.000000 0.000000 0.000000 0.000000 0.000000 0.000000
    152 17.749374 0.295515 0.000000 0.000000 0.000000 -1.158958
    153 0.017889 0.299792 0.000000 0.000000 0.000000 -0.059582
    154 12.283573 1.581456 -4.696000 1.462269 -0.086726 0.090185
    155 17.749376 0.295515 0.000000 0.000000 0.000000 -1.158958
    156 0.017889 0.299792 0.000000 0.000000 0.000000 -0.059582
    157 13.354000 0.000000 0.000000 0.000000 0.000000 -0.294101
    158 4.530998 0.000000 0.000000 0.000000 0.000000 0.000000
    159 0.000000 0.000000 0.000000 0.000000 0.000000 0.000000
    160 5.413524 0.000347 0.000000 0.000000 0.000000 -0.518055
    161 5.413524 0.000347 0.000000 0.000000 0.000000 -0.518055
    162 4.662002 -5.366333 4.825191 1.569713 1.561305 -3.121213
    163 3.116966 -0.000443 0.000000 0.000000 0.000000 0.294101
    164 4.527344 0.000000 0.000000 0.000000 0.000000 0.000000
    165 -0.537999 0.000000 2.587000 0.000000 0.000000 0.000000
    166 -15.655416 4.354136 -58.253092 0.021758 0.022982 -0.020900
    167 2.302999 0.000000 0.188000 0.000000 0.000000 0.000000
    168 6.748000 0.000000 0.546000 0.000000 0.000000 0.000000
    169 3.512001 -3.547000 -1.066000 0.000000 1.570796 0.000000
    170 3.456001 -3.517000 1.169000 0.000000 1.570796 0.000000
    171 6.233002 0.000000 0.000000 0.000000 0.000000 0.000000
    172 -0.171997 -0.106000 -0.902000 1.570713 1.029176 -3.134550
    173 6.241997 -6.380000 -0.011719 -0.001163 0.001186 -0.000348
    174 3.999434 -0.000527 -0.000332 -0.567569 0.000018 0.000058
    175 3.999897 0.000041 0.001007 0.087647 0.000000 -0.000060
    176 1.598000 0.000000 0.000000 0.000000 0.000000 0.000000
    177 -1.145525 0.000130 0.000668 0.000000 0.000000 0.000000
    178 2.299679 -2.499979 -0.599480 0.892020 0.221483 -0.527313
    179 10.936444 -3.185350 -0.327266 1.597716 -0.146639 -0.184031
    180 -9.580683 -27.862110 -37.184666 0.812879 -0.123459 -0.568477
    181 0.649933 -0.548295 0.093651 -1.665913 -0.131399 -0.112062
    182 0.657077 0.008401 0.040371 -1.665945 -0.131407 -0.000013
    183 0.665776 0.747221 -0.029190 -1.665935 -0.131408 0.094976
    184 2.300138 -2.499413 0.600155 -0.891929 -0.221512 -0.527290
    185 11.365068 1.105308 3.752254 2.036514 -0.307328 0.198880
    186 2.762354 0.116951 1.523975 1.629482 0.064153 1.743800
    187 7.228319 7.928203 -3.925648 2.328713 0.123459 -0.568477
    188 0.650396 -0.547731 -0.092976 1.665913 0.131399 -0.112062
    189 0.657069 0.008398 -0.040379 1.665945 0.131407 -0.000013
    190 0.665777 0.747222 0.029182 1.665935 0.131408 0.094976
    191 -4.481003 -0.202000 0.000000 0.000000 0.000000 0.000000
    192 -5.516998 -0.291000 -0.001000 0.000000 0.000000 0.000000
    193 -0.857700 0.104071 0.104683 0.023536 0.163924 0.013632
    194 1.899119 0.000427 -0.000439 0.027386 -0.033311 0.477848
    195 1.799660 -0.000233 0.000231 0.027386 -0.033311 0.477848
    196 1.799660 -0.000233 0.000231 0.027386 -0.033311 0.477848
    197 1.799660 -0.000233 0.000231 0.027386 -0.033311 0.477848
    198 1.900313 -0.000137 -0.000516 0.027386 -0.033311 0.477848
    199 1.899433 -0.000317 -0.000151 -0.027386 0.033311 0.477848
    200 1.799662 -0.000233 -0.000233 -0.027386 0.033311 0.477848
    201 1.799662 -0.000233 -0.000233 -0.027386 0.033311 0.477848
    202 1.799662 -0.000233 -0.000233 -0.027386 0.033311 0.477848
    203 1.900723 0.000553 -0.000072 -0.027386 0.033311 0.477848
    204 0.599884 0.400187 -0.000031 0.000000 0.000000 0.000000
    205 0.599888 0.400187 0.000031 0.000000 0.000000 -3.141592
    206 0.599503 0.400696 0.000234 0.000000 0.000000 0.000000
    207 0.600399 0.399632 -0.000466 0.000000 0.000000 -3.141592
  time 29
    0 0.000000 0.000000 0.000000 0.000000 0.000000 -1.570796
    1 -0.106323 0.000000 -0.000198 0.000000 0.000000 0.000000
    2 0.000000 0.000000 0.000000 0.000000 0.000000 0.000000
    3 -0.904000 0.000000 -11.806000 0.000000 0.000000 0.000000
    4 0.000000 0.000000 -14.313999 0.000000 -1.570796 1.570857
    5 3.533001 0.000000 0.000000 0.000000 0.000000 0.000000
    6 6.250000 0.000000 0.000000 0.000000 0.000000 0.000000
    7 9.889273 5.437691 -0.537727 -1.153277 1.547377 -1.153364
    8 9.662704 5.211122 2.975314 0.044893 -1.073416 -0.039654
    9 5.790726 0.002787 -0.000113 -0.665760 0.264135 -1.509944
    10 5.999492 -0.000592 -4.000343 0.000000 0.000000 0.000000
    11 5.791316 0.002582 0.000893 1.295713 -0.584496 -1.654814
    12 5.999492 -0.000592 4.000336 0.000000 0.000000 0.000000
    13 0.500225 0.000133 -0.000088 -0.105806 0.000000 0.000060
    14 11.534559 0.000348 -0.001312 0.000019 -0.000051 -1.103894
    15 -0.829338 0.893824 0.079659 -0.148839 0.047645 0.087266
    16 0.500225 0.000132 0.000076 -0.299630 0.000000 0.000000
    17 11.532495 0.000526 -0.000089 -0.000078 -0.000010 -1.415818
    18 -0.829586 0.894698 -0.079464 0.045377 -0.019621 0.087266
    19 10.599884 0.000105 -0.000553 -1.266356 0.000000 0.000000
    20 0.182167 -0.306432 -0.000805 -0.000048 0.000023 0.552035
    21 11.042057 0.003717 0.004704 -1.014268 0.133975 0.847868
    22 -1.214832 0.203470 -0.477489 -0.135025 -0.078677 -0.001289
    23 10.599880 0.000105 0.000549 0.159808 0.000000 0.000060
    24 0.357952 -0.419716 0.000801 0.000000 -0.000011 0.707897
    25 11.041742 0.003171 -0.000571 0.147657 0.556514 0.752149
    26 -1.063377 0.077663 0.150230 0.045121 0.020046 -0.012850
    27 0.610302 -0.939470 0.070343 -1.660145 -0.104916 -0.177581
    28 0.639940 -0.199121 0.060188 -1.665553 -0.091303 -0.070234
    29 0.600155 1.080261 -0.339535 -1.742797 0.084992 0.049272
    30 0.610207 0.400743 -0.010101 -1.761999 -0.010501 0.033069
    31 0.630809 -0.693997 -0.232343 0.321897 0.005842 -0.962111
    32 -0.792125 0.203736 0.461300 1.439074 -0.003453 -0.018305
    33 0.610300 -0.939469 -0.070351 1.655335 0.140029 -0.175632
    34 0.639937 -0.199121 -0.060200 1.659528 0.202500 -0.040444
    35 0.600157 1.080259 0.339531 1.738023 -0.020790 0.107385
    36 0.610205 0.400743 0.010086 1.767175 0.146065 0.084305
    37 0.624002 -0.695300 0.232270 -0.809694 -0.376437 -0.994098
    38 -0.626031 -0.069983 -0.080517 -1.447153 0.086151 0.021559
    39 2.621377 -0.002532 -0.001438 -0.090934 -0.285763 0.709263
    40 2.664743 0.000397 -0.000071 -0.099657 -0.144663 0.914041
    41 2.202488 0.003368 -0.006769 -0.081763 -0.147788 0.942806
    42 0.599952 0.959240 -0.300102 -0.174544 0.000000 0.000000
    43 2.557190 -0.005873 0.006359 0.008361 -0.115089 0.949357
    44 2.095024 -0.003873 -0.002193 -0.597623 -0.011872 0.646123
    45 0.999380 -0.000236 -1.131242 -0.000001 0.000000 0.000000
    46 -0.122639 -0.721856 0.661690 -0.486644 0.223964 0.243056
    47 2.622113 -0.000648 0.002741 0.217911 0.503728 0.315463
    48 2.656250 0.000780 0.000159 0.668585 0.306980 1.162188
    49 2.197266 0.000516 -0.000121 0.505440 -0.145574 1.217274
    50 0.599951 0.959244 0.300102 0.174544 0.000000 0.000000
    51 2.556641 -0.000149 -0.000030 0.544726 0.124361 1.290931
    52 2.103851 0.005614 -0.001014 0.807860 -0.373880 0.550181
    53 0.999374 -0.000237 1.197643 0.292927 0.028379 0.134647
    54 0.310846 -0.606445 -0.498005 0.308107 -0.197598 0.313976
    55 1.873069 -0.004741 -0.000994 -0.000007 0.000004 1.164030
    56 1.200941 0.399582 -0.000237 -0.009465 0.016087 0.007127
    57 0.000586 0.100342 -0.000319 -0.120035 -0.021926 -0.209617
    58 -0.161663 0.051712 0.194808 -2.941982 0.122408 -0.060194
    59 2.010092 -0.007109 -0.003377 -0.000018 -0.000035 1.199938
    60 0.000240 0.099802 -0.000395 -0.018823 0.010833 -0.239219
    61 -0.203197 0.048607 0.069150 -3.093332 0.033217 -0.046722
    62 1.180428 -0.006214 0.000780 -0.000002 0.000060 0.658899
    63 -0.000196 0.099625 -0.000034 0.000000 0.000000 -0.314102
    64 -0.088736 -0.688435 -0.145203 2.930407 -0.136130 0.513013
    65 1.712069 -0.003328 0.003818 -0.016684 -0.020622 0.967843
    66 -0.000580 0.100145 -0.000311 -0.010912 0.023129 -0.260841
    67 -0.146030 -0.232426 -0.014225 3.028455 -0.094299 0.113020
    68 1.290632 0.000362 -0.000032 -0.065149 0.041862 -0.253369
    69 -0.658121 -0.003575 0.072645 -0.142711 0.027792 -0.077299
    70 1.868080 -0.003049 0.006083 0.000003 -0.000021 0.958547
    71 1.200079 0.399944 -0.000093 0.009465 -0.016087 0.007127
    72 0.000591 0.100342 0.000319 0.120035 0.021926 -0.209617
    73 0.068077 0.002285 -0.080050 3.111376 -0.069366 -0.060847
    74 2.007813 -0.000883 -0.000381 -0.000043 0.000037 1.417990
    75 0.000229 0.099802 0.000395 0.018823 -0.010833 -0.239219
    76 -0.018673 -0.001009 0.047544 3.109244 0.002635 -0.106673
    77 1.178665 0.001595 0.000845 0.000066 -0.000012 0.546573
    78 -0.000198 0.099628 0.000034 0.000000 0.000000 -0.314102
    79 0.036892 -0.634449 0.266284 -2.801062 0.174301 0.490914
    80 1.708008 0.000721 0.000199 0.000056 -0.000025 0.840846
    81 -0.000576 0.100136 0.000311 0.010912 -0.023129 -0.260841
    82 -0.003952 -0.281811 0.115047 -3.059162 0.089004 0.167964
    83 1.289627 0.003949 0.000061 0.213240 -0.012629 0.344186
    84 -0.171528 -0.018148 -0.099873 0.013484 -0.062184 -0.011780
    85 0.912716 0.007240 0.001326 0.000019 0.000021 0.171076
    86 -0.342617 0.053404 -0.025571 -2.909301 -0.017248 0.075276
    87 1.100231 -0.000930 -0.002434 0.000009 0.000014 -0.144007
    88 -0.384983 0.330998 0.006848 -3.087207 -0.018765 -0.184279
    89 0.678146 0.006192 0.000002 -0.000018 -0.000079 0.164815
    90 -0.123848 0.072737 0.029507 2.898184 -0.060627 0.094834
    91 1.017166 -0.000154 -0.000252 -0.000023 -0.000014 -0.034914
    92 -0.344986 0.123129 0.143151 2.994981 0.012396 0.059140
    93 -0.730988 0.177046 0.039141 -0.123731 0.076518 -0.084310
    94 0.925900 0.001298 -0.000896 -0.000002 -0.000011 0.511219
    95 -0.124027 -0.052092 0.038496 3.077813 -0.008519 0.039229
    96 1.098633 0.000006 0.000469 0.000024 0.000052 0.880282
    97 -0.330082 0.160641 0.042780 3.128073 0.034033 -0.171236
    98 0.675854 0.001531 0.003272 -0.000022 0.000027 1.006524
    99 -0.019516 -0.016531 0.038578 -2.763781 0.050305 0.076828
    100 1.018555 -0.000026 -0.000397 0.000000 0.000000 1.057754
    101 -0.155312 0.130643 -0.021921 -3.022466 0.022433 -0.024903
    102 -0.252209 0.061937 -0.024914 -0.007671 -0.063171 -0.044392
    103 -0.085991 0.185203 -0.015180 -2.937063 -0.113970 -0.138991
    104 -0.286537 0.179852 0.024264 -3.109353 -0.049645 -0.029915
    105 -0.019489 0.147084 0.079203 2.893815 0.038585 -0.060594
    106 -0.046482 0.251898 0.129548 3.016165 0.077112 -0.042864
    107 0.039120 -0.040298 0.047739 3.084219 0.030470 -0.037414
    108 -0.233757 0.066630 0.001754 -3.133086 0.040141 -0.065413
    109 0.044266 0.020128 0.001684 -2.778763 -0.118872 -0.040488
    110 0.071495 0.074127 -0.048302 -3.035917 -0.059482 0.104366
    111 0.000000 0.000000 0.000000 0.000000 0.000000 -1.570796
    112 13.223060 -2.402417 -2.507889 -0.038233 0.030946 0.013067
    113 1.414063 0.000000 2.341797 0.000000 0.000000 0.000000
    114 1.194336 0.000004 2.341797 0.000000 0.000000 0.000000
    115 4.101688 9.000275 -3.105564 0.151382 -0.838975 -1.496642
    116 -0.575999 -0.004000 0.701999 0.000000 0.000000 0.000000
    117 -0.222000 0.000000 2.060996 0.000000 0.000000 0.000000
    118 0.414999 0.000000 0.937998 0.000000 0.000000 0.000000
    119 1.086997 -0.554999 1.709997 0.000000 0.000000 -1.570755
    120 4.654990 0.000000 0.242000 0.000000 0.000000 0.000000
    121 -1.234999 2.354995 -2.038996 -1.607262 0.223147 -0.356338
    122 4.367991 0.000000 0.177000 0.000000 0.000000 0.000000
    123 0.537998 0.000000 -3.214993 0.000000 0.000000 0.000000
    124 -0.126000 0.000000 -1.241997 0.000000 0.000000 0.000000
    125 1.572997 0.000000 2.342995 0.000000 0.000000 0.000000
    126 1.201998 0.000000 2.375995 0.000000 0.000000 0.000000
    127 -1.451998 0.000000 -3.396993 0.000000 0.000000 0.000000
    128 3.501993 0.017000 3.580993 0.000000 -0.159168 0.000000
    129 0.000000 0.000000 0.000000 0.000000 0.000000 0.000000
    130 0.745997 0.090000 -0.642999 0.000000 0.000000 0.000000
    131 -0.716000 0.604999 0.624999 0.000000 0.000000 0.000000
    132 2.751994 0.107000 0.669999 0.000000 0.000000 0.000000
    133 3.184993 0.000000 1.365997 0.000000 0.000000 0.000000
    134 0.000000 0.000000 0.000000 0.000000 0.000000 0.000000
    135 -0.106000 0.000000 64.320000 0.000000 0.000000 0.000000
    136 0.000000 0.000000 0.000000 0.000000 0.000000 0.000000
    137 0.000000 0.000000 0.000000 -0.002685 0.001258 -0.001894
    138 23.296963 -2.344077 7.671936 -0.038365 0.030967 0.013031
    139 0.106000 0.000000 -64.320000 0.000000 0.000000 0.000000
    140 0.000000 0.000000 0.000000 0.000000 0.000000 0.000000
    141 0.000000 0.000000 -4.867002 -3.141592 0.000000 -3.128591
    142 0.000000 0.000000 4.867000 -3.141592 0.000000 -3.128591
    143 4.000000 -6.500000 0.000000 0.000000 0.000000 0.000977
    144 -6.500000 0.000000 0.000000 0.000000 1.570796 0.000000
    145 1.000088 -0.000029 0.000000 0.000000 0.000000 0.000000
    146 17.162516 -0.000404 0.000000 0.000000 0.000000 0.119214
    147 9.999891 -0.000303 0.000000 0.000000 0.000000 0.000000
    148 1.000088 -0.000029 0.000000 0.000000 0.000000 0.000000
    149 17.162516 -0.000404 0.000000 0.000000 0.000000 0.119214
    150 9.499836 0.000212 0.000000 0.000000 0.000000 0.000000
    151 0.000000 0.000000 0.000000 0.000000 0.000000 0.000000
    152 17.749374 0.295515 0.000000 0.000000 0.000000 -1.158958
    153 0.017889 0.299792 0.000000 0.000000 0.000000 -0.059582
    154 12.283573 1.581456 -4.696000 1.462269 -0.086726 0.090185
    155 17.749376 0.295515 0.000000 0.000000 0.000000 -1.158958
    156 0.017889 0.299792 0.000000 0.000000 0.000000 -0.059582
    157 13.354000 0.000000 0.000000 0.000000 0.000000 -0.294101
    158 4.530998 0.000000 0.000000 0.000000 0.000000 0.000000
    159 0.000000 0.000000 0.000000 0.000000 0.000000 0.000000
    160 5.413524 0.000347 0.000000 0.000000 0.000000 -0.518055
    161 5.413524 0.000347 0.000000 0.000000 0.000000 -0.518055
    162 4.662002 -5.366333 4.825191 1.569713 1.561305 -3.121213
    163 3.116966 -0.000443 0.000000 0.000000 0.000000 0.294101
    164 4.527344 0.000000 0.000000 0.000000 0.000000 0.000000
    165 -0.537999 0.000000 2.587000 0.000000 0.000000 0.000000
    166 -11.768578 5.115878 -58.678886 0.038734 -0.030553 -0.014122
    167 2.302999 0.000000 0.188000 0.000000 0.000000 0.000000
    168 6.748000 0.000000 0.546000 0.000000 0.000000 0.000000
    169 3.512001 -3.547000 -1.066000 0.000000 1.570796 0.000000
    170 3.456001 -3.517000 1.169000 0.000000 1.570796 0.000000
    171 6.233002 0.000000 0.000000 0.000000 0.000000 0.000000
    172 -0.171997 -0.106000 -0.902000 1.570713 1.029176 -3.134550
    173 6.241997 -6.380000 -0.019532 -0.001894 0.002673 -0.001270
    174 3.999434 -0.000527 -0.000332 -0.633155 0.000042 -0.000014
    175 3.999897 0.000041 0.001007 0.079945 0.000000 0.000000
    176 1.598000 0.000000 0.000000 0.000000 0.000000 0.000000
    177 -1.145525 0.000130 0.000668 0.000000 0.000000 0.000000
    178 2.299679 -2.499979 -0.599480 0.892020 0.221483 -0.527313
    179 10.561432 -3.044721 0.352442 1.676338 -0.232825 -0.210804
    180 -9.580683 -27.862110 -37.184666 0.812879 -0.123459 -0.568477
    181 0.649933 -0.548295 0.093651 -1.665913 -0.131399 -0.112062
    182 0.657077 0.008401 0.040371 -1.665945 -0.131407 -0.000013
    183 0.665776 0.747221 -0.029190 -1.665935 -0.131408 0.094976
    184 2.300138 -2.499413 0.600155 -0.891929 -0.221512 -0.527290
    185 11.365068 1.105308 3.752254 2.036514 -0.307328 0.198880
    186 2.762354 0.116951 1.523975 1.629482 0.064153 1.743800
    187 7.228319 7.928203 -3.925648 2.328713 0.123459 -0.568477
    188 0.650396 -0.547731 -0.092976 1.665913 0.131399 -0.112062
    189 0.657069 0.008398 -0.040379 1.665945 0.131407 -0.000013
    190 0.665777 0.747222 0.029182 1.665935 0.131408 0.094976
    191 -4.481003 -0.202000 0.000000 0.000000 0.000000 0.000000
    192 -5.516998 -0.291000 -0.001000 0.000000 0.000000 0.000000
    193 -0.857700 0.104071 0.104683 0.023536 0.163924 0.013632
    194 1.899119 0.000427 -0.000439 0.027386 -0.033311 0.477848
    195 1.799660 -0.000233 0.000231 0.027386 -0.033311 0.477848
    196 1.799660 -0.000233 0.000231 0.027386 -0.033311 0.477848
    197 1.799660 -0.000233 0.000231 0.027386 -0.033311 0.477848
    198 1.900313 -0.000137 -0.000516 0.027386 -0.033311 0.477848
    199 1.899433 -0.000317 -0.000151 -0.027386 0.033311 0.477848
    200 1.799662 -0.000233 -0.000233 -0.027386 0.033311 0.477848
    201 1.799662 -0.000233 -0.000233 -0.027386 0.033311 0.477848
    202 1.799662 -0.000233 -0.000233 -0.027386 0.033311 0.477848
    203 1.900723 0.000553 -0.000072 -0.027386 0.033311 0.477848
    204 0.599884 0.400187 -0.000031 0.000000 0.000000 0.000000
    205 0.599888 0.400187 0.000031 0.000000 0.000000 -3.141592
    206 0.599503 0.400696 0.000234 0.000000 0.000000 0.000000
    207 0.600399 0.399632 -0.000466 0.000000 0.000000 -3.141592
  time 30
    0 0.000000 0.000000 0.000000 0.000000 0.000000 -1.570796
    1 -0.106323 0.000000 -0.000198 0.000000 0.000000 0.000000
    2 0.000000 0.000000 0.000000 0.000000 0.000000 0.000000
    3 -0.904000 0.000000 -11.806000 0.000000 0.000000 0.000000
    4 0.000000 0.000000 -14.313999 0.000000 -1.570796 1.570857
    5 3.533001 0.000000 0.000000 0.000000 0.000000 0.000000
    6 6.250000 0.000000 0.000000 0.000000 0.000000 0.000000
    7 9.890625 5.437500 -0.533203 -1.153277 1.547377 -1.153364
    8 9.664063 5.210938 2.978516 0.044783 -1.073398 -0.039574
    9 5.790726 0.002787 -0.000113 -0.665760 0.231532 -1.522848
    10 5.999492 -0.000592 -4.000343 0.000000 0.000000 0.000000
    11 5.791316 0.006489 0.000893 1.299601 -0.578954 -1.662502
    12 5.999492 -0.000592 4.000336 0.000000 0.000000 0.000000
    13 0.500225 0.000133 -0.000088 -0.106090 0.000000 0.000048
    14 11.534559 0.004255 -0.001312 -0.000077 -0.000027 -1.012334
    15 -0.829338 0.893824 0.079659 -0.148839 0.047645 0.087266
    16 0.500225 0.000132 0.000076 -0.299974 0.000000 0.000000
    17 11.532495 0.004432 -0.000089 0.000006 -0.000022 -1.389650
    18 -0.829586 0.894698 -0.079464 0.045377 -0.019621 0.087266
    19 10.599884 0.000105 -0.000553 -1.251158 0.000000 -0.000012
    20 0.174354 -0.298619 -0.000805 0.000000 0.000011 0.506149
    21 11.042057 -0.000189 0.004704 -1.040042 0.206095 0.686889
    22 -1.214832 0.203470 -0.477489 -0.135025 -0.078677 -0.001289
    23 10.599880 0.000105 0.000549 0.158699 0.000000 0.000000
    24 0.357952 -0.415810 0.000801 -0.000024 -0.000047 0.694907
    25 11.041742 0.003171 -0.000571 0.150364 0.571518 0.735565
    26 -1.063377 0.077663 0.150230 0.045121 0.020046 -0.012850
    27 0.610302 -0.939470 0.070343 -1.654840 -0.083583 -0.180446
    28 0.639940 -0.199121 0.060188 -1.665451 -0.069863 -0.072355
    29 0.600155 1.080261 -0.339535 -1.744176 0.106216 0.045568
    30 0.610207 0.400743 -0.010101 -1.761999 0.010556 0.028922
    31 0.634715 -0.693997 -0.232343 0.410978 0.086886 -1.024574
    32 -0.792125 0.203736 0.461300 1.439074 -0.003453 -0.018305
    33 0.610300 -0.939469 -0.070351 1.655301 0.140022 -0.175633
    34 0.639937 -0.199121 -0.060200 1.659528 0.202500 -0.040444
    35 0.600157 1.080259 0.339531 1.738023 -0.020790 0.107385
    36 0.610205 0.400743 0.010086 1.767175 0.146065 0.084305
    37 0.624002 -0.695300 0.232270 -0.854712 -0.350678 -0.976340
    38 -0.626031 -0.069983 -0.080517 -1.447153 0.086151 0.021559
    39 2.621377 -0.002532 -0.001438 -0.085308 -0.298251 0.821779
    40 2.660837 0.000397 -0.000071 -0.087628 -0.136070 1.023476
    41 2.206394 0.003368 -0.006769 -0.089526 -0.143246 1.068746
    42 0.599952 0.959240 -0.300102 -0.174544 0.000000 0.000000
    43 2.557190 -0.005873 0.006359 0.000378 -0.126918 1.057987
    44 2.095024 -0.003873 -0.002193 -0.627884 0.030002 0.680822
    45 1.000000 0.000543 -1.070313 -0.000001 0.000000 0.000000
    46 -0.122639 -0.721856 0.661690 -0.486644 0.223964 0.243056
    47 2.622113 -0.004555 0.002741 0.248922 0.517307 0.335976
    48 2.658203 0.000780 0.000160 0.668586 0.306979 1.162188
    49 2.199219 0.000515 -0.000119 0.505439 -0.145576 1.217274
    50 0.599951 0.959244 0.300102 0.174544 0.000000 0.000000
    51 2.558594 -0.000151 -0.000029 0.544724 0.124360 1.290930
    52 2.103851 0.005614 -0.001014 0.819237 -0.369458 0.539031
    53 0.999374 -0.000237 1.193737 0.292927 0.028379 0.134647
    54 0.310846 -0.606445 -0.498005 0.308107 -0.197598 0.313976
    55 1.869163 -0.004741 -0.000994 -0.000043 -0.000032 1.282729
    56 1.200941 0.399582 -0.000237 -0.009465 0.016087 0.007127
    57 0.000586 0.100342 -0.000319 -0.120035 -0.021926 -0.209617
    58 -0.161663 0.051712 0.194808 -2.941982 0.122408 -0.060194
    59 2.010092 -0.007109 -0.007284 0.000065 -0.000023 1.295091
    60 0.000240 0.099802 -0.000395 -0.018823 0.010833 -0.239219
    61 -0.203197 0.048607 0.069150 -3.093332 0.033217 -0.046722
    62 1.180428 -0.006214 0.000780 -0.000026 -0.000048 0.672969
    63 -0.000196 0.099625 -0.000034 0.000000 0.000000 -0.314102
    64 -0.088736 -0.688435 -0.145203 2.930407 -0.136130 0.513013
    65 1.712069 -0.003328 -0.000088 -0.017127 -0.021209 1.013684
    66 -0.000580 0.100145 -0.000311 -0.010912 0.023129 -0.260841
    67 -0.146030 -0.232426 -0.014225 3.028455 -0.094299 0.113020
    68 1.290632 0.000362 -0.000032 -0.066946 0.043096 -0.235949
    69 -0.658121 -0.003575 0.072645 -0.142711 0.027792 -0.077299
    70 1.868080 -0.003049 0.006083 -0.000045 0.000015 1.013699
    71 1.200079 0.399944 -0.000093 0.009465 -0.016087 0.007127
    72 0.000591 0.100342 0.000319 0.120035 0.021926 -0.209617
    73 0.068077 0.002285 -0.080050 3.111376 -0.069366 -0.060847
    74 2.007813 -0.000882 -0.000381 -0.000043 0.000037 1.417990
    75 0.000229 0.099802 0.000395 0.018823 -0.010833 -0.239219
    76 -0.018673 -0.001009 0.047544 3.109244 0.002635 -0.106673
    77 1.178665 0.001595 0.000845 0.000066 -0.000024 0.546573
    78 -0.000198 0.099628 0.000034 0.000000 0.000000 -0.314102
    79 0.036892 -0.634449 0.266284 -2.801062 0.174301 0.490914
    80 1.708008 0.000724 0.000199 0.000056 -0.000025 0.840846
    81 -0.000576 0.100136 0.000311 0.010912 -0.023129 -0.260841
    82 -0.003952 -0.281811 0.115047 -3.059162 0.089004 0.167964
    83 1.289627 0.003949 0.000061 0.219400 -0.013049 0.412716
    84 -0.171528 -0.018148 -0.099873 0.013484 -0.062184 -0.011780
    85 0.919434 -0.000299 -0.000418 0.000000 0.000000 0.165533
    86 -0.342617 0.053404 -0.025571 -2.909301 -0.017248 0.075276
    87 1.100231 -0.000930 -0.002434 0.000009 0.000014 -0.170015
    88 -0.384983 0.330998 0.006848 -3.087207 -0.018765 -0.184279
    89 0.679688 -0.001227 0.000443 0.000000 0.000000 0.160450
    90 -0.123848 0.072737 0.029507 2.898184 -0.060627 0.094834
    91 1.017166 -0.000154 -0.000252 -0.000023 -0.000014 -0.068582
    92 -0.344986 0.123129 0.143151 2.994981 0.012396 0.059140
    93 -0.730988 0.177046 0.039141 -0.123731 0.076518 -0.084310
    94 0.921993 0.001298 -0.000896 0.000058 -0.000023 0.484986
    95 -0.124027 -0.052092 0.038496 3.077813 -0.008519 0.039229
    96 1.099609 0.000005 0.000469 0.000024 0.000052 0.880282
    97 -0.330082 0.160641 0.042780 3.128073 0.034033 -0.171236
    98 0.675854 0.005438 0.003272 -0.000022 0.000027 1.006524
    99 -0.019516 -0.016531 0.038578 -2.763781 0.050305 0.076828
    100 1.019531 -0.000026 -0.000397 0.000000 0.000000 1.057754
    101 -0.155312 0.130643 -0.021921 -3.022466 0.022433 -0.024903
    102 -0.252209 0.061937 -0.024914 -0.007671 -0.063171 -0.044392
    103 -0.085991 0.185203 -0.015180 -2.937063 -0.113970 -0.138991
    104 -0.286537 0.179852 0.024264 -3.109353 -0.049645 -0.029915
    105 -0.019489 0.147084 0.079203 2.893815 0.038585 -0.060594
    106 -0.046482 0.251898 0.129548 3.016165 0.077112 -0.042864
    107 0.039120 -0.040298 0.047739 3.084219 0.030470 -0.037414
    108 -0.233757 0.066630 0.001754 -3.133086 0.040141 -0.065413
    109 0.044266 0.020128 0.001684 -2.778763 -0.118872 -0.040488
    110 0.071495 0.074127 -0.048302 -3.035917 -0.059482 0.104366
    111 0.000000 0.000000 0.000000 0.000000 0.000000 -1.570796
    112 13.394940 -2.402417 -2.613361 -0.032351 0.025984 0.003827
    113 1.414063 0.000000 2.341797 0.000000 0.000000 0.000000
    114 1.194336 0.000004 2.341797 0.000000 0.000000 0.000000
    115 4.312632 8.761986 -3.285257 0.159833 -0.844383 -1.512298
    116 -0.575999 -0.004000 0.701999 0.000000 0.000000 0.000000
    117 -0.222000 0.000000 2.060996 0.000000 0.000000 0.000000
    118 0.414999 0.000000 0.937998 0.000000 0.000000 0.000000
    119 1.086997 -0.554999 1.709997 0.000000 0.000000 -1.570755
    120 4.654990 0.000000 0.242000 0.000000 0.000000 0.000000
    121 -1.234999 2.354995 -2.038996 -1.607303 0.223150 -0.356359
    122 4.367991 0.000000 0.177000 0.000000 0.000000 0.000000
    123 0.537998 0.000000 -3.214993 0.000000 0.000000 0.000000
    124 -0.126000 0.000000 -1.241997 0.000000 0.000000 0.000000
    125 1.572997 0.000000 2.342995 0.000000 0.000000 0.000000
    126 1.201998 0.000000 2.375995 0.000000 0.000000 0.000000
    127 -1.451998 0.000000 -3.396993 0.000000 0.000000 0.000000
    128 3.501993 0.017000 3.580993 0.000000 -0.159168 0.000000
    129 0.000000 0.000000 0.000000 0.000000 0.000000 0.000000
    130 0.745997 0.090000 -0.642999 0.000000 0.000000 0.000000
    131 -0.716000 0.604999 0.624999 0.000000 0.000000 0.000000
    132 2.751994 0.107000 0.669999 0.000000 0.000000 0.000000
    133 3.184993 0.000000 1.365997 0.000000 0.000000 0.000000
    134 0.000000 0.000000 0.000000 0.000000 0.000000 0.000000
    135 -0.106000 0.000000 64.320000 0.000000 0.000000 0.000000
    136 0.000000 0.000000 0.000000 0.000000 0.000000 0.000000
    137 0.000000 0.000000 0.000000 -0.006592 0.000779 -0.001210
    138 23.472750 -2.410486 7.609434 -0.032388 0.025911 0.003884
    139 0.106000 0.000000 -64.320000 0.000000 0.000000 0.000000
    140 0.000000 0.000000 0.000000 0.000000 0.000000 0.000000
    141 0.000000 0.000000 -4.867002 -3.141592 0.000000 -3.128591
    142 0.000000 0.000000 4.867000 -3.141592 0.000000 -3.128591
    143 4.000000 -6.500000 0.000000 0.000000 0.000000 0.000977
    144 -6.500000 0.000000 0.000000 0.000000 1.570796 0.000000
    145 1.000088 -0.000029 0.000000 0.000000 0.000000 0.000000
    146 17.162516 -0.000404 0.000000 0.000000 0.000000 0.119214
    147 9.999891 -0.000303 0.000000 0.000000 0.000000 0.000000
    148 1.000088 -0.000029 0.000000 0.000000 0.000000 0.000000
    149 17.162516 -0.000404 0.000000 0.000000 0.000000 0.119214
    150 9.499836 0.000212 0.000000 0.000000 0.000000 0.000000
    151 0.000000 0.000000 0.000000 0.000000 0.000000 0.000000
    152 17.749374 0.295515 0.000000 0.000000 0.000000 -1.158958
    153 0.017889 0.299792 0.000000 0.000000 0.000000 -0.059582
    154 12.283573 1.581456 -4.696000 1.462269 -0.086726 0.090185
    155 17.749376 0.295515 0.000000 0.000000 0.000000 -1.158958
    156 0.017889 0.299792 0.000000 0.000000 0.000000 -0.059582
    157 13.354000 0.000000 0.000000 0.000000 0.000000 -0.294101
    158 4.530998 0.000000 0.000000 0.000000 0.000000 0.000000
    159 0.000000 0.000000 0.000000 0.000000 0.000000 0.000000
    160 5.413524 0.000347 0.000000 0.000000 0.000000 -0.518055
    161 5.413524 0.000347 0.000000 0.000000 0.000000 -0.518055
    162 4.662002 -5.366333 4.825191 1.569713 1.561305 -3.121213
    163 3.116966 -0.000443 0.000000 0.000000 0.000000 0.294101
    164 4.527344 0.000000 0.000000 0.000000 0.000000 0.000000
    165 -0.537999 0.000000 2.587000 0.000000 0.000000 0.000000
    166 -12.295938 4.615863 -58.557789 0.032262 -0.025804 -0.004519
    167 2.302999 0.000000 0.188000 0.000000 0.000000 0.000000
    168 6.748000 0.000000 0.546000 0.000000 0.000000 0.000000
    169 3.512001 -3.547000 -1.066000 0.000000 1.570796 0.000000
    170 3.456001 -3.517000 1.169000 0.000000 1.570796 0.000000
    171 6.233002 0.000000 0.000000 0.000000 0.000000 0.000000
    172 -0.171997 -0.106000 -0.902000 1.570713 1.029176 -3.134550
    173 6.238090 -6.380000 -0.031251 -0.001210 0.006580 -0.000791
    174 3.999434 -0.000527 -0.000332 -0.625534 0.000018 -0.000002
    175 3.999897 0.000041 0.001007 0.079342 0.000000 0.000000
    176 1.598000 0.000000 0.000000 0.000000 0.000000 0.000000
    177 -1.145525 0.000130 0.000668 0.000000 0.000000 0.000000
    178 2.299679 -2.499979 -0.599480 0.892020 0.221483 -0.527313
    179 10.174702 -2.779088 1.164967 1.709272 -0.331629 -0.219581
    180 -9.580683 -27.862110 -37.184666 0.812879 -0.123459 -0.568477
    181 0.649933 -0.548295 0.093651 -1.665913 -0.131399 -0.112062
    182 0.657077 0.008401 0.040371 -1.665945 -0.131407 -0.000013
    183 0.665776 0.747221 -0.029190 -1.665935 -0.131408 0.094976
    184 2.300138 -2.499413 0.600155 -0.891929 -0.221512 -0.527290
    185 11.365068 1.105308 3.752254 2.036514 -0.307328 0.198880
    186 2.762354 0.116951 1.523975 1.629482 0.064153 1.743800
    187 7.228319 7.928203 -3.925648 2.328713 0.123459 -0.568477
    188 0.650396 -0.547731 -0.092976 1.665913 0.131399 -0.112062
    189 0.657069 0.008398 -0.040379 1.665945 0.131407 -0.000013
    190 0.665777 0.747222 0.029182 1.665935 0.131408 0.094976
    191 -4.481003 -0.202000 0.000000 0.000000 0.000000 0.000000
    192 -5.516998 -0.291000 -0.001000 0.000000 0.000000 0.000000
    193 -0.857700 0.104071 0.104683 0.023536 0.163924 0.013632
    194 1.899119 0.000427 -0.000439 0.027386 -0.033311 0.477848
    195 1.799660 -0.000233 0.000231 0.027386 -0.033311 0.477848
    196 1.799660 -0.000233 0.000231 0.027386 -0.033311 0.477848
    197 1.799660 -0.000233 0.000231 0.027386 -0.033311 0.477848
    198 1.900313 -0.000137 -0.000516 0.027386 -0.033311 0.477848
    199 1.899433 -0.000317 -0.000151 -0.027386 0.033311 0.477848
    200 1.799662 -0.000233 -0.000233 -0.027386 0.033311 0.477848
    201 1.799662 -0.000233 -0.000233 -0.027386 0.033311 0.477848
    202 1.799662 -0.000233 -0.000233 -0.027386 0.033311 0.477848
    203 1.900723 0.000553 -0.000072 -0.027386 0.033311 0.477848
    204 0.599884 0.400187 -0.000031 0.000000 0.000000 0.000000
    205 0.599888 0.400187 0.000031 0.000000 0.000000 -3.141592
    206 0.599503 0.400696 0.000234 0.000000 0.000000 0.000000
    207 0.600399 0.399632 -0.000466 0.000000 0.000000 -3.141592
  time 31
    0 0.000000 0.000000 0.000000 0.000000 0.000000 -1.570796
    1 -0.106323 0.000000 -0.000198 0.000000 0.000000 0.000000
    2 0.000000 0.000000 0.000000 0.000000 0.000000 0.000000
    3 -0.904000 0.000000 -11.806000 0.000000 0.000000 0.000000
    4 0.000000 0.000000 -14.313999 0.000000 -1.570796 1.570857
    5 3.533001 0.000000 0.000000 0.000000 0.000000 0.000000
    6 6.250000 0.000000 0.000000 0.000000 0.000000 0.000000
    7 9.890625 5.437500 -0.533203 -1.153277 1.547377 -1.153364
    8 9.664063 5.210938 2.978516 0.044783 -1.073398 -0.039574
    9 5.790726 0.002787 -0.000113 -0.664404 0.229736 -1.519299
    10 5.999492 -0.000592 -4.000343 0.000000 0.000000 0.000000
    11 5.791316 0.006489 0.000893 1.301359 -0.578954 -1.666302
    12 5.999492 -0.000592 4.000336 0.000000 0.000000 0.000000
    13 0.500225 0.000133 -0.000088 -0.106351 0.000000 0.000048
    14 11.534559 0.004255 -0.001312 -0.000041 -0.000015 -1.016244
    15 -0.829338 0.893824 0.079659 -0.148839 0.047645 0.087266
    16 0.500225 0.000132 0.000076 -0.300343 0.000000 0.000000
    17 11.532495 0.004432 -0.000089 0.000006 -0.000022 -1.390755
    18 -0.829586 0.894698 -0.079464 0.045377 -0.019621 0.087266
    19 10.599884 0.000105 -0.000553 -1.235830 0.000012 -0.000024
    20 0.166542 -0.290806 -0.000805 0.000000 0.000011 0.508146
    21 11.042057 -0.000189 0.000798 -1.025867 0.205412 0.682648
    22 -1.214832 0.203470 -0.477489 -0.135025 -0.078677 -0.001289
    23 10.599880 0.000105 0.000549 0.165927 0.000024 0.000012
    24 0.354045 -0.415810 0.000801 -0.000024 -0.000047 0.694692
    25 11.041742 0.003171 -0.000571 0.159689 0.587460 0.733858
    26 -1.063377 0.077663 0.150230 0.045121 0.020046 -0.012850
    27 0.610302 -0.939470 0.070343 -1.654840 -0.083583 -0.180446
    28 0.639940 -0.199121 0.060188 -1.665451 -0.069875 -0.072367
    29 0.600155 1.080261 -0.339535 -1.744176 0.106204 0.045568
    30 0.610207 0.400743 -0.010101 -1.761999 0.010556 0.028922
    31 0.634715 -0.693997 -0.232343 0.410978 0.086886 -1.024574
    32 -0.792125 0.203736 0.461300 1.439074 -0.003453 -0.018305
    33 0.610300 -0.939469 -0.070351 1.655301 0.140022 -0.175633
    34 0.639937 -0.199121 -0.060200 1.659528 0.202500 -0.040444
    35 0.600157 1.080259 0.339531 1.738023 -0.020790 0.107385
    36 0.610205 0.400743 0.010086 1.767175 0.146065 0.084305
    37 0.624002 -0.695300 0.236176 -0.854712 -0.350678 -0.976340
    38 -0.626031 -0.069983 -0.080517 -1.447153 0.086151 0.021559
    39 2.621377 -0.002532 -0.001438 -0.085294 -0.298224 0.821779
    40 2.660837 0.000397 -0.000071 -0.087628 -0.136070 1.023476
    41 2.202488 0.003368 -0.002863 -0.089509 -0.143246 1.068746
    42 0.599952 0.959240 -0.300102 -0.174544 0.000000 0.000000
    43 2.553283 -0.001967 0.006359 0.000378 -0.126918 1.058029
    44 2.095024 -0.003873 -0.002193 -0.627884 0.030002 0.680802
    45 1.000000 0.000543 -1.070313 -0.000001 0.000000 0.000000
    46 -0.122639 -0.721856 0.661690 -0.486644 0.223964 0.243056
    47 2.622113 -0.000648 0.002741 0.248922 0.517307 0.335976
    48 2.658203 0.000780 0.000160 0.668586 0.306979 1.162188
    49 2.199219 0.000515 -0.000119 0.505439 -0.145576 1.217274
    50 0.599951 0.959244 0.300102 0.174544 0.000000 0.000000
    51 2.558594 -0.000151 -0.000029 0.544724 0.124360 1.290930
    52 2.103851 0.005614 -0.001014 0.819237 -0.369470 0.539031
    53 0.999374 -0.000237 1.185924 0.292927 0.028379 0.134647
    54 0.310846 -0.606445 -0.498005 0.308107 -0.197598 0.313976
    55 1.869163 -0.000835 -0.000994 -0.000043 -0.000020 1.282729
    56 1.200941 0.399582 -0.000237 -0.009465 0.016087 0.007127
    57 0.000586 0.100342 -0.000319 -0.120035 -0.021926 -0.209617
    58 -0.161663 0.051712 0.194808 -2.941982 0.122408 -0.060194
    59 2.010092 -0.003202 -0.007284 0.000065 -0.000011 1.295053
    60 0.000240 0.099802 -0.000395 -0.018823 0.010833 -0.239219
    61 -0.203197 0.048607 0.069150 -3.093332 0.033217 -0.046722
    62 1.180428 -0.006214 0.000780 -0.000026 -0.000048 0.672937
    63 -0.000196 0.099625 -0.000034 0.000000 0.000000 -0.314102
    64 -0.088736 -0.688435 -0.145203 2.930407 -0.136130 0.513013
    65 1.715976 -0.003328 -0.000088 -0.017139 -0.021197 1.013649
    66 -0.000580 0.100145 -0.000311 -0.010912 0.023129 -0.260841
    67 -0.146030 -0.232426 -0.014225 3.028455 -0.094299 0.113020
    68 1.290632 0.000362 -0.000032 -0.066946 0.043096 -0.235949
    69 -0.658121 -0.003575 0.072645 -0.142711 0.027792 -0.077299
    70 1.868080 -0.003049 0.006083 -0.000033 0.000015 1.013699
    71 1.200079 0.399944 -0.000093 0.009465 -0.016087 0.007127
    72 0.000591 0.100342 0.000319 0.120035 0.021926 -0.209617
    73 0.068077 0.002285 -0.080050 3.111376 -0.069366 -0.060847
    74 2.007813 -0.000882 -0.000381 -0.000043 0.000037 1.417990
    75 0.000229 0.099802 0.000395 0.018823 -0.010833 -0.239219
    76 -0.018673 -0.001009 0.047544 3.109244 0.002635 -0.106673
    77 1.178665 0.001595 0.000845 0.000066 -0.000024 0.546573
    78 -0.000198 0.099628 0.000034 0.000000 0.000000 -0.314102
    79 0.036892 -0.634449 0.266284 -2.801062 0.174301 0.490914
    80 1.708008 0.000724 0.000199 0.000056 -0.000025 0.840846
    81 -0.000576 0.100136 0.000311 0.010912 -0.023129 -0.260841
    82 -0.003952 -0.281811 0.115047 -3.059162 0.089004 0.167964
    83 1.289627 0.003949 0.000061 0.219400 -0.013049 0.412716
    84 -0.171528 -0.018148 -0.099873 0.013484 -0.062184 -0.011780
    85 0.919434 -0.000299 -0.000418 0.000000 0.000000 0.165533
    86 -0.342617 0.053404 -0.025571 -2.909301 -0.017248 0.075276
    87 1.100231 -0.000930 -0.002434 0.000009 0.000014 -0.170015
    88 -0.384983 0.330998 0.006848 -3.087207 -0.018765 -0.184279
    89 0.679688 -0.001227 0.000443 0.000000 0.000000 0.160450
    90 -0.123848 0.072737 0.029507 2.898184 -0.060627 0.094834
    91 1.017166 -0.000154 -0.000252 -0.000023 -0.000014 -0.068582
    92 -0.344986 0.123129 0.143151 2.994981 0.012396 0.059140
    93 -0.730988 0.177046 0.039141 -0.123731 0.076518 -0.084310
    94 0.921993 0.001298 -0.000896 0.000046 -0.000023 0.484986
    95 -0.124027 -0.052092 0.038496 3.077813 -0.008519 0.039229
    96 1.099609 0.000005 0.000469 0.000024 0.000052 0.880282
    97 -0.330082 0.160641 0.042780 3.128073 0.034033 -0.171236
    98 0.675854 0.005438 0.003272 -0.000022 0.000027 1.006524
    99 -0.019516 -0.016531 0.038578 -2.763781 0.050305 0.076828
    100 1.019531 -0.000026 -0.000397 0.000000 0.000000 1.057754
    101 -0.155312 0.130643 -0.021921 -3.022466 0.022433 -0.024903
    102 -0.252209 0.061937 -0.024914 -0.007671 -0.063171 -0.044392
    103 -0.085991 0.185203 -0.015180 -2.937063 -0.113970 -0.138991
    104 -0.286537 0.179852 0.024264 -3.109353 -0.049645 -0.029915
    105 -0.019489 0.147084 0.079203 2.893815 0.038585 -0.060594
    106 -0.046482 0.251898 0.129548 3.016165 0.077112 -0.042864
    107 0.039120 -0.040298 0.047739 3.084219 0.030470 -0.037414
    108 -0.233757 0.066630 0.001754 -3.133086 0.040141 -0.065413
    109 0.044266 0.020128 0.001684 -2.778763 -0.118872 -0.040488
    110 0.071495 0.074127 -0.048302 -3.035917 -0.059482 0.104366
    111 0.000000 0.000000 0.000000 0.000000 0.000000 -1.570796
    112 13.351970 -2.398511 -2.582110 -0.019544 0.013718 -0.000840
    113 1.414063 0.000000 2.341797 0.000000 0.000000 0.000000
    114 1.194336 0.000004 2.341797 0.000000 0.000000 0.000000
    115 4.441542 8.761986 -3.433699 0.178411 -0.857221 -1.531422
    116 -0.575999 -0.004000 0.701999 0.000000 0.000000 0.000000
    117 -0.222000 0.000000 2.060996 0.000000 0.000000 0.000000
    118 0.414999 0.000000 0.937998 0.000000 0.000000 0.000000
    119 1.086997 -0.554999 1.709997 0.000000 0.000000 -1.570755
    120 4.654990 0.000000 0.242000 0.000000 0.000000 0.000000
    121 -1.234999 2.354995 -2.038996 -1.607303 0.223150 -0.356359
    122 4.367991 0.000000 0.177000 0.000000 0.000000 0.000000
    123 0.537998 0.000000 -3.214993 0.000000 0.000000 0.000000
    124 -0.126000 0.000000 -1.241997 0.000000 0.000000 0.000000
    125 1.572997 0.000000 2.342995 0.000000 0.000000 0.000000
    126 1.201998 0.000000 2.375995 0.000000 0.000000 0.000000
    127 -1.451998 0.000000 -3.396993 0.000000 0.000000 0.000000
    128 3.501993 0.017000 3.580993 0.000000 -0.159168 0.000000
    129 0.000000 0.000000 0.000000 0.000000 0.000000 0.000000
    130 0.745997 0.090000 -0.642999 0.000000 0.000000 0.000000
    131 -0.716000 0.604999 0.624999 0.000000 0.000000 0.000000
    132 2.751994 0.107000 0.669999 0.000000 0.000000 0.000000
    133 3.184993 0.000000 1.365997 0.000000 0.000000 0.000000
    134 0.000000 0.000000 0.000000 0.000000 0.000000 0.000000
    135 -0.106000 0.000000 64.320000 0.000000 0.000000 0.000000
    136 0.000000 0.000000 0.000000 0.000000 0.000000 0.000000
    137 0.000000 0.000000 0.000000 0.002912 0.002493 -0.000911
    138 23.457124 -2.433924 7.757876 -0.019485 0.013692 -0.000783
    139 0.106000 0.000000 -64.320000 0.000000 0.000000 0.000000
    140 0.000000 0.000000 0.000000 0.000000 0.000000 0.000000
    141 0.000000 0.000000 -4.867002 -3.141592 0.000000 -3.128591
    142 0.000000 0.000000 4.867000 -3.141592 0.000000 -3.128591
    143 4.000000 -6.500000 0.000000 0.000000 0.000000 0.000977
    144 -6.500000 0.000000 0.000000 0.000000 1.570796 0.000000
    145 1.000088 -0.000029 0.000000 0.000000 0.000000 0.000000
    146 17.162516 -0.000404 0.000000 0.000000 0.000000 0.119214
    147 9.999891 -0.000303 0.000000 0.000000 0.000000 0.000000
    148 1.000088 -0.000029 0.000000 0.000000 0.000000 0.000000
    149 17.162516 -0.000404 0.000000 0.000000 0.000000 0.119214
    150 9.499836 0.000212 0.000000 0.000000 0.000000 0.000000
    151 0.000000 0.000000 0.000000 0.000000 0.000000 0.000000
    152 17.749374 0.295515 0.000000 0.000000 0.000000 -1.158958
    153 0.017889 0.299792 0.000000 0.000000 0.000000 -0.059582
    154 12.283573 1.581456 -4.696000 1.462269 -0.086726 0.090185
    155 17.749376 0.295515 0.000000 0.000000 0.000000 -1.158958
    156 0.017889 0.299792 0.000000 0.000000 0.000000 -0.059582
    157 13.354000 0.000000 0.000000 0.000000 0.000000 -0.294101
    158 4.530998 0.000000 0.000000 0.000000 0.000000 0.000000
    159 0.000000 0.000000 0.000000 0.000000 0.000000 0.000000
    160 5.413524 0.000347 0.000000 0.000000 0.000000 -0.518055
    161 5.413524 0.000347 0.000000 0.000000 0.000000 -0.518055
    162 4.662002 -5.366333 4.825191 1.569713 1.561305 -3.121213
    163 3.116966 -0.000443 0.000000 0.000000 0.000000 0.294101
    164 4.527344 0.000000 0.000000 0.000000 0.000000 0.000000
    165 -0.537999 0.000000 2.587000 0.000000 0.000000 0.000000
    166 -12.971740 3.740836 -58.495287 0.019320 -0.014470 -0.000847
    167 2.302999 0.000000 0.188000 0.000000 0.000000 0.000000
    168 6.748000 0.000000 0.546000 0.000000 0.000000 0.000000
    169 3.512001 -3.547000 -1.066000 0.000000 1.570796 0.000000
    170 3.456001 -3.517000 1.169000 0.000000 1.570796 0.000000
    171 6.233002 0.000000 0.000000 0.000000 0.000000 0.000000
    172 -0.171997 -0.106000 -0.902000 1.570713 1.029176 -3.134550
    173 6.234184 -6.395626 0.019532 -0.000911 -0.002912 -0.002493
    174 3.999434 -0.000527 -0.000332 -0.617913 0.000018 -0.000002
    175 3.999897 0.000041 0.001007 0.082493 0.000000 0.000000
    176 1.598000 0.000000 0.000000 0.000000 0.000000 0.000000
    177 -1.145525 0.000130 0.000668 0.000000 0.000000 0.000000
    178 2.299679 -2.499979 -0.599480 0.892020 0.221483 -0.527313
    179 10.174702 -2.779088 1.164967 1.709272 -0.331629 -0.219581
    180 -9.580683 -27.862110 -37.184666 0.812879 -0.123459 -0.568477
    181 0.649933 -0.548295 0.093651 -1.665913 -0.131399 -0.112062
    182 0.657077 0.008401 0.040371 -1.665945 -0.131407 -0.000013
    183 0.665776 0.747221 -0.029190 -1.665935 -0.131408 0.094976
    184 2.300138 -2.499413 0.600155 -0.891929 -0.221512 -0.527290
    185 11.365068 1.105308 3.752254 2.036514 -0.307328 0.198880
    186 2.762354 0.116951 1.523975 1.629482 0.064153 1.743800
    187 7.228319 7.928203 -3.925648 2.328713 0.123459 -0.568477
    188 0.650396 -0.547731 -0.092976 1.665913 0.131399 -0.112062
    189 0.657069 0.008398 -0.040379 1.665945 0.131407 -0.000013
    190 0.665777 0.747222 0.029182 1.665935 0.131408 0.094976
    191 -4.481003 -0.202000 0.000000 0.000000 0.000000 0.000000
    192 -5.516998 -0.291000 -0.001000 0.000000 0.000000 0.000000
    193 -0.857700 0.104071 0.104683 0.023536 0.163924 0.013632
    194 1.899119 0.000427 -0.000439 0.027386 -0.033311 0.477848
    195 1.799660 -0.000233 0.000231 0.027386 -0.033311 0.477848
    196 1.799660 -0.000233 0.000231 0.027386 -0.033311 0.477848
    197 1.799660 -0.000233 0.000231 0.027386 -0.033311 0.477848
    198 1.900313 -0.000137 -0.000516 0.027386 -0.033311 0.477848
    199 1.899433 -0.000317 -0.000151 -0.027386 0.033311 0.477848
    200 1.799662 -0.000233 -0.000233 -0.027386 0.033311 0.477848
    201 1.799662 -0.000233 -0.000233 -0.027386 0.033311 0.477848
    202 1.799662 -0.000233 -0.000233 -0.027386 0.033311 0.477848
    203 1.900723 0.000553 -0.000072 -0.027386 0.033311 0.477848
    204 0.599884 0.400187 -0.000031 0.000000 0.000000 0.000000
    205 0.599888 0.400187 0.000031 0.000000 0.000000 -3.141592
    206 0.599503 0.400696 0.000234 0.000000 0.000000 0.000000
    207 0.600399 0.399632 -0.000466 0.000000 0.000000 -3.141592
  time 32
    0 0.000000 0.000000 0.000000 0.000000 0.000000 -1.570796
    1 -0.106323 0.000000 -0.000198 0.000000 0.000000 0.000000
    2 0.000000 0.000000 0.000000 0.000000 0.000000 0.000000
    3 -0.904000 0.000000 -11.806000 0.000000 0.000000 0.000000
    4 0.000000 0.000000 -14.313999 0.000000 -1.570796 1.570857
    5 3.533001 0.000000 0.000000 0.000000 0.000000 0.000000
    6 6.250000 0.000000 0.000000 0.000000 0.000000 0.000000
    7 9.890625 5.437500 -0.533203 -1.153277 1.547377 -1.153364
    8 9.664063 5.210938 2.978516 0.044783 -1.073398 -0.039574
    9 5.790726 0.002787 -0.000113 -0.663047 0.227980 -1.515670
    10 5.999492 -0.000592 -4.000343 0.000000 0.000000 0.000000
    11 5.791316 0.006489 0.000893 1.303026 -0.578954 -1.670191
    12 5.999492 -0.000592 4.000336 0.000000 0.000000 0.000000
    13 0.500225 0.000133 -0.000088 -0.106635 0.000000 0.000036
    14 11.534559 0.000348 -0.001312 -0.000017 0.000009 -1.020154
    15 -0.829338 0.893824 0.079659 -0.148839 0.047645 0.087266
    16 0.500225 0.000132 0.000076 -0.300712 0.000000 0.000000
    17 11.532495 0.004432 -0.000089 0.000006 -0.000022 -1.391774
    18 -0.829586 0.894698 -0.079464 0.045377 -0.019621 0.087266
    19 10.599884 0.000105 -0.000553 -1.220568 0.000036 -0.000024
    20 0.154822 -0.286900 -0.000805 0.000000 0.000011 0.510072
    21 11.042057 0.003717 0.004704 -1.012121 0.203705 0.681976
    22 -1.214832 0.203470 -0.477489 -0.135025 -0.078677 -0.001289
    23 10.599880 0.000105 0.000549 0.173199 0.000048 0.000060
    24 0.354045 -0.415810 0.000801 -0.000024 -0.000047 0.694538
    25 11.041742 0.003171 -0.000571 0.169716 0.599820 0.731410
    26 -1.063377 0.077663 0.150230 0.045121 0.020046 -0.012850
    27 0.610302 -0.939470 0.070343 -1.654840 -0.083583 -0.180446
    28 0.639940 -0.199121 0.060188 -1.665451 -0.069875 -0.072367
    29 0.600155 1.080261 -0.339535 -1.744176 0.106192 0.045556
    30 0.610207 0.400743 -0.010101 -1.761999 0.010544 0.028910
    31 0.634715 -0.693997 -0.232343 0.410994 0.086886 -1.024574
    32 -0.792125 0.203736 0.461300 1.439074 -0.003453 -0.018305
    33 0.610300 -0.939469 -0.070351 1.655301 0.140022 -0.175633
    34 0.639937 -0.199121 -0.060200 1.659528 0.202500 -0.040444
    35 0.600157 1.080259 0.339531 1.738023 -0.020790 0.107385
    36 0.610205 0.400743 0.010086 1.767175 0.146065 0.084305
    37 0.624002 -0.691393 0.236176 -0.854712 -0.350678 -0.976340
    38 -0.626031 -0.069983 -0.080517 -1.447153 0.086151 0.021559
    39 2.621377 -0.002532 -0.001438 -0.085294 -0.298224 0.821779
    40 2.664743 0.000397 -0.000071 -0.087628 -0.136070 1.023476
    41 2.206394 0.003368 -0.006769 -0.089509 -0.143246 1.068746
    42 0.599952 0.959240 -0.300102 -0.174544 0.000000 0.000000
    43 2.557190 -0.005873 0.006359 0.000378 -0.126906 1.058029
    44 2.095024 -0.003873 -0.002193 -0.627899 0.030002 0.680802
    45 1.000000 0.000543 -1.070313 -0.000001 0.000000 0.000000
    46 -0.122639 -0.721856 0.661690 -0.486644 0.223964 0.243056
    47 2.622113 -0.004555 0.002741 0.248937 0.517307 0.335952
    48 2.658203 0.000780 0.000160 0.668586 0.306979 1.162188
    49 2.199219 0.000515 -0.000119 0.505439 -0.145576 1.217274
    50 0.599951 0.959244 0.300102 0.174544 0.000000 0.000000
    51 2.558594 -0.000151 -0.000029 0.544724 0.124360 1.290930
    52 2.103851 0.005614 -0.001014 0.819262 -0.369482 0.539031
    53 0.999374 -0.000237 1.182017 0.292927 0.028379 0.134647
    54 0.310846 -0.606445 -0.498005 0.308107 -0.197598 0.313976
    55 1.873069 -0.004741 -0.000994 -0.000031 -0.000020 1.282729
    56 1.200941 0.399582 -0.000237 -0.009465 0.016087 0.007127
    57 0.000586 0.100342 -0.000319 -0.120035 -0.021926 -0.209617
    58 -0.161663 0.051712 0.194808 -2.941982 0.122408 -0.060194
    59 2.010092 -0.003202 -0.003377 0.000054 -0.000011 1.295053
    60 0.000240 0.099802 -0.000395 -0.018823 0.010833 -0.239219
    61 -0.203197 0.048607 0.069150 -3.093332 0.033217 -0.046722
    62 1.180428 -0.006214 0.000780 -0.000026 -0.000036 0.672969
    63 -0.000196 0.099625 -0.000034 0.000000 0.000000 -0.314102
    64 -0.088736 -0.688435 -0.145203 2.930407 -0.136130 0.513013
    65 1.715976 0.000578 0.003818 -0.017139 -0.021197 1.013649
    66 -0.000580 0.100145 -0.000311 -0.010912 0.023129 -0.260841
    67 -0.146030 -0.232426 -0.014225 3.028455 -0.094299 0.113020
    68 1.290632 0.000362 -0.000032 -0.066934 0.043108 -0.235949
    69 -0.658121 -0.003575 0.072645 -0.142711 0.027792 -0.077299
    70 1.868080 -0.003049 0.006083 -0.000033 0.000015 1.013699
    71 1.200079 0.399944 -0.000093 0.009465 -0.016087 0.007127
    72 0.000591 0.100342 0.000319 0.120035 0.021926 -0.209617
    73 0.068077 0.002285 -0.080050 3.111376 -0.069366 -0.060847
    74 2.007813 -0.000882 -0.000381 -0.000043 0.000037 1.417990
    75 0.000229 0.099802 0.000395 0.018823 -0.010833 -0.239219
    76 -0.018673 -0.001009 0.047544 3.109244 0.002635 -0.106673
    77 1.178665 0.001595 0.000845 0.000066 -0.000024 0.546573
    78 -0.000198 0.099628 0.000034 0.000000 0.000000 -0.314102
    79 0.036892 -0.634449 0.266284 -2.801062 0.174301 0.490914
    80 1.708008 0.000724 0.000199 0.000056 -0.000025 0.840846
    81 -0.000576 0.100136 0.000311 0.010912 -0.023129 -0.260841
    82 -0.003952 -0.281811 0.115047 -3.059162 0.089004 0.167964
    83 1.289627 0.003949 0.000061 0.219388 -0.013049 0.412745
    84 -0.171528 -0.018148 -0.099873 0.013484 -0.062184 -0.011780
    85 0.919434 -0.000299 -0.000418 0.000000 0.000000 0.165533
    86 -0.342617 0.053404 -0.025571 -2.909301 -0.017248 0.075276
    87 1.100231 -0.000930 -0.002434 0.000009 0.000014 -0.170015
    88 -0.384983 0.330998 0.006848 -3.087207 -0.018765 -0.184279
    89 0.679688 -0.001227 0.000443 0.000000 0.000000 0.160450
    90 -0.123848 0.072737 0.029507 2.898184 -0.060627 0.094834
    91 1.017166 -0.000154 -0.000252 -0.000023 -0.000014 -0.068582
    92 -0.344986 0.123129 0.143151 2.994981 0.012396 0.059140
    93 -0.730988 0.177046 0.039141 -0.123731 0.076518 -0.084310
    94 0.925900 0.001298 -0.000896 0.000046 -0.000011 0.484986
    95 -0.124027 -0.052092 0.038496 3.077813 -0.008519 0.039229
    96 1.099609 0.000005 0.000469 0.000024 0.000052 0.880282
    97 -0.330082 0.160641 0.042780 3.128073 0.034033 -0.171236
    98 0.675854 0.005438 0.003272 -0.000022 0.000027 1.006524
    99 -0.019516 -0.016531 0.038578 -2.763781 0.050305 0.076828
    100 1.019531 -0.000026 -0.000397 0.000000 0.000000 1.057754
    101 -0.155312 0.130643 -0.021921 -3.022466 0.022433 -0.024903
    102 -0.252209 0.061937 -0.024914 -0.007671 -0.063171 -0.044392
    103 -0.085991 0.185203 -0.015180 -2.937063 -0.113970 -0.138991
    104 -0.286537 0.179852 0.024264 -3.109353 -0.049645 -0.029915
    105 -0.019489 0.147084 0.079203 2.893815 0.038585 -0.060594
    106 -0.046482 0.251898 0.129548 3.016165 0.077112 -0.042864
    107 0.039120 -0.040298 0.047739 3.084219 0.030470 -0.037414
    108 -0.233757 0.066630 0.001754 -3.133086 0.040141 -0.065413
    109 0.044266 0.020128 0.001684 -2.778763 -0.118872 -0.040488
    110 0.071495 0.074127 -0.048302 -3.035917 -0.059482 0.104366
    111 0.000000 0.000000 0.000000 0.000000 0.000000 -1.570796
    112 13.305094 -2.390698 -2.550859 -0.006262 0.003090 -0.002427
    113 1.414063 0.000000 2.341797 0.000000 0.000000 0.000000
    114 1.194336 0.000004 2.341797 0.000000 0.000000 0.000000
    115 4.496231 8.789331 -3.550890 0.198076 -0.868177 -1.547922
    116 -0.575999 -0.004000 0.701999 0.000000 0.000000 0.000000
    117 -0.222000 0.000000 2.060996 0.000000 0.000000 0.000000
    118 0.414999 0.000000 0.937998 0.000000 0.000000 0.000000
    119 1.086997 -0.554999 1.709997 0.000000 0.000000 -1.570755
    120 4.654990 0.000000 0.242000 0.000000 0.000000 0.000000
    121 -1.234999 2.354995 -2.038996 -1.607303 0.223150 -0.356359
    122 4.367991 0.000000 0.177000 0.000000 0.000000 0.000000
    123 0.537998 0.000000 -3.214993 0.000000 0.000000 0.000000
    124 -0.126000 0.000000 -1.241997 0.000000 0.000000 0.000000
    125 1.572997 0.000000 2.342995 0.000000 0.000000 0.000000
    126 1.201998 0.000000 2.375995 0.000000 0.000000 0.000000
    127 -1.451998 0.000000 -3.396993 0.000000 0.000000 0.000000
    128 3.501993 0.017000 3.580993 0.000000 -0.159168 0.000000
    129 0.000000 0.000000 0.000000 0.000000 0.000000 0.000000
    130 0.745997 0.090000 -0.642999 0.000000 0.000000 0.000000
    131 -0.716000 0.604999 0.624999 0.000000 0.000000 0.000000
    132 2.751994 0.107000 0.669999 0.000000 0.000000 0.000000
    133 3.184993 0.000000 1.365997 0.000000 0.000000 0.000000
    134 0.000000 0.000000 0.000000 0.000000 0.000000 0.000000
    135 -0.106000 0.000000 64.320000 0.000000 0.000000 0.000000
    136 0.000000 0.000000 0.000000 0.000000 0.000000 0.000000
    137 0.000000 0.000000 0.000000 -0.002373 0.002061 -0.000599
    138 23.421967 -2.422205 7.882880 -0.006392 0.003065 -0.002370
    139 0.106000 0.000000 -64.320000 0.000000 0.000000 0.000000
    140 0.000000 0.000000 0.000000 0.000000 0.000000 0.000000
    141 0.000000 0.000000 -4.867002 -3.141592 0.000000 -3.128591
    142 0.000000 0.000000 4.867000 -3.141592 0.000000 -3.128591
    143 4.000000 -6.500000 0.000000 0.000000 0.000000 0.000977
    144 -6.500000 0.000000 0.000000 0.000000 1.570796 0.000000
    145 1.000088 -0.000029 0.000000 0.000000 0.000000 0.000000
    146 17.162516 -0.000404 0.000000 0.000000 0.000000 0.119214
    147 9.999891 -0.000303 0.000000 0.000000 0.000000 0.000000
    148 1.000088 -0.000029 0.000000 0.000000 0.000000 0.000000
    149 17.162516 -0.000404 0.000000 0.000000 0.000000 0.119214
    150 9.499836 0.000212 0.000000 0.000000 0.000000 0.000000
    151 0.000000 0.000000 0.000000 0.000000 0.000000 0.000000
    152 17.749374 0.295515 0.000000 0.000000 0.000000 -1.158958
    153 0.017889 0.299792 0.000000 0.000000 0.000000 -0.059582
    154 12.283573 1.581456 -4.696000 1.462269 -0.086726 0.090185
    155 17.749376 0.295515 0.000000 0.000000 0.000000 -1.158958
    156 0.017889 0.299792 0.000000 0.000000 0.000000 -0.059582
    157 13.354000 0.000000 0.000000 0.000000 0.000000 -0.294101
    158 4.530998 0.000000 0.000000 0.000000 0.000000 0.000000
    159 0.000000 0.000000 0.000000 0.000000 0.000000 0.000000
    160 5.413524 0.000347 0.000000 0.000000 0.000000 -0.518055
    161 5.413524 0.000347 0.000000 0.000000 0.000000 -0.518055
    162 4.662002 -5.366333 4.825191 1.569713 1.561305 -3.121213
    163 3.116966 -0.000443 0.000000 0.000000 0.000000 0.294101
    164 4.527344 0.000000 0.000000 0.000000 0.000000 0.000000
    165 -0.537999 0.000000 2.587000 0.000000 0.000000 0.000000
    166 -13.639729 2.908780 -58.440598 0.006190 -0.003046 0.002542
    167 2.302999 0.000000 0.188000 0.000000 0.000000 0.000000
    168 6.748000 0.000000 0.546000 0.000000 0.000000 0.000000
    169 3.512001 -3.547000 -1.066000 0.000000 1.570796 0.000000
    170 3.456001 -3.517000 1.169000 0.000000 1.570796 0.000000
    171 6.233002 0.000000 0.000000 0.000000 0.000000 0.000000
    172 -0.171997 -0.106000 -0.902000 1.570713 1.029176 -3.134550
    173 6.234184 -6.391719 0.000000 -0.000599 0.002373 -0.002061
    174 3.999434 -0.000527 -0.000332 -0.610292 0.000006 0.000010
    175 3.999897 0.000041 0.001007 0.085663 0.000000 0.000000
    176 1.598000 0.000000 0.000000 0.000000 0.000000 0.000000
    177 -1.145525 0.000130 0.000668 0.000000 0.000000 0.000000
    178 2.299679 -2.499979 -0.599480 0.892020 0.221483 -0.527313
    179 10.174702 -2.779088 1.164967 1.709272 -0.331629 -0.219581
    180 -9.580683 -27.862110 -37.184666 0.812879 -0.123459 -0.568477
    181 0.649933 -0.548295 0.093651 -1.665913 -0.131399 -0.112062
    182 0.657077 0.008401 0.040371 -1.665945 -0.131407 -0.000013
    183 0.665776 0.747221 -0.029190 -1.665935 -0.131408 0.094976
    184 2.300138 -2.499413 0.600155 -0.891929 -0.221512 -0.527290
    185 11.365068 1.105308 3.752254 2.036514 -0.307328 0.198880
    186 2.762354 0.116951 1.523975 1.629482 0.064153 1.743800
    187 7.228319 7.928203 -3.925648 2.328713 0.123459 -0.568477
    188 0.650396 -0.547731 -0.092976 1.665913 0.131399 -0.112062
    189 0.657069 0.008398 -0.040379 1.665945 0.131407 -0.000013
    190 0.665777 0.747222 0.029182 1.665935 0.131408 0.094976
    191 -4.481003 -0.202000 0.000000 0.000000 0.000000 0.000000
    192 -5.516998 -0.291000 -0.001000 0.000000 0.000000 0.000000
    193 -0.857700 0.104071 0.104683 0.023536 0.163924 0.013632
    194 1.899119 0.000427 -0.000439 0.027386 -0.033311 0.477848
    195 1.799660 -0.000233 0.000231 0.027386 -0.033311 0.477848
    196 1.799660 -0.000233 0.000231 0.027386 -0.033311 0.477848
    197 1.799660 -0.000233 0.000231 0.027386 -0.033311 0.477848
    198 1.900313 -0.000137 -0.000516 0.027386 -0.033311 0.477848
    199 1.899433 -0.000317 -0.000151 -0.027386 0.033311 0.477848
    200 1.799662 -0.000233 -0.000233 -0.027386 0.033311 0.477848
    201 1.799662 -0.000233 -0.000233 -0.027386 0.033311 0.477848
    202 1.799662 -0.000233 -0.000233 -0.027386 0.033311 0.477848
    203 1.900723 0.000553 -0.000072 -0.027386 0.033311 0.477848
    204 0.599884 0.400187 -0.000031 0.000000 0.000000 0.000000
    205 0.599888 0.400187 0.000031 0.000000 0.000000 -3.141592
    206 0.599503 0.400696 0.000234 0.000000 0.000000 0.000000
    207 0.600399 0.399632 -0.000466 0.000000 0.000000 -3.141592
  time 33
    0 0.000000 0.000000 0.000000 0.000000 0.000000 -1.570796
    1 -0.106323 0.000000 -0.000198 0.000000 0.000000 0.000000
    2 0.000000 0.000000 0.000000 0.000000 0.000000 0.000000
    3 -0.904000 0.000000 -11.806000 0.000000 0.000000 0.000000
    4 0.000000 0.000000 -14.313999 0.000000 -1.570796 1.570857
    5 3.533001 0.000000 0.000000 0.000000 0.000000 0.000000
    6 6.250000 0.000000 0.000000 0.000000 0.000000 0.000000
    7 9.890625 5.437500 -0.533203 -1.153277 1.547377 -1.153364
    8 9.664063 5.210938 2.978516 0.044783 -1.073398 -0.039574
    9 5.790726 0.002787 -0.000113 -0.662918 0.225346 -1.515912
    10 5.999492 -0.000592 -4.000343 0.000000 0.000000 0.000000
    11 5.791316 0.006489 0.000893 1.302841 -0.577424 -1.669649
    12 5.999492 -0.000592 4.000336 0.000000 0.000000 0.000000
    13 0.500225 0.000133 -0.000088 -0.106919 0.000000 0.000036
    14 11.534559 0.004255 -0.001312 -0.000005 0.000021 -1.018377
    15 -0.829338 0.893824 0.079659 -0.148839 0.047645 0.087266
    16 0.500225 0.000132 0.000076 -0.301056 0.000000 0.000000
    17 11.536401 0.004432 -0.000089 -0.000006 -0.000034 -1.390415
    18 -0.829586 0.894698 -0.079464 0.045377 -0.019621 0.087266
    19 10.599884 0.000105 -0.000553 -1.213935 0.000012 0.000048
    20 0.158729 -0.290806 -0.000805 0.000000 0.000011 0.509716
    21 11.042057 -0.000189 0.004704 -1.006291 0.203629 0.679919
    22 -1.214832 0.203470 -0.477489 -0.135025 -0.078677 -0.001289
    23 10.599880 0.000105 0.000549 0.177633 0.000000 0.000000
    24 0.350139 -0.415810 0.000801 -0.000024 -0.000047 0.694291
    25 11.041742 0.003171 -0.000571 0.175281 0.603620 0.729221
    26 -1.063377 0.077663 0.150230 0.045121 0.020046 -0.012850
    27 0.610302 -0.939470 0.070343 -1.654840 -0.083571 -0.180446
    28 0.639940 -0.199121 0.060188 -1.665451 -0.069875 -0.072379
    29 0.600155 1.080261 -0.339535 -1.744123 0.106180 0.045544
    30 0.610207 0.400743 -0.010101 -1.761999 0.010544 0.028910
    31 0.634715 -0.693997 -0.232343 0.410994 0.086886 -1.024574
    32 -0.792125 0.203736 0.461300 1.439074 -0.003453 -0.018305
    33 0.610300 -0.939469 -0.070351 1.655301 0.140022 -0.175633
    34 0.639937 -0.199121 -0.060200 1.659528 0.202500 -0.040444
    35 0.600157 1.080259 0.339531 1.738023 -0.020790 0.107397
    36 0.610205 0.400743 0.010086 1.767175 0.146065 0.084305
    37 0.624002 -0.695300 0.236176 -0.854712 -0.350678 -0.976340
    38 -0.626031 -0.069983 -0.080517 -1.447153 0.086151 0.021559
    39 2.621377 -0.002532 -0.001438 -0.085294 -0.298224 0.821779
    40 2.664743 0.000397 -0.000071 -0.087628 -0.136082 1.023476
    41 2.202488 0.003368 -0.006769 -0.089509 -0.143246 1.068746
    42 0.599952 0.959240 -0.300102 -0.174544 0.000000 0.000000
    43 2.557190 -0.005873 0.002453 0.000378 -0.126906 1.058029
    44 2.095024 -0.003873 -0.002193 -0.627899 0.030002 0.680822
    45 1.000000 0.000543 -1.070313 -0.000001 0.000000 0.000000
    46 -0.122639 -0.721856 0.661690 -0.486644 0.223964 0.243056
    47 2.622113 -0.000648 0.006647 0.248937 0.517307 0.335976
    48 2.658203 0.000780 0.000160 0.668586 0.306979 1.162188
    49 2.199219 0.000515 -0.000119 0.505439 -0.145576 1.217274
    50 0.599951 0.959244 0.300102 0.174544 0.000000 0.000000
    51 2.558594 -0.000151 -0.000029 0.544724 0.124360 1.290930
    52 2.103851 0.005614 -0.001014 0.819262 -0.369494 0.539031
    53 0.999374 -0.000237 1.178111 0.292927 0.028379 0.134647
    54 0.310846 -0.606445 -0.498005 0.308107 -0.197598 0.313976
    55 1.869163 -0.000835 -0.004901 -0.000031 -0.000020 1.282729
    56 1.200941 0.399582 -0.000237 -0.009465 0.016087 0.007127
    57 0.000586 0.100342 -0.000319 -0.120035 -0.021926 -0.209617
    58 -0.161663 0.051712 0.194808 -2.941982 0.122408 -0.060194
    59 2.010092 -0.003202 -0.003377 0.000054 -0.000011 1.295053
    60 0.000240 0.099802 -0.000395 -0.018823 0.010833 -0.239219
    61 -0.203197 0.048607 0.069150 -3.093332 0.033217 -0.046722
    62 1.180428 -0.006214 0.000780 -0.000026 -0.000036 0.672937
    63 -0.000196 0.099625 -0.000034 0.000000 0.000000 -0.314102
    64 -0.088736 -0.688435 -0.145203 2.930407 -0.136130 0.513013
    65 1.712069 -0.003328 -0.000088 -0.017151 -0.021197 1.013684
    66 -0.000580 0.100145 -0.000311 -0.010912 0.023129 -0.260841
    67 -0.146030 -0.232426 -0.014225 3.028455 -0.094299 0.113020
    68 1.290632 0.000362 -0.000032 -0.066934 0.043108 -0.235949
    69 -0.658121 -0.003575 0.072645 -0.142711 0.027792 -0.077299
    70 1.868080 -0.003049 0.006083 -0.000021 0.000015 1.013699
    71 1.200079 0.399944 -0.000093 0.009465 -0.016087 0.007127
    72 0.000591 0.100342 0.000319 0.120035 0.021926 -0.209617
    73 0.068077 0.002285 -0.080050 3.111376 -0.069366 -0.060847
    74 2.007813 -0.000882 -0.000381 -0.000043 0.000037 1.417990
    75 0.000229 0.099802 0.000395 0.018823 -0.010833 -0.239219
    76 -0.018673 -0.001009 0.047544 3.109244 0.002635 -0.106673
    77 1.178665 0.001595 0.000845 0.000066 -0.000024 0.546573
    78 -0.000198 0.099628 0.000034 0.000000 0.000000 -0.314102
    79 0.036892 -0.634449 0.266284 -2.801062 0.174301 0.490914
    80 1.708008 0.000724 0.000199 0.000056 -0.000025 0.840846
    81 -0.000576 0.100136 0.000311 0.010912 -0.023129 -0.260841
    82 -0.003952 -0.281811 0.115047 -3.059162 0.089004 0.167964
    83 1.289627 0.003949 0.000061 0.219376 -0.013049 0.412716
    84 -0.171528 -0.018148 -0.099873 0.013484 -0.062184 -0.011780
    85 0.919434 -0.000299 -0.000418 0.000000 0.000000 0.165533
    86 -0.342617 0.053404 -0.025571 -2.909301 -0.017248 0.075276
    87 1.100231 -0.000930 -0.002434 0.000009 0.000014 -0.169975
    88 -0.384983 0.330998 0.006848 -3.087207 -0.018765 -0.184279
    89 0.679688 -0.001227 0.000443 0.000000 0.000000 0.160450
    90 -0.123848 0.072737 0.029507 2.898184 -0.060627 0.094834
    91 1.017166 -0.000154 -0.000252 -0.000023 -0.000014 -0.068582
    92 -0.344986 0.123129 0.143151 2.994981 0.012396 0.059140
    93 -0.730988 0.177046 0.039141 -0.123731 0.076518 -0.084310
    94 0.921993 0.001298 -0.000896 0.000034 -0.000011 0.484986
    95 -0.124027 -0.052092 0.038496 3.077813 -0.008519 0.039229
    96 1.099609 0.000005 0.000469 0.000024 0.000052 0.880282
    97 -0.330082 0.160641 0.042780 3.128073 0.034033 -0.171236
    98 0.675854 0.005438 0.003272 -0.000022 0.000027 1.006524
    99 -0.019516 -0.016531 0.038578 -2.763781 0.050305 0.076828
    100 1.019531 -0.000026 -0.000397 0.000000 0.000000 1.057754
    101 -0.155312 0.130643 -0.021921 -3.022466 0.022433 -0.024903
    102 -0.252209 0.061937 -0.024914 -0.007671 -0.063171 -0.044392
    103 -0.085991 0.185203 -0.015180 -2.937063 -0.113970 -0.138991
    104 -0.286537 0.179852 0.024264 -3.109353 -0.049645 -0.029915
    105 -0.019489 0.147084 0.079203 2.893815 0.038585 -0.060594
    106 -0.046482 0.251898 0.129548 3.016165 0.077112 -0.042864
    107 0.039120 -0.040298 0.047739 3.084219 0.030470 -0.037414
    108 -0.233757 0.066630 0.001754 -3.133086 0.040141 -0.065413
    109 0.044266 0.020128 0.001684 -2.778763 -0.118872 -0.040488
    110 0.071495 0.074127 -0.048302 -3.035917 -0.059482 0.104366
    111 0.000000 0.000000 0.000000 0.000000 0.000000 -1.570796
    112 13.305094 -2.402417 -2.519608 -0.000379 -0.002247 -0.002520
    113 1.414063 0.000000 2.341797 0.000000 0.000000 0.000000
    114 1.194336 0.000004 2.341797 0.000000 0.000000 0.000000
    115 4.496231 8.781518 -3.593860 0.207198 -0.873773 -1.555234
    116 -0.575999 -0.004000 0.701999 0.000000 0.000000 0.000000
    117 -0.222000 0.000000 2.060996 0.000000 0.000000 0.000000
    118 0.414999 0.000000 0.937998 0.000000 0.000000 0.000000
    119 1.086997 -0.554999 1.709997 0.000000 0.000000 -1.570755
    120 4.654990 0.000000 0.242000 0.000000 0.000000 0.000000
    121 -1.234999 2.354995 -2.038996 -1.607303 0.223150 -0.356359
    122 4.367991 0.000000 0.177000 0.000000 0.000000 0.000000
    123 0.537998 0.000000 -3.214993 0.000000 0.000000 0.000000
    124 -0.126000 0.000000 -1.241997 0.000000 0.000000 0.000000
    125 1.572997 0.000000 2.342995 0.000000 0.000000 0.000000
    126 1.201998 0.000000 2.375995 0.000000 0.000000 0.000000
    127 -1.451998 0.000000 -3.396993 0.000000 0.000000 0.000000
    128 3.501993 0.017000 3.580993 0.000000 -0.159168 0.000000
    129 0.000000 0.000000 0.000000 0.000000 0.000000 0.000000
    130 0.745997 0.090000 -0.642999 0.000000 0.000000 0.000000
    131 -0.716000 0.604999 0.624999 0.000000 0.000000 0.000000
    132 2.751994 0.107000 0.669999 0.000000 0.000000 0.000000
    133 3.184993 0.000000 1.365997 0.000000 0.000000 0.000000
    134 0.000000 0.000000 0.000000 0.000000 0.000000 0.000000
    135 -0.106000 0.000000 64.320000 0.000000 0.000000 0.000000
    136 0.000000 0.000000 0.000000 0.000000 0.000000 0.000000
    137 0.000000 0.000000 0.000000 -0.001965 0.001726 -0.000491
    138 23.429780 -2.422205 7.953195 -0.000415 -0.002272 -0.002650
    139 0.106000 0.000000 -64.320000 0.000000 0.000000 0.000000
    140 0.000000 0.000000 0.000000 0.000000 0.000000 0.000000
    141 0.000000 0.000000 -4.867002 -3.141592 0.000000 -3.128591
    142 0.000000 0.000000 4.867000 -3.141592 0.000000 -3.128591
    143 4.000000 -6.500000 0.000000 0.000000 0.000000 0.000977
    144 -6.500000 0.000000 0.000000 0.000000 1.570796 0.000000
    145 1.000088 -0.000029 0.000000 0.000000 0.000000 0.000000
    146 17.162516 -0.000404 0.000000 0.000000 0.000000 0.119214
    147 9.999891 -0.000303 0.000000 0.000000 0.000000 0.000000
    148 1.000088 -0.000029 0.000000 0.000000 0.000000 0.000000
    149 17.162516 -0.000404 0.000000 0.000000 0.000000 0.119214
    150 9.499836 0.000212 0.000000 0.000000 0.000000 0.000000
    151 0.000000 0.000000 0.000000 0.000000 0.000000 0.000000
    152 17.749374 0.295515 0.000000 0.000000 0.000000 -1.158958
    153 0.017889 0.299792 0.000000 0.000000 0.000000 -0.059582
    154 12.283573 1.581456 -4.696000 1.462269 -0.086726 0.090185
    155 17.749376 0.295515 0.000000 0.000000 0.000000 -1.158958
    156 0.017889 0.299792 0.000000 0.000000 0.000000 -0.059582
    157 13.354000 0.000000 0.000000 0.000000 0.000000 -0.294101
    158 4.530998 0.000000 0.000000 0.000000 0.000000 0.000000
    159 0.000000 0.000000 0.000000 0.000000 0.000000 0.000000
    160 5.413524 0.000347 0.000000 0.000000 0.000000 -0.518055
    161 5.413524 0.000347 0.000000 0.000000 0.000000 -0.518055
    162 4.662002 -5.366333 4.825191 1.569713 1.561305 -3.121213
    163 3.116966 -0.000443 0.000000 0.000000 0.000000 0.294101
    164 4.527344 0.000000 0.000000 0.000000 0.000000 0.000000
    165 -0.537999 0.000000 2.587000 0.000000 0.000000 0.000000
    166 -13.960052 2.537674 -58.424972 0.000188 0.002061 0.002636
    167 2.302999 0.000000 0.188000 0.000000 0.000000 0.000000
    168 6.748000 0.000000 0.546000 0.000000 0.000000 0.000000
    169 3.512001 -3.547000 -1.066000 0.000000 1.570796 0.000000
    170 3.456001 -3.517000 1.169000 0.000000 1.570796 0.000000
    171 6.233002 0.000000 0.000000 0.000000 0.000000 0.000000
    172 -0.171997 -0.106000 -0.902000 1.570713 1.029176 -3.134550
    173 6.234184 -6.387813 -0.007813 -0.000491 0.001965 -0.001726
    174 3.999434 -0.000527 -0.000332 -0.606974 0.000018 0.000058
    175 3.999897 0.000041 0.001007 0.088853 0.000000 0.000000
    176 1.598000 0.000000 0.000000 0.000000 0.000000 0.000000
    177 -1.145525 0.000130 0.000668 0.000000 0.000000 0.000000
    178 2.299679 -2.499979 -0.599480 0.892020 0.221483 -0.527313
    179 10.174702 -2.779088 1.164967 1.709272 -0.331587 -0.219581
    180 -9.580683 -27.862110 -37.184666 0.812879 -0.123459 -0.568477
    181 0.649933 -0.548295 0.093651 -1.665913 -0.131399 -0.112062
    182 0.657077 0.008401 0.040371 -1.665945 -0.131407 -0.000013
    183 0.665776 0.747221 -0.029190 -1.665935 -0.131408 0.094976
    184 2.300138 -2.499413 0.600155 -0.891929 -0.221512 -0.527290
    185 11.365068 1.105308 3.752254 2.036514 -0.307328 0.198880
    186 2.762354 0.116951 1.523975 1.629482 0.064153 1.743800
    187 7.228319 7.928203 -3.925648 2.328713 0.123459 -0.568477
    188 0.650396 -0.547731 -0.092976 1.665913 0.131399 -0.112062
    189 0.657069 0.008398 -0.040379 1.665945 0.131407 -0.000013
    190 0.665777 0.747222 0.029182 1.665935 0.131408 0.094976
    191 -4.481003 -0.202000 0.000000 0.000000 0.000000 0.000000
    192 -5.516998 -0.291000 -0.001000 0.000000 0.000000 0.000000
    193 -0.857700 0.104071 0.104683 0.023536 0.163924 0.013632
    194 1.899119 0.000427 -0.000439 0.027386 -0.033311 0.477848
    195 1.799660 -0.000233 0.000231 0.027386 -0.033311 0.477848
    196 1.799660 -0.000233 0.000231 0.027386 -0.033311 0.477848
    197 1.799660 -0.000233 0.000231 0.027386 -0.033311 0.477848
    198 1.900313 -0.000137 -0.000516 0.027386 -0.033311 0.477848
    199 1.899433 -0.000317 -0.000151 -0.027386 0.033311 0.477848
    200 1.799662 -0.000233 -0.000233 -0.027386 0.033311 0.477848
    201 1.799662 -0.000233 -0.000233 -0.027386 0.033311 0.477848
    202 1.799662 -0.000233 -0.000233 -0.027386 0.033311 0.477848
    203 1.900723 0.000553 -0.000072 -0.027386 0.033311 0.477848
    204 0.599884 0.400187 -0.000031 0.000000 0.000000 0.000000
    205 0.599888 0.400187 0.000031 0.000000 0.000000 -3.141592
    206 0.599503 0.400696 0.000234 0.000000 0.000000 0.000000
    207 0.600399 0.399632 -0.000466 0.000000 0.000000 -3.141592
  time 34
    0 0.000000 0.000000 0.000000 0.000000 0.000000 -1.570796
    1 -0.106323 0.000000 -0.000198 0.000000 0.000000 0.000000
    2 0.000000 0.000000 0.000000 0.000000 0.000000 0.000000
    3 -0.904000 0.000000 -11.806000 0.000000 0.000000 0.000000
    4 0.000000 0.000000 -14.313999 0.000000 -1.570796 1.570857
    5 3.533001 0.000000 0.000000 0.000000 0.000000 0.000000
    6 6.250000 0.000000 0.000000 0.000000 0.000000 0.000000
    7 9.890625 5.437500 -0.533203 -1.153277 1.547377 -1.153364
    8 9.664063 5.210938 2.978516 0.044783 -1.073398 -0.039574
    9 5.790726 0.002787 -0.000113 -0.662660 0.222752 -1.515912
    10 5.999492 -0.000592 -4.000343 0.000000 0.000000 0.000000
    11 5.791316 0.006489 0.000893 1.302656 -0.575935 -1.669287
    12 5.999492 -0.000592 4.000336 0.000000 0.000000 0.000000
    13 0.500225 0.000133 -0.000088 -0.107204 0.000000 0.000024
    14 11.534559 0.004255 -0.001312 0.000019 0.000021 -1.016671
    15 -0.829338 0.893824 0.079659 -0.148839 0.047645 0.087266
    16 0.500225 0.000132 0.000076 -0.301401 0.000000 0.000000
    17 11.532495 0.004432 -0.000089 -0.000018 -0.000034 -1.389055
    18 -0.829586 0.894698 -0.079464 0.045377 -0.019621 0.087266
    19 10.599884 0.000105 -0.000553 -1.214772 0.000000 0.000012
    20 0.158729 -0.286900 -0.000805 0.000000 0.000011 0.509406
    21 11.042057 -0.000189 0.000798 -1.007150 0.204047 0.680633
    22 -1.214832 0.203470 -0.477489 -0.135025 -0.078677 -0.001289
    23 10.599880 0.000105 0.000549 0.177766 0.000000 0.000000
    24 0.346233 -0.411904 0.000801 -0.000012 -0.000035 0.694137
    25 11.041742 0.003171 -0.000571 0.175833 0.601174 0.729369
    26 -1.063377 0.077663 0.150230 0.045121 0.020046 -0.012850
    27 0.610302 -0.939470 0.070343 -1.654840 -0.083571 -0.180446
    28 0.639940 -0.199121 0.060188 -1.665502 -0.069875 -0.072391
    29 0.600155 1.080261 -0.339535 -1.744123 0.106169 0.045544
    30 0.610207 0.400743 -0.010101 -1.761999 0.010544 0.028898
    31 0.634715 -0.693997 -0.236250 0.410994 0.086886 -1.024574
    32 -0.792125 0.203736 0.461300 1.439074 -0.003453 -0.018305
    33 0.610300 -0.939469 -0.070351 1.655301 0.140022 -0.175633
    34 0.639937 -0.199121 -0.060200 1.659528 0.202500 -0.040444
    35 0.600157 1.080259 0.339531 1.738023 -0.020790 0.107385
    36 0.610205 0.400743 0.010086 1.767175 0.146065 0.084305
    37 0.624002 -0.695300 0.232270 -0.854712 -0.350678 -0.976340
    38 -0.626031 -0.069983 -0.080517 -1.447153 0.086151 0.021559
    39 2.621377 -0.002532 -0.001438 -0.085294 -0.298224 0.821779
    40 2.660837 0.000397 -0.000071 -0.087628 -0.136082 1.023476
    41 2.206394 0.003368 -0.006769 -0.089509 -0.143246 1.068746
    42 0.599952 0.959240 -0.300102 -0.174544 0.000000 0.000000
    43 2.557190 -0.005873 0.002453 0.000396 -0.126894 1.058029
    44 2.095024 -0.003873 -0.002193 -0.627899 0.030002 0.680822
    45 1.000000 0.000543 -1.070313 -0.000001 0.000000 0.000000
    46 -0.122639 -0.721856 0.661690 -0.486644 0.223964 0.243056
    47 2.622113 -0.000648 0.002741 0.248952 0.517307 0.335976
    48 2.658203 0.000780 0.000160 0.668586 0.306979 1.162188
    49 2.199219 0.000515 -0.000119 0.505439 -0.145576 1.217274
    50 0.599951 0.959244 0.300102 0.174544 0.000000 0.000000
    51 2.558594 -0.000151 -0.000029 0.544724 0.124360 1.290930
    52 2.103851 0.001708 -0.001014 0.819287 -0.369506 0.539031
    53 0.999374 -0.000237 1.178111 0.292927 0.028379 0.134647
    54 0.310846 -0.606445 -0.498005 0.308107 -0.197598 0.313976
    55 1.873069 -0.000835 -0.000994 -0.000031 -0.000008 1.282729
    56 1.200941 0.399582 -0.000237 -0.009465 0.016087 0.007127
    57 0.000586 0.100342 -0.000319 -0.120035 -0.021926 -0.209617
    58 -0.161663 0.051712 0.194808 -2.941982 0.122408 -0.060194
    59 2.010092 -0.003202 -0.007284 0.000042 0.000001 1.295053
    60 0.000240 0.099802 -0.000395 -0.018823 0.010833 -0.239219
    61 -0.203197 0.048607 0.069150 -3.093332 0.033217 -0.046722
    62 1.180428 -0.006214 0.000780 -0.000026 -0.000024 0.672937
    63 -0.000196 0.099625 -0.000034 0.000000 0.000000 -0.314102
    64 -0.088736 -0.688435 -0.145203 2.930407 -0.136130 0.513013
    65 1.712069 -0.003328 0.003818 -0.017151 -0.021197 1.013649
    66 -0.000580 0.100145 -0.000311 -0.010912 0.023129 -0.260841
    67 -0.146030 -0.232426 -0.014225 3.028455 -0.094299 0.113020
    68 1.290632 0.000362 -0.000032 -0.066922 0.043108 -0.235949
    69 -0.658121 -0.003575 0.072645 -0.142711 0.027792 -0.077299
    70 1.868080 -0.003049 0.006083 -0.000009 0.000027 1.013699
    71 1.200079 0.399944 -0.000093 0.009465 -0.016087 0.007127
    72 0.000591 0.100342 0.000319 0.120035 0.021926 -0.209617
    73 0.068077 0.002285 -0.080050 3.111376 -0.069366 -0.060847
    74 2.007813 -0.000882 -0.000381 -0.000043 0.000037 1.417990
    75 0.000229 0.099802 0.000395 0.018823 -0.010833 -0.239219
    76 -0.018673 -0.001009 0.047544 3.109244 0.002635 -0.106673
    77 1.178665 0.001595 0.000845 0.000066 -0.000024 0.546573
    78 -0.000198 0.099628 0.000034 0.000000 0.000000 -0.314102
    79 0.036892 -0.634449 0.266284 -2.801062 0.174301 0.490914
    80 1.708008 0.000724 0.000199 0.000056 -0.000025 0.840846
    81 -0.000576 0.100136 0.000311 0.010912 -0.023129 -0.260841
    82 -0.003952 -0.281811 0.115047 -3.059162 0.089004 0.167964
    83 1.289627 0.003949 0.000061 0.219376 -0.013049 0.412716
    84 -0.171528 -0.018148 -0.099873 0.013484 -0.062184 -0.011780
    85 0.919434 -0.000299 -0.000418 0.000000 0.000000 0.165533
    86 -0.342617 0.053404 -0.025571 -2.909301 -0.017248 0.075276
    87 1.100231 -0.000930 -0.002434 0.000009 0.000014 -0.169975
    88 -0.384983 0.330998 0.006848 -3.087207 -0.018765 -0.184279
    89 0.679688 -0.001227 0.000443 0.000000 0.000000 0.160450
    90 -0.123848 0.072737 0.029507 2.898184 -0.060627 0.094834
    91 1.017166 -0.000154 -0.000252 -0.000023 -0.000014 -0.068582
    92 -0.344986 0.123129 0.143151 2.994981 0.012396 0.059140
    93 -0.730988 0.177046 0.039141 -0.123731 0.076518 -0.084310
    94 0.925900 0.001298 -0.000896 0.000022 -0.000011 0.484986
    95 -0.124027 -0.052092 0.038496 3.077813 -0.008519 0.039229
    96 1.099609 0.000005 0.000469 0.000024 0.000052 0.880282
    97 -0.330082 0.160641 0.042780 3.128073 0.034033 -0.171236
    98 0.675854 0.005438 0.003272 -0.000034 0.000027 1.006524
    99 -0.019516 -0.016531 0.038578 -2.763781 0.050305 0.076828
    100 1.019531 -0.000026 -0.000397 0.000000 0.000000 1.057754
    101 -0.155312 0.130643 -0.021921 -3.022466 0.022433 -0.024903
    102 -0.252209 0.061937 -0.024914 -0.007671 -0.063171 -0.044392
    103 -0.085991 0.185203 -0.015180 -2.937063 -0.113970 -0.138991
    104 -0.286537 0.179852 0.024264 -3.109353 -0.049645 -0.029915
    105 -0.019489 0.147084 0.079203 2.893815 0.038585 -0.060594
    106 -0.046482 0.251898 0.129548 3.016165 0.077112 -0.042864
    107 0.039120 -0.040298 0.047739 3.084219 0.030470 -0.037414
    108 -0.233757 0.066630 0.001754 -3.133086 0.040141 -0.065413
    109 0.044266 0.020128 0.001684 -2.778763 -0.118872 -0.040488
    110 0.071495 0.074127 -0.048302 -3.035917 -0.059482 0.104366
    111 0.000000 0.000000 0.000000 0.000000 0.000000 -1.570796
    112 13.316813 -2.390698 -2.507889 -0.000569 -0.001124 -0.001120
    113 1.414063 0.000000 2.341797 0.000000 0.000000 0.000000
    114 1.194336 0.000004 2.341797 0.000000 0.000000 0.000000
    115 4.472793 8.781518 -3.554796 0.206947 -0.872692 -1.553453
    116 -0.575999 -0.004000 0.701999 0.000000 0.000000 0.000000
    117 -0.222000 0.000000 2.060996 0.000000 0.000000 0.000000
    118 0.414999 0.000000 0.937998 0.000000 0.000000 0.000000
    119 1.086997 -0.554999 1.709997 0.000000 0.000000 -1.570755
    120 4.654990 0.000000 0.242000 0.000000 0.000000 0.000000
    121 -1.234999 2.354995 -2.038996 -1.607303 0.223150 -0.356359
    122 4.367991 0.000000 0.177000 0.000000 0.000000 0.000000
    123 0.537998 0.000000 -3.214993 0.000000 0.000000 0.000000
    124 -0.126000 0.000000 -1.241997 0.000000 0.000000 0.000000
    125 1.572997 0.000000 2.342995 0.000000 0.000000 0.000000
    126 1.201998 0.000000 2.375995 0.000000 0.000000 0.000000
    127 -1.451998 0.000000 -3.396993 0.000000 0.000000 0.000000
    128 3.501993 0.017000 3.580993 0.000000 -0.159168 0.000000
    129 0.000000 0.000000 0.000000 0.000000 0.000000 0.000000
    130 0.745997 0.090000 -0.642999 0.000000 0.000000 0.000000
    131 -0.716000 0.604999 0.624999 0.000000 0.000000 0.000000
    132 2.751994 0.107000 0.669999 0.000000 0.000000 0.000000
    133 3.184993 0.000000 1.365997 0.000000 0.000000 0.000000
    134 0.000000 0.000000 0.000000 0.000000 0.000000 0.000000
    135 -0.106000 0.000000 64.320000 0.000000 0.000000 0.000000
    136 0.000000 0.000000 0.000000 0.000000 0.000000 0.000000
    137 0.000000 0.000000 0.000000 -0.001582 0.001366 -0.000395
    138 23.441499 -2.402673 7.957101 -0.000509 -0.001101 -0.001063
    139 0.106000 0.000000 -64.320000 0.000000 0.000000 0.000000
    140 0.000000 0.000000 0.000000 0.000000 0.000000 0.000000
    141 0.000000 0.000000 -4.867002 -3.141592 0.000000 -3.128591
    142 0.000000 0.000000 4.867000 -3.141592 0.000000 -3.128591
    143 4.000000 -6.500000 0.000000 0.000000 0.000000 0.000977
    144 -6.500000 0.000000 0.000000 0.000000 1.570796 0.000000
    145 1.000088 -0.000029 0.000000 0.000000 0.000000 0.000000
    146 17.162516 -0.000404 0.000000 0.000000 0.000000 0.119214
    147 9.999891 -0.000303 0.000000 0.000000 0.000000 0.000000
    148 1.000088 -0.000029 0.000000 0.000000 0.000000 0.000000
    149 17.162516 -0.000404 0.000000 0.000000 0.000000 0.119214
    150 9.499836 0.000212 0.000000 0.000000 0.000000 0.000000
    151 0.000000 0.000000 0.000000 0.000000 0.000000 0.000000
    152 17.749374 0.295515 0.000000 0.000000 0.000000 -1.158958
    153 0.017889 0.299792 0.000000 0.000000 0.000000 -0.059582
    154 12.283573 1.581456 -4.696000 1.462269 -0.086726 0.090185
    155 17.749376 0.295515 0.000000 0.000000 0.000000 -1.158958
    156 0.017889 0.299792 0.000000 0.000000 0.000000 -0.059582
    157 13.354000 0.000000 0.000000 0.000000 0.000000 -0.294101
    158 4.530998 0.000000 0.000000 0.000000 0.000000 0.000000
    159 0.000000 0.000000 0.000000 0.000000 0.000000 0.000000
    160 5.413524 0.000347 0.000000 0.000000 0.000000 -0.518055
    161 5.413524 0.000347 0.000000 0.000000 0.000000 -0.518055
    162 4.662002 -5.366333 4.825191 1.569713 1.561305 -3.121213
    163 3.116966 -0.000443 0.000000 0.000000 0.000000 0.294101
    164 4.527344 0.000000 0.000000 0.000000 0.000000 0.000000
    165 -0.537999 0.000000 2.587000 0.000000 0.000000 0.000000
    166 -13.924894 2.565019 -58.452317 0.000657 0.001210 0.001224
    167 2.302999 0.000000 0.188000 0.000000 0.000000 0.000000
    168 6.748000 0.000000 0.546000 0.000000 0.000000 0.000000
    169 3.512001 -3.547000 -1.066000 0.000000 1.570796 0.000000
    170 3.456001 -3.517000 1.169000 0.000000 1.570796 0.000000
    171 6.233002 0.000000 0.000000 0.000000 0.000000 0.000000
    172 -0.171997 -0.106000 -0.902000 1.570713 1.029176 -3.134550
    173 6.238090 -6.380000 -0.007813 -0.000395 0.001582 -0.001366
    174 3.999434 -0.000527 -0.000332 -0.606974 0.000018 0.000058
    175 3.999897 0.000041 0.001007 0.088892 0.000000 0.000000
    176 1.598000 0.000000 0.000000 0.000000 0.000000 0.000000
    177 -1.145525 0.000130 0.000668 0.000000 0.000000 0.000000
    178 2.299679 -2.499979 -0.599480 0.892020 0.221483 -0.527313
    179 10.174702 -2.779088 1.164967 1.709272 -0.331587 -0.219581
    180 -9.580683 -27.862110 -37.184666 0.812879 -0.123459 -0.568477
    181 0.649933 -0.548295 0.093651 -1.665913 -0.131399 -0.112062
    182 0.657077 0.008401 0.040371 -1.665945 -0.131407 -0.000013
    183 0.665776 0.747221 -0.029190 -1.665935 -0.131408 0.094976
    184 2.300138 -2.499413 0.600155 -0.891929 -0.221512 -0.527290
    185 11.365068 1.105308 3.752254 2.036514 -0.307328 0.198880
    186 2.762354 0.116951 1.523975 1.629482 0.064153 1.743800
    187 7.228319 7.928203 -3.925648 2.328713 0.123459 -0.568477
    188 0.650396 -0.547731 -0.092976 1.665913 0.131399 -0.112062
    189 0.657069 0.008398 -0.040379 1.665945 0.131407 -0.000013
    190 0.665777 0.747222 0.029182 1.665935 0.131408 0.094976
    191 -4.481003 -0.202000 0.000000 0.000000 0.000000 0.000000
    192 -5.516998 -0.291000 -0.001000 0.000000 0.000000 0.000000
    193 -0.857700 0.104071 0.104683 0.023536 0.163924 0.013632
    194 1.899119 0.000427 -0.000439 0.027386 -0.033311 0.477848
    195 1.799660 -0.000233 0.000231 0.027386 -0.033311 0.477848
    196 1.799660 -0.000233 0.000231 0.027386 -0.033311 0.477848
    197 1.799660 -0.000233 0.000231 0.027386 -0.033311 0.477848
    198 1.900313 -0.000137 -0.000516 0.027386 -0.033311 0.477848
    199 1.899433 -0.000317 -0.000151 -0.027386 0.033311 0.477848
    200 1.799662 -0.000233 -0.000233 -0.027386 0.033311 0.477848
    201 1.799662 -0.000233 -0.000233 -0.027386 0.033311 0.477848
    202 1.799662 -0.000233 -0.000233 -0.027386 0.033311 0.477848
    203 1.900723 0.000553 -0.000072 -0.027386 0.033311 0.477848
    204 0.599884 0.400187 -0.000031 0.000000 0.000000 0.000000
    205 0.599888 0.400187 0.000031 0.000000 0.000000 -3.141592
    206 0.599503 0.400696 0.000234 0.000000 0.000000 0.000000
    207 0.600399 0.399632 -0.000466 0.000000 0.000000 -3.141592
  time 35
    0 0.000000 0.000000 0.000000 0.000000 0.000000 -1.570796
    1 -0.106323 0.000000 -0.000198 0.000000 0.000000 0.000000
    2 0.000000 0.000000 0.000000 0.000000 0.000000 0.000000
    3 -0.904000 0.000000 -11.806000 0.000000 0.000000 0.000000
    4 0.000000 0.000000 -14.313999 0.000000 -1.570796 1.570857
    5 3.533001 0.000000 0.000000 0.000000 0.000000 0.000000
    6 6.250000 0.000000 0.000000 0.000000 0.000000 0.000000
    7 9.890625 5.437500 -0.533203 -1.153277 1.547377 -1.153364
    8 9.664063 5.210938 2.978516 0.044783 -1.073398 -0.039574
    9 5.790726 0.002787 -0.000113 -0.662725 0.223231 -1.515912
    10 5.999492 -0.000592 -4.000343 0.000000 0.000000 0.000000
    11 5.791316 0.006489 0.000893 1.302470 -0.574405 -1.668925
    12 5.999492 -0.000592 4.000336 0.000000 0.000000 0.000000
    13 0.500225 0.000133 -0.000088 -0.107488 0.000000 0.000024
    14 11.534559 0.000348 -0.001312 0.000031 0.000033 -1.014822
    15 -0.829338 0.893824 0.079659 -0.148839 0.047645 0.087266
    16 0.500225 0.000132 0.000076 -0.301769 0.000000 0.000000
    17 11.532495 0.004432 -0.000089 -0.000030 -0.000046 -1.387526
    18 -0.829586 0.894698 -0.079464 0.045377 -0.019621 0.087266
    19 10.599884 0.000105 -0.000553 -1.215609 -0.000012 0.000000
    20 0.158729 -0.286900 -0.000805 0.000000 0.000011 0.509074
    21 11.042057 -0.000189 0.004704 -1.007948 0.203098 0.682438
    22 -1.214832 0.203470 -0.477489 -0.135025 -0.078677 -0.001289
    23 10.599880 0.000105 0.000549 0.177855 0.000000 0.000000
    24 0.346233 -0.411904 0.000801 -0.000012 -0.000035 0.693891
    25 11.041742 0.003171 -0.000571 0.175783 0.598379 0.727848
    26 -1.063377 0.077663 0.150230 0.045121 0.020046 -0.012850
    27 0.610302 -0.939470 0.070343 -1.654840 -0.083571 -0.180446
    28 0.639940 -0.199121 0.060188 -1.665502 -0.069875 -0.072403
    29 0.600155 1.080261 -0.339535 -1.744176 0.106157 0.045532
    30 0.610207 0.400743 -0.010101 -1.761999 0.010544 0.028898
    31 0.634715 -0.693997 -0.232343 0.411010 0.086918 -1.024574
    32 -0.792125 0.203736 0.461300 1.439074 -0.003453 -0.018305
    33 0.610300 -0.939469 -0.070351 1.655301 0.140022 -0.175633
    34 0.639937 -0.199121 -0.060200 1.659528 0.202500 -0.040444
    35 0.600157 1.080259 0.339531 1.738023 -0.020790 0.107385
    36 0.610205 0.400743 0.010086 1.767175 0.146065 0.084305
    37 0.624002 -0.695300 0.232270 -0.854712 -0.350678 -0.976340
    38 -0.626031 -0.069983 -0.080517 -1.447153 0.086151 0.021559
    39 2.625284 -0.002532 -0.001438 -0.085294 -0.298210 0.821779
    40 2.664743 0.000397 -0.000071 -0.087628 -0.136082 1.023476
    41 2.202488 0.003368 -0.006769 -0.089509 -0.143229 1.068821
    42 0.599952 0.959240 -0.300102 -0.174544 0.000000 0.000000
    43 2.557190 -0.001967 0.006359 0.000396 -0.126894 1.058029
    44 2.095024 -0.003873 -0.002193 -0.627899 0.030002 0.680822
    45 1.000000 0.000543 -1.070313 -0.000001 0.000000 0.000000
    46 -0.122639 -0.721856 0.661690 -0.486644 0.223964 0.243056
    47 2.626019 -0.000648 0.002741 0.248952 0.517307 0.335976
    48 2.658203 0.000780 0.000160 0.668586 0.306979 1.162188
    49 2.199219 0.000515 -0.000119 0.505439 -0.145576 1.217274
    50 0.599951 0.959244 0.300102 0.174544 0.000000 0.000000
    51 2.558594 -0.000151 -0.000029 0.544724 0.124360 1.290930
    52 2.103851 0.001708 -0.001014 0.819287 -0.369506 0.539011
    53 0.999374 -0.000237 1.178111 0.292927 0.028379 0.134647
    54 0.310846 -0.606445 -0.498005 0.308107 -0.197598 0.313976
    55 1.873069 -0.004741 -0.000994 -0.000019 -0.000008 1.282729
    56 1.200941 0.399582 -0.000237 -0.009465 0.016087 0.007127
    57 0.000586 0.100342 -0.000319 -0.120035 -0.021926 -0.209617
    58 -0.161663 0.051712 0.194808 -2.941982 0.122408 -0.060194
    59 2.010092 -0.007109 -0.003377 0.000042 0.000001 1.295053
    60 0.000240 0.099802 -0.000395 -0.018823 0.010833 -0.239219
    61 -0.203197 0.048607 0.069150 -3.093332 0.033217 -0.046722
    62 1.180428 -0.006214 0.000780 -0.000026 -0.000024 0.672937
    63 -0.000196 0.099625 -0.000034 0.000000 0.000000 -0.314102
    64 -0.088736 -0.688435 -0.145203 2.930407 -0.136130 0.513013
    65 1.712069 -0.003328 0.003818 -0.017163 -0.021185 1.013649
    66 -0.000580 0.100145 -0.000311 -0.010912 0.023129 -0.260841
    67 -0.146030 -0.232426 -0.014225 3.028455 -0.094299 0.113020
    68 1.290632 0.000362 -0.000032 -0.066922 0.043108 -0.235949
    69 -0.658121 -0.003575 0.072645 -0.142711 0.027792 -0.077299
    70 1.868080 -0.003049 0.006083 0.000003 0.000027 1.013699
    71 1.200079 0.399944 -0.000093 0.009465 -0.016087 0.007127
    72 0.000591 0.100342 0.000319 0.120035 0.021926 -0.209617
    73 0.068077 0.002285 -0.080050 3.111376 -0.069366 -0.060847
    74 2.007813 -0.000882 -0.000381 -0.000043 0.000037 1.417990
    75 0.000229 0.099802 0.000395 0.018823 -0.010833 -0.239219
    76 -0.018673 -0.001009 0.047544 3.109244 0.002635 -0.106673
    77 1.178665 0.001595 0.000845 0.000066 -0.000024 0.546573
    78 -0.000198 0.099628 0.000034 0.000000 0.000000 -0.314102
    79 0.036892 -0.634449 0.266284 -2.801062 0.174301 0.490914
    80 1.708008 0.000724 0.000199 0.000056 -0.000025 0.840846
    81 -0.000576 0.100136 0.000311 0.010912 -0.023129 -0.260841
    82 -0.003952 -0.281811 0.115047 -3.059162 0.089004 0.167964
    83 1.289627 0.003949 0.000061 0.219364 -0.013049 0.412716
    84 -0.171528 -0.018148 -0.099873 0.013484 -0.062184 -0.011780
    85 0.919434 -0.000299 -0.000418 0.000000 0.000000 0.165533
    86 -0.342617 0.053404 -0.025571 -2.909301 -0.017248 0.075276
    87 1.100231 -0.000930 -0.002434 0.000009 0.000014 -0.169975
    88 -0.384983 0.330998 0.006848 -3.087207 -0.018765 -0.184279
    89 0.679688 -0.001227 0.000443 0.000000 0.000000 0.160450
    90 -0.123848 0.072737 0.029507 2.898184 -0.060627 0.094834
    91 1.017166 -0.000154 -0.000252 -0.000023 -0.000014 -0.068582
    92 -0.344986 0.123129 0.143151 2.994981 0.012396 0.059140
    93 -0.730988 0.177046 0.039141 -0.123731 0.076518 -0.084310
    94 0.925900 0.001298 -0.000896 0.000022 -0.000011 0.484986
    95 -0.124027 -0.052092 0.038496 3.077813 -0.008519 0.039229
    96 1.099609 0.000005 0.000469 0.000024 0.000052 0.880282
    97 -0.330082 0.160641 0.042780 3.128073 0.034033 -0.171236
    98 0.675854 0.001531 0.003272 -0.000034 0.000027 1.006524
    99 -0.019516 -0.016531 0.038578 -2.763781 0.050305 0.076828
    100 1.019531 -0.000026 -0.000397 0.000000 0.000000 1.057754
    101 -0.155312 0.130643 -0.021921 -3.022466 0.022433 -0.024903
    102 -0.252209 0.061937 -0.024914 -0.007671 -0.063171 -0.044392
    103 -0.085991 0.185203 -0.015180 -2.937063 -0.113970 -0.138991
    104 -0.286537 0.179852 0.024264 -3.109353 -0.049645 -0.029915
    105 -0.019489 0.147084 0.079203 2.893815 0.038585 -0.060594
    106 -0.046482 0.251898 0.129548 3.016165 0.077112 -0.042864
    107 0.039120 -0.040298 0.047739 3.084219 0.030470 -0.037414
    108 -0.233757 0.066630 0.001754 -3.133086 0.040141 -0.065413
    109 0.044266 0.020128 0.001684 -2.778763 -0.118872 -0.040488
    110 0.071495 0.074127 -0.048302 -3.035917 -0.059482 0.104366
    111 0.000000 0.000000 0.000000 0.000000 0.000000 -1.570796
    112 13.324625 -2.378979 -2.492264 -0.001044 -0.000936 0.001400
    113 1.414063 0.000000 2.341797 0.000000 0.000000 0.000000
    114 1.194336 0.000004 2.341797 0.000000 0.000000 0.000000
    115 4.422010 8.789331 -3.543077 0.206361 -0.872504 -1.550359
    116 -0.575999 -0.004000 0.701999 0.000000 0.000000 0.000000
    117 -0.222000 0.000000 2.060996 0.000000 0.000000 0.000000
    118 0.414999 0.000000 0.937998 0.000000 0.000000 0.000000
    119 1.086997 -0.554999 1.709997 0.000000 0.000000 -1.570755
    120 4.654990 0.000000 0.242000 0.000000 0.000000 0.000000
    121 -1.234999 2.354995 -2.038996 -1.607303 0.223150 -0.356359
    122 4.367991 0.000000 0.177000 0.000000 0.000000 0.000000
    123 0.537998 0.000000 -3.214993 0.000000 0.000000 0.000000
    124 -0.126000 0.000000 -1.241997 0.000000 0.000000 0.000000
    125 1.572997 0.000000 2.342995 0.000000 0.000000 0.000000
    126 1.201998 0.000000 2.375995 0.000000 0.000000 0.000000
    127 -1.451998 0.000000 -3.396993 0.000000 0.000000 0.000000
    128 3.501993 0.017000 3.580993 0.000000 -0.159168 0.000000
    129 0.000000 0.000000 0.000000 0.000000 0.000000 0.000000
    130 0.745997 0.090000 -0.642999 0.000000 0.000000 0.000000
    131 -0.716000 0.604999 0.624999 0.000000 0.000000 0.000000
    132 2.751994 0.107000 0.669999 0.000000 0.000000 0.000000
    133 3.184993 0.000000 1.365997 0.000000 0.000000 0.000000
    134 0.000000 0.000000 0.000000 0.000000 0.000000 0.000000
    135 -0.106000 0.000000 64.320000 0.000000 0.000000 0.000000
    136 0.000000 0.000000 0.000000 0.000000 0.000000 0.000000
    137 0.000000 0.000000 0.000000 -0.001174 0.001031 -0.000300
    138 23.445405 -2.375328 7.972727 -0.000984 -0.000961 0.001364
    139 0.106000 0.000000 -64.320000 0.000000 0.000000 0.000000
    140 0.000000 0.000000 0.000000 0.000000 0.000000 0.000000
    141 0.000000 0.000000 -4.867002 -3.141592 0.000000 -3.128591
    142 0.000000 0.000000 4.867000 -3.141592 0.000000 -3.128591
    143 4.000000 -6.500000 0.000000 0.000000 0.000000 0.000977
    144 -6.500000 0.000000 0.000000 0.000000 1.570796 0.000000
    145 1.000088 -0.000029 0.000000 0.000000 0.000000 0.000000
    146 17.162516 -0.000404 0.000000 0.000000 0.000000 0.119214
    147 9.999891 -0.000303 0.000000 0.000000 0.000000 0.000000
    148 1.000088 -0.000029 0.000000 0.000000 0.000000 0.000000
    149 17.162516 -0.000404 0.000000 0.000000 0.000000 0.119214
    150 9.499836 0.000212 0.000000 0.000000 0.000000 0.000000
    151 0.000000 0.000000 0.000000 0.000000 0.000000 0.000000
    152 17.749374 0.295515 0.000000 0.000000 0.000000 -1.158958
    153 0.017889 0.299792 0.000000 0.000000 0.000000 -0.059582
    154 12.283573 1.581456 -4.696000 1.462269 -0.086726 0.090185
    155 17.749376 0.295515 0.000000 0.000000 0.000000 -1.158958
    156 0.017889 0.299792 0.000000 0.000000 0.000000 -0.059582
    157 13.354000 0.000000 0.000000 0.000000 0.000000 -0.294101
    158 4.530998 0.000000 0.000000 0.000000 0.000000 0.000000
    159 0.000000 0.000000 0.000000 0.000000 0.000000 0.000000
    160 5.413524 0.000347 0.000000 0.000000 0.000000 -0.518055
    161 5.413524 0.000347 0.000000 0.000000 0.000000 -0.518055
    162 4.662002 -5.366333 4.825191 1.569713 1.561305 -3.121213
    163 3.116966 -0.000443 0.000000 0.000000 0.000000 0.294101
    164 4.527344 0.000000 0.000000 0.000000 0.000000 0.000000
    165 -0.537999 0.000000 2.587000 0.000000 0.000000 0.000000
    166 -13.862392 2.635334 -58.456223 0.001032 0.000358 -0.000188
    167 2.302999 0.000000 0.188000 0.000000 0.000000 0.000000
    168 6.748000 0.000000 0.546000 0.000000 0.000000 0.000000
    169 3.512001 -3.547000 -1.066000 0.000000 1.570796 0.000000
    170 3.456001 -3.517000 1.169000 0.000000 1.570796 0.000000
    171 6.233002 0.000000 0.000000 0.000000 0.000000 0.000000
    172 -0.171997 -0.106000 -0.902000 1.570713 1.029176 -3.134550
    173 6.238090 -6.380000 0.000000 -0.000300 0.001174 -0.001031
    174 3.999434 -0.000527 -0.000332 -0.606974 0.000018 0.000058
    175 3.999897 0.000041 0.001007 0.088970 0.000000 0.000000
    176 1.598000 0.000000 0.000000 0.000000 0.000000 0.000000
    177 -1.145525 0.000130 0.000668 0.000000 0.000000 0.000000
    178 2.299679 -2.499979 -0.599480 0.892020 0.221483 -0.527313
    179 10.174702 -2.779088 1.164967 1.709272 -0.331587 -0.219581
    180 -9.580683 -27.862110 -37.184666 0.812879 -0.123459 -0.568477
    181 0.649933 -0.548295 0.093651 -1.665913 -0.131399 -0.112062
    182 0.657077 0.008401 0.040371 -1.665945 -0.131407 -0.000013
    183 0.665776 0.747221 -0.029190 -1.665935 -0.131408 0.094976
    184 2.300138 -2.499413 0.600155 -0.891929 -0.221512 -0.527290
    185 11.365068 1.105308 3.752254 2.036514 -0.307328 0.198880
    186 2.762354 0.116951 1.523975 1.629482 0.064153 1.743800
    187 7.228319 7.928203 -3.925648 2.328713 0.123459 -0.568477
    188 0.650396 -0.547731 -0.092976 1.665913 0.131399 -0.112062
    189 0.657069 0.008398 -0.040379 1.665945 0.131407 -0.000013
    190 0.665777 0.747222 0.029182 1.665935 0.131408 0.094976
    191 -4.481003 -0.202000 0.000000 0.000000 0.000000 0.000000
    192 -5.516998 -0.291000 -0.001000 0.000000 0.000000 0.000000
    193 -0.857700 0.104071 0.104683 0.023536 0.163924 0.013632
    194 1.899119 0.000427 -0.000439 0.027386 -0.033311 0.477848
    195 1.799660 -0.000233 0.000231 0.027386 -0.033311 0.477848
    196 1.799660 -0.000233 0.000231 0.027386 -0.033311 0.477848
    197 1.799660 -0.000233 0.000231 0.027386 -0.033311 0.477848
    198 1.900313 -0.000137 -0.000516 0.027386 -0.033311 0.477848
    199 1.899433 -0.000317 -0.000151 -0.027386 0.033311 0.477848
    200 1.799662 -0.000233 -0.000233 -0.027386 0.033311 0.477848
    201 1.799662 -0.000233 -0.000233 -0.027386 0.033311 0.477848
    202 1.799662 -0.000233 -0.000233 -0.027386 0.033311 0.477848
    203 1.900723 0.000553 -0.000072 -0.027386 0.033311 0.477848
    204 0.599884 0.400187 -0.000031 0.000000 0.000000 0.000000
    205 0.599888 0.400187 0.000031 0.000000 0.000000 -3.141592
    206 0.599503 0.400696 0.000234 0.000000 0.000000 0.000000
    207 0.600399 0.399632 -0.000466 0.000000 0.000000 -3.141592
  time 36
    0 0.000000 0.000000 0.000000 0.000000 0.000000 -1.570796
    1 -0.106323 0.000000 -0.000198 0.000000 0.000000 0.000000
    2 0.000000 0.000000 0.000000 0.000000 0.000000 0.000000
    3 -0.904000 0.000000 -11.806000 0.000000 0.000000 0.000000
    4 0.000000 0.000000 -14.313999 0.000000 -1.570796 1.570857
    5 3.533001 0.000000 0.000000 0.000000 0.000000 0.000000
    6 6.250000 0.000000 0.000000 0.000000 0.000000 0.000000
    7 9.890625 5.437500 -0.533203 -1.153277 1.547377 -1.153364
    8 9.664063 5.210938 2.978516 0.044783 -1.073398 -0.039574
    9 5.790726 0.002787 -0.000113 -0.662725 0.223710 -1.516074
    10 5.999492 -0.000592 -4.000343 0.000000 0.000000 0.000000
    11 5.791316 0.006489 0.000893 1.302656 -0.574860 -1.669377
    12 5.999492 -0.000592 4.000336 0.000000 0.000000 0.000000
    13 0.500225 0.000133 -0.000088 -0.107773 0.000000 0.000012
    14 11.534559 0.000348 -0.001312 0.000019 0.000033 -1.014965
    15 -0.829338 0.893824 0.079659 -0.148839 0.047645 0.087266
    16 0.500225 0.000132 0.000076 -0.302114 0.000000 0.000000
    17 11.532495 0.004432 -0.000089 -0.000042 -0.000058 -1.386167
    18 -0.829586 0.894698 -0.079464 0.045377 -0.019621 0.087266
    19 10.599884 0.000105 -0.000553 -1.216382 -0.000024 -0.000036
    20 0.154822 -0.286900 -0.000805 0.000000 0.000011 0.508693
    21 11.042057 -0.000189 0.000798 -1.008070 0.202036 0.683278
    22 -1.214832 0.203470 -0.477489 -0.135025 -0.078677 -0.001289
    23 10.599880 0.000105 0.000549 0.177988 0.000000 0.000000
    24 0.342326 -0.411904 0.000801 -0.000012 -0.000023 0.693707
    25 11.041742 0.003171 -0.000571 0.175281 0.597200 0.726364
    26 -1.063377 0.077663 0.150230 0.045121 0.020046 -0.012850
    27 0.610302 -0.939470 0.070343 -1.654840 -0.083571 -0.180446
    28 0.639940 -0.199121 0.060188 -1.665502 -0.069875 -0.072415
    29 0.600155 1.080261 -0.339535 -1.744176 0.106145 0.045521
    30 0.610207 0.400743 -0.010101 -1.761999 0.010544 0.028886
    31 0.634715 -0.693997 -0.232343 0.411010 0.086918 -1.024574
    32 -0.792125 0.203736 0.461300 1.439074 -0.003453 -0.018305
    33 0.610300 -0.939469 -0.070351 1.655301 0.140022 -0.175633
    34 0.639937 -0.199121 -0.060200 1.659528 0.202500 -0.040444
    35 0.600157 1.080259 0.339531 1.738023 -0.020790 0.107385
    36 0.610205 0.400743 0.010086 1.767175 0.146065 0.084305
    37 0.624002 -0.695300 0.232270 -0.854712 -0.350678 -0.976340
    38 -0.626031 -0.069983 -0.080517 -1.447153 0.086151 0.021559
    39 2.621377 -0.002532 -0.001438 -0.085294 -0.298210 0.821779
    40 2.660837 0.000397 -0.000071 -0.087628 -0.136082 1.023437
    41 2.206394 0.003368 -0.006769 -0.089491 -0.143229 1.068821
    42 0.599952 0.959240 -0.300102 -0.174544 0.000000 0.000000
    43 2.553283 -0.005873 0.006359 0.000396 -0.126882 1.058029
    44 2.095024 -0.003873 -0.002193 -0.627899 0.030002 0.680822
    45 1.000000 0.000543 -1.070313 -0.000001 0.000000 0.000000
    46 -0.122639 -0.721856 0.661690 -0.486644 0.223964 0.243056
    47 2.622113 -0.004555 0.002741 0.248968 0.517307 0.335976
    48 2.658203 0.000780 0.000160 0.668586 0.306979 1.162188
    49 2.199219 0.000515 -0.000119 0.505439 -0.145576 1.217274
    50 0.599951 0.959244 0.300102 0.174544 0.000000 0.000000
    51 2.558594 -0.000151 -0.000029 0.544724 0.124360 1.290930
    52 2.103851 0.005614 -0.001014 0.819312 -0.369518 0.539011
    53 0.999374 -0.000237 1.178111 0.292927 0.028379 0.134647
    54 0.310846 -0.606445 -0.498005 0.308107 -0.197598 0.313976
    55 1.869163 -0.000835 -0.000994 -0.000019 0.000004 1.282729
    56 1.200941 0.399582 -0.000237 -0.009465 0.016087 0.007127
    57 0.000586 0.100342 -0.000319 -0.120035 -0.021926 -0.209617
    58 -0.161663 0.051712 0.194808 -2.941982 0.122408 -0.060194
    59 2.010092 -0.003202 -0.003377 0.000030 0.000001 1.294976
    60 0.000240 0.099802 -0.000395 -0.018823 0.010833 -0.239219
    61 -0.203197 0.048607 0.069150 -3.093332 0.033217 -0.046722
    62 1.180428 -0.006214 0.000780 -0.000026 -0.000012 0.672937
    63 -0.000196 0.099625 -0.000034 0.000000 0.000000 -0.314102
    64 -0.088736 -0.688435 -0.145203 2.930407 -0.136130 0.513013
    65 1.712069 -0.003328 0.003818 -0.017163 -0.021185 1.013649
    66 -0.000580 0.100145 -0.000311 -0.010912 0.023129 -0.260841
    67 -0.146030 -0.232426 -0.014225 3.028455 -0.094299 0.113020
    68 1.290632 0.000362 -0.000032 -0.066910 0.043108 -0.235949
    69 -0.658121 -0.003575 0.072645 -0.142711 0.027792 -0.077299
    70 1.868080 -0.003049 0.006083 0.000003 0.000027 1.013666
    71 1.200079 0.399944 -0.000093 0.009465 -0.016087 0.007127
    72 0.000591 0.100342 0.000319 0.120035 0.021926 -0.209617
    73 0.068077 0.002285 -0.080050 3.111376 -0.069366 -0.060847
    74 2.007813 -0.000882 -0.000381 -0.000043 0.000037 1.417990
    75 0.000229 0.099802 0.000395 0.018823 -0.010833 -0.239219
    76 -0.018673 -0.001009 0.047544 3.109244 0.002635 -0.106673
    77 1.178665 0.001595 0.000845 0.000078 -0.000024 0.546573
    78 -0.000198 0.099628 0.000034 0.000000 0.000000 -0.314102
    79 0.036892 -0.634449 0.266284 -2.801062 0.174301 0.490914
    80 1.708008 0.000724 0.000199 0.000056 -0.000025 0.840846
    81 -0.000576 0.100136 0.000311 0.010912 -0.023129 -0.260841
    82 -0.003952 -0.281811 0.115047 -3.059162 0.089004 0.167964
    83 1.289627 0.003949 0.000061 0.219364 -0.013049 0.412716
    84 -0.171528 -0.018148 -0.099873 0.013484 -0.062184 -0.011780
    85 0.919434 -0.000299 -0.000418 0.000000 0.000000 0.165533
    86 -0.342617 0.053404 -0.025571 -2.909301 -0.017248 0.075276
    87 1.100231 -0.000930 -0.002434 0.000009 0.000014 -0.169975
    88 -0.384983 0.330998 0.006848 -3.087207 -0.018765 -0.184279
    89 0.679688 -0.001227 0.000443 0.000000 0.000000 0.160450
    90 -0.123848 0.072737 0.029507 2.898184 -0.060627 0.094834
    91 1.017166 -0.000154 -0.000252 -0.000023 -0.000014 -0.068545
    92 -0.344986 0.123129 0.143151 2.994981 0.012396 0.059140
    93 -0.730988 0.177046 0.039141 -0.123731 0.076518 -0.084310
    94 0.925900 0.001298 -0.000896 0.000010 -0.000011 0.484986
    95 -0.124027 -0.052092 0.038496 3.077813 -0.008519 0.039229
    96 1.099609 0.000005 0.000469 0.000024 0.000052 0.880282
    97 -0.330082 0.160641 0.042780 3.128073 0.034033 -0.171236
    98 0.675854 0.001531 0.003272 -0.000034 0.000027 1.006524
    99 -0.019516 -0.016531 0.038578 -2.763781 0.050305 0.076828
    100 1.019531 -0.000026 -0.000397 0.000000 0.000000 1.057754
    101 -0.155312 0.130643 -0.021921 -3.022466 0.022433 -0.024903
    102 -0.252209 0.061937 -0.024914 -0.007671 -0.063171 -0.044392
    103 -0.085991 0.185203 -0.015180 -2.937063 -0.113970 -0.138991
    104 -0.286537 0.179852 0.024264 -3.109353 -0.049645 -0.029915
    105 -0.019489 0.147084 0.079203 2.893815 0.038585 -0.060594
    106 -0.046482 0.251898 0.129548 3.016165 0.077112 -0.042864
    107 0.039120 -0.040298 0.047739 3.084219 0.030470 -0.037414
    108 -0.233757 0.066630 0.001754 -3.133086 0.040141 -0.065413
    109 0.044266 0.020128 0.001684 -2.778763 -0.118872 -0.040488
    110 0.071495 0.074127 -0.048302 -3.035917 -0.059482 0.104366
    111 0.000000 0.000000 0.000000 0.000000 0.000000 -1.570796
    112 13.340251 -2.378979 -2.515702 -0.001518 0.000328 0.002240
    113 1.414063 0.000000 2.341797 0.000000 0.000000 0.000000
    114 1.194336 0.000004 2.341797 0.000000 0.000000 0.000000
    115 4.410291 8.785424 -3.539171 0.205608 -0.871093 -1.548953
    116 -0.575999 -0.004000 0.701999 0.000000 0.000000 0.000000
    117 -0.222000 0.000000 2.060996 0.000000 0.000000 0.000000
    118 0.414999 0.000000 0.937998 0.000000 0.000000 0.000000
    119 1.086997 -0.554999 1.709997 0.000000 0.000000 -1.570755
    120 4.654990 0.000000 0.242000 0.000000 0.000000 0.000000
    121 -1.234999 2.354995 -2.038996 -1.607303 0.223150 -0.356359
    122 4.367991 0.000000 0.177000 0.000000 0.000000 0.000000
    123 0.537998 0.000000 -3.214993 0.000000 0.000000 0.000000
    124 -0.126000 0.000000 -1.241997 0.000000 0.000000 0.000000
    125 1.572997 0.000000 2.342995 0.000000 0.000000 0.000000
    126 1.201998 0.000000 2.375995 0.000000 0.000000 0.000000
    127 -1.451998 0.000000 -3.396993 0.000000 0.000000 0.000000
    128 3.501993 0.017000 3.580993 0.000000 -0.159168 0.000000
    129 0.000000 0.000000 0.000000 0.000000 0.000000 0.000000
    130 0.745997 0.090000 -0.642999 0.000000 0.000000 0.000000
    131 -0.716000 0.604999 0.624999 0.000000 0.000000 0.000000
    132 2.751994 0.107000 0.669999 0.000000 0.000000 0.000000
    133 3.184993 0.000000 1.365997 0.000000 0.000000 0.000000
    134 0.000000 0.000000 0.000000 0.000000 0.000000 0.000000
    135 -0.106000 0.000000 64.320000 0.000000 0.000000 0.000000
    136 0.000000 0.000000 0.000000 0.000000 0.000000 0.000000
    137 0.000000 0.000000 0.000000 -0.000791 0.000671 -0.000204
    138 23.461031 -2.371422 7.933663 -0.001458 0.000256 0.002204
    139 0.106000 0.000000 -64.320000 0.000000 0.000000 0.000000
    140 0.000000 0.000000 0.000000 0.000000 0.000000 0.000000
    141 0.000000 0.000000 -4.867002 -3.141592 0.000000 -3.128591
    142 0.000000 0.000000 4.867000 -3.141592 0.000000 -3.128591
    143 4.000000 -6.500000 0.000000 0.000000 0.000000 0.000977
    144 -6.500000 0.000000 0.000000 0.000000 1.570796 0.000000
    145 1.000088 -0.000029 0.000000 0.000000 0.000000 0.000000
    146 17.162516 -0.000404 0.000000 0.000000 0.000000 0.119214
    147 9.999891 -0.000303 0.000000 0.000000 0.000000 0.000000
    148 1.000088 -0.000029 0.000000 0.000000 0.000000 0.000000
    149 17.162516 -0.000404 0.000000 0.000000 0.000000 0.119214
    150 9.499836 0.000212 0.000000 0.000000 0.000000 0.000000
    151 0.000000 0.000000 0.000000 0.000000 0.000000 0.000000
    152 17.749374 0.295515 0.000000 0.000000 0.000000 -1.158958
    153 0.017889 0.299792 0.000000 0.000000 0.000000 -0.059582
    154 12.283573 1.581456 -4.696000 1.462269 -0.086726 0.090185
    155 17.749376 0.295515 0.000000 0.000000 0.000000 -1.158958
    156 0.017889 0.299792 0.000000 0.000000 0.000000 -0.059582
    157 13.354000 0.000000 0.000000 0.000000 0.000000 -0.294101
    158 4.530998 0.000000 0.000000 0.000000 0.000000 0.000000
    159 0.000000 0.000000 0.000000 0.000000 0.000000 0.000000
    160 5.413524 0.000347 0.000000 0.000000 0.000000 -0.518055
    161 5.413524 0.000347 0.000000 0.000000 0.000000 -0.518055
    162 4.662002 -5.366333 4.825191 1.569713 1.561305 -3.121213
    163 3.116966 -0.000443 0.000000 0.000000 0.000000 0.294101
    164 4.527344 0.000000 0.000000 0.000000 0.000000 0.000000
    165 -0.537999 0.000000 2.587000 0.000000 0.000000 0.000000
    166 -13.827235 2.670491 -58.448410 0.001501 -0.000358 -0.001883
    167 2.302999 0.000000 0.188000 0.000000 0.000000 0.000000
    168 6.748000 0.000000 0.546000 0.000000 0.000000 0.000000
    169 3.512001 -3.547000 -1.066000 0.000000 1.570796 0.000000
    170 3.456001 -3.517000 1.169000 0.000000 1.570796 0.000000
    171 6.233002 0.000000 0.000000 0.000000 0.000000 0.000000
    172 -0.171997 -0.106000 -0.902000 1.570713 1.029176 -3.134550
    173 6.238090 -6.380000 0.000000 -0.000204 0.000791 -0.000671
    174 3.999434 -0.000527 -0.000332 -0.607019 0.000018 0.000058
    175 3.999897 0.000041 0.001007 0.089028 0.000000 0.000000
    176 1.598000 0.000000 0.000000 0.000000 0.000000 0.000000
    177 -1.145525 0.000130 0.000668 0.000000 0.000000 0.000000
    178 2.299679 -2.499979 -0.599480 0.892020 0.221483 -0.527313
    179 10.174702 -2.779088 1.164967 1.709272 -0.331587 -0.219581
    180 -9.580683 -27.862110 -37.184666 0.812879 -0.123459 -0.568477
    181 0.649933 -0.548295 0.093651 -1.665913 -0.131399 -0.112062
    182 0.657077 0.008401 0.040371 -1.665945 -0.131407 -0.000013
    183 0.665776 0.747221 -0.029190 -1.665935 -0.131408 0.094976
    184 2.300138 -2.499413 0.600155 -0.891929 -0.221512 -0.527290
    185 11.365068 1.105308 3.752254 2.036514 -0.307328 0.198880
    186 2.762354 0.116951 1.523975 1.629482 0.064153 1.743800
    187 7.228319 7.928203 -3.925648 2.328713 0.123459 -0.568477
    188 0.650396 -0.547731 -0.092976 1.665913 0.131399 -0.112062
    189 0.657069 0.008398 -0.040379 1.665945 0.131407 -0.000013
    190 0.665777 0.747222 0.029182 1.665935 0.131408 0.094976
    191 -4.481003 -0.202000 0.000000 0.000000 0.000000 0.000000
    192 -5.516998 -0.291000 -0.001000 0.000000 0.000000 0.000000
    193 -0.857700 0.104071 0.104683 0.023536 0.163924 0.013632
    194 1.899119 0.000427 -0.000439 0.027386 -0.033311 0.477848
    195 1.799660 -0.000233 0.000231 0.027386 -0.033311 0.477848
    196 1.799660 -0.000233 0.000231 0.027386 -0.033311 0.477848
    197 1.799660 -0.000233 0.000231 0.027386 -0.033311 0.477848
    198 1.900313 -0.000137 -0.000516 0.027386 -0.033311 0.477848
    199 1.899433 -0.000317 -0.000151 -0.027386 0.033311 0.477848
    200 1.799662 -0.000233 -0.000233 -0.027386 0.033311 0.477848
    201 1.799662 -0.000233 -0.000233 -0.027386 0.033311 0.477848
    202 1.799662 -0.000233 -0.000233 -0.027386 0.033311 0.477848
    203 1.900723 0.000553 -0.000072 -0.027386 0.033311 0.477848
    204 0.599884 0.400187 -0.000031 0.000000 0.000000 0.000000
    205 0.599888 0.400187 0.000031 0.000000 0.000000 -3.141592
    206 0.599503 0.400696 0.000234 0.000000 0.000000 0.000000
    207 0.600399 0.399632 -0.000466 0.000000 0.000000 -3.141592
  time 37
    0 0.000000 0.000000 0.000000 0.000000 0.000000 -1.570796
    1 -0.106323 0.000000 -0.000198 0.000000 0.000000 0.000000
    2 0.000000 0.000000 0.000000 0.000000 0.000000 0.000000
    3 -0.904000 0.000000 -11.806000 0.000000 0.000000 0.000000
    4 0.000000 0.000000 -14.313999 0.000000 -1.570796 1.570857
    5 3.533001 0.000000 0.000000 0.000000 0.000000 0.000000
    6 6.250000 0.000000 0.000000 0.000000 0.000000 0.000000
    7 9.890625 5.437500 -0.533203 -1.153277 1.547377 -1.153364
    8 9.664063 5.210938 2.978516 0.044783 -1.073398 -0.039574
    9 5.790726 0.002787 -0.000113 -0.662725 0.224189 -1.516074
    10 5.999492 -0.000592 -4.000343 0.000000 0.000000 0.000000
    11 5.791316 0.006489 0.000893 1.302841 -0.575274 -1.669829
    12 5.999492 -0.000592 4.000336 0.000000 0.000000 0.000000
    13 0.500225 0.000133 -0.000088 -0.108057 0.000000 0.000012
    14 11.534559 0.004255 -0.001312 0.000007 0.000021 -1.015107
    15 -0.829338 0.893824 0.079659 -0.148839 0.047645 0.087266
    16 0.500225 0.000132 0.000076 -0.302483 0.000000 0.000000
    17 11.532495 0.004432 -0.000089 -0.000030 -0.000046 -1.386252
    18 -0.829586 0.894698 -0.079464 0.045377 -0.019621 0.087266
    19 10.599884 0.000105 -0.000553 -1.215609 -0.000012 -0.000012
    20 0.158729 -0.286900 -0.000805 0.000000 0.000011 0.508360
    21 11.042057 -0.000189 0.004704 -1.007395 0.201770 0.682648
    22 -1.214832 0.203470 -0.477489 -0.135025 -0.078677 -0.001289
    23 10.599880 0.000105 0.000549 0.178032 0.000000 0.000000
    24 0.338420 -0.407997 0.000801 -0.000012 -0.000023 0.693522
    25 11.041742 0.003171 -0.000571 0.175181 0.598401 0.725882
    26 -1.063377 0.077663 0.150230 0.045121 0.020046 -0.012850
    27 0.610302 -0.939470 0.070343 -1.654840 -0.083571 -0.180446
    28 0.639940 -0.199121 0.060188 -1.665502 -0.069875 -0.072415
    29 0.600155 1.080261 -0.339535 -1.744123 0.106145 0.045521
    30 0.610207 0.400743 -0.010101 -1.761999 0.010532 0.028898
    31 0.634715 -0.693997 -0.232343 0.411010 0.086918 -1.024574
    32 -0.792125 0.203736 0.461300 1.439074 -0.003453 -0.018305
    33 0.610300 -0.939469 -0.070351 1.655301 0.140022 -0.175633
    34 0.639937 -0.199121 -0.060200 1.659528 0.202500 -0.040444
    35 0.600157 1.080259 0.339531 1.738023 -0.020790 0.107385
    36 0.610205 0.400743 0.010086 1.767175 0.146065 0.084305
    37 0.624002 -0.695300 0.232270 -0.854712 -0.350678 -0.976414
    38 -0.626031 -0.069983 -0.080517 -1.447153 0.086151 0.021559
    39 2.625284 -0.002532 -0.001438 -0.085280 -0.298184 0.821779
    40 2.664743 0.000397 -0.000071 -0.087628 -0.136082 1.023437
    41 2.206394 0.003368 -0.006769 -0.089491 -0.143229 1.068821
    42 0.599952 0.959240 -0.300102 -0.174544 0.000000 0.000000
    43 2.553283 -0.005873 0.006359 0.000396 -0.126870 1.058029
    44 2.095024 -0.003873 -0.002193 -0.627913 0.030002 0.680822
    45 1.000000 0.000543 -1.070313 -0.000001 0.000000 0.000000
    46 -0.122639 -0.721856 0.661690 -0.486644 0.223964 0.243056
    47 2.626019 -0.004555 0.006647 0.248968 0.517307 0.335976
    48 2.658203 0.000780 0.000160 0.668586 0.306979 1.162188
    49 2.199219 0.000515 -0.000119 0.505439 -0.145576 1.217274
    50 0.599951 0.959244 0.300102 0.174544 0.000000 0.000000
    51 2.558594 -0.000151 -0.000029 0.544724 0.124360 1.290930
    52 2.103851 0.001708 -0.001014 0.819312 -0.369530 0.539011
    53 0.999374 -0.000237 1.178111 0.292927 0.028391 0.134647
    54 0.310846 -0.606445 -0.498005 0.308107 -0.197598 0.313976
    55 1.869163 -0.004741 -0.000994 -0.000019 0.000004 1.282729
    56 1.200941 0.399582 -0.000237 -0.009465 0.016087 0.007127
    57 0.000586 0.100342 -0.000319 -0.120035 -0.021926 -0.209617
    58 -0.161663 0.051712 0.194808 -2.941982 0.122408 -0.060194
    59 2.010092 -0.003202 -0.007284 0.000030 0.000013 1.294976
    60 0.000240 0.099802 -0.000395 -0.018823 0.010833 -0.239219
    61 -0.203197 0.048607 0.069150 -3.093332 0.033217 -0.046722
    62 1.180428 -0.006214 0.000780 -0.000026 -0.000012 0.672937
    63 -0.000196 0.099625 -0.000034 0.000000 0.000000 -0.314102
    64 -0.088736 -0.688435 -0.145203 2.930407 -0.136130 0.513013
    65 1.712069 -0.003328 0.003818 -0.017175 -0.021185 1.013649
    66 -0.000580 0.100145 -0.000311 -0.010912 0.023129 -0.260841
    67 -0.146030 -0.232426 -0.014225 3.028455 -0.094299 0.113020
    68 1.290632 0.000362 -0.000032 -0.066898 0.043108 -0.235949
    69 -0.658121 -0.003575 0.072645 -0.142711 0.027792 -0.077299
    70 1.868080 -0.003049 0.006083 0.000015 0.000027 1.013666
    71 1.200079 0.399944 -0.000093 0.009465 -0.016087 0.007127
    72 0.000591 0.100342 0.000319 0.120035 0.021926 -0.209617
    73 0.068077 0.002285 -0.080050 3.111376 -0.069366 -0.060847
    74 2.007813 -0.000882 -0.000381 -0.000043 0.000037 1.417990
    75 0.000229 0.099802 0.000395 0.018823 -0.010833 -0.239219
    76 -0.018673 -0.001009 0.047544 3.109244 0.002635 -0.106673
    77 1.178665 0.001595 0.000845 0.000078 -0.000024 0.546573
    78 -0.000198 0.099628 0.000034 0.000000 0.000000 -0.314102
    79 0.036892 -0.634449 0.266284 -2.801062 0.174301 0.490914
    80 1.708008 0.000724 0.000199 0.000056 -0.000025 0.840846
    81 -0.000576 0.100136 0.000311 0.010912 -0.023129 -0.260841
    82 -0.003952 -0.281811 0.115047 -3.059162 0.089004 0.167964
    83 1.289627 0.003949 0.000061 0.219352 -0.013049 0.412716
    84 -0.171528 -0.018148 -0.099873 0.013484 -0.062184 -0.011780
    85 0.919434 -0.000299 -0.000418 0.000000 0.000000 0.165533
    86 -0.342617 0.053404 -0.025571 -2.909301 -0.017248 0.075276
    87 1.100231 -0.000930 -0.002434 0.000009 0.000014 -0.169975
    88 -0.384983 0.330998 0.006848 -3.087207 -0.018765 -0.184279
    89 0.679688 -0.001227 0.000443 0.000000 0.000000 0.160450
    90 -0.123848 0.072737 0.029507 2.898184 -0.060627 0.094834
    91 1.017166 -0.000154 -0.000252 -0.000023 -0.000014 -0.068545
    92 -0.344986 0.123129 0.143151 2.994981 0.012396 0.059140
    93 -0.730988 0.177046 0.039141 -0.123731 0.076518 -0.084310
    94 0.921993 0.001298 -0.000896 0.000010 -0.000011 0.484986
    95 -0.124027 -0.052092 0.038496 3.077813 -0.008519 0.039229
    96 1.099609 0.000005 0.000469 0.000024 0.000052 0.880282
    97 -0.330082 0.160641 0.042780 3.128073 0.034033 -0.171236
    98 0.675854 0.005438 0.003272 -0.000034 0.000039 1.006524
    99 -0.019516 -0.016531 0.038578 -2.763781 0.050305 0.076828
    100 1.019531 -0.000026 -0.000397 0.000000 0.000000 1.057754
    101 -0.155312 0.130643 -0.021921 -3.022466 0.022433 -0.024903
    102 -0.252209 0.061937 -0.024914 -0.007671 -0.063171 -0.044392
    103 -0.085991 0.185203 -0.015180 -2.937063 -0.113970 -0.138991
    104 -0.286537 0.179852 0.024264 -3.109353 -0.049645 -0.029915
    105 -0.019489 0.147084 0.079203 2.893815 0.038585 -0.060594
    106 -0.046482 0.251898 0.129548 3.016165 0.077112 -0.042864
    107 0.039120 -0.040298 0.047739 3.084219 0.030470 -0.037414
    108 -0.233757 0.066630 0.001754 -3.133086 0.040141 -0.065413
    109 0.044266 0.020128 0.001684 -2.778763 -0.118872 -0.040488
    110 0.071495 0.074127 -0.048302 -3.035917 -0.059482 0.104366
    111 0.000000 0.000000 0.000000 0.000000 0.000000 -1.570796
    112 13.332438 -2.378979 -2.519608 -0.001044 -0.000094 0.001680
    113 1.414063 0.000000 2.341797 0.000000 0.000000 0.000000
    114 1.194336 0.000004 2.341797 0.000000 0.000000 0.000000
    115 4.418104 8.781518 -3.554796 0.206194 -0.871610 -1.549984
    116 -0.575999 -0.004000 0.701999 0.000000 0.000000 0.000000
    117 -0.222000 0.000000 2.060996 0.000000 0.000000 0.000000
    118 0.414999 0.000000 0.937998 0.000000 0.000000 0.000000
    119 1.086997 -0.554999 1.709997 0.000000 0.000000 -1.570755
    120 4.654990 0.000000 0.242000 0.000000 0.000000 0.000000
    121 -1.234999 2.354995 -2.038996 -1.607303 0.223150 -0.356359
    122 4.367991 0.000000 0.177000 0.000000 0.000000 0.000000
    123 0.537998 0.000000 -3.214993 0.000000 0.000000 0.000000
    124 -0.126000 0.000000 -1.241997 0.000000 0.000000 0.000000
    125 1.572997 0.000000 2.342995 0.000000 0.000000 0.000000
    126 1.201998 0.000000 2.375995 0.000000 0.000000 0.000000
    127 -1.451998 0.000000 -3.396993 0.000000 0.000000 0.000000
    128 3.501993 0.017000 3.580993 0.000000 -0.159168 0.000000
    129 0.000000 0.000000 0.000000 0.000000 0.000000 0.000000
    130 0.745997 0.090000 -0.642999 0.000000 0.000000 0.000000
    131 -0.716000 0.604999 0.624999 0.000000 0.000000 0.000000
    132 2.751994 0.107000 0.669999 0.000000 0.000000 0.000000
    133 3.184993 0.000000 1.365997 0.000000 0.000000 0.000000
    134 0.000000 0.000000 0.000000 0.000000 0.000000 0.000000
    135 -0.106000 0.000000 64.320000 0.000000 0.000000 0.000000
    136 0.000000 0.000000 0.000000 0.000000 0.000000 0.000000
    137 0.000000 0.000000 0.000000 -0.000384 0.000336 -0.000096
    138 23.461031 -2.375328 7.933663 -0.001174 -0.000118 0.001644
    139 0.106000 0.000000 -64.320000 0.000000 0.000000 0.000000
    140 0.000000 0.000000 0.000000 0.000000 0.000000 0.000000
    141 0.000000 0.000000 -4.867002 -3.141592 0.000000 -3.128591
    142 0.000000 0.000000 4.867000 -3.141592 0.000000 -3.128591
    143 4.000000 -6.500000 0.000000 0.000000 0.000000 0.000977
    144 -6.500000 0.000000 0.000000 0.000000 1.570796 0.000000
    145 1.000088 -0.000029 0.000000 0.000000 0.000000 0.000000
    146 17.162516 -0.000404 0.000000 0.000000 0.000000 0.119214
    147 9.999891 -0.000303 0.000000 0.000000 0.000000 0.000000
    148 1.000088 -0.000029 0.000000 0.000000 0.000000 0.000000
    149 17.162516 -0.000404 0.000000 0.000000 0.000000 0.119214
    150 9.499836 0.000212 0.000000 0.000000 0.000000 0.000000
    151 0.000000 0.000000 0.000000 0.000000 0.000000 0.000000
    152 17.749374 0.295515 0.000000 0.000000 0.000000 -1.158958
    153 0.017889 0.299792 0.000000 0.000000 0.000000 -0.059582
    154 12.283573 1.581456 -4.696000 1.462269 -0.086726 0.090185
    155 17.749376 0.295515 0.000000 0.000000 0.000000 -1.158958
    156 0.017889 0.299792 0.000000 0.000000 0.000000 -0.059582
    157 13.354000 0.000000 0.000000 0.000000 0.000000 -0.294101
    158 4.530998 0.000000 0.000000 0.000000 0.000000 0.000000
    159 0.000000 0.000000 0.000000 0.000000 0.000000 0.000000
    160 5.413524 0.000347 0.000000 0.000000 0.000000 -0.518055
    161 5.413524 0.000347 0.000000 0.000000 0.000000 -0.518055
    162 4.662002 -5.366333 4.825191 1.569713 1.561305 -3.121213
    163 3.116966 -0.000443 0.000000 0.000000 0.000000 0.294101
    164 4.527344 0.000000 0.000000 0.000000 0.000000 0.000000
    165 -0.537999 0.000000 2.587000 0.000000 0.000000 0.000000
    166 -13.831141 2.635334 -58.436691 0.000938 -0.000269 -0.001224
    167 2.302999 0.000000 0.188000 0.000000 0.000000 0.000000
    168 6.748000 0.000000 0.546000 0.000000 0.000000 0.000000
    169 3.512001 -3.547000 -1.066000 0.000000 1.570796 0.000000
    170 3.456001 -3.517000 1.169000 0.000000 1.570796 0.000000
    171 6.233002 0.000000 0.000000 0.000000 0.000000 0.000000
    172 -0.171997 -0.106000 -0.902000 1.570713 1.029176 -3.134550
    173 6.241997 -6.380000 0.000000 -0.000096 0.000384 -0.000336
    174 3.999434 -0.000527 -0.000332 -0.607019 0.000018 0.000058
    175 3.999897 0.000041 0.001007 0.089067 0.000000 0.000000
    176 1.598000 0.000000 0.000000 0.000000 0.000000 0.000000
    177 -1.145525 0.000130 0.000668 0.000000 0.000000 0.000000
    178 2.299679 -2.499979 -0.599480 0.892020 0.221483 -0.527313
    179 10.174702 -2.779088 1.164967 1.709272 -0.331587 -0.219581
    180 -9.580683 -27.862110 -37.184666 0.812879 -0.123459 -0.568477
    181 0.649933 -0.548295 0.093651 -1.665913 -0.131399 -0.112062
    182 0.657077 0.008401 0.040371 -1.665945 -0.131407 -0.000013
    183 0.665776 0.747221 -0.029190 -1.665935 -0.131408 0.094976
    184 2.300138 -2.499413 0.600155 -0.891929 -0.221512 -0.527290
    185 11.365068 1.105308 3.752254 2.036514 -0.307328 0.198880
    186 2.762354 0.116951 1.523975 1.629482 0.064153 1.743800
    187 7.228319 7.928203 -3.925648 2.328713 0.123459 -0.568477
    188 0.650396 -0.547731 -0.092976 1.665913 0.131399 -0.112062
    189 0.657069 0.008398 -0.040379 1.665945 0.131407 -0.000013
    190 0.665777 0.747222 0.029182 1.665935 0.131408 0.094976
    191 -4.481003 -0.202000 0.000000 0.000000 0.000000 0.000000
    192 -5.516998 -0.291000 -0.001000 0.000000 0.000000 0.000000
    193 -0.857700 0.104071 0.104683 0.023536 0.163924 0.013632
    194 1.899119 0.000427 -0.000439 0.027386 -0.033311 0.477848
    195 1.799660 -0.000233 0.000231 0.027386 -0.033311 0.477848
    196 1.799660 -0.000233 0.000231 0.027386 -0.033311 0.477848
    197 1.799660 -0.000233 0.000231 0.027386 -0.033311 0.477848
    198 1.900313 -0.000137 -0.000516 0.027386 -0.033311 0.477848
    199 1.899433 -0.000317 -0.000151 -0.027386 0.033311 0.477848
    200 1.799662 -0.000233 -0.000233 -0.027386 0.033311 0.477848
    201 1.799662 -0.000233 -0.000233 -0.027386 0.033311 0.477848
    202 1.799662 -0.000233 -0.000233 -0.027386 0.033311 0.477848
    203 1.900723 0.000553 -0.000072 -0.027386 0.033311 0.477848
    204 0.599884 0.400187 -0.000031 0.000000 0.000000 0.000000
    205 0.599888 0.400187 0.000031 0.000000 0.000000 -3.141592
    206 0.599503 0.400696 0.000234 0.000000 0.000000 0.000000
    207 0.600399 0.399632 -0.000466 0.000000 0.000000 -3.141592
  time 38
    0 0.000000 0.000000 0.000000 0.000000 0.000000 -1.570796
    1 -0.106323 0.000000 -0.000198 0.000000 0.000000 0.000000
    2 0.000000 0.000000 0.000000 0.000000 0.000000 0.000000
    3 -0.904000 0.000000 -11.806000 0.000000 0.000000 0.000000
    4 0.000000 0.000000 -14.313999 0.000000 -1.570796 1.570857
    5 3.533001 0.000000 0.000000 0.000000 0.000000 0.000000
    6 6.250000 0.000000 0.000000 0.000000 0.000000 0.000000
    7 9.890625 5.437500 -0.533203 -1.153277 1.547377 -1.153364
    8 9.664063 5.210938 2.978516 0.044783 -1.073398 -0.039574
    9 5.790726 0.002787 -0.000113 -0.662854 0.224708 -1.516154
    10 5.999492 -0.000592 -4.000343 0.000000 0.000000 0.000000
    11 5.791316 0.006489 0.000893 1.303211 -0.575687 -1.670372
    12 5.999492 -0.000592 4.000336 0.000000 0.000000 0.000000
    13 0.500225 0.000133 -0.000088 -0.108341 0.000000 0.000000
    14 11.534559 0.000348 -0.001312 -0.000005 0.000009 -1.015249
    15 -0.829338 0.893824 0.079659 -0.148839 0.047645 0.087266
    16 0.500225 0.000132 0.000076 -0.302851 0.000000 0.000000
    17 11.536401 0.004432 -0.000089 -0.000006 -0.000034 -1.386252
    18 -0.829586 0.894698 -0.079464 0.045377 -0.019621 0.087266
    19 10.599884 0.000105 -0.000553 -1.214772 0.000000 0.000000
    20 0.158729 -0.286900 -0.000805 0.000000 0.000011 0.508028
    21 11.042057 -0.000189 0.004704 -1.006475 0.202150 0.681892
    22 -1.214832 0.203470 -0.477489 -0.135025 -0.078677 -0.001289
    23 10.599880 0.000105 0.000549 0.178165 0.000000 0.000000
    24 0.334514 -0.407997 0.000801 -0.000012 -0.000011 0.693276
    25 11.041742 0.003171 -0.000571 0.175532 0.599864 0.726178
    26 -1.063377 0.077663 0.150230 0.045121 0.020046 -0.012850
    27 0.610302 -0.939470 0.070343 -1.654790 -0.083571 -0.180446
    28 0.639940 -0.199121 0.060188 -1.665502 -0.069875 -0.072427
    29 0.600155 1.080261 -0.339535 -1.744176 0.106133 0.045509
    30 0.610207 0.400743 -0.010101 -1.761945 0.010532 0.028874
    31 0.634715 -0.693997 -0.232343 0.411026 0.086918 -1.024574
    32 -0.792125 0.203736 0.461300 1.439074 -0.003453 -0.018305
    33 0.610300 -0.939469 -0.070351 1.655301 0.140022 -0.175633
    34 0.639937 -0.199121 -0.060200 1.659528 0.202500 -0.040444
    35 0.600157 1.080259 0.339531 1.738023 -0.020790 0.107397
    36 0.610205 0.400743 0.010086 1.767175 0.146065 0.084305
    37 0.624002 -0.695300 0.236176 -0.854712 -0.350678 -0.976377
    38 -0.626031 -0.069983 -0.080517 -1.447153 0.086151 0.021559
    39 2.621377 -0.002532 -0.001438 -0.085280 -0.298184 0.821779
    40 2.660837 0.000397 -0.000071 -0.087628 -0.136082 1.023437
    41 2.206394 0.003368 -0.006769 -0.089491 -0.143212 1.068821
    42 0.599952 0.959240 -0.300102 -0.174544 0.000000 0.000000
    43 2.557190 -0.005873 0.006359 0.000396 -0.126870 1.058029
    44 2.095024 -0.003873 -0.002193 -0.627913 0.030002 0.680863
    45 1.000000 0.000543 -1.070313 -0.000001 0.000000 0.000000
    46 -0.122639 -0.721856 0.661690 -0.486644 0.223964 0.243056
    47 2.622113 -0.004555 0.002741 0.248983 0.517307 0.335976
    48 2.658203 0.000780 0.000160 0.668586 0.306979 1.162188
    49 2.199219 0.000515 -0.000119 0.505439 -0.145576 1.217274
    50 0.599951 0.959244 0.300102 0.174544 0.000000 0.000000
    51 2.558594 -0.000151 -0.000029 0.544724 0.124360 1.290930
    52 2.103851 0.005614 -0.001014 0.819362 -0.369542 0.539011
    53 0.999374 -0.000237 1.178111 0.292927 0.028379 0.134647
    54 0.310846 -0.606445 -0.498005 0.308107 -0.197598 0.313976
    55 1.873069 -0.004741 -0.000994 -0.000007 0.000004 1.282729
    56 1.200941 0.399582 -0.000237 -0.009465 0.016087 0.007127
    57 0.000586 0.100342 -0.000319 -0.120035 -0.021926 -0.209617
    58 -0.161663 0.051712 0.194808 -2.941982 0.122408 -0.060194
    59 2.010092 -0.003202 -0.003377 0.000018 0.000013 1.294938
    60 0.000240 0.099802 -0.000395 -0.018823 0.010833 -0.239219
    61 -0.203197 0.048607 0.069150 -3.093332 0.033217 -0.046722
    62 1.180428 -0.006214 0.000780 -0.000026 0.000000 0.672872
    63 -0.000196 0.099625 -0.000034 0.000000 0.000000 -0.314102
    64 -0.088736 -0.688435 -0.145203 2.930407 -0.136130 0.513013
    65 1.712069 -0.003328 -0.000088 -0.017175 -0.021185 1.013649
    66 -0.000580 0.100145 -0.000311 -0.010912 0.023129 -0.260841
    67 -0.146030 -0.232426 -0.014225 3.028455 -0.094299 0.113020
    68 1.290632 0.000362 -0.000032 -0.066898 0.043108 -0.235949
    69 -0.658121 -0.003575 0.072645 -0.142711 0.027792 -0.077299
    70 1.868080 -0.003049 0.006083 0.000027 0.000027 1.013666
    71 1.200079 0.399944 -0.000093 0.009465 -0.016087 0.007127
    72 0.000591 0.100342 0.000319 0.120035 0.021926 -0.209617
    73 0.068077 0.002285 -0.080050 3.111376 -0.069366 -0.060847
    74 2.007813 -0.000882 -0.000381 -0.000043 0.000037 1.417990
    75 0.000229 0.099802 0.000395 0.018823 -0.010833 -0.239219
    76 -0.018673 -0.001009 0.047544 3.109244 0.002635 -0.106673
    77 1.178665 0.001595 0.000845 0.000078 -0.000024 0.546573
    78 -0.000198 0.099628 0.000034 0.000000 0.000000 -0.314102
    79 0.036892 -0.634449 0.266284 -2.801062 0.174301 0.490914
    80 1.708008 0.000724 0.000199 0.000056 -0.000025 0.840846
    81 -0.000576 0.100136 0.000311 0.010912 -0.023129 -0.260841
    82 -0.003952 -0.281811 0.115047 -3.059162 0.089004 0.167964
    83 1.289627 0.003949 0.000061 0.219352 -0.013049 0.412716
    84 -0.171528 -0.018148 -0.099873 0.013484 -0.062184 -0.011780
    85 0.919434 -0.000299 -0.000418 0.000000 0.000000 0.165533
    86 -0.342617 0.053404 -0.025571 -2.909301 -0.017248 0.075276
    87 1.100231 -0.000930 -0.002434 0.000009 0.000014 -0.169975
    88 -0.384983 0.330998 0.006848 -3.087207 -0.018765 -0.184279
    89 0.679688 -0.001227 0.000443 0.000000 0.000000 0.160450
    90 -0.123848 0.072737 0.029507 2.898184 -0.060627 0.094834
    91 1.017166 -0.000154 -0.000252 -0.000023 -0.000014 -0.068545
    92 -0.344986 0.123129 0.143151 2.994981 0.012396 0.059140
    93 -0.730988 0.177046 0.039141 -0.123731 0.076518 -0.084310
    94 0.921993 0.001298 -0.000896 -0.000002 -0.000011 0.484986
    95 -0.124027 -0.052092 0.038496 3.077813 -0.008519 0.039229
    96 1.099609 0.000005 0.000469 0.000024 0.000052 0.880282
    97 -0.330082 0.160641 0.042780 3.128073 0.034033 -0.171236
    98 0.675854 0.005438 0.003272 -0.000034 0.000039 1.006524
    99 -0.019516 -0.016531 0.038578 -2.763781 0.050305 0.076828
    100 1.019531 -0.000026 -0.000397 0.000000 0.000000 1.057754
    101 -0.155312 0.130643 -0.021921 -3.022466 0.022433 -0.024903
    102 -0.252209 0.061937 -0.024914 -0.007671 -0.063171 -0.044392
    103 -0.085991 0.185203 -0.015180 -2.937063 -0.113970 -0.138991
    104 -0.286537 0.179852 0.024264 -3.109353 -0.049645 -0.029915
    105 -0.019489 0.147084 0.079203 2.893815 0.038585 -0.060594
    106 -0.046482 0.251898 0.129548 3.016165 0.077112 -0.042864
    107 0.039120 -0.040298 0.047739 3.084219 0.030470 -0.037414
    108 -0.233757 0.066630 0.001754 -3.133086 0.040141 -0.065413
    109 0.044266 0.020128 0.001684 -2.778763 -0.118872 -0.040488
    110 0.071495 0.074127 -0.048302 -3.035917 -0.059482 0.104366
    111 0.000000 0.000000 0.000000 0.000000 0.000000 -1.570796
    112 13.332438 -2.386792 -2.527421 -0.000474 -0.000375 0.000560
    113 1.414063 0.000000 2.341797 0.000000 0.000000 0.000000
    114 1.194336 0.000004 2.341797 0.000000 0.000000 0.000000
    115 4.441542 8.769799 -3.562609 0.207030 -0.871845 -1.551672
    116 -0.575999 -0.004000 0.701999 0.000000 0.000000 0.000000
    117 -0.222000 0.000000 2.060996 0.000000 0.000000 0.000000
    118 0.414999 0.000000 0.937998 0.000000 0.000000 0.000000
    119 1.086997 -0.554999 1.709997 0.000000 0.000000 -1.570755
    120 4.654990 0.000000 0.242000 0.000000 0.000000 0.000000
    121 -1.234999 2.354995 -2.038996 -1.607303 0.223150 -0.356359
    122 4.367991 0.000000 0.177000 0.000000 0.000000 0.000000
    123 0.537998 0.000000 -3.214993 0.000000 0.000000 0.000000
    124 -0.126000 0.000000 -1.241997 0.000000 0.000000 0.000000
    125 1.572997 0.000000 2.342995 0.000000 0.000000 0.000000
    126 1.201998 0.000000 2.375995 0.000000 0.000000 0.000000
    127 -1.451998 0.000000 -3.396993 0.000000 0.000000 0.000000
    128 3.501993 0.017000 3.580993 0.000000 -0.159168 0.000000
    129 0.000000 0.000000 0.000000 0.000000 0.000000 0.000000
    130 0.745997 0.090000 -0.642999 0.000000 0.000000 0.000000
    131 -0.716000 0.604999 0.624999 0.000000 0.000000 0.000000
    132 2.751994 0.107000 0.669999 0.000000 0.000000 0.000000
    133 3.184993 0.000000 1.365997 0.000000 0.000000 0.000000
    134 0.000000 0.000000 0.000000 0.000000 0.000000 0.000000
    135 -0.106000 0.000000 64.320000 0.000000 0.000000 0.000000
    136 0.000000 0.000000 0.000000 0.000000 0.000000 0.000000
    137 0.000000 0.000000 0.000000 0.000000 0.000000 0.000000
    138 23.461031 -2.383141 7.929757 -0.000509 -0.000352 0.000524
    139 0.106000 0.000000 -64.320000 0.000000 0.000000 0.000000
    140 0.000000 0.000000 0.000000 0.000000 0.000000 0.000000
    141 0.000000 0.000000 -4.867002 -3.141592 0.000000 -3.128591
    142 0.000000 0.000000 4.867000 -3.141592 0.000000 -3.128591
    143 4.000000 -6.500000 0.000000 0.000000 0.000000 0.000977
    144 -6.500000 0.000000 0.000000 0.000000 1.570796 0.000000
    145 1.000088 -0.000029 0.000000 0.000000 0.000000 0.000000
    146 17.162516 -0.000404 0.000000 0.000000 0.000000 0.119214
    147 9.999891 -0.000303 0.000000 0.000000 0.000000 0.000000
    148 1.000088 -0.000029 0.000000 0.000000 0.000000 0.000000
    149 17.162516 -0.000404 0.000000 0.000000 0.000000 0.119214
    150 9.499836 0.000212 0.000000 0.000000 0.000000 0.000000
    151 0.000000 0.000000 0.000000 0.000000 0.000000 0.000000
    152 17.749374 0.295515 0.000000 0.000000 0.000000 -1.158958
    153 0.017889 0.299792 0.000000 0.000000 0.000000 -0.059582
    154 12.283573 1.581456 -4.696000 1.462269 -0.086726 0.090185
    155 17.749376 0.295515 0.000000 0.000000 0.000000 -1.158958
    156 0.017889 0.299792 0.000000 0.000000 0.000000 -0.059582
    157 13.354000 0.000000 0.000000 0.000000 0.000000 -0.294101
    158 4.530998 0.000000 0.000000 0.000000 0.000000 0.000000
    159 0.000000 0.000000 0.000000 0.000000 0.000000 0.000000
    160 5.413524 0.000347 0.000000 0.000000 0.000000 -0.518055
    161 5.413524 0.000347 0.000000 0.000000 0.000000 -0.518055
    162 4.662002 -5.366333 4.825191 1.569713 1.561305 -3.121213
    163 3.116966 -0.000443 0.000000 0.000000 0.000000 0.294101
    164 4.527344 0.000000 0.000000 0.000000 0.000000 0.000000
    165 -0.537999 0.000000 2.587000 0.000000 0.000000 0.000000
    166 -13.842860 2.576738 -58.428878 0.000469 -0.000090 -0.000565
    167 2.302999 0.000000 0.188000 0.000000 0.000000 0.000000
    168 6.748000 0.000000 0.546000 0.000000 0.000000 0.000000
    169 3.512001 -3.547000 -1.066000 0.000000 1.570796 0.000000
    170 3.456001 -3.517000 1.169000 0.000000 1.570796 0.000000
    171 6.233002 0.000000 0.000000 0.000000 0.000000 0.000000
    172 -0.171997 -0.106000 -0.902000 1.570713 1.029176 -3.134550
    173 6.241997 -6.380000 0.000000 0.000000 0.000000 0.000000
    174 3.999434 -0.000527 -0.000332 -0.607019 0.000018 0.000058
    175 3.999897 0.000041 0.001007 0.089106 0.000000 0.000000
    176 1.598000 0.000000 0.000000 0.000000 0.000000 0.000000
    177 -1.145525 0.000130 0.000668 0.000000 0.000000 0.000000
    178 2.299679 -2.499979 -0.599480 0.892020 0.221483 -0.527313
    179 10.174702 -2.779088 1.164967 1.709272 -0.331587 -0.219581
    180 -9.580683 -27.862110 -37.184666 0.812879 -0.123459 -0.568477
    181 0.649933 -0.548295 0.093651 -1.665913 -0.131399 -0.112062
    182 0.657077 0.008401 0.040371 -1.665945 -0.131407 -0.000013
    183 0.665776 0.747221 -0.029190 -1.665935 -0.131408 0.094976
    184 2.300138 -2.499413 0.600155 -0.891929 -0.221512 -0.527290
    185 11.365068 1.105308 3.752254 2.036514 -0.307328 0.198880
    186 2.762354 0.116951 1.523975 1.629482 0.064153 1.743800
    187 7.228319 7.928203 -3.925648 2.328713 0.123459 -0.568477
    188 0.650396 -0.547731 -0.092976 1.665913 0.131399 -0.112062
    189 0.657069 0.008398 -0.040379 1.665945 0.131407 -0.000013
    190 0.665777 0.747222 0.029182 1.665935 0.131408 0.094976
    191 -4.481003 -0.202000 0.000000 0.000000 0.000000 0.000000
    192 -5.516998 -0.291000 -0.001000 0.000000 0.000000 0.000000
    193 -0.857700 0.104071 0.104683 0.023536 0.163924 0.013632
    194 1.899119 0.000427 -0.000439 0.027386 -0.033311 0.477848
    195 1.799660 -0.000233 0.000231 0.027386 -0.033311 0.477848
    196 1.799660 -0.000233 0.000231 0.027386 -0.033311 0.477848
    197 1.799660 -0.000233 0.000231 0.027386 -0.033311 0.477848
    198 1.900313 -0.000137 -0.000516 0.027386 -0.033311 0.477848
    199 1.899433 -0.000317 -0.000151 -0.027386 0.033311 0.477848
    200 1.799662 -0.000233 -0.000233 -0.027386 0.033311 0.477848
    201 1.799662 -0.000233 -0.000233 -0.027386 0.033311 0.477848
    202 1.799662 -0.000233 -0.000233 -0.027386 0.033311 0.477848
    203 1.900723 0.000553 -0.000072 -0.027386 0.033311 0.477848
    204 0.599884 0.400187 -0.000031 0.000000 0.000000 0.000000
    205 0.599888 0.400187 0.000031 0.000000 0.000000 -3.141592
    206 0.599503 0.400696 0.000234 0.000000 0.000000 0.000000
    207 0.600399 0.399632 -0.000466 0.000000 0.000000 -3.141592
  time 39
    0 0.000000 0.000000 0.000000 0.000000 0.000000 -1.570796
    1 -0.106323 0.000000 -0.000198 0.000000 0.000000 0.000000
    2 0.000000 0.000000 0.000000 0.000000 0.000000 0.000000
    3 -0.904000 0.000000 -11.806000 0.000000 0.000000 0.000000
    4 0.000000 0.000000 -14.313999 0.000000 -1.570796 1.570857
    5 3.533001 0.000000 0.000000 0.000000 0.000000 0.000000
    6 6.250000 0.000000 0.000000 0.000000 0.000000 0.000000
    7 9.890625 5.437500 -0.533203 -1.153277 1.547377 -1.153364
    8 9.664063 5.210938 2.978516 0.044783 -1.073398 -0.039574
    9 5.790726 0.002787 -0.000113 -0.662854 0.225187 -1.516154
    10 5.999492 -0.000592 -4.000343 0.000000 0.000000 0.000000
    11 5.791316 0.006489 0.000893 1.303304 -0.576183 -1.670824
    12 5.999492 -0.000592 4.000336 0.000000 0.000000 0.000000
    13 0.500225 0.000133 -0.000088 -0.108626 0.000000 0.000000
    14 11.534559 0.004255 -0.001312 -0.000017 0.000009 -1.015391
    15 -0.829338 0.893824 0.079659 -0.148839 0.047645 0.087266
    16 0.500225 0.000132 0.000076 -0.302778 0.000000 0.000000
    17 11.536401 0.004432 -0.000089 0.000006 -0.000022 -1.386252
    18 -0.829586 0.894698 -0.079464 0.045377 -0.019621 0.087266
    19 10.599884 0.000105 -0.000553 -1.213999 0.000012 0.000048
    20 0.158729 -0.282994 -0.000805 0.000000 0.000011 0.507695
    21 11.042057 -0.000189 0.004704 -1.006107 0.202605 0.681598
    22 -1.214832 0.203470 -0.477489 -0.135025 -0.078677 -0.001289
    23 10.599880 0.000105 0.000549 0.178254 0.000000 0.000000
    24 0.338420 -0.407997 0.000801 0.000000 -0.000011 0.693122
    25 11.041742 0.003171 -0.000571 0.175883 0.600497 0.726698
    26 -1.063377 0.077663 0.150230 0.045121 0.020046 -0.012850
    27 0.610302 -0.939470 0.070343 -1.654790 -0.083571 -0.180446
    28 0.639940 -0.199121 0.060188 -1.665502 -0.069875 -0.072439
    29 0.600155 1.080261 -0.339535 -1.744070 0.106121 0.045497
    30 0.610207 0.400743 -0.010101 -1.761945 0.010520 0.028886
    31 0.634715 -0.693997 -0.236250 0.411026 0.086918 -1.024574
    32 -0.792125 0.203736 0.461300 1.439074 -0.003453 -0.018305
    33 0.610300 -0.939469 -0.070351 1.655301 0.140022 -0.175633
    34 0.639937 -0.199121 -0.060200 1.659528 0.202500 -0.040444
    35 0.600157 1.080259 0.339531 1.738023 -0.020790 0.107397
    36 0.610205 0.400743 0.010086 1.767175 0.146065 0.084305
    37 0.624002 -0.695300 0.232270 -0.854712 -0.350678 -0.976377
    38 -0.626031 -0.069983 -0.080517 -1.447153 0.086151 0.021559
    39 2.621377 -0.002532 -0.001438 -0.085280 -0.298184 0.821779
    40 2.664743 0.000397 -0.000071 -0.087628 -0.136082 1.023437
    41 2.206394 0.003368 -0.006769 -0.089491 -0.143212 1.068821
    42 0.599952 0.959240 -0.300102 -0.174544 0.000000 0.000000
    43 2.553283 -0.005873 0.006359 0.000396 -0.126858 1.058029
    44 2.095024 -0.003873 -0.002193 -0.627913 0.030002 0.680863
    45 1.000000 0.000543 -1.070313 -0.000001 0.000000 0.000000
    46 -0.122639 -0.721856 0.661690 -0.486644 0.223964 0.243056
    47 2.622113 -0.000648 0.002741 0.248983 0.517295 0.335976
    48 2.658203 0.000780 0.000160 0.668586 0.306979 1.162188
    49 2.199219 0.000515 -0.000119 0.505439 -0.145576 1.217274
    50 0.599951 0.959244 0.300102 0.174544 0.000000 0.000000
    51 2.558594 -0.000151 -0.000029 0.544724 0.124360 1.290930
    52 2.103851 0.005614 -0.001014 0.819387 -0.369554 0.538990
    53 0.999374 -0.000237 1.178111 0.292927 0.028379 0.134647
    54 0.310846 -0.606445 -0.498005 0.308107 -0.197598 0.313976
    55 1.873069 -0.004741 -0.000994 -0.000007 0.000004 1.282729
    56 1.200941 0.399582 -0.000237 -0.009465 0.016087 0.007127
    57 0.000586 0.100342 -0.000319 -0.120035 -0.021926 -0.209617
    58 -0.161663 0.051712 0.194808 -2.941982 0.122408 -0.060194
    59 2.010092 -0.007109 -0.003377 0.000018 0.000013 1.294938
    60 0.000240 0.099802 -0.000395 -0.018823 0.010833 -0.239219
    61 -0.203197 0.048607 0.069150 -3.093332 0.033217 -0.046722
    62 1.180428 -0.006214 0.000780 -0.000014 0.000000 0.672872
    63 -0.000196 0.099625 -0.000034 0.000000 0.000000 -0.314102
    64 -0.088736 -0.688435 -0.145203 2.930407 -0.136130 0.513013
    65 1.712069 -0.003328 0.003818 -0.017187 -0.021173 1.013649
    66 -0.000580 0.100145 -0.000311 -0.010912 0.023129 -0.260841
    67 -0.146030 -0.232426 -0.014225 3.028455 -0.094299 0.113020
    68 1.290632 0.000362 -0.000032 -0.066886 0.043108 -0.235949
    69 -0.658121 -0.003575 0.072645 -0.142711 0.027792 -0.077299
    70 1.868080 -0.003049 0.006083 0.000039 0.000039 1.013666
    71 1.200079 0.399944 -0.000093 0.009465 -0.016087 0.007127
    72 0.000591 0.100342 0.000319 0.120035 0.021926 -0.209617
    73 0.068077 0.002285 -0.080050 3.111376 -0.069366 -0.060847
    74 2.007813 -0.000882 -0.000381 -0.000043 0.000037 1.417990
    75 0.000229 0.099802 0.000395 0.018823 -0.010833 -0.239219
    76 -0.018673 -0.001009 0.047544 3.109244 0.002635 -0.106673
    77 1.178665 0.001595 0.000845 0.000078 -0.000024 0.546573
    78 -0.000198 0.099628 0.000034 0.000000 0.000000 -0.314102
    79 0.036892 -0.634449 0.266284 -2.801062 0.174301 0.490914
    80 1.708008 0.000724 0.000199 0.000056 -0.000025 0.840846
    81 -0.000576 0.100136 0.000311 0.010912 -0.023129 -0.260841
    82 -0.003952 -0.281811 0.115047 -3.059162 0.089004 0.167964
    83 1.289627 0.003949 0.000061 0.219340 -0.013037 0.412716
    84 -0.171528 -0.018148 -0.099873 0.013484 -0.062184 -0.011780
    85 0.919434 -0.000299 -0.000418 0.000000 0.000000 0.165533
    86 -0.342617 0.053404 -0.025571 -2.909301 -0.017248 0.075276
    87 1.100231 -0.000930 -0.002434 0.000009 0.000014 -0.169975
    88 -0.384983 0.330998 0.006848 -3.087207 -0.018765 -0.184279
    89 0.679688 -0.001227 0.000443 0.000000 0.000000 0.160450
    90 -0.123848 0.072737 0.029507 2.898184 -0.060627 0.094834
    91 1.017166 -0.000154 -0.000252 -0.000023 -0.000014 -0.068545
    92 -0.344986 0.123129 0.143151 2.994981 0.012396 0.059140
    93 -0.730988 0.177046 0.039141 -0.123731 0.076518 -0.084310
    94 0.925900 0.001298 -0.000896 -0.000002 -0.000011 0.484986
    95 -0.124027 -0.052092 0.038496 3.077813 -0.008519 0.039229
    96 1.099609 0.000005 0.000469 0.000024 0.000052 0.880282
    97 -0.330082 0.160641 0.042780 3.128073 0.034033 -0.171236
    98 0.675854 0.005438 0.003272 -0.000034 0.000039 1.006524
    99 -0.019516 -0.016531 0.038578 -2.763781 0.050305 0.076828
    100 1.019531 -0.000026 -0.000397 0.000000 0.000000 1.057754
    101 -0.155312 0.130643 -0.021921 -3.022466 0.022433 -0.024903
    102 -0.252209 0.061937 -0.024914 -0.007671 -0.063171 -0.044392
    103 -0.085991 0.185203 -0.015180 -2.937063 -0.113970 -0.138991
    104 -0.286537 0.179852 0.024264 -3.109353 -0.049645 -0.029915
    105 -0.019489 0.147084 0.079203 2.893815 0.038585 -0.060594
    106 -0.046482 0.251898 0.129548 3.016165 0.077112 -0.042864
    107 0.039120 -0.040298 0.047739 3.084219 0.030470 -0.037414
    108 -0.233757 0.066630 0.001754 -3.133086 0.040141 -0.065413
    109 0.044266 0.020128 0.001684 -2.778763 -0.118872 -0.040488
    110 0.071495 0.074127 -0.048302 -3.035917 -0.059482 0.104366
    111 0.000000 0.000000 0.000000 0.000000 0.000000 -1.570796
    112 13.332438 -2.386792 -2.539140 -0.000095 0.000047 0.000000
    113 1.414063 0.000000 2.341797 0.000000 0.000000 0.000000
    114 1.194336 0.000004 2.341797 0.000000 0.000000 0.000000
    115 4.449355 8.769799 -3.554796 0.207783 -0.871375 -1.552984
    116 -0.575999 -0.004000 0.701999 0.000000 0.000000 0.000000
    117 -0.222000 0.000000 2.060996 0.000000 0.000000 0.000000
    118 0.414999 0.000000 0.937998 0.000000 0.000000 0.000000
    119 1.086997 -0.554999 1.709997 0.000000 0.000000 -1.570755
    120 4.654990 0.000000 0.242000 0.000000 0.000000 0.000000
    121 -1.234999 2.354995 -2.038996 -1.607303 0.223150 -0.356359
    122 4.367991 0.000000 0.177000 0.000000 0.000000 0.000000
    123 0.537998 0.000000 -3.214993 0.000000 0.000000 0.000000
    124 -0.126000 0.000000 -1.241997 0.000000 0.000000 0.000000
    125 1.572997 0.000000 2.342995 0.000000 0.000000 0.000000
    126 1.201998 0.000000 2.375995 0.000000 0.000000 0.000000
    127 -1.451998 0.000000 -3.396993 0.000000 0.000000 0.000000
    128 3.501993 0.017000 3.580993 0.000000 -0.159168 0.000000
    129 0.000000 0.000000 0.000000 0.000000 0.000000 0.000000
    130 0.745997 0.090000 -0.642999 0.000000 0.000000 0.000000
    131 -0.716000 0.604999 0.624999 0.000000 0.000000 0.000000
    132 2.751994 0.107000 0.669999 0.000000 0.000000 0.000000
    133 3.184993 0.000000 1.365997 0.000000 0.000000 0.000000
    134 0.000000 0.000000 0.000000 0.000000 0.000000 0.000000
    135 -0.106000 0.000000 64.320000 0.000000 0.000000 0.000000
    136 0.000000 0.000000 0.000000 0.000000 0.000000 0.000000
    137 0.000000 0.000000 0.000000 0.000000 0.000000 0.000000
    138 23.461031 -2.383141 7.918037 -0.000130 0.000069 0.000057
    139 0.106000 0.000000 -64.320000 0.000000 0.000000 0.000000
    140 0.000000 0.000000 0.000000 0.000000 0.000000 0.000000
    141 0.000000 0.000000 -4.867002 -3.141592 0.000000 -3.128591
    142 0.000000 0.000000 4.867000 -3.141592 0.000000 -3.128591
    143 4.000000 -6.500000 0.000000 0.000000 0.000000 0.000977
    144 -6.500000 0.000000 0.000000 0.000000 1.570796 0.000000
    145 1.000088 -0.000029 0.000000 0.000000 0.000000 0.000000
    146 17.162516 -0.000404 0.000000 0.000000 0.000000 0.119214
    147 9.999891 -0.000303 0.000000 0.000000 0.000000 0.000000
    148 1.000088 -0.000029 0.000000 0.000000 0.000000 0.000000
    149 17.162516 -0.000404 0.000000 0.000000 0.000000 0.119214
    150 9.499836 0.000212 0.000000 0.000000 0.000000 0.000000
    151 0.000000 0.000000 0.000000 0.000000 0.000000 0.000000
    152 17.749374 0.295515 0.000000 0.000000 0.000000 -1.158958
    153 0.017889 0.299792 0.000000 0.000000 0.000000 -0.059582
    154 12.283573 1.581456 -4.696000 1.462269 -0.086726 0.090185
    155 17.749376 0.295515 0.000000 0.000000 0.000000 -1.158958
    156 0.017889 0.299792 0.000000 0.000000 0.000000 -0.059582
    157 13.354000 0.000000 0.000000 0.000000 0.000000 -0.294101
    158 4.530998 0.000000 0.000000 0.000000 0.000000 0.000000
    159 0.000000 0.000000 0.000000 0.000000 0.000000 0.000000
    160 5.413524 0.000347 0.000000 0.000000 0.000000 -0.518055
    161 5.413524 0.000347 0.000000 0.000000 0.000000 -0.518055
    162 4.662002 -5.366333 4.825191 1.569713 1.561305 -3.121213
    163 3.116966 -0.000443 0.000000 0.000000 0.000000 0.294101
    164 4.527344 0.000000 0.000000 0.000000 0.000000 0.000000
    165 -0.537999 0.000000 2.587000 0.000000 0.000000 0.000000
    166 -13.854580 2.553300 -58.428878 0.000000 0.000000 0.000000
    167 2.302999 0.000000 0.188000 0.000000 0.000000 0.000000
    168 6.748000 0.000000 0.546000 0.000000 0.000000 0.000000
    169 3.512001 -3.547000 -1.066000 0.000000 1.570796 0.000000
    170 3.456001 -3.517000 1.169000 0.000000 1.570796 0.000000
    171 6.233002 0.000000 0.000000 0.000000 0.000000 0.000000
    172 -0.171997 -0.106000 -0.902000 1.570713 1.029176 -3.134550
    173 6.241997 -6.380000 0.000000 0.000000 0.000000 0.000000
    174 3.999434 -0.000527 -0.000332 -0.607019 0.000018 0.000058
    175 3.999897 0.000041 0.001007 0.089145 0.000000 0.000000
    176 1.598000 0.000000 0.000000 0.000000 0.000000 0.000000
    177 -1.145525 0.000130 0.000668 0.000000 0.000000 0.000000
    178 2.299679 -2.499979 -0.599480 0.892020 0.221483 -0.527313
    179 10.174702 -2.779088 1.164967 1.709272 -0.331587 -0.219581
    180 -9.580683 -27.862110 -37.184666 0.812879 -0.123459 -0.568477
    181 0.649933 -0.548295 0.093651 -1.665913 -0.131399 -0.112062
    182 0.657077 0.008401 0.040371 -1.665945 -0.131407 -0.000013
    183 0.665776 0.747221 -0.029190 -1.665935 -0.131408 0.094976
    184 2.300138 -2.499413 0.600155 -0.891929 -0.221512 -0.527290
    185 11.365068 1.105308 3.752254 2.036514 -0.307328 0.198880
    186 2.762354 0.116951 1.523975 1.629482 0.064153 1.743800
    187 7.228319 7.928203 -3.925648 2.328713 0.123459 -0.568477
    188 0.650396 -0.547731 -0.092976 1.665913 0.131399 -0.112062
    189 0.657069 0.008398 -0.040379 1.665945 0.131407 -0.000013
    190 0.665777 0.747222 0.029182 1.665935 0.131408 0.094976
    191 -4.481003 -0.202000 0.000000 0.000000 0.000000 0.000000
    192 -5.516998 -0.291000 -0.001000 0.000000 0.000000 0.000000
    193 -0.857700 0.104071 0.104683 0.023536 0.163924 0.013632
    194 1.899119 0.000427 -0.000439 0.027386 -0.033311 0.477848
    195 1.799660 -0.000233 0.000231 0.027386 -0.033311 0.477848
    196 1.799660 -0.000233 0.000231 0.027386 -0.033311 0.477848
    197 1.799660 -0.000233 0.000231 0.027386 -0.033311 0.477848
    198 1.900313 -0.000137 -0.000516 0.027386 -0.033311 0.477848
    199 1.899433 -0.000317 -0.000151 -0.027386 0.033311 0.477848
    200 1.799662 -0.000233 -0.000233 -0.027386 0.033311 0.477848
    201 1.799662 -0.000233 -0.000233 -0.027386 0.033311 0.477848
    202 1.799662 -0.000233 -0.000233 -0.027386 0.033311 0.477848
    203 1.900723 0.000553 -0.000072 -0.027386 0.033311 0.477848
    204 0.599884 0.400187 -0.000031 0.000000 0.000000 0.000000
    205 0.599888 0.400187 0.000031 0.000000 0.000000 -3.141592
    206 0.599503 0.400696 0.000234 0.000000 0.000000 0.000000
    207 0.600399 0.399632 -0.000466 0.000000 0.000000 -3.141592
end
