// Created by Crowbar 0.74
version 1
nodes
  0 "tag_origin" -1
  1 "tag_view" 0
  2 "tag_ads" 1
  3 "tag_torso" 2
  4 "j_mainroot" 3
  5 "j_spinelower" 4
  6 "j_spineupper" 5
  7 "j_clavicle_le" 6
  8 "j_clavicle_ri" 6
  9 "j_shoulder_le" 7
  10 "j_teres_le" 7
  11 "j_shoulder_ri" 8
  12 "j_teres_ri" 8
  13 "j_shouldertwist_le" 9
  14 "j_elbow_le" 9
  15 "ValveBiped.Bip01_L_UpperArm" 9
  16 "j_shouldertwist_ri" 11
  17 "j_elbow_ri" 11
  18 "ValveBiped.Bip01_R_UpperArm" 11
  19 "j_wristfronttwist1_le" 14
  20 "j_elbowdq_le" 14
  21 "j_wrist_le" 14
  22 "ValveBiped.Bip01_L_Forearm" 14
  23 "j_wristfronttwist1_ri" 17
  24 "j_elbowdq_ri" 17
  25 "j_wrist_ri" 17
  26 "ValveBiped.Bip01_R_Forearm" 17
  27 "j_metaindex_le_1" 21
  28 "j_metamid_le_1" 21
  29 "j_metapinky_le_1" 21
  30 "j_metaring_le_1" 21
  31 "j_thumb_le_1" 21
  32 "ValveBiped.Bip01_L_Hand" 21
  33 "j_metaindex_ri_1" 25
  34 "j_metamid_ri_1" 25
  35 "j_metapinky_ri_1" 25
  36 "j_metaring_ri_1" 25
  37 "j_thumb_ri_1" 25
  38 "ValveBiped.Bip01_R_Hand" 25
  39 "j_index_le_1" 27
  40 "j_mid_le_1" 28
  41 "j_pinky_le_1" 29
  42 "j_webbing_le_3" 29
  43 "j_ring_le_1" 30
  44 "j_thumb_le_2" 31
  45 "j_webbing_le_2" 31
  46 "ValveBiped.Bip01_L_Finger0" 31
  47 "j_index_ri_1" 33
  48 "j_mid_ri_1" 34
  49 "j_pinky_ri_1" 35
  50 "j_webbing_ri_3" 35
  51 "j_ring_ri_1" 36
  52 "j_thumb_ri_2" 37
  53 "j_webbing_ri_2" 37
  54 "ValveBiped.Bip01_R_Finger0" 37
  55 "j_index_le_2" 39
  56 "j_indexbulge_le_1" 39
  57 "j_proc_index_le_1" 39
  58 "ValveBiped.Bip01_L_Finger1" 39
  59 "j_mid_le_2" 40
  60 "j_proc_mid_le_1" 40
  61 "ValveBiped.Bip01_L_Finger2" 40
  62 "j_pinky_le_2" 41
  63 "j_proc_pinky_le_1" 41
  64 "ValveBiped.Bip01_L_Finger4" 41
  65 "j_ring_le_2" 43
  66 "j_proc_ring_le_1" 43
  67 "ValveBiped.Bip01_L_Finger3" 43
  68 "j_thumb_le_3" 44
  69 "ValveBiped.Bip01_L_Finger01" 44
  70 "j_index_ri_2" 47
  71 "j_indexbulge_ri_1" 47
  72 "j_proc_index_ri_1" 47
  73 "ValveBiped.Bip01_R_Finger1" 47
  74 "j_mid_ri_2" 48
  75 "j_proc_mid_ri_1" 48
  76 "ValveBiped.Bip01_R_Finger2" 48
  77 "j_pinky_ri_2" 49
  78 "j_proc_pinky_ri_1" 49
  79 "ValveBiped.Bip01_R_Finger4" 49
  80 "j_ring_ri_2" 51
  81 "j_proc_ring_ri_1" 51
  82 "ValveBiped.Bip01_R_Finger3" 51
  83 "j_thumb_ri_3" 52
  84 "ValveBiped.Bip01_R_Finger01" 52
  85 "j_index_le_3" 55
  86 "ValveBiped.Bip01_L_Finger11" 55
  87 "j_mid_le_3" 59
  88 "ValveBiped.Bip01_L_Finger21" 59
  89 "j_pinky_le_3" 62
  90 "ValveBiped.Bip01_L_Finger41" 62
  91 "j_ring_le_3" 65
  92 "ValveBiped.Bip01_L_Finger31" 65
  93 "ValveBiped.Bip01_L_Finger02" 68
  94 "j_index_ri_3" 70
  95 "ValveBiped.Bip01_R_Finger11" 70
  96 "j_mid_ri_3" 74
  97 "ValveBiped.Bip01_R_Finger21" 74
  98 "j_pinky_ri_3" 77
  99 "ValveBiped.Bip01_R_Finger41" 77
  100 "j_ring_ri_3" 80
  101 "ValveBiped.Bip01_R_Finger31" 80
  102 "ValveBiped.Bip01_R_Finger02" 83
  103 "ValveBiped.Bip01_L_Finger12" 85
  104 "ValveBiped.Bip01_L_Finger22" 87
  105 "ValveBiped.Bip01_L_Finger42" 89
  106 "ValveBiped.Bip01_L_Finger32" 91
  107 "ValveBiped.Bip01_R_Finger12" 94
  108 "ValveBiped.Bip01_R_Finger22" 96
  109 "ValveBiped.Bip01_R_Finger42" 98
  110 "ValveBiped.Bip01_R_Finger32" 100
  111 "ValveBiped.Anim_Attachment_RH" -1
  112 "tag_pistol_offset" 111
  113 "j_gun" -1
  114 "tag_align_gun" 112
  115 "tag_barrel_attach" 112
  116 "j_barrel" 115
  117 "tag_flash" 116
  118 "j_slide" 115
  119 "tag_reflex" 118
  120 "tag_scope" 118
  121 "tag_sight_on" 118
  122 "tag_brass" 112
  123 "tag_laser_attach" 112
  124 "tag_mag_attach" 112
  125 "j_mag1" 124
  126 "j_bullet" 125
  127 "j_mag2" 124
  128 "tag_stock_attach" 112
  129 "j_trigger" 128
  130 "tag_trigger_hide" 129
  131 "j_golf21_magrel" 112
  132 "tag_sync" 0
  133 "tag_camera_scripted" 0
  134 "tag_cambone" 1
  135 "tag_camera" 134
  136 "tag_weapon" 3
  137 "tag_player" 135
  138 "tag_playerhelmet" 135
  139 "j_hip_le" 4
  140 "j_hip_ri" 4
  141 "j_groinprotector" 4
  142 "j_crotch" 4
  143 "j_hiptwist_le" 139
  144 "j_knee_le" 139
  145 "j_hip_proc_le" 139
  146 "j_hiptwist_ri" 140
  147 "j_knee_ri" 140
  148 "j_hip_proc_ri" 140
  149 "j_proc_spinelower" 5
  150 "j_ankle_le" 144
  151 "j_kneedq_le" 144
  152 "tag_stowed_thigh" 146
  153 "j_ankle_ri" 147
  154 "j_kneedq_ri" 147
  155 "j_neck" 6
  156 "j_spine4" 6
  157 "j_proc_spineupper" 6
  158 "j_ball_le" 150
  159 "j_ball_ri" 153
  160 "tag_carry_attach" 7
  161 "j_head" 155
  162 "j_chest" 156
  163 "j_eyeball_le" 161
  164 "j_eyeball_ri" 161
  165 "j_head_end" 161
  166 "j_jaw" 161
  167 "j_nvg" 161
  168 "j_shield_le" 14
  169 "j_shield_ri" 17
  170 "j_helmet" 165
  171 "j_proc_wristfronttwist1_le" 19
  172 "j_webbing_le_1" 21
  173 "tag_weapon_left" 21
  174 "tag_accessory_left" 21
  175 "j_proc_metaindex_le_1" 21
  176 "j_proc_metaknuckle_le_1" 21
  177 "j_proc_metapinky_le_1" 21
  178 "j_webbing_ri_1" 25
  179 "tag_weapon_right" 25
  180 "tag_knife_attach2" 25
  181 "tag_accessory_right" 25
  182 "j_proc_metaindex_ri_1" 25
  183 "j_proc_metaknuckle_ri_1" 25
  184 "j_proc_metapinky_ri_1" 25
  185 "j_visor" 170
  186 "j_visor_inner" 170
  187 "tag_wrist_attach_le" 171
  188 "j_proc_metaindex_le_2" 175
  189 "j_proc_knuckle_le_1" 176
  190 "j_proc_idle_knuckle_le_1" 176
  191 "j_proc_orient_knuckle_le_1" 176
  192 "j_proc_metapinky_le_2" 177
  193 "j_proc_metaindex_ri_2" 182
  194 "j_proc_knuckle_ri_1" 183
  195 "j_proc_idle_knuckle_ri_1" 183
  196 "j_proc_orient_knuckle_ri_1" 183
  197 "j_proc_metapinky_ri_2" 184
  198 "j_thumb_le_4" 68
  199 "j_thumb_ri_4" 83
  200 "j_index_le_4" 85
  201 "j_index_ri_4" 94
end
skeleton
  time 0
    0 0.000000 0.000000 0.000000 0.000000 0.000000 -1.570796
    1 -0.106323 0.000000 -0.000198 0.000000 0.000000 0.000000
    2 0.000000 0.000000 0.000000 0.000000 0.000000 0.000000
    3 -0.904000 0.000000 -11.806000 0.000000 0.000000 0.000000
    4 0.000000 0.000000 -14.313999 0.000000 -1.570796 1.570857
    5 3.533001 0.000000 0.000000 0.000000 0.000000 0.000000
    6 6.250000 0.000000 0.000000 0.000000 0.000000 0.000000
    7 4.123472 7.820576 -0.229124 -1.153277 1.547377 -1.153364
    8 10.979150 9.125304 5.440233 0.056494 -1.182300 -0.052487
    9 5.790726 0.002787 -0.000113 -1.000649 0.062155 -1.691206
    10 5.999492 -0.000592 -4.000343 0.000000 0.000000 0.000000
    11 5.791316 0.002582 0.004799 1.599201 -0.217292 -1.990475
    12 5.999492 -0.000592 4.000336 0.000000 0.000000 0.000000
    13 0.500225 0.000133 -0.000088 0.128480 0.000000 0.000000
    14 11.534559 0.004255 -0.001312 -0.000017 0.000009 -0.637906
    15 -0.829338 0.893824 0.079659 -0.148839 0.047645 0.087266
    16 0.500225 0.000132 0.000076 -0.557601 0.000000 0.000000
    17 11.536401 0.000526 -0.000089 0.000006 -0.000022 -0.394651
    18 -0.829586 0.894698 -0.079464 0.045377 -0.019621 0.087266
    19 10.599884 0.000105 -0.000553 -1.094262 0.000012 0.000036
    20 0.096227 -0.279087 -0.000805 0.000000 0.000011 0.318998
    21 11.042057 -0.000189 0.000798 -0.955532 0.081405 0.647819
    22 -1.214832 0.203470 -0.477489 -0.135025 -0.078677 -0.001289
    23 10.599880 0.000105 0.000549 -0.282540 0.000000 -0.000048
    24 0.064974 -0.290806 0.000801 0.000000 -0.000011 0.197310
    25 11.041742 0.003171 -0.000571 -0.351125 0.634099 -0.098417
    26 -1.063377 0.077663 0.150230 0.045121 0.020046 -0.012850
    27 0.610302 -0.939470 0.070343 -1.654689 -0.083607 -0.180410
    28 0.639940 -0.199121 0.060188 -1.665350 -0.069911 -0.072307
    29 0.600155 1.080261 -0.339535 -1.744017 0.106085 0.045616
    30 0.610207 0.400743 -0.010101 -1.761945 0.010568 0.029006
    31 0.634715 -0.693997 -0.232343 0.059931 -0.073967 -0.756819
    32 -0.792125 0.203736 0.461300 1.439074 -0.003453 -0.018305
    33 0.610300 -0.939469 -0.070351 1.655384 0.140025 -0.175537
    34 0.639937 -0.199121 -0.060200 1.671282 0.183109 -0.036771
    35 0.600157 1.080259 0.339531 1.741685 0.106920 0.153702
    36 0.610205 0.400743 0.010086 1.766615 0.125838 0.080304
    37 0.624002 -0.695300 0.232270 -0.769684 -0.597311 -0.932682
    38 -0.626031 -0.069983 -0.080517 -1.447153 0.086151 0.021559
    39 2.621377 -0.002532 -0.001438 -0.430303 -0.140705 0.893715
    40 2.664743 0.000397 -0.000071 -0.298945 0.030160 1.083906
    41 2.206394 0.003368 -0.002863 -0.280538 0.067906 0.963381
    42 0.599952 0.959240 -0.300102 -0.174544 0.000000 0.000000
    43 2.557190 -0.005873 0.006359 -0.193028 0.063230 1.091395
    44 2.095024 -0.003873 -0.006100 -0.235205 0.301130 0.566366
    45 0.999380 -0.000236 -1.240621 -0.000001 0.000000 0.000000
    46 -0.122639 -0.721856 0.661690 -0.486644 0.223964 0.243056
    47 2.622113 -0.000648 0.002741 0.117997 0.486087 0.316410
    48 2.658203 0.000780 0.000161 0.328288 0.324445 0.981184
    49 2.199219 0.000516 -0.000122 0.262846 0.022920 1.089811
    50 0.599951 0.959244 0.300102 0.174544 0.000000 0.000000
    51 2.558594 -0.000149 -0.000031 0.266888 0.214957 1.052934
    52 2.103851 0.005614 -0.001014 0.463747 -0.431502 0.729549
    53 0.999374 -0.000237 1.307021 0.000048 0.000000 0.736314
    54 0.310846 -0.606445 -0.498005 0.308107 -0.197598 0.313976
    55 1.869163 -0.004741 -0.000994 -0.000019 0.000004 0.755146
    56 1.200941 0.399582 -0.000237 -0.009465 0.016087 0.007127
    57 0.000586 0.100342 -0.000319 -0.120035 -0.021926 -0.209617
    58 -0.161663 0.051712 0.194808 -2.941982 0.122408 -0.060194
    59 2.010092 -0.007109 -0.003377 0.000018 0.000013 0.808183
    60 0.000240 0.099802 -0.000395 -0.018823 0.010833 -0.239219
    61 -0.203197 0.048607 0.069150 -3.093332 0.033217 -0.046722
    62 1.180428 -0.006214 0.000780 -0.000014 0.000000 0.586083
    63 -0.000196 0.099625 -0.000034 0.000000 0.000000 -0.314102
    64 -0.088736 -0.688435 -0.145203 2.930407 -0.136130 0.513013
    65 1.715976 -0.003328 0.003818 0.000023 -0.000021 0.684681
    66 -0.000580 0.100145 -0.000311 -0.010914 0.023131 -0.260841
    67 -0.146030 -0.232426 -0.014225 3.028455 -0.094299 0.113020
    68 1.290632 0.000362 -0.000032 -0.000048 0.000000 -0.148104
    69 -0.658121 -0.003575 0.072645 -0.142711 0.027792 -0.077299
    70 1.868080 -0.003049 0.006083 0.000027 0.000039 0.815697
    71 1.200079 0.399944 -0.000093 0.009465 -0.016087 0.007127
    72 0.000591 0.100342 0.000319 0.120035 0.021926 -0.209617
    73 0.068077 0.002285 -0.080050 3.111376 -0.069366 -0.060847
    74 2.007813 -0.000882 -0.000381 0.000049 -0.000037 1.297777
    75 0.000229 0.099802 0.000395 0.018823 -0.010833 -0.239219
    76 -0.018673 -0.001009 0.047544 3.109244 0.002635 -0.106673
    77 1.178665 0.001595 0.000845 -0.000038 0.000078 0.669112
    78 -0.000198 0.099628 0.000034 0.000000 0.000000 -0.314102
    79 0.036892 -0.634449 0.266284 -2.801062 0.174301 0.490914
    80 1.708008 0.000721 0.000200 0.000000 0.000000 1.071623
    81 -0.000576 0.100136 0.000311 0.010912 -0.023129 -0.260841
    82 -0.003952 -0.281811 0.115047 -3.059162 0.089004 0.167964
    83 1.289627 0.003949 0.000061 -0.000014 0.000003 0.465435
    84 -0.171528 -0.018148 -0.099873 0.013484 -0.062184 -0.011780
    85 0.912716 0.007240 0.001326 0.000019 0.000021 0.884372
    86 -0.342617 0.053404 -0.025571 -2.909301 -0.017248 0.075276
    87 1.100231 -0.000930 -0.002434 0.000009 0.000014 0.361693
    88 -0.384983 0.330998 0.006848 -3.087207 -0.018765 -0.184279
    89 0.678146 0.006192 0.000002 -0.000078 -0.000007 0.367662
    90 -0.123848 0.072737 0.029507 2.898184 -0.060627 0.094834
    91 1.017166 -0.000154 -0.000252 -0.000023 -0.000002 0.367184
    92 -0.344986 0.123129 0.143151 2.994981 0.012396 0.059140
    93 -0.730988 0.177046 0.039141 -0.123731 0.076518 -0.084310
    94 0.921993 0.001298 -0.000896 -0.000002 -0.000011 0.484929
    95 -0.124027 -0.052092 0.038496 3.077813 -0.008519 0.039229
    96 1.100430 -0.007458 0.000503 -0.000006 0.000018 0.904181
    97 -0.330082 0.160641 0.042780 3.128073 0.034033 -0.171236
    98 0.675854 0.001531 0.003272 0.000002 0.000003 0.945893
    99 -0.019516 -0.016531 0.038578 -2.763781 0.050305 0.076828
    100 1.018555 -0.000026 -0.000397 0.000000 0.000000 0.984486
    101 -0.155312 0.130643 -0.021921 -3.022466 0.022433 -0.024903
    102 -0.252209 0.061937 -0.024914 -0.007671 -0.063171 -0.044392
    103 -0.085991 0.185203 -0.015180 -2.937063 -0.113970 -0.138991
    104 -0.286537 0.179852 0.024264 -3.109353 -0.049645 -0.029915
    105 -0.019489 0.147084 0.079203 2.893815 0.038585 -0.060594
    106 -0.046482 0.251898 0.129548 3.016165 0.077112 -0.042864
    107 0.039120 -0.040298 0.047739 3.084219 0.030470 -0.037414
    108 -0.233757 0.066630 0.001754 -3.133086 0.040141 -0.065413
    109 0.044266 0.020128 0.001684 -2.778763 -0.118872 -0.040488
    110 0.071495 0.074127 -0.048302 -3.035917 -0.059482 0.104366
    111 0.000000 0.000000 0.000000 0.000000 0.000000 -1.570796
    112 13.668386 -1.121128 -5.035310 -0.356746 0.000094 0.000000
    113 4.629048 9.371380 -5.382977 0.097109 -0.818745 -1.436300
    114 -1.542000 0.000000 1.810000 0.000000 0.000000 0.000000
    115 5.561000 0.000000 1.165000 0.000000 0.000000 0.000000
    116 -1.912000 0.003000 0.278000 0.000000 0.000000 0.000000
    117 1.947000 -0.003000 -0.278000 0.000000 0.000000 0.000000
    118 -3.830000 0.003000 0.015000 0.000000 0.000000 0.000000
    119 -2.941000 -0.003000 0.381000 0.000000 0.000000 0.000000
    120 -2.941000 -0.003000 0.381000 0.000000 0.000000 0.000000
    121 -0.070000 -0.003000 0.481000 0.000000 0.000000 0.000000
    122 1.771000 -0.314000 1.250000 0.000000 0.000000 -1.570796
    123 3.818000 0.000000 -0.014000 0.000000 0.000000 0.000000
    124 -0.470000 0.000000 -3.437000 0.000000 0.000000 0.000000
    125 -0.024000 0.000000 3.200000 0.000000 0.305210 0.000000
    126 -0.055985 0.000000 1.166089 0.000000 -0.382459 0.000000
    127 -13.176745 21.930357 -51.653236 0.356944 0.000071 0.000000
    128 -2.238000 0.000000 -3.188000 0.000000 0.000000 0.000000
    129 3.319000 0.000000 3.458000 0.000000 -0.159168 0.000000
    130 0.000000 0.000000 0.000000 0.000000 0.000000 0.000000
    131 0.533000 0.511000 -0.841000 0.000000 0.000000 0.000000
    132 0.000000 0.000000 0.000000 0.000000 0.000000 0.000000
    133 -0.106000 0.000000 64.320000 0.000000 0.000000 0.000000
    134 0.000000 0.000000 0.000000 0.000000 0.000000 0.000000
    135 0.000000 0.000000 0.000000 0.000000 0.000000 0.000000
    136 23.464298 -1.550296 5.629150 -0.356905 0.000142 -0.000070
    137 0.106000 0.000000 -64.320000 0.000000 0.000000 0.000000
    138 0.000000 0.000000 0.000000 0.000000 0.000000 0.000000
    139 0.000000 0.000000 -4.867002 -3.141592 0.000000 -3.128591
    140 0.000000 0.000000 4.867000 -3.141592 0.000000 -3.128591
    141 4.000000 -6.500000 0.000000 0.000000 0.000000 0.000977
    142 -6.500000 0.000000 0.000000 0.000000 1.570796 0.000000
    143 1.000088 -0.000029 0.000000 0.000000 0.000000 0.000000
    144 17.162516 -0.000404 0.000000 0.000000 0.000000 0.119214
    145 9.999891 -0.000303 0.000000 0.000000 0.000000 0.000000
    146 1.000088 -0.000029 0.000000 0.000000 0.000000 0.000000
    147 17.162516 -0.000404 0.000000 0.000000 0.000000 0.119214
    148 9.499836 0.000212 0.000000 0.000000 0.000000 0.000000
    149 0.000000 0.000000 0.000000 0.000000 0.000000 0.000000
    150 17.749374 0.295515 0.000000 0.000000 0.000000 -1.158958
    151 0.017889 0.299792 0.000000 0.000000 0.000000 -0.059582
    152 12.283573 1.581456 -4.696000 1.462269 -0.086726 0.090185
    153 17.749376 0.295515 0.000000 0.000000 0.000000 -1.158958
    154 0.017889 0.299792 0.000000 0.000000 0.000000 -0.059582
    155 13.354000 0.000000 0.000000 0.000000 0.000000 -0.294101
    156 4.530998 0.000000 0.000000 0.000000 0.000000 0.000000
    157 0.000000 0.000000 0.000000 0.000000 0.000000 0.000000
    158 5.413524 0.000347 0.000000 0.000000 0.000000 -0.518055
    159 5.413524 0.000347 0.000000 0.000000 0.000000 -0.518055
    160 4.662001 -5.366332 4.825191 1.569713 1.561305 -3.121213
    161 3.116966 -0.000443 0.000000 0.000000 0.000000 0.294101
    162 4.531197 0.000000 0.000000 0.000000 0.000000 0.000000
    163 3.512001 -3.547000 -1.066000 0.000000 1.570796 0.000000
    164 3.456001 -3.517000 1.169000 0.000000 1.570796 0.000000
    165 6.233002 0.000000 0.000000 0.000000 0.000000 0.000000
    166 -0.171997 -0.106000 -0.902000 1.570713 1.029176 -3.134550
    167 6.241997 -6.380000 0.000000 0.000000 0.000000 0.000000
    168 3.999434 -0.000528 -0.000332 -0.547092 0.000000 0.000000
    169 3.999901 0.000039 0.001011 -0.141297 0.000000 0.000000
    170 1.598000 0.000000 0.000000 0.000000 0.000000 0.000000
    171 -1.145525 0.000130 0.000668 0.000000 0.000000 0.000000
    172 2.299679 -2.499978 -0.599480 0.892021 0.221512 -0.527234
    173 10.944507 -3.191482 -0.332317 1.597558 -0.146651 -0.183948
    174 -9.580675 -27.862104 -37.184681 0.812874 -0.123459 -0.568474
    175 0.649933 -0.548295 0.093651 -1.665913 -0.131399 -0.112062
    176 0.657078 0.008402 0.040371 -1.665945 -0.131407 -0.000013
    177 0.665776 0.747221 -0.029190 -1.665935 -0.131408 0.094976
    178 2.300137 -2.499413 0.600155 -0.891917 -0.221566 -0.527266
    179 11.962793 0.942966 3.328854 1.764063 -0.255053 0.173401
    180 2.762350 0.116951 1.523975 1.629482 0.064153 1.743800
    181 7.228321 7.928195 -3.925652 2.328643 0.123441 -0.568443
    182 0.650394 -0.547730 -0.092979 1.665913 0.131399 -0.112062
    183 0.657069 0.008399 -0.040379 1.665945 0.131407 -0.000013
    184 0.665772 0.747219 0.029182 1.665935 0.131408 0.094976
    185 -4.481003 -0.202000 0.000000 0.000000 0.000000 0.000000
    186 -5.516998 -0.291000 -0.001000 0.000000 0.000000 0.000000
    187 -0.857695 0.104072 0.104687 0.023536 0.163924 0.013632
    188 1.899119 0.000427 -0.000439 0.027386 -0.033311 0.477848
    189 1.799660 -0.000240 0.000231 0.027386 -0.033311 0.477848
    190 1.799660 -0.000240 0.000231 0.027386 -0.033311 0.477848
    191 1.799660 -0.000240 0.000231 0.027386 -0.033311 0.477848
    192 1.900312 -0.000137 -0.000517 0.027386 -0.033311 0.477848
    193 1.899437 -0.000313 -0.000151 -0.027386 0.033311 0.477848
    194 1.799659 -0.000237 -0.000233 -0.027386 0.033311 0.477848
    195 1.799659 -0.000237 -0.000233 -0.027386 0.033311 0.477848
    196 1.799659 -0.000237 -0.000233 -0.027386 0.033311 0.477848
    197 1.900725 0.000557 -0.000072 -0.027386 0.033311 0.477848
    198 0.599884 0.400188 -0.000027 0.000000 0.000000 0.000000
    199 0.599888 0.400187 0.000031 0.000000 0.000000 -3.141592
    200 0.599503 0.400696 0.000235 0.000000 0.000000 0.000000
    201 0.599983 0.000044 -0.000010 0.000000 0.000000 -3.141592
  time 1
    0 0.000000 0.000000 0.000000 0.000000 0.000000 -1.570796
    1 -0.106323 0.000000 -0.000198 0.000000 0.000000 0.000000
    2 0.000000 0.000000 0.000000 0.000000 0.000000 0.000000
    3 -0.904000 0.000000 -11.806000 0.000000 0.000000 0.000000
    4 0.000000 0.000000 -14.313999 0.000000 -1.570796 1.570857
    5 3.533001 0.000000 0.000000 0.000000 0.000000 0.000000
    6 6.250000 0.000000 0.000000 0.000000 0.000000 0.000000
    7 5.541484 6.285373 -0.643199 -0.479243 1.524427 -0.478914
    8 10.615858 7.285404 4.381606 0.016694 -1.226554 -0.015975
    9 5.790726 0.002787 -0.000113 -0.802051 0.893427 -1.330044
    10 5.999492 -0.000592 -4.000343 0.000000 0.000000 0.000000
    11 5.787410 0.006489 0.000893 1.519236 -0.745538 -1.954191
    12 5.999492 -0.000592 4.000336 0.000000 0.000000 0.000000
    13 0.500225 0.000133 -0.000088 -0.011635 0.000000 0.000000
    14 11.534559 0.000348 -0.001312 0.000019 0.000057 -1.809254
    15 -0.829338 0.893824 0.079659 -0.148839 0.047645 0.087266
    16 0.500225 0.000132 0.000076 -0.325894 0.000000 0.000000
    17 11.532495 0.004432 -0.000089 0.000042 -0.000058 -1.480211
    18 -0.829586 0.894698 -0.079464 0.045377 -0.019621 0.087266
    19 10.599884 0.000105 -0.000553 -0.378071 0.000000 0.000000
    20 0.709527 -0.556439 -0.000805 0.000000 0.000011 0.904688
    21 11.042057 0.003717 0.000798 -0.380104 -0.383495 0.543498
    22 -1.214832 0.203470 -0.477489 -0.135025 -0.078677 -0.001289
    23 10.599880 0.000105 0.000549 -0.205246 -0.000048 0.000000
    24 0.408735 -0.447061 0.000801 0.000000 -0.000011 0.740104
    25 11.041742 0.003171 -0.000571 -0.213696 0.670972 0.494829
    26 -1.063377 0.077663 0.150230 0.045121 0.020046 -0.012850
    27 0.610302 -0.939470 0.070343 -1.654436 -0.002891 -0.187241
    28 0.639940 -0.199121 0.060188 -1.665146 0.008696 -0.079834
    29 0.600155 1.080261 -0.339535 -1.745025 0.174217 0.052328
    30 0.610207 0.400743 -0.010101 -1.762483 0.083530 0.014804
    31 0.634715 -0.690090 -0.232343 0.092385 0.155737 -0.951694
    32 -0.792125 0.203736 0.461300 1.439074 -0.003453 -0.018305
    33 0.610300 -0.939469 -0.070351 1.655384 0.140025 -0.175537
    34 0.639937 -0.199121 -0.060200 1.671282 0.183109 -0.036771
    35 0.600157 1.080259 0.339531 1.741685 0.106920 0.153702
    36 0.610205 0.400743 0.010086 1.766615 0.125838 0.080304
    37 0.624002 -0.695300 0.232270 -0.744679 -0.590749 -0.958066
    38 -0.626031 -0.069983 -0.080517 -1.447153 0.086151 0.021559
    39 2.621377 -0.002532 -0.005345 -0.157934 -0.068291 0.480710
    40 2.664743 0.000397 -0.000071 -0.177353 -0.004918 0.667230
    41 2.206394 0.003368 -0.006769 -0.271957 -0.158049 0.696358
    42 0.599952 0.959240 -0.300102 -0.174544 0.000000 0.000000
    43 2.557190 -0.005873 0.002453 -0.126725 -0.019404 0.688411
    44 2.095024 -0.003873 -0.006100 -0.253781 0.271002 0.500610
    45 0.999380 -0.000236 -1.135149 -0.000001 0.000000 0.000000
    46 -0.122639 -0.721856 0.661690 -0.486644 0.223964 0.243056
    47 2.622113 -0.000648 0.002741 0.114500 0.462597 0.300000
    48 2.658203 0.000780 0.000161 0.328288 0.324445 0.981184
    49 2.199219 0.000516 -0.000122 0.262846 0.022920 1.089811
    50 0.599951 0.959244 0.300102 0.174544 0.000000 0.000000
    51 2.558594 -0.000149 -0.000031 0.266888 0.214957 1.052934
    52 2.103851 0.005614 -0.001014 0.467100 -0.427966 0.720848
    53 0.999374 -0.000237 1.275770 0.000048 0.000000 0.736314
    54 0.310846 -0.606445 -0.498005 0.308107 -0.197598 0.313976
    55 1.873069 -0.004741 -0.000994 -0.000007 0.000004 0.582869
    56 1.200941 0.399582 -0.000237 -0.009465 0.016087 0.007127
    57 0.000586 0.100342 -0.000319 -0.120035 -0.021926 -0.209617
    58 -0.161663 0.051712 0.194808 -2.941982 0.122408 -0.060194
    59 2.010092 -0.007109 -0.003377 0.000042 0.000060 0.624199
    60 0.000240 0.099802 -0.000395 -0.018823 0.010833 -0.239219
    61 -0.203197 0.048607 0.069150 -3.093332 0.033217 -0.046722
    62 1.180428 -0.006214 0.000780 -0.000014 0.000000 0.462047
    63 -0.000196 0.099625 -0.000034 0.000000 0.000000 -0.314102
    64 -0.088736 -0.688435 -0.145203 2.930407 -0.136130 0.513013
    65 1.715976 -0.003328 0.003818 0.000023 -0.000021 0.504014
    66 -0.000580 0.100145 -0.000311 -0.010914 0.023131 -0.260841
    67 -0.146030 -0.232426 -0.014225 3.028455 -0.094299 0.113020
    68 1.290632 0.000362 -0.000032 -0.000012 0.000000 -0.159943
    69 -0.658121 -0.003575 0.072645 -0.142711 0.027792 -0.077299
    70 1.868080 -0.003049 0.006083 -0.000057 0.000003 0.764780
    71 1.200079 0.399944 -0.000093 0.009465 -0.016087 0.007127
    72 0.000591 0.100342 0.000319 0.120035 0.021926 -0.209617
    73 0.068077 0.002285 -0.080050 3.111376 -0.069366 -0.060847
    74 2.007813 -0.000882 -0.000381 0.000049 -0.000037 1.297777
    75 0.000229 0.099802 0.000395 0.018823 -0.010833 -0.239219
    76 -0.018673 -0.001009 0.047544 3.109244 0.002635 -0.106673
    77 1.178665 0.001595 0.000845 -0.000038 0.000078 0.669112
    78 -0.000198 0.099628 0.000034 0.000000 0.000000 -0.314102
    79 0.036892 -0.634449 0.266284 -2.801062 0.174301 0.490914
    80 1.708008 0.000721 0.000200 0.000000 0.000000 1.071623
    81 -0.000576 0.100136 0.000311 0.010912 -0.023129 -0.260841
    82 -0.003952 -0.281811 0.115047 -3.059162 0.089004 0.167964
    83 1.289627 0.003949 0.000061 0.000046 -0.000009 0.439291
    84 -0.171528 -0.018148 -0.099873 0.013484 -0.062184 -0.011780
    85 0.912716 0.007240 0.001326 0.000019 0.000021 0.551085
    86 -0.342617 0.053404 -0.025571 -2.909301 -0.017248 0.075276
    87 1.100231 -0.000930 -0.002434 0.000009 0.000014 0.238089
    88 -0.384983 0.330998 0.006848 -3.087207 -0.018765 -0.184279
    89 0.678146 0.006192 0.000002 -0.000018 -0.000019 0.223208
    90 -0.123848 0.072737 0.029507 2.898184 -0.060627 0.094834
    91 1.017166 -0.000154 -0.000252 -0.000023 -0.000014 0.248943
    92 -0.344986 0.123129 0.143151 2.994981 0.012396 0.059140
    93 -0.730988 0.177046 0.039141 -0.123731 0.076518 -0.084310
    94 0.925900 0.001298 -0.000896 -0.000002 -0.000011 0.433977
    95 -0.124027 -0.052092 0.038496 3.077813 -0.008519 0.039229
    96 1.100430 -0.003552 0.000503 -0.000006 0.000018 0.904181
    97 -0.330082 0.160641 0.042780 3.128073 0.034033 -0.171236
    98 0.675854 0.001531 0.003272 0.000002 0.000003 0.945893
    99 -0.019516 -0.016531 0.038578 -2.763781 0.050305 0.076828
    100 1.018555 -0.000026 -0.000397 0.000000 0.000000 0.984486
    101 -0.155312 0.130643 -0.021921 -3.022466 0.022433 -0.024903
    102 -0.252209 0.061937 -0.024914 -0.007671 -0.063171 -0.044392
    103 -0.085991 0.185203 -0.015180 -2.937063 -0.113970 -0.138991
    104 -0.286537 0.179852 0.024264 -3.109353 -0.049645 -0.029915
    105 -0.019489 0.147084 0.079203 2.893815 0.038585 -0.060594
    106 -0.046482 0.251898 0.129548 3.016165 0.077112 -0.042864
    107 0.039120 -0.040298 0.047739 3.084219 0.030470 -0.037414
    108 -0.233757 0.066630 0.001754 -3.133086 0.040141 -0.065413
    109 0.044266 0.020128 0.001684 -2.778763 -0.118872 -0.040488
    110 0.071495 0.074127 -0.048302 -3.035917 -0.059482 0.104366
    111 0.000000 0.000000 0.000000 0.000000 0.000000 -1.570796
    112 10.515946 -2.597736 -4.261849 -0.248667 -0.020181 -0.011119
    113 3.418073 12.461318 -4.457167 0.255131 -0.847342 -1.563467
    114 -1.542000 0.000000 1.810000 0.000000 0.000000 0.000000
    115 5.561000 0.000000 1.165000 0.000000 0.000000 0.000000
    116 -1.912000 0.003000 0.278000 0.000000 0.000000 0.000000
    117 1.947000 -0.003000 -0.278000 0.000000 0.000000 0.000000
    118 -3.830000 0.003000 0.015000 0.000000 0.000000 0.000000
    119 -2.941000 -0.003000 0.381000 0.000000 0.000000 0.000000
    120 -2.941000 -0.003000 0.381000 0.000000 0.000000 0.000000
    121 -0.070000 -0.003000 0.481000 0.000000 0.000000 0.000000
    122 1.771000 -0.314000 1.250000 0.000000 0.000000 -1.570796
    123 3.818000 0.000000 -0.014000 0.000000 0.000000 0.000000
    124 -0.470000 0.000000 -3.437000 0.000000 0.000000 0.000000
    125 -0.024000 0.000000 3.200000 0.000000 0.305210 0.000000
    126 -0.055985 0.000000 1.166089 0.000000 -0.382459 0.000000
    127 -11.266531 17.301309 -53.895492 0.249130 0.016999 0.015920
    128 -2.238000 0.000000 -3.188000 0.000000 0.000000 0.000000
    129 3.319000 0.000000 3.458000 0.000000 -0.159168 0.000000
    130 0.000000 0.000000 0.000000 0.000000 0.000000 0.000000
    131 0.533000 0.511000 -0.841000 0.000000 0.000000 0.000000
    132 0.000000 0.000000 0.000000 0.000000 0.000000 0.000000
    133 -0.106000 0.000000 64.320000 0.000000 0.000000 0.000000
    134 0.000000 0.000000 0.000000 0.000000 0.000000 0.000000
    135 0.000000 0.000000 0.000000 0.030800 0.025132 -0.010822
    136 20.335297 -2.995653 6.535428 -0.248966 -0.020225 -0.011282
    137 0.106000 0.000000 -64.320000 0.000000 0.000000 0.000000
    138 0.000000 0.000000 0.000000 0.000000 0.000000 0.000000
    139 0.000000 0.000000 -4.867002 -3.141592 0.000000 -3.128591
    140 0.000000 0.000000 4.867000 -3.141592 0.000000 -3.128591
    141 4.000000 -6.500000 0.000000 0.000000 0.000000 0.000977
    142 -6.500000 0.000000 0.000000 0.000000 1.570796 0.000000
    143 1.000088 -0.000029 0.000000 0.000000 0.000000 0.000000
    144 17.162516 -0.000404 0.000000 0.000000 0.000000 0.119214
    145 9.999891 -0.000303 0.000000 0.000000 0.000000 0.000000
    146 1.000088 -0.000029 0.000000 0.000000 0.000000 0.000000
    147 17.162516 -0.000404 0.000000 0.000000 0.000000 0.119214
    148 9.499836 0.000212 0.000000 0.000000 0.000000 0.000000
    149 0.000000 0.000000 0.000000 0.000000 0.000000 0.000000
    150 17.749374 0.295515 0.000000 0.000000 0.000000 -1.158958
    151 0.017889 0.299792 0.000000 0.000000 0.000000 -0.059582
    152 12.283573 1.581456 -4.696000 1.462269 -0.086726 0.090185
    153 17.749376 0.295515 0.000000 0.000000 0.000000 -1.158958
    154 0.017889 0.299792 0.000000 0.000000 0.000000 -0.059582
    155 13.354000 0.000000 0.000000 0.000000 0.000000 -0.294101
    156 4.530998 0.000000 0.000000 0.000000 0.000000 0.000000
    157 0.000000 0.000000 0.000000 0.000000 0.000000 0.000000
    158 5.413524 0.000347 0.000000 0.000000 0.000000 -0.518055
    159 5.413524 0.000347 0.000000 0.000000 0.000000 -0.518055
    160 4.662001 -5.366332 4.825191 1.569713 1.561305 -3.121213
    161 3.116966 -0.000443 0.000000 0.000000 0.000000 0.294101
    162 4.531197 0.000000 0.000000 0.000000 0.000000 0.000000
    163 3.512001 -3.547000 -1.066000 0.000000 1.570796 0.000000
    164 3.456001 -3.517000 1.169000 0.000000 1.570796 0.000000
    165 6.233002 0.000000 0.000000 0.000000 0.000000 0.000000
    166 -0.171997 -0.106000 -0.902000 1.570713 1.029176 -3.134550
    167 6.077929 -6.528442 0.261727 -0.010834 -0.031064 -0.024784
    168 3.999434 -0.000528 -0.000332 -0.189036 0.000000 0.000000
    169 3.999901 0.000039 0.001011 -0.104099 0.000000 0.000000
    170 1.598000 0.000000 0.000000 0.000000 0.000000 0.000000
    171 -1.145525 0.000130 0.000668 0.000000 0.000000 0.000000
    172 2.299679 -2.499978 -0.599480 0.892021 0.221512 -0.527234
    173 15.952472 -2.410208 -2.625356 1.303043 -0.154096 0.328290
    174 -9.580675 -27.862104 -37.184681 0.812874 -0.123459 -0.568474
    175 0.649933 -0.548295 0.093651 -1.665913 -0.131399 -0.112062
    176 0.657078 0.008402 0.040371 -1.665945 -0.131407 -0.000013
    177 0.665776 0.747221 -0.029190 -1.665935 -0.131408 0.094976
    178 2.300137 -2.499413 0.600155 -0.891917 -0.221566 -0.527266
    179 11.962793 0.942966 3.328854 1.764063 -0.255053 0.173401
    180 2.762350 0.116951 1.523975 1.629482 0.064153 1.743800
    181 7.228321 7.928195 -3.925652 2.328643 0.123441 -0.568443
    182 0.650394 -0.547730 -0.092979 1.665913 0.131399 -0.112062
    183 0.657069 0.008399 -0.040379 1.665945 0.131407 -0.000013
    184 0.665772 0.747219 0.029182 1.665935 0.131408 0.094976
    185 -4.481003 -0.202000 0.000000 0.000000 0.000000 0.000000
    186 -5.516998 -0.291000 -0.001000 0.000000 0.000000 0.000000
    187 -0.857695 0.104072 0.104687 0.023536 0.163924 0.013632
    188 1.899119 0.000427 -0.000439 0.027386 -0.033311 0.477848
    189 1.799660 -0.000240 0.000231 0.027386 -0.033311 0.477848
    190 1.799660 -0.000240 0.000231 0.027386 -0.033311 0.477848
    191 1.799660 -0.000240 0.000231 0.027386 -0.033311 0.477848
    192 1.900312 -0.000137 -0.000517 0.027386 -0.033311 0.477848
    193 1.899437 -0.000313 -0.000151 -0.027386 0.033311 0.477848
    194 1.799659 -0.000237 -0.000233 -0.027386 0.033311 0.477848
    195 1.799659 -0.000237 -0.000233 -0.027386 0.033311 0.477848
    196 1.799659 -0.000237 -0.000233 -0.027386 0.033311 0.477848
    197 1.900725 0.000557 -0.000072 -0.027386 0.033311 0.477848
    198 0.599884 0.400188 -0.000027 0.000000 0.000000 0.000000
    199 0.599888 0.400187 0.000031 0.000000 0.000000 -3.141592
    200 0.599503 0.400696 0.000235 0.000000 0.000000 0.000000
    201 0.599983 0.000044 -0.000010 0.000000 0.000000 -3.141592
  time 2
    0 0.000000 0.000000 0.000000 0.000000 0.000000 -1.570796
    1 -0.106323 0.000000 -0.000198 0.000000 0.000000 0.000000
    2 0.000000 0.000000 0.000000 0.000000 0.000000 0.000000
    3 -0.904000 0.000000 -11.806000 0.000000 0.000000 0.000000
    4 0.000000 0.000000 -14.313999 0.000000 -1.570796 1.570857
    5 3.533001 0.000000 0.000000 0.000000 0.000000 0.000000
    6 6.250000 0.000000 0.000000 0.000000 0.000000 0.000000
    7 8.158751 3.449349 -1.404941 -0.210347 1.468421 -0.209483
    8 9.932243 3.797016 2.526081 -0.129471 -1.305606 0.124794
    9 5.786820 0.002787 -0.000113 -0.642200 0.931061 -1.240498
    10 5.999492 -0.000592 -4.000343 0.000000 0.000000 0.000000
    11 5.791316 0.006489 0.004799 1.142503 -1.151121 -1.583621
    12 5.999492 -0.000592 4.000336 0.000000 0.000000 0.000000
    13 0.500225 0.000133 -0.000088 -0.096396 0.000000 0.000000
    14 11.534559 0.000348 -0.001312 -0.000017 0.000009 -1.706843
    15 -0.829338 0.893824 0.079659 -0.148839 0.047645 0.087266
    16 0.500225 0.000132 0.000076 -0.025969 0.000000 0.000000
    17 11.532495 0.000526 -0.000089 0.000066 -0.000034 -2.466562
    18 -0.829586 0.894698 -0.079464 0.045377 -0.019621 0.087266
    19 10.599884 0.000105 -0.000553 1.270611 0.000072 0.000000
    20 0.604055 -0.529095 -0.000805 0.000000 0.000011 0.853485
    21 11.042057 0.003717 0.000798 1.270961 -0.088215 -0.563002
    22 -1.214832 0.203470 -0.477489 -0.135025 -0.078677 -0.001289
    23 10.599880 0.000105 0.000549 -0.133517 0.000000 0.000000
    24 1.486892 -0.521282 0.000801 0.000084 0.000013 1.233196
    25 11.041742 0.003171 -0.000571 -0.088705 0.702125 0.985149
    26 -1.063377 0.077663 0.150230 0.045121 0.020046 -0.012850
    27 0.610302 -0.939470 0.070343 -1.654689 0.077813 -0.194048
    28 0.639940 -0.199121 0.060188 -1.665553 0.087291 -0.087372
    29 0.600155 1.080261 -0.339535 -1.745396 0.242325 0.059051
    30 0.610207 0.400743 -0.010101 -1.764312 0.156468 0.000459
    31 0.634715 -0.693997 -0.236250 0.125714 0.391688 -1.152144
    32 -0.792125 0.203736 0.461300 1.439074 -0.003453 -0.018305
    33 0.610300 -0.939469 -0.070351 1.655384 0.140025 -0.175537
    34 0.639937 -0.199121 -0.060200 1.671282 0.183109 -0.036771
    35 0.600157 1.080259 0.339531 1.741685 0.106920 0.153702
    36 0.610205 0.400743 0.010086 1.766615 0.125838 0.080304
    37 0.624002 -0.695300 0.232270 -0.684965 -0.575297 -1.018525
    38 -0.626031 -0.069983 -0.080517 -1.447153 0.086151 0.021559
    39 2.621377 -0.006439 -0.001438 0.121941 0.006280 0.056336
    40 2.664743 0.000397 -0.000071 -0.052432 -0.041004 0.238740
    41 2.202488 0.003368 -0.006769 -0.263172 -0.390382 0.421945
    42 0.599952 0.959240 -0.300102 -0.174544 0.000000 0.000000
    43 2.553283 -0.001967 0.006359 -0.058447 -0.104423 0.274098
    44 2.095024 -0.003873 -0.006100 -0.270140 0.239800 0.435933
    45 0.999380 -0.000236 -1.107804 -0.000001 0.000000 0.000000
    46 -0.122639 -0.721856 0.661690 -0.486644 0.223964 0.243056
    47 2.622113 -0.000648 0.002741 0.106239 0.406533 0.261013
    48 2.658203 0.000780 0.000161 0.328288 0.324445 0.981184
    49 2.199219 0.000516 -0.000122 0.262846 0.022920 1.089811
    50 0.599951 0.959244 0.300102 0.174544 0.000000 0.000000
    51 2.558594 -0.000149 -0.000031 0.266888 0.214957 1.052934
    52 2.103851 0.005614 -0.001014 0.474991 -0.419146 0.700265
    53 0.999374 -0.000237 1.248426 0.000048 0.000000 0.736314
    54 0.310846 -0.606445 -0.498005 0.308107 -0.197598 0.313976
    55 1.873069 -0.000835 -0.000994 0.000053 0.000004 0.405788
    56 1.200941 0.399582 -0.000237 -0.009465 0.016087 0.007127
    57 0.000586 0.100342 -0.000319 -0.120035 -0.021926 -0.209617
    58 -0.161663 0.051712 0.194808 -2.941982 0.122408 -0.060194
    59 2.010092 -0.003202 -0.003377 0.000006 -0.000047 0.435329
    60 0.000240 0.099802 -0.000395 -0.018823 0.010833 -0.239219
    61 -0.203197 0.048607 0.069150 -3.093332 0.033217 -0.046722
    62 1.180428 -0.006214 0.000780 -0.000014 0.000000 0.334397
    63 -0.000196 0.099625 -0.000034 0.000000 0.000000 -0.314102
    64 -0.088736 -0.688435 -0.145203 2.930407 -0.136130 0.513013
    65 1.712069 0.000578 0.003818 0.000082 -0.000033 0.318419
    66 -0.000580 0.100145 -0.000311 -0.010914 0.023131 -0.260841
    67 -0.146030 -0.232426 -0.014225 3.028455 -0.094299 0.113020
    68 1.290632 0.000362 -0.000032 0.000000 0.000000 -0.171781
    69 -0.658121 -0.003575 0.072645 -0.142711 0.027792 -0.077299
    70 1.868080 -0.003049 0.006083 0.000003 -0.000021 0.643245
    71 1.200079 0.399944 -0.000093 0.009465 -0.016087 0.007127
    72 0.000591 0.100342 0.000319 0.120035 0.021926 -0.209617
    73 0.068077 0.002285 -0.080050 3.111376 -0.069366 -0.060847
    74 2.007813 -0.000882 -0.000381 0.000049 -0.000037 1.297777
    75 0.000229 0.099802 0.000395 0.018823 -0.010833 -0.239219
    76 -0.018673 -0.001009 0.047544 3.109244 0.002635 -0.106673
    77 1.178665 0.001595 0.000845 -0.000038 0.000078 0.669112
    78 -0.000198 0.099628 0.000034 0.000000 0.000000 -0.314102
    79 0.036892 -0.634449 0.266284 -2.801062 0.174301 0.490914
    80 1.708008 0.000721 0.000200 0.000000 0.000000 1.071623
    81 -0.000576 0.100136 0.000311 0.010912 -0.023129 -0.260841
    82 -0.003952 -0.281811 0.115047 -3.059162 0.089004 0.167964
    83 1.289627 0.003949 0.000061 0.000046 -0.000009 0.377149
    84 -0.171528 -0.018148 -0.099873 0.013484 -0.062184 -0.011780
    85 0.912716 0.007240 0.001326 0.000019 0.000021 0.208692
    86 -0.342617 0.053404 -0.025571 -2.909301 -0.017248 0.075276
    87 1.100231 -0.000930 -0.002434 0.000009 0.000014 0.114567
    88 -0.384983 0.330998 0.006848 -3.087207 -0.018765 -0.184279
    89 0.678146 0.006192 0.000002 -0.000018 -0.000019 0.074740
    90 -0.123848 0.072737 0.029507 2.898184 -0.060627 0.094834
    91 1.017166 -0.000154 -0.000252 -0.000023 -0.000014 0.130777
    92 -0.344986 0.123129 0.143151 2.994981 0.012396 0.059140
    93 -0.730988 0.177046 0.039141 -0.123731 0.076518 -0.084310
    94 0.921993 0.001298 -0.000896 -0.000062 0.000061 0.312358
    95 -0.124027 -0.052092 0.038496 3.077813 -0.008519 0.039229
    96 1.100430 -0.007458 0.000503 -0.000006 0.000018 0.904181
    97 -0.330082 0.160641 0.042780 3.128073 0.034033 -0.171236
    98 0.675854 0.001531 0.003272 0.000002 0.000003 0.945893
    99 -0.019516 -0.016531 0.038578 -2.763781 0.050305 0.076828
    100 1.018555 -0.000026 -0.000397 0.000000 0.000000 0.984486
    101 -0.155312 0.130643 -0.021921 -3.022466 0.022433 -0.024903
    102 -0.252209 0.061937 -0.024914 -0.007671 -0.063171 -0.044392
    103 -0.085991 0.185203 -0.015180 -2.937063 -0.113970 -0.138991
    104 -0.286537 0.179852 0.024264 -3.109353 -0.049645 -0.029915
    105 -0.019489 0.147084 0.079203 2.893815 0.038585 -0.060594
    106 -0.046482 0.251898 0.129548 3.016165 0.077112 -0.042864
    107 0.039120 -0.040298 0.047739 3.084219 0.030470 -0.037414
    108 -0.233757 0.066630 0.001754 -3.133086 0.040141 -0.065413
    109 0.044266 0.020128 0.001684 -2.778763 -0.118872 -0.040488
    110 0.071495 0.074127 -0.048302 -3.035917 -0.059482 0.104366
    111 0.000000 0.000000 0.000000 0.000000 0.000000 -1.570796
    112 5.226722 -4.847804 -3.035249 -0.140398 -0.150775 -0.019621
    113 1.296915 17.570849 -5.617359 0.441593 -0.972684 -1.710147
    114 -1.542000 0.000000 1.810000 0.000000 0.000000 0.000000
    115 5.561000 0.000000 1.165000 0.000000 0.000000 0.000000
    116 -1.912000 0.003000 0.278000 0.000000 0.000000 0.000000
    117 1.947000 -0.003000 -0.278000 0.000000 0.000000 0.000000
    118 -3.830000 0.003000 0.015000 0.000000 0.000000 0.000000
    119 -2.941000 -0.003000 0.381000 0.000000 0.000000 0.000000
    120 -2.941000 -0.003000 0.381000 0.000000 0.000000 0.000000
    121 -0.070000 -0.003000 0.481000 0.000000 0.000000 0.000000
    122 1.771000 -0.314000 1.250000 0.000000 0.000000 -1.570796
    123 3.818000 0.000000 -0.014000 0.000000 0.000000 0.000000
    124 -0.470000 0.000000 -3.437000 0.000000 0.000000 0.000000
    125 -0.024000 0.000000 3.200000 0.000000 0.305210 0.000000
    126 -0.055985 0.000000 1.166089 0.000000 -0.382459 0.000000
    127 -13.977551 13.262123 -55.067403 0.145110 0.146583 0.040923
    128 -2.238000 0.000000 -3.188000 0.000000 0.000000 0.000000
    129 3.319000 0.000000 3.458000 0.000000 -0.159168 0.000000
    130 0.000000 0.000000 0.000000 0.000000 0.000000 0.000000
    131 0.533000 0.511000 -0.841000 0.000000 0.000000 0.000000
    132 0.000000 0.000000 0.000000 0.000000 0.000000 0.000000
    133 -0.106000 0.000000 64.320000 0.000000 0.000000 0.000000
    134 0.000000 0.000000 0.000000 0.000000 0.000000 0.000000
    135 0.000000 0.000000 0.000000 0.061697 0.060055 -0.028140
    136 15.104668 -5.194938 8.890969 -0.140597 -0.150806 -0.019784
    137 0.106000 0.000000 -64.320000 0.000000 0.000000 0.000000
    138 0.000000 0.000000 0.000000 0.000000 0.000000 0.000000
    139 0.000000 0.000000 -4.867002 -3.141592 0.000000 -3.128591
    140 0.000000 0.000000 4.867000 -3.141592 0.000000 -3.128591
    141 4.000000 -6.500000 0.000000 0.000000 0.000000 0.000977
    142 -6.500000 0.000000 0.000000 0.000000 1.570796 0.000000
    143 1.000088 -0.000029 0.000000 0.000000 0.000000 0.000000
    144 17.162516 -0.000404 0.000000 0.000000 0.000000 0.119214
    145 9.999891 -0.000303 0.000000 0.000000 0.000000 0.000000
    146 1.000088 -0.000029 0.000000 0.000000 0.000000 0.000000
    147 17.162516 -0.000404 0.000000 0.000000 0.000000 0.119214
    148 9.499836 0.000212 0.000000 0.000000 0.000000 0.000000
    149 0.000000 0.000000 0.000000 0.000000 0.000000 0.000000
    150 17.749374 0.295515 0.000000 0.000000 0.000000 -1.158958
    151 0.017889 0.299792 0.000000 0.000000 0.000000 -0.059582
    152 12.283573 1.581456 -4.696000 1.462269 -0.086726 0.090185
    153 17.749376 0.295515 0.000000 0.000000 0.000000 -1.158958
    154 0.017889 0.299792 0.000000 0.000000 0.000000 -0.059582
    155 13.354000 0.000000 0.000000 0.000000 0.000000 -0.294101
    156 4.530998 0.000000 0.000000 0.000000 0.000000 0.000000
    157 0.000000 0.000000 0.000000 0.000000 0.000000 0.000000
    158 5.413524 0.000347 0.000000 0.000000 0.000000 -0.518055
    159 5.413524 0.000347 0.000000 0.000000 0.000000 -0.518055
    160 4.662001 -5.366332 4.825191 1.569713 1.561305 -3.121213
    161 3.116966 -0.000443 0.000000 0.000000 0.000000 0.294101
    162 4.531197 0.000000 0.000000 0.000000 0.000000 0.000000
    163 3.512001 -3.547000 -1.066000 0.000000 1.570796 0.000000
    164 3.456001 -3.517000 1.169000 0.000000 1.570796 0.000000
    165 6.233002 0.000000 0.000000 0.000000 0.000000 0.000000
    166 -0.171997 -0.106000 -0.902000 1.570713 1.029176 -3.134550
    167 5.843547 -6.727667 0.570330 -0.028140 -0.063363 -0.058281
    168 3.999434 -0.000528 -0.000332 0.635198 0.000048 0.000012
    169 3.999901 0.000039 0.001011 -0.066873 0.000000 0.000000
    170 1.598000 0.000000 0.000000 0.000000 0.000000 0.000000
    171 -1.145525 0.000130 0.000668 0.000000 0.000000 0.000000
    172 2.299679 -2.499978 -0.599480 0.892021 0.221512 -0.527234
    173 13.132073 0.996146 -2.308940 0.445066 0.702545 1.121012
    174 -9.580675 -27.862104 -37.184681 0.812874 -0.123459 -0.568474
    175 0.649933 -0.548295 0.093651 -1.665913 -0.131399 -0.112062
    176 0.657078 0.008402 0.040371 -1.665945 -0.131407 -0.000013
    177 0.665776 0.747221 -0.029190 -1.665935 -0.131408 0.094976
    178 2.300137 -2.499413 0.600155 -0.891917 -0.221566 -0.527266
    179 11.962793 0.942966 3.328854 1.764063 -0.255053 0.173401
    180 2.762350 0.116951 1.523975 1.629482 0.064153 1.743800
    181 7.228321 7.928195 -3.925652 2.328643 0.123441 -0.568443
    182 0.650394 -0.547730 -0.092979 1.665913 0.131399 -0.112062
    183 0.657069 0.008399 -0.040379 1.665945 0.131407 -0.000013
    184 0.665772 0.747219 0.029182 1.665935 0.131408 0.094976
    185 -4.481003 -0.202000 0.000000 0.000000 0.000000 0.000000
    186 -5.516998 -0.291000 -0.001000 0.000000 0.000000 0.000000
    187 -0.857695 0.104072 0.104687 0.023536 0.163924 0.013632
    188 1.899119 0.000427 -0.000439 0.027386 -0.033311 0.477848
    189 1.799660 -0.000240 0.000231 0.027386 -0.033311 0.477848
    190 1.799660 -0.000240 0.000231 0.027386 -0.033311 0.477848
    191 1.799660 -0.000240 0.000231 0.027386 -0.033311 0.477848
    192 1.900312 -0.000137 -0.000517 0.027386 -0.033311 0.477848
    193 1.899437 -0.000313 -0.000151 -0.027386 0.033311 0.477848
    194 1.799659 -0.000237 -0.000233 -0.027386 0.033311 0.477848
    195 1.799659 -0.000237 -0.000233 -0.027386 0.033311 0.477848
    196 1.799659 -0.000237 -0.000233 -0.027386 0.033311 0.477848
    197 1.900725 0.000557 -0.000072 -0.027386 0.033311 0.477848
    198 0.599884 0.400188 -0.000027 0.000000 0.000000 0.000000
    199 0.599888 0.400187 0.000031 0.000000 0.000000 -3.141592
    200 0.599503 0.400696 0.000235 0.000000 0.000000 0.000000
    201 0.599983 0.000044 -0.000010 0.000000 0.000000 -3.141592
  time 3
    0 0.000000 0.000000 0.000000 0.000000 0.000000 -1.570796
    1 -0.106323 0.000000 -0.000198 0.000000 0.000000 0.000000
    2 0.000000 0.000000 0.000000 0.000000 0.000000 0.000000
    3 -0.904000 0.000000 -11.806000 0.000000 0.000000 0.000000
    4 0.000000 0.000000 -14.313999 0.000000 -1.570796 1.570857
    5 3.533001 0.000000 0.000000 0.000000 0.000000 0.000000
    6 6.250000 0.000000 0.000000 0.000000 0.000000 0.000000
    7 9.568951 1.914146 -1.819016 -0.161433 1.437255 -0.160107
    8 9.568951 1.796955 1.604178 -0.373845 -1.335714 0.364310
    9 5.790726 0.002787 -0.000113 -0.768808 0.279277 -1.467800
    10 5.999492 -0.000592 -4.000343 0.000000 0.000000 0.000000
    11 5.791316 0.002582 0.000893 0.288675 -1.238590 -0.485731
    12 5.999492 -0.000592 4.000336 0.000000 0.000000 0.000000
    13 0.500225 0.000133 -0.000088 -0.020497 0.000000 0.000000
    14 11.534559 0.004255 -0.001312 -0.000065 -0.000027 -1.076574
    15 -0.829338 0.893824 0.079659 -0.148839 0.047645 0.087266
    16 0.500225 0.000132 0.000076 -0.012001 0.000000 0.000000
    17 11.536401 0.000526 -0.000089 0.000006 -0.000022 -2.857919
    18 -0.829586 0.894698 -0.079464 0.045377 -0.019621 0.087266
    19 10.599884 0.000105 -0.000553 1.471182 0.000024 -0.000024
    20 0.178261 -0.298619 -0.000805 0.000000 0.000011 0.538280
    21 11.042057 0.003717 0.000798 1.511433 -0.120106 -0.375864
    22 -1.214832 0.203470 -0.477489 -0.135025 -0.078677 -0.001289
    23 10.599880 0.000105 0.000549 -0.081290 0.000000 0.000000
    24 1.850185 -0.271274 0.000801 0.000036 0.000037 1.428984
    25 11.041742 0.003171 -0.000571 -0.079068 0.526116 0.533372
    26 -1.063377 0.077663 0.150230 0.045121 0.020046 -0.012850
    27 0.610302 -0.939470 0.070343 -1.655093 0.119855 -0.197572
    28 0.639940 -0.199121 0.060188 -1.665909 0.128315 -0.091195
    29 0.600155 1.080261 -0.339535 -1.744600 0.277896 0.062694
    30 0.610207 0.400743 -0.010101 -1.765603 0.194483 -0.007128
    31 0.630809 -0.693997 -0.236250 0.142984 0.513412 -1.255339
    32 -0.792125 0.203736 0.461300 1.439074 -0.003453 -0.018305
    33 0.610300 -0.939469 -0.070351 1.655384 0.140025 -0.175537
    34 0.639937 -0.199121 -0.060200 1.671282 0.183109 -0.036771
    35 0.600157 1.080259 0.339531 1.741685 0.106920 0.153702
    36 0.610205 0.400743 0.010086 1.766615 0.125838 0.080304
    37 0.624002 -0.695300 0.236176 -0.613851 -0.556832 -1.090625
    38 -0.626031 -0.069983 -0.080517 -1.447153 0.086151 0.021559
    39 2.621377 -0.002532 -0.001438 0.266204 0.044711 -0.162466
    40 2.664743 0.000397 -0.000071 0.011850 -0.059628 0.017850
    41 2.206394 0.003368 -0.006769 -0.258594 -0.510049 0.280387
    42 0.599952 0.959240 -0.300102 -0.174544 0.000000 0.000000
    43 2.557190 -0.005873 0.006359 -0.023220 -0.148251 0.060514
    44 2.095024 -0.003873 -0.006100 -0.277750 0.223050 0.402577
    45 0.999380 -0.000236 -1.131242 -0.000001 0.000000 0.000000
    46 -0.122639 -0.721856 0.661690 -0.486644 0.223964 0.243056
    47 2.622113 -0.000648 0.006647 0.096424 0.339671 0.214307
    48 2.658203 0.000780 0.000161 0.328288 0.324445 0.981184
    49 2.199219 0.000516 -0.000122 0.262846 0.022920 1.089811
    50 0.599951 0.959244 0.300102 0.174544 0.000000 0.000000
    51 2.558594 -0.000149 -0.000031 0.266888 0.214957 1.052934
    52 2.103851 0.005614 -0.001014 0.484242 -0.408491 0.675791
    53 0.999374 -0.000237 1.221081 0.000036 0.000000 0.736314
    54 0.310846 -0.606445 -0.498005 0.308107 -0.197598 0.313976
    55 1.873069 -0.000835 -0.000994 -0.000007 0.000004 0.314512
    56 1.200941 0.399582 -0.000237 -0.009465 0.016087 0.007127
    57 0.000586 0.100342 -0.000319 -0.120035 -0.021926 -0.209617
    58 -0.161663 0.051712 0.194808 -2.941982 0.122408 -0.060194
    59 2.010092 -0.007109 -0.003377 0.000018 0.000013 0.337875
    60 0.000240 0.099802 -0.000395 -0.018823 0.010833 -0.239219
    61 -0.203197 0.048607 0.069150 -3.093332 0.033217 -0.046722
    62 1.180428 -0.006214 0.000780 -0.000014 0.000000 0.268765
    63 -0.000196 0.099625 -0.000034 0.000000 0.000000 -0.314102
    64 -0.088736 -0.688435 -0.145203 2.930407 -0.136130 0.513013
    65 1.715976 -0.003328 -0.000088 0.000023 -0.000021 0.222861
    66 -0.000580 0.100145 -0.000311 -0.010914 0.023131 -0.260841
    67 -0.146030 -0.232426 -0.014225 3.028455 -0.094299 0.113020
    68 1.290632 0.000362 -0.000032 0.000000 0.000000 -0.177895
    69 -0.658121 -0.003575 0.072645 -0.142711 0.027792 -0.077299
    70 1.868080 -0.003049 0.006083 0.000003 -0.000021 0.498318
    71 1.200079 0.399944 -0.000093 0.009465 -0.016087 0.007127
    72 0.000591 0.100342 0.000319 0.120035 0.021926 -0.209617
    73 0.068077 0.002285 -0.080050 3.111376 -0.069366 -0.060847
    74 2.007813 -0.000882 -0.000381 0.000049 -0.000037 1.297777
    75 0.000229 0.099802 0.000395 0.018823 -0.010833 -0.239219
    76 -0.018673 -0.001009 0.047544 3.109244 0.002635 -0.106673
    77 1.178665 0.001595 0.000845 -0.000038 0.000078 0.669112
    78 -0.000198 0.099628 0.000034 0.000000 0.000000 -0.314102
    79 0.036892 -0.634449 0.266284 -2.801062 0.174301 0.490914
    80 1.708008 0.000721 0.000200 0.000000 0.000000 1.071623
    81 -0.000576 0.100136 0.000311 0.010912 -0.023129 -0.260841
    82 -0.003952 -0.281811 0.115047 -3.059162 0.089004 0.167964
    83 1.289627 0.003949 0.000061 -0.000014 0.000003 0.302901
    84 -0.171528 -0.018148 -0.099873 0.013484 -0.062184 -0.011780
    85 0.912716 0.007240 0.001326 0.000019 0.000069 0.032163
    86 -0.342617 0.053404 -0.025571 -2.909301 -0.017248 0.075276
    87 1.100231 -0.000930 -0.002434 0.000009 0.000014 0.050145
    88 -0.384983 0.330998 0.006848 -3.087207 -0.018765 -0.184279
    89 0.678146 0.006192 0.000002 -0.000018 -0.000019 -0.001777
    90 -0.123848 0.072737 0.029507 2.898184 -0.060627 0.094834
    91 1.017166 -0.000154 -0.000252 -0.000023 -0.000074 0.068934
    92 -0.344986 0.123129 0.143151 2.994981 0.012396 0.059140
    93 -0.730988 0.177046 0.039141 -0.123731 0.076518 -0.084310
    94 0.921993 0.001298 -0.000896 -0.000002 -0.000011 0.167219
    95 -0.124027 -0.052092 0.038496 3.077813 -0.008519 0.039229
    96 1.100430 -0.003552 0.000503 -0.000006 0.000018 0.904205
    97 -0.330082 0.160641 0.042780 3.128073 0.034033 -0.171236
    98 0.675854 0.001531 0.003272 0.000002 0.000003 0.945893
    99 -0.019516 -0.016531 0.038578 -2.763781 0.050305 0.076828
    100 1.018555 -0.000026 -0.000397 0.000000 0.000000 0.984486
    101 -0.155312 0.130643 -0.021921 -3.022466 0.022433 -0.024903
    102 -0.252209 0.061937 -0.024914 -0.007671 -0.063171 -0.044392
    103 -0.085991 0.185203 -0.015180 -2.937063 -0.113970 -0.138991
    104 -0.286537 0.179852 0.024264 -3.109353 -0.049645 -0.029915
    105 -0.019489 0.147084 0.079203 2.893815 0.038585 -0.060594
    106 -0.046482 0.251898 0.129548 3.016165 0.077112 -0.042864
    107 0.039120 -0.040298 0.047739 3.084219 0.030470 -0.037414
    108 -0.233757 0.066630 0.001754 -3.133086 0.040141 -0.065413
    109 0.044266 0.020128 0.001684 -2.778763 -0.118872 -0.040488
    110 0.071495 0.074127 -0.048302 -3.035917 -0.059482 0.104366
    111 0.000000 0.000000 0.000000 0.000000 0.000000 -1.570796
    112 1.234413 -6.015809 -2.281320 -0.252374 -0.660786 0.173132
    113 -3.500107 17.828669 -16.230964 0.087224 -1.486599 -1.217565
    114 -1.542000 0.000000 1.810000 0.000000 0.000000 0.000000
    115 5.561000 0.000000 1.165000 0.000000 0.000000 0.000000
    116 -1.912000 0.003000 0.278000 0.000000 0.000000 0.000000
    117 1.947000 -0.003000 -0.278000 0.000000 0.000000 0.000000
    118 -3.830000 0.003000 0.015000 0.000000 0.000000 0.000000
    119 -2.941000 -0.003000 0.381000 0.000000 0.000000 0.000000
    120 -2.941000 -0.003000 0.381000 0.000000 0.000000 0.000000
    121 -0.070000 -0.003000 0.481000 0.000000 0.000000 0.000000
    122 1.771000 -0.314000 1.250000 0.000000 0.000000 -1.570796
    123 3.818000 0.000000 -0.014000 0.000000 0.000000 0.000000
    124 -0.470000 0.000000 -3.437000 0.000000 0.000000 0.000000
    125 -0.024000 0.000000 3.200000 0.000000 0.305210 0.000000
    126 -0.055985 0.000000 1.166089 0.000000 -0.382459 0.000000
    127 -37.716556 18.320872 -42.324827 0.185737 0.679684 -0.020321
    128 -2.238000 0.000000 -3.188000 0.000000 0.000000 0.000000
    129 3.319000 0.000000 3.458000 0.000000 -0.159168 0.000000
    130 0.000000 0.000000 0.000000 0.000000 0.000000 0.000000
    131 0.533000 0.511000 -0.841000 0.000000 0.000000 0.000000
    132 0.000000 0.000000 0.000000 0.000000 0.000000 0.000000
    133 -0.106000 0.000000 64.320000 0.000000 0.000000 0.000000
    134 0.000000 0.000000 0.000000 0.000000 0.000000 0.000000
    135 0.000000 0.000000 0.000000 0.057694 0.072902 -0.039693
    136 9.842789 -4.991807 13.984874 -0.252569 -0.660723 0.173245
    137 0.106000 0.000000 -64.320000 0.000000 0.000000 0.000000
    138 0.000000 0.000000 0.000000 0.000000 0.000000 0.000000
    139 0.000000 0.000000 -4.867002 -3.141592 0.000000 -3.128591
    140 0.000000 0.000000 4.867000 -3.141592 0.000000 -3.128591
    141 4.000000 -6.500000 0.000000 0.000000 0.000000 0.000977
    142 -6.500000 0.000000 0.000000 0.000000 1.570796 0.000000
    143 1.000088 -0.000029 0.000000 0.000000 0.000000 0.000000
    144 17.162516 -0.000404 0.000000 0.000000 0.000000 0.119214
    145 9.999891 -0.000303 0.000000 0.000000 0.000000 0.000000
    146 1.000088 -0.000029 0.000000 0.000000 0.000000 0.000000
    147 17.162516 -0.000404 0.000000 0.000000 0.000000 0.119214
    148 9.499836 0.000212 0.000000 0.000000 0.000000 0.000000
    149 0.000000 0.000000 0.000000 0.000000 0.000000 0.000000
    150 17.749374 0.295515 0.000000 0.000000 0.000000 -1.158958
    151 0.017889 0.299792 0.000000 0.000000 0.000000 -0.059582
    152 12.283573 1.581456 -4.696000 1.462269 -0.086726 0.090185
    153 17.749376 0.295515 0.000000 0.000000 0.000000 -1.158958
    154 0.017889 0.299792 0.000000 0.000000 0.000000 -0.059582
    155 13.354000 0.000000 0.000000 0.000000 0.000000 -0.294101
    156 4.530998 0.000000 0.000000 0.000000 0.000000 0.000000
    157 0.000000 0.000000 0.000000 0.000000 0.000000 0.000000
    158 5.413524 0.000347 0.000000 0.000000 0.000000 -0.518055
    159 5.413524 0.000347 0.000000 0.000000 0.000000 -0.518055
    160 4.662001 -5.366332 4.825191 1.569713 1.561305 -3.121213
    161 3.116966 -0.000443 0.000000 0.000000 0.000000 0.294101
    162 4.531197 0.000000 0.000000 0.000000 0.000000 0.000000
    163 3.512001 -3.547000 -1.066000 0.000000 1.570796 0.000000
    164 3.456001 -3.517000 1.169000 0.000000 1.570796 0.000000
    165 6.233002 0.000000 0.000000 0.000000 0.000000 0.000000
    166 -0.171997 -0.106000 -0.902000 1.570713 1.029176 -3.134550
    167 5.757607 -6.797982 0.621113 -0.039645 -0.060522 -0.070565
    168 3.999434 -0.000528 -0.000332 0.735559 0.000072 -0.000012
    169 3.999901 0.000039 0.001011 -0.040745 0.000000 0.000000
    170 1.598000 0.000000 0.000000 0.000000 0.000000 0.000000
    171 -1.145525 0.000130 0.000668 0.000000 0.000000 0.000000
    172 2.299679 -2.499978 -0.599480 0.892021 0.221512 -0.527234
    173 6.756879 -1.320331 10.003936 -0.256256 0.533603 0.829488
    174 -9.580675 -27.862104 -37.184681 0.812874 -0.123459 -0.568474
    175 0.649933 -0.548295 0.093651 -1.665913 -0.131399 -0.112062
    176 0.657078 0.008402 0.040371 -1.665945 -0.131407 -0.000013
    177 0.665776 0.747221 -0.029190 -1.665935 -0.131408 0.094976
    178 2.300137 -2.499413 0.600155 -0.891917 -0.221566 -0.527266
    179 11.962793 0.942966 3.328854 1.764063 -0.255053 0.173401
    180 2.762350 0.116951 1.523975 1.629482 0.064153 1.743800
    181 7.228321 7.928195 -3.925652 2.328643 0.123441 -0.568443
    182 0.650394 -0.547730 -0.092979 1.665913 0.131399 -0.112062
    183 0.657069 0.008399 -0.040379 1.665945 0.131407 -0.000013
    184 0.665772 0.747219 0.029182 1.665935 0.131408 0.094976
    185 -4.481003 -0.202000 0.000000 0.000000 0.000000 0.000000
    186 -5.516998 -0.291000 -0.001000 0.000000 0.000000 0.000000
    187 -0.857695 0.104072 0.104687 0.023536 0.163924 0.013632
    188 1.899119 0.000427 -0.000439 0.027386 -0.033311 0.477848
    189 1.799660 -0.000240 0.000231 0.027386 -0.033311 0.477848
    190 1.799660 -0.000240 0.000231 0.027386 -0.033311 0.477848
    191 1.799660 -0.000240 0.000231 0.027386 -0.033311 0.477848
    192 1.900312 -0.000137 -0.000517 0.027386 -0.033311 0.477848
    193 1.899437 -0.000313 -0.000151 -0.027386 0.033311 0.477848
    194 1.799659 -0.000237 -0.000233 -0.027386 0.033311 0.477848
    195 1.799659 -0.000237 -0.000233 -0.027386 0.033311 0.477848
    196 1.799659 -0.000237 -0.000233 -0.027386 0.033311 0.477848
    197 1.900725 0.000557 -0.000072 -0.027386 0.033311 0.477848
    198 0.599884 0.400188 -0.000027 0.000000 0.000000 0.000000
    199 0.599888 0.400187 0.000031 0.000000 0.000000 -3.141592
    200 0.599503 0.400696 0.000235 0.000000 0.000000 0.000000
    201 0.599983 0.000044 -0.000010 0.000000 0.000000 -3.141592
  time 4
    0 0.000000 0.000000 0.000000 0.000000 0.000000 -1.570796
    1 -0.106323 0.000000 -0.000198 0.000000 0.000000 0.000000
    2 0.000000 0.000000 0.000000 0.000000 0.000000 0.000000
    3 -0.904000 0.000000 -11.806000 0.000000 0.000000 0.000000
    4 0.000000 0.000000 -14.313999 0.000000 -1.570796 1.570857
    5 3.533001 0.000000 0.000000 0.000000 0.000000 0.000000
    6 6.250000 0.000000 0.000000 0.000000 0.000000 0.000000
    7 9.568951 1.914146 -1.819016 -0.161258 1.437113 -0.160020
    8 9.568951 1.597730 1.498706 -0.562797 -1.312944 0.547609
    9 5.790726 0.002787 -0.000113 -0.682806 0.260580 -1.249131
    10 5.999492 -0.000592 -4.000343 0.000000 0.000000 0.000000
    11 5.787410 0.002582 0.000893 0.967838 -0.579988 -0.724578
    12 5.999492 -0.000592 4.000336 0.000000 0.000000 0.000000
    13 0.500225 0.000133 -0.000088 -0.033980 0.000000 0.000000
    14 11.534559 0.000348 -0.001312 -0.000017 0.000009 -1.028538
    15 -0.829338 0.893824 0.079659 -0.148839 0.047645 0.087266
    16 0.500225 0.000132 0.000076 -0.411007 0.000000 0.000000
    17 11.532495 0.004432 -0.000089 0.000090 0.000026 -2.664038
    18 -0.829586 0.894698 -0.079464 0.045377 -0.019621 0.087266
    19 10.599884 0.000105 -0.000553 1.187368 0.000000 0.000000
    20 0.162635 -0.290806 -0.000805 -0.000048 0.000023 0.514292
    21 11.042057 -0.000189 0.004704 1.197659 -0.090536 -0.226182
    22 -1.214832 0.203470 -0.477489 -0.135025 -0.078677 -0.001289
    23 10.599880 0.000105 0.000549 0.643420 -0.000024 0.000108
    24 1.693930 -0.407997 0.000801 0.000000 -0.000011 1.332008
    25 11.041742 0.003171 -0.000571 0.558830 0.326418 0.882822
    26 -1.063377 0.077663 0.150230 0.045121 0.020046 -0.012850
    27 0.610302 -0.939470 0.070343 -1.655093 0.119867 -0.197572
    28 0.639940 -0.199121 0.060188 -1.665909 0.128339 -0.091195
    29 0.600155 1.080261 -0.339535 -1.744653 0.277908 0.062706
    30 0.610207 0.400743 -0.010101 -1.765603 0.194483 -0.007104
    31 0.634715 -0.693997 -0.236250 0.142960 0.513467 -1.255257
    32 -0.792125 0.203736 0.461300 1.439074 -0.003453 -0.018305
    33 0.610300 -0.939469 -0.070351 1.655384 0.140025 -0.175537
    34 0.639937 -0.199121 -0.060200 1.671282 0.183109 -0.036771
    35 0.600157 1.080259 0.339531 1.741685 0.106920 0.153702
    36 0.610205 0.400743 0.010086 1.766615 0.125838 0.080304
    37 0.624002 -0.695300 0.232270 -0.554205 -0.541346 -1.150973
    38 -0.626031 -0.069983 -0.080517 -1.447153 0.086151 0.021559
    39 2.621377 -0.002532 -0.001438 0.266190 0.044699 -0.162385
    40 2.664743 0.000397 -0.000071 0.011793 -0.059628 0.017850
    41 2.206394 0.003368 -0.006769 -0.258630 -0.510097 0.280456
    42 0.599952 0.959240 -0.300102 -0.174544 0.000000 0.000000
    43 2.557190 -0.001967 0.006359 -0.023298 -0.148191 0.060632
    44 2.095024 -0.003873 -0.002193 -0.277774 0.222943 0.402577
    45 0.999380 -0.000236 -1.154680 -0.000001 0.000000 0.000000
    46 -0.122639 -0.721856 0.661690 -0.486644 0.223964 0.243056
    47 2.622113 -0.004555 0.006647 0.088150 0.283607 0.175248
    48 2.658203 0.000780 0.000161 0.328288 0.324445 0.981184
    49 2.199219 0.000516 -0.000122 0.262846 0.022920 1.089811
    50 0.599951 0.959244 0.300102 0.174544 0.000000 0.000000
    51 2.558594 -0.000149 -0.000031 0.266888 0.214957 1.052934
    52 2.103851 0.005614 -0.001014 0.491739 -0.399467 0.655417
    53 0.999374 -0.000237 1.201549 0.000048 0.000000 0.736314
    54 0.310846 -0.606445 -0.498005 0.308107 -0.197598 0.313976
    55 1.869163 -0.004741 -0.000994 0.000053 0.000004 0.314512
    56 1.200941 0.399582 -0.000237 -0.009465 0.016087 0.007127
    57 0.000586 0.100342 -0.000319 -0.120035 -0.021926 -0.209617
    58 -0.161663 0.051712 0.194808 -2.941982 0.122408 -0.060194
    59 2.010092 -0.007109 -0.003377 0.000018 0.000013 0.337875
    60 0.000240 0.099802 -0.000395 -0.018823 0.010833 -0.239219
    61 -0.203197 0.048607 0.069150 -3.093332 0.033217 -0.046722
    62 1.180428 -0.006214 0.000780 -0.000014 0.000060 0.268797
    63 -0.000196 0.099625 -0.000034 0.000000 0.000000 -0.314102
    64 -0.088736 -0.688435 -0.145203 2.930407 -0.136130 0.513013
    65 1.715976 -0.003328 0.003818 0.000023 -0.000021 0.222812
    66 -0.000580 0.100145 -0.000311 -0.010914 0.023131 -0.260841
    67 -0.146030 -0.232426 -0.014225 3.028455 -0.094299 0.113020
    68 1.290632 0.000362 -0.000032 0.000000 0.000060 -0.177923
    69 -0.658121 -0.003575 0.072645 -0.142711 0.027792 -0.077299
    70 1.868080 -0.003049 0.006083 0.000003 -0.000021 0.376783
    71 1.200079 0.399944 -0.000093 0.009465 -0.016087 0.007127
    72 0.000591 0.100342 0.000319 0.120035 0.021926 -0.209617
    73 0.068077 0.002285 -0.080050 3.111376 -0.069366 -0.060847
    74 2.007813 -0.000882 -0.000381 0.000049 -0.000037 1.297777
    75 0.000229 0.099802 0.000395 0.018823 -0.010833 -0.239219
    76 -0.018673 -0.001009 0.047544 3.109244 0.002635 -0.106673
    77 1.178665 0.001595 0.000845 -0.000038 0.000078 0.669112
    78 -0.000198 0.099628 0.000034 0.000000 0.000000 -0.314102
    79 0.036892 -0.634449 0.266284 -2.801062 0.174301 0.490914
    80 1.708008 0.000721 0.000200 0.000000 0.000000 1.071623
    81 -0.000576 0.100136 0.000311 0.010912 -0.023129 -0.260841
    82 -0.003952 -0.281811 0.115047 -3.059162 0.089004 0.167964
    83 1.289627 0.003949 0.000061 -0.000026 -0.000045 0.240818
    84 -0.171528 -0.018148 -0.099873 0.013484 -0.062184 -0.011780
    85 0.912716 0.007240 0.001326 0.000019 0.000021 0.032163
    86 -0.342617 0.053404 -0.025571 -2.909301 -0.017248 0.075276
    87 1.100231 -0.000930 -0.002434 0.000009 0.000014 0.050145
    88 -0.384983 0.330998 0.006848 -3.087207 -0.018765 -0.184279
    89 0.678146 0.006192 0.000002 -0.000078 -0.000079 -0.001777
    90 -0.123848 0.072737 0.029507 2.898184 -0.060627 0.094834
    91 1.017166 -0.000154 -0.000252 -0.000023 -0.000014 0.068934
    92 -0.344986 0.123129 0.143151 2.994981 0.012396 0.059140
    93 -0.730988 0.177046 0.039141 -0.123731 0.076518 -0.084310
    94 0.921993 0.001298 -0.000896 -0.000002 -0.000011 0.045485
    95 -0.124027 -0.052092 0.038496 3.077813 -0.008519 0.039229
    96 1.100430 -0.003552 0.000503 -0.000006 0.000018 0.904181
    97 -0.330082 0.160641 0.042780 3.128073 0.034033 -0.171236
    98 0.675854 0.001531 0.003272 0.000002 0.000003 0.945893
    99 -0.019516 -0.016531 0.038578 -2.763781 0.050305 0.076828
    100 1.018555 -0.000026 -0.000397 0.000000 0.000000 0.984486
    101 -0.155312 0.130643 -0.021921 -3.022466 0.022433 -0.024903
    102 -0.252209 0.061937 -0.024914 -0.007671 -0.063171 -0.044392
    103 -0.085991 0.185203 -0.015180 -2.937063 -0.113970 -0.138991
    104 -0.286537 0.179852 0.024264 -3.109353 -0.049645 -0.029915
    105 -0.019489 0.147084 0.079203 2.893815 0.038585 -0.060594
    106 -0.046482 0.251898 0.129548 3.016165 0.077112 -0.042864
    107 0.039120 -0.040298 0.047739 3.084219 0.030470 -0.037414
    108 -0.233757 0.066630 0.001754 -3.133086 0.040141 -0.065413
    109 0.044266 0.020128 0.001684 -2.778763 -0.118872 -0.040488
    110 0.071495 0.074127 -0.048302 -3.035917 -0.059482 0.104366
    111 0.000000 0.000000 0.000000 0.000000 0.000000 -1.570796
    112 1.628956 -6.480667 1.160192 -0.401518 -0.836986 0.357663
    113 -6.355663 14.406690 -16.359874 -2.014430 -1.419359 0.961124
    114 -1.542000 0.000000 1.810000 0.000000 0.000000 0.000000
    115 5.561000 0.000000 1.165000 0.000000 0.000000 0.000000
    116 -1.912000 0.003000 0.278000 0.000000 0.000000 0.000000
    117 1.947000 -0.003000 -0.278000 0.000000 0.000000 0.000000
    118 -3.830000 0.003000 0.015000 0.000000 0.000000 0.000000
    119 -2.941000 -0.003000 0.381000 0.000000 0.000000 0.000000
    120 -2.941000 -0.003000 0.381000 0.000000 0.000000 0.000000
    121 -0.070000 -0.003000 0.481000 0.000000 0.000000 0.000000
    122 1.771000 -0.314000 1.250000 0.000000 0.000000 -1.570796
    123 3.818000 0.000000 -0.014000 0.000000 0.000000 0.000000
    124 -0.470000 0.000000 -3.437000 0.000000 0.000000 0.000000
    125 -0.024000 0.000000 3.200000 0.000000 0.305210 0.000000
    126 -0.055985 0.000000 1.166089 0.000000 -0.382459 0.000000
    127 -47.603577 23.641346 -34.828504 0.202950 0.890231 -0.079879
    128 -2.238000 0.000000 -3.188000 0.000000 0.000000 0.000000
    129 3.319000 0.000000 3.458000 0.000000 -0.159168 0.000000
    130 0.000000 0.000000 0.000000 0.000000 0.000000 0.000000
    131 0.533000 0.511000 -0.841000 0.000000 0.000000 0.000000
    132 0.000000 0.000000 0.000000 0.000000 0.000000 0.000000
    133 -0.106000 0.000000 64.320000 0.000000 0.000000 0.000000
    134 0.000000 0.000000 0.000000 0.000000 0.000000 0.000000
    135 0.000000 0.000000 0.000000 0.050467 0.078427 -0.051162
    136 9.104485 -4.577732 18.738925 -0.401436 -0.837001 0.357585
    137 0.106000 0.000000 -64.320000 0.000000 0.000000 0.000000
    138 0.000000 0.000000 0.000000 0.000000 0.000000 0.000000
    139 0.000000 0.000000 -4.867002 -3.141592 0.000000 -3.128591
    140 0.000000 0.000000 4.867000 -3.141592 0.000000 -3.128591
    141 4.000000 -6.500000 0.000000 0.000000 0.000000 0.000977
    142 -6.500000 0.000000 0.000000 0.000000 1.570796 0.000000
    143 1.000088 -0.000029 0.000000 0.000000 0.000000 0.000000
    144 17.162516 -0.000404 0.000000 0.000000 0.000000 0.119214
    145 9.999891 -0.000303 0.000000 0.000000 0.000000 0.000000
    146 1.000088 -0.000029 0.000000 0.000000 0.000000 0.000000
    147 17.162516 -0.000404 0.000000 0.000000 0.000000 0.119214
    148 9.499836 0.000212 0.000000 0.000000 0.000000 0.000000
    149 0.000000 0.000000 0.000000 0.000000 0.000000 0.000000
    150 17.749374 0.295515 0.000000 0.000000 0.000000 -1.158958
    151 0.017889 0.299792 0.000000 0.000000 0.000000 -0.059582
    152 12.283573 1.581456 -4.696000 1.462269 -0.086726 0.090185
    153 17.749376 0.295515 0.000000 0.000000 0.000000 -1.158958
    154 0.017889 0.299792 0.000000 0.000000 0.000000 -0.059582
    155 13.354000 0.000000 0.000000 0.000000 0.000000 -0.294101
    156 4.530998 0.000000 0.000000 0.000000 0.000000 0.000000
    157 0.000000 0.000000 0.000000 0.000000 0.000000 0.000000
    158 5.413524 0.000347 0.000000 0.000000 0.000000 -0.518055
    159 5.413524 0.000347 0.000000 0.000000 0.000000 -0.518055
    160 4.662001 -5.366332 4.825191 1.569713 1.561305 -3.121213
    161 3.116966 -0.000443 0.000000 0.000000 0.000000 0.294101
    162 4.531197 0.000000 0.000000 0.000000 0.000000 0.000000
    163 3.512001 -3.547000 -1.066000 0.000000 1.570796 0.000000
    164 3.456001 -3.517000 1.169000 0.000000 1.570796 0.000000
    165 6.233002 0.000000 0.000000 0.000000 0.000000 0.000000
    166 -0.171997 -0.106000 -0.902000 1.570713 1.029176 -3.134550
    167 5.730262 -6.809701 0.667989 -0.051078 -0.054410 -0.075767
    168 3.999434 -0.000528 -0.000332 0.593616 0.000000 0.000000
    169 3.999901 0.000039 0.001011 0.321654 0.000000 0.000000
    170 1.598000 0.000000 0.000000 0.000000 0.000000 0.000000
    171 -1.145525 0.000130 0.000668 0.000000 0.000000 0.000000
    172 2.299679 -2.499978 -0.599480 0.892021 0.221512 -0.527234
    173 6.397493 -3.043040 16.664295 -0.408618 0.056032 0.875648
    174 -9.580675 -27.862104 -37.184681 0.812874 -0.123459 -0.568474
    175 0.649933 -0.548295 0.093651 -1.665913 -0.131399 -0.112062
    176 0.657078 0.008402 0.040371 -1.665945 -0.131407 -0.000013
    177 0.665776 0.747221 -0.029190 -1.665935 -0.131408 0.094976
    178 2.300137 -2.499413 0.600155 -0.891917 -0.221566 -0.527266
    179 11.962793 0.942966 3.328854 1.764063 -0.255053 0.173401
    180 2.762350 0.116951 1.523975 1.629482 0.064153 1.743800
    181 7.228321 7.928195 -3.925652 2.328643 0.123441 -0.568443
    182 0.650394 -0.547730 -0.092979 1.665913 0.131399 -0.112062
    183 0.657069 0.008399 -0.040379 1.665945 0.131407 -0.000013
    184 0.665772 0.747219 0.029182 1.665935 0.131408 0.094976
    185 -4.481003 -0.202000 0.000000 0.000000 0.000000 0.000000
    186 -5.516998 -0.291000 -0.001000 0.000000 0.000000 0.000000
    187 -0.857695 0.104072 0.104687 0.023536 0.163924 0.013632
    188 1.899119 0.000427 -0.000439 0.027386 -0.033311 0.477848
    189 1.799660 -0.000240 0.000231 0.027386 -0.033311 0.477848
    190 1.799660 -0.000240 0.000231 0.027386 -0.033311 0.477848
    191 1.799660 -0.000240 0.000231 0.027386 -0.033311 0.477848
    192 1.900312 -0.000137 -0.000517 0.027386 -0.033311 0.477848
    193 1.899437 -0.000313 -0.000151 -0.027386 0.033311 0.477848
    194 1.799659 -0.000237 -0.000233 -0.027386 0.033311 0.477848
    195 1.799659 -0.000237 -0.000233 -0.027386 0.033311 0.477848
    196 1.799659 -0.000237 -0.000233 -0.027386 0.033311 0.477848
    197 1.900725 0.000557 -0.000072 -0.027386 0.033311 0.477848
    198 0.599884 0.400188 -0.000027 0.000000 0.000000 0.000000
    199 0.599888 0.400187 0.000031 0.000000 0.000000 -3.141592
    200 0.599503 0.400696 0.000235 0.000000 0.000000 0.000000
    201 0.599983 0.000044 -0.000010 0.000000 0.000000 -3.141592
  time 5
    0 0.000000 0.000000 0.000000 0.000000 0.000000 -1.570796
    1 -0.106323 0.000000 -0.000198 0.000000 0.000000 0.000000
    2 0.000000 0.000000 0.000000 0.000000 0.000000 0.000000
    3 -0.904000 0.000000 -11.806000 0.000000 0.000000 0.000000
    4 0.000000 0.000000 -14.313999 0.000000 -1.570796 1.570857
    5 3.533001 0.000000 0.000000 0.000000 0.000000 0.000000
    6 6.250000 0.000000 0.000000 0.000000 0.000000 0.000000
    7 9.568951 1.914146 -1.819016 -0.161083 1.437066 -0.160020
    8 9.568951 1.312565 1.440110 -0.685070 -1.290401 0.665494
    9 5.790726 0.002787 -0.000113 -0.448535 0.518615 -0.724311
    10 5.999492 -0.000592 -4.000343 0.000000 0.000000 0.000000
    11 5.791316 0.002582 0.004799 1.233249 -0.046159 -0.607910
    12 5.999492 -0.000592 4.000336 0.000000 0.000000 0.000000
    13 0.500225 0.000133 -0.000088 0.018412 0.000000 0.000000
    14 11.534559 0.004255 -0.001312 -0.000005 0.000009 -1.677817
    15 -0.829338 0.893824 0.079659 -0.148839 0.047645 0.087266
    16 0.500225 0.000132 0.000076 -0.597833 0.000000 0.000000
    17 11.536401 0.000526 -0.000089 -0.000078 -0.000046 -2.297505
    18 -0.829586 0.894698 -0.079464 0.045377 -0.019621 0.087266
    19 10.599884 0.000105 -0.000553 0.951890 -0.000072 0.000024
    20 0.572804 -0.521282 -0.000805 0.000000 0.000011 0.838852
    21 11.042057 0.003717 0.000798 0.938661 -0.132639 0.143530
    22 -1.214832 0.203470 -0.477489 -0.135025 -0.078677 -0.001289
    23 10.599880 0.000105 0.000549 0.979708 -0.000012 0.000048
    24 1.291574 -0.575971 0.000801 0.000024 0.000049 1.148754
    25 11.041742 0.003171 -0.000571 0.873242 0.134899 0.829777
    26 -1.063377 0.077663 0.150230 0.045121 0.020046 -0.012850
    27 0.610302 -0.939470 0.070343 -1.655093 0.119879 -0.197560
    28 0.639940 -0.199121 0.060188 -1.665960 0.128375 -0.091183
    29 0.600155 1.080261 -0.339535 -1.744653 0.277920 0.062706
    30 0.610207 0.400743 -0.010101 -1.765603 0.194483 -0.007080
    31 0.630809 -0.690090 -0.232343 0.109967 0.585160 -1.254281
    32 -0.792125 0.203736 0.461300 1.439074 -0.003453 -0.018305
    33 0.610300 -0.939469 -0.070351 1.655384 0.140025 -0.175537
    34 0.639937 -0.199121 -0.060200 1.671282 0.183109 -0.036771
    35 0.600157 1.080259 0.339531 1.741685 0.106920 0.153702
    36 0.610205 0.400743 0.010086 1.766615 0.125838 0.080304
    37 0.624002 -0.695300 0.236176 -0.529132 -0.534918 -1.176284
    38 -0.626031 -0.069983 -0.080517 -1.447153 0.086151 0.021559
    39 2.625284 -0.006439 -0.001438 0.249482 0.084650 -0.122897
    40 2.664743 0.000397 -0.000071 0.011393 -0.054067 0.075366
    41 2.206394 0.003368 -0.006769 -0.290161 -0.417541 0.293856
    42 0.599952 0.959240 -0.300102 -0.174544 0.000000 0.000000
    43 2.557190 -0.001967 0.006359 -0.035302 -0.139909 0.107865
    44 2.095024 -0.003873 -0.002193 -0.264687 0.250838 0.458584
    45 0.999380 -0.000236 -1.182025 -0.000001 0.000000 0.000000
    46 -0.122639 -0.721856 0.661690 -0.486644 0.223964 0.243056
    47 2.622113 -0.000648 0.006647 0.084666 0.260129 0.158789
    48 2.658203 0.000780 0.000161 0.328288 0.324445 0.981184
    49 2.199219 0.000516 -0.000122 0.262846 0.022920 1.089811
    50 0.599951 0.959244 0.300102 0.174544 0.000000 0.000000
    51 2.558594 -0.000149 -0.000031 0.266888 0.214957 1.052934
    52 2.103851 0.005614 -0.001014 0.494776 -0.395560 0.646967
    53 0.999374 -0.000237 1.174205 0.000048 0.000000 0.736314
    54 0.310846 -0.606445 -0.498005 0.308107 -0.197598 0.313976
    55 1.873069 -0.004741 -0.000994 -0.000007 0.000004 0.602628
    56 1.200941 0.399582 -0.000237 -0.009465 0.016087 0.007127
    57 0.000586 0.100342 -0.000319 -0.120035 -0.021926 -0.209617
    58 -0.161663 0.051712 0.194808 -2.941982 0.122408 -0.060194
    59 2.010092 -0.007109 -0.003377 0.000042 0.000060 0.601728
    60 0.000240 0.099802 -0.000395 -0.018823 0.010833 -0.239219
    61 -0.203197 0.048607 0.069150 -3.093332 0.033217 -0.046722
    62 1.180428 -0.006214 0.000780 -0.000014 0.000000 0.531293
    63 -0.000196 0.099625 -0.000034 0.000000 0.000000 -0.314102
    64 -0.088736 -0.688435 -0.145203 2.930407 -0.136130 0.513013
    65 1.715976 0.000578 -0.000088 0.000023 -0.000021 0.448670
    66 -0.000580 0.100145 -0.000311 -0.010914 0.023131 -0.260841
    67 -0.146030 -0.232426 -0.014225 3.028455 -0.094299 0.113020
    68 1.290632 0.000362 -0.000032 0.000000 0.000000 0.084698
    69 -0.658121 -0.003575 0.072645 -0.142711 0.027792 -0.077299
    70 1.868080 -0.003049 0.006083 -0.000057 -0.000009 0.325893
    71 1.200079 0.399944 -0.000093 0.009465 -0.016087 0.007127
    72 0.000591 0.100342 0.000319 0.120035 0.021926 -0.209617
    73 0.068077 0.002285 -0.080050 3.111376 -0.069366 -0.060847
    74 2.007813 -0.000882 -0.000381 0.000049 -0.000037 1.297777
    75 0.000229 0.099802 0.000395 0.018823 -0.010833 -0.239219
    76 -0.018673 -0.001009 0.047544 3.109244 0.002635 -0.106673
    77 1.178665 0.001595 0.000845 -0.000038 0.000078 0.669112
    78 -0.000198 0.099628 0.000034 0.000000 0.000000 -0.314102
    79 0.036892 -0.634449 0.266284 -2.801062 0.174301 0.490914
    80 1.708008 0.000721 0.000200 0.000000 0.000000 1.071623
    81 -0.000576 0.100136 0.000311 0.010912 -0.023129 -0.260841
    82 -0.003952 -0.281811 0.115047 -3.059162 0.089004 0.167964
    83 1.289627 0.003949 0.000061 -0.000014 0.000003 0.214674
    84 -0.171528 -0.018148 -0.099873 0.013484 -0.062184 -0.011780
    85 0.912716 0.007240 0.001326 0.000019 0.000021 0.341315
    86 -0.342617 0.053404 -0.025571 -2.909301 -0.017248 0.075276
    87 1.100231 -0.000930 -0.002434 -0.000003 -0.000046 0.394216
    88 -0.384983 0.330998 0.006848 -3.087207 -0.018765 -0.184279
    89 0.678146 0.002286 -0.003905 -0.000018 -0.000019 0.321100
    90 -0.123848 0.072737 0.029507 2.898184 -0.060627 0.094834
    91 1.017166 -0.000154 -0.000252 -0.000023 -0.000014 0.437062
    92 -0.344986 0.123129 0.143151 2.994981 0.012396 0.059140
    93 -0.730988 0.177046 0.039141 -0.123731 0.076518 -0.084310
    94 0.921993 0.005205 -0.000896 -0.000002 0.000061 -0.005438
    95 -0.124027 -0.052092 0.038496 3.077813 -0.008519 0.039229
    96 1.100430 -0.007458 0.000503 -0.000018 0.000018 0.904181
    97 -0.330082 0.160641 0.042780 3.128073 0.034033 -0.171236
    98 0.675854 0.001531 0.003272 0.000002 0.000003 0.945893
    99 -0.019516 -0.016531 0.038578 -2.763781 0.050305 0.076828
    100 1.018555 -0.000026 -0.000397 0.000000 0.000000 0.984486
    101 -0.155312 0.130643 -0.021921 -3.022466 0.022433 -0.024903
    102 -0.252209 0.061937 -0.024914 -0.007671 -0.063171 -0.044392
    103 -0.085991 0.185203 -0.015180 -2.937063 -0.113970 -0.138991
    104 -0.286537 0.179852 0.024264 -3.109353 -0.049645 -0.029915
    105 -0.019489 0.147084 0.079203 2.893815 0.038585 -0.060594
    106 -0.046482 0.251898 0.129548 3.016165 0.077112 -0.042864
    107 0.039120 -0.040298 0.047739 3.084219 0.030470 -0.037414
    108 -0.233757 0.066630 0.001754 -3.133086 0.040141 -0.065413
    109 0.044266 0.020128 0.001684 -2.778763 -0.118872 -0.040488
    110 0.071495 0.074127 -0.048302 -3.035917 -0.059482 0.104366
    111 0.000000 0.000000 0.000000 0.000000 0.000000 -1.570796
    112 1.132847 -6.316599 6.168157 -0.684310 -0.938408 0.595264
    113 -8.547136 11.672231 -13.707450 -2.026065 -1.214684 0.989680
    114 -1.542000 0.000000 1.810000 0.000000 0.000000 0.000000
    115 5.561000 0.000000 1.165000 0.000000 0.000000 0.000000
    116 -1.912000 0.003000 0.278000 0.000000 0.000000 0.000000
    117 1.947000 -0.003000 -0.278000 0.000000 0.000000 0.000000
    118 -3.830000 0.003000 0.015000 0.000000 0.000000 0.000000
    119 -2.941000 -0.003000 0.381000 0.000000 0.000000 0.000000
    120 -2.941000 -0.003000 0.381000 0.000000 0.000000 0.000000
    121 -0.070000 -0.003000 0.481000 0.000000 0.000000 0.000000
    122 1.771000 -0.314000 1.250000 0.000000 0.000000 -1.570796
    123 3.818000 0.000000 -0.014000 0.000000 0.000000 0.000000
    124 -0.470000 0.000000 -3.437000 0.000000 0.000000 0.000000
    125 -0.024000 0.000000 3.200000 0.000000 0.305210 0.000000
    126 -0.055985 0.000000 1.166089 0.000000 -0.382459 0.000000
    127 -54.795203 32.360363 -26.750133 0.361386 1.059242 -0.024628
    128 -2.238000 0.000000 -3.188000 0.000000 0.000000 0.000000
    129 3.319000 0.000000 3.458000 0.000000 -0.159168 0.000000
    130 0.000000 0.000000 0.000000 0.000000 0.000000 0.000000
    131 0.533000 0.511000 -0.841000 0.000000 0.000000 0.000000
    132 0.000000 0.000000 0.000000 0.000000 0.000000 0.000000
    133 -0.106000 0.000000 64.320000 0.000000 0.000000 0.000000
    134 0.000000 0.000000 0.000000 0.000000 0.000000 0.000000
    135 0.000000 0.000000 0.000000 0.042629 0.080033 -0.066119
    136 7.510686 -3.616765 24.504726 -0.684413 -0.938413 0.595274
    137 0.106000 0.000000 -64.320000 0.000000 0.000000 0.000000
    138 0.000000 0.000000 0.000000 0.000000 0.000000 0.000000
    139 0.000000 0.000000 -4.867002 -3.141592 0.000000 -3.128591
    140 0.000000 0.000000 4.867000 -3.141592 0.000000 -3.128591
    141 4.000000 -6.500000 0.000000 0.000000 0.000000 0.000977
    142 -6.500000 0.000000 0.000000 0.000000 1.570796 0.000000
    143 1.000088 -0.000029 0.000000 0.000000 0.000000 0.000000
    144 17.162516 -0.000404 0.000000 0.000000 0.000000 0.119214
    145 9.999891 -0.000303 0.000000 0.000000 0.000000 0.000000
    146 1.000088 -0.000029 0.000000 0.000000 0.000000 0.000000
    147 17.162516 -0.000404 0.000000 0.000000 0.000000 0.119214
    148 9.499836 0.000212 0.000000 0.000000 0.000000 0.000000
    149 0.000000 0.000000 0.000000 0.000000 0.000000 0.000000
    150 17.749374 0.295515 0.000000 0.000000 0.000000 -1.158958
    151 0.017889 0.299792 0.000000 0.000000 0.000000 -0.059582
    152 12.283573 1.581456 -4.696000 1.462269 -0.086726 0.090185
    153 17.749376 0.295515 0.000000 0.000000 0.000000 -1.158958
    154 0.017889 0.299792 0.000000 0.000000 0.000000 -0.059582
    155 13.354000 0.000000 0.000000 0.000000 0.000000 -0.294101
    156 4.530998 0.000000 0.000000 0.000000 0.000000 0.000000
    157 0.000000 0.000000 0.000000 0.000000 0.000000 0.000000
    158 5.413524 0.000347 0.000000 0.000000 0.000000 -0.518055
    159 5.413524 0.000347 0.000000 0.000000 0.000000 -0.518055
    160 4.662001 -5.366332 4.825191 1.569713 1.561305 -3.121213
    161 3.116966 -0.000443 0.000000 0.000000 0.000000 0.294101
    162 4.531197 0.000000 0.000000 0.000000 0.000000 0.000000
    163 3.512001 -3.547000 -1.066000 0.000000 1.570796 0.000000
    164 3.456001 -3.517000 1.169000 0.000000 1.570796 0.000000
    165 6.233002 0.000000 0.000000 0.000000 0.000000 0.000000
    166 -0.171997 -0.106000 -0.902000 1.570713 1.029176 -3.134550
    167 5.706824 -6.821420 0.714866 -0.065975 -0.047831 -0.077061
    168 3.999434 -0.000528 -0.000332 0.475969 0.000000 0.000000
    169 3.999901 0.000039 0.001011 0.489775 0.000000 0.000000
    170 1.598000 0.000000 0.000000 0.000000 0.000000 0.000000
    171 -1.145525 0.000130 0.000668 0.000000 0.000000 0.000000
    172 2.299679 -2.499978 -0.599480 0.892021 0.221512 -0.527234
    173 8.686625 -5.082164 21.996489 -0.580824 -0.326092 0.885451
    174 -9.580675 -27.862104 -37.184681 0.812874 -0.123459 -0.568474
    175 0.649933 -0.548295 0.093651 -1.665913 -0.131399 -0.112062
    176 0.657078 0.008402 0.040371 -1.665945 -0.131407 -0.000013
    177 0.665776 0.747221 -0.029190 -1.665935 -0.131408 0.094976
    178 2.300137 -2.499413 0.600155 -0.891917 -0.221566 -0.527266
    179 11.962793 0.942966 3.328854 1.764063 -0.255053 0.173401
    180 2.762350 0.116951 1.523975 1.629482 0.064153 1.743800
    181 7.228321 7.928195 -3.925652 2.328572 0.123441 -0.568443
    182 0.650394 -0.547730 -0.092979 1.665913 0.131399 -0.112062
    183 0.657069 0.008399 -0.040379 1.665945 0.131407 -0.000013
    184 0.665772 0.747219 0.029182 1.665935 0.131408 0.094976
    185 -4.481003 -0.202000 0.000000 0.000000 0.000000 0.000000
    186 -5.516998 -0.291000 -0.001000 0.000000 0.000000 0.000000
    187 -0.857695 0.104072 0.104687 0.023536 0.163924 0.013632
    188 1.899119 0.000427 -0.000439 0.027386 -0.033311 0.477848
    189 1.799660 -0.000240 0.000231 0.027386 -0.033311 0.477848
    190 1.799660 -0.000240 0.000231 0.027386 -0.033311 0.477848
    191 1.799660 -0.000240 0.000231 0.027386 -0.033311 0.477848
    192 1.900312 -0.000137 -0.000517 0.027386 -0.033311 0.477848
    193 1.899437 -0.000313 -0.000151 -0.027386 0.033311 0.477848
    194 1.799659 -0.000237 -0.000233 -0.027386 0.033311 0.477848
    195 1.799659 -0.000237 -0.000233 -0.027386 0.033311 0.477848
    196 1.799659 -0.000237 -0.000233 -0.027386 0.033311 0.477848
    197 1.900725 0.000557 -0.000072 -0.027386 0.033311 0.477848
    198 0.599884 0.400188 -0.000027 0.000000 0.000000 0.000000
    199 0.599888 0.400187 0.000031 0.000000 0.000000 -3.141592
    200 0.599503 0.400696 0.000235 0.000000 0.000000 0.000000
    201 0.599983 0.000044 -0.000010 0.000000 0.000000 -3.141592
  time 6
    0 0.000000 0.000000 0.000000 0.000000 0.000000 -1.570796
    1 -0.106323 0.000000 -0.000198 0.000000 0.000000 0.000000
    2 0.000000 0.000000 0.000000 0.000000 0.000000 0.000000
    3 -0.904000 0.000000 -11.806000 0.000000 0.000000 0.000000
    4 0.000000 0.000000 -14.313999 0.000000 -1.570796 1.570857
    5 3.533001 0.000000 0.000000 0.000000 0.000000 0.000000
    6 6.250000 0.000000 0.000000 0.000000 0.000000 0.000000
    7 9.568951 1.914146 -1.819016 -0.161083 1.436971 -0.159933
    8 9.568951 0.000025 1.404953 -0.728661 -1.280340 0.707287
    9 5.790726 0.002787 -0.000113 0.036236 0.594389 0.072586
    10 5.999492 -0.000592 -4.000343 0.000000 0.000000 0.000000
    11 5.791316 0.002582 0.000893 1.314832 0.178903 -0.637694
    12 5.999492 -0.000592 4.000336 0.000000 0.000000 0.000000
    13 0.500225 0.000133 -0.000088 0.096585 0.000000 0.000000
    14 11.534559 0.004255 -0.001312 0.000127 0.000009 -2.200746
    15 -0.829338 0.893824 0.079659 -0.148839 0.047645 0.087266
    16 0.500225 0.000132 0.000076 -0.562224 0.000000 0.000000
    17 11.532495 0.000526 -0.000089 -0.000042 0.000014 -2.062965
    18 -0.829586 0.894698 -0.079464 0.045377 -0.019621 0.087266
    19 10.599884 0.000105 -0.000553 0.657281 0.000000 0.000000
    20 1.166572 -0.595503 -0.000805 0.000000 0.000011 1.100365
    21 11.042057 -0.000189 0.000798 0.641931 -0.148051 0.200514
    22 -1.214832 0.203470 -0.477489 -0.135025 -0.078677 -0.001289
    23 10.599880 0.000105 0.000549 0.951787 -0.000060 0.000024
    24 1.002503 -0.599409 0.000801 0.000000 -0.000011 1.031406
    25 11.041742 0.003171 -0.000571 0.869376 0.121402 0.736118
    26 -1.063377 0.077663 0.150230 0.045121 0.020046 -0.012850
    27 0.610302 -0.939470 0.070343 -1.655093 0.119891 -0.197548
    28 0.639940 -0.199121 0.060188 -1.665960 0.128399 -0.091183
    29 0.600155 1.080261 -0.339535 -1.744706 0.277932 0.062718
    30 0.610207 0.400743 -0.010101 -1.765603 0.194483 -0.007068
    31 0.634715 -0.693997 -0.236250 0.048522 0.718257 -1.247363
    32 -0.792125 0.203736 0.461300 1.439074 -0.003453 -0.018305
    33 0.610300 -0.939469 -0.070351 1.655384 0.140025 -0.175537
    34 0.639937 -0.199121 -0.060200 1.671282 0.183109 -0.036771
    35 0.600157 1.080259 0.339531 1.741685 0.106920 0.153702
    36 0.610205 0.400743 0.010086 1.766615 0.125838 0.080304
    37 0.624002 -0.695300 0.232270 -0.529132 -0.534884 -1.176284
    38 -0.626031 -0.069983 -0.080517 -1.447153 0.086151 0.021559
    39 2.621377 -0.006439 -0.001438 0.212321 0.158657 -0.046025
    40 2.660837 0.000397 -0.000071 0.008307 -0.043701 0.185655
    41 2.202488 0.003368 -0.006769 -0.348634 -0.244003 0.318445
    42 0.599952 0.959240 -0.300102 -0.174544 0.000000 0.000000
    43 2.557190 -0.005873 0.002453 -0.057758 -0.122795 0.199244
    44 2.095024 -0.003873 -0.006100 -0.235816 0.300250 0.564697
    45 0.999380 -0.000236 -1.248433 -0.000001 0.000000 0.000000
    46 -0.122639 -0.721856 0.661690 -0.486644 0.223964 0.243056
    47 2.622113 -0.000648 0.002741 0.084666 0.260129 0.158789
    48 2.658203 0.000780 0.000161 0.328288 0.324445 0.981184
    49 2.199219 0.000516 -0.000122 0.262846 0.022920 1.089811
    50 0.599951 0.959244 0.300102 0.174544 0.000000 0.000000
    51 2.558594 -0.000149 -0.000031 0.266888 0.214957 1.052934
    52 2.103851 0.005614 -0.001014 0.494776 -0.395560 0.646967
    53 0.999374 -0.000237 1.174205 0.000048 0.000000 0.736314
    54 0.310846 -0.606445 -0.498005 0.308107 -0.197598 0.313976
    55 1.873069 -0.004741 -0.004901 -0.000007 0.000004 1.137755
    56 1.200941 0.399582 -0.000237 -0.009465 0.016087 0.007127
    57 0.000586 0.100342 -0.000319 -0.120035 -0.021926 -0.209617
    58 -0.161663 0.051712 0.194808 -2.941982 0.122408 -0.060194
    59 2.010092 -0.003202 -0.007284 -0.000018 -0.000035 1.091920
    60 0.000240 0.099802 -0.000395 -0.018823 0.010833 -0.239219
    61 -0.203197 0.048607 0.069150 -3.093332 0.033217 -0.046722
    62 1.180428 -0.006214 0.000780 0.000034 -0.000024 1.019177
    63 -0.000196 0.099625 -0.000034 0.000000 0.000000 -0.314102
    64 -0.088736 -0.688435 -0.145203 2.930407 -0.136130 0.513013
    65 1.712069 0.000578 -0.000088 0.000023 -0.000021 0.868453
    66 -0.000580 0.100145 -0.000311 -0.010914 0.023131 -0.260841
    67 -0.146030 -0.232426 -0.014225 3.028455 -0.094299 0.113020
    68 1.290632 0.000362 -0.000032 0.000000 0.000000 0.572276
    69 -0.658121 -0.003575 0.072645 -0.142711 0.027792 -0.077299
    70 1.868080 -0.006956 0.006083 -0.000057 -0.000009 0.325893
    71 1.200079 0.399944 -0.000093 0.009465 -0.016087 0.007127
    72 0.000591 0.100342 0.000319 0.120035 0.021926 -0.209617
    73 0.068077 0.002285 -0.080050 3.111376 -0.069366 -0.060847
    74 2.007813 -0.000882 -0.000381 0.000049 -0.000037 1.297777
    75 0.000229 0.099802 0.000395 0.018823 -0.010833 -0.239219
    76 -0.018673 -0.001009 0.047544 3.109244 0.002635 -0.106673
    77 1.178665 0.001595 0.000845 -0.000038 0.000078 0.669112
    78 -0.000198 0.099628 0.000034 0.000000 0.000000 -0.314102
    79 0.036892 -0.634449 0.266284 -2.801062 0.174301 0.490914
    80 1.708008 0.000721 0.000200 0.000000 0.000000 1.071623
    81 -0.000576 0.100136 0.000311 0.010912 -0.023129 -0.260841
    82 -0.003952 -0.281811 0.115047 -3.059162 0.089004 0.167964
    83 1.289627 0.003949 0.000061 -0.000014 0.000003 0.214674
    84 -0.171528 -0.018148 -0.099873 0.013484 -0.062184 -0.011780
    85 0.912716 0.007240 0.001326 -0.000005 -0.000039 0.915260
    86 -0.342617 0.053404 -0.025571 -2.909301 -0.017248 0.075276
    87 1.100231 -0.000930 -0.002434 -0.000051 0.000050 1.033406
    88 -0.384983 0.330998 0.006848 -3.087207 -0.018765 -0.184279
    89 0.678146 0.006192 0.000002 -0.000018 -0.000019 0.920441
    90 -0.123848 0.072737 0.029507 2.898184 -0.060627 0.094834
    91 1.017166 -0.000154 -0.000252 -0.000023 -0.000014 1.120524
    92 -0.344986 0.123129 0.143151 2.994981 0.012396 0.059140
    93 -0.730988 0.177046 0.039141 -0.123731 0.076518 -0.084310
    94 0.925900 0.001298 -0.000896 -0.000002 0.000049 -0.005438
    95 -0.124027 -0.052092 0.038496 3.077813 -0.008519 0.039229
    96 1.100430 -0.007458 0.000503 -0.000018 0.000018 0.904205
    97 -0.330082 0.160641 0.042780 3.128073 0.034033 -0.171236
    98 0.675854 0.001531 0.003272 0.000002 0.000003 0.945893
    99 -0.019516 -0.016531 0.038578 -2.763781 0.050305 0.076828
    100 1.018555 -0.000026 -0.000397 0.000000 0.000000 0.984486
    101 -0.155312 0.130643 -0.021921 -3.022466 0.022433 -0.024903
    102 -0.252209 0.061937 -0.024914 -0.007671 -0.063171 -0.044392
    103 -0.085991 0.185203 -0.015180 -2.937063 -0.113970 -0.138991
    104 -0.286537 0.179852 0.024264 -3.109353 -0.049645 -0.029915
    105 -0.019489 0.147084 0.079203 2.893815 0.038585 -0.060594
    106 -0.046482 0.251898 0.129548 3.016165 0.077112 -0.042864
    107 0.039120 -0.040298 0.047739 3.084219 0.030470 -0.037414
    108 -0.233757 0.066630 0.001754 -3.133086 0.040141 -0.065413
    109 0.044266 0.020128 0.001684 -2.778763 -0.118872 -0.040488
    110 0.071495 0.074127 -0.048302 -3.035917 -0.059482 0.104366
    111 0.000000 0.000000 0.000000 0.000000 0.000000 -1.570796
    112 1.925840 -5.511887 8.758080 -0.865012 -0.985700 0.743730
    113 -8.804956 8.816675 -12.168340 -2.053137 -1.101708 1.014618
    114 -1.542000 0.000000 1.810000 0.000000 0.000000 0.000000
    115 5.561000 0.000000 1.165000 0.000000 0.000000 0.000000
    116 -1.912000 0.003000 0.278000 0.000000 0.000000 0.000000
    117 1.947000 -0.003000 -0.278000 0.000000 0.000000 0.000000
    118 -3.830000 0.003000 0.015000 0.000000 0.000000 0.000000
    119 -2.941000 -0.003000 0.381000 0.000000 0.000000 0.000000
    120 -2.941000 -0.003000 0.381000 0.000000 0.000000 0.000000
    121 -0.070000 -0.003000 0.481000 0.000000 0.000000 0.000000
    122 1.771000 -0.314000 1.250000 0.000000 0.000000 -1.570796
    123 3.818000 0.000000 -0.014000 0.000000 0.000000 0.000000
    124 -0.470000 0.000000 -3.437000 0.000000 0.000000 0.000000
    125 -0.024000 0.000000 3.200000 0.000000 0.305210 0.000000
    126 -0.055985 0.000000 1.166089 0.000000 -0.382459 0.000000
    127 -59.092209 35.821406 -19.902267 0.496871 1.151076 0.068829
    128 -2.238000 0.000000 -3.188000 0.000000 0.000000 0.000000
    129 3.319000 0.000000 3.458000 0.000000 -0.159168 0.000000
    130 0.000000 0.000000 0.000000 0.000000 0.000000 0.000000
    131 0.533000 0.511000 -0.841000 0.000000 0.000000 0.000000
    132 0.000000 0.000000 0.000000 0.000000 0.000000 0.000000
    133 -0.106000 0.000000 64.320000 0.000000 0.000000 0.000000
    134 0.000000 0.000000 0.000000 0.000000 0.000000 0.000000
    135 0.000000 0.000000 0.000000 0.035163 0.037967 -0.052145
    136 7.623971 -2.468293 27.450129 -0.865027 -0.985748 0.743643
    137 0.106000 0.000000 -64.320000 0.000000 0.000000 0.000000
    138 0.000000 0.000000 0.000000 0.000000 0.000000 0.000000
    139 0.000000 0.000000 -4.867002 -3.141592 0.000000 -3.128591
    140 0.000000 0.000000 4.867000 -3.141592 0.000000 -3.128591
    141 4.000000 -6.500000 0.000000 0.000000 0.000000 0.000977
    142 -6.500000 0.000000 0.000000 0.000000 1.570796 0.000000
    143 1.000088 -0.000029 0.000000 0.000000 0.000000 0.000000
    144 17.162516 -0.000404 0.000000 0.000000 0.000000 0.119214
    145 9.999891 -0.000303 0.000000 0.000000 0.000000 0.000000
    146 1.000088 -0.000029 0.000000 0.000000 0.000000 0.000000
    147 17.162516 -0.000404 0.000000 0.000000 0.000000 0.119214
    148 9.499836 0.000212 0.000000 0.000000 0.000000 0.000000
    149 0.000000 0.000000 0.000000 0.000000 0.000000 0.000000
    150 17.749374 0.295515 0.000000 0.000000 0.000000 -1.158958
    151 0.017889 0.299792 0.000000 0.000000 0.000000 -0.059582
    152 12.283573 1.581456 -4.696000 1.462269 -0.086726 0.090185
    153 17.749376 0.295515 0.000000 0.000000 0.000000 -1.158958
    154 0.017889 0.299792 0.000000 0.000000 0.000000 -0.059582
    155 13.354000 0.000000 0.000000 0.000000 0.000000 -0.294101
    156 4.530998 0.000000 0.000000 0.000000 0.000000 0.000000
    157 0.000000 0.000000 0.000000 0.000000 0.000000 0.000000
    158 5.413524 0.000347 0.000000 0.000000 0.000000 -0.518055
    159 5.413524 0.000347 0.000000 0.000000 0.000000 -0.518055
    160 4.662001 -5.366332 4.825191 1.569713 1.561305 -3.121213
    161 3.116966 -0.000443 0.000000 0.000000 0.000000 0.294101
    162 4.531197 0.000000 0.000000 0.000000 0.000000 0.000000
    163 3.512001 -3.547000 -1.066000 0.000000 1.570796 0.000000
    164 3.456001 -3.517000 1.169000 0.000000 1.570796 0.000000
    165 6.233002 0.000000 0.000000 0.000000 0.000000 0.000000
    166 -0.171997 -0.106000 -0.902000 1.570713 1.029176 -3.134550
    167 5.999802 -6.587038 0.558611 -0.052145 -0.037080 -0.036098
    168 3.999434 -0.000528 -0.000332 0.328690 0.000000 0.000000
    169 3.999901 0.000039 0.001011 0.475868 -0.000036 0.000000
    170 1.598000 0.000000 0.000000 0.000000 0.000000 0.000000
    171 -1.145525 0.000130 0.000668 0.000000 0.000000 0.000000
    172 2.299679 -2.499978 -0.599480 0.892021 0.221512 -0.527234
    173 11.854691 -9.961219 23.902797 -0.673939 -0.655147 0.860515
    174 -9.580675 -27.862104 -37.184681 0.812874 -0.123459 -0.568474
    175 0.649933 -0.548295 0.093651 -1.665913 -0.131399 -0.112062
    176 0.657078 0.008402 0.040371 -1.665945 -0.131407 -0.000013
    177 0.665776 0.747221 -0.029190 -1.665935 -0.131408 0.094976
    178 2.300137 -2.499413 0.600155 -0.891917 -0.221566 -0.527266
    179 11.962793 0.942966 3.328854 1.764063 -0.255053 0.173401
    180 2.762350 0.116951 1.523975 1.629482 0.064153 1.743800
    181 7.228321 7.928195 -3.925652 2.328643 0.123441 -0.568443
    182 0.650394 -0.547730 -0.092979 1.665913 0.131399 -0.112062
    183 0.657069 0.008399 -0.040379 1.665945 0.131407 -0.000013
    184 0.665772 0.747219 0.029182 1.665935 0.131408 0.094976
    185 -4.481003 -0.202000 0.000000 0.000000 0.000000 0.000000
    186 -5.516998 -0.291000 -0.001000 0.000000 0.000000 0.000000
    187 -0.857695 0.104072 0.104687 0.023536 0.163924 0.013632
    188 1.899119 0.000427 -0.000439 0.027386 -0.033311 0.477848
    189 1.799660 -0.000240 0.000231 0.027386 -0.033311 0.477848
    190 1.799660 -0.000240 0.000231 0.027386 -0.033311 0.477848
    191 1.799660 -0.000240 0.000231 0.027386 -0.033311 0.477848
    192 1.900312 -0.000137 -0.000517 0.027386 -0.033311 0.477848
    193 1.899437 -0.000313 -0.000151 -0.027386 0.033311 0.477848
    194 1.799659 -0.000237 -0.000233 -0.027386 0.033311 0.477848
    195 1.799659 -0.000237 -0.000233 -0.027386 0.033311 0.477848
    196 1.799659 -0.000237 -0.000233 -0.027386 0.033311 0.477848
    197 1.900725 0.000557 -0.000072 -0.027386 0.033311 0.477848
    198 0.599884 0.400188 -0.000027 0.000000 0.000000 0.000000
    199 0.599888 0.400187 0.000031 0.000000 0.000000 -3.141592
    200 0.599503 0.400696 0.000235 0.000000 0.000000 0.000000
    201 0.599983 0.000044 -0.000010 0.000000 0.000000 -3.141592
  time 7
    0 0.000000 0.000000 0.000000 0.000000 0.000000 -1.570796
    1 -0.106323 0.000000 -0.000198 0.000000 0.000000 0.000000
    2 0.000000 0.000000 0.000000 0.000000 0.000000 0.000000
    3 -0.904000 0.000000 -11.806000 0.000000 0.000000 0.000000
    4 0.000000 0.000000 -14.313999 0.000000 -1.570796 1.570857
    5 3.533001 0.000000 0.000000 0.000000 0.000000 0.000000
    6 6.250000 0.000000 0.000000 0.000000 0.000000 0.000000
    7 9.568951 1.914146 -1.819016 -0.160908 1.436877 -0.159846
    8 9.553325 -1.078133 1.979189 0.894143 -1.218914 -0.893973
    9 5.790726 0.002787 -0.000113 0.315904 0.481579 0.520315
    10 5.999492 -0.000592 -4.000343 0.000000 0.000000 0.000000
    11 5.791316 0.002582 0.004799 1.320941 -0.083752 -1.580823
    12 5.999492 -0.000592 4.000336 0.000000 0.000000 0.000000
    13 0.500225 0.000133 -0.000088 0.126276 0.000000 0.000000
    14 11.534559 0.004255 -0.001312 -0.000017 0.000009 -2.336720
    15 -0.829338 0.893824 0.079659 -0.148839 0.047645 0.087266
    16 0.500225 0.000132 0.000076 -0.375472 0.000000 0.000000
    17 11.536401 0.000526 -0.000089 0.000006 -0.000022 -0.740640
    18 -0.829586 0.894698 -0.079464 0.045377 -0.019621 0.087266
    19 10.599884 0.000105 -0.000553 0.514196 0.000000 0.000000
    20 1.334546 -0.568159 -0.000805 0.000060 -0.000025 1.168335
    21 11.042057 0.003717 0.004704 0.515087 -0.106644 0.042597
    22 -1.214832 0.203470 -0.477489 -0.135025 -0.078677 -0.001289
    23 10.599880 0.000105 0.000549 0.523840 0.000000 0.000048
    24 0.115757 -0.275181 0.000801 0.000000 -0.000011 0.370362
    25 11.041742 0.003171 -0.000571 0.645613 0.715310 -0.030926
    26 -1.063377 0.077663 0.150230 0.045121 0.020046 -0.012850
    27 0.610302 -0.939470 0.070343 -1.655194 0.119903 -0.197536
    28 0.639940 -0.199121 0.060188 -1.665960 0.128434 -0.091171
    29 0.600155 1.080261 -0.339535 -1.744706 0.277944 0.062730
    30 0.610207 0.400743 -0.010101 -1.765603 0.194483 -0.007044
    31 0.634715 -0.690090 -0.236250 0.015732 0.789913 -1.228197
    32 -0.792125 0.203736 0.461300 1.439074 -0.003453 -0.018305
    33 0.610300 -0.939469 -0.070351 1.655384 0.140025 -0.175537
    34 0.639937 -0.199121 -0.060200 1.671282 0.183109 -0.036771
    35 0.600157 1.080259 0.339531 1.741685 0.106920 0.153702
    36 0.610205 0.400743 0.010086 1.766615 0.125838 0.080304
    37 0.624002 -0.695300 0.232270 -0.529132 -0.534884 -1.176284
    38 -0.626031 -0.069983 -0.080517 -1.447153 0.086151 0.021559
    39 2.621377 -0.002532 -0.005345 0.174425 0.198694 0.005803
    40 2.664743 0.000397 -0.000071 -0.000066 -0.038164 0.256617
    41 2.206394 0.003368 -0.006769 -0.380118 -0.145532 0.331706
    42 0.599952 0.959240 -0.300102 -0.174544 0.000000 0.000000
    43 2.553283 -0.005873 0.006359 -0.069809 -0.108414 0.259213
    44 2.095024 -0.003873 -0.006100 -0.217935 0.325504 0.623126
    45 0.999380 -0.000236 -1.318748 -0.000001 0.000000 0.000000
    46 -0.122639 -0.721856 0.661690 -0.486644 0.223964 0.243056
    47 2.622113 -0.000648 0.002741 0.084666 0.260129 0.158789
    48 2.658203 0.000780 0.000161 0.328288 0.324445 0.981184
    49 2.199219 0.000516 -0.000122 0.262846 0.022920 1.089811
    50 0.599951 0.959244 0.300102 0.174544 0.000000 0.000000
    51 2.558594 -0.000149 -0.000031 0.266888 0.214957 1.052934
    52 2.103851 0.005614 -0.001014 0.494776 -0.395560 0.646967
    53 0.999374 -0.000237 1.174205 0.000048 0.000000 0.736314
    54 0.310846 -0.606445 -0.498005 0.308107 -0.197598 0.313976
    55 1.869163 -0.000835 -0.000994 0.000041 -0.000020 1.425955
    56 1.200941 0.399582 -0.000237 -0.009465 0.016087 0.007127
    57 0.000586 0.100342 -0.000319 -0.120035 -0.021926 -0.209617
    58 -0.161663 0.051712 0.194808 -2.941982 0.122408 -0.060194
    59 2.010092 -0.007109 -0.003377 0.000018 0.000013 1.355869
    60 0.000240 0.099802 -0.000395 -0.018823 0.010833 -0.239219
    61 -0.203197 0.048607 0.069150 -3.093332 0.033217 -0.046722
    62 1.180428 -0.006214 0.000780 -0.000002 -0.000084 1.281770
    63 -0.000196 0.099625 -0.000034 0.000000 0.000000 -0.314102
    64 -0.088736 -0.688435 -0.145203 2.930407 -0.136130 0.513013
    65 1.712069 0.000578 0.003818 0.000023 -0.000021 1.094459
    66 -0.000580 0.100145 -0.000311 -0.010914 0.023131 -0.260841
    67 -0.146030 -0.232426 -0.014225 3.028455 -0.094299 0.113020
    68 1.290632 0.000362 -0.000032 -0.000060 -0.000012 0.834953
    69 -0.658121 -0.003575 0.072645 -0.142711 0.027792 -0.077299
    70 1.868080 -0.003049 0.006083 -0.000045 -0.000009 0.325893
    71 1.200079 0.399944 -0.000093 0.009465 -0.016087 0.007127
    72 0.000591 0.100342 0.000319 0.120035 0.021926 -0.209617
    73 0.068077 0.002285 -0.080050 3.111376 -0.069366 -0.060847
    74 2.007813 -0.000882 -0.000381 0.000049 -0.000037 1.297777
    75 0.000229 0.099802 0.000395 0.018823 -0.010833 -0.239219
    76 -0.018673 -0.001009 0.047544 3.109244 0.002635 -0.106673
    77 1.178665 0.001595 0.000845 -0.000038 0.000078 0.669112
    78 -0.000198 0.099628 0.000034 0.000000 0.000000 -0.314102
    79 0.036892 -0.634449 0.266284 -2.801062 0.174301 0.490914
    80 1.708008 0.000721 0.000200 0.000000 0.000000 1.071623
    81 -0.000576 0.100136 0.000311 0.010912 -0.023129 -0.260841
    82 -0.003952 -0.281811 0.115047 -3.059162 0.089004 0.167964
    83 1.289627 0.003949 0.000061 -0.000014 0.000003 0.214674
    84 -0.171528 -0.018148 -0.099873 0.013484 -0.062184 -0.011780
    85 0.912716 0.007240 0.001326 -0.000029 0.000057 1.224488
    86 -0.342617 0.053404 -0.025571 -2.909301 -0.017248 0.075276
    87 1.100231 -0.000930 -0.002434 -0.000039 0.000062 1.377643
    88 -0.384983 0.330998 0.006848 -3.087207 -0.018765 -0.184279
    89 0.678146 0.006192 0.000002 0.000018 0.000029 1.243367
    90 -0.123848 0.072737 0.029507 2.898184 -0.060627 0.094834
    91 1.017166 -0.000154 -0.000252 0.000025 0.000034 1.488577
    92 -0.344986 0.123129 0.143151 2.994981 0.012396 0.059140
    93 -0.730988 0.177046 0.039141 -0.123731 0.076518 -0.084310
    94 0.925900 0.005205 -0.000896 -0.000002 0.000049 -0.005438
    95 -0.124027 -0.052092 0.038496 3.077813 -0.008519 0.039229
    96 1.100430 -0.003552 0.000503 -0.000018 0.000018 0.904181
    97 -0.330082 0.160641 0.042780 3.128073 0.034033 -0.171236
    98 0.675854 0.001531 0.003272 0.000002 0.000003 0.945893
    99 -0.019516 -0.016531 0.038578 -2.763781 0.050305 0.076828
    100 1.018555 -0.000026 -0.000397 0.000000 0.000000 0.984486
    101 -0.155312 0.130643 -0.021921 -3.022466 0.022433 -0.024903
    102 -0.252209 0.061937 -0.024914 -0.007671 -0.063171 -0.044392
    103 -0.085991 0.185203 -0.015180 -2.937063 -0.113970 -0.138991
    104 -0.286537 0.179852 0.024264 -3.109353 -0.049645 -0.029915
    105 -0.019489 0.147084 0.079203 2.893815 0.038585 -0.060594
    106 -0.046482 0.251898 0.129548 3.016165 0.077112 -0.042864
    107 0.039120 -0.040298 0.047739 3.084219 0.030470 -0.037414
    108 -0.233757 0.066630 0.001754 -3.133086 0.040141 -0.065413
    109 0.044266 0.020128 0.001684 -2.778763 -0.118872 -0.040488
    110 0.071495 0.074127 -0.048302 -3.035917 -0.059482 0.104366
    111 0.000000 0.000000 0.000000 0.000000 0.000000 -1.570796
    112 21.668630 0.453139 2.867275 0.582695 -0.753123 0.182382
    113 0.476577 -1.480514 -9.648732 2.152147 -0.981503 -2.688744
    114 -1.542000 0.000000 1.810000 0.000000 0.000000 0.000000
    115 5.561000 0.000000 1.165000 0.000000 0.000000 0.000000
    116 -1.912000 0.003000 0.278000 0.000000 0.000000 0.000000
    117 1.947000 -0.003000 -0.278000 0.000000 0.000000 0.000000
    118 -3.830000 0.003000 0.015000 0.000000 0.000000 0.000000
    119 -2.941000 -0.003000 0.381000 0.000000 0.000000 0.000000
    120 -2.941000 -0.003000 0.381000 0.000000 0.000000 0.000000
    121 -0.070000 -0.003000 0.481000 0.000000 0.000000 0.000000
    122 1.771000 -0.314000 1.250000 0.000000 0.000000 -1.570796
    123 3.818000 0.000000 -0.014000 0.000000 0.000000 0.000000
    124 -0.470000 0.000000 -3.437000 0.000000 0.000000 0.000000
    125 -0.024000 0.000000 3.200000 0.000000 0.305210 0.000000
    126 -0.055985 0.000000 1.166089 0.000000 -0.382459 0.000000
    127 -61.061019 -15.902829 -27.297024 -0.813743 0.480008 -0.628448
    128 -2.238000 0.000000 -3.188000 0.000000 0.000000 0.000000
    129 3.319000 0.000000 3.458000 0.000000 -0.159168 0.000000
    130 0.000000 0.000000 0.000000 0.000000 0.000000 0.000000
    131 0.533000 0.511000 -0.841000 0.000000 0.000000 0.000000
    132 0.000000 0.000000 0.000000 0.000000 0.000000 0.000000
    133 -0.106000 0.000000 64.320000 0.000000 0.000000 0.000000
    134 0.000000 0.000000 0.000000 0.000000 0.000000 0.000000
    135 0.000000 0.000000 0.000000 0.058257 -0.016419 -0.018792
    136 29.538702 2.402950 19.945994 0.582631 -0.753099 0.182308
    137 0.106000 0.000000 -64.320000 0.000000 0.000000 0.000000
    138 0.000000 0.000000 0.000000 0.000000 0.000000 0.000000
    139 0.000000 0.000000 -4.867002 -3.141592 0.000000 -3.128591
    140 0.000000 0.000000 4.867000 -3.141592 0.000000 -3.128591
    141 4.000000 -6.500000 0.000000 0.000000 0.000000 0.000977
    142 -6.500000 0.000000 0.000000 0.000000 1.570796 0.000000
    143 1.000088 -0.000029 0.000000 0.000000 0.000000 0.000000
    144 17.162516 -0.000404 0.000000 0.000000 0.000000 0.119214
    145 9.999891 -0.000303 0.000000 0.000000 0.000000 0.000000
    146 1.000088 -0.000029 0.000000 0.000000 0.000000 0.000000
    147 17.162516 -0.000404 0.000000 0.000000 0.000000 0.119214
    148 9.499836 0.000212 0.000000 0.000000 0.000000 0.000000
    149 0.000000 0.000000 0.000000 0.000000 0.000000 0.000000
    150 17.749374 0.295515 0.000000 0.000000 0.000000 -1.158958
    151 0.017889 0.299792 0.000000 0.000000 0.000000 -0.059582
    152 12.283573 1.581456 -4.696000 1.462269 -0.086726 0.090185
    153 17.749376 0.295515 0.000000 0.000000 0.000000 -1.158958
    154 0.017889 0.299792 0.000000 0.000000 0.000000 -0.059582
    155 13.354000 0.000000 0.000000 0.000000 0.000000 -0.294101
    156 4.530998 0.000000 0.000000 0.000000 0.000000 0.000000
    157 0.000000 0.000000 0.000000 0.000000 0.000000 0.000000
    158 5.413524 0.000347 0.000000 0.000000 0.000000 -0.518055
    159 5.413524 0.000347 0.000000 0.000000 0.000000 -0.518055
    160 4.662001 -5.366332 4.825191 1.569713 1.561305 -3.121213
    161 3.116966 -0.000443 0.000000 0.000000 0.000000 0.294101
    162 4.531197 0.000000 0.000000 0.000000 0.000000 0.000000
    163 3.512001 -3.547000 -1.066000 0.000000 1.570796 0.000000
    164 3.456001 -3.517000 1.169000 0.000000 1.570796 0.000000
    165 6.233002 0.000000 0.000000 0.000000 0.000000 0.000000
    166 -0.171997 -0.106000 -0.902000 1.570713 1.029176 -3.134550
    167 6.327937 -6.274528 0.476577 -0.018816 -0.057934 0.017509
    168 3.999434 -0.000528 -0.000332 0.257079 0.000000 0.000000
    169 3.999901 0.000039 0.001011 0.261952 0.000000 0.000000
    170 1.598000 0.000000 0.000000 0.000000 0.000000 0.000000
    171 -1.145525 0.000130 0.000668 0.000000 0.000000 0.000000
    172 2.299679 -2.499978 -0.599480 0.892021 0.221512 -0.527234
    173 30.241971 -4.152448 12.953244 0.578251 -0.573110 0.417946
    174 -9.580675 -27.862104 -37.184681 0.812874 -0.123459 -0.568474
    175 0.649933 -0.548295 0.093651 -1.665913 -0.131399 -0.112062
    176 0.657078 0.008402 0.040371 -1.665945 -0.131407 -0.000013
    177 0.665776 0.747221 -0.029190 -1.665935 -0.131408 0.094976
    178 2.300137 -2.499413 0.600155 -0.891917 -0.221566 -0.527266
    179 11.962793 0.942966 3.328854 1.764063 -0.255053 0.173401
    180 2.762350 0.116951 1.523975 1.629482 0.064153 1.743800
    181 7.228321 7.928195 -3.925652 2.328643 0.123441 -0.568443
    182 0.650394 -0.547730 -0.092979 1.665913 0.131399 -0.112062
    183 0.657069 0.008399 -0.040379 1.665945 0.131407 -0.000013
    184 0.665772 0.747219 0.029182 1.665935 0.131408 0.094976
    185 -4.481003 -0.202000 0.000000 0.000000 0.000000 0.000000
    186 -5.516998 -0.291000 -0.001000 0.000000 0.000000 0.000000
    187 -0.857695 0.104072 0.104687 0.023536 0.163924 0.013632
    188 1.899119 0.000427 -0.000439 0.027386 -0.033311 0.477848
    189 1.799660 -0.000240 0.000231 0.027386 -0.033311 0.477848
    190 1.799660 -0.000240 0.000231 0.027386 -0.033311 0.477848
    191 1.799660 -0.000240 0.000231 0.027386 -0.033311 0.477848
    192 1.900312 -0.000137 -0.000517 0.027386 -0.033311 0.477848
    193 1.899437 -0.000313 -0.000151 -0.027386 0.033311 0.477848
    194 1.799659 -0.000237 -0.000233 -0.027386 0.033311 0.477848
    195 1.799659 -0.000237 -0.000233 -0.027386 0.033311 0.477848
    196 1.799659 -0.000237 -0.000233 -0.027386 0.033311 0.477848
    197 1.900725 0.000557 -0.000072 -0.027386 0.033311 0.477848
    198 0.599884 0.400188 -0.000027 0.000000 0.000000 0.000000
    199 0.599888 0.400187 0.000031 0.000000 0.000000 -3.141592
    200 0.599503 0.400696 0.000235 0.000000 0.000000 0.000000
    201 0.599983 0.000044 -0.000010 0.000000 0.000000 -3.141592
  time 8
    0 0.000000 0.000000 0.000000 0.000000 0.000000 -1.570796
    1 -0.106323 0.000000 -0.000198 0.000000 0.000000 0.000000
    2 0.000000 0.000000 0.000000 0.000000 0.000000 0.000000
    3 -0.904000 0.000000 -11.806000 0.000000 0.000000 0.000000
    4 0.000000 0.000000 -14.313999 0.000000 -1.570796 1.570857
    5 3.533001 0.000000 0.000000 0.000000 0.000000 0.000000
    6 6.250000 0.000000 0.000000 0.000000 0.000000 0.000000
    7 9.568951 1.914146 -1.819016 -0.160908 1.436830 -0.159672
    8 9.662704 -0.601556 2.080755 1.202956 -0.906034 -1.294530
    9 5.790726 0.002787 -0.000113 0.314331 0.491091 0.506180
    10 5.999492 -0.000592 -4.000343 0.000000 0.000000 0.000000
    11 5.791316 0.006489 0.000893 1.188685 -0.418987 -1.310465
    12 5.999492 -0.000592 4.000336 0.000000 0.000000 0.000000
    13 0.500225 0.000133 -0.000088 0.120115 0.000000 -0.000060
    14 11.534559 0.004255 -0.001312 0.000091 -0.000039 -2.333826
    15 -0.829338 0.893824 0.079659 -0.148839 0.047645 0.087266
    16 0.500225 0.000132 0.000076 -0.333296 0.000000 -0.000048
    17 11.532495 0.004432 -0.000089 0.000030 -0.000058 -0.946847
    18 -0.829586 0.894698 -0.079464 0.045377 -0.019621 0.087266
    19 10.599884 0.000105 -0.000553 0.383605 0.000000 0.000000
    20 1.315014 -0.568159 -0.000805 0.000012 -0.000037 1.165326
    21 11.042057 0.003717 0.004704 0.376510 0.004115 0.197126
    22 -1.214832 0.203470 -0.477489 -0.135025 -0.078677 -0.001289
    23 10.599880 0.000105 0.000549 0.447640 -0.000024 0.000108
    24 0.119663 -0.275181 0.000801 0.000000 -0.000023 0.473372
    25 11.041742 0.003171 -0.000571 0.469191 0.359001 -0.056712
    26 -1.063377 0.077663 0.150230 0.045121 0.020046 -0.012850
    27 0.610302 -0.939470 0.070343 -1.655093 0.117147 -0.197224
    28 0.639940 -0.199121 0.060188 -1.665960 0.125498 -0.090860
    29 0.600155 1.080261 -0.339535 -1.744600 0.275055 0.063294
    30 0.610207 0.400743 -0.010101 -1.765441 0.191727 -0.006445
    31 0.634715 -0.690090 -0.232343 0.019171 0.786018 -1.210130
    32 -0.792125 0.203736 0.461300 1.439074 -0.003453 -0.018305
    33 0.610300 -0.939469 -0.070351 1.655384 0.140025 -0.175537
    34 0.639937 -0.199121 -0.060200 1.671282 0.183109 -0.036771
    35 0.600157 1.080259 0.339531 1.741685 0.106920 0.153702
    36 0.610205 0.400743 0.010086 1.766615 0.125838 0.080304
    37 0.624002 -0.695300 0.236176 -0.529132 -0.534884 -1.176284
    38 -0.626031 -0.069983 -0.080517 -1.447153 0.086151 0.021559
    39 2.621377 -0.002532 -0.001438 0.158919 0.193657 0.043268
    40 2.664743 0.000397 -0.000071 -0.000409 -0.034233 0.299559
    41 2.206394 0.003368 -0.006769 -0.377996 -0.107055 0.375634
    42 0.599952 0.959240 -0.300102 -0.174544 0.000000 0.000000
    43 2.557190 -0.005873 0.006359 -0.069448 -0.094979 0.311095
    44 2.095024 -0.003873 -0.006100 -0.218127 0.324752 0.622841
    45 0.999380 -0.000236 -1.310935 -0.000001 0.000000 0.000000
    46 -0.122639 -0.721856 0.661690 -0.486644 0.223964 0.243056
    47 2.622113 -0.004555 0.002741 0.084666 0.260129 0.158789
    48 2.658203 0.000780 0.000161 0.328288 0.324445 0.981184
    49 2.199219 0.000516 -0.000122 0.262846 0.022920 1.089811
    50 0.599951 0.959244 0.300102 0.174544 0.000000 0.000000
    51 2.558594 -0.000149 -0.000031 0.266888 0.214957 1.052934
    52 2.103851 0.001708 -0.001014 0.494776 -0.395572 0.646967
    53 0.999374 -0.000237 1.174205 0.000036 0.000000 0.736314
    54 0.310846 -0.606445 -0.498005 0.308107 -0.197598 0.313976
    55 1.873069 -0.004741 -0.004901 -0.000007 0.000004 1.422488
    56 1.200941 0.399582 -0.000237 -0.009465 0.016087 0.007127
    57 0.000586 0.100342 -0.000319 -0.120035 -0.021926 -0.209617
    58 -0.161663 0.051712 0.194808 -2.941982 0.122408 -0.060194
    59 2.010092 -0.007109 -0.003377 0.000030 0.000037 1.354815
    60 0.000240 0.099802 -0.000395 -0.018823 0.010833 -0.239219
    61 -0.203197 0.048607 0.069150 -3.093332 0.033217 -0.046722
    62 1.180428 -0.006214 0.000780 -0.000014 0.000000 1.272832
    63 -0.000196 0.099625 -0.000034 0.000000 0.000000 -0.314102
    64 -0.088736 -0.688435 -0.145203 2.930407 -0.136130 0.513013
    65 1.715976 0.000578 0.003818 0.000023 -0.000057 1.092290
    66 -0.000580 0.100145 -0.000311 -0.010914 0.023131 -0.260841
    67 -0.146030 -0.232426 -0.014225 3.028455 -0.094299 0.113020
    68 1.290632 0.000362 -0.000032 0.000024 -0.000060 0.830178
    69 -0.658121 -0.003575 0.072645 -0.142711 0.027792 -0.077299
    70 1.868080 -0.003049 0.006083 -0.000045 -0.000009 0.325893
    71 1.200079 0.399944 -0.000093 0.009465 -0.016087 0.007127
    72 0.000591 0.100342 0.000319 0.120035 0.021926 -0.209617
    73 0.068077 0.002285 -0.080050 3.111376 -0.069366 -0.060847
    74 2.007813 -0.000882 -0.000381 0.000049 -0.000037 1.297777
    75 0.000229 0.099802 0.000395 0.018823 -0.010833 -0.239219
    76 -0.018673 -0.001009 0.047544 3.109244 0.002635 -0.106673
    77 1.178665 0.001595 0.000845 -0.000038 0.000078 0.669112
    78 -0.000198 0.099628 0.000034 0.000000 0.000000 -0.314102
    79 0.036892 -0.634449 0.266284 -2.801062 0.174301 0.490914
    80 1.708008 0.000721 0.000200 0.000000 0.000000 1.071623
    81 -0.000576 0.100136 0.000311 0.010912 -0.023129 -0.260841
    82 -0.003952 -0.281811 0.115047 -3.059162 0.089004 0.167964
    83 1.289627 0.003949 0.000061 -0.000014 0.000003 0.214674
    84 -0.171528 -0.018148 -0.099873 0.013484 -0.062184 -0.011780
    85 0.912716 0.007240 0.001326 0.000019 0.000021 1.208209
    86 -0.342617 0.053404 -0.025571 -2.909301 -0.017248 0.075276
    87 1.100231 -0.000930 -0.002434 0.000093 0.000026 1.366455
    88 -0.384983 0.330998 0.006848 -3.087207 -0.018765 -0.184279
    89 0.678146 0.006192 -0.003905 0.000018 0.000029 1.241762
    90 -0.123848 0.072737 0.029507 2.898184 -0.060627 0.094834
    91 1.017166 -0.000154 -0.000252 -0.000059 0.000022 1.478477
    92 -0.344986 0.123129 0.143151 2.994981 0.012396 0.059140
    93 -0.730988 0.177046 0.039141 -0.123731 0.076518 -0.084310
    94 0.925900 0.001298 -0.000896 -0.000002 0.000049 -0.005438
    95 -0.124027 -0.052092 0.038496 3.077813 -0.008519 0.039229
    96 1.100430 -0.007458 0.000503 -0.000018 0.000018 0.904205
    97 -0.330082 0.160641 0.042780 3.128073 0.034033 -0.171236
    98 0.675854 0.001531 0.003272 0.000002 0.000003 0.945893
    99 -0.019516 -0.016531 0.038578 -2.763781 0.050305 0.076828
    100 1.018555 -0.000026 -0.000397 0.000000 0.000000 0.984486
    101 -0.155312 0.130643 -0.021921 -3.022466 0.022433 -0.024903
    102 -0.252209 0.061937 -0.024914 -0.007671 -0.063171 -0.044392
    103 -0.085991 0.185203 -0.015180 -2.937063 -0.113970 -0.138991
    104 -0.286537 0.179852 0.024264 -3.109353 -0.049645 -0.029915
    105 -0.019489 0.147084 0.079203 2.893815 0.038585 -0.060594
    106 -0.046482 0.251898 0.129548 3.016165 0.077112 -0.042864
    107 0.039120 -0.040298 0.047739 3.084219 0.030470 -0.037414
    108 -0.233757 0.066630 0.001754 -3.133086 0.040141 -0.065413
    109 0.044266 0.020128 0.001684 -2.778763 -0.118872 -0.040488
    110 0.071495 0.074127 -0.048302 -3.035917 -0.059482 0.104366
    111 0.000000 0.000000 0.000000 0.000000 0.000000 -1.570796
    112 22.098331 5.300943 -4.597797 0.149333 -0.347577 0.744384
    113 -6.121281 -2.011780 -10.113590 1.080674 -1.061064 -1.422974
    114 -1.542000 0.000000 1.810000 0.000000 0.000000 0.000000
    115 5.561000 0.000000 1.165000 0.000000 0.000000 0.000000
    116 -1.912000 0.003000 0.278000 0.000000 0.000000 0.000000
    117 1.947000 -0.003000 -0.278000 0.000000 0.000000 0.000000
    118 -3.830000 0.003000 0.015000 0.000000 0.000000 0.000000
    119 -2.941000 -0.003000 0.381000 0.000000 0.000000 0.000000
    120 -2.941000 -0.003000 0.381000 0.000000 0.000000 0.000000
    121 -0.070000 -0.003000 0.481000 0.000000 0.000000 0.000000
    122 1.771000 -0.314000 1.250000 0.000000 0.000000 -1.570796
    123 3.818000 0.000000 -0.014000 0.000000 0.000000 0.000000
    124 -0.470000 0.000000 -3.437000 0.000000 0.000000 0.000000
    125 -0.024000 0.000000 3.200000 0.000000 0.305210 0.000000
    126 -0.055985 0.000000 1.166089 0.000000 -0.382459 0.000000
    127 -38.419703 3.699332 -47.102316 -0.348430 0.147719 -0.796540
    128 -2.238000 0.000000 -3.188000 0.000000 0.000000 0.000000
    129 3.319000 0.000000 3.458000 0.000000 -0.159168 0.000000
    130 0.000000 0.000000 0.000000 0.000000 0.000000 0.000000
    131 0.533000 0.511000 -0.841000 0.000000 0.000000 0.000000
    132 0.000000 0.000000 0.000000 0.000000 0.000000 0.000000
    133 -0.106000 0.000000 64.320000 0.000000 0.000000 0.000000
    134 0.000000 0.000000 0.000000 0.000000 0.000000 0.000000
    135 0.000000 0.000000 0.000000 0.021824 -0.037080 0.021021
    136 29.355103 11.305565 9.066755 0.149415 -0.347591 0.744483
    137 0.106000 0.000000 -64.320000 0.000000 0.000000 0.000000
    138 0.000000 0.000000 0.000000 0.000000 0.000000 0.000000
    139 0.000000 0.000000 -4.867002 -3.141592 0.000000 -3.128591
    140 0.000000 0.000000 4.867000 -3.141592 0.000000 -3.128591
    141 4.000000 -6.500000 0.000000 0.000000 0.000000 0.000977
    142 -6.500000 0.000000 0.000000 0.000000 1.570796 0.000000
    143 1.000088 -0.000029 0.000000 0.000000 0.000000 0.000000
    144 17.162516 -0.000404 0.000000 0.000000 0.000000 0.119214
    145 9.999891 -0.000303 0.000000 0.000000 0.000000 0.000000
    146 1.000088 -0.000029 0.000000 0.000000 0.000000 0.000000
    147 17.162516 -0.000404 0.000000 0.000000 0.000000 0.119214
    148 9.499836 0.000212 0.000000 0.000000 0.000000 0.000000
    149 0.000000 0.000000 0.000000 0.000000 0.000000 0.000000
    150 17.749374 0.295515 0.000000 0.000000 0.000000 -1.158958
    151 0.017889 0.299792 0.000000 0.000000 0.000000 -0.059582
    152 12.283573 1.581456 -4.696000 1.462269 -0.086726 0.090185
    153 17.749376 0.295515 0.000000 0.000000 0.000000 -1.158958
    154 0.017889 0.299792 0.000000 0.000000 0.000000 -0.059582
    155 13.354000 0.000000 0.000000 0.000000 0.000000 -0.294101
    156 4.530998 0.000000 0.000000 0.000000 0.000000 0.000000
    157 0.000000 0.000000 0.000000 0.000000 0.000000 0.000000
    158 5.413524 0.000347 0.000000 0.000000 0.000000 -0.518055
    159 5.413524 0.000347 0.000000 0.000000 0.000000 -0.518055
    160 4.662001 -5.366332 4.825191 1.569713 1.561305 -3.121213
    161 3.116966 -0.000443 0.000000 0.000000 0.000000 0.294101
    162 4.531197 0.000000 0.000000 0.000000 0.000000 0.000000
    163 3.512001 -3.547000 -1.066000 0.000000 1.570796 0.000000
    164 3.456001 -3.517000 1.169000 0.000000 1.570796 0.000000
    165 6.233002 0.000000 0.000000 0.000000 0.000000 0.000000
    166 -0.171997 -0.106000 -0.902000 1.570713 1.029176 -3.134550
    167 6.472473 -6.145618 0.007813 0.021009 -0.022603 0.036625
    168 3.999434 -0.000528 -0.000332 0.191773 0.000000 0.000012
    169 3.999901 0.000039 0.001011 0.223855 0.000000 0.000000
    170 1.598000 0.000000 0.000000 0.000000 0.000000 0.000000
    171 -1.145525 0.000130 0.000668 0.000000 0.000000 0.000000
    172 2.299679 -2.499978 -0.599480 0.892021 0.221512 -0.527234
    173 25.601204 0.972708 6.558518 0.196536 -0.400255 0.884404
    174 -9.580675 -27.862104 -37.184681 0.812874 -0.123459 -0.568474
    175 0.649933 -0.548295 0.093651 -1.665913 -0.131399 -0.112062
    176 0.657078 0.008402 0.040371 -1.665945 -0.131407 -0.000013
    177 0.665776 0.747221 -0.029190 -1.665935 -0.131408 0.094976
    178 2.300137 -2.499413 0.600155 -0.891917 -0.221566 -0.527266
    179 11.962793 0.942966 3.328854 1.764063 -0.255053 0.173401
    180 2.762350 0.116951 1.523975 1.629482 0.064153 1.743800
    181 7.228321 7.928195 -3.925652 2.328643 0.123441 -0.568443
    182 0.650394 -0.547730 -0.092979 1.665913 0.131399 -0.112062
    183 0.657069 0.008399 -0.040379 1.665945 0.131407 -0.000013
    184 0.665772 0.747219 0.029182 1.665935 0.131408 0.094976
    185 -4.481003 -0.202000 0.000000 0.000000 0.000000 0.000000
    186 -5.516998 -0.291000 -0.001000 0.000000 0.000000 0.000000
    187 -0.857695 0.104072 0.104687 0.023536 0.163924 0.013632
    188 1.899119 0.000427 -0.000439 0.027386 -0.033311 0.477848
    189 1.799660 -0.000240 0.000231 0.027386 -0.033311 0.477848
    190 1.799660 -0.000240 0.000231 0.027386 -0.033311 0.477848
    191 1.799660 -0.000240 0.000231 0.027386 -0.033311 0.477848
    192 1.900312 -0.000137 -0.000517 0.027386 -0.033311 0.477848
    193 1.899437 -0.000313 -0.000151 -0.027386 0.033311 0.477848
    194 1.799659 -0.000237 -0.000233 -0.027386 0.033311 0.477848
    195 1.799659 -0.000237 -0.000233 -0.027386 0.033311 0.477848
    196 1.799659 -0.000237 -0.000233 -0.027386 0.033311 0.477848
    197 1.900725 0.000557 -0.000072 -0.027386 0.033311 0.477848
    198 0.599884 0.400188 -0.000027 0.000000 0.000000 0.000000
    199 0.599888 0.400187 0.000031 0.000000 0.000000 -3.141592
    200 0.599503 0.400696 0.000235 0.000000 0.000000 0.000000
    201 0.599983 0.000044 -0.000010 0.000000 0.000000 -3.141592
  time 9
    0 0.000000 0.000000 0.000000 0.000000 0.000000 -1.570796
    1 -0.106323 0.000000 -0.000198 0.000000 0.000000 0.000000
    2 0.000000 0.000000 0.000000 0.000000 0.000000 0.000000
    3 -0.904000 0.000000 -11.806000 0.000000 0.000000 0.000000
    4 0.000000 0.000000 -14.313999 0.000000 -1.570796 1.570857
    5 3.533001 0.000000 0.000000 0.000000 0.000000 0.000000
    6 6.250000 0.000000 0.000000 0.000000 0.000000 0.000000
    7 9.568951 1.914146 -1.819016 -0.160733 1.436688 -0.159585
    8 9.635359 0.433632 2.018253 1.186186 -0.948094 -1.264264
    9 5.790726 0.002787 -0.000113 0.308755 0.518138 0.465380
    10 5.999492 -0.000592 -4.000343 0.000000 0.000000 0.000000
    11 5.791316 0.002582 0.004799 0.926148 -0.599012 -1.228682
    12 5.999492 -0.000592 4.000336 0.000000 0.000000 0.000000
    13 0.500225 0.000133 -0.000088 0.102865 0.000000 0.000000
    14 11.534559 0.004255 -0.001312 -0.000161 0.000153 -2.324594
    15 -0.829338 0.893824 0.079659 -0.148839 0.047645 0.087266
    16 0.500225 0.000132 0.000076 -0.159750 0.000000 0.000000
    17 11.536401 0.000526 -0.000089 0.000066 0.000002 -0.869722
    18 -0.829586 0.894698 -0.079464 0.045377 -0.019621 0.087266
    19 10.599884 0.000105 -0.000553 0.253015 0.000024 0.000000
    20 1.299389 -0.575971 -0.000805 -0.000024 -0.000049 1.162290
    21 11.042057 -0.000189 0.000798 0.246950 0.163105 0.335656
    22 -1.214832 0.203470 -0.477489 -0.135025 -0.078677 -0.001289
    23 10.599880 0.000105 0.000549 0.283824 -0.000036 0.000000
    24 0.123570 -0.275181 0.000801 0.000000 -0.000011 0.434868
    25 11.041742 0.003171 -0.000571 0.277474 0.155146 -0.226639
    26 -1.063377 0.077663 0.150230 0.045121 0.020046 -0.012850
    27 0.610302 -0.939470 0.070343 -1.654992 0.109297 -0.196637
    28 0.639940 -0.199121 0.060188 -1.665858 0.117780 -0.090152
    29 0.600155 1.080261 -0.339535 -1.744123 0.266906 0.064696
    30 0.610207 0.400743 -0.010101 -1.765172 0.183901 -0.004923
    31 0.634715 -0.693997 -0.236250 0.029083 0.774663 -1.191656
    32 -0.792125 0.203736 0.461300 1.439074 -0.003453 -0.018305
    33 0.610300 -0.939469 -0.070351 1.655384 0.140025 -0.175537
    34 0.639937 -0.199121 -0.060200 1.671282 0.183109 -0.036771
    35 0.600157 1.080259 0.339531 1.741685 0.106920 0.153702
    36 0.610205 0.400743 0.010086 1.766615 0.125838 0.080304
    37 0.624002 -0.695300 0.232270 -0.529132 -0.534884 -1.176284
    38 -0.626031 -0.069983 -0.080517 -1.447153 0.086151 0.021559
    39 2.621377 -0.002532 -0.001438 0.145264 0.179429 0.083039
    40 2.664743 0.000397 -0.000071 -0.000552 -0.030290 0.342501
    41 2.206394 0.003368 -0.006769 -0.372112 -0.071040 0.426193
    42 0.599952 0.959240 -0.300102 -0.174544 0.000000 0.000000
    43 2.557190 -0.001967 0.006359 -0.068242 -0.079567 0.368681
    44 2.095024 -0.003873 -0.006100 -0.218295 0.324000 0.622515
    45 0.999380 -0.000236 -1.299216 -0.000001 0.000000 0.000000
    46 -0.122639 -0.721856 0.661690 -0.486644 0.223964 0.243056
    47 2.622113 -0.004555 0.006647 0.084666 0.260129 0.158789
    48 2.658203 0.000780 0.000161 0.328288 0.324445 0.981184
    49 2.199219 0.000516 -0.000122 0.262846 0.022920 1.089811
    50 0.599951 0.959244 0.300102 0.174544 0.000000 0.000000
    51 2.558594 -0.000149 -0.000031 0.266888 0.214957 1.052934
    52 2.103851 0.001708 -0.001014 0.494776 -0.395572 0.646987
    53 0.999374 -0.000237 1.174205 0.000048 0.000000 0.736314
    54 0.310846 -0.606445 -0.498005 0.308107 -0.197598 0.313976
    55 1.869163 -0.004741 -0.000994 -0.000007 0.000087 1.411919
    56 1.200941 0.399582 -0.000237 -0.009465 0.016087 0.007127
    57 0.000586 0.100342 -0.000319 -0.120035 -0.021926 -0.209617
    58 -0.161663 0.051712 0.194808 -2.941982 0.122408 -0.060194
    59 2.010092 -0.007109 -0.003377 0.000042 0.000048 1.353713
    60 0.000240 0.099802 -0.000395 -0.018823 0.010833 -0.239219
    61 -0.203197 0.048607 0.069150 -3.093332 0.033217 -0.046722
    62 1.180428 -0.006214 0.000780 -0.000014 0.000012 1.247921
    63 -0.000196 0.099625 -0.000034 0.000000 0.000000 -0.314102
    64 -0.088736 -0.688435 -0.145203 2.930407 -0.136130 0.513013
    65 1.715976 -0.003328 -0.000088 0.000035 -0.000104 1.090073
    66 -0.000580 0.100145 -0.000311 -0.010914 0.023131 -0.260841
    67 -0.146030 -0.232426 -0.014225 3.028455 -0.094299 0.113020
    68 1.290632 0.000362 -0.000032 0.000048 0.000000 0.816330
    69 -0.658121 -0.003575 0.072645 -0.142711 0.027792 -0.077299
    70 1.868080 -0.003049 0.002176 -0.000045 -0.000009 0.325893
    71 1.200079 0.399944 -0.000093 0.009465 -0.016087 0.007127
    72 0.000591 0.100342 0.000319 0.120035 0.021926 -0.209617
    73 0.068077 0.002285 -0.080050 3.111376 -0.069366 -0.060847
    74 2.007813 -0.000882 -0.000381 0.000049 -0.000037 1.297777
    75 0.000229 0.099802 0.000395 0.018823 -0.010833 -0.239219
    76 -0.018673 -0.001009 0.047544 3.109244 0.002635 -0.106673
    77 1.178665 0.001595 0.000845 -0.000038 0.000078 0.669112
    78 -0.000198 0.099628 0.000034 0.000000 0.000000 -0.314102
    79 0.036892 -0.634449 0.266284 -2.801062 0.174301 0.490914
    80 1.708008 0.000721 0.000200 0.000000 0.000000 1.071623
    81 -0.000576 0.100136 0.000311 0.010912 -0.023129 -0.260841
    82 -0.003952 -0.281811 0.115047 -3.059162 0.089004 0.167964
    83 1.289627 0.007855 0.000061 -0.000014 0.000003 0.214674
    84 -0.171528 -0.018148 -0.099873 0.013484 -0.062184 -0.011780
    85 0.912716 0.007240 0.001326 0.000031 -0.000063 1.163204
    86 -0.342617 0.053404 -0.025571 -2.909301 -0.017248 0.075276
    87 1.100231 -0.000930 -0.002434 0.000009 0.000014 1.334806
    88 -0.384983 0.330998 0.006848 -3.087207 -0.018765 -0.184279
    89 0.678146 0.002286 0.000002 0.000018 0.000029 1.240206
    90 -0.123848 0.072737 0.029507 2.898184 -0.060627 0.094834
    91 1.017166 -0.000154 -0.000252 -0.000059 0.000034 1.449301
    92 -0.344986 0.123129 0.143151 2.994981 0.012396 0.059140
    93 -0.730988 0.177046 0.039141 -0.123731 0.076518 -0.084310
    94 0.925900 0.001298 -0.000896 -0.000002 0.000037 -0.005438
    95 -0.124027 -0.052092 0.038496 3.077813 -0.008519 0.039229
    96 1.100430 -0.003552 0.000503 -0.000018 0.000030 0.904205
    97 -0.330082 0.160641 0.042780 3.128073 0.034033 -0.171236
    98 0.675854 0.001531 0.003272 0.000002 0.000003 0.945893
    99 -0.019516 -0.016531 0.038578 -2.763781 0.050305 0.076828
    100 1.018555 -0.000026 -0.000397 0.000000 0.000000 0.984486
    101 -0.155312 0.130643 -0.021921 -3.022466 0.022433 -0.024903
    102 -0.252209 0.061937 -0.024914 -0.007671 -0.063171 -0.044392
    103 -0.085991 0.185203 -0.015180 -2.937063 -0.113970 -0.138991
    104 -0.286537 0.179852 0.024264 -3.109353 -0.049645 -0.029915
    105 -0.019489 0.147084 0.079203 2.893815 0.038585 -0.060594
    106 -0.046482 0.251898 0.129548 3.016165 0.077112 -0.042864
    107 0.039120 -0.040298 0.047739 3.084219 0.030470 -0.037414
    108 -0.233757 0.066630 0.001754 -3.133086 0.040141 -0.065413
    109 0.044266 0.020128 0.001684 -2.778763 -0.118872 -0.040488
    110 0.071495 0.074127 -0.048302 -3.035917 -0.059482 0.104366
    111 0.000000 0.000000 0.000000 0.000000 0.000000 -1.570796
    112 20.563128 4.961089 -10.621418 -0.195721 -0.001686 0.930036
    113 -10.082339 -2.183660 -10.082339 0.334065 -0.828293 -0.680150
    114 -1.542000 0.000000 1.810000 0.000000 0.000000 0.000000
    115 5.561000 0.000000 1.165000 0.000000 0.000000 0.000000
    116 -1.912000 0.003000 0.278000 0.000000 0.000000 0.000000
    117 1.947000 -0.003000 -0.278000 0.000000 0.000000 0.000000
    118 -3.830000 0.003000 0.015000 0.000000 0.000000 0.000000
    119 -2.941000 -0.003000 0.381000 0.000000 0.000000 0.000000
    120 -2.941000 -0.003000 0.381000 0.000000 0.000000 0.000000
    121 -0.070000 -0.003000 0.481000 0.000000 0.000000 0.000000
    122 1.771000 -0.314000 1.250000 0.000000 0.000000 -1.570796
    123 3.818000 0.000000 -0.014000 0.000000 0.000000 0.000000
    124 -0.470000 0.000000 -3.437000 0.000000 0.000000 0.000000
    125 -0.024000 0.000000 3.200000 0.000000 0.305210 0.000000
    126 -0.055985 0.000000 1.166089 0.000000 -0.382459 0.000000
    127 -15.739323 23.785882 -46.555425 0.116698 0.157778 -0.920618
    128 -2.238000 0.000000 -3.188000 0.000000 0.000000 0.000000
    129 3.319000 0.000000 3.458000 0.000000 -0.159168 0.000000
    130 0.000000 0.000000 0.000000 0.000000 0.000000 0.000000
    131 0.533000 0.511000 -0.841000 0.000000 0.000000 0.000000
    132 0.000000 0.000000 0.000000 0.000000 0.000000 0.000000
    133 -0.106000 0.000000 64.320000 0.000000 0.000000 0.000000
    134 0.000000 0.000000 0.000000 0.000000 0.000000 0.000000
    135 0.000000 0.000000 0.000000 -0.014513 -0.035678 0.054398
    136 27.007375 11.864176 0.007885 -0.195854 -0.001684 0.930038
    137 0.106000 0.000000 -64.320000 0.000000 0.000000 0.000000
    138 0.000000 0.000000 0.000000 0.000000 0.000000 0.000000
    139 0.000000 0.000000 -4.867002 -3.141592 0.000000 -3.128591
    140 0.000000 0.000000 4.867000 -3.141592 0.000000 -3.128591
    141 4.000000 -6.500000 0.000000 0.000000 0.000000 0.000977
    142 -6.500000 0.000000 0.000000 0.000000 1.570796 0.000000
    143 1.000088 -0.000029 0.000000 0.000000 0.000000 0.000000
    144 17.162516 -0.000404 0.000000 0.000000 0.000000 0.119214
    145 9.999891 -0.000303 0.000000 0.000000 0.000000 0.000000
    146 1.000088 -0.000029 0.000000 0.000000 0.000000 0.000000
    147 17.162516 -0.000404 0.000000 0.000000 0.000000 0.119214
    148 9.499836 0.000212 0.000000 0.000000 0.000000 0.000000
    149 0.000000 0.000000 0.000000 0.000000 0.000000 0.000000
    150 17.749374 0.295515 0.000000 0.000000 0.000000 -1.158958
    151 0.017889 0.299792 0.000000 0.000000 0.000000 -0.059582
    152 12.283573 1.581456 -4.696000 1.462269 -0.086726 0.090185
    153 17.749376 0.295515 0.000000 0.000000 0.000000 -1.158958
    154 0.017889 0.299792 0.000000 0.000000 0.000000 -0.059582
    155 13.354000 0.000000 0.000000 0.000000 0.000000 -0.294101
    156 4.530998 0.000000 0.000000 0.000000 0.000000 0.000000
    157 0.000000 0.000000 0.000000 0.000000 0.000000 0.000000
    158 5.413524 0.000347 0.000000 0.000000 0.000000 -0.518055
    159 5.413524 0.000347 0.000000 0.000000 0.000000 -0.518055
    160 4.662001 -5.366332 4.825191 1.569713 1.561305 -3.121213
    161 3.116966 -0.000443 0.000000 0.000000 0.000000 0.294101
    162 4.531197 0.000000 0.000000 0.000000 0.000000 0.000000
    163 3.512001 -3.547000 -1.066000 0.000000 1.570796 0.000000
    164 3.456001 -3.517000 1.169000 0.000000 1.570796 0.000000
    165 6.233002 0.000000 0.000000 0.000000 0.000000 0.000000
    166 -0.171997 -0.106000 -0.902000 1.570713 1.029176 -3.134550
    167 6.464660 -6.145618 -0.421888 0.054362 0.012560 0.036409
    168 3.999434 -0.000528 -0.000332 0.126556 0.000000 0.000036
    169 3.999901 0.000039 0.001011 0.141958 0.000000 0.000000
    170 1.598000 0.000000 0.000000 0.000000 0.000000 0.000000
    171 -1.145525 0.000130 0.000668 0.000000 0.000000 0.000000
    172 2.299679 -2.499978 -0.599480 0.892021 0.221512 -0.527234
    173 22.913622 0.839891 2.202916 -0.254062 -0.290585 1.054008
    174 -9.580675 -27.862104 -37.184681 0.812874 -0.123459 -0.568474
    175 0.649933 -0.548295 0.093651 -1.665913 -0.131399 -0.112062
    176 0.657078 0.008402 0.040371 -1.665945 -0.131407 -0.000013
    177 0.665776 0.747221 -0.029190 -1.665935 -0.131408 0.094976
    178 2.300137 -2.499413 0.600155 -0.891917 -0.221566 -0.527266
    179 11.962793 0.942966 3.328854 1.764063 -0.255053 0.173401
    180 2.762350 0.116951 1.523975 1.629482 0.064153 1.743800
    181 7.228321 7.928195 -3.925652 2.328643 0.123441 -0.568443
    182 0.650394 -0.547730 -0.092979 1.665913 0.131399 -0.112062
    183 0.657069 0.008399 -0.040379 1.665945 0.131407 -0.000013
    184 0.665772 0.747219 0.029182 1.665935 0.131408 0.094976
    185 -4.481003 -0.202000 0.000000 0.000000 0.000000 0.000000
    186 -5.516998 -0.291000 -0.001000 0.000000 0.000000 0.000000
    187 -0.857695 0.104072 0.104687 0.023536 0.163924 0.013632
    188 1.899119 0.000427 -0.000439 0.027386 -0.033311 0.477848
    189 1.799660 -0.000240 0.000231 0.027386 -0.033311 0.477848
    190 1.799660 -0.000240 0.000231 0.027386 -0.033311 0.477848
    191 1.799660 -0.000240 0.000231 0.027386 -0.033311 0.477848
    192 1.900312 -0.000137 -0.000517 0.027386 -0.033311 0.477848
    193 1.899437 -0.000313 -0.000151 -0.027386 0.033311 0.477848
    194 1.799659 -0.000237 -0.000233 -0.027386 0.033311 0.477848
    195 1.799659 -0.000237 -0.000233 -0.027386 0.033311 0.477848
    196 1.799659 -0.000237 -0.000233 -0.027386 0.033311 0.477848
    197 1.900725 0.000557 -0.000072 -0.027386 0.033311 0.477848
    198 0.599884 0.400188 -0.000027 0.000000 0.000000 0.000000
    199 0.599888 0.400187 0.000031 0.000000 0.000000 -3.141592
    200 0.599503 0.400696 0.000235 0.000000 0.000000 0.000000
    201 0.599983 0.000044 -0.000010 0.000000 0.000000 -3.141592
  time 10
    0 0.000000 0.000000 0.000000 0.000000 0.000000 -1.570796
    1 -0.106323 0.000000 -0.000198 0.000000 0.000000 0.000000
    2 0.000000 0.000000 0.000000 0.000000 0.000000 0.000000
    3 -0.904000 0.000000 -11.806000 0.000000 0.000000 0.000000
    4 0.000000 0.000000 -14.313999 0.000000 -1.570796 1.570857
    5 3.533001 0.000000 0.000000 0.000000 0.000000 0.000000
    6 6.250000 0.000000 0.000000 0.000000 0.000000 0.000000
    7 9.568951 1.914146 -1.819016 -0.160733 1.436641 -0.159497
    8 9.580670 1.554760 1.881530 1.138000 -1.032820 -1.191069
    9 5.790726 0.002787 -0.000113 0.297388 0.559559 0.400360
    10 5.999492 -0.000592 -4.000343 0.000000 0.000000 0.000000
    11 5.791316 0.006489 0.004799 1.166313 -0.682759 -1.432315
    12 5.999492 -0.000592 4.000336 0.000000 0.000000 0.000000
    13 0.500225 0.000133 -0.000088 0.076965 -0.000048 -0.000060
    14 11.534559 0.000348 -0.001312 -0.000125 0.000057 -2.307538
    15 -0.829338 0.893824 0.079659 -0.148839 0.047645 0.087266
    16 0.500225 0.000132 0.000076 -0.256471 0.000060 0.000048
    17 11.532495 0.000526 -0.000089 -0.000030 0.000098 -0.500536
    18 -0.829586 0.894698 -0.079464 0.045377 -0.019621 0.087266
    19 10.599884 0.000105 -0.000553 0.122535 0.000048 0.000000
    20 1.279857 -0.579878 -0.000805 -0.000024 -0.000049 1.153674
    21 11.042057 0.003717 0.004704 0.120353 0.347022 0.435272
    22 -1.214832 0.203470 -0.477489 -0.135025 -0.078677 -0.001289
    23 10.599880 0.000105 0.000549 -0.153970 -0.000048 0.000000
    24 0.076693 -0.282994 0.000801 -0.000012 -0.000047 0.250308
    25 11.041742 0.003171 -0.000571 -0.141648 -0.151775 -0.410250
    26 -1.063377 0.077663 0.150230 0.045121 0.020046 -0.012850
    27 0.610302 -0.939470 0.070343 -1.654790 0.096929 -0.195510
    28 0.639940 -0.199121 0.060188 -1.665756 0.105196 -0.088906
    29 0.600155 1.080261 -0.339535 -1.743380 0.254070 0.067153
    30 0.610207 0.400743 -0.010101 -1.764634 0.171341 -0.002430
    31 0.634715 -0.693997 -0.232343 0.044495 0.756583 -1.172612
    32 -0.792125 0.203736 0.461300 1.439074 -0.003453 -0.018305
    33 0.610300 -0.939469 -0.070351 1.655384 0.140025 -0.175537
    34 0.639937 -0.199121 -0.060200 1.671282 0.183109 -0.036771
    35 0.600157 1.080259 0.339531 1.741685 0.106920 0.153702
    36 0.610205 0.400743 0.010086 1.766615 0.125838 0.080304
    37 0.624002 -0.695300 0.236176 -0.529132 -0.534868 -1.176284
    38 -0.626031 -0.069983 -0.080517 -1.447153 0.086151 0.021559
    39 2.621377 -0.002532 -0.001438 0.132853 0.157934 0.124388
    40 2.660837 0.000397 -0.000071 -0.000523 -0.026347 0.385521
    41 2.206394 0.003368 -0.002863 -0.362848 -0.037870 0.481759
    42 0.599952 0.959240 -0.300102 -0.174544 0.000000 0.000000
    43 2.557190 -0.005873 0.002453 -0.066142 -0.064239 0.426228
    44 2.095024 -0.003873 -0.006100 -0.218462 0.323206 0.622251
    45 0.999380 -0.000236 -1.287497 -0.000001 0.000000 0.000000
    46 -0.122639 -0.721856 0.661690 -0.486644 0.223964 0.243056
    47 2.622113 -0.000648 0.002741 0.084666 0.260129 0.158789
    48 2.658203 0.000780 0.000161 0.328288 0.324445 0.981184
    49 2.199219 0.000516 -0.000122 0.262846 0.022920 1.089811
    50 0.599951 0.959244 0.300102 0.174544 0.000000 0.000000
    51 2.558594 -0.000149 -0.000031 0.266888 0.214957 1.052934
    52 2.103851 0.001708 -0.001014 0.494776 -0.395572 0.646987
    53 0.999374 -0.000237 1.174205 0.000036 0.000000 0.736314
    54 0.310846 -0.606445 -0.498005 0.308107 -0.197598 0.313976
    55 1.873069 -0.000835 -0.000994 -0.000043 -0.000032 1.394875
    56 1.200941 0.399582 -0.000237 -0.009465 0.016087 0.007127
    57 0.000586 0.100342 -0.000319 -0.120035 -0.021926 -0.209617
    58 -0.161663 0.051712 0.194808 -2.941982 0.122408 -0.060194
    59 2.010092 -0.003202 -0.003377 0.000054 0.000048 1.352659
    60 0.000240 0.099802 -0.000395 -0.018823 0.010833 -0.239219
    61 -0.203197 0.048607 0.069150 -3.093332 0.033217 -0.046722
    62 1.180428 -0.006214 0.000780 -0.000062 0.000036 1.209943
    63 -0.000196 0.099625 -0.000034 0.000000 0.000000 -0.314102
    64 -0.088736 -0.688435 -0.145203 2.930407 -0.136130 0.513013
    65 1.715976 0.000578 -0.000088 -0.000001 -0.000045 1.083617
    66 -0.000580 0.100145 -0.000311 -0.010914 0.023131 -0.260841
    67 -0.146030 -0.232426 -0.014225 3.028455 -0.094299 0.113020
    68 1.290632 0.000362 -0.000032 0.000024 0.000048 0.793937
    69 -0.658121 -0.003575 0.072645 -0.142711 0.027792 -0.077299
    70 1.868080 -0.003049 0.006083 -0.000033 -0.000009 0.325893
    71 1.200079 0.399944 -0.000093 0.009465 -0.016087 0.007127
    72 0.000591 0.100342 0.000319 0.120035 0.021926 -0.209617
    73 0.068077 0.002285 -0.080050 3.111376 -0.069366 -0.060847
    74 2.007813 -0.000882 -0.000381 0.000049 -0.000037 1.297777
    75 0.000229 0.099802 0.000395 0.018823 -0.010833 -0.239219
    76 -0.018673 -0.001009 0.047544 3.109244 0.002635 -0.106673
    77 1.178665 0.001595 0.000845 -0.000038 0.000078 0.669112
    78 -0.000198 0.099628 0.000034 0.000000 0.000000 -0.314102
    79 0.036892 -0.634449 0.266284 -2.801062 0.174301 0.490914
    80 1.708008 0.000721 0.000200 0.000000 0.000000 1.071623
    81 -0.000576 0.100136 0.000311 0.010912 -0.023129 -0.260841
    82 -0.003952 -0.281811 0.115047 -3.059162 0.089004 0.167964
    83 1.289627 0.003949 0.000061 -0.000014 0.000003 0.214674
    84 -0.171528 -0.018148 -0.099873 0.013484 -0.062184 -0.011780
    85 0.912716 0.007240 0.001326 -0.000005 0.000092 1.094635
    86 -0.342617 0.053404 -0.025571 -2.909301 -0.017248 0.075276
    87 1.100231 -0.000930 -0.002434 0.000009 0.000014 1.285564
    88 -0.384983 0.330998 0.006848 -3.087207 -0.018765 -0.184279
    89 0.678146 0.006192 0.000002 0.000018 0.000041 1.238651
    90 -0.123848 0.072737 0.029507 2.898184 -0.060627 0.094834
    91 1.017166 -0.000154 -0.000252 -0.000023 -0.000014 1.403792
    92 -0.344986 0.123129 0.143151 2.994981 0.012396 0.059140
    93 -0.730988 0.177046 0.039141 -0.123731 0.076518 -0.084310
    94 0.925900 0.001298 -0.000896 -0.000002 0.000037 -0.005438
    95 -0.124027 -0.052092 0.038496 3.077813 -0.008519 0.039229
    96 1.100430 -0.003552 0.000503 -0.000018 0.000030 0.904205
    97 -0.330082 0.160641 0.042780 3.128073 0.034033 -0.171236
    98 0.675854 0.001531 0.003272 0.000002 0.000003 0.945893
    99 -0.019516 -0.016531 0.038578 -2.763781 0.050305 0.076828
    100 1.018555 -0.000026 -0.000397 0.000000 0.000000 0.984486
    101 -0.155312 0.130643 -0.021921 -3.022466 0.022433 -0.024903
    102 -0.252209 0.061937 -0.024914 -0.007671 -0.063171 -0.044392
    103 -0.085991 0.185203 -0.015180 -2.937063 -0.113970 -0.138991
    104 -0.286537 0.179852 0.024264 -3.109353 -0.049645 -0.029915
    105 -0.019489 0.147084 0.079203 2.893815 0.038585 -0.060594
    106 -0.046482 0.251898 0.129548 3.016165 0.077112 -0.042864
    107 0.039120 -0.040298 0.047739 3.084219 0.030470 -0.037414
    108 -0.233757 0.066630 0.001754 -3.133086 0.040141 -0.065413
    109 0.044266 0.020128 0.001684 -2.778763 -0.118872 -0.040488
    110 0.071495 0.074127 -0.048302 -3.035917 -0.059482 0.104366
    111 0.000000 0.000000 0.000000 0.000000 0.000000 -1.570796
    112 19.117771 3.699332 -16.156743 -0.392107 0.316673 0.943864
    113 -10.805017 -1.519578 -9.508103 0.106843 -0.500322 -0.492731
    114 -1.542000 0.000000 1.810000 0.000000 0.000000 0.000000
    115 5.561000 0.000000 1.165000 0.000000 0.000000 0.000000
    116 -1.912000 0.003000 0.278000 0.000000 0.000000 0.000000
    117 1.947000 -0.003000 -0.278000 0.000000 0.000000 0.000000
    118 -3.830000 0.003000 0.015000 0.000000 0.000000 0.000000
    119 -2.941000 -0.003000 0.381000 0.000000 0.000000 0.000000
    120 -2.941000 -0.003000 0.381000 0.000000 0.000000 0.000000
    121 -0.070000 -0.003000 0.481000 0.000000 0.000000 0.000000
    122 1.771000 -0.314000 1.250000 0.000000 0.000000 -1.570796
    123 3.818000 0.000000 -0.014000 0.000000 0.000000 0.000000
    124 -0.470000 0.000000 -3.437000 0.000000 0.000000 0.000000
    125 -0.024000 0.000000 3.200000 0.000000 0.305210 0.000000
    126 -0.055985 0.000000 1.166089 0.000000 -0.382459 0.000000
    127 2.104971 31.540025 -37.773907 0.479843 0.141445 -0.972685
    128 -2.238000 0.000000 -3.188000 0.000000 0.000000 0.000000
    129 3.319000 0.000000 3.458000 0.000000 -0.159168 0.000000
    130 0.000000 0.000000 0.000000 0.000000 0.000000 0.000000
    131 0.533000 0.511000 -0.841000 0.000000 0.000000 0.000000
    132 0.000000 0.000000 0.000000 0.000000 0.000000 0.000000
    133 -0.106000 0.000000 64.320000 0.000000 0.000000 0.000000
    134 0.000000 0.000000 0.000000 0.000000 0.000000 0.000000
    135 0.000000 0.000000 0.000000 -0.010499 -0.032071 0.068348
    136 25.194820 9.903179 -8.148614 -0.392170 0.316646 0.943866
    137 0.106000 0.000000 -64.320000 0.000000 0.000000 0.000000
    138 0.000000 0.000000 0.000000 0.000000 0.000000 0.000000
    139 0.000000 0.000000 -4.867002 -3.141592 0.000000 -3.128591
    140 0.000000 0.000000 4.867000 -3.141592 0.000000 -3.128591
    141 4.000000 -6.500000 0.000000 0.000000 0.000000 0.000977
    142 -6.500000 0.000000 0.000000 0.000000 1.570796 0.000000
    143 1.000088 -0.000029 0.000000 0.000000 0.000000 0.000000
    144 17.162516 -0.000404 0.000000 0.000000 0.000000 0.119214
    145 9.999891 -0.000303 0.000000 0.000000 0.000000 0.000000
    146 1.000088 -0.000029 0.000000 0.000000 0.000000 0.000000
    147 17.162516 -0.000404 0.000000 0.000000 0.000000 0.119214
    148 9.499836 0.000212 0.000000 0.000000 0.000000 0.000000
    149 0.000000 0.000000 0.000000 0.000000 0.000000 0.000000
    150 17.749374 0.295515 0.000000 0.000000 0.000000 -1.158958
    151 0.017889 0.299792 0.000000 0.000000 0.000000 -0.059582
    152 12.283573 1.581456 -4.696000 1.462269 -0.086726 0.090185
    153 17.749376 0.295515 0.000000 0.000000 0.000000 -1.158958
    154 0.017889 0.299792 0.000000 0.000000 0.000000 -0.059582
    155 13.354000 0.000000 0.000000 0.000000 0.000000 -0.294101
    156 4.530998 0.000000 0.000000 0.000000 0.000000 0.000000
    157 0.000000 0.000000 0.000000 0.000000 0.000000 0.000000
    158 5.413524 0.000347 0.000000 0.000000 0.000000 -0.518055
    159 5.413524 0.000347 0.000000 0.000000 0.000000 -0.518055
    160 4.662001 -5.366332 4.825191 1.569713 1.561305 -3.121213
    161 3.116966 -0.000443 0.000000 0.000000 0.000000 0.294101
    162 4.531197 0.000000 0.000000 0.000000 0.000000 0.000000
    163 3.512001 -3.547000 -1.066000 0.000000 1.570796 0.000000
    164 3.456001 -3.517000 1.169000 0.000000 1.570796 0.000000
    165 6.233002 0.000000 0.000000 0.000000 0.000000 0.000000
    166 -0.171997 -0.106000 -0.902000 1.570713 1.029176 -3.134550
    167 6.441222 -6.161243 -0.484390 0.068324 0.008269 0.032706
    168 3.999434 -0.000528 -0.000332 0.061206 0.000000 0.000060
    169 3.999901 0.000039 0.001011 -0.076987 -0.000048 0.000000
    170 1.598000 0.000000 0.000000 0.000000 0.000000 0.000000
    171 -1.145525 0.000130 0.000668 0.000000 0.000000 0.000000
    172 2.299679 -2.499978 -0.599480 0.892021 0.221512 -0.527234
    173 23.198787 1.320375 -1.457352 -0.543234 -0.217186 1.052105
    174 -9.580675 -27.862104 -37.184681 0.812874 -0.123459 -0.568474
    175 0.649933 -0.548295 0.093651 -1.665913 -0.131399 -0.112062
    176 0.657078 0.008402 0.040371 -1.665945 -0.131407 -0.000013
    177 0.665776 0.747221 -0.029190 -1.665935 -0.131408 0.094976
    178 2.300137 -2.499413 0.600155 -0.891917 -0.221566 -0.527266
    179 11.962793 0.942966 3.328854 1.764063 -0.255053 0.173401
    180 2.762350 0.116951 1.523975 1.629482 0.064153 1.743800
    181 7.228321 7.928195 -3.925652 2.328643 0.123441 -0.568443
    182 0.650394 -0.547730 -0.092979 1.665913 0.131399 -0.112062
    183 0.657069 0.008399 -0.040379 1.665945 0.131407 -0.000013
    184 0.665772 0.747219 0.029182 1.665935 0.131408 0.094976
    185 -4.481003 -0.202000 0.000000 0.000000 0.000000 0.000000
    186 -5.516998 -0.291000 -0.001000 0.000000 0.000000 0.000000
    187 -0.857695 0.104072 0.104687 0.023536 0.163924 0.013632
    188 1.899119 0.000427 -0.000439 0.027386 -0.033311 0.477848
    189 1.799660 -0.000240 0.000231 0.027386 -0.033311 0.477848
    190 1.799660 -0.000240 0.000231 0.027386 -0.033311 0.477848
    191 1.799660 -0.000240 0.000231 0.027386 -0.033311 0.477848
    192 1.900312 -0.000137 -0.000517 0.027386 -0.033311 0.477848
    193 1.899437 -0.000313 -0.000151 -0.027386 0.033311 0.477848
    194 1.799659 -0.000237 -0.000233 -0.027386 0.033311 0.477848
    195 1.799659 -0.000237 -0.000233 -0.027386 0.033311 0.477848
    196 1.799659 -0.000237 -0.000233 -0.027386 0.033311 0.477848
    197 1.900725 0.000557 -0.000072 -0.027386 0.033311 0.477848
    198 0.599884 0.400188 -0.000027 0.000000 0.000000 0.000000
    199 0.599888 0.400187 0.000031 0.000000 0.000000 -3.141592
    200 0.599503 0.400696 0.000235 0.000000 0.000000 0.000000
    201 0.599983 0.000044 -0.000010 0.000000 0.000000 -3.141592
  time 11
    0 0.000000 0.000000 0.000000 0.000000 0.000000 -1.570796
    1 -0.106323 0.000000 -0.000198 0.000000 0.000000 0.000000
    2 0.000000 0.000000 0.000000 0.000000 0.000000 0.000000
    3 -0.904000 0.000000 -11.806000 0.000000 0.000000 0.000000
    4 0.000000 0.000000 -14.313999 0.000000 -1.570796 1.570857
    5 3.533001 0.000000 0.000000 0.000000 0.000000 0.000000
    6 6.250000 0.000000 0.000000 0.000000 0.000000 0.000000
    7 9.568951 1.914146 -1.819016 -0.160558 1.436546 -0.159323
    8 9.561138 2.074307 1.819028 1.083784 -1.100449 -1.120883
    9 5.786820 0.002787 -0.000113 0.276942 0.611416 0.313030
    10 5.999492 -0.000592 -4.000343 0.000000 0.000000 0.000000
    11 5.791316 0.006489 0.000893 1.504232 -0.814851 -1.687782
    12 5.999492 -0.000592 4.000336 0.000000 0.000000 0.000000
    13 0.500225 0.000133 -0.000088 0.043956 -0.000060 -0.000036
    14 11.534559 0.004255 -0.001312 -0.000077 0.000033 -2.280312
    15 -0.829338 0.893824 0.079659 -0.148839 0.047645 0.087266
    16 0.500225 0.000132 0.000076 -0.382185 0.000012 0.000060
    17 11.532495 0.000526 -0.000089 -0.000006 0.000038 -0.518084
    18 -0.829586 0.894698 -0.079464 0.045377 -0.019621 0.087266
    19 10.599884 0.000105 -0.000553 -0.016111 0.000000 0.000000
    20 1.260325 -0.579878 -0.000805 0.000000 0.000011 1.140135
    21 11.042057 0.003717 0.004704 -0.016494 0.528340 0.476915
    22 -1.214832 0.203470 -0.477489 -0.135025 -0.078677 -0.001289
    23 10.599880 0.000105 0.000549 0.060123 0.000000 0.000000
    24 0.088412 -0.286900 0.000801 0.000000 -0.000023 0.259172
    25 11.041742 0.003171 -0.000571 0.059929 0.048370 -0.092093
    26 -1.063377 0.077663 0.150230 0.045121 0.020046 -0.012850
    27 0.610302 -0.939470 0.070343 -1.654790 0.080750 -0.194288
    28 0.639940 -0.199121 0.060188 -1.665502 0.088945 -0.087348
    29 0.600155 1.080261 -0.339535 -1.742691 0.237412 0.070053
    30 0.610207 0.400743 -0.010101 -1.764097 0.155162 0.000794
    31 0.634715 -0.693997 -0.236250 0.063802 0.732478 -1.153324
    32 -0.792125 0.203736 0.461300 1.439074 -0.003453 -0.018305
    33 0.610300 -0.939469 -0.070351 1.655384 0.140025 -0.175537
    34 0.639937 -0.199121 -0.060200 1.671282 0.183109 -0.036771
    35 0.600157 1.080259 0.339531 1.741685 0.106920 0.153702
    36 0.610205 0.400743 0.010086 1.766615 0.125838 0.080304
    37 0.624002 -0.695300 0.232270 -0.529132 -0.534868 -1.176358
    38 -0.626031 -0.069983 -0.080517 -1.447153 0.086151 0.021559
    39 2.621377 -0.002532 -0.001438 0.121602 0.130606 0.166182
    40 2.664743 0.000397 -0.000071 -0.000352 -0.022404 0.428464
    41 2.206394 0.003368 -0.006769 -0.350072 -0.008537 0.541090
    42 0.599952 0.959240 -0.300102 -0.174544 0.000000 0.000000
    43 2.557190 -0.001967 0.006359 -0.063681 -0.047664 0.485923
    44 2.095024 -0.003873 -0.006100 -0.218642 0.322476 0.621925
    45 0.999380 -0.000236 -1.275778 -0.000001 0.000000 0.000000
    46 -0.122639 -0.721856 0.661690 -0.486644 0.223964 0.243056
    47 2.622113 -0.000648 0.002741 0.084666 0.260129 0.158789
    48 2.658203 0.000780 0.000161 0.328288 0.324445 0.981184
    49 2.199219 0.000516 -0.000122 0.262846 0.022920 1.089811
    50 0.599951 0.959244 0.300102 0.174544 0.000000 0.000000
    51 2.558594 -0.000149 -0.000031 0.266888 0.214957 1.052934
    52 2.103851 0.005614 -0.001014 0.494776 -0.395572 0.646987
    53 0.999374 -0.000237 1.174205 0.000048 0.000000 0.736314
    54 0.310846 -0.606445 -0.498005 0.308107 -0.197598 0.313976
    55 1.873069 -0.000835 -0.000994 0.000029 0.000051 1.371398
    56 1.200941 0.399582 -0.000237 -0.009465 0.016087 0.007127
    57 0.000586 0.100342 -0.000319 -0.120035 -0.021926 -0.209617
    58 -0.161663 0.051712 0.194808 -2.941982 0.122408 -0.060194
    59 2.010092 -0.003202 -0.003377 0.000042 0.000037 1.347245
    60 0.000240 0.099802 -0.000395 -0.018823 0.010833 -0.239219
    61 -0.203197 0.048607 0.069150 -3.093332 0.033217 -0.046722
    62 1.180428 -0.006214 0.000780 -0.000014 0.000024 1.161703
    63 -0.000196 0.099625 -0.000034 0.000000 0.000000 -0.314102
    64 -0.088736 -0.688435 -0.145203 2.930407 -0.136130 0.513013
    65 1.715976 0.000578 -0.000088 -0.000037 0.000015 1.077260
    66 -0.000580 0.100145 -0.000311 -0.010914 0.023131 -0.260841
    67 -0.146030 -0.232426 -0.014225 3.028455 -0.094299 0.113020
    68 1.290632 0.000362 -0.000032 0.000000 -0.000048 0.764007
    69 -0.658121 -0.003575 0.072645 -0.142711 0.027792 -0.077299
    70 1.868080 -0.003049 0.006083 -0.000033 -0.000009 0.325893
    71 1.200079 0.399944 -0.000093 0.009465 -0.016087 0.007127
    72 0.000591 0.100342 0.000319 0.120035 0.021926 -0.209617
    73 0.068077 0.002285 -0.080050 3.111376 -0.069366 -0.060847
    74 2.007813 -0.000882 -0.000381 0.000049 -0.000037 1.297777
    75 0.000229 0.099802 0.000395 0.018823 -0.010833 -0.239219
    76 -0.018673 -0.001009 0.047544 3.109244 0.002635 -0.106673
    77 1.178665 0.001595 0.000845 -0.000038 0.000078 0.669112
    78 -0.000198 0.099628 0.000034 0.000000 0.000000 -0.314102
    79 0.036892 -0.634449 0.266284 -2.801062 0.174301 0.490914
    80 1.708008 0.000721 0.000200 0.000000 0.000000 1.071623
    81 -0.000576 0.100136 0.000311 0.010912 -0.023129 -0.260841
    82 -0.003952 -0.281811 0.115047 -3.059162 0.089004 0.167964
    83 1.289627 0.003949 0.000061 -0.000014 0.000003 0.214674
    84 -0.171528 -0.018148 -0.099873 0.013484 -0.062184 -0.011780
    85 0.912716 0.007240 0.001326 0.000019 0.000021 1.007243
    86 -0.342617 0.053404 -0.025571 -2.909301 -0.017248 0.075276
    87 1.100231 -0.000930 -0.002434 -0.000075 0.000002 1.221308
    88 -0.384983 0.330998 0.006848 -3.087207 -0.018765 -0.184279
    89 0.678146 0.006192 -0.003905 -0.000030 0.000029 1.231827
    90 -0.123848 0.072737 0.029507 2.898184 -0.060627 0.094834
    91 1.017166 -0.000154 -0.000252 0.000025 0.000046 1.344277
    92 -0.344986 0.123129 0.143151 2.994981 0.012396 0.059140
    93 -0.730988 0.177046 0.039141 -0.123731 0.076518 -0.084310
    94 0.925900 0.001298 -0.000896 -0.000002 0.000037 -0.005438
    95 -0.124027 -0.052092 0.038496 3.077813 -0.008519 0.039229
    96 1.100430 -0.003552 0.000503 -0.000018 0.000030 0.904205
    97 -0.330082 0.160641 0.042780 3.128073 0.034033 -0.171236
    98 0.675854 0.001531 0.003272 0.000002 0.000003 0.945893
    99 -0.019516 -0.016531 0.038578 -2.763781 0.050305 0.076828
    100 1.018555 -0.000026 -0.000397 0.000000 0.000000 0.984486
    101 -0.155312 0.130643 -0.021921 -3.022466 0.022433 -0.024903
    102 -0.252209 0.061937 -0.024914 -0.007671 -0.063171 -0.044392
    103 -0.085991 0.185203 -0.015180 -2.937063 -0.113970 -0.138991
    104 -0.286537 0.179852 0.024264 -3.109353 -0.049645 -0.029915
    105 -0.019489 0.147084 0.079203 2.893815 0.038585 -0.060594
    106 -0.046482 0.251898 0.129548 3.016165 0.077112 -0.042864
    107 0.039120 -0.040298 0.047739 3.084219 0.030470 -0.037414
    108 -0.233757 0.066630 0.001754 -3.133086 0.040141 -0.065413
    109 0.044266 0.020128 0.001684 -2.778763 -0.118872 -0.040488
    110 0.071495 0.074127 -0.048302 -3.035917 -0.059482 0.104366
    111 0.000000 0.000000 0.000000 0.000000 0.000000 -1.570796
    112 18.148991 3.089938 -18.652913 0.119391 0.504720 0.727192
    113 -5.629078 -0.410169 -5.468917 0.599462 -0.281235 -1.110577
    114 -1.542000 0.000000 1.810000 0.000000 0.000000 0.000000
    115 5.561000 0.000000 1.165000 0.000000 0.000000 0.000000
    116 -1.912000 0.003000 0.278000 0.000000 0.000000 0.000000
    117 1.947000 -0.003000 -0.278000 0.000000 0.000000 0.000000
    118 -3.830000 0.003000 0.015000 0.000000 0.000000 0.000000
    119 -2.941000 -0.003000 0.381000 0.000000 0.000000 0.000000
    120 -2.941000 -0.003000 0.381000 0.000000 0.000000 0.000000
    121 -0.070000 -0.003000 0.481000 0.000000 0.000000 0.000000
    122 1.771000 -0.314000 1.250000 0.000000 0.000000 -1.570796
    123 3.818000 0.000000 -0.014000 0.000000 0.000000 0.000000
    124 -0.470000 0.000000 -3.437000 0.000000 0.000000 0.000000
    125 -0.024000 0.000000 3.200000 0.000000 0.305210 0.000000
    126 -0.055985 0.000000 1.166089 0.000000 -0.382459 0.000000
    127 8.987994 4.136845 -44.863967 0.258847 -0.452771 -0.756460
    128 -2.238000 0.000000 -3.188000 0.000000 0.000000 0.000000
    129 3.319000 0.000000 3.458000 0.000000 -0.159168 0.000000
    130 0.000000 0.000000 0.000000 0.000000 0.000000 0.000000
    131 0.533000 0.511000 -0.841000 0.000000 0.000000 0.000000
    132 0.000000 0.000000 0.000000 0.000000 0.000000 0.000000
    133 -0.106000 0.000000 64.320000 0.000000 0.000000 0.000000
    134 0.000000 0.000000 0.000000 0.000000 0.000000 0.000000
    135 0.000000 0.000000 0.000000 -0.000539 -0.027073 0.063866
    136 24.366670 7.922649 -12.148736 0.119384 0.504769 0.727199
    137 0.106000 0.000000 -64.320000 0.000000 0.000000 0.000000
    138 0.000000 0.000000 0.000000 0.000000 0.000000 0.000000
    139 0.000000 0.000000 -4.867002 -3.141592 0.000000 -3.128591
    140 0.000000 0.000000 4.867000 -3.141592 0.000000 -3.128591
    141 4.000000 -6.500000 0.000000 0.000000 0.000000 0.000977
    142 -6.500000 0.000000 0.000000 0.000000 1.570796 0.000000
    143 1.000088 -0.000029 0.000000 0.000000 0.000000 0.000000
    144 17.162516 -0.000404 0.000000 0.000000 0.000000 0.119214
    145 9.999891 -0.000303 0.000000 0.000000 0.000000 0.000000
    146 1.000088 -0.000029 0.000000 0.000000 0.000000 0.000000
    147 17.162516 -0.000404 0.000000 0.000000 0.000000 0.119214
    148 9.499836 0.000212 0.000000 0.000000 0.000000 0.000000
    149 0.000000 0.000000 0.000000 0.000000 0.000000 0.000000
    150 17.749374 0.295515 0.000000 0.000000 0.000000 -1.158958
    151 0.017889 0.299792 0.000000 0.000000 0.000000 -0.059582
    152 12.283573 1.581456 -4.696000 1.462269 -0.086726 0.090185
    153 17.749376 0.295515 0.000000 0.000000 0.000000 -1.158958
    154 0.017889 0.299792 0.000000 0.000000 0.000000 -0.059582
    155 13.354000 0.000000 0.000000 0.000000 0.000000 -0.294101
    156 4.530998 0.000000 0.000000 0.000000 0.000000 0.000000
    157 0.000000 0.000000 0.000000 0.000000 0.000000 0.000000
    158 5.413524 0.000347 0.000000 0.000000 0.000000 -0.518055
    159 5.413524 0.000347 0.000000 0.000000 0.000000 -0.518055
    160 4.662001 -5.366332 4.825191 1.569713 1.561305 -3.121213
    161 3.116966 -0.000443 0.000000 0.000000 0.000000 0.294101
    162 4.531197 0.000000 0.000000 0.000000 0.000000 0.000000
    163 3.512001 -3.547000 -1.066000 0.000000 1.570796 0.000000
    164 3.456001 -3.517000 1.169000 0.000000 1.570796 0.000000
    165 6.233002 0.000000 0.000000 0.000000 0.000000 0.000000
    166 -0.171997 -0.106000 -0.902000 1.570713 1.029176 -3.134550
    167 6.409971 -6.200307 -0.390637 0.063842 -0.001163 0.027061
    168 3.999434 -0.000528 -0.000332 -0.008068 0.000048 0.000000
    169 3.999901 0.000039 0.001011 0.030111 0.000000 0.000000
    170 1.598000 0.000000 0.000000 0.000000 0.000000 0.000000
    171 -1.145525 0.000130 0.000668 0.000000 0.000000 0.000000
    172 2.299679 -2.499978 -0.599480 0.892021 0.221512 -0.527234
    173 24.132409 2.746200 -0.660452 0.039022 -0.301466 0.882977
    174 -9.580675 -27.862104 -37.184681 0.812874 -0.123459 -0.568474
    175 0.649933 -0.548295 0.093651 -1.665913 -0.131399 -0.112062
    176 0.657078 0.008402 0.040371 -1.665945 -0.131407 -0.000013
    177 0.665776 0.747221 -0.029190 -1.665935 -0.131408 0.094976
    178 2.300137 -2.499413 0.600155 -0.891917 -0.221566 -0.527266
    179 11.962793 0.942966 3.328854 1.764063 -0.255053 0.173401
    180 2.762350 0.116951 1.523975 1.629482 0.064153 1.743800
    181 7.228321 7.928195 -3.925652 2.328643 0.123441 -0.568443
    182 0.650394 -0.547730 -0.092979 1.665913 0.131399 -0.112062
    183 0.657069 0.008399 -0.040379 1.665945 0.131407 -0.000013
    184 0.665772 0.747219 0.029182 1.665935 0.131408 0.094976
    185 -4.481003 -0.202000 0.000000 0.000000 0.000000 0.000000
    186 -5.516998 -0.291000 -0.001000 0.000000 0.000000 0.000000
    187 -0.857695 0.104072 0.104687 0.023536 0.163924 0.013632
    188 1.899119 0.000427 -0.000439 0.027386 -0.033311 0.477848
    189 1.799660 -0.000240 0.000231 0.027386 -0.033311 0.477848
    190 1.799660 -0.000240 0.000231 0.027386 -0.033311 0.477848
    191 1.799660 -0.000240 0.000231 0.027386 -0.033311 0.477848
    192 1.900312 -0.000137 -0.000517 0.027386 -0.033311 0.477848
    193 1.899437 -0.000313 -0.000151 -0.027386 0.033311 0.477848
    194 1.799659 -0.000237 -0.000233 -0.027386 0.033311 0.477848
    195 1.799659 -0.000237 -0.000233 -0.027386 0.033311 0.477848
    196 1.799659 -0.000237 -0.000233 -0.027386 0.033311 0.477848
    197 1.900725 0.000557 -0.000072 -0.027386 0.033311 0.477848
    198 0.599884 0.400188 -0.000027 0.000000 0.000000 0.000000
    199 0.599888 0.400187 0.000031 0.000000 0.000000 -3.141592
    200 0.599503 0.400696 0.000235 0.000000 0.000000 0.000000
    201 0.599983 0.000044 -0.000010 0.000000 0.000000 -3.141592
  time 12
    0 0.000000 0.000000 0.000000 0.000000 0.000000 -1.570796
    1 -0.106323 0.000000 -0.000198 0.000000 0.000000 0.000000
    2 0.000000 0.000000 0.000000 0.000000 0.000000 0.000000
    3 -0.904000 0.000000 -11.806000 0.000000 0.000000 0.000000
    4 0.000000 0.000000 -14.313999 0.000000 -1.570796 1.570857
    5 3.533001 0.000000 0.000000 0.000000 0.000000 0.000000
    6 6.250000 0.000000 0.000000 0.000000 0.000000 0.000000
    7 9.568951 1.914146 -1.819016 -0.160558 1.436452 -0.159236
    8 9.568951 1.996180 1.819028 1.040078 -1.144476 -1.073241
    9 5.790726 0.002787 -0.000113 0.244057 0.669327 0.205453
    10 5.999492 -0.000592 -4.000343 0.000000 0.000000 0.000000
    11 5.787410 0.002582 0.000893 1.625167 -0.816754 -1.781659
    12 5.999492 -0.000592 4.000336 0.000000 0.000000 0.000000
    13 0.500225 0.000133 -0.000088 0.010948 -0.000060 0.000000
    14 11.534559 0.004255 -0.001312 -0.000017 0.000009 -2.241038
    15 -0.829338 0.893824 0.079659 -0.148839 0.047645 0.087266
    16 0.500225 0.000132 0.000076 -0.435550 0.000060 0.000000
    17 11.532495 0.004432 -0.000089 0.000006 -0.000022 -0.535803
    18 -0.829586 0.894698 -0.079464 0.045377 -0.019621 0.087266
    19 10.599884 0.000105 -0.000553 -0.163745 0.000000 0.000000
    20 1.201729 -0.587690 -0.000805 0.000000 0.000011 1.120578
    21 11.042057 0.003717 0.000798 -0.178661 0.679577 0.445671
    22 -1.214832 0.203470 -0.477489 -0.135025 -0.078677 -0.001289
    23 10.599880 0.000105 0.000549 -0.020501 0.000000 0.000000
    24 0.096225 -0.286900 0.000801 0.000000 0.000049 0.267974
    25 11.041742 0.003171 -0.000571 -0.020578 0.071120 -0.075738
    26 -1.063377 0.077663 0.150230 0.045121 0.020046 -0.012850
    27 0.610302 -0.939470 0.070343 -1.654689 0.059765 -0.192502
    28 0.639940 -0.199121 0.060188 -1.665401 0.067948 -0.085359
    29 0.600155 1.080261 -0.339535 -1.741895 0.216019 0.073828
    30 0.610207 0.400743 -0.010101 -1.763613 0.134225 0.004905
    31 0.634715 -0.693997 -0.232343 0.086213 0.703007 -1.133506
    32 -0.792125 0.203736 0.461300 1.439074 -0.003453 -0.018305
    33 0.610300 -0.939469 -0.070351 1.655384 0.140025 -0.175537
    34 0.639937 -0.199121 -0.060200 1.671282 0.183109 -0.036771
    35 0.600157 1.080259 0.339531 1.741685 0.106920 0.153702
    36 0.610205 0.400743 0.010086 1.766615 0.125838 0.080304
    37 0.624002 -0.695300 0.232270 -0.529132 -0.534868 -1.176358
    38 -0.626031 -0.069983 -0.080517 -1.447153 0.086151 0.021559
    39 2.621377 -0.002532 -0.001438 0.111001 0.099086 0.207612
    40 2.664743 0.000397 -0.000071 0.000005 -0.018473 0.471367
    41 2.206394 0.003368 -0.002863 -0.335583 0.020029 0.600801
    42 0.599952 0.959240 -0.300102 -0.174544 0.000000 0.000000
    43 2.553283 -0.005873 0.006359 -0.060250 -0.031269 0.545697
    44 2.095024 -0.003873 -0.006100 -0.218810 0.321703 0.621640
    45 0.999380 -0.000236 -1.264059 -0.000001 0.000000 0.000000
    46 -0.122639 -0.721856 0.661690 -0.486644 0.223964 0.243056
    47 2.626019 -0.004555 0.002741 0.084666 0.260129 0.158789
    48 2.658203 0.000780 0.000161 0.328288 0.324445 0.981184
    49 2.199219 0.000516 -0.000122 0.262846 0.022920 1.089811
    50 0.599951 0.959244 0.300102 0.174544 0.000000 0.000000
    51 2.558594 -0.000149 -0.000031 0.266888 0.214957 1.052934
    52 2.103851 0.005614 -0.001014 0.494776 -0.395572 0.646987
    53 0.999374 -0.000237 1.174205 0.000048 0.000000 0.736314
    54 0.310846 -0.606445 -0.498005 0.308107 -0.197598 0.313976
    55 1.869163 -0.004741 -0.000994 -0.000007 0.000004 1.341780
    56 1.200941 0.399582 -0.000237 -0.009465 0.016087 0.007127
    57 0.000586 0.100342 -0.000319 -0.120035 -0.021926 -0.209617
    58 -0.161663 0.051712 0.194808 -2.941982 0.122408 -0.060194
    59 2.010092 -0.007109 -0.003377 0.000018 0.000013 1.341879
    60 0.000240 0.099802 -0.000395 -0.018823 0.010833 -0.239219
    61 -0.203197 0.048607 0.069150 -3.093332 0.033217 -0.046722
    62 1.180428 -0.006214 0.000780 -0.000038 -0.000048 1.106267
    63 -0.000196 0.099625 -0.000034 0.000000 0.000000 -0.314102
    64 -0.088736 -0.688435 -0.145203 2.930407 -0.136130 0.513013
    65 1.712069 0.000578 -0.000088 -0.000013 0.000003 1.066467
    66 -0.000580 0.100145 -0.000311 -0.010914 0.023131 -0.260841
    67 -0.146030 -0.232426 -0.014225 3.028455 -0.094299 0.113020
    68 1.290632 0.000362 -0.000032 0.000000 0.000000 0.726984
    69 -0.658121 -0.003575 0.072645 -0.142711 0.027792 -0.077299
    70 1.868080 -0.006956 0.002176 -0.000033 -0.000009 0.325893
    71 1.200079 0.399944 -0.000093 0.009465 -0.016087 0.007127
    72 0.000591 0.100342 0.000319 0.120035 0.021926 -0.209617
    73 0.068077 0.002285 -0.080050 3.111376 -0.069366 -0.060847
    74 2.007813 -0.000882 -0.000381 0.000049 -0.000037 1.297777
    75 0.000229 0.099802 0.000395 0.018823 -0.010833 -0.239219
    76 -0.018673 -0.001009 0.047544 3.109244 0.002635 -0.106673
    77 1.178665 0.001595 0.000845 -0.000038 0.000078 0.669112
    78 -0.000198 0.099628 0.000034 0.000000 0.000000 -0.314102
    79 0.036892 -0.634449 0.266284 -2.801062 0.174301 0.490914
    80 1.708008 0.000721 0.000200 0.000000 0.000000 1.071623
    81 -0.000576 0.100136 0.000311 0.010912 -0.023129 -0.260841
    82 -0.003952 -0.281811 0.115047 -3.059162 0.089004 0.167964
    83 1.289627 0.007855 0.000061 -0.000014 0.000003 0.214674
    84 -0.171528 -0.018148 -0.099873 0.013484 -0.062184 -0.011780
    85 0.912716 0.007240 0.001326 0.000019 0.000021 0.906532
    86 -0.342617 0.053404 -0.025571 -2.909301 -0.017248 0.075276
    87 1.100231 -0.000930 -0.002434 -0.000027 -0.000034 1.144616
    88 -0.384983 0.330998 0.006848 -3.087207 -0.018765 -0.184279
    89 0.678146 0.006192 0.000002 -0.000066 0.000017 1.225104
    90 -0.123848 0.072737 0.029507 2.898184 -0.060627 0.094834
    91 1.017166 -0.000154 -0.000252 -0.000059 -0.000062 1.273385
    92 -0.344986 0.123129 0.143151 2.994981 0.012396 0.059140
    93 -0.730988 0.177046 0.039141 -0.123731 0.076518 -0.084310
    94 0.925900 0.001298 -0.000896 -0.000002 0.000025 -0.005438
    95 -0.124027 -0.052092 0.038496 3.077813 -0.008519 0.039229
    96 1.100430 -0.007458 0.000503 -0.000018 0.000030 0.904205
    97 -0.330082 0.160641 0.042780 3.128073 0.034033 -0.171236
    98 0.675854 0.001531 0.003272 0.000002 0.000003 0.945893
    99 -0.019516 -0.016531 0.038578 -2.763781 0.050305 0.076828
    100 1.018555 -0.000026 -0.000397 0.000000 0.000000 0.984486
    101 -0.155312 0.130643 -0.021921 -3.022466 0.022433 -0.024903
    102 -0.252209 0.061937 -0.024914 -0.007671 -0.063171 -0.044392
    103 -0.085991 0.185203 -0.015180 -2.937063 -0.113970 -0.138991
    104 -0.286537 0.179852 0.024264 -3.109353 -0.049645 -0.029915
    105 -0.019489 0.147084 0.079203 2.893815 0.038585 -0.060594
    106 -0.046482 0.251898 0.129548 3.016165 0.077112 -0.042864
    107 0.039120 -0.040298 0.047739 3.084219 0.030470 -0.037414
    108 -0.233757 0.066630 0.001754 -3.133086 0.040141 -0.065413
    109 0.044266 0.020128 0.001684 -2.778763 -0.118872 -0.040488
    110 0.071495 0.074127 -0.048302 -3.035917 -0.059482 0.104366
    111 0.000000 0.000000 0.000000 0.000000 0.000000 -1.570796
    112 18.023988 3.046968 -18.524003 0.116349 0.501302 0.676925
    113 -4.793115 0.167974 -5.418134 0.597713 -0.285236 -1.158931
    114 -1.542000 0.000000 1.810000 0.000000 0.000000 0.000000
    115 5.561000 0.000000 1.165000 0.000000 0.000000 0.000000
    116 -1.912000 0.003000 0.278000 0.000000 0.000000 0.000000
    117 1.947000 -0.003000 -0.278000 0.000000 0.000000 0.000000
    118 -3.830000 0.003000 0.015000 0.000000 0.000000 0.000000
    119 -2.941000 -0.003000 0.381000 0.000000 0.000000 0.000000
    120 -2.941000 -0.003000 0.381000 0.000000 0.000000 0.000000
    121 -0.070000 -0.003000 0.481000 0.000000 0.000000 0.000000
    122 1.771000 -0.314000 1.250000 0.000000 0.000000 -1.570796
    123 3.818000 0.000000 -0.014000 0.000000 0.000000 0.000000
    124 -0.470000 0.000000 -3.437000 0.000000 0.000000 0.000000
    125 -0.024000 0.000000 3.200000 0.000000 0.305210 0.000000
    126 -0.055985 0.000000 1.166089 0.000000 -0.382459 0.000000
    127 8.597357 3.425886 -45.047566 0.234878 -0.460775 -0.702427
    128 -2.238000 0.000000 -3.188000 0.000000 0.000000 0.000000
    129 3.319000 0.000000 3.458000 0.000000 -0.159168 0.000000
    130 0.000000 0.000000 0.000000 0.000000 0.000000 0.000000
    131 0.533000 0.511000 -0.841000 0.000000 0.000000 0.000000
    132 0.000000 0.000000 0.000000 0.000000 0.000000 0.000000
    133 -0.106000 0.000000 64.320000 0.000000 0.000000 0.000000
    134 0.000000 0.000000 0.000000 0.000000 0.000000 0.000000
    135 0.000000 0.000000 0.000000 0.011937 -0.021800 0.052361
    136 24.499486 7.617953 -11.996387 0.116295 0.501304 0.676933
    137 0.106000 0.000000 -64.320000 0.000000 0.000000 0.000000
    138 0.000000 0.000000 0.000000 0.000000 0.000000 0.000000
    139 0.000000 0.000000 -4.867002 -3.141592 0.000000 -3.128591
    140 0.000000 0.000000 4.867000 -3.141592 0.000000 -3.128591
    141 4.000000 -6.500000 0.000000 0.000000 0.000000 0.000977
    142 -6.500000 0.000000 0.000000 0.000000 1.570796 0.000000
    143 1.000088 -0.000029 0.000000 0.000000 0.000000 0.000000
    144 17.162516 -0.000404 0.000000 0.000000 0.000000 0.119214
    145 9.999891 -0.000303 0.000000 0.000000 0.000000 0.000000
    146 1.000088 -0.000029 0.000000 0.000000 0.000000 0.000000
    147 17.162516 -0.000404 0.000000 0.000000 0.000000 0.119214
    148 9.499836 0.000212 0.000000 0.000000 0.000000 0.000000
    149 0.000000 0.000000 0.000000 0.000000 0.000000 0.000000
    150 17.749374 0.295515 0.000000 0.000000 0.000000 -1.158958
    151 0.017889 0.299792 0.000000 0.000000 0.000000 -0.059582
    152 12.283573 1.581456 -4.696000 1.462269 -0.086726 0.090185
    153 17.749376 0.295515 0.000000 0.000000 0.000000 -1.158958
    154 0.017889 0.299792 0.000000 0.000000 0.000000 -0.059582
    155 13.354000 0.000000 0.000000 0.000000 0.000000 -0.294101
    156 4.530998 0.000000 0.000000 0.000000 0.000000 0.000000
    157 0.000000 0.000000 0.000000 0.000000 0.000000 0.000000
    158 5.413524 0.000347 0.000000 0.000000 0.000000 -0.518055
    159 5.413524 0.000347 0.000000 0.000000 0.000000 -0.518055
    160 4.662001 -5.366332 4.825191 1.569713 1.561305 -3.121213
    161 3.116966 -0.000443 0.000000 0.000000 0.000000 0.294101
    162 4.531197 0.000000 0.000000 0.000000 0.000000 0.000000
    163 3.512001 -3.547000 -1.066000 0.000000 1.570796 0.000000
    164 3.456001 -3.517000 1.169000 0.000000 1.570796 0.000000
    165 6.233002 0.000000 0.000000 0.000000 0.000000 0.000000
    166 -0.171997 -0.106000 -0.902000 1.570713 1.029176 -3.134550
    167 6.382626 -6.231558 -0.242195 0.052361 -0.013051 0.021141
    168 3.999434 -0.000528 -0.000332 -0.081884 0.000012 0.000000
    169 3.999901 0.000039 0.001011 -0.010261 0.000000 0.000000
    170 1.598000 0.000000 0.000000 0.000000 0.000000 0.000000
    171 -1.145525 0.000130 0.000668 0.000000 0.000000 0.000000
    172 2.299679 -2.499978 -0.599480 0.892021 0.221512 -0.527234
    173 22.753461 4.375156 4.097505 0.017461 -0.533642 0.940273
    174 -9.580675 -27.862104 -37.184681 0.812874 -0.123459 -0.568474
    175 0.649933 -0.548295 0.093651 -1.665913 -0.131399 -0.112062
    176 0.657078 0.008402 0.040371 -1.665945 -0.131407 -0.000013
    177 0.665776 0.747221 -0.029190 -1.665935 -0.131408 0.094976
    178 2.300137 -2.499413 0.600155 -0.891917 -0.221566 -0.527266
    179 11.962793 0.942966 3.328854 1.764063 -0.255053 0.173401
    180 2.762350 0.116951 1.523975 1.629482 0.064153 1.743800
    181 7.228321 7.928195 -3.925652 2.328643 0.123441 -0.568443
    182 0.650394 -0.547730 -0.092979 1.665913 0.131399 -0.112062
    183 0.657069 0.008399 -0.040379 1.665945 0.131407 -0.000013
    184 0.665772 0.747219 0.029182 1.665935 0.131408 0.094976
    185 -4.481003 -0.202000 0.000000 0.000000 0.000000 0.000000
    186 -5.516998 -0.291000 -0.001000 0.000000 0.000000 0.000000
    187 -0.857695 0.104072 0.104687 0.023536 0.163924 0.013632
    188 1.899119 0.000427 -0.000439 0.027386 -0.033311 0.477848
    189 1.799660 -0.000240 0.000231 0.027386 -0.033311 0.477848
    190 1.799660 -0.000240 0.000231 0.027386 -0.033311 0.477848
    191 1.799660 -0.000240 0.000231 0.027386 -0.033311 0.477848
    192 1.900312 -0.000137 -0.000517 0.027386 -0.033311 0.477848
    193 1.899437 -0.000313 -0.000151 -0.027386 0.033311 0.477848
    194 1.799659 -0.000237 -0.000233 -0.027386 0.033311 0.477848
    195 1.799659 -0.000237 -0.000233 -0.027386 0.033311 0.477848
    196 1.799659 -0.000237 -0.000233 -0.027386 0.033311 0.477848
    197 1.900725 0.000557 -0.000072 -0.027386 0.033311 0.477848
    198 0.599884 0.400188 -0.000027 0.000000 0.000000 0.000000
    199 0.599888 0.400187 0.000031 0.000000 0.000000 -3.141592
    200 0.599503 0.400696 0.000235 0.000000 0.000000 0.000000
    201 0.599983 0.000044 -0.000010 0.000000 0.000000 -3.141592
  time 13
    0 0.000000 0.000000 0.000000 0.000000 0.000000 -1.570796
    1 -0.106323 0.000000 -0.000198 0.000000 0.000000 0.000000
    2 0.000000 0.000000 0.000000 0.000000 0.000000 0.000000
    3 -0.904000 0.000000 -11.806000 0.000000 0.000000 0.000000
    4 0.000000 0.000000 -14.313999 0.000000 -1.570796 1.570857
    5 3.533001 0.000000 0.000000 0.000000 0.000000 0.000000
    6 6.250000 0.000000 0.000000 0.000000 0.000000 0.000000
    7 9.568951 1.914146 -1.819016 -0.160383 1.436405 -0.159149
    8 9.568951 1.894614 1.819028 0.975984 -1.192815 -1.005554
    9 5.790726 0.002787 -0.000113 0.195444 0.728103 0.078851
    10 5.999492 -0.000592 -4.000343 0.000000 0.000000 0.000000
    11 5.791316 0.002582 0.004799 1.660568 -0.824653 -1.848878
    12 5.999492 -0.000592 4.000336 0.000000 0.000000 0.000000
    13 0.500225 0.000133 -0.000088 -0.022014 -0.000060 0.000000
    14 11.534559 0.004255 -0.001312 -0.000125 0.000057 -2.188776
    15 -0.829338 0.893824 0.079659 -0.148839 0.047645 0.087266
    16 0.500225 0.000132 0.000076 -0.432698 0.000000 0.000000
    17 11.532495 0.000526 -0.000089 -0.000018 0.000038 -0.584080
    18 -0.829586 0.894698 -0.079464 0.045377 -0.019621 0.087266
    19 10.599884 0.000105 -0.000553 -0.311214 0.000000 0.000000
    20 1.139228 -0.591597 -0.000805 0.000000 0.000011 1.094375
    21 11.042057 0.003717 0.004704 -0.365901 0.774971 0.344455
    22 -1.214832 0.203470 -0.477489 -0.135025 -0.078677 -0.001289
    23 10.599880 0.000105 0.000549 -0.044474 0.000000 0.000000
    24 0.111851 -0.286900 0.000801 -0.000012 -0.000047 0.292078
    25 11.041742 0.003171 -0.000571 -0.044837 0.107770 -0.043628
    26 -1.063377 0.077663 0.150230 0.045121 0.020046 -0.012850
    27 0.610302 -0.939470 0.070343 -1.654588 0.038791 -0.190740
    28 0.639940 -0.199121 0.060188 -1.665248 0.046951 -0.083345
    29 0.600155 1.080261 -0.339535 -1.741206 0.194651 0.077579
    30 0.610207 0.400743 -0.010101 -1.763129 0.113300 0.008968
    31 0.630809 -0.693997 -0.232343 0.110506 0.668997 -1.113486
    32 -0.792125 0.203736 0.461300 1.439074 -0.003453 -0.018305
    33 0.610300 -0.939469 -0.070351 1.655384 0.140025 -0.175537
    34 0.639937 -0.199121 -0.060200 1.671282 0.183109 -0.036771
    35 0.600157 1.080259 0.339531 1.741685 0.106920 0.153702
    36 0.610205 0.400743 0.010086 1.766615 0.125838 0.080304
    37 0.624002 -0.691393 0.236176 -0.529132 -0.534868 -1.176358
    38 -0.626031 -0.069983 -0.080517 -1.447153 0.086151 0.021559
    39 2.621377 -0.002532 -0.001438 0.101148 0.064564 0.246493
    40 2.664743 0.000397 -0.000071 -0.000095 -0.014926 0.510501
    41 2.206394 0.003368 -0.006769 -0.318253 0.043640 0.659337
    42 0.599952 0.959240 -0.300102 -0.174544 0.000000 0.000000
    43 2.557190 -0.001967 0.006359 -0.055862 -0.015102 0.605471
    44 2.095024 -0.003873 -0.002193 -0.219637 0.319190 0.619381
    45 0.999380 -0.000236 -1.248433 -0.000001 0.000000 0.000000
    46 -0.122639 -0.721856 0.661690 -0.486644 0.223964 0.243056
    47 2.626019 -0.004555 0.006647 0.084666 0.260129 0.158789
    48 2.658203 0.000780 0.000161 0.328288 0.324445 0.981184
    49 2.199219 0.000516 -0.000122 0.262846 0.022920 1.089811
    50 0.599951 0.959244 0.300102 0.174544 0.000000 0.000000
    51 2.558594 -0.000149 -0.000031 0.266888 0.214957 1.052934
    52 2.103851 0.005614 -0.001014 0.494776 -0.395572 0.646987
    53 0.999374 -0.000237 1.174205 0.000036 0.000000 0.736314
    54 0.310846 -0.606445 -0.498005 0.308107 -0.197598 0.313976
    55 1.869163 -0.004741 -0.004901 -0.000043 -0.000032 1.306230
    56 1.200941 0.399582 -0.000237 -0.009465 0.016087 0.007127
    57 0.000586 0.100342 -0.000319 -0.120035 -0.021926 -0.209617
    58 -0.161663 0.051712 0.194808 -2.941982 0.122408 -0.060194
    59 2.010092 -0.007109 -0.003377 0.000018 0.000013 1.332153
    60 0.000240 0.099802 -0.000395 -0.018823 0.010833 -0.239219
    61 -0.203197 0.048607 0.069150 -3.093332 0.033217 -0.046722
    62 1.180428 -0.006214 0.000780 -0.000026 -0.000024 1.045992
    63 -0.000196 0.099625 -0.000034 0.000000 0.000000 -0.314102
    64 -0.088736 -0.688435 -0.145203 2.930407 -0.136130 0.513013
    65 1.712069 -0.003328 0.003818 0.000023 -0.000021 1.055625
    66 -0.000580 0.100145 -0.000311 -0.010914 0.023131 -0.260841
    67 -0.146030 -0.232426 -0.014225 3.028455 -0.094299 0.113020
    68 1.290632 0.000362 -0.000032 0.000000 0.000000 0.683567
    69 -0.658121 -0.003575 0.072645 -0.142711 0.027792 -0.077299
    70 1.868080 -0.003049 0.006083 -0.000021 -0.000009 0.325893
    71 1.200079 0.399944 -0.000093 0.009465 -0.016087 0.007127
    72 0.000591 0.100342 0.000319 0.120035 0.021926 -0.209617
    73 0.068077 0.002285 -0.080050 3.111376 -0.069366 -0.060847
    74 2.007813 -0.000882 -0.000381 0.000049 -0.000037 1.297777
    75 0.000229 0.099802 0.000395 0.018823 -0.010833 -0.239219
    76 -0.018673 -0.001009 0.047544 3.109244 0.002635 -0.106673
    77 1.178665 0.001595 0.000845 -0.000038 0.000078 0.669112
    78 -0.000198 0.099628 0.000034 0.000000 0.000000 -0.314102
    79 0.036892 -0.634449 0.266284 -2.801062 0.174301 0.490914
    80 1.708008 0.000721 0.000200 0.000000 0.000000 1.071623
    81 -0.000576 0.100136 0.000311 0.010912 -0.023129 -0.260841
    82 -0.003952 -0.281811 0.115047 -3.059162 0.089004 0.167964
    83 1.289627 0.003949 0.000061 -0.000014 0.000003 0.214674
    84 -0.171528 -0.018148 -0.099873 0.013484 -0.062184 -0.011780
    85 0.912716 0.007240 0.001326 0.000019 0.000021 0.795956
    86 -0.342617 0.053404 -0.025571 -2.909301 -0.017248 0.075276
    87 1.100231 -0.000930 -0.002434 0.000057 -0.000010 1.058276
    88 -0.384983 0.330998 0.006848 -3.087207 -0.018765 -0.184279
    89 0.678146 0.006192 0.000002 -0.000018 -0.000019 1.213312
    90 -0.123848 0.072737 0.029507 2.898184 -0.060627 0.094834
    91 1.017166 -0.000154 -0.000252 -0.000047 -0.000074 1.193557
    92 -0.344986 0.123129 0.143151 2.994981 0.012396 0.059140
    93 -0.730988 0.177046 0.039141 -0.123731 0.076518 -0.084310
    94 0.925900 0.001298 -0.000896 -0.000002 0.000025 -0.005438
    95 -0.124027 -0.052092 0.038496 3.077813 -0.008519 0.039229
    96 1.100430 -0.003552 0.000503 -0.000018 0.000030 0.904181
    97 -0.330082 0.160641 0.042780 3.128073 0.034033 -0.171236
    98 0.675854 0.001531 0.003272 0.000002 0.000003 0.945893
    99 -0.019516 -0.016531 0.038578 -2.763781 0.050305 0.076828
    100 1.018555 -0.000026 -0.000397 0.000000 0.000000 0.984486
    101 -0.155312 0.130643 -0.021921 -3.022466 0.022433 -0.024903
    102 -0.252209 0.061937 -0.024914 -0.007671 -0.063171 -0.044392
    103 -0.085991 0.185203 -0.015180 -2.937063 -0.113970 -0.138991
    104 -0.286537 0.179852 0.024264 -3.109353 -0.049645 -0.029915
    105 -0.019489 0.147084 0.079203 2.893815 0.038585 -0.060594
    106 -0.046482 0.251898 0.129548 3.016165 0.077112 -0.042864
    107 0.039120 -0.040298 0.047739 3.084219 0.030470 -0.037414
    108 -0.233757 0.066630 0.001754 -3.133086 0.040141 -0.065413
    109 0.044266 0.020128 0.001684 -2.778763 -0.118872 -0.040488
    110 0.071495 0.074127 -0.048302 -3.035917 -0.059482 0.104366
    111 0.000000 0.000000 0.000000 0.000000 0.000000 -1.570796
    112 17.949767 2.898526 -18.156804 0.105417 0.491984 0.628153
    113 -4.105594 0.738304 -5.281411 0.590641 -0.296738 -1.200336
    114 -1.542000 0.000000 1.810000 0.000000 0.000000 0.000000
    115 5.561000 0.000000 1.165000 0.000000 0.000000 0.000000
    116 -1.912000 0.003000 0.278000 0.000000 0.000000 0.000000
    117 1.947000 -0.003000 -0.278000 0.000000 0.000000 0.000000
    118 -3.830000 0.003000 0.015000 0.000000 0.000000 0.000000
    119 -2.941000 -0.003000 0.381000 0.000000 0.000000 0.000000
    120 -2.941000 -0.003000 0.381000 0.000000 0.000000 0.000000
    121 -0.070000 -0.003000 0.481000 0.000000 0.000000 0.000000
    122 1.771000 -0.314000 1.250000 0.000000 0.000000 -1.570796
    123 3.818000 0.000000 -0.014000 0.000000 0.000000 0.000000
    124 -0.470000 0.000000 -3.437000 0.000000 0.000000 0.000000
    125 -0.024000 0.000000 3.200000 0.000000 0.305210 0.000000
    126 -0.055985 0.000000 1.166089 0.000000 -0.382459 0.000000
    127 8.046559 3.195410 -45.477267 0.214333 -0.457584 -0.651953
    128 -2.238000 0.000000 -3.188000 0.000000 0.000000 0.000000
    129 3.319000 0.000000 3.458000 0.000000 -0.159168 0.000000
    130 0.000000 0.000000 0.000000 0.000000 0.000000 0.000000
    131 0.533000 0.511000 -0.841000 0.000000 0.000000 0.000000
    132 0.000000 0.000000 0.000000 0.000000 0.000000 0.000000
    133 -0.106000 0.000000 64.320000 0.000000 0.000000 0.000000
    134 0.000000 0.000000 0.000000 0.000000 0.000000 0.000000
    135 0.000000 0.000000 0.000000 0.023670 -0.016970 0.037320
    136 24.679179 7.223409 -11.566687 0.105484 0.491987 0.628162
    137 0.106000 0.000000 -64.320000 0.000000 0.000000 0.000000
    138 0.000000 0.000000 0.000000 0.000000 0.000000 0.000000
    139 0.000000 0.000000 -4.867002 -3.141592 0.000000 -3.128591
    140 0.000000 0.000000 4.867000 -3.141592 0.000000 -3.128591
    141 4.000000 -6.500000 0.000000 0.000000 0.000000 0.000977
    142 -6.500000 0.000000 0.000000 0.000000 1.570796 0.000000
    143 1.000088 -0.000029 0.000000 0.000000 0.000000 0.000000
    144 17.162516 -0.000404 0.000000 0.000000 0.000000 0.119214
    145 9.999891 -0.000303 0.000000 0.000000 0.000000 0.000000
    146 1.000088 -0.000029 0.000000 0.000000 0.000000 0.000000
    147 17.162516 -0.000404 0.000000 0.000000 0.000000 0.119214
    148 9.499836 0.000212 0.000000 0.000000 0.000000 0.000000
    149 0.000000 0.000000 0.000000 0.000000 0.000000 0.000000
    150 17.749374 0.295515 0.000000 0.000000 0.000000 -1.158958
    151 0.017889 0.299792 0.000000 0.000000 0.000000 -0.059582
    152 12.283573 1.581456 -4.696000 1.462269 -0.086726 0.090185
    153 17.749376 0.295515 0.000000 0.000000 0.000000 -1.158958
    154 0.017889 0.299792 0.000000 0.000000 0.000000 -0.059582
    155 13.354000 0.000000 0.000000 0.000000 0.000000 -0.294101
    156 4.530998 0.000000 0.000000 0.000000 0.000000 0.000000
    157 0.000000 0.000000 0.000000 0.000000 0.000000 0.000000
    158 5.413524 0.000347 0.000000 0.000000 0.000000 -0.518055
    159 5.413524 0.000347 0.000000 0.000000 0.000000 -0.518055
    160 4.662001 -5.366332 4.825191 1.569713 1.561305 -3.121213
    161 3.116966 -0.000443 0.000000 0.000000 0.000000 0.294101
    162 4.531197 0.000000 0.000000 0.000000 0.000000 0.000000
    163 3.512001 -3.547000 -1.066000 0.000000 1.570796 0.000000
    164 3.456001 -3.517000 1.169000 0.000000 1.570796 0.000000
    165 6.233002 0.000000 0.000000 0.000000 0.000000 0.000000
    166 -0.171997 -0.106000 -0.902000 1.570713 1.029176 -3.134550
    167 6.351375 -6.262809 -0.093753 0.037344 -0.024293 0.016071
    168 3.999434 -0.000528 -0.000332 -0.155656 0.000000 0.000000
    169 3.999901 0.000039 0.001011 -0.022286 0.000060 0.000000
    170 1.598000 0.000000 0.000000 0.000000 0.000000 0.000000
    171 -1.145525 0.000130 0.000668 0.000000 0.000000 0.000000
    172 2.299679 -2.499978 -0.599480 0.892021 0.221512 -0.527234
    173 20.331512 5.754104 7.945279 -0.020415 -0.727687 1.045252
    174 -9.580675 -27.862104 -37.184681 0.812874 -0.123459 -0.568474
    175 0.649933 -0.548295 0.093651 -1.665913 -0.131399 -0.112062
    176 0.657078 0.008402 0.040371 -1.665945 -0.131407 -0.000013
    177 0.665776 0.747221 -0.029190 -1.665935 -0.131408 0.094976
    178 2.300137 -2.499413 0.600155 -0.891917 -0.221566 -0.527266
    179 11.962793 0.942966 3.328854 1.764063 -0.255053 0.173401
    180 2.762350 0.116951 1.523975 1.629482 0.064153 1.743800
    181 7.228321 7.928195 -3.925652 2.328643 0.123441 -0.568443
    182 0.650394 -0.547730 -0.092979 1.665913 0.131399 -0.112062
    183 0.657069 0.008399 -0.040379 1.665945 0.131407 -0.000013
    184 0.665772 0.747219 0.029182 1.665935 0.131408 0.094976
    185 -4.481003 -0.202000 0.000000 0.000000 0.000000 0.000000
    186 -5.516998 -0.291000 -0.001000 0.000000 0.000000 0.000000
    187 -0.857695 0.104072 0.104687 0.023536 0.163924 0.013632
    188 1.899119 0.000427 -0.000439 0.027386 -0.033311 0.477848
    189 1.799660 -0.000240 0.000231 0.027386 -0.033311 0.477848
    190 1.799660 -0.000240 0.000231 0.027386 -0.033311 0.477848
    191 1.799660 -0.000240 0.000231 0.027386 -0.033311 0.477848
    192 1.900312 -0.000137 -0.000517 0.027386 -0.033311 0.477848
    193 1.899437 -0.000313 -0.000151 -0.027386 0.033311 0.477848
    194 1.799659 -0.000237 -0.000233 -0.027386 0.033311 0.477848
    195 1.799659 -0.000237 -0.000233 -0.027386 0.033311 0.477848
    196 1.799659 -0.000237 -0.000233 -0.027386 0.033311 0.477848
    197 1.900725 0.000557 -0.000072 -0.027386 0.033311 0.477848
    198 0.599884 0.400188 -0.000027 0.000000 0.000000 0.000000
    199 0.599888 0.400187 0.000031 0.000000 0.000000 -3.141592
    200 0.599503 0.400696 0.000235 0.000000 0.000000 0.000000
    201 0.599983 0.000044 -0.000010 0.000000 0.000000 -3.141592
  time 14
    0 0.000000 0.000000 0.000000 0.000000 0.000000 -1.570796
    1 -0.106323 0.000000 -0.000198 0.000000 0.000000 0.000000
    2 0.000000 0.000000 0.000000 0.000000 0.000000 0.000000
    3 -0.904000 0.000000 -11.806000 0.000000 0.000000 0.000000
    4 0.000000 0.000000 -14.313999 0.000000 -1.570796 1.570857
    5 3.533001 0.000000 0.000000 0.000000 0.000000 0.000000
    6 6.250000 0.000000 0.000000 0.000000 0.000000 0.000000
    7 9.568951 1.914146 -1.819016 -0.160208 1.436310 -0.159062
    8 9.568951 1.796955 1.819028 0.883633 -1.240700 -0.907374
    9 5.790726 0.002787 -0.000113 0.127314 0.782615 -0.065324
    10 5.999492 -0.000592 -4.000343 0.000000 0.000000 0.000000
    11 5.791316 0.006489 0.000893 1.657064 -0.836191 -1.900630
    12 5.999492 -0.000592 4.000336 0.000000 0.000000 0.000000
    13 0.500225 0.000133 -0.000088 -0.051539 0.000000 0.000000
    14 11.534559 0.004255 -0.001312 -0.000017 0.000009 -2.123136
    15 -0.829338 0.893824 0.079659 -0.148839 0.047645 0.087266
    16 0.500225 0.000132 0.000076 -0.404269 0.000000 0.000000
    17 11.532495 0.004432 -0.000089 0.000078 0.000002 -0.654613
    18 -0.829586 0.894698 -0.079464 0.045377 -0.019621 0.087266
    19 10.599884 0.000105 -0.000553 -0.446571 -0.000060 0.000012
    20 1.076726 -0.595503 -0.000805 0.000000 0.000011 1.061525
    21 11.042057 0.003717 0.004704 -0.546471 0.798738 0.211901
    22 -1.214832 0.203470 -0.477489 -0.135025 -0.078677 -0.001289
    23 10.599880 0.000105 0.000549 -0.047138 0.000000 0.000000
    24 0.119663 -0.286900 0.000801 0.000000 -0.000011 0.327410
    25 11.041742 0.003171 -0.000571 -0.047694 0.145716 0.001893
    26 -1.063377 0.077663 0.150230 0.045121 0.020046 -0.012850
    27 0.610302 -0.939470 0.070343 -1.654537 0.012965 -0.188571
    28 0.639940 -0.199121 0.060188 -1.665146 0.021136 -0.080900
    29 0.600155 1.080261 -0.339535 -1.740357 0.169291 0.082038
    30 0.610207 0.400743 -0.010101 -1.762591 0.087904 0.013929
    31 0.630809 -0.693997 -0.232343 0.135710 0.629605 -1.092204
    32 -0.792125 0.203736 0.461300 1.439074 -0.003453 -0.018305
    33 0.610300 -0.939469 -0.070351 1.655384 0.140025 -0.175537
    34 0.639937 -0.199121 -0.060200 1.671282 0.183109 -0.036771
    35 0.600157 1.080259 0.339531 1.741685 0.106920 0.153702
    36 0.610205 0.400743 0.010086 1.766615 0.125838 0.080304
    37 0.624002 -0.695300 0.232270 -0.529132 -0.534868 -1.176358
    38 -0.626031 -0.069983 -0.080517 -1.447153 0.086151 0.021559
    39 2.621377 -0.002532 -0.005345 0.089996 0.030434 0.285617
    40 2.660837 0.000397 -0.000071 -0.000052 -0.011354 0.549596
    41 2.206394 0.003368 -0.006769 -0.299545 0.066179 0.718322
    42 0.599952 0.959240 -0.300102 -0.174544 0.000000 0.000000
    43 2.553283 -0.005873 0.006359 -0.051239 0.000358 0.661064
    44 2.095024 -0.003873 -0.002193 -0.220428 0.316656 0.617163
    45 0.999380 -0.000236 -1.240621 -0.000001 0.000000 0.000000
    46 -0.122639 -0.721856 0.661690 -0.486644 0.223964 0.243056
    47 2.622113 -0.004555 0.006647 0.084666 0.260129 0.158789
    48 2.658203 0.000780 0.000161 0.328288 0.324445 0.981184
    49 2.199219 0.000516 -0.000122 0.262846 0.022920 1.089811
    50 0.599951 0.959244 0.300102 0.174544 0.000000 0.000000
    51 2.558594 -0.000149 -0.000031 0.266888 0.214957 1.052934
    52 2.103851 0.005614 -0.001014 0.494776 -0.395572 0.647008
    53 0.999374 -0.000237 1.174205 0.000048 0.000000 0.736314
    54 0.310846 -0.606445 -0.498005 0.308107 -0.197598 0.313976
    55 1.873069 -0.000835 -0.000994 -0.000091 0.000004 1.265125
    56 1.200941 0.399582 -0.000237 -0.009465 0.016087 0.007127
    57 0.000586 0.100342 -0.000319 -0.120035 -0.021926 -0.209617
    58 -0.161663 0.051712 0.194808 -2.941982 0.122408 -0.060194
    59 2.010092 -0.003202 -0.003377 -0.000018 -0.000035 1.318210
    60 0.000240 0.099802 -0.000395 -0.018823 0.010833 -0.239219
    61 -0.203197 0.048607 0.069150 -3.093332 0.033217 -0.046722
    62 1.180428 -0.006214 0.000780 -0.000026 -0.000012 0.985748
    63 -0.000196 0.099625 -0.000034 0.000000 0.000000 -0.314102
    64 -0.088736 -0.688435 -0.145203 2.930407 -0.136130 0.513013
    65 1.712069 -0.003328 -0.000088 -0.000001 -0.000045 1.040397
    66 -0.000580 0.100145 -0.000311 -0.010914 0.023131 -0.260841
    67 -0.146030 -0.232426 -0.014225 3.028455 -0.094299 0.113020
    68 1.290632 0.000362 -0.000032 0.000000 0.000000 0.634567
    69 -0.658121 -0.003575 0.072645 -0.142711 0.027792 -0.077299
    70 1.868080 -0.003049 0.006083 -0.000021 -0.000009 0.325893
    71 1.200079 0.399944 -0.000093 0.009465 -0.016087 0.007127
    72 0.000591 0.100342 0.000319 0.120035 0.021926 -0.209617
    73 0.068077 0.002285 -0.080050 3.111376 -0.069366 -0.060847
    74 2.007813 -0.000882 -0.000381 0.000049 -0.000037 1.297777
    75 0.000229 0.099802 0.000395 0.018823 -0.010833 -0.239219
    76 -0.018673 -0.001009 0.047544 3.109244 0.002635 -0.106673
    77 1.178665 0.001595 0.000845 -0.000038 0.000078 0.669112
    78 -0.000198 0.099628 0.000034 0.000000 0.000000 -0.314102
    79 0.036892 -0.634449 0.266284 -2.801062 0.174301 0.490914
    80 1.708008 0.000721 0.000200 0.000000 0.000000 1.071623
    81 -0.000576 0.100136 0.000311 0.010912 -0.023129 -0.260841
    82 -0.003952 -0.281811 0.115047 -3.059162 0.089004 0.167964
    83 1.289627 0.003949 0.000061 -0.000014 0.000003 0.214674
    84 -0.171528 -0.018148 -0.099873 0.013484 -0.062184 -0.011780
    85 0.912716 0.007240 0.001326 0.000019 0.000021 0.685341
    86 -0.342617 0.053404 -0.025571 -2.909301 -0.017248 0.075276
    87 1.100231 -0.000930 -0.002434 -0.000051 0.000050 0.965241
    88 -0.384983 0.330998 0.006848 -3.087207 -0.018765 -0.184279
    89 0.678146 0.006192 -0.003905 -0.000054 -0.000067 1.197557
    90 -0.123848 0.072737 0.029507 2.898184 -0.060627 0.094834
    91 1.017166 -0.000154 -0.000252 -0.000023 -0.000014 1.107120
    92 -0.344986 0.123129 0.143151 2.994981 0.012396 0.059140
    93 -0.730988 0.177046 0.039141 -0.123731 0.076518 -0.084310
    94 0.921993 0.001298 -0.000896 -0.000002 0.000025 -0.005438
    95 -0.124027 -0.052092 0.038496 3.077813 -0.008519 0.039229
    96 1.100430 -0.003552 0.000503 -0.000030 0.000030 0.904181
    97 -0.330082 0.160641 0.042780 3.128073 0.034033 -0.171236
    98 0.675854 0.001531 0.003272 0.000002 0.000003 0.945893
    99 -0.019516 -0.016531 0.038578 -2.763781 0.050305 0.076828
    100 1.018555 -0.000026 -0.000397 0.000000 0.000000 0.984486
    101 -0.155312 0.130643 -0.021921 -3.022466 0.022433 -0.024903
    102 -0.252209 0.061937 -0.024914 -0.007671 -0.063171 -0.044392
    103 -0.085991 0.185203 -0.015180 -2.937063 -0.113970 -0.138991
    104 -0.286537 0.179852 0.024264 -3.109353 -0.049645 -0.029915
    105 -0.019489 0.147084 0.079203 2.893815 0.038585 -0.060594
    106 -0.046482 0.251898 0.129548 3.016165 0.077112 -0.042864
    107 0.039120 -0.040298 0.047739 3.084219 0.030470 -0.037414
    108 -0.233757 0.066630 0.001754 -3.133086 0.040141 -0.065413
    109 0.044266 0.020128 0.001684 -2.778763 -0.118872 -0.040488
    110 0.071495 0.074127 -0.048302 -3.035917 -0.059482 0.104366
    111 0.000000 0.000000 0.000000 0.000000 0.000000 -1.570796
    112 17.926328 2.687582 -17.508347 0.086026 0.474518 0.580782
    113 -3.539171 1.320353 -5.066561 0.577637 -0.317924 -1.234793
    114 -1.542000 0.000000 1.810000 0.000000 0.000000 0.000000
    115 5.561000 0.000000 1.165000 0.000000 0.000000 0.000000
    116 -1.912000 0.003000 0.278000 0.000000 0.000000 0.000000
    117 1.947000 -0.003000 -0.278000 0.000000 0.000000 0.000000
    118 -3.830000 0.003000 0.015000 0.000000 0.000000 0.000000
    119 -2.941000 -0.003000 0.381000 0.000000 0.000000 0.000000
    120 -2.941000 -0.003000 0.381000 0.000000 0.000000 0.000000
    121 -0.070000 -0.003000 0.481000 0.000000 0.000000 0.000000
    122 1.771000 -0.314000 1.250000 0.000000 0.000000 -1.570796
    123 3.818000 0.000000 -0.014000 0.000000 0.000000 0.000000
    124 -0.470000 0.000000 -3.437000 0.000000 0.000000 0.000000
    125 -0.024000 0.000000 3.200000 0.000000 0.305210 0.000000
    126 -0.055985 0.000000 1.166089 0.000000 -0.382459 0.000000
    127 7.327787 3.421979 -46.133537 0.197860 -0.442657 -0.604756
    128 -2.238000 0.000000 -3.188000 0.000000 0.000000 0.000000
    129 3.319000 0.000000 3.458000 0.000000 -0.159168 0.000000
    130 0.000000 0.000000 0.000000 0.000000 0.000000 0.000000
    131 0.533000 0.511000 -0.841000 0.000000 0.000000 0.000000
    132 0.000000 0.000000 0.000000 0.000000 0.000000 0.000000
    133 -0.106000 0.000000 64.320000 0.000000 0.000000 0.000000
    134 0.000000 0.000000 0.000000 0.000000 0.000000 0.000000
    135 0.000000 0.000000 0.000000 0.031280 -0.013698 0.022004
    136 24.948719 6.762458 -10.793226 0.086007 0.474570 0.580698
    137 0.106000 0.000000 -64.320000 0.000000 0.000000 0.000000
    138 0.000000 0.000000 0.000000 0.000000 0.000000 0.000000
    139 0.000000 0.000000 -4.867002 -3.141592 0.000000 -3.128591
    140 0.000000 0.000000 4.867000 -3.141592 0.000000 -3.128591
    141 4.000000 -6.500000 0.000000 0.000000 0.000000 0.000977
    142 -6.500000 0.000000 0.000000 0.000000 1.570796 0.000000
    143 1.000088 -0.000029 0.000000 0.000000 0.000000 0.000000
    144 17.162516 -0.000404 0.000000 0.000000 0.000000 0.119214
    145 9.999891 -0.000303 0.000000 0.000000 0.000000 0.000000
    146 1.000088 -0.000029 0.000000 0.000000 0.000000 0.000000
    147 17.162516 -0.000404 0.000000 0.000000 0.000000 0.119214
    148 9.499836 0.000212 0.000000 0.000000 0.000000 0.000000
    149 0.000000 0.000000 0.000000 0.000000 0.000000 0.000000
    150 17.749374 0.295515 0.000000 0.000000 0.000000 -1.158958
    151 0.017889 0.299792 0.000000 0.000000 0.000000 -0.059582
    152 12.283573 1.581456 -4.696000 1.462269 -0.086726 0.090185
    153 17.749376 0.295515 0.000000 0.000000 0.000000 -1.158958
    154 0.017889 0.299792 0.000000 0.000000 0.000000 -0.059582
    155 13.354000 0.000000 0.000000 0.000000 0.000000 -0.294101
    156 4.530998 0.000000 0.000000 0.000000 0.000000 0.000000
    157 0.000000 0.000000 0.000000 0.000000 0.000000 0.000000
    158 5.413524 0.000347 0.000000 0.000000 0.000000 -0.518055
    159 5.413524 0.000347 0.000000 0.000000 0.000000 -0.518055
    160 4.662001 -5.366332 4.825191 1.569713 1.561305 -3.121213
    161 3.116966 -0.000443 0.000000 0.000000 0.000000 0.294101
    162 4.531197 0.000000 0.000000 0.000000 0.000000 0.000000
    163 3.512001 -3.547000 -1.066000 0.000000 1.570796 0.000000
    164 3.456001 -3.517000 1.169000 0.000000 1.570796 0.000000
    165 6.233002 0.000000 0.000000 0.000000 0.000000 0.000000
    166 -0.171997 -0.106000 -0.902000 1.570713 1.029176 -3.134550
    167 6.324031 -6.297966 0.050783 0.022016 -0.031567 0.013003
    168 3.999434 -0.000528 -0.000332 -0.223431 0.000000 0.000000
    169 3.999901 0.000039 0.001011 -0.023607 0.000000 0.000000
    170 1.598000 0.000000 0.000000 0.000000 0.000000 0.000000
    171 -1.145525 0.000130 0.000668 0.000000 0.000000 0.000000
    172 2.299679 -2.499978 -0.599480 0.892021 0.221512 -0.527234
    173 17.460330 6.687726 10.375041 -0.061821 -0.874771 1.173264
    174 -9.580675 -27.862104 -37.184681 0.812874 -0.123459 -0.568474
    175 0.649933 -0.548295 0.093651 -1.665913 -0.131399 -0.112062
    176 0.657078 0.008402 0.040371 -1.665945 -0.131407 -0.000013
    177 0.665776 0.747221 -0.029190 -1.665935 -0.131408 0.094976
    178 2.300137 -2.499413 0.600155 -0.891917 -0.221566 -0.527266
    179 11.962793 0.942966 3.328854 1.764063 -0.255053 0.173401
    180 2.762350 0.116951 1.523975 1.629482 0.064153 1.743800
    181 7.228321 7.928195 -3.925652 2.328643 0.123441 -0.568443
    182 0.650394 -0.547730 -0.092979 1.665913 0.131399 -0.112062
    183 0.657069 0.008399 -0.040379 1.665945 0.131407 -0.000013
    184 0.665772 0.747219 0.029182 1.665935 0.131408 0.094976
    185 -4.481003 -0.202000 0.000000 0.000000 0.000000 0.000000
    186 -5.516998 -0.291000 -0.001000 0.000000 0.000000 0.000000
    187 -0.857695 0.104072 0.104687 0.023536 0.163924 0.013632
    188 1.899119 0.000427 -0.000439 0.027386 -0.033311 0.477848
    189 1.799660 -0.000240 0.000231 0.027386 -0.033311 0.477848
    190 1.799660 -0.000240 0.000231 0.027386 -0.033311 0.477848
    191 1.799660 -0.000240 0.000231 0.027386 -0.033311 0.477848
    192 1.900312 -0.000137 -0.000517 0.027386 -0.033311 0.477848
    193 1.899437 -0.000313 -0.000151 -0.027386 0.033311 0.477848
    194 1.799659 -0.000237 -0.000233 -0.027386 0.033311 0.477848
    195 1.799659 -0.000237 -0.000233 -0.027386 0.033311 0.477848
    196 1.799659 -0.000237 -0.000233 -0.027386 0.033311 0.477848
    197 1.900725 0.000557 -0.000072 -0.027386 0.033311 0.477848
    198 0.599884 0.400188 -0.000027 0.000000 0.000000 0.000000
    199 0.599888 0.400187 0.000031 0.000000 0.000000 -3.141592
    200 0.599503 0.400696 0.000235 0.000000 0.000000 0.000000
    201 0.599983 0.000044 -0.000010 0.000000 0.000000 -3.141592
  time 15
    0 0.000000 0.000000 0.000000 0.000000 0.000000 -1.570796
    1 -0.106323 0.000000 -0.000198 0.000000 0.000000 0.000000
    2 0.000000 0.000000 0.000000 0.000000 0.000000 0.000000
    3 -0.904000 0.000000 -11.806000 0.000000 0.000000 0.000000
    4 0.000000 0.000000 -14.313999 0.000000 -1.570796 1.570857
    5 3.533001 0.000000 0.000000 0.000000 0.000000 0.000000
    6 6.250000 0.000000 0.000000 0.000000 0.000000 0.000000
    7 9.568951 1.914146 -1.819016 -0.160208 1.436216 -0.158975
    8 9.568951 1.816487 1.819028 0.761015 -1.284576 -0.778644
    9 5.790726 0.002787 -0.000113 0.044672 0.829075 -0.222564
    10 5.999492 -0.000592 -4.000343 0.000000 0.000000 0.000000
    11 5.791316 0.002582 0.004799 1.618698 -0.848102 -1.931730
    12 5.999492 -0.000592 4.000336 0.000000 0.000000 0.000000
    13 0.500225 0.000133 -0.000088 -0.075567 0.000000 0.000000
    14 11.534559 0.004255 -0.001312 0.000043 -0.000027 -2.044900
    15 -0.829338 0.893824 0.079659 -0.148839 0.047645 0.087266
    16 0.500225 0.000132 0.000076 -0.357102 0.000000 -0.000048
    17 11.536401 0.004432 -0.000089 0.000006 -0.000022 -0.738585
    18 -0.829586 0.894698 -0.079464 0.045377 -0.019621 0.087266
    19 10.599884 0.000105 -0.000553 -0.556063 0.000000 0.000000
    20 0.971254 -0.583784 -0.000805 0.000000 0.000011 1.022466
    21 11.042057 0.003717 0.000798 -0.672944 0.753200 0.107627
    22 -1.214832 0.203470 -0.477489 -0.135025 -0.078677 -0.001289
    23 10.599880 0.000105 0.000549 -0.032868 0.000000 0.000000
    24 0.119663 -0.286900 0.000801 0.000000 -0.000011 0.370891
    25 11.041742 0.003171 -0.000571 -0.033408 0.183930 0.058427
    26 -1.063377 0.077663 0.150230 0.045121 0.020046 -0.012850
    27 0.610302 -0.939470 0.070343 -1.654537 -0.012862 -0.186390
    28 0.639940 -0.199121 0.060188 -1.665146 -0.004678 -0.078456
    29 0.600155 1.080261 -0.339535 -1.739667 0.143956 0.086436
    30 0.610207 0.400743 -0.010101 -1.762268 0.062533 0.018879
    31 0.634715 -0.693997 -0.232343 0.159187 0.589827 -1.072631
    32 -0.792125 0.203736 0.461300 1.439074 -0.003453 -0.018305
    33 0.610300 -0.939469 -0.070351 1.655384 0.140025 -0.175537
    34 0.639937 -0.199121 -0.060200 1.671282 0.183109 -0.036771
    35 0.600157 1.080259 0.339531 1.741685 0.106920 0.153702
    36 0.610205 0.400743 0.010086 1.766615 0.125838 0.080304
    37 0.624002 -0.695300 0.232270 -0.529132 -0.534868 -1.176358
    38 -0.626031 -0.069983 -0.080517 -1.447153 0.086151 0.021559
    39 2.625284 -0.002532 -0.001438 0.078843 -0.003414 0.320209
    40 2.664743 0.000397 -0.000071 0.000005 -0.008178 0.583755
    41 2.206394 0.003368 -0.006769 -0.279387 0.084595 0.771955
    42 0.599952 0.959240 -0.300102 -0.174544 0.000000 0.000000
    43 2.557190 -0.005873 0.006359 -0.046005 0.014644 0.712165
    44 2.095024 -0.003873 -0.002193 -0.221219 0.314079 0.614904
    45 0.999380 -0.000236 -1.228902 -0.000001 0.000000 0.000000
    46 -0.122639 -0.721856 0.661690 -0.486644 0.223964 0.243056
    47 2.626019 -0.000648 0.002741 0.084666 0.260129 0.158789
    48 2.658203 0.000780 0.000161 0.328288 0.324445 0.981184
    49 2.199219 0.000516 -0.000122 0.262846 0.022920 1.089811
    50 0.599951 0.959244 0.300102 0.174544 0.000000 0.000000
    51 2.558594 -0.000149 -0.000031 0.266888 0.214957 1.052934
    52 2.103851 0.005614 -0.001014 0.494776 -0.395572 0.647008
    53 0.999374 -0.000237 1.174205 0.000048 0.000000 0.736314
    54 0.310846 -0.606445 -0.498005 0.308107 -0.197598 0.313976
    55 1.873069 -0.000835 -0.004901 0.000029 0.000051 1.218630
    56 1.200941 0.399582 -0.000237 -0.009465 0.016087 0.007127
    57 0.000586 0.100342 -0.000319 -0.120035 -0.021926 -0.209617
    58 -0.161663 0.051712 0.194808 -2.941982 0.122408 -0.060194
    59 2.010092 -0.003202 -0.003377 0.000018 0.000013 1.300003
    60 0.000240 0.099802 -0.000395 -0.018823 0.010833 -0.239219
    61 -0.203197 0.048607 0.069150 -3.093332 0.033217 -0.046722
    62 1.180428 -0.006214 0.000780 -0.000014 0.000000 0.925473
    63 -0.000196 0.099625 -0.000034 0.000000 0.000000 -0.314102
    64 -0.088736 -0.688435 -0.145203 2.930407 -0.136130 0.513013
    65 1.715976 -0.003328 0.003818 -0.000013 -0.000068 1.025169
    66 -0.000580 0.100145 -0.000311 -0.010914 0.023131 -0.260841
    67 -0.146030 -0.232426 -0.014225 3.028455 -0.094299 0.113020
    68 1.290632 0.000362 -0.000032 0.000000 0.000000 0.580596
    69 -0.658121 -0.003575 0.072645 -0.142711 0.027792 -0.077299
    70 1.868080 -0.003049 0.006083 -0.000021 -0.000009 0.325893
    71 1.200079 0.399944 -0.000093 0.009465 -0.016087 0.007127
    72 0.000591 0.100342 0.000319 0.120035 0.021926 -0.209617
    73 0.068077 0.002285 -0.080050 3.111376 -0.069366 -0.060847
    74 2.007813 -0.000882 -0.000381 0.000049 -0.000037 1.297777
    75 0.000229 0.099802 0.000395 0.018823 -0.010833 -0.239219
    76 -0.018673 -0.001009 0.047544 3.109244 0.002635 -0.106673
    77 1.178665 0.001595 0.000845 -0.000038 0.000078 0.669112
    78 -0.000198 0.099628 0.000034 0.000000 0.000000 -0.314102
    79 0.036892 -0.634449 0.266284 -2.801062 0.174301 0.490914
    80 1.708008 0.000721 0.000200 0.000000 0.000000 1.071623
    81 -0.000576 0.100136 0.000311 0.010912 -0.023129 -0.260841
    82 -0.003952 -0.281811 0.115047 -3.059162 0.089004 0.167964
    83 1.289627 0.003949 0.000061 -0.000014 0.000003 0.214674
    84 -0.171528 -0.018148 -0.099873 0.013484 -0.062184 -0.011780
    85 0.912716 0.007240 0.001326 0.000019 0.000021 0.574726
    86 -0.342617 0.053404 -0.025571 -2.909301 -0.017248 0.075276
    87 1.100231 -0.000930 -0.002434 -0.000027 0.000038 0.867339
    88 -0.384983 0.330998 0.006848 -3.087207 -0.018765 -0.184279
    89 0.678146 0.006192 0.000002 -0.000018 -0.000019 1.176785
    90 -0.123848 0.072737 0.029507 2.898184 -0.060627 0.094834
    91 1.017166 -0.000154 -0.000252 -0.000023 -0.000038 1.015989
    92 -0.344986 0.123129 0.143151 2.994981 0.012396 0.059140
    93 -0.730988 0.177046 0.039141 -0.123731 0.076518 -0.084310
    94 0.925900 0.005205 -0.000896 -0.000002 0.000025 -0.005438
    95 -0.124027 -0.052092 0.038496 3.077813 -0.008519 0.039229
    96 1.100430 -0.003552 0.000503 -0.000030 0.000030 0.904181
    97 -0.330082 0.160641 0.042780 3.128073 0.034033 -0.171236
    98 0.675854 0.001531 0.003272 0.000002 0.000003 0.945893
    99 -0.019516 -0.016531 0.038578 -2.763781 0.050305 0.076828
    100 1.018555 -0.000026 -0.000397 0.000000 0.000000 0.984486
    101 -0.155312 0.130643 -0.021921 -3.022466 0.022433 -0.024903
    102 -0.252209 0.061937 -0.024914 -0.007671 -0.063171 -0.044392
    103 -0.085991 0.185203 -0.015180 -2.937063 -0.113970 -0.138991
    104 -0.286537 0.179852 0.024264 -3.109353 -0.049645 -0.029915
    105 -0.019489 0.147084 0.079203 2.893815 0.038585 -0.060594
    106 -0.046482 0.251898 0.129548 3.016165 0.077112 -0.042864
    107 0.039120 -0.040298 0.047739 3.084219 0.030470 -0.037414
    108 -0.233757 0.066630 0.001754 -3.133086 0.040141 -0.065413
    109 0.044266 0.020128 0.001684 -2.778763 -0.118872 -0.040488
    110 0.071495 0.074127 -0.048302 -3.035917 -0.059482 0.104366
    111 0.000000 0.000000 0.000000 0.000000 0.000000 -1.570796
    112 17.809137 2.421949 -16.664571 0.061026 0.451013 0.535093
    113 -3.046968 2.027406 -4.804834 0.560603 -0.346020 -1.263920
    114 -1.542000 0.000000 1.810000 0.000000 0.000000 0.000000
    115 5.561000 0.000000 1.165000 0.000000 0.000000 0.000000
    116 -1.912000 0.003000 0.278000 0.000000 0.000000 0.000000
    117 1.947000 -0.003000 -0.278000 0.000000 0.000000 0.000000
    118 -3.830000 0.003000 0.015000 0.000000 0.000000 0.000000
    119 -2.941000 -0.003000 0.381000 0.000000 0.000000 0.000000
    120 -2.941000 -0.003000 0.381000 0.000000 0.000000 0.000000
    121 -0.070000 -0.003000 0.481000 0.000000 0.000000 0.000000
    122 1.771000 -0.314000 1.250000 0.000000 0.000000 -1.570796
    123 3.818000 0.000000 -0.014000 0.000000 0.000000 0.000000
    124 -0.470000 0.000000 -3.437000 0.000000 0.000000 0.000000
    125 -0.024000 0.000000 3.200000 0.000000 0.305210 0.000000
    126 -0.055985 0.000000 1.166089 0.000000 -0.382459 0.000000
    127 6.425416 4.070437 -46.957781 0.186292 -0.417292 -0.560556
    128 -2.238000 0.000000 -3.188000 0.000000 0.000000 0.000000
    129 3.319000 0.000000 3.458000 0.000000 -0.159168 0.000000
    130 0.000000 0.000000 0.000000 0.000000 0.000000 0.000000
    131 0.533000 0.511000 -0.841000 0.000000 0.000000 0.000000
    132 0.000000 0.000000 0.000000 0.000000 0.000000 0.000000
    133 -0.106000 0.000000 64.320000 0.000000 0.000000 0.000000
    134 0.000000 0.000000 0.000000 0.000000 0.000000 0.000000
    135 0.000000 0.000000 0.000000 0.033988 -0.011445 0.009624
    136 25.120599 6.246817 -9.773663 0.061124 0.450972 0.535011
    137 0.106000 0.000000 -64.320000 0.000000 0.000000 0.000000
    138 0.000000 0.000000 0.000000 0.000000 0.000000 0.000000
    139 0.000000 0.000000 -4.867002 -3.141592 0.000000 -3.128591
    140 0.000000 0.000000 4.867000 -3.141592 0.000000 -3.128591
    141 4.000000 -6.500000 0.000000 0.000000 0.000000 0.000977
    142 -6.500000 0.000000 0.000000 0.000000 1.570796 0.000000
    143 1.000088 -0.000029 0.000000 0.000000 0.000000 0.000000
    144 17.162516 -0.000404 0.000000 0.000000 0.000000 0.119214
    145 9.999891 -0.000303 0.000000 0.000000 0.000000 0.000000
    146 1.000088 -0.000029 0.000000 0.000000 0.000000 0.000000
    147 17.162516 -0.000404 0.000000 0.000000 0.000000 0.119214
    148 9.499836 0.000212 0.000000 0.000000 0.000000 0.000000
    149 0.000000 0.000000 0.000000 0.000000 0.000000 0.000000
    150 17.749374 0.295515 0.000000 0.000000 0.000000 -1.158958
    151 0.017889 0.299792 0.000000 0.000000 0.000000 -0.059582
    152 12.283573 1.581456 -4.696000 1.462269 -0.086726 0.090185
    153 17.749376 0.295515 0.000000 0.000000 0.000000 -1.158958
    154 0.017889 0.299792 0.000000 0.000000 0.000000 -0.059582
    155 13.354000 0.000000 0.000000 0.000000 0.000000 -0.294101
    156 4.530998 0.000000 0.000000 0.000000 0.000000 0.000000
    157 0.000000 0.000000 0.000000 0.000000 0.000000 0.000000
    158 5.413524 0.000347 0.000000 0.000000 0.000000 -0.518055
    159 5.413524 0.000347 0.000000 0.000000 0.000000 -0.518055
    160 4.662001 -5.366332 4.825191 1.569713 1.561305 -3.121213
    161 3.116966 -0.000443 0.000000 0.000000 0.000000 0.294101
    162 4.531197 0.000000 0.000000 0.000000 0.000000 0.000000
    163 3.512001 -3.547000 -1.066000 0.000000 1.570796 0.000000
    164 3.456001 -3.517000 1.169000 0.000000 1.570796 0.000000
    165 6.233002 0.000000 0.000000 0.000000 0.000000 0.000000
    166 -0.171997 -0.106000 -0.902000 1.570713 1.029176 -3.134550
    167 6.304499 -6.309685 0.144536 0.009636 -0.034096 0.011122
    168 3.999434 -0.000528 -0.000332 -0.278065 0.000000 0.000000
    169 3.999901 0.000039 0.001011 -0.016442 0.000000 0.000000
    170 1.598000 0.000000 0.000000 0.000000 0.000000 0.000000
    171 -1.145525 0.000130 0.000668 0.000000 0.000000 0.000000
    172 2.299679 -2.499978 -0.599480 0.892021 0.221512 -0.527234
    173 14.905565 7.074457 11.316476 -0.060199 -0.977950 1.269582
    174 -9.580675 -27.862104 -37.184681 0.812874 -0.123459 -0.568474
    175 0.649933 -0.548295 0.093651 -1.665913 -0.131399 -0.112062
    176 0.657078 0.008402 0.040371 -1.665945 -0.131407 -0.000013
    177 0.665776 0.747221 -0.029190 -1.665935 -0.131408 0.094976
    178 2.300137 -2.499413 0.600155 -0.891917 -0.221566 -0.527266
    179 11.962793 0.942966 3.328854 1.764063 -0.255053 0.173401
    180 2.762350 0.116951 1.523975 1.629482 0.064153 1.743800
    181 7.228321 7.928195 -3.925652 2.328643 0.123441 -0.568443
    182 0.650394 -0.547730 -0.092979 1.665913 0.131399 -0.112062
    183 0.657069 0.008399 -0.040379 1.665945 0.131407 -0.000013
    184 0.665772 0.747219 0.029182 1.665935 0.131408 0.094976
    185 -4.481003 -0.202000 0.000000 0.000000 0.000000 0.000000
    186 -5.516998 -0.291000 -0.001000 0.000000 0.000000 0.000000
    187 -0.857695 0.104072 0.104687 0.023536 0.163924 0.013632
    188 1.899119 0.000427 -0.000439 0.027386 -0.033311 0.477848
    189 1.799660 -0.000240 0.000231 0.027386 -0.033311 0.477848
    190 1.799660 -0.000240 0.000231 0.027386 -0.033311 0.477848
    191 1.799660 -0.000240 0.000231 0.027386 -0.033311 0.477848
    192 1.900312 -0.000137 -0.000517 0.027386 -0.033311 0.477848
    193 1.899437 -0.000313 -0.000151 -0.027386 0.033311 0.477848
    194 1.799659 -0.000237 -0.000233 -0.027386 0.033311 0.477848
    195 1.799659 -0.000237 -0.000233 -0.027386 0.033311 0.477848
    196 1.799659 -0.000237 -0.000233 -0.027386 0.033311 0.477848
    197 1.900725 0.000557 -0.000072 -0.027386 0.033311 0.477848
    198 0.599884 0.400188 -0.000027 0.000000 0.000000 0.000000
    199 0.599888 0.400187 0.000031 0.000000 0.000000 -3.141592
    200 0.599503 0.400696 0.000235 0.000000 0.000000 0.000000
    201 0.599983 0.000044 -0.000010 0.000000 0.000000 -3.141592
  time 16
    0 0.000000 0.000000 0.000000 0.000000 0.000000 -1.570796
    1 -0.106323 0.000000 -0.000198 0.000000 0.000000 0.000000
    2 0.000000 0.000000 0.000000 0.000000 0.000000 0.000000
    3 -0.904000 0.000000 -11.806000 0.000000 0.000000 0.000000
    4 0.000000 0.000000 -14.313999 0.000000 -1.570796 1.570857
    5 3.533001 0.000000 0.000000 0.000000 0.000000 0.000000
    6 6.250000 0.000000 0.000000 0.000000 0.000000 0.000000
    7 9.568951 1.914146 -1.819016 -0.160033 1.436121 -0.158975
    8 9.568951 1.836019 1.819028 0.603019 -1.319223 -0.614424
    9 5.790726 0.002787 -0.000113 -0.056057 0.863428 -0.392029
    10 5.999492 -0.000592 -4.000343 0.000000 0.000000 0.000000
    11 5.791316 0.002582 0.000893 1.548167 -0.856497 -1.937407
    12 5.999492 -0.000592 4.000336 0.000000 0.000000 0.000000
    13 0.500225 0.000133 -0.000088 -0.093386 0.000000 0.000060
    14 11.534559 0.004255 -0.001312 0.000043 -0.000027 -1.956181
    15 -0.829338 0.893824 0.079659 -0.148839 0.047645 0.087266
    16 0.500225 0.000132 0.000076 -0.297417 0.000000 0.000000
    17 11.536401 0.000526 -0.000089 0.000006 0.000002 -0.828721
    18 -0.829586 0.894698 -0.079464 0.045377 -0.019621 0.087266
    19 10.599884 0.000105 -0.000553 -0.634977 -0.000012 -0.000048
    20 0.869688 -0.572065 -0.000805 0.000036 0.000047 0.978101
    21 11.042057 0.003717 0.000798 -0.725744 0.647501 0.069653
    22 -1.214832 0.203470 -0.477489 -0.135025 -0.078677 -0.001289
    23 10.599880 0.000105 0.000549 -0.003758 0.000000 0.000000
    24 0.135289 -0.282994 0.000801 0.000000 -0.000011 0.414247
    25 11.041742 0.003171 -0.000571 -0.003939 0.221697 0.124010
    26 -1.063377 0.077663 0.150230 0.045121 0.020046 -0.012850
    27 0.610302 -0.939470 0.070343 -1.654537 -0.038713 -0.184233
    28 0.639940 -0.199121 0.060188 -1.665197 -0.030469 -0.076023
    29 0.600155 1.080261 -0.339535 -1.739137 0.118585 0.090786
    30 0.610207 0.400743 -0.010101 -1.762107 0.037137 0.023816
    31 0.634715 -0.693997 -0.236250 0.180963 0.545363 -1.050942
    32 -0.792125 0.203736 0.461300 1.439074 -0.003453 -0.018305
    33 0.610300 -0.939469 -0.070351 1.655384 0.140025 -0.175537
    34 0.639937 -0.199121 -0.060200 1.671282 0.183109 -0.036771
    35 0.600157 1.080259 0.339531 1.741685 0.106920 0.153702
    36 0.610205 0.400743 0.010086 1.766615 0.125838 0.080304
    37 0.624002 -0.695300 0.232270 -0.529132 -0.534868 -1.176358
    38 -0.626031 -0.069983 -0.080517 -1.447153 0.086151 0.021559
    39 2.621377 -0.002532 -0.001438 0.066616 -0.034884 0.350594
    40 2.660837 0.000397 -0.000071 -0.000023 -0.005518 0.613562
    41 2.206394 0.003368 -0.006769 -0.258258 0.099893 0.819993
    42 0.599952 0.959240 -0.300102 -0.174544 0.000000 0.000000
    43 2.557190 -0.001967 0.006359 -0.040207 0.027228 0.757249
    44 2.095024 -0.003873 -0.002193 -0.222897 0.309355 0.609918
    45 0.999380 -0.000236 -1.221089 -0.000001 0.000000 0.000000
    46 -0.122639 -0.721856 0.661690 -0.486644 0.223964 0.243056
    47 2.622113 -0.000648 0.002741 0.084666 0.260129 0.158789
    48 2.658203 0.000780 0.000161 0.328288 0.324445 0.981184
    49 2.199219 0.000516 -0.000122 0.262846 0.022920 1.089811
    50 0.599951 0.959244 0.300102 0.174544 0.000000 0.000000
    51 2.558594 -0.000149 -0.000031 0.266888 0.214957 1.052934
    52 2.103851 0.005614 -0.001014 0.494776 -0.395584 0.647008
    53 0.999374 -0.000237 1.174205 0.000048 0.000000 0.736314
    54 0.310846 -0.606445 -0.498005 0.308107 -0.197598 0.313976
    55 1.873069 -0.000835 -0.000994 -0.000043 -0.000032 1.166913
    56 1.200941 0.399582 -0.000237 -0.009465 0.016087 0.007127
    57 0.000586 0.100342 -0.000319 -0.120035 -0.021926 -0.209617
    58 -0.161663 0.051712 0.194808 -2.941982 0.122408 -0.060194
    59 2.010092 -0.003202 -0.003377 0.000065 -0.000023 1.276574
    60 0.000240 0.099802 -0.000395 -0.018823 0.010833 -0.239219
    61 -0.203197 0.048607 0.069150 -3.093332 0.033217 -0.046722
    62 1.180428 -0.006214 0.000780 -0.000038 -0.000048 0.870102
    63 -0.000196 0.099625 -0.000034 0.000000 0.000000 -0.314102
    64 -0.088736 -0.688435 -0.145203 2.930407 -0.136130 0.513013
    65 1.712069 -0.003328 0.003818 -0.000001 -0.000045 1.005407
    66 -0.000580 0.100145 -0.000311 -0.010914 0.023131 -0.260841
    67 -0.146030 -0.232426 -0.014225 3.028455 -0.094299 0.113020
    68 1.290632 0.000362 -0.000032 0.000000 0.000000 0.522437
    69 -0.658121 -0.003575 0.072645 -0.142711 0.027792 -0.077299
    70 1.868080 -0.003049 0.006083 -0.000021 -0.000021 0.325893
    71 1.200079 0.399944 -0.000093 0.009465 -0.016087 0.007127
    72 0.000591 0.100342 0.000319 0.120035 0.021926 -0.209617
    73 0.068077 0.002285 -0.080050 3.111376 -0.069366 -0.060847
    74 2.007813 -0.000882 -0.000381 0.000049 -0.000037 1.297777
    75 0.000229 0.099802 0.000395 0.018823 -0.010833 -0.239219
    76 -0.018673 -0.001009 0.047544 3.109244 0.002635 -0.106673
    77 1.178665 0.001595 0.000845 -0.000038 0.000078 0.669112
    78 -0.000198 0.099628 0.000034 0.000000 0.000000 -0.314102
    79 0.036892 -0.634449 0.266284 -2.801062 0.174301 0.490914
    80 1.708008 0.000721 0.000200 0.000000 0.000000 1.071623
    81 -0.000576 0.100136 0.000311 0.010912 -0.023129 -0.260841
    82 -0.003952 -0.281811 0.115047 -3.059162 0.089004 0.167964
    83 1.289627 0.003949 0.000061 -0.000014 0.000003 0.214674
    84 -0.171528 -0.018148 -0.099873 0.013484 -0.062184 -0.011780
    85 0.912716 0.007240 0.001326 0.000031 0.000069 0.471435
    86 -0.342617 0.053404 -0.025571 -2.909301 -0.017248 0.075276
    87 1.100231 -0.000930 -0.002434 -0.000015 0.000026 0.769354
    88 -0.384983 0.330998 0.006848 -3.087207 -0.018765 -0.184279
    89 0.678146 0.006192 -0.003905 -0.000018 -0.000019 1.150844
    90 -0.123848 0.072737 0.029507 2.898184 -0.060627 0.094834
    91 1.017166 -0.000154 -0.000252 -0.000035 -0.000050 0.924820
    92 -0.344986 0.123129 0.143151 2.994981 0.012396 0.059140
    93 -0.730988 0.177046 0.039141 -0.123731 0.076518 -0.084310
    94 0.925900 0.001298 -0.000896 -0.000002 0.000013 -0.005438
    95 -0.124027 -0.052092 0.038496 3.077813 -0.008519 0.039229
    96 1.100430 -0.003552 0.000503 -0.000030 0.000030 0.904205
    97 -0.330082 0.160641 0.042780 3.128073 0.034033 -0.171236
    98 0.675854 0.001531 0.003272 0.000002 0.000003 0.945893
    99 -0.019516 -0.016531 0.038578 -2.763781 0.050305 0.076828
    100 1.018555 -0.000026 -0.000397 0.000000 0.000000 0.984486
    101 -0.155312 0.130643 -0.021921 -3.022466 0.022433 -0.024903
    102 -0.252209 0.061937 -0.024914 -0.007671 -0.063171 -0.044392
    103 -0.085991 0.185203 -0.015180 -2.937063 -0.113970 -0.138991
    104 -0.286537 0.179852 0.024264 -3.109353 -0.049645 -0.029915
    105 -0.019489 0.147084 0.079203 2.893815 0.038585 -0.060594
    106 -0.046482 0.251898 0.129548 3.016165 0.077112 -0.042864
    107 0.039120 -0.040298 0.047739 3.084219 0.030470 -0.037414
    108 -0.233757 0.066630 0.001754 -3.133086 0.040141 -0.065413
    109 0.044266 0.020128 0.001684 -2.778763 -0.118872 -0.040488
    110 0.071495 0.074127 -0.048302 -3.035917 -0.059482 0.104366
    111 0.000000 0.000000 0.000000 0.000000 0.000000 -1.570796
    112 17.715384 2.101627 -15.637196 0.030228 0.421888 0.490432
    113 -2.621174 2.730552 -4.515763 0.538018 -0.380481 -1.287526
    114 -1.542000 0.000000 1.810000 0.000000 0.000000 0.000000
    115 5.561000 0.000000 1.165000 0.000000 0.000000 0.000000
    116 -1.912000 0.003000 0.278000 0.000000 0.000000 0.000000
    117 1.947000 -0.003000 -0.278000 0.000000 0.000000 0.000000
    118 -3.830000 0.003000 0.015000 0.000000 0.000000 0.000000
    119 -2.941000 -0.003000 0.381000 0.000000 0.000000 0.000000
    120 -2.941000 -0.003000 0.381000 0.000000 0.000000 0.000000
    121 -0.070000 -0.003000 0.481000 0.000000 0.000000 0.000000
    122 1.771000 -0.314000 1.250000 0.000000 0.000000 -1.570796
    123 3.818000 0.000000 -0.014000 0.000000 0.000000 0.000000
    124 -0.470000 0.000000 -3.437000 0.000000 0.000000 0.000000
    125 -0.024000 0.000000 3.200000 0.000000 0.305210 0.000000
    126 -0.055985 0.000000 1.166089 0.000000 -0.382459 0.000000
    127 5.339445 5.086093 -47.907028 0.180462 -0.384788 -0.519165
    128 -2.238000 0.000000 -3.188000 0.000000 0.000000 0.000000
    129 3.319000 0.000000 3.458000 0.000000 -0.159168 0.000000
    130 0.000000 0.000000 0.000000 0.000000 0.000000 0.000000
    131 0.533000 0.511000 -0.841000 0.000000 0.000000 0.000000
    132 0.000000 0.000000 0.000000 0.000000 0.000000 0.000000
    133 -0.106000 0.000000 64.320000 0.000000 0.000000 0.000000
    134 0.000000 0.000000 0.000000 0.000000 0.000000 0.000000
    135 0.000000 0.000000 0.000000 0.034408 -0.009336 0.003667
    136 25.335449 5.672581 -8.531438 0.030149 0.421850 0.490444
    137 0.106000 0.000000 -64.320000 0.000000 0.000000 0.000000
    138 0.000000 0.000000 0.000000 0.000000 0.000000 0.000000
    139 0.000000 0.000000 -4.867002 -3.141592 0.000000 -3.128591
    140 0.000000 0.000000 4.867000 -3.141592 0.000000 -3.128591
    141 4.000000 -6.500000 0.000000 0.000000 0.000000 0.000977
    142 -6.500000 0.000000 0.000000 0.000000 1.570796 0.000000
    143 1.000088 -0.000029 0.000000 0.000000 0.000000 0.000000
    144 17.162516 -0.000404 0.000000 0.000000 0.000000 0.119214
    145 9.999891 -0.000303 0.000000 0.000000 0.000000 0.000000
    146 1.000088 -0.000029 0.000000 0.000000 0.000000 0.000000
    147 17.162516 -0.000404 0.000000 0.000000 0.000000 0.119214
    148 9.499836 0.000212 0.000000 0.000000 0.000000 0.000000
    149 0.000000 0.000000 0.000000 0.000000 0.000000 0.000000
    150 17.749374 0.295515 0.000000 0.000000 0.000000 -1.158958
    151 0.017889 0.299792 0.000000 0.000000 0.000000 -0.059582
    152 12.283573 1.581456 -4.696000 1.462269 -0.086726 0.090185
    153 17.749376 0.295515 0.000000 0.000000 0.000000 -1.158958
    154 0.017889 0.299792 0.000000 0.000000 0.000000 -0.059582
    155 13.354000 0.000000 0.000000 0.000000 0.000000 -0.294101
    156 4.530998 0.000000 0.000000 0.000000 0.000000 0.000000
    157 0.000000 0.000000 0.000000 0.000000 0.000000 0.000000
    158 5.413524 0.000347 0.000000 0.000000 0.000000 -0.518055
    159 5.413524 0.000347 0.000000 0.000000 0.000000 -0.518055
    160 4.662001 -5.366332 4.825191 1.569713 1.561305 -3.121213
    161 3.116966 -0.000443 0.000000 0.000000 0.000000 0.294101
    162 4.531197 0.000000 0.000000 0.000000 0.000000 0.000000
    163 3.512001 -3.547000 -1.066000 0.000000 1.570796 0.000000
    164 3.456001 -3.517000 1.169000 0.000000 1.570796 0.000000
    165 6.233002 0.000000 0.000000 0.000000 0.000000 0.000000
    166 -0.171997 -0.106000 -0.902000 1.570713 1.029176 -3.134550
    167 6.296686 -6.329217 0.167974 0.003667 -0.034444 0.009192
    168 3.999434 -0.000528 -0.000332 -0.317619 0.000000 0.000000
    169 3.999901 0.000039 0.001011 -0.001973 0.000000 0.000000
    170 1.598000 0.000000 0.000000 0.000000 0.000000 0.000000
    171 -1.145525 0.000130 0.000668 0.000000 0.000000 0.000000
    172 2.299679 -2.499978 -0.599480 0.892021 0.221512 -0.527234
    173 13.253171 6.949453 10.957090 0.057913 -1.044716 1.254735
    174 -9.580675 -27.862104 -37.184681 0.812874 -0.123459 -0.568474
    175 0.649933 -0.548295 0.093651 -1.665913 -0.131399 -0.112062
    176 0.657078 0.008402 0.040371 -1.665945 -0.131407 -0.000013
    177 0.665776 0.747221 -0.029190 -1.665935 -0.131408 0.094976
    178 2.300137 -2.499413 0.600155 -0.891917 -0.221566 -0.527266
    179 11.962793 0.942966 3.328854 1.764063 -0.255053 0.173401
    180 2.762350 0.116951 1.523975 1.629482 0.064153 1.743800
    181 7.228321 7.928195 -3.925652 2.328643 0.123441 -0.568443
    182 0.650394 -0.547730 -0.092979 1.665913 0.131399 -0.112062
    183 0.657069 0.008399 -0.040379 1.665945 0.131407 -0.000013
    184 0.665772 0.747219 0.029182 1.665935 0.131408 0.094976
    185 -4.481003 -0.202000 0.000000 0.000000 0.000000 0.000000
    186 -5.516998 -0.291000 -0.001000 0.000000 0.000000 0.000000
    187 -0.857695 0.104072 0.104687 0.023536 0.163924 0.013632
    188 1.899119 0.000427 -0.000439 0.027386 -0.033311 0.477848
    189 1.799660 -0.000240 0.000231 0.027386 -0.033311 0.477848
    190 1.799660 -0.000240 0.000231 0.027386 -0.033311 0.477848
    191 1.799660 -0.000240 0.000231 0.027386 -0.033311 0.477848
    192 1.900312 -0.000137 -0.000517 0.027386 -0.033311 0.477848
    193 1.899437 -0.000313 -0.000151 -0.027386 0.033311 0.477848
    194 1.799659 -0.000237 -0.000233 -0.027386 0.033311 0.477848
    195 1.799659 -0.000237 -0.000233 -0.027386 0.033311 0.477848
    196 1.799659 -0.000237 -0.000233 -0.027386 0.033311 0.477848
    197 1.900725 0.000557 -0.000072 -0.027386 0.033311 0.477848
    198 0.599884 0.400188 -0.000027 0.000000 0.000000 0.000000
    199 0.599888 0.400187 0.000031 0.000000 0.000000 -3.141592
    200 0.599503 0.400696 0.000235 0.000000 0.000000 0.000000
    201 0.599983 0.000044 -0.000010 0.000000 0.000000 -3.141592
  time 17
    0 0.000000 0.000000 0.000000 0.000000 0.000000 -1.570796
    1 -0.106323 0.000000 -0.000198 0.000000 0.000000 0.000000
    2 0.000000 0.000000 0.000000 0.000000 0.000000 0.000000
    3 -0.904000 0.000000 -11.806000 0.000000 0.000000 0.000000
    4 0.000000 0.000000 -14.313999 0.000000 -1.570796 1.570857
    5 3.533001 0.000000 0.000000 0.000000 0.000000 0.000000
    6 6.250000 0.000000 0.000000 0.000000 0.000000 0.000000
    7 9.568951 1.914146 -1.819016 -0.160033 1.436074 -0.158888
    8 9.568951 1.851644 1.819028 0.425726 -1.341690 -0.431692
    9 5.790726 0.002787 -0.000113 -0.167795 0.883855 -0.567071
    10 5.999492 -0.000592 -4.000343 0.000000 0.000000 0.000000
    11 5.791316 0.006489 0.000893 1.448975 -0.857779 -1.914041
    12 5.999492 -0.000592 4.000336 0.000000 0.000000 0.000000
    13 0.500225 0.000133 -0.000088 -0.104571 0.000000 0.000000
    14 11.534559 0.004255 -0.001312 -0.000065 0.000045 -1.859559
    15 -0.829338 0.893824 0.079659 -0.148839 0.047645 0.087266
    16 0.500225 0.000132 0.000076 -0.232223 0.000000 0.000000
    17 11.532495 0.004432 -0.000089 0.000018 0.000014 -0.919113
    18 -0.829586 0.894698 -0.079464 0.045377 -0.019621 0.087266
    19 10.599884 0.000105 -0.000553 -0.691093 0.000000 0.000000
    20 0.764216 -0.560346 -0.000805 -0.000024 0.000023 0.928512
    21 11.042057 0.003717 0.004704 -0.730808 0.503087 0.104521
    22 -1.214832 0.203470 -0.477489 -0.135025 -0.078677 -0.001289
    23 10.599880 0.000105 0.000549 0.038338 0.000060 -0.000060
    24 0.139195 -0.282994 0.000801 -0.000024 0.000001 0.459438
    25 11.041742 0.007077 -0.000571 0.038976 0.258347 0.197498
    26 -1.063377 0.077663 0.150230 0.045121 0.020046 -0.012850
    27 0.610302 -0.939470 0.070343 -1.654638 -0.064552 -0.182052
    28 0.639940 -0.199121 0.060188 -1.665299 -0.056284 -0.073578
    29 0.600155 1.080261 -0.339535 -1.738713 0.093237 0.095137
    30 0.610207 0.400743 -0.010101 -1.761945 0.011742 0.028730
    31 0.634715 -0.693997 -0.236250 0.201097 0.500569 -1.030922
    32 -0.792125 0.203736 0.461300 1.439074 -0.003453 -0.018305
    33 0.610300 -0.939469 -0.070351 1.655384 0.140025 -0.175537
    34 0.639937 -0.199121 -0.060200 1.671282 0.183109 -0.036771
    35 0.600157 1.080259 0.339531 1.741685 0.106920 0.153702
    36 0.610205 0.400743 0.010086 1.766615 0.125838 0.080304
    37 0.624002 -0.695300 0.236176 -0.529132 -0.534851 -1.176358
    38 -0.626031 -0.069983 -0.080517 -1.447153 0.086151 0.021559
    39 2.621377 -0.002532 -0.001438 0.053047 -0.062262 0.375921
    40 2.664743 0.000397 -0.000071 -0.000023 -0.003169 0.638162
    41 2.202488 0.003368 -0.006769 -0.236530 0.111978 0.860398
    42 0.599952 0.959240 -0.300102 -0.174544 0.000000 0.000000
    43 2.553283 -0.005873 0.006359 -0.034017 0.037834 0.794754
    44 2.095024 -0.003873 -0.006100 -0.224539 0.304609 0.604891
    45 0.999380 -0.000236 -1.209370 -0.000001 0.000000 0.000000
    46 -0.122639 -0.721856 0.661690 -0.486644 0.223964 0.243056
    47 2.622113 -0.000648 0.006647 0.084666 0.260129 0.158789
    48 2.658203 0.000780 0.000161 0.328288 0.324445 0.981184
    49 2.199219 0.000516 -0.000122 0.262846 0.022920 1.089811
    50 0.599951 0.959244 0.300102 0.174544 0.000000 0.000000
    51 2.558594 -0.000149 -0.000031 0.266888 0.214957 1.052934
    52 2.103851 0.005614 -0.001014 0.494776 -0.395596 0.647008
    53 0.999374 -0.000237 1.174205 0.000048 0.000000 0.736314
    54 0.310846 -0.606445 -0.498005 0.308107 -0.197598 0.313976
    55 1.873069 -0.000835 -0.004901 -0.000055 0.000039 1.110477
    56 1.200941 0.399582 -0.000237 -0.009465 0.016087 0.007127
    57 0.000586 0.100342 -0.000319 -0.120035 -0.021926 -0.209617
    58 -0.161663 0.051712 0.194808 -2.941982 0.122408 -0.060194
    59 2.010092 -0.003202 -0.003377 0.000018 0.000013 1.247491
    60 0.000240 0.099802 -0.000395 -0.018823 0.010833 -0.239219
    61 -0.203197 0.048607 0.069150 -3.093332 0.033217 -0.046722
    62 1.180428 -0.006214 0.000780 -0.000014 0.000012 0.822023
    63 -0.000196 0.099625 -0.000034 0.000000 0.000000 -0.314102
    64 -0.088736 -0.688435 -0.145203 2.930407 -0.136130 0.513013
    65 1.712069 -0.003328 -0.000088 0.000023 -0.000021 0.985694
    66 -0.000580 0.100145 -0.000311 -0.010914 0.023131 -0.260841
    67 -0.146030 -0.232426 -0.014225 3.028455 -0.094299 0.113020
    68 1.290632 0.000362 -0.000032 0.000000 0.000000 0.459225
    69 -0.658121 -0.003575 0.072645 -0.142711 0.027792 -0.077299
    70 1.868080 -0.003049 0.006083 -0.000009 -0.000021 0.325893
    71 1.200079 0.399944 -0.000093 0.009465 -0.016087 0.007127
    72 0.000591 0.100342 0.000319 0.120035 0.021926 -0.209617
    73 0.068077 0.002285 -0.080050 3.111376 -0.069366 -0.060847
    74 2.007813 -0.000882 -0.000381 0.000049 -0.000037 1.297777
    75 0.000229 0.099802 0.000395 0.018823 -0.010833 -0.239219
    76 -0.018673 -0.001009 0.047544 3.109244 0.002635 -0.106673
    77 1.178665 0.001595 0.000845 -0.000038 0.000078 0.669112
    78 -0.000198 0.099628 0.000034 0.000000 0.000000 -0.314102
    79 0.036892 -0.634449 0.266284 -2.801062 0.174301 0.490914
    80 1.708008 0.000721 0.000200 0.000000 0.000000 1.071623
    81 -0.000576 0.100136 0.000311 0.010912 -0.023129 -0.260841
    82 -0.003952 -0.281811 0.115047 -3.059162 0.089004 0.167964
    83 1.289627 0.003949 0.000061 -0.000014 0.000003 0.214674
    84 -0.171528 -0.018148 -0.099873 0.013484 -0.062184 -0.011780
    85 0.912716 0.007240 0.001326 0.000066 0.000009 0.380401
    86 -0.342617 0.053404 -0.025571 -2.909301 -0.017248 0.075276
    87 1.100231 -0.000930 -0.002434 0.000009 0.000014 0.671410
    88 -0.384983 0.330998 0.006848 -3.087207 -0.018765 -0.184279
    89 0.678146 0.006192 0.000002 -0.000066 0.000017 1.118783
    90 -0.123848 0.072737 0.029507 2.898184 -0.060627 0.094834
    91 1.017166 -0.000154 -0.000252 -0.000047 -0.000074 0.833690
    92 -0.344986 0.123129 0.143151 2.994981 0.012396 0.059140
    93 -0.730988 0.177046 0.039141 -0.123731 0.076518 -0.084310
    94 0.925900 0.001298 -0.000896 -0.000002 0.000013 -0.005438
    95 -0.124027 -0.052092 0.038496 3.077813 -0.008519 0.039229
    96 1.100430 -0.003552 0.000503 -0.000030 0.000030 0.904181
    97 -0.330082 0.160641 0.042780 3.128073 0.034033 -0.171236
    98 0.675854 0.001531 0.003272 0.000002 0.000003 0.945893
    99 -0.019516 -0.016531 0.038578 -2.763781 0.050305 0.076828
    100 1.018555 -0.000026 -0.000397 0.000000 0.000000 0.984486
    101 -0.155312 0.130643 -0.021921 -3.022466 0.022433 -0.024903
    102 -0.252209 0.061937 -0.024914 -0.007671 -0.063171 -0.044392
    103 -0.085991 0.185203 -0.015180 -2.937063 -0.113970 -0.138991
    104 -0.286537 0.179852 0.024264 -3.109353 -0.049645 -0.029915
    105 -0.019489 0.147084 0.079203 2.893815 0.038585 -0.060594
    106 -0.046482 0.251898 0.129548 3.016165 0.077112 -0.042864
    107 0.039120 -0.040298 0.047739 3.084219 0.030470 -0.037414
    108 -0.233757 0.066630 0.001754 -3.133086 0.040141 -0.065413
    109 0.044266 0.020128 0.001684 -2.778763 -0.118872 -0.040488
    110 0.071495 0.074127 -0.048302 -3.035917 -0.059482 0.104366
    111 0.000000 0.000000 0.000000 0.000000 0.000000 -1.570796
    112 17.633351 1.734428 -14.508255 -0.004753 0.390141 0.446425
    113 -2.211005 3.406354 -4.211066 0.510490 -0.417852 -1.306753
    114 -1.542000 0.000000 1.810000 0.000000 0.000000 0.000000
    115 5.561000 0.000000 1.165000 0.000000 0.000000 0.000000
    116 -1.912000 0.003000 0.278000 0.000000 0.000000 0.000000
    117 1.947000 -0.003000 -0.278000 0.000000 0.000000 0.000000
    118 -3.830000 0.003000 0.015000 0.000000 0.000000 0.000000
    119 -2.941000 -0.003000 0.381000 0.000000 0.000000 0.000000
    120 -2.941000 -0.003000 0.381000 0.000000 0.000000 0.000000
    121 -0.070000 -0.003000 0.481000 0.000000 0.000000 0.000000
    122 1.771000 -0.314000 1.250000 0.000000 0.000000 -1.570796
    123 3.818000 0.000000 -0.014000 0.000000 0.000000 0.000000
    124 -0.470000 0.000000 -3.437000 0.000000 0.000000 0.000000
    125 -0.024000 0.000000 3.200000 0.000000 0.305210 0.000000
    126 -0.055985 0.000000 1.166089 0.000000 -0.382459 0.000000
    127 4.050343 6.445509 -48.907059 0.179814 -0.346821 -0.479366
    128 -2.238000 0.000000 -3.188000 0.000000 0.000000 0.000000
    129 3.319000 0.000000 3.458000 0.000000 -0.159168 0.000000
    130 0.000000 0.000000 0.000000 0.000000 0.000000 0.000000
    131 0.533000 0.511000 -0.841000 0.000000 0.000000 0.000000
    132 0.000000 0.000000 0.000000 0.000000 0.000000 0.000000
    133 -0.106000 0.000000 64.320000 0.000000 0.000000 0.000000
    134 0.000000 0.000000 0.000000 0.000000 0.000000 0.000000
    135 0.000000 0.000000 0.000000 0.031088 -0.007359 0.002469
    136 25.554206 5.035843 -7.168115 -0.004858 0.390106 0.446438
    137 0.106000 0.000000 -64.320000 0.000000 0.000000 0.000000
    138 0.000000 0.000000 0.000000 0.000000 0.000000 0.000000
    139 0.000000 0.000000 -4.867002 -3.141592 0.000000 -3.128591
    140 0.000000 0.000000 4.867000 -3.141592 0.000000 -3.128591
    141 4.000000 -6.500000 0.000000 0.000000 0.000000 0.000977
    142 -6.500000 0.000000 0.000000 0.000000 1.570796 0.000000
    143 1.000088 -0.000029 0.000000 0.000000 0.000000 0.000000
    144 17.162516 -0.000404 0.000000 0.000000 0.000000 0.119214
    145 9.999891 -0.000303 0.000000 0.000000 0.000000 0.000000
    146 1.000088 -0.000029 0.000000 0.000000 0.000000 0.000000
    147 17.162516 -0.000404 0.000000 0.000000 0.000000 0.119214
    148 9.499836 0.000212 0.000000 0.000000 0.000000 0.000000
    149 0.000000 0.000000 0.000000 0.000000 0.000000 0.000000
    150 17.749374 0.295515 0.000000 0.000000 0.000000 -1.158958
    151 0.017889 0.299792 0.000000 0.000000 0.000000 -0.059582
    152 12.283573 1.581456 -4.696000 1.462269 -0.086726 0.090185
    153 17.749376 0.295515 0.000000 0.000000 0.000000 -1.158958
    154 0.017889 0.299792 0.000000 0.000000 0.000000 -0.059582
    155 13.354000 0.000000 0.000000 0.000000 0.000000 -0.294101
    156 4.530998 0.000000 0.000000 0.000000 0.000000 0.000000
    157 0.000000 0.000000 0.000000 0.000000 0.000000 0.000000
    158 5.413524 0.000347 0.000000 0.000000 0.000000 -0.518055
    159 5.413524 0.000347 0.000000 0.000000 0.000000 -0.518055
    160 4.662001 -5.366332 4.825191 1.569713 1.561305 -3.121213
    161 3.116966 -0.000443 0.000000 0.000000 0.000000 0.294101
    162 4.531197 0.000000 0.000000 0.000000 0.000000 0.000000
    163 3.512001 -3.547000 -1.066000 0.000000 1.570796 0.000000
    164 3.456001 -3.517000 1.169000 0.000000 1.570796 0.000000
    165 6.233002 0.000000 0.000000 0.000000 0.000000 0.000000
    166 -0.171997 -0.106000 -0.902000 1.570713 1.029176 -3.134550
    167 6.277154 -6.337030 0.187506 0.002469 -0.031100 0.007287
    168 3.999434 -0.000528 -0.000332 -0.345664 0.000000 0.000000
    169 3.999901 0.000039 0.001011 0.019126 0.000060 0.000000
    170 1.598000 0.000000 0.000000 0.000000 0.000000 0.000000
    171 -1.145525 0.000130 0.000668 0.000000 0.000000 0.000000
    172 2.299679 -2.499978 -0.599480 0.892021 0.221512 -0.527234
    173 12.682841 6.105677 9.707052 0.343173 -1.075640 1.056007
    174 -9.580675 -27.862104 -37.184681 0.812874 -0.123459 -0.568474
    175 0.649933 -0.548295 0.093651 -1.665913 -0.131399 -0.112062
    176 0.657078 0.008402 0.040371 -1.665945 -0.131407 -0.000013
    177 0.665776 0.747221 -0.029190 -1.665935 -0.131408 0.094976
    178 2.300137 -2.499413 0.600155 -0.891917 -0.221566 -0.527266
    179 11.962793 0.942966 3.328854 1.764063 -0.255053 0.173401
    180 2.762350 0.116951 1.523975 1.629482 0.064153 1.743800
    181 7.228321 7.928195 -3.925652 2.328643 0.123441 -0.568443
    182 0.650394 -0.547730 -0.092979 1.665913 0.131399 -0.112062
    183 0.657069 0.008399 -0.040379 1.665945 0.131407 -0.000013
    184 0.665772 0.747219 0.029182 1.665935 0.131408 0.094976
    185 -4.481003 -0.202000 0.000000 0.000000 0.000000 0.000000
    186 -5.516998 -0.291000 -0.001000 0.000000 0.000000 0.000000
    187 -0.857695 0.104072 0.104687 0.023536 0.163924 0.013632
    188 1.899119 0.000427 -0.000439 0.027386 -0.033311 0.477848
    189 1.799660 -0.000240 0.000231 0.027386 -0.033311 0.477848
    190 1.799660 -0.000240 0.000231 0.027386 -0.033311 0.477848
    191 1.799660 -0.000240 0.000231 0.027386 -0.033311 0.477848
    192 1.900312 -0.000137 -0.000517 0.027386 -0.033311 0.477848
    193 1.899437 -0.000313 -0.000151 -0.027386 0.033311 0.477848
    194 1.799659 -0.000237 -0.000233 -0.027386 0.033311 0.477848
    195 1.799659 -0.000237 -0.000233 -0.027386 0.033311 0.477848
    196 1.799659 -0.000237 -0.000233 -0.027386 0.033311 0.477848
    197 1.900725 0.000557 -0.000072 -0.027386 0.033311 0.477848
    198 0.599884 0.400188 -0.000027 0.000000 0.000000 0.000000
    199 0.599888 0.400187 0.000031 0.000000 0.000000 -3.141592
    200 0.599503 0.400696 0.000235 0.000000 0.000000 0.000000
    201 0.599983 0.000044 -0.000010 0.000000 0.000000 -3.141592
  time 18
    0 0.000000 0.000000 0.000000 0.000000 0.000000 -1.570796
    1 -0.106323 0.000000 -0.000198 0.000000 0.000000 0.000000
    2 0.000000 0.000000 0.000000 0.000000 0.000000 0.000000
    3 -0.904000 0.000000 -11.806000 0.000000 0.000000 0.000000
    4 0.000000 0.000000 -14.313999 0.000000 -1.570796 1.570857
    5 3.533001 0.000000 0.000000 0.000000 0.000000 0.000000
    6 6.250000 0.000000 0.000000 0.000000 0.000000 0.000000
    7 9.568951 1.914146 -1.819016 -0.159858 1.436027 -0.158801
    8 9.568951 1.878989 1.819028 0.259804 -1.352205 -0.261567
    9 5.786820 0.002787 -0.000113 -0.283680 0.889879 -0.740738
    10 5.999492 -0.000592 -4.000343 0.000000 0.000000 0.000000
    11 5.791316 0.002582 0.004799 1.328668 -0.849384 -1.862042
    12 5.999492 -0.000592 4.000336 0.000000 0.000000 0.000000
    13 0.500225 0.000133 -0.000088 -0.109902 0.000000 0.000000
    14 11.534559 0.004255 -0.001312 -0.000017 0.000069 -1.757853
    15 -0.829338 0.893824 0.079659 -0.148839 0.047645 0.087266
    16 0.500225 0.000132 0.000076 -0.167054 0.000000 0.000000
    17 11.536401 0.004432 -0.000089 0.000018 0.000026 -1.009333
    18 -0.829586 0.894698 -0.079464 0.045377 -0.019621 0.087266
    19 10.599884 0.000105 -0.000553 -0.737564 0.000000 0.000000
    20 0.658744 -0.548627 -0.000805 -0.000072 -0.000025 0.878868
    21 11.042057 0.003717 0.000798 -0.731549 0.347022 0.185550
    22 -1.214832 0.203470 -0.477489 -0.135025 -0.078677 -0.001289
    23 10.599880 0.000105 0.000549 0.091802 0.000000 0.000000
    24 0.154821 -0.282994 0.000801 -0.000036 0.000001 0.504599
    25 11.041742 0.007077 -0.000571 0.092928 0.292762 0.277964
    26 -1.063377 0.077663 0.150230 0.045121 0.020046 -0.012850
    27 0.610302 -0.939470 0.070343 -1.654790 -0.089719 -0.179906
    28 0.639940 -0.199121 0.060188 -1.665502 -0.082099 -0.071121
    29 0.600155 1.080261 -0.339535 -1.738288 0.067890 0.099451
    30 0.610207 0.400743 -0.010101 -1.761945 -0.013629 0.033668
    31 0.634715 -0.693997 -0.232343 0.216330 0.453864 -1.009762
    32 -0.792125 0.203736 0.461300 1.439074 -0.003453 -0.018305
    33 0.610300 -0.939469 -0.070351 1.655384 0.140025 -0.175537
    34 0.639937 -0.199121 -0.060200 1.671282 0.183109 -0.036771
    35 0.600157 1.080259 0.339531 1.741685 0.106920 0.153702
    36 0.610205 0.400743 0.010086 1.766615 0.125838 0.080304
    37 0.624002 -0.691393 0.232270 -0.529132 -0.534851 -1.176394
    38 -0.626031 -0.069983 -0.080517 -1.447153 0.086151 0.021559
    39 2.621377 -0.006439 -0.001438 0.037710 -0.083916 0.395058
    40 2.664743 0.000397 -0.000071 -0.000009 -0.001503 0.656699
    41 2.206394 0.003368 -0.006769 -0.214778 0.120610 0.891514
    42 0.599952 0.959240 -0.300102 -0.174544 0.000000 0.000000
    43 2.557190 -0.001967 0.006359 -0.027357 0.046056 0.823508
    44 2.095024 -0.003873 -0.002193 -0.226133 0.299842 0.599925
    45 0.999380 -0.000236 -1.205463 -0.000001 0.000000 0.000000
    46 -0.122639 -0.721856 0.661690 -0.486644 0.223964 0.243056
    47 2.622113 -0.000648 0.002741 0.084666 0.260129 0.158789
    48 2.658203 0.000780 0.000161 0.328288 0.324445 0.981184
    49 2.199219 0.000516 -0.000122 0.262846 0.022920 1.089811
    50 0.599951 0.959244 0.300102 0.174544 0.000000 0.000000
    51 2.558594 -0.000149 -0.000031 0.266888 0.214957 1.052934
    52 2.103851 0.005614 -0.001014 0.494776 -0.395596 0.647008
    53 0.999374 -0.000237 1.174205 0.000036 0.000000 0.736314
    54 0.310846 -0.606445 -0.498005 0.308107 -0.197598 0.313976
    55 1.869163 -0.004741 -0.004901 -0.000055 0.000039 1.049445
    56 1.200941 0.399582 -0.000237 -0.009465 0.016087 0.007127
    57 0.000586 0.100342 -0.000319 -0.120035 -0.021926 -0.209617
    58 -0.161663 0.051712 0.194808 -2.941982 0.122408 -0.060194
    59 2.010092 -0.003202 -0.003377 0.000006 0.000096 1.212084
    60 0.000240 0.099802 -0.000395 -0.018823 0.010833 -0.239219
    61 -0.203197 0.048607 0.069150 -3.093332 0.033217 -0.046722
    62 1.180428 -0.006214 0.000780 -0.000014 0.000000 0.784109
    63 -0.000196 0.099625 -0.000034 0.000000 0.000000 -0.314102
    64 -0.088736 -0.688435 -0.145203 2.930407 -0.136130 0.513013
    65 1.712069 -0.003328 0.003818 0.000023 -0.000021 0.961349
    66 -0.000580 0.100145 -0.000311 -0.010914 0.023131 -0.260841
    67 -0.146030 -0.232426 -0.014225 3.028455 -0.094299 0.113020
    68 1.290632 0.000362 -0.000032 0.000000 0.000000 0.396013
    69 -0.658121 -0.003575 0.072645 -0.142711 0.027792 -0.077299
    70 1.868080 -0.003049 0.006083 -0.000009 -0.000021 0.325893
    71 1.200079 0.399944 -0.000093 0.009465 -0.016087 0.007127
    72 0.000591 0.100342 0.000319 0.120035 0.021926 -0.209617
    73 0.068077 0.002285 -0.080050 3.111376 -0.069366 -0.060847
    74 2.007813 -0.000882 -0.000381 0.000049 -0.000037 1.297777
    75 0.000229 0.099802 0.000395 0.018823 -0.010833 -0.239219
    76 -0.018673 -0.001009 0.047544 3.109244 0.002635 -0.106673
    77 1.178665 0.001595 0.000845 -0.000038 0.000078 0.669112
    78 -0.000198 0.099628 0.000034 0.000000 0.000000 -0.314102
    79 0.036892 -0.634449 0.266284 -2.801062 0.174301 0.490914
    80 1.708008 0.000721 0.000200 0.000000 0.000000 1.071623
    81 -0.000576 0.100136 0.000311 0.010912 -0.023129 -0.260841
    82 -0.003952 -0.281811 0.115047 -3.059162 0.089004 0.167964
    83 1.289627 0.003949 0.000061 -0.000014 0.000003 0.214674
    84 -0.171528 -0.018148 -0.099873 0.013484 -0.062184 -0.011780
    85 0.912716 0.007240 0.001326 0.000019 0.000021 0.306632
    86 -0.342617 0.053404 -0.025571 -2.909301 -0.017248 0.075276
    87 1.100231 -0.000930 -0.002434 0.000009 0.000014 0.577626
    88 -0.384983 0.330998 0.006848 -3.087207 -0.018765 -0.184279
    89 0.678146 0.002286 -0.003905 0.000030 -0.000055 1.080198
    90 -0.123848 0.072737 0.029507 2.898184 -0.060627 0.094834
    91 1.017166 -0.000154 -0.000252 -0.000023 -0.000014 0.746051
    92 -0.344986 0.123129 0.143151 2.994981 0.012396 0.059140
    93 -0.730988 0.177046 0.039141 -0.123731 0.076518 -0.084310
    94 0.925900 0.001298 -0.000896 -0.000002 0.000013 -0.005438
    95 -0.124027 -0.052092 0.038496 3.077813 -0.008519 0.039229
    96 1.100430 -0.007458 0.000503 -0.000030 0.000030 0.904181
    97 -0.330082 0.160641 0.042780 3.128073 0.034033 -0.171236
    98 0.675854 0.001531 0.003272 0.000002 0.000003 0.945893
    99 -0.019516 -0.016531 0.038578 -2.763781 0.050305 0.076828
    100 1.018555 -0.000026 -0.000397 0.000000 0.000000 0.984486
    101 -0.155312 0.130643 -0.021921 -3.022466 0.022433 -0.024903
    102 -0.252209 0.061937 -0.024914 -0.007671 -0.063171 -0.044392
    103 -0.085991 0.185203 -0.015180 -2.937063 -0.113970 -0.138991
    104 -0.286537 0.179852 0.024264 -3.109353 -0.049645 -0.029915
    105 -0.019489 0.147084 0.079203 2.893815 0.038585 -0.060594
    106 -0.046482 0.251898 0.129548 3.016165 0.077112 -0.042864
    107 0.039120 -0.040298 0.047739 3.084219 0.030470 -0.037414
    108 -0.233757 0.066630 0.001754 -3.133086 0.040141 -0.065413
    109 0.044266 0.020128 0.001684 -2.778763 -0.118872 -0.040488
    110 0.071495 0.074127 -0.048302 -3.035917 -0.059482 0.104366
    111 0.000000 0.000000 0.000000 0.000000 0.000000 -1.570796
    112 17.559130 1.339885 -13.281655 -0.042395 0.354414 0.403539
    113 -1.808649 4.046999 -3.925901 0.478779 -0.458996 -1.322554
    114 -1.542000 0.000000 1.810000 0.000000 0.000000 0.000000
    115 5.561000 0.000000 1.165000 0.000000 0.000000 0.000000
    116 -1.912000 0.003000 0.278000 0.000000 0.000000 0.000000
    117 1.947000 -0.003000 -0.278000 0.000000 0.000000 0.000000
    118 -3.830000 0.003000 0.015000 0.000000 0.000000 0.000000
    119 -2.941000 -0.003000 0.381000 0.000000 0.000000 0.000000
    120 -2.941000 -0.003000 0.381000 0.000000 0.000000 0.000000
    121 -0.070000 -0.003000 0.481000 0.000000 0.000000 0.000000
    122 1.771000 -0.314000 1.250000 0.000000 0.000000 -1.570796
    123 3.818000 0.000000 -0.014000 0.000000 0.000000 0.000000
    124 -0.470000 0.000000 -3.437000 0.000000 0.000000 0.000000
    125 -0.024000 0.000000 3.200000 0.000000 0.305210 0.000000
    126 -0.055985 0.000000 1.166089 0.000000 -0.382459 0.000000
    127 2.550297 8.082278 -49.903183 0.184256 -0.305231 -0.440222
    128 -2.238000 0.000000 -3.188000 0.000000 0.000000 0.000000
    129 3.319000 0.000000 3.458000 0.000000 -0.159168 0.000000
    130 0.000000 0.000000 0.000000 0.000000 0.000000 0.000000
    131 0.533000 0.511000 -0.841000 0.000000 0.000000 0.000000
    132 0.000000 0.000000 0.000000 0.000000 0.000000 0.000000
    133 -0.106000 0.000000 64.320000 0.000000 0.000000 0.000000
    134 0.000000 0.000000 0.000000 0.000000 0.000000 0.000000
    135 0.000000 0.000000 0.000000 0.027768 -0.005369 0.001234
    136 25.776869 4.363947 -5.660257 -0.042611 0.354383 0.403553
    137 0.106000 0.000000 -64.320000 0.000000 0.000000 0.000000
    138 0.000000 0.000000 0.000000 0.000000 0.000000 0.000000
    139 0.000000 0.000000 -4.867002 -3.141592 0.000000 -3.128591
    140 0.000000 0.000000 4.867000 -3.141592 0.000000 -3.128591
    141 4.000000 -6.500000 0.000000 0.000000 0.000000 0.000977
    142 -6.500000 0.000000 0.000000 0.000000 1.570796 0.000000
    143 1.000088 -0.000029 0.000000 0.000000 0.000000 0.000000
    144 17.162516 -0.000404 0.000000 0.000000 0.000000 0.119214
    145 9.999891 -0.000303 0.000000 0.000000 0.000000 0.000000
    146 1.000088 -0.000029 0.000000 0.000000 0.000000 0.000000
    147 17.162516 -0.000404 0.000000 0.000000 0.000000 0.119214
    148 9.499836 0.000212 0.000000 0.000000 0.000000 0.000000
    149 0.000000 0.000000 0.000000 0.000000 0.000000 0.000000
    150 17.749374 0.295515 0.000000 0.000000 0.000000 -1.158958
    151 0.017889 0.299792 0.000000 0.000000 0.000000 -0.059582
    152 12.283573 1.581456 -4.696000 1.462269 -0.086726 0.090185
    153 17.749376 0.295515 0.000000 0.000000 0.000000 -1.158958
    154 0.017889 0.299792 0.000000 0.000000 0.000000 -0.059582
    155 13.354000 0.000000 0.000000 0.000000 0.000000 -0.294101
    156 4.530998 0.000000 0.000000 0.000000 0.000000 0.000000
    157 0.000000 0.000000 0.000000 0.000000 0.000000 0.000000
    158 5.413524 0.000347 0.000000 0.000000 0.000000 -0.518055
    159 5.413524 0.000347 0.000000 0.000000 0.000000 -0.518055
    160 4.662001 -5.366332 4.825191 1.569713 1.561305 -3.121213
    161 3.116966 -0.000443 0.000000 0.000000 0.000000 0.294101
    162 4.531197 0.000000 0.000000 0.000000 0.000000 0.000000
    163 3.512001 -3.547000 -1.066000 0.000000 1.570796 0.000000
    164 3.456001 -3.517000 1.169000 0.000000 1.570796 0.000000
    165 6.233002 0.000000 0.000000 0.000000 0.000000 0.000000
    166 -0.171997 -0.106000 -0.902000 1.570713 1.029176 -3.134550
    167 6.273248 -6.348749 0.160161 0.001234 -0.027780 0.005333
    168 3.999434 -0.000528 -0.000332 -0.368108 0.000000 0.000000
    169 3.999901 0.000039 0.001011 0.045901 0.000000 0.000060
    170 1.598000 0.000000 0.000000 0.000000 0.000000 0.000000
    171 -1.145525 0.000130 0.000668 0.000000 0.000000 0.000000
    172 2.299679 -2.499978 -0.599480 0.892021 0.221512 -0.527234
    173 12.772687 4.582193 7.964811 0.723553 -1.043713 0.729172
    174 -9.580675 -27.862104 -37.184681 0.812874 -0.123459 -0.568474
    175 0.649933 -0.548295 0.093651 -1.665913 -0.131399 -0.112062
    176 0.657078 0.008402 0.040371 -1.665945 -0.131407 -0.000013
    177 0.665776 0.747221 -0.029190 -1.665935 -0.131408 0.094976
    178 2.300137 -2.499413 0.600155 -0.891917 -0.221566 -0.527266
    179 11.962793 0.942966 3.328854 1.764063 -0.255053 0.173401
    180 2.762350 0.116951 1.523975 1.629482 0.064153 1.743800
    181 7.228321 7.928195 -3.925652 2.328643 0.123441 -0.568443
    182 0.650394 -0.547730 -0.092979 1.665913 0.131399 -0.112062
    183 0.657069 0.008399 -0.040379 1.665945 0.131407 -0.000013
    184 0.665772 0.747219 0.029182 1.665935 0.131408 0.094976
    185 -4.481003 -0.202000 0.000000 0.000000 0.000000 0.000000
    186 -5.516998 -0.291000 -0.001000 0.000000 0.000000 0.000000
    187 -0.857695 0.104072 0.104687 0.023536 0.163924 0.013632
    188 1.899119 0.000427 -0.000439 0.027386 -0.033311 0.477848
    189 1.799660 -0.000240 0.000231 0.027386 -0.033311 0.477848
    190 1.799660 -0.000240 0.000231 0.027386 -0.033311 0.477848
    191 1.799660 -0.000240 0.000231 0.027386 -0.033311 0.477848
    192 1.900312 -0.000137 -0.000517 0.027386 -0.033311 0.477848
    193 1.899437 -0.000313 -0.000151 -0.027386 0.033311 0.477848
    194 1.799659 -0.000237 -0.000233 -0.027386 0.033311 0.477848
    195 1.799659 -0.000237 -0.000233 -0.027386 0.033311 0.477848
    196 1.799659 -0.000237 -0.000233 -0.027386 0.033311 0.477848
    197 1.900725 0.000557 -0.000072 -0.027386 0.033311 0.477848
    198 0.599884 0.400188 -0.000027 0.000000 0.000000 0.000000
    199 0.599888 0.400187 0.000031 0.000000 0.000000 -3.141592
    200 0.599503 0.400696 0.000235 0.000000 0.000000 0.000000
    201 0.599983 0.000044 -0.000010 0.000000 0.000000 -3.141592
  time 19
    0 0.000000 0.000000 0.000000 0.000000 0.000000 -1.570796
    1 -0.106323 0.000000 -0.000198 0.000000 0.000000 0.000000
    2 0.000000 0.000000 0.000000 0.000000 0.000000 0.000000
    3 -0.904000 0.000000 -11.806000 0.000000 0.000000 0.000000
    4 0.000000 0.000000 -14.313999 0.000000 -1.570796 1.570857
    5 3.533001 0.000000 0.000000 0.000000 0.000000 0.000000
    6 6.250000 0.000000 0.000000 0.000000 0.000000 0.000000
    7 9.568951 1.914146 -1.819016 -0.159858 1.435885 -0.158714
    8 9.568951 1.894614 1.819028 0.142298 -1.353718 -0.141127
    9 5.790726 0.002787 -0.000113 -0.396562 0.882424 -0.906306
    10 5.999492 -0.000592 -4.000343 0.000000 0.000000 0.000000
    11 5.791316 0.002582 0.000893 1.199107 -0.829326 -1.785361
    12 5.999492 -0.000592 4.000336 0.000000 0.000000 0.000000
    13 0.500225 0.000133 -0.000088 -0.109760 0.000000 -0.000048
    14 11.534559 0.004255 -0.001312 0.000019 0.000081 -1.656068
    15 -0.829338 0.893824 0.079659 -0.148839 0.047645 0.087266
    16 0.500225 0.000132 0.000076 -0.109459 -0.000048 0.000000
    17 11.532495 0.000526 -0.000089 0.000018 0.000050 -1.099640
    18 -0.829586 0.894698 -0.079464 0.045377 -0.019621 0.087266
    19 10.599884 0.000105 -0.000553 -0.784089 0.000000 0.000000
    20 0.572804 -0.509563 -0.000805 -0.000060 -0.000001 0.828048
    21 11.042057 0.003717 0.004704 -0.745814 0.193510 0.286719
    22 -1.214832 0.203470 -0.477489 -0.135025 -0.078677 -0.001289
    23 10.599880 0.000105 0.000549 0.151924 0.000000 0.000000
    24 0.186072 -0.302525 0.000801 -0.000048 0.000001 0.549728
    25 11.041742 0.003171 -0.000571 0.153099 0.323200 0.364045
    26 -1.063377 0.077663 0.150230 0.045121 0.020046 -0.012850
    27 0.610302 -0.939470 0.070343 -1.654992 -0.114923 -0.177785
    28 0.639940 -0.199121 0.060188 -1.665756 -0.107914 -0.068664
    29 0.600155 1.080261 -0.339535 -1.738076 0.042518 0.103766
    30 0.610207 0.400743 -0.010101 -1.762161 -0.039037 0.038582
    31 0.634715 -0.690090 -0.232343 0.226517 0.406736 -0.988357
    32 -0.792125 0.203736 0.461300 1.439074 -0.003453 -0.018305
    33 0.610300 -0.939469 -0.070351 1.655384 0.140025 -0.175537
    34 0.639937 -0.199121 -0.060200 1.671282 0.183109 -0.036771
    35 0.600157 1.080259 0.339531 1.741685 0.106920 0.153702
    36 0.610205 0.400743 0.010086 1.766615 0.125838 0.080304
    37 0.624002 -0.695300 0.236176 -0.529098 -0.534851 -1.176394
    38 -0.626031 -0.069983 -0.080517 -1.447153 0.086151 0.021559
    39 2.621377 -0.002532 -0.001438 0.020168 -0.098009 0.407358
    40 2.660837 0.000397 -0.000071 -0.000009 -0.000328 0.668590
    41 2.206394 0.003368 -0.006769 -0.193254 0.125837 0.911406
    42 0.599952 0.959240 -0.300102 -0.174544 0.000000 0.000000
    43 2.553283 -0.005873 0.006359 -0.020305 0.051137 0.841792
    44 2.095024 -0.003873 -0.002193 -0.228697 0.292691 0.591805
    45 0.999380 -0.000236 -1.205463 -0.000001 0.000000 0.000000
    46 -0.122639 -0.721856 0.661690 -0.486644 0.223964 0.243056
    47 2.622113 -0.000648 0.006647 0.084666 0.260129 0.158789
    48 2.658203 0.000780 0.000161 0.328288 0.324445 0.981184
    49 2.199219 0.000516 -0.000122 0.262846 0.022920 1.089811
    50 0.599951 0.959244 0.300102 0.174544 0.000000 0.000000
    51 2.558594 -0.000149 -0.000031 0.266888 0.214957 1.052934
    52 2.103851 0.005614 -0.001014 0.494776 -0.395584 0.647029
    53 0.999374 -0.000237 1.174205 0.000036 0.000000 0.736314
    54 0.310846 -0.606445 -0.498005 0.308107 -0.197598 0.313976
    55 1.869163 -0.004741 -0.000994 -0.000007 0.000004 0.984110
    56 1.200941 0.399582 -0.000237 -0.009465 0.016087 0.007127
    57 0.000586 0.100342 -0.000319 -0.120035 -0.021926 -0.209617
    58 -0.161663 0.051712 0.194808 -2.941982 0.122408 -0.060194
    59 2.010092 -0.007109 -0.003377 -0.000030 0.000048 1.169778
    60 0.000240 0.099802 -0.000395 -0.018823 0.010833 -0.239219
    61 -0.203197 0.048607 0.069150 -3.093332 0.033217 -0.046722
    62 1.180428 -0.006214 0.000780 -0.000014 0.000000 0.759069
    63 -0.000196 0.099625 -0.000034 0.000000 0.000000 -0.314102
    64 -0.088736 -0.688435 -0.145203 2.930407 -0.136130 0.513013
    65 1.712069 -0.003328 0.003818 0.000023 -0.000021 0.937004
    66 -0.000580 0.100145 -0.000311 -0.010914 0.023131 -0.260841
    67 -0.146030 -0.232426 -0.014225 3.028455 -0.094299 0.113020
    68 1.290632 0.000362 -0.000032 -0.000012 -0.000012 0.328557
    69 -0.658121 -0.003575 0.072645 -0.142711 0.027792 -0.077299
    70 1.868080 -0.003049 0.006083 -0.000009 -0.000021 0.325893
    71 1.200079 0.399944 -0.000093 0.009465 -0.016087 0.007127
    72 0.000591 0.100342 0.000319 0.120035 0.021926 -0.209617
    73 0.068077 0.002285 -0.080050 3.111376 -0.069366 -0.060847
    74 2.007813 -0.000882 -0.000381 0.000049 -0.000037 1.297777
    75 0.000229 0.099802 0.000395 0.018823 -0.010833 -0.239219
    76 -0.018673 -0.001009 0.047544 3.109244 0.002635 -0.106673
    77 1.178665 0.001595 0.000845 -0.000038 0.000078 0.669112
    78 -0.000198 0.099628 0.000034 0.000000 0.000000 -0.314102
    79 0.036892 -0.634449 0.266284 -2.801062 0.174301 0.490914
    80 1.708008 0.000721 0.000200 0.000000 0.000000 1.071623
    81 -0.000576 0.100136 0.000311 0.010912 -0.023129 -0.260841
    82 -0.003952 -0.281811 0.115047 -3.059162 0.089004 0.167964
    83 1.289627 0.003949 0.000061 -0.000014 0.000003 0.214674
    84 -0.171528 -0.018148 -0.099873 0.013484 -0.062184 -0.011780
    85 0.912716 0.007240 0.001326 0.000019 0.000021 0.255518
    86 -0.342617 0.053404 -0.025571 -2.909301 -0.017248 0.075276
    87 1.100231 -0.000930 -0.002434 0.000069 0.000002 0.490620
    88 -0.384983 0.330998 0.006848 -3.087207 -0.018765 -0.184279
    89 0.678146 0.006192 -0.003905 -0.000018 -0.000019 1.034288
    90 -0.123848 0.072737 0.029507 2.898184 -0.060627 0.094834
    91 1.017166 -0.000154 -0.000252 -0.000023 -0.000014 0.664119
    92 -0.344986 0.123129 0.143151 2.994981 0.012396 0.059140
    93 -0.730988 0.177046 0.039141 -0.123731 0.076518 -0.084310
    94 0.921993 0.001298 -0.000896 -0.000002 0.000001 -0.005438
    95 -0.124027 -0.052092 0.038496 3.077813 -0.008519 0.039229
    96 1.100430 -0.003552 0.000503 -0.000030 0.000030 0.904181
    97 -0.330082 0.160641 0.042780 3.128073 0.034033 -0.171236
    98 0.675854 0.001531 0.003272 0.000002 0.000003 0.945893
    99 -0.019516 -0.016531 0.038578 -2.763781 0.050305 0.076828
    100 1.018555 -0.000026 -0.000397 0.000000 0.000000 0.984486
    101 -0.155312 0.130643 -0.021921 -3.022466 0.022433 -0.024903
    102 -0.252209 0.061937 -0.024914 -0.007671 -0.063171 -0.044392
    103 -0.085991 0.185203 -0.015180 -2.937063 -0.113970 -0.138991
    104 -0.286537 0.179852 0.024264 -3.109353 -0.049645 -0.029915
    105 -0.019489 0.147084 0.079203 2.893815 0.038585 -0.060594
    106 -0.046482 0.251898 0.129548 3.016165 0.077112 -0.042864
    107 0.039120 -0.040298 0.047739 3.084219 0.030470 -0.037414
    108 -0.233757 0.066630 0.001754 -3.133086 0.040141 -0.065413
    109 0.044266 0.020128 0.001684 -2.778763 -0.118872 -0.040488
    110 0.071495 0.074127 -0.048302 -3.035917 -0.059482 0.104366
    111 0.000000 0.000000 0.000000 0.000000 0.000000 -1.570796
    112 17.469283 0.929716 -11.980834 -0.082034 0.315034 0.362148
    113 -1.418012 4.656392 -3.671987 0.443418 -0.503277 -1.334642
    114 -1.542000 0.000000 1.810000 0.000000 0.000000 0.000000
    115 5.561000 0.000000 1.165000 0.000000 0.000000 0.000000
    116 -1.912000 0.003000 0.278000 0.000000 0.000000 0.000000
    117 1.947000 -0.003000 -0.278000 0.000000 0.000000 0.000000
    118 -3.830000 0.003000 0.015000 0.000000 0.000000 0.000000
    119 -2.941000 -0.003000 0.381000 0.000000 0.000000 0.000000
    120 -2.941000 -0.003000 0.381000 0.000000 0.000000 0.000000
    121 -0.070000 -0.003000 0.481000 0.000000 0.000000 0.000000
    122 1.771000 -0.314000 1.250000 0.000000 0.000000 -1.570796
    123 3.818000 0.000000 -0.014000 0.000000 0.000000 0.000000
    124 -0.470000 0.000000 -3.437000 0.000000 0.000000 0.000000
    125 -0.024000 0.000000 3.200000 0.000000 0.305210 0.000000
    126 -0.055985 0.000000 1.166089 0.000000 -0.382459 0.000000
    127 0.870559 9.945616 -50.840712 0.194621 -0.261044 -0.400892
    128 -2.238000 0.000000 -3.188000 0.000000 0.000000 0.000000
    129 3.319000 0.000000 3.458000 0.000000 -0.159168 0.000000
    130 0.000000 0.000000 0.000000 0.000000 0.000000 0.000000
    131 0.533000 0.511000 -0.841000 0.000000 0.000000 0.000000
    132 0.000000 0.000000 0.000000 0.000000 0.000000 0.000000
    133 -0.106000 0.000000 64.320000 0.000000 0.000000 0.000000
    134 0.000000 0.000000 0.000000 0.000000 0.000000 0.000000
    135 0.000000 0.000000 0.000000 0.024473 -0.003416 0.000012
    136 25.972187 3.664707 -4.046926 -0.082080 0.315007 0.362163
    137 0.106000 0.000000 -64.320000 0.000000 0.000000 0.000000
    138 0.000000 0.000000 0.000000 0.000000 0.000000 0.000000
    139 0.000000 0.000000 -4.867002 -3.141592 0.000000 -3.128591
    140 0.000000 0.000000 4.867000 -3.141592 0.000000 -3.128591
    141 4.000000 -6.500000 0.000000 0.000000 0.000000 0.000977
    142 -6.500000 0.000000 0.000000 0.000000 1.570796 0.000000
    143 1.000088 -0.000029 0.000000 0.000000 0.000000 0.000000
    144 17.162516 -0.000404 0.000000 0.000000 0.000000 0.119214
    145 9.999891 -0.000303 0.000000 0.000000 0.000000 0.000000
    146 1.000088 -0.000029 0.000000 0.000000 0.000000 0.000000
    147 17.162516 -0.000404 0.000000 0.000000 0.000000 0.119214
    148 9.499836 0.000212 0.000000 0.000000 0.000000 0.000000
    149 0.000000 0.000000 0.000000 0.000000 0.000000 0.000000
    150 17.749374 0.295515 0.000000 0.000000 0.000000 -1.158958
    151 0.017889 0.299792 0.000000 0.000000 0.000000 -0.059582
    152 12.283573 1.581456 -4.696000 1.462269 -0.086726 0.090185
    153 17.749376 0.295515 0.000000 0.000000 0.000000 -1.158958
    154 0.017889 0.299792 0.000000 0.000000 0.000000 -0.059582
    155 13.354000 0.000000 0.000000 0.000000 0.000000 -0.294101
    156 4.530998 0.000000 0.000000 0.000000 0.000000 0.000000
    157 0.000000 0.000000 0.000000 0.000000 0.000000 0.000000
    158 5.413524 0.000347 0.000000 0.000000 0.000000 -0.518055
    159 5.413524 0.000347 0.000000 0.000000 0.000000 -0.518055
    160 4.662001 -5.366332 4.825191 1.569713 1.561305 -3.121213
    161 3.116966 -0.000443 0.000000 0.000000 0.000000 0.294101
    162 4.531197 0.000000 0.000000 0.000000 0.000000 0.000000
    163 3.512001 -3.547000 -1.066000 0.000000 1.570796 0.000000
    164 3.456001 -3.517000 1.169000 0.000000 1.570796 0.000000
    165 6.233002 0.000000 0.000000 0.000000 0.000000 0.000000
    166 -0.171997 -0.106000 -0.902000 1.570713 1.029176 -3.134550
    167 6.265435 -6.356562 0.136723 0.000012 -0.024473 0.003416
    168 3.999434 -0.000528 -0.000332 -0.390597 0.000000 0.000000
    169 3.999901 0.000039 0.001011 0.075934 0.000000 0.000012
    170 1.598000 0.000000 0.000000 0.000000 0.000000 0.000000
    171 -1.145525 0.000130 0.000668 0.000000 0.000000 0.000000
    172 2.299679 -2.499978 -0.599480 0.892021 0.221512 -0.527234
    173 12.983631 2.726668 5.910061 1.045640 -0.933996 0.430224
    174 -9.580675 -27.862104 -37.184681 0.812874 -0.123459 -0.568474
    175 0.649933 -0.548295 0.093651 -1.665913 -0.131399 -0.112062
    176 0.657078 0.008402 0.040371 -1.665945 -0.131407 -0.000013
    177 0.665776 0.747221 -0.029190 -1.665935 -0.131408 0.094976
    178 2.300137 -2.499413 0.600155 -0.891917 -0.221566 -0.527266
    179 11.962793 0.942966 3.328854 1.764063 -0.255053 0.173401
    180 2.762350 0.116951 1.523975 1.629482 0.064153 1.743800
    181 7.228321 7.928195 -3.925652 2.328643 0.123441 -0.568443
    182 0.650394 -0.547730 -0.092979 1.665913 0.131399 -0.112062
    183 0.657069 0.008399 -0.040379 1.665945 0.131407 -0.000013
    184 0.665772 0.747219 0.029182 1.665935 0.131408 0.094976
    185 -4.481003 -0.202000 0.000000 0.000000 0.000000 0.000000
    186 -5.516998 -0.291000 -0.001000 0.000000 0.000000 0.000000
    187 -0.857695 0.104072 0.104687 0.023536 0.163924 0.013632
    188 1.899119 0.000427 -0.000439 0.027386 -0.033311 0.477848
    189 1.799660 -0.000240 0.000231 0.027386 -0.033311 0.477848
    190 1.799660 -0.000240 0.000231 0.027386 -0.033311 0.477848
    191 1.799660 -0.000240 0.000231 0.027386 -0.033311 0.477848
    192 1.900312 -0.000137 -0.000517 0.027386 -0.033311 0.477848
    193 1.899437 -0.000313 -0.000151 -0.027386 0.033311 0.477848
    194 1.799659 -0.000237 -0.000233 -0.027386 0.033311 0.477848
    195 1.799659 -0.000237 -0.000233 -0.027386 0.033311 0.477848
    196 1.799659 -0.000237 -0.000233 -0.027386 0.033311 0.477848
    197 1.900725 0.000557 -0.000072 -0.027386 0.033311 0.477848
    198 0.599884 0.400188 -0.000027 0.000000 0.000000 0.000000
    199 0.599888 0.400187 0.000031 0.000000 0.000000 -3.141592
    200 0.599503 0.400696 0.000235 0.000000 0.000000 0.000000
    201 0.599983 0.000044 -0.000010 0.000000 0.000000 -3.141592
  time 20
    0 0.000000 0.000000 0.000000 0.000000 0.000000 -1.570796
    1 -0.106323 0.000000 -0.000198 0.000000 0.000000 0.000000
    2 0.000000 0.000000 0.000000 0.000000 0.000000 0.000000
    3 -0.904000 0.000000 -11.806000 0.000000 0.000000 0.000000
    4 0.000000 0.000000 -14.313999 0.000000 -1.570796 1.570857
    5 3.533001 0.000000 0.000000 0.000000 0.000000 0.000000
    6 6.250000 0.000000 0.000000 0.000000 0.000000 0.000000
    7 9.568951 1.914146 -1.819016 -0.159683 1.435838 -0.158540
    8 9.568951 1.914146 1.819028 0.098420 -1.350465 -0.096268
    9 5.786820 0.002787 -0.000113 -0.499936 0.864024 -1.057662
    10 5.999492 -0.000592 -4.000343 0.000000 0.000000 0.000000
    11 5.787410 0.002582 0.000893 1.078531 -0.799963 -1.692883
    12 5.999492 -0.000592 4.000336 0.000000 0.000000 0.000000
    13 0.500225 0.000133 -0.000088 -0.105945 0.000000 -0.000024
    14 11.534559 0.004255 -0.001312 0.000067 0.000093 -1.554439
    15 -0.829338 0.893824 0.079659 -0.148839 0.047645 0.087266
    16 0.500225 0.000132 0.000076 -0.066030 0.000000 0.000000
    17 11.532495 0.004432 -0.000089 0.000018 0.000062 -1.189946
    18 -0.829586 0.894698 -0.079464 0.045377 -0.019621 0.087266
    19 10.599884 0.000105 -0.000553 -0.826067 -0.000048 0.000024
    20 0.479051 -0.470499 -0.000805 -0.000048 0.000023 0.777200
    21 11.042057 0.003717 0.004704 -0.776938 0.056338 0.387840
    22 -1.214832 0.203470 -0.477489 -0.135025 -0.078677 -0.001289
    23 10.599880 0.000105 0.000549 0.212095 0.000000 0.000000
    24 0.213416 -0.329870 0.000801 -0.000060 0.000013 0.594888
    25 11.041742 0.007077 -0.000571 0.210020 0.348587 0.453234
    26 -1.063377 0.077663 0.150230 0.045121 0.020046 -0.012850
    27 0.610302 -0.939470 0.070343 -1.655295 -0.140102 -0.175628
    28 0.639940 -0.199121 0.060188 -1.665960 -0.131475 -0.066483
    29 0.600155 1.080261 -0.339535 -1.738023 0.020682 0.107361
    30 0.610207 0.400743 -0.010101 -1.762214 -0.061640 0.042896
    31 0.630809 -0.690090 -0.236250 0.230100 0.359884 -0.966913
    32 -0.792125 0.203736 0.461300 1.439074 -0.003453 -0.018305
    33 0.610300 -0.939469 -0.070351 1.655384 0.140025 -0.175537
    34 0.639937 -0.199121 -0.060200 1.671282 0.183109 -0.036771
    35 0.600157 1.080259 0.339531 1.741685 0.106920 0.153702
    36 0.610205 0.400743 0.010086 1.766615 0.125838 0.080304
    37 0.624002 -0.691393 0.232270 -0.529098 -0.534851 -1.176394
    38 -0.626031 -0.069983 -0.080517 -1.447153 0.086151 0.021559
    39 2.621377 -0.002532 -0.001438 -0.000031 -0.103046 0.411606
    40 2.664743 0.000397 -0.000071 0.000034 -0.000101 0.672632
    41 2.206394 0.003368 -0.006769 -0.172509 0.127596 0.918486
    42 0.599952 0.959240 -0.300102 -0.174544 0.000000 0.000000
    43 2.553283 -0.005873 0.006359 -0.012846 0.053091 0.848199
    44 2.095024 0.000033 -0.006100 -0.231202 0.285497 0.583766
    45 0.999380 -0.000236 -1.193744 -0.000001 0.000000 0.000000
    46 -0.122639 -0.721856 0.661690 -0.486644 0.223964 0.243056
    47 2.622113 -0.000648 0.002741 0.084666 0.260129 0.158789
    48 2.658203 0.000780 0.000161 0.328288 0.324445 0.981184
    49 2.199219 0.000516 -0.000122 0.262846 0.022920 1.089811
    50 0.599951 0.959244 0.300102 0.174544 0.000000 0.000000
    51 2.558594 -0.000149 -0.000031 0.266888 0.214957 1.052934
    52 2.103851 0.001708 -0.001014 0.494776 -0.395584 0.647029
    53 0.999374 -0.000237 1.174205 0.000048 0.000000 0.736314
    54 0.310846 -0.606445 -0.498005 0.308107 -0.197598 0.313976
    55 1.869163 -0.004741 -0.000994 0.000017 -0.000068 0.914681
    56 1.200941 0.399582 -0.000237 -0.009465 0.016087 0.007127
    57 0.000586 0.100342 -0.000319 -0.120035 -0.021926 -0.209617
    58 -0.161663 0.051712 0.194808 -2.941982 0.122408 -0.060194
    59 2.010092 -0.007109 -0.003377 -0.000030 0.000048 1.119565
    60 0.000240 0.099802 -0.000395 -0.018823 0.010833 -0.239219
    61 -0.203197 0.048607 0.069150 -3.093332 0.033217 -0.046722
    62 1.180428 -0.006214 0.000780 -0.000014 0.000012 0.750131
    63 -0.000196 0.099625 -0.000034 0.000000 0.000000 -0.314102
    64 -0.088736 -0.688435 -0.145203 2.930407 -0.136130 0.513013
    65 1.712069 -0.003328 0.003818 0.000023 -0.000021 0.909209
    66 -0.000580 0.100145 -0.000311 -0.010914 0.023131 -0.260841
    67 -0.146030 -0.232426 -0.014225 3.028455 -0.094299 0.113020
    68 1.290632 0.000362 -0.000032 -0.000048 -0.000036 0.261045
    69 -0.658121 -0.003575 0.072645 -0.142711 0.027792 -0.077299
    70 1.868080 -0.003049 0.006083 0.000003 -0.000021 0.325893
    71 1.200079 0.399944 -0.000093 0.009465 -0.016087 0.007127
    72 0.000591 0.100342 0.000319 0.120035 0.021926 -0.209617
    73 0.068077 0.002285 -0.080050 3.111376 -0.069366 -0.060847
    74 2.007813 -0.000882 -0.000381 0.000049 -0.000037 1.297777
    75 0.000229 0.099802 0.000395 0.018823 -0.010833 -0.239219
    76 -0.018673 -0.001009 0.047544 3.109244 0.002635 -0.106673
    77 1.178665 0.001595 0.000845 -0.000038 0.000078 0.669112
    78 -0.000198 0.099628 0.000034 0.000000 0.000000 -0.314102
    79 0.036892 -0.634449 0.266284 -2.801062 0.174301 0.490914
    80 1.708008 0.000721 0.000200 0.000000 0.000000 1.071623
    81 -0.000576 0.100136 0.000311 0.010912 -0.023129 -0.260841
    82 -0.003952 -0.281811 0.115047 -3.059162 0.089004 0.167964
    83 1.289627 0.003949 0.000061 -0.000014 0.000003 0.214674
    84 -0.171528 -0.018148 -0.099873 0.013484 -0.062184 -0.011780
    85 0.912716 0.007240 0.001326 -0.000041 0.000021 0.231801
    86 -0.342617 0.053404 -0.025571 -2.909301 -0.017248 0.075276
    87 1.100231 -0.000930 -0.002434 0.000033 0.000014 0.411351
    88 -0.384983 0.330998 0.006848 -3.087207 -0.018765 -0.184279
    89 0.678146 0.006192 0.000002 -0.000018 -0.000019 0.980601
    90 -0.123848 0.072737 0.029507 2.898184 -0.060627 0.094834
    91 1.017166 -0.000154 -0.000252 -0.000023 -0.000014 0.590712
    92 -0.344986 0.123129 0.143151 2.994981 0.012396 0.059140
    93 -0.730988 0.177046 0.039141 -0.123731 0.076518 -0.084310
    94 0.925900 0.001298 -0.000896 -0.000002 0.000001 -0.005438
    95 -0.124027 -0.052092 0.038496 3.077813 -0.008519 0.039229
    96 1.100430 -0.003552 0.000503 -0.000030 0.000030 0.904181
    97 -0.330082 0.160641 0.042780 3.128073 0.034033 -0.171236
    98 0.675854 0.001531 0.003272 0.000002 0.000003 0.945893
    99 -0.019516 -0.016531 0.038578 -2.763781 0.050305 0.076828
    100 1.018555 -0.000026 -0.000397 0.000000 0.000000 0.984486
    101 -0.155312 0.130643 -0.021921 -3.022466 0.022433 -0.024903
    102 -0.252209 0.061937 -0.024914 -0.007671 -0.063171 -0.044392
    103 -0.085991 0.185203 -0.015180 -2.937063 -0.113970 -0.138991
    104 -0.286537 0.179852 0.024264 -3.109353 -0.049645 -0.029915
    105 -0.019489 0.147084 0.079203 2.893815 0.038585 -0.060594
    106 -0.046482 0.251898 0.129548 3.016165 0.077112 -0.042864
    107 0.039120 -0.040298 0.047739 3.084219 0.030470 -0.037414
    108 -0.233757 0.066630 0.001754 -3.133086 0.040141 -0.065413
    109 0.044266 0.020128 0.001684 -2.778763 -0.118872 -0.040488
    110 0.071495 0.074127 -0.048302 -3.035917 -0.059482 0.104366
    111 0.000000 0.000000 0.000000 0.000000 0.000000 -1.570796
    112 17.367718 0.535173 -10.660482 -0.122052 0.273454 0.322065
    113 -1.011750 5.215003 -3.472762 0.404483 -0.548740 -1.343590
    114 -1.542000 0.000000 1.810000 0.000000 0.000000 0.000000
    115 5.561000 0.000000 1.165000 0.000000 0.000000 0.000000
    116 -1.912000 0.003000 0.278000 0.000000 0.000000 0.000000
    117 1.947000 -0.003000 -0.278000 0.000000 0.000000 0.000000
    118 -3.830000 0.003000 0.015000 0.000000 0.000000 0.000000
    119 -2.941000 -0.003000 0.381000 0.000000 0.000000 0.000000
    120 -2.941000 -0.003000 0.381000 0.000000 0.000000 0.000000
    121 -0.070000 -0.003000 0.481000 0.000000 0.000000 0.000000
    122 1.771000 -0.314000 1.250000 0.000000 0.000000 -1.570796
    123 3.818000 0.000000 -0.014000 0.000000 0.000000 0.000000
    124 -0.470000 0.000000 -3.437000 0.000000 0.000000 0.000000
    125 -0.024000 0.000000 3.200000 0.000000 0.305210 0.000000
    126 -0.055985 0.000000 1.166089 0.000000 -0.382459 0.000000
    127 -0.992780 11.953490 -51.653236 0.206837 -0.217237 -0.361468
    128 -2.238000 0.000000 -3.188000 0.000000 0.000000 0.000000
    129 3.319000 0.000000 3.458000 0.000000 -0.159168 0.000000
    130 0.000000 0.000000 0.000000 0.000000 0.000000 0.000000
    131 0.533000 0.511000 -0.841000 0.000000 0.000000 0.000000
    132 0.000000 0.000000 0.000000 0.000000 0.000000 0.000000
    133 -0.106000 0.000000 64.320000 0.000000 0.000000 0.000000
    134 0.000000 0.000000 0.000000 0.000000 0.000000 0.000000
    135 0.000000 0.000000 0.000000 0.019535 -0.002121 -0.000348
    136 26.136255 2.969373 -2.386719 -0.122321 0.273477 0.322081
    137 0.106000 0.000000 -64.320000 0.000000 0.000000 0.000000
    138 0.000000 0.000000 0.000000 0.000000 0.000000 0.000000
    139 0.000000 0.000000 -4.867002 -3.141592 0.000000 -3.128591
    140 0.000000 0.000000 4.867000 -3.141592 0.000000 -3.128591
    141 4.000000 -6.500000 0.000000 0.000000 0.000000 0.000977
    142 -6.500000 0.000000 0.000000 0.000000 1.570796 0.000000
    143 1.000088 -0.000029 0.000000 0.000000 0.000000 0.000000
    144 17.162516 -0.000404 0.000000 0.000000 0.000000 0.119214
    145 9.999891 -0.000303 0.000000 0.000000 0.000000 0.000000
    146 1.000088 -0.000029 0.000000 0.000000 0.000000 0.000000
    147 17.162516 -0.000404 0.000000 0.000000 0.000000 0.119214
    148 9.499836 0.000212 0.000000 0.000000 0.000000 0.000000
    149 0.000000 0.000000 0.000000 0.000000 0.000000 0.000000
    150 17.749374 0.295515 0.000000 0.000000 0.000000 -1.158958
    151 0.017889 0.299792 0.000000 0.000000 0.000000 -0.059582
    152 12.283573 1.581456 -4.696000 1.462269 -0.086726 0.090185
    153 17.749376 0.295515 0.000000 0.000000 0.000000 -1.158958
    154 0.017889 0.299792 0.000000 0.000000 0.000000 -0.059582
    155 13.354000 0.000000 0.000000 0.000000 0.000000 -0.294101
    156 4.530998 0.000000 0.000000 0.000000 0.000000 0.000000
    157 0.000000 0.000000 0.000000 0.000000 0.000000 0.000000
    158 5.413524 0.000347 0.000000 0.000000 0.000000 -0.518055
    159 5.413524 0.000347 0.000000 0.000000 0.000000 -0.518055
    160 4.662001 -5.366332 4.825191 1.569713 1.561305 -3.121213
    161 3.116966 -0.000443 0.000000 0.000000 0.000000 0.294101
    162 4.531197 0.000000 0.000000 0.000000 0.000000 0.000000
    163 3.512001 -3.547000 -1.066000 0.000000 1.570796 0.000000
    164 3.456001 -3.517000 1.169000 0.000000 1.570796 0.000000
    165 6.233002 0.000000 0.000000 0.000000 0.000000 0.000000
    166 -0.171997 -0.106000 -0.902000 1.570713 1.029176 -3.134550
    167 6.253716 -6.364375 0.113285 -0.000348 -0.019535 0.002133
    168 3.999434 -0.000528 -0.000332 -0.413086 0.000000 0.000000
    169 3.999901 0.000039 0.001011 0.106024 0.000000 0.000000
    170 1.598000 0.000000 0.000000 0.000000 0.000000 0.000000
    171 -1.145525 0.000130 0.000668 0.000000 0.000000 0.000000
    172 2.299679 -2.499978 -0.599480 0.892021 0.221512 -0.527234
    173 12.979725 0.835985 3.835779 1.247040 -0.782331 0.229212
    174 -9.580675 -27.862104 -37.184681 0.812874 -0.123459 -0.568474
    175 0.649933 -0.548295 0.093651 -1.665913 -0.131399 -0.112062
    176 0.657078 0.008402 0.040371 -1.665945 -0.131407 -0.000013
    177 0.665776 0.747221 -0.029190 -1.665935 -0.131408 0.094976
    178 2.300137 -2.499413 0.600155 -0.891917 -0.221566 -0.527266
    179 11.962793 0.942966 3.328854 1.764063 -0.255053 0.173401
    180 2.762350 0.116951 1.523975 1.629482 0.064153 1.743800
    181 7.228321 7.928195 -3.925652 2.328643 0.123441 -0.568443
    182 0.650394 -0.547730 -0.092979 1.665913 0.131399 -0.112062
    183 0.657069 0.008399 -0.040379 1.665945 0.131407 -0.000013
    184 0.665772 0.747219 0.029182 1.665935 0.131408 0.094976
    185 -4.481003 -0.202000 0.000000 0.000000 0.000000 0.000000
    186 -5.516998 -0.291000 -0.001000 0.000000 0.000000 0.000000
    187 -0.857695 0.104072 0.104687 0.023536 0.163924 0.013632
    188 1.899119 0.000427 -0.000439 0.027386 -0.033311 0.477848
    189 1.799660 -0.000240 0.000231 0.027386 -0.033311 0.477848
    190 1.799660 -0.000240 0.000231 0.027386 -0.033311 0.477848
    191 1.799660 -0.000240 0.000231 0.027386 -0.033311 0.477848
    192 1.900312 -0.000137 -0.000517 0.027386 -0.033311 0.477848
    193 1.899437 -0.000313 -0.000151 -0.027386 0.033311 0.477848
    194 1.799659 -0.000237 -0.000233 -0.027386 0.033311 0.477848
    195 1.799659 -0.000237 -0.000233 -0.027386 0.033311 0.477848
    196 1.799659 -0.000237 -0.000233 -0.027386 0.033311 0.477848
    197 1.900725 0.000557 -0.000072 -0.027386 0.033311 0.477848
    198 0.599884 0.400188 -0.000027 0.000000 0.000000 0.000000
    199 0.599888 0.400187 0.000031 0.000000 0.000000 -3.141592
    200 0.599503 0.400696 0.000235 0.000000 0.000000 0.000000
    201 0.599983 0.000044 -0.000010 0.000000 0.000000 -3.141592
  time 21
    0 0.000000 0.000000 0.000000 0.000000 0.000000 -1.570796
    1 -0.106323 0.000000 -0.000198 0.000000 0.000000 0.000000
    2 0.000000 0.000000 0.000000 0.000000 0.000000 0.000000
    3 -0.904000 0.000000 -11.806000 0.000000 0.000000 0.000000
    4 0.000000 0.000000 -14.313999 0.000000 -1.570796 1.570857
    5 3.533001 0.000000 0.000000 0.000000 0.000000 0.000000
    6 6.250000 0.000000 0.000000 0.000000 0.000000 0.000000
    7 9.643172 1.839925 -1.838548 -0.159683 1.435791 -0.158365
    8 9.600202 1.753985 2.291699 0.094744 -1.342144 -0.092463
    9 5.790726 0.002787 -0.004020 -0.584937 0.844104 -1.188925
    10 5.999492 -0.000592 -4.000343 0.000000 0.000000 0.000000
    11 5.791316 0.006489 0.004799 0.931359 -0.741692 -1.606411
    12 5.999492 -0.000592 4.000336 0.000000 0.000000 0.000000
    13 0.500225 0.000133 -0.000088 -0.102106 0.000000 -0.000012
    14 11.534559 0.000348 -0.001312 -0.000065 -0.000039 -1.466580
    15 -0.829338 0.893824 0.079659 -0.148839 0.047645 0.087266
    16 0.500225 0.000132 0.000076 -0.005164 0.000000 -0.000048
    17 11.532495 0.000526 -0.000089 0.000054 0.000014 -1.266215
    18 -0.829586 0.894698 -0.079464 0.045377 -0.019621 0.087266
    19 10.599884 0.000105 -0.000553 -0.860263 0.000000 0.000000
    20 0.389205 -0.439248 -0.000805 0.000000 0.000011 0.733273
    21 11.042057 0.003717 0.000798 -0.820784 -0.059620 0.466893
    22 -1.214832 0.203470 -0.477489 -0.135025 -0.078677 -0.001289
    23 10.599880 0.000105 0.000549 0.311983 0.000000 0.000000
    24 0.244667 -0.345495 0.000801 -0.000060 0.000013 0.633144
    25 11.041742 0.003171 -0.000571 0.307279 0.395740 0.570443
    26 -1.063377 0.077663 0.150230 0.045121 0.020046 -0.012850
    27 0.610302 -0.939470 0.070343 -1.660903 -0.170136 -0.172068
    28 0.639940 -0.199121 0.060188 -1.666367 -0.160778 -0.063631
    29 0.600155 1.080261 -0.339535 -1.738023 -0.004737 0.106834
    30 0.610207 0.400743 -0.010101 -1.762645 -0.089060 0.048229
    31 0.634715 -0.693997 -0.232343 0.212027 0.301273 -0.944288
    32 -0.792125 0.203736 0.461300 1.439074 -0.003453 -0.018305
    33 0.610300 -0.939469 -0.070351 1.655384 0.140025 -0.175537
    34 0.639937 -0.199121 -0.060200 1.671282 0.183109 -0.036771
    35 0.600157 1.080259 0.339531 1.741685 0.106920 0.153702
    36 0.610205 0.400743 0.010086 1.766615 0.125838 0.080304
    37 0.624002 -0.695300 0.236176 -0.529098 -0.534817 -1.176394
    38 -0.626031 -0.069983 -0.080517 -1.447153 0.086151 0.021559
    39 2.621377 -0.002532 -0.001438 -0.027580 -0.100031 0.401411
    40 2.664743 0.000397 -0.000071 -0.023913 -0.012720 0.640960
    41 2.206394 0.003368 -0.006769 -0.143206 0.094905 0.808182
    42 0.599952 0.959240 -0.300102 -0.174544 0.000000 0.000000
    43 2.553283 -0.001967 0.002453 0.000145 0.042916 0.803154
    44 2.095024 -0.003873 -0.002193 -0.238824 0.210488 0.551082
    45 0.999380 -0.000236 -1.185931 -0.000001 0.000000 0.000000
    46 -0.122639 -0.721856 0.661690 -0.486644 0.223964 0.243056
    47 2.622113 -0.004555 0.002741 0.084666 0.260129 0.158789
    48 2.658203 0.000780 0.000161 0.328288 0.324445 0.981184
    49 2.199219 0.000516 -0.000122 0.262846 0.022920 1.089811
    50 0.599951 0.959244 0.300102 0.174544 0.000000 0.000000
    51 2.558594 -0.000149 -0.000031 0.266888 0.214957 1.052934
    52 2.103851 0.005614 -0.001014 0.494776 -0.395584 0.647029
    53 0.999374 -0.000237 1.174205 0.000036 0.000000 0.736314
    54 0.310846 -0.606445 -0.498005 0.308107 -0.197598 0.313976
    55 1.869163 -0.000835 -0.000994 -0.000007 0.000004 0.788649
    56 1.200941 0.399582 -0.000237 -0.009465 0.016087 0.007127
    57 0.000586 0.100342 -0.000319 -0.120035 -0.021926 -0.209617
    58 -0.161663 0.051712 0.194808 -2.941982 0.122408 -0.060194
    59 2.010092 -0.007109 -0.003377 0.000018 0.000013 1.008217
    60 0.000240 0.099802 -0.000395 -0.018823 0.010833 -0.239219
    61 -0.203197 0.048607 0.069150 -3.093332 0.033217 -0.046722
    62 1.180428 -0.006214 0.000780 0.000034 -0.000012 0.769911
    63 -0.000196 0.099625 -0.000034 0.000000 0.000000 -0.314102
    64 -0.088736 -0.688435 -0.145203 2.930407 -0.136130 0.513013
    65 1.712069 -0.003328 0.003818 0.000070 -0.000045 0.855738
    66 -0.000580 0.100145 -0.000311 -0.010914 0.023131 -0.260841
    67 -0.146030 -0.232426 -0.014225 3.028455 -0.094299 0.113020
    68 1.290632 0.000362 -0.000032 0.000060 0.000000 0.147854
    69 -0.658121 -0.003575 0.072645 -0.142711 0.027792 -0.077299
    70 1.868080 -0.003049 0.006083 0.000003 -0.000021 0.325893
    71 1.200079 0.399944 -0.000093 0.009465 -0.016087 0.007127
    72 0.000591 0.100342 0.000319 0.120035 0.021926 -0.209617
    73 0.068077 0.002285 -0.080050 3.111376 -0.069366 -0.060847
    74 2.007813 -0.000882 -0.000381 0.000049 -0.000037 1.297777
    75 0.000229 0.099802 0.000395 0.018823 -0.010833 -0.239219
    76 -0.018673 -0.001009 0.047544 3.109244 0.002635 -0.106673
    77 1.178665 0.001595 0.000845 -0.000038 0.000078 0.669112
    78 -0.000198 0.099628 0.000034 0.000000 0.000000 -0.314102
    79 0.036892 -0.634449 0.266284 -2.801062 0.174301 0.490914
    80 1.708008 0.000721 0.000200 0.000000 0.000000 1.071623
    81 -0.000576 0.100136 0.000311 0.010912 -0.023129 -0.260841
    82 -0.003952 -0.281811 0.115047 -3.059162 0.089004 0.167964
    83 1.289627 0.003949 0.000061 -0.000014 0.000003 0.214674
    84 -0.171528 -0.018148 -0.099873 0.013484 -0.062184 -0.011780
    85 0.916622 0.007240 0.001326 -0.000017 0.000021 0.226526
    86 -0.342617 0.053404 -0.025571 -2.909301 -0.017248 0.075276
    87 1.100231 -0.000930 -0.002434 0.000009 0.000014 0.332081
    88 -0.384983 0.330998 0.006848 -3.087207 -0.018765 -0.184279
    89 0.678146 0.006192 0.000002 -0.000018 -0.000019 0.862589
    90 -0.123848 0.072737 0.029507 2.898184 -0.060627 0.094834
    91 1.017166 -0.000154 -0.000252 -0.000035 -0.000074 0.512047
    92 -0.344986 0.123129 0.143151 2.994981 0.012396 0.059140
    93 -0.730988 0.177046 0.039141 -0.123731 0.076518 -0.084310
    94 0.921993 0.001298 -0.000896 -0.000002 0.000001 -0.005438
    95 -0.124027 -0.052092 0.038496 3.077813 -0.008519 0.039229
    96 1.100430 -0.003552 0.000503 -0.000030 0.000030 0.904181
    97 -0.330082 0.160641 0.042780 3.128073 0.034033 -0.171236
    98 0.675854 0.001531 0.003272 0.000002 0.000003 0.945893
    99 -0.019516 -0.016531 0.038578 -2.763781 0.050305 0.076828
    100 1.018555 -0.000026 -0.000397 0.000000 0.000000 0.984486
    101 -0.155312 0.130643 -0.021921 -3.022466 0.022433 -0.024903
    102 -0.252209 0.061937 -0.024914 -0.007671 -0.063171 -0.044392
    103 -0.085991 0.185203 -0.015180 -2.937063 -0.113970 -0.138991
    104 -0.286537 0.179852 0.024264 -3.109353 -0.049645 -0.029915
    105 -0.019489 0.147084 0.079203 2.893815 0.038585 -0.060594
    106 -0.046482 0.251898 0.129548 3.016165 0.077112 -0.042864
    107 0.039120 -0.040298 0.047739 3.084219 0.030470 -0.037414
    108 -0.233757 0.066630 0.001754 -3.133086 0.040141 -0.065413
    109 0.044266 0.020128 0.001684 -2.778763 -0.118872 -0.040488
    110 0.071495 0.074127 -0.048302 -3.035917 -0.059482 0.104366
    111 0.000000 0.000000 0.000000 0.000000 0.000000 -1.570796
    112 17.285684 0.136723 -9.379192 -0.163687 0.232624 0.281328
    113 -0.546892 5.672048 -3.324320 0.360605 -0.592521 -1.349967
    114 -1.542000 0.000000 1.810000 0.000000 0.000000 0.000000
    115 5.561000 0.000000 1.165000 0.000000 0.000000 0.000000
    116 -1.912000 0.003000 0.278000 0.000000 0.000000 0.000000
    117 1.947000 -0.003000 -0.278000 0.000000 0.000000 0.000000
    118 -3.830000 0.003000 0.015000 0.000000 0.000000 0.000000
    119 -2.941000 -0.003000 0.381000 0.000000 0.000000 0.000000
    120 -2.941000 -0.003000 0.381000 0.000000 0.000000 0.000000
    121 -0.070000 -0.003000 0.481000 0.000000 0.000000 0.000000
    122 1.771000 -0.314000 1.250000 0.000000 0.000000 -1.570796
    123 3.818000 0.000000 -0.014000 0.000000 0.000000 0.000000
    124 -0.470000 0.000000 -3.437000 0.000000 0.000000 0.000000
    125 -0.024000 0.000000 3.200000 0.000000 0.305210 0.000000
    126 -0.055985 0.000000 1.166089 0.000000 -0.382459 0.000000
    127 -3.000653 14.016053 -52.309506 0.223865 -0.174781 -0.319515
    128 -2.238000 0.000000 -3.188000 0.000000 0.000000 0.000000
    129 3.319000 0.000000 3.458000 0.000000 -0.159168 0.000000
    130 0.000000 0.000000 0.000000 0.000000 0.000000 0.000000
    131 0.533000 0.511000 -0.841000 0.000000 0.000000 0.000000
    132 0.000000 0.000000 0.000000 0.000000 0.000000 0.000000
    133 -0.106000 0.000000 64.320000 0.000000 0.000000 0.000000
    134 0.000000 0.000000 0.000000 0.000000 0.000000 0.000000
    135 0.000000 0.000000 0.000000 0.014597 -0.000863 -0.000707
    136 26.288603 2.242789 -0.765576 -0.163764 0.232650 0.281345
    137 0.106000 0.000000 -64.320000 0.000000 0.000000 0.000000
    138 0.000000 0.000000 0.000000 0.000000 0.000000 0.000000
    139 0.000000 0.000000 -4.867002 -3.141592 0.000000 -3.128591
    140 0.000000 0.000000 4.867000 -3.141592 0.000000 -3.128591
    141 4.000000 -6.500000 0.000000 0.000000 0.000000 0.000977
    142 -6.500000 0.000000 0.000000 0.000000 1.570796 0.000000
    143 1.000088 -0.000029 0.000000 0.000000 0.000000 0.000000
    144 17.162516 -0.000404 0.000000 0.000000 0.000000 0.119214
    145 9.999891 -0.000303 0.000000 0.000000 0.000000 0.000000
    146 1.000088 -0.000029 0.000000 0.000000 0.000000 0.000000
    147 17.162516 -0.000404 0.000000 0.000000 0.000000 0.119214
    148 9.499836 0.000212 0.000000 0.000000 0.000000 0.000000
    149 0.000000 0.000000 0.000000 0.000000 0.000000 0.000000
    150 17.749374 0.295515 0.000000 0.000000 0.000000 -1.158958
    151 0.017889 0.299792 0.000000 0.000000 0.000000 -0.059582
    152 12.283573 1.581456 -4.696000 1.462269 -0.086726 0.090185
    153 17.749376 0.295515 0.000000 0.000000 0.000000 -1.158958
    154 0.017889 0.299792 0.000000 0.000000 0.000000 -0.059582
    155 13.354000 0.000000 0.000000 0.000000 0.000000 -0.294101
    156 4.530998 0.000000 0.000000 0.000000 0.000000 0.000000
    157 0.000000 0.000000 0.000000 0.000000 0.000000 0.000000
    158 5.413524 0.000347 0.000000 0.000000 0.000000 -0.518055
    159 5.413524 0.000347 0.000000 0.000000 0.000000 -0.518055
    160 4.662001 -5.366332 4.825191 1.569713 1.561305 -3.121213
    161 3.116966 -0.000443 0.000000 0.000000 0.000000 0.294101
    162 4.531197 0.000000 0.000000 0.000000 0.000000 0.000000
    163 3.512001 -3.547000 -1.066000 0.000000 1.570796 0.000000
    164 3.456001 -3.517000 1.169000 0.000000 1.570796 0.000000
    165 6.233002 0.000000 0.000000 0.000000 0.000000 0.000000
    166 -0.171997 -0.106000 -0.902000 1.570713 1.029176 -3.134550
    167 6.249810 -6.368281 0.082034 -0.000707 -0.014597 0.000875
    168 3.999434 -0.000528 -0.000332 -0.430283 0.000000 0.000000
    169 3.999901 0.000039 0.001011 0.155949 0.000000 0.000000
    170 1.598000 0.000000 0.000000 0.000000 0.000000 0.000000
    171 -1.145525 0.000130 0.000668 0.000000 0.000000 0.000000
    172 2.299679 -2.499978 -0.599480 0.892021 0.221512 -0.527234
    173 12.682841 -0.847660 2.128695 1.361717 -0.637441 0.106625
    174 -9.580675 -27.862104 -37.184681 0.812874 -0.123459 -0.568474
    175 0.649933 -0.548295 0.093651 -1.665913 -0.131399 -0.112062
    176 0.657078 0.008402 0.040371 -1.665945 -0.131407 -0.000013
    177 0.665776 0.747221 -0.029190 -1.665935 -0.131408 0.094976
    178 2.300137 -2.499413 0.600155 -0.891917 -0.221566 -0.527266
    179 11.962793 0.942966 3.328854 1.764063 -0.255053 0.173401
    180 2.762350 0.116951 1.523975 1.629482 0.064153 1.743800
    181 7.228321 7.928195 -3.925652 2.328572 0.123441 -0.568443
    182 0.650394 -0.547730 -0.092979 1.665913 0.131399 -0.112062
    183 0.657069 0.008399 -0.040379 1.665945 0.131407 -0.000013
    184 0.665772 0.747219 0.029182 1.665935 0.131408 0.094976
    185 -4.481003 -0.202000 0.000000 0.000000 0.000000 0.000000
    186 -5.516998 -0.291000 -0.001000 0.000000 0.000000 0.000000
    187 -0.857695 0.104072 0.104687 0.023536 0.163924 0.013632
    188 1.899119 0.000427 -0.000439 0.027386 -0.033311 0.477848
    189 1.799660 -0.000240 0.000231 0.027386 -0.033311 0.477848
    190 1.799660 -0.000240 0.000231 0.027386 -0.033311 0.477848
    191 1.799660 -0.000240 0.000231 0.027386 -0.033311 0.477848
    192 1.900312 -0.000137 -0.000517 0.027386 -0.033311 0.477848
    193 1.899437 -0.000313 -0.000151 -0.027386 0.033311 0.477848
    194 1.799659 -0.000237 -0.000233 -0.027386 0.033311 0.477848
    195 1.799659 -0.000237 -0.000233 -0.027386 0.033311 0.477848
    196 1.799659 -0.000237 -0.000233 -0.027386 0.033311 0.477848
    197 1.900725 0.000557 -0.000072 -0.027386 0.033311 0.477848
    198 0.599884 0.400188 -0.000027 0.000000 0.000000 0.000000
    199 0.599888 0.400187 0.000031 0.000000 0.000000 -3.141592
    200 0.599503 0.400696 0.000235 0.000000 0.000000 0.000000
    201 0.599983 0.000044 -0.000010 0.000000 0.000000 -3.141592
  time 22
    0 0.000000 0.000000 0.000000 0.000000 0.000000 -1.570796
    1 -0.106323 0.000000 -0.000198 0.000000 0.000000 0.000000
    2 0.000000 0.000000 0.000000 0.000000 0.000000 0.000000
    3 -0.904000 0.000000 -11.806000 0.000000 0.000000 0.000000
    4 0.000000 0.000000 -14.313999 0.000000 -1.570796 1.570857
    5 3.533001 0.000000 0.000000 0.000000 0.000000 0.000000
    6 6.250000 0.000000 0.000000 0.000000 0.000000 0.000000
    7 9.756456 1.714921 -1.877612 -0.156708 1.433146 -0.155318
    8 9.690048 1.437569 3.444078 0.091298 -1.333899 -0.088999
    9 5.786820 0.002787 -0.000113 -0.652709 0.826958 -1.301010
    10 5.999492 -0.000592 -4.000343 0.000000 0.000000 0.000000
    11 5.791316 0.002582 0.000893 0.749507 -0.634785 -1.551780
    12 5.999492 -0.000592 4.000336 0.000000 0.000000 0.000000
    13 0.500225 0.000133 -0.000088 -0.098291 0.000000 0.000000
    14 11.534559 0.000348 -0.001312 -0.000017 0.000009 -1.397655
    15 -0.829338 0.893824 0.079659 -0.148839 0.047645 0.087266
    16 0.500225 0.000132 0.000076 0.088999 0.000000 -0.000048
    17 11.536401 0.000526 -0.000089 0.000006 -0.000022 -1.318344
    18 -0.829586 0.894698 -0.079464 0.045377 -0.019621 0.087266
    19 10.599884 0.000105 -0.000553 -0.882018 -0.000024 0.000072
    20 0.346235 -0.411904 -0.000805 0.000000 0.000011 0.698864
    21 11.042057 0.003717 0.004704 -0.869014 -0.149304 0.497290
    22 -1.214832 0.203470 -0.477489 -0.135025 -0.078677 -0.001289
    23 10.599880 0.000105 0.000549 0.481031 0.000000 0.000048
    24 0.275918 -0.368934 0.000801 0.000048 -0.000023 0.659176
    25 11.041742 0.003171 -0.000571 0.477482 0.456034 0.743751
    26 -1.063377 0.077663 0.150230 0.045121 0.020046 -0.012850
    27 0.610302 -0.939470 0.070343 -1.675401 -0.208750 -0.166028
    28 0.639940 -0.199121 0.060188 -1.667028 -0.198301 -0.059951
    29 0.600155 1.080261 -0.339535 -1.737440 -0.035298 0.099176
    30 0.610207 0.400743 -0.010101 -1.763397 -0.122941 0.054964
    31 0.634715 -0.693997 -0.236250 0.168955 0.223351 -0.919750
    32 -0.792125 0.203736 0.461300 1.439074 -0.003453 -0.018305
    33 0.610300 -0.939469 -0.070351 1.655384 0.140025 -0.175537
    34 0.639937 -0.199121 -0.060200 1.671282 0.183109 -0.036771
    35 0.600157 1.080259 0.339531 1.741685 0.106920 0.153702
    36 0.610205 0.400743 0.010086 1.766615 0.125838 0.080304
    37 0.624002 -0.695300 0.232270 -0.529098 -0.534817 -1.176394
    38 -0.626031 -0.069983 -0.080517 -1.447153 0.086151 0.021559
    39 2.621377 -0.002532 -0.001438 -0.065575 -0.092666 0.377257
    40 2.660837 0.000397 -0.000071 -0.082380 -0.043305 0.565451
    41 2.206394 0.003368 -0.002863 -0.102603 0.017008 0.545165
    42 0.599952 0.959240 -0.300102 -0.174544 0.000000 0.000000
    43 2.553283 -0.001967 0.006359 0.020470 0.018947 0.695561
    44 2.095024 -0.003873 -0.002193 -0.255962 0.043161 0.491452
    45 0.999380 -0.000236 -1.182025 -0.000001 0.000000 0.000000
    46 -0.122639 -0.721856 0.661690 -0.486644 0.223964 0.243056
    47 2.622113 -0.000648 0.006647 0.084666 0.260129 0.158789
    48 2.658203 0.000780 0.000161 0.328288 0.324445 0.981184
    49 2.199219 0.000516 -0.000122 0.262846 0.022920 1.089811
    50 0.599951 0.959244 0.300102 0.174544 0.000000 0.000000
    51 2.558594 -0.000149 -0.000031 0.266888 0.214957 1.052934
    52 2.103851 0.001708 -0.001014 0.494776 -0.395584 0.647029
    53 0.999374 -0.000237 1.174205 0.000048 0.000000 0.736314
    54 0.310846 -0.606445 -0.498005 0.308107 -0.197598 0.313976
    55 1.869163 -0.000835 -0.004901 -0.000007 0.000004 0.591057
    56 1.200941 0.399582 -0.000237 -0.009465 0.016087 0.007127
    57 0.000586 0.100342 -0.000319 -0.120035 -0.021926 -0.209617
    58 -0.161663 0.051712 0.194808 -2.941982 0.122408 -0.060194
    59 2.010092 -0.007109 -0.003377 0.000018 0.000013 0.820975
    60 0.000240 0.099802 -0.000395 -0.018823 0.010833 -0.239219
    61 -0.203197 0.048607 0.069150 -3.093332 0.033217 -0.046722
    62 1.180428 -0.006214 0.000780 -0.000014 0.000000 0.817022
    63 -0.000196 0.099625 -0.000034 0.000000 0.000000 -0.314102
    64 -0.088736 -0.688435 -0.145203 2.930407 -0.136130 0.513013
    65 1.712069 0.000578 0.003818 -0.000001 -0.000080 0.770037
    66 -0.000580 0.100145 -0.000311 -0.010914 0.023131 -0.260841
    67 -0.146030 -0.232426 -0.014225 3.028455 -0.094299 0.113020
    68 1.290632 0.000362 -0.000032 0.000000 0.000000 -0.022322
    69 -0.658121 -0.003575 0.072645 -0.142711 0.027792 -0.077299
    70 1.868080 -0.003049 0.006083 0.000003 -0.000021 0.325893
    71 1.200079 0.399944 -0.000093 0.009465 -0.016087 0.007127
    72 0.000591 0.100342 0.000319 0.120035 0.021926 -0.209617
    73 0.068077 0.002285 -0.080050 3.111376 -0.069366 -0.060847
    74 2.007813 -0.000882 -0.000381 0.000049 -0.000037 1.297777
    75 0.000229 0.099802 0.000395 0.018823 -0.010833 -0.239219
    76 -0.018673 -0.001009 0.047544 3.109244 0.002635 -0.106673
    77 1.178665 0.001595 0.000845 -0.000038 0.000078 0.669112
    78 -0.000198 0.099628 0.000034 0.000000 0.000000 -0.314102
    79 0.036892 -0.634449 0.266284 -2.801062 0.174301 0.490914
    80 1.708008 0.000721 0.000200 0.000000 0.000000 1.071623
    81 -0.000576 0.100136 0.000311 0.010912 -0.023129 -0.260841
    82 -0.003952 -0.281811 0.115047 -3.059162 0.089004 0.167964
    83 1.289627 0.003949 0.000061 -0.000014 0.000003 0.214674
    84 -0.171528 -0.018148 -0.099873 0.013484 -0.062184 -0.011780
    85 0.912716 0.007240 0.001326 0.000019 0.000021 0.221176
    86 -0.342617 0.053404 -0.025571 -2.909301 -0.017248 0.075276
    87 1.100231 -0.000930 -0.002434 0.000009 0.000014 0.243578
    88 -0.384983 0.330998 0.006848 -3.087207 -0.018765 -0.184279
    89 0.678146 0.006192 -0.003905 0.000042 -0.000043 0.664749
    90 -0.123848 0.072737 0.029507 2.898184 -0.060627 0.094834
    91 1.017166 -0.000154 -0.000252 -0.000023 -0.000014 0.423319
    92 -0.344986 0.123129 0.143151 2.994981 0.012396 0.059140
    93 -0.730988 0.177046 0.039141 -0.123731 0.076518 -0.084310
    94 0.921993 0.001298 -0.000896 -0.000002 -0.000011 -0.005438
    95 -0.124027 -0.052092 0.038496 3.077813 -0.008519 0.039229
    96 1.100430 -0.003552 0.000503 -0.000042 0.000030 0.904181
    97 -0.330082 0.160641 0.042780 3.128073 0.034033 -0.171236
    98 0.675854 0.001531 0.003272 0.000002 0.000003 0.945893
    99 -0.019516 -0.016531 0.038578 -2.763781 0.050305 0.076828
    100 1.018555 -0.000026 -0.000397 0.000000 0.000000 0.984486
    101 -0.155312 0.130643 -0.021921 -3.022466 0.022433 -0.024903
    102 -0.252209 0.061937 -0.024914 -0.007671 -0.063171 -0.044392
    103 -0.085991 0.185203 -0.015180 -2.937063 -0.113970 -0.138991
    104 -0.286537 0.179852 0.024264 -3.109353 -0.049645 -0.029915
    105 -0.019489 0.147084 0.079203 2.893815 0.038585 -0.060594
    106 -0.046482 0.251898 0.129548 3.016165 0.077112 -0.042864
    107 0.039120 -0.040298 0.047739 3.084219 0.030470 -0.037414
    108 -0.233757 0.066630 0.001754 -3.133086 0.040141 -0.065413
    109 0.044266 0.020128 0.001684 -2.778763 -0.118872 -0.040488
    110 0.071495 0.074127 -0.048302 -3.035917 -0.059482 0.104366
    111 0.000000 0.000000 0.000000 0.000000 0.000000 -1.570796
    112 17.129429 -0.230476 -8.156499 -0.200759 0.191044 0.241806
    113 -0.050783 6.105655 -3.238380 0.318552 -0.635711 -1.357582
    114 -1.542000 0.000000 1.810000 0.000000 0.000000 0.000000
    115 5.561000 0.000000 1.165000 0.000000 0.000000 0.000000
    116 -1.912000 0.003000 0.278000 0.000000 0.000000 0.000000
    117 1.947000 -0.003000 -0.278000 0.000000 0.000000 0.000000
    118 -3.830000 0.003000 0.015000 0.000000 0.000000 0.000000
    119 -2.941000 -0.003000 0.381000 0.000000 0.000000 0.000000
    120 -2.941000 -0.003000 0.381000 0.000000 0.000000 0.000000
    121 -0.070000 -0.003000 0.481000 0.000000 0.000000 0.000000
    122 1.771000 -0.314000 1.250000 0.000000 0.000000 -1.570796
    123 3.818000 0.000000 -0.014000 0.000000 0.000000 0.000000
    124 -0.470000 0.000000 -3.437000 0.000000 0.000000 0.000000
    125 -0.024000 0.000000 3.200000 0.000000 0.305210 0.000000
    126 -0.055985 0.000000 1.166089 0.000000 -0.382459 0.000000
    127 -5.094467 16.031739 -52.770458 0.242559 -0.133137 -0.277188
    128 -2.238000 0.000000 -3.188000 0.000000 0.000000 0.000000
    129 3.319000 0.000000 3.458000 0.000000 -0.159168 0.000000
    130 0.000000 0.000000 0.000000 0.000000 0.000000 0.000000
    131 0.533000 0.511000 -0.841000 0.000000 0.000000 0.000000
    132 0.000000 0.000000 0.000000 0.000000 0.000000 0.000000
    133 -0.106000 0.000000 64.320000 0.000000 0.000000 0.000000
    134 0.000000 0.000000 0.000000 0.000000 0.000000 0.000000
    135 0.000000 0.000000 0.000000 0.009672 0.000384 -0.001103
    136 26.347199 1.539642 0.812597 -0.200916 0.191074 0.241730
    137 0.106000 0.000000 -64.320000 0.000000 0.000000 0.000000
    138 0.000000 0.000000 0.000000 0.000000 0.000000 0.000000
    139 0.000000 0.000000 -4.867002 -3.141592 0.000000 -3.128591
    140 0.000000 0.000000 4.867000 -3.141592 0.000000 -3.128591
    141 4.000000 -6.500000 0.000000 0.000000 0.000000 0.000977
    142 -6.500000 0.000000 0.000000 0.000000 1.570796 0.000000
    143 1.000088 -0.000029 0.000000 0.000000 0.000000 0.000000
    144 17.162516 -0.000404 0.000000 0.000000 0.000000 0.119214
    145 9.999891 -0.000303 0.000000 0.000000 0.000000 0.000000
    146 1.000088 -0.000029 0.000000 0.000000 0.000000 0.000000
    147 17.162516 -0.000404 0.000000 0.000000 0.000000 0.119214
    148 9.499836 0.000212 0.000000 0.000000 0.000000 0.000000
    149 0.000000 0.000000 0.000000 0.000000 0.000000 0.000000
    150 17.749374 0.295515 0.000000 0.000000 0.000000 -1.158958
    151 0.017889 0.299792 0.000000 0.000000 0.000000 -0.059582
    152 12.283573 1.581456 -4.696000 1.462269 -0.086726 0.090185
    153 17.749376 0.295515 0.000000 0.000000 0.000000 -1.158958
    154 0.017889 0.299792 0.000000 0.000000 0.000000 -0.059582
    155 13.354000 0.000000 0.000000 0.000000 0.000000 -0.294101
    156 4.530998 0.000000 0.000000 0.000000 0.000000 0.000000
    157 0.000000 0.000000 0.000000 0.000000 0.000000 0.000000
    158 5.413524 0.000347 0.000000 0.000000 0.000000 -0.518055
    159 5.413524 0.000347 0.000000 0.000000 0.000000 -0.518055
    160 4.662001 -5.366332 4.825191 1.569713 1.561305 -3.121213
    161 3.116966 -0.000443 0.000000 0.000000 0.000000 0.294101
    162 4.531197 0.000000 0.000000 0.000000 0.000000 0.000000
    163 3.512001 -3.547000 -1.066000 0.000000 1.570796 0.000000
    164 3.456001 -3.517000 1.169000 0.000000 1.570796 0.000000
    165 6.233002 0.000000 0.000000 0.000000 0.000000 0.000000
    166 -0.171997 -0.106000 -0.902000 1.570713 1.029176 -3.134550
    167 6.241997 -6.380000 0.062502 -0.001103 -0.009672 -0.000384
    168 3.999434 -0.000528 -0.000332 -0.441086 0.000000 0.000000
    169 3.999901 0.000039 0.001011 0.240487 0.000000 0.000000
    170 1.598000 0.000000 0.000000 0.000000 0.000000 0.000000
    171 -1.145525 0.000130 0.000668 0.000000 0.000000 0.000000
    172 2.299679 -2.499978 -0.599480 0.892021 0.221512 -0.527234
    173 12.276579 -2.113324 1.132571 1.433366 -0.540037 0.040382
    174 -9.580675 -27.862104 -37.184681 0.812874 -0.123459 -0.568474
    175 0.649933 -0.548295 0.093651 -1.665913 -0.131399 -0.112062
    176 0.657078 0.008402 0.040371 -1.665945 -0.131407 -0.000013
    177 0.665776 0.747221 -0.029190 -1.665935 -0.131408 0.094976
    178 2.300137 -2.499413 0.600155 -0.891917 -0.221566 -0.527266
    179 11.962793 0.942966 3.328854 1.764063 -0.255053 0.173401
    180 2.762350 0.116951 1.523975 1.629482 0.064153 1.743800
    181 7.228321 7.928195 -3.925652 2.328643 0.123441 -0.568443
    182 0.650394 -0.547730 -0.092979 1.665913 0.131399 -0.112062
    183 0.657069 0.008399 -0.040379 1.665945 0.131407 -0.000013
    184 0.665772 0.747219 0.029182 1.665935 0.131408 0.094976
    185 -4.481003 -0.202000 0.000000 0.000000 0.000000 0.000000
    186 -5.516998 -0.291000 -0.001000 0.000000 0.000000 0.000000
    187 -0.857695 0.104072 0.104687 0.023536 0.163924 0.013632
    188 1.899119 0.000427 -0.000439 0.027386 -0.033311 0.477848
    189 1.799660 -0.000240 0.000231 0.027386 -0.033311 0.477848
    190 1.799660 -0.000240 0.000231 0.027386 -0.033311 0.477848
    191 1.799660 -0.000240 0.000231 0.027386 -0.033311 0.477848
    192 1.900312 -0.000137 -0.000517 0.027386 -0.033311 0.477848
    193 1.899437 -0.000313 -0.000151 -0.027386 0.033311 0.477848
    194 1.799659 -0.000237 -0.000233 -0.027386 0.033311 0.477848
    195 1.799659 -0.000237 -0.000233 -0.027386 0.033311 0.477848
    196 1.799659 -0.000237 -0.000233 -0.027386 0.033311 0.477848
    197 1.900725 0.000557 -0.000072 -0.027386 0.033311 0.477848
    198 0.599884 0.400188 -0.000027 0.000000 0.000000 0.000000
    199 0.599888 0.400187 0.000031 0.000000 0.000000 -3.141592
    200 0.599503 0.400696 0.000235 0.000000 0.000000 0.000000
    201 0.599983 0.000044 -0.000010 0.000000 0.000000 -3.141592
  time 23
    0 0.000000 0.000000 0.000000 0.000000 0.000000 -1.570796
    1 -0.106323 0.000000 -0.000198 0.000000 0.000000 0.000000
    2 0.000000 0.000000 0.000000 0.000000 0.000000 0.000000
    3 -0.904000 0.000000 -11.806000 0.000000 0.000000 0.000000
    4 0.000000 0.000000 -14.313999 0.000000 -1.570796 1.570857
    5 3.533001 0.000000 0.000000 0.000000 0.000000 0.000000
    6 6.250000 0.000000 0.000000 0.000000 0.000000 0.000000
    7 9.865835 1.597730 -1.904956 -0.153733 1.430549 -0.152444
    8 9.815052 0.996149 4.842558 0.086646 -1.320887 -0.084229
    9 5.786820 0.002787 -0.000113 -0.777029 0.715817 -1.497674
    10 5.999492 -0.000592 -4.000343 0.000000 0.000000 0.000000
    11 5.791316 0.002582 0.000893 0.679066 -0.544380 -1.574817
    12 5.999492 -0.000592 4.000336 0.000000 0.000000 0.000000
    13 0.500225 0.000133 -0.000088 -0.065046 0.000000 0.000000
    14 11.534559 0.000348 -0.001312 -0.000053 0.000057 -1.220920
    15 -0.829338 0.893824 0.079659 -0.148839 0.047645 0.087266
    16 0.500225 0.000132 0.000076 0.133682 0.000000 0.000000
    17 11.536401 0.000526 -0.000089 0.000054 0.000014 -1.346934
    18 -0.829586 0.894698 -0.079464 0.045377 -0.019621 0.087266
    19 10.599884 0.000105 -0.000553 -0.939943 -0.000024 -0.000036
    20 0.232950 -0.341589 -0.000805 0.000000 0.000011 0.610462
    21 11.042057 0.003717 0.004704 -0.952321 -0.166387 0.396216
    22 -1.214832 0.203470 -0.477489 -0.135025 -0.078677 -0.001289
    23 10.599880 0.000105 0.000549 0.576067 -0.000036 0.000000
    24 0.311075 -0.392372 0.000801 -0.000048 0.000073 0.673421
    25 11.041742 0.003171 -0.000571 0.570764 0.504170 0.898032
    26 -1.063377 0.077663 0.150230 0.045121 0.020046 -0.012850
    27 0.610302 -0.939470 0.070343 -1.690405 -0.247293 -0.159365
    28 0.639940 -0.199121 0.060188 -1.667739 -0.235801 -0.056224
    29 0.600155 1.080261 -0.339535 -1.736591 -0.065834 0.091469
    30 0.610207 0.400743 -0.010101 -1.764366 -0.156809 0.061760
    31 0.634715 -0.693997 -0.232343 0.117517 0.134038 -0.893952
    32 -0.792125 0.203736 0.461300 1.439074 -0.003453 -0.018305
    33 0.610300 -0.939469 -0.070351 1.655384 0.140025 -0.175537
    34 0.639937 -0.199121 -0.060200 1.671282 0.183109 -0.036771
    35 0.600157 1.080259 0.339531 1.741685 0.106920 0.153702
    36 0.610205 0.400743 0.010086 1.766615 0.125838 0.080304
    37 0.624002 -0.695300 0.232270 -0.419713 -0.520672 -1.278337
    38 -0.626031 -0.069983 -0.080517 -1.447153 0.086151 0.021559
    39 2.621377 -0.002532 -0.001438 -0.111119 -0.083879 0.348328
    40 2.664743 0.000397 -0.000071 -0.156221 -0.079678 0.475292
    41 2.206394 0.003368 -0.002863 -0.061064 -0.075963 0.231279
    42 0.599952 0.959240 -0.300102 -0.174544 0.000000 0.000000
    43 2.553283 -0.001967 0.006359 0.042080 -0.009781 0.567223
    44 2.095024 -0.003873 -0.006100 -0.283383 -0.153736 0.433552
    45 0.999380 -0.000236 -1.174212 -0.000001 0.000000 0.000000
    46 -0.122639 -0.721856 0.661690 -0.486644 0.223964 0.243056
    47 2.622113 -0.000648 0.006647 0.079326 0.281474 0.162309
    48 2.658203 0.000780 0.000161 0.328288 0.324445 0.981184
    49 2.199219 0.000516 -0.000122 0.262846 0.022920 1.089811
    50 0.599951 0.959244 0.300102 0.174544 0.000000 0.000000
    51 2.558594 -0.000149 -0.000031 0.266888 0.214957 1.052934
    52 2.103851 0.005614 -0.001014 0.500596 -0.388537 0.629166
    53 0.999374 -0.000237 1.139047 0.000048 0.000000 0.736314
    54 0.310846 -0.606445 -0.498005 0.308107 -0.197598 0.313976
    55 1.869163 -0.000835 -0.004901 -0.000019 0.000004 0.379137
    56 1.200941 0.399582 -0.000237 -0.009465 0.016087 0.007127
    57 0.000586 0.100342 -0.000319 -0.120035 -0.021926 -0.209617
    58 -0.161663 0.051712 0.194808 -2.941982 0.122408 -0.060194
    59 2.010092 -0.003202 -0.003377 0.000018 0.000013 0.615527
    60 0.000240 0.099802 -0.000395 -0.018823 0.010833 -0.239219
    61 -0.203197 0.048607 0.069150 -3.093332 0.033217 -0.046722
    62 1.180428 -0.006214 0.000780 -0.000014 0.000000 0.873361
    63 -0.000196 0.099625 -0.000034 0.000000 0.000000 -0.314102
    64 -0.088736 -0.688435 -0.145203 2.930407 -0.136130 0.513013
    65 1.715976 -0.003328 0.003818 0.000023 -0.000021 0.677486
    66 -0.000580 0.100145 -0.000311 -0.010914 0.023131 -0.260841
    67 -0.146030 -0.232426 -0.014225 3.028455 -0.094299 0.113020
    68 1.290632 0.000362 -0.000032 0.000000 0.000000 -0.202326
    69 -0.658121 -0.003575 0.072645 -0.142711 0.027792 -0.077299
    70 1.868080 -0.003049 0.006083 0.000003 -0.000021 0.359082
    71 1.200079 0.399944 -0.000093 0.009465 -0.016087 0.007127
    72 0.000591 0.100342 0.000319 0.120035 0.021926 -0.209617
    73 0.068077 0.002285 -0.080050 3.111376 -0.069366 -0.060847
    74 2.007813 -0.000882 -0.000381 0.000049 -0.000037 1.297777
    75 0.000229 0.099802 0.000395 0.018823 -0.010833 -0.239219
    76 -0.018673 -0.001009 0.047544 3.109244 0.002635 -0.106673
    77 1.178665 0.001595 0.000845 -0.000038 0.000078 0.669112
    78 -0.000198 0.099628 0.000034 0.000000 0.000000 -0.314102
    79 0.036892 -0.634449 0.266284 -2.801062 0.174301 0.490914
    80 1.708008 0.000721 0.000200 0.000000 0.000000 1.071623
    81 -0.000576 0.100136 0.000311 0.010912 -0.023129 -0.260841
    82 -0.003952 -0.281811 0.115047 -3.059162 0.089004 0.167964
    83 1.289627 0.003949 0.000061 -0.000014 0.000003 0.094953
    84 -0.171528 -0.018148 -0.099873 0.013484 -0.062184 -0.011780
    85 0.912716 0.007240 0.001326 0.000042 0.000021 0.220265
    86 -0.342617 0.053404 -0.025571 -2.909301 -0.017248 0.075276
    87 1.100231 -0.000930 -0.002434 0.000009 0.000014 0.162188
    88 -0.384983 0.330998 0.006848 -3.087207 -0.018765 -0.184279
    89 0.678146 0.006192 0.000002 -0.000018 -0.000019 0.448042
    90 -0.123848 0.072737 0.029507 2.898184 -0.060627 0.094834
    91 1.017166 -0.000154 -0.000252 0.000037 -0.000026 0.340524
    92 -0.344986 0.123129 0.143151 2.994981 0.012396 0.059140
    93 -0.730988 0.177046 0.039141 -0.123731 0.076518 -0.084310
    94 0.925900 0.001298 -0.000896 -0.000002 -0.000011 0.097437
    95 -0.124027 -0.052092 0.038496 3.077813 -0.008519 0.039229
    96 1.100430 -0.003552 0.000503 -0.000042 0.000030 0.904181
    97 -0.330082 0.160641 0.042780 3.128073 0.034033 -0.171236
    98 0.675854 0.001531 0.003272 0.000002 0.000003 0.945893
    99 -0.019516 -0.016531 0.038578 -2.763781 0.050305 0.076828
    100 1.018555 -0.000026 -0.000397 0.000000 0.000000 0.984486
    101 -0.155312 0.130643 -0.021921 -3.022466 0.022433 -0.024903
    102 -0.252209 0.061937 -0.024914 -0.007671 -0.063171 -0.044392
    103 -0.085991 0.185203 -0.015180 -2.937063 -0.113970 -0.138991
    104 -0.286537 0.179852 0.024264 -3.109353 -0.049645 -0.029915
    105 -0.019489 0.147084 0.079203 2.893815 0.038585 -0.060594
    106 -0.046482 0.251898 0.129548 3.016165 0.077112 -0.042864
    107 0.039120 -0.040298 0.047739 3.084219 0.030470 -0.037414
    108 -0.233757 0.066630 0.001754 -3.133086 0.040141 -0.065413
    109 0.044266 0.020128 0.001684 -2.778763 -0.118872 -0.040488
    110 0.071495 0.074127 -0.048302 -3.035917 -0.059482 0.104366
    111 0.000000 0.000000 0.000000 0.000000 0.000000 -1.570796
    112 16.992706 -0.582049 -7.031465 -0.237451 0.150868 0.202190
    113 0.484390 6.433790 -3.226661 0.273610 -0.676309 -1.363674
    114 -1.542000 0.000000 1.810000 0.000000 0.000000 0.000000
    115 5.561000 0.000000 1.165000 0.000000 0.000000 0.000000
    116 -1.912000 0.003000 0.278000 0.000000 0.000000 0.000000
    117 1.947000 -0.003000 -0.278000 0.000000 0.000000 0.000000
    118 -3.830000 0.003000 0.015000 0.000000 0.000000 0.000000
    119 -2.941000 -0.003000 0.381000 0.000000 0.000000 0.000000
    120 -2.941000 -0.003000 0.381000 0.000000 0.000000 0.000000
    121 -0.070000 -0.003000 0.481000 0.000000 0.000000 0.000000
    122 1.771000 -0.314000 1.250000 0.000000 0.000000 -1.570796
    123 3.818000 0.000000 -0.014000 0.000000 0.000000 0.000000
    124 -0.470000 0.000000 -3.437000 0.000000 0.000000 0.000000
    125 -0.024000 0.000000 3.200000 0.000000 0.305210 0.000000
    126 -0.055985 0.000000 1.166089 0.000000 -0.382459 0.000000
    127 -7.215626 17.898984 -53.051717 0.263289 -0.095927 -0.232706
    128 -2.238000 0.000000 -3.188000 0.000000 0.000000 0.000000
    129 3.319000 0.000000 3.458000 0.000000 -0.159168 0.000000
    130 0.000000 0.000000 0.000000 0.000000 0.000000 0.000000
    131 0.533000 0.511000 -0.841000 0.000000 0.000000 0.000000
    132 0.000000 0.000000 0.000000 0.000000 0.000000 0.000000
    133 -0.106000 0.000000 64.320000 0.000000 0.000000 0.000000
    134 0.000000 0.000000 0.000000 0.000000 0.000000 0.000000
    135 0.000000 0.000000 0.000000 0.004746 0.001654 -0.001474
    136 26.390169 0.836496 2.293111 -0.237554 0.150903 0.202022
    137 0.106000 0.000000 -64.320000 0.000000 0.000000 0.000000
    138 0.000000 0.000000 0.000000 0.000000 0.000000 0.000000
    139 0.000000 0.000000 -4.867002 -3.141592 0.000000 -3.128591
    140 0.000000 0.000000 4.867000 -3.141592 0.000000 -3.128591
    141 4.000000 -6.500000 0.000000 0.000000 0.000000 0.000977
    142 -6.500000 0.000000 0.000000 0.000000 1.570796 0.000000
    143 1.000088 -0.000029 0.000000 0.000000 0.000000 0.000000
    144 17.162516 -0.000404 0.000000 0.000000 0.000000 0.119214
    145 9.999891 -0.000303 0.000000 0.000000 0.000000 0.000000
    146 1.000088 -0.000029 0.000000 0.000000 0.000000 0.000000
    147 17.162516 -0.000404 0.000000 0.000000 0.000000 0.119214
    148 9.499836 0.000212 0.000000 0.000000 0.000000 0.000000
    149 0.000000 0.000000 0.000000 0.000000 0.000000 0.000000
    150 17.749374 0.295515 0.000000 0.000000 0.000000 -1.158958
    151 0.017889 0.299792 0.000000 0.000000 0.000000 -0.059582
    152 12.283573 1.581456 -4.696000 1.462269 -0.086726 0.090185
    153 17.749376 0.295515 0.000000 0.000000 0.000000 -1.158958
    154 0.017889 0.299792 0.000000 0.000000 0.000000 -0.059582
    155 13.354000 0.000000 0.000000 0.000000 0.000000 -0.294101
    156 4.530998 0.000000 0.000000 0.000000 0.000000 0.000000
    157 0.000000 0.000000 0.000000 0.000000 0.000000 0.000000
    158 5.413524 0.000347 0.000000 0.000000 0.000000 -0.518055
    159 5.413524 0.000347 0.000000 0.000000 0.000000 -0.518055
    160 4.662001 -5.366332 4.825191 1.569713 1.561305 -3.121213
    161 3.116966 -0.000443 0.000000 0.000000 0.000000 0.294101
    162 4.531197 0.000000 0.000000 0.000000 0.000000 0.000000
    163 3.512001 -3.547000 -1.066000 0.000000 1.570796 0.000000
    164 3.456001 -3.517000 1.169000 0.000000 1.570796 0.000000
    165 6.233002 0.000000 0.000000 0.000000 0.000000 0.000000
    166 -0.171997 -0.106000 -0.902000 1.570713 1.029176 -3.134550
    167 6.238090 -6.380000 0.039064 -0.001474 -0.004746 -0.001654
    168 3.999434 -0.000528 -0.000332 -0.469969 0.000000 0.000000
    169 3.999901 0.000039 0.001011 0.287940 -0.000036 -0.000060
    170 1.598000 0.000000 0.000000 0.000000 0.000000 0.000000
    171 -1.145525 0.000130 0.000668 0.000000 0.000000 0.000000
    172 2.299679 -2.499978 -0.599480 0.892021 0.221512 -0.527234
    173 10.878098 -2.312549 2.253699 1.536308 -0.577882 0.003930
    174 -9.580675 -27.862104 -37.184681 0.812874 -0.123459 -0.568474
    175 0.649933 -0.548295 0.093651 -1.665913 -0.131399 -0.112062
    176 0.657078 0.008402 0.040371 -1.665945 -0.131407 -0.000013
    177 0.665776 0.747221 -0.029190 -1.665935 -0.131408 0.094976
    178 2.300137 -2.499413 0.600155 -0.891917 -0.221566 -0.527266
    179 11.962793 0.942966 3.328854 1.764063 -0.255053 0.173401
    180 2.762350 0.116951 1.523975 1.629482 0.064153 1.743800
    181 7.228321 7.928195 -3.925652 2.328643 0.123441 -0.568443
    182 0.650394 -0.547730 -0.092979 1.665913 0.131399 -0.112062
    183 0.657069 0.008399 -0.040379 1.665945 0.131407 -0.000013
    184 0.665772 0.747219 0.029182 1.665935 0.131408 0.094976
    185 -4.481003 -0.202000 0.000000 0.000000 0.000000 0.000000
    186 -5.516998 -0.291000 -0.001000 0.000000 0.000000 0.000000
    187 -0.857695 0.104072 0.104687 0.023536 0.163924 0.013632
    188 1.899119 0.000427 -0.000439 0.027386 -0.033311 0.477848
    189 1.799660 -0.000240 0.000231 0.027386 -0.033311 0.477848
    190 1.799660 -0.000240 0.000231 0.027386 -0.033311 0.477848
    191 1.799660 -0.000240 0.000231 0.027386 -0.033311 0.477848
    192 1.900312 -0.000137 -0.000517 0.027386 -0.033311 0.477848
    193 1.899437 -0.000313 -0.000151 -0.027386 0.033311 0.477848
    194 1.799659 -0.000237 -0.000233 -0.027386 0.033311 0.477848
    195 1.799659 -0.000237 -0.000233 -0.027386 0.033311 0.477848
    196 1.799659 -0.000237 -0.000233 -0.027386 0.033311 0.477848
    197 1.900725 0.000557 -0.000072 -0.027386 0.033311 0.477848
    198 0.599884 0.400188 -0.000027 0.000000 0.000000 0.000000
    199 0.599888 0.400187 0.000031 0.000000 0.000000 -3.141592
    200 0.599503 0.400696 0.000235 0.000000 0.000000 0.000000
    201 0.599983 0.000044 -0.000010 0.000000 0.000000 -3.141592
  time 24
    0 0.000000 0.000000 0.000000 0.000000 0.000000 -1.570796
    1 -0.106323 0.000000 -0.000198 0.000000 0.000000 0.000000
    2 0.000000 0.000000 0.000000 0.000000 0.000000 0.000000
    3 -0.904000 0.000000 -11.806000 0.000000 0.000000 0.000000
    4 0.000000 0.000000 -14.313999 0.000000 -1.570796 1.570857
    5 3.533001 0.000000 0.000000 0.000000 0.000000 0.000000
    6 6.250000 0.000000 0.000000 0.000000 0.000000 0.000000
    7 9.846303 1.617262 -1.901050 -0.154258 1.431352 -0.152966
    8 9.943962 0.632857 5.998843 0.082511 -1.307951 -0.079971
    9 5.790726 0.002787 -0.000113 -0.845588 0.648751 -1.614879
    10 5.999492 -0.000592 -4.000343 0.000000 0.000000 0.000000
    11 5.791316 0.002582 0.000893 0.730639 -0.511047 -1.646068
    12 5.999492 -0.000592 4.000336 0.000000 0.000000 0.000000
    13 0.500225 0.000133 -0.000088 -0.041397 0.000000 -0.000012
    14 11.534559 0.004255 -0.001312 -0.000065 -0.000027 -1.109121
    15 -0.829338 0.893824 0.079659 -0.148839 0.047645 0.087266
    16 0.500225 0.000132 0.000076 0.108058 0.000000 0.000000
    17 11.532495 0.004432 -0.000089 -0.000042 -0.000058 -1.363882
    18 -0.829586 0.894698 -0.079464 0.045377 -0.019621 0.087266
    19 10.599884 0.000105 -0.000553 -0.944711 0.000000 -0.000036
    20 0.201699 -0.322057 -0.000805 0.000000 0.000011 0.554582
    21 11.042057 -0.000189 0.000798 -0.976714 -0.205983 0.315281
    22 -1.214832 0.203470 -0.477489 -0.135025 -0.078677 -0.001289
    23 10.599880 0.000105 0.000549 0.546005 0.000036 0.000072
    24 0.318888 -0.396278 0.000801 0.000000 -0.000023 0.681974
    25 11.041742 0.003171 -0.000571 0.533339 0.565358 0.978498
    26 -1.063377 0.077663 0.150230 0.045121 0.020046 -0.012850
    27 0.610302 -0.939470 0.070343 -1.703994 -0.276763 -0.154056
    28 0.639940 -0.199121 0.060188 -1.668604 -0.264480 -0.053312
    29 0.600155 1.080261 -0.339535 -1.735159 -0.088617 0.083667
    30 0.610207 0.400743 -0.010101 -1.765119 -0.182372 0.066625
    31 0.634715 -0.693997 -0.236250 0.074432 0.041436 -0.867624
    32 -0.792125 0.203736 0.461300 1.439074 -0.003453 -0.018305
    33 0.610300 -0.939469 -0.070351 1.655384 0.140025 -0.175537
    34 0.639937 -0.199121 -0.060200 1.671282 0.183109 -0.036771
    35 0.600157 1.080259 0.339531 1.741685 0.106920 0.153702
    36 0.610205 0.400743 0.010086 1.766615 0.125838 0.080304
    37 0.624002 -0.695300 0.232270 -0.310294 -0.506425 -1.380391
    38 -0.626031 -0.069983 -0.080517 -1.447153 0.086151 0.021559
    39 2.625284 -0.002532 -0.001438 -0.161609 -0.076502 0.324174
    40 2.664743 0.000397 -0.000071 -0.225876 -0.110155 0.399784
    41 2.206394 0.003368 -0.006769 -0.028550 -0.153893 -0.031738
    42 0.599952 0.959240 -0.300102 -0.174544 0.000000 0.000000
    43 2.557190 -0.001967 0.006359 0.059303 -0.033810 0.459631
    44 2.095024 -0.003873 -0.006100 -0.315789 -0.316725 0.396268
    45 0.999380 -0.000236 -1.170306 -0.000001 0.000000 0.000000
    46 -0.122639 -0.721856 0.661690 -0.486644 0.223964 0.243056
    47 2.622113 -0.000648 0.002741 0.067755 0.331102 0.172068
    48 2.658203 0.000780 0.000161 0.328288 0.324445 0.981184
    49 2.199219 0.000516 -0.000122 0.262846 0.022920 1.089811
    50 0.599951 0.959244 0.300102 0.174544 0.000000 0.000000
    51 2.558594 -0.000149 -0.000031 0.266888 0.214957 1.052934
    52 2.103851 0.001708 -0.001014 0.510617 -0.375342 0.596367
    53 0.999374 -0.000237 1.103890 0.000048 0.000000 0.736314
    54 0.310846 -0.606445 -0.498005 0.308107 -0.197598 0.313976
    55 1.869163 -0.000835 -0.000994 0.000053 0.000004 0.210285
    56 1.200941 0.399582 -0.000237 -0.009465 0.016087 0.007127
    57 0.000586 0.100342 -0.000319 -0.120035 -0.021926 -0.209617
    58 -0.161663 0.051712 0.194808 -2.941982 0.122408 -0.060194
    59 2.010092 -0.007109 -0.003377 0.000018 0.000013 0.450086
    60 0.000240 0.099802 -0.000395 -0.018823 0.010833 -0.239219
    61 -0.203197 0.048607 0.069150 -3.093332 0.033217 -0.046722
    62 1.180428 -0.006214 0.000780 -0.000014 0.000000 0.920439
    63 -0.000196 0.099625 -0.000034 0.000000 0.000000 -0.314102
    64 -0.088736 -0.688435 -0.145203 2.930407 -0.136130 0.513013
    65 1.715976 -0.003328 0.003818 0.000035 0.000039 0.603464
    66 -0.000580 0.100145 -0.000311 -0.010914 0.023131 -0.260841
    67 -0.146030 -0.232426 -0.014225 3.028455 -0.094299 0.113020
    68 1.290632 0.000362 -0.000032 0.000000 0.000000 -0.345056
    69 -0.658121 -0.003575 0.072645 -0.142711 0.027792 -0.077299
    70 1.868080 -0.003049 0.006083 -0.000009 -0.000081 0.438104
    71 1.200079 0.399944 -0.000093 0.009465 -0.016087 0.007127
    72 0.000591 0.100342 0.000319 0.120035 0.021926 -0.209617
    73 0.068077 0.002285 -0.080050 3.111376 -0.069366 -0.060847
    74 2.007813 -0.000882 -0.000381 0.000049 -0.000037 1.297777
    75 0.000229 0.099802 0.000395 0.018823 -0.010833 -0.239219
    76 -0.018673 -0.001009 0.047544 3.109244 0.002635 -0.106673
    77 1.178665 0.001595 0.000845 -0.000038 0.000078 0.669112
    78 -0.000198 0.099628 0.000034 0.000000 0.000000 -0.314102
    79 0.036892 -0.634449 0.266284 -2.801062 0.174301 0.490914
    80 1.708008 0.000721 0.000200 0.000000 0.000000 1.071623
    81 -0.000576 0.100136 0.000311 0.010912 -0.023129 -0.260841
    82 -0.003952 -0.281811 0.115047 -3.059162 0.089004 0.167964
    83 1.289627 0.003949 0.000061 -0.000014 0.000003 -0.127266
    84 -0.171528 -0.018148 -0.099873 0.013484 -0.062184 -0.011780
    85 0.912716 0.007240 0.001326 0.000042 0.000009 0.219279
    86 -0.342617 0.053404 -0.025571 -2.909301 -0.017248 0.075276
    87 1.100231 -0.000930 -0.002434 0.000009 0.000014 0.102423
    88 -0.384983 0.330998 0.006848 -3.087207 -0.018765 -0.184279
    89 0.678146 0.002286 -0.003905 -0.000018 -0.000019 0.273534
    90 -0.123848 0.072737 0.029507 2.898184 -0.060627 0.094834
    91 1.017166 -0.000154 -0.000252 -0.000023 -0.000014 0.279207
    92 -0.344986 0.123129 0.143151 2.994981 0.012396 0.059140
    93 -0.730988 0.177046 0.039141 -0.123731 0.076518 -0.084310
    94 0.925900 0.001298 -0.000896 -0.000002 -0.000011 0.323645
    95 -0.124027 -0.052092 0.038496 3.077813 -0.008519 0.039229
    96 1.100430 -0.007458 0.000503 -0.000042 0.000030 0.904181
    97 -0.330082 0.160641 0.042780 3.128073 0.034033 -0.171236
    98 0.675854 0.001531 0.003272 0.000002 0.000003 0.945893
    99 -0.019516 -0.016531 0.038578 -2.763781 0.050305 0.076828
    100 1.018555 -0.000026 -0.000397 0.000000 0.000000 0.984486
    101 -0.155312 0.130643 -0.021921 -3.022466 0.022433 -0.024903
    102 -0.252209 0.061937 -0.024914 -0.007671 -0.063171 -0.044392
    103 -0.085991 0.185203 -0.015180 -2.937063 -0.113970 -0.138991
    104 -0.286537 0.179852 0.024264 -3.109353 -0.049645 -0.029915
    105 -0.019489 0.147084 0.079203 2.893815 0.038585 -0.060594
    106 -0.046482 0.251898 0.129548 3.016165 0.077112 -0.042864
    107 0.039120 -0.040298 0.047739 3.084219 0.030470 -0.037414
    108 -0.233757 0.066630 0.001754 -3.133086 0.040141 -0.065413
    109 0.044266 0.020128 0.001684 -2.778763 -0.118872 -0.040488
    110 0.071495 0.074127 -0.048302 -3.035917 -0.059482 0.104366
    111 0.000000 0.000000 0.000000 0.000000 0.000000 -1.570796
    112 16.805200 -0.875027 -6.039247 -0.269675 0.112191 0.162481
    113 1.097690 6.711142 -3.312601 0.230796 -0.714317 -1.371479
    114 -1.542000 0.000000 1.810000 0.000000 0.000000 0.000000
    115 5.561000 0.000000 1.165000 0.000000 0.000000 0.000000
    116 -1.912000 0.003000 0.278000 0.000000 0.000000 0.000000
    117 1.947000 -0.003000 -0.278000 0.000000 0.000000 0.000000
    118 -3.830000 0.003000 0.015000 0.000000 0.000000 0.000000
    119 -2.941000 -0.003000 0.381000 0.000000 0.000000 0.000000
    120 -2.941000 -0.003000 0.381000 0.000000 0.000000 0.000000
    121 -0.070000 -0.003000 0.481000 0.000000 0.000000 0.000000
    122 1.771000 -0.314000 1.250000 0.000000 0.000000 -1.570796
    123 3.818000 0.000000 -0.014000 0.000000 0.000000 0.000000
    124 -0.470000 0.000000 -3.437000 0.000000 0.000000 0.000000
    125 -0.024000 0.000000 3.200000 0.000000 0.305210 0.000000
    126 -0.055985 0.000000 1.166089 0.000000 -0.382459 0.000000
    127 -9.289908 19.520127 -53.149376 0.284481 -0.063261 -0.186821
    128 -2.238000 0.000000 -3.188000 0.000000 0.000000 0.000000
    129 3.319000 0.000000 3.458000 0.000000 -0.159168 0.000000
    130 0.000000 0.000000 0.000000 0.000000 0.000000 0.000000
    131 0.533000 0.511000 -0.841000 0.000000 0.000000 0.000000
    132 0.000000 0.000000 0.000000 0.000000 0.000000 0.000000
    133 -0.106000 0.000000 64.320000 0.000000 0.000000 0.000000
    134 0.000000 0.000000 0.000000 0.000000 0.000000 0.000000
    135 0.000000 0.000000 0.000000 -0.000180 0.002912 -0.001882
    136 26.347199 0.184132 3.617370 -0.269901 0.112182 0.162594
    137 0.106000 0.000000 -64.320000 0.000000 0.000000 0.000000
    138 0.000000 0.000000 0.000000 0.000000 0.000000 0.000000
    139 0.000000 0.000000 -4.867002 -3.141592 0.000000 -3.128591
    140 0.000000 0.000000 4.867000 -3.141592 0.000000 -3.128591
    141 4.000000 -6.500000 0.000000 0.000000 0.000000 0.000977
    142 -6.500000 0.000000 0.000000 0.000000 1.570796 0.000000
    143 1.000088 -0.000029 0.000000 0.000000 0.000000 0.000000
    144 17.162516 -0.000404 0.000000 0.000000 0.000000 0.119214
    145 9.999891 -0.000303 0.000000 0.000000 0.000000 0.000000
    146 1.000088 -0.000029 0.000000 0.000000 0.000000 0.000000
    147 17.162516 -0.000404 0.000000 0.000000 0.000000 0.119214
    148 9.499836 0.000212 0.000000 0.000000 0.000000 0.000000
    149 0.000000 0.000000 0.000000 0.000000 0.000000 0.000000
    150 17.749374 0.295515 0.000000 0.000000 0.000000 -1.158958
    151 0.017889 0.299792 0.000000 0.000000 0.000000 -0.059582
    152 12.283573 1.581456 -4.696000 1.462269 -0.086726 0.090185
    153 17.749376 0.295515 0.000000 0.000000 0.000000 -1.158958
    154 0.017889 0.299792 0.000000 0.000000 0.000000 -0.059582
    155 13.354000 0.000000 0.000000 0.000000 0.000000 -0.294101
    156 4.530998 0.000000 0.000000 0.000000 0.000000 0.000000
    157 0.000000 0.000000 0.000000 0.000000 0.000000 0.000000
    158 5.413524 0.000347 0.000000 0.000000 0.000000 -0.518055
    159 5.413524 0.000347 0.000000 0.000000 0.000000 -0.518055
    160 4.662001 -5.366332 4.825191 1.569713 1.561305 -3.121213
    161 3.116966 -0.000443 0.000000 0.000000 0.000000 0.294101
    162 4.531197 0.000000 0.000000 0.000000 0.000000 0.000000
    163 3.512001 -3.547000 -1.066000 0.000000 1.570796 0.000000
    164 3.456001 -3.517000 1.169000 0.000000 1.570796 0.000000
    165 6.233002 0.000000 0.000000 0.000000 0.000000 0.000000
    166 -0.171997 -0.106000 -0.902000 1.570713 1.029176 -3.134550
    167 6.234184 -6.391719 0.007813 -0.001882 0.000180 -0.002912
    168 3.999434 -0.000528 -0.000332 -0.472350 0.000012 0.000000
    169 3.999901 0.000039 0.001011 0.272965 0.000000 0.000000
    170 1.598000 0.000000 0.000000 0.000000 0.000000 0.000000
    171 -1.145525 0.000130 0.000668 0.000000 0.000000 0.000000
    172 2.299679 -2.499978 -0.599480 0.892021 0.221512 -0.527234
    173 10.319488 -2.867253 2.745902 1.587445 -0.581414 -0.000448
    174 -9.580675 -27.862104 -37.184681 0.812874 -0.123459 -0.568474
    175 0.649933 -0.548295 0.093651 -1.665913 -0.131399 -0.112062
    176 0.657078 0.008402 0.040371 -1.665945 -0.131407 -0.000013
    177 0.665776 0.747221 -0.029190 -1.665935 -0.131408 0.094976
    178 2.300137 -2.499413 0.600155 -0.891917 -0.221566 -0.527266
    179 11.962793 0.942966 3.328854 1.764063 -0.255053 0.173401
    180 2.762350 0.116951 1.523975 1.629482 0.064153 1.743800
    181 7.228321 7.928195 -3.925652 2.328643 0.123441 -0.568443
    182 0.650394 -0.547730 -0.092979 1.665913 0.131399 -0.112062
    183 0.657069 0.008399 -0.040379 1.665945 0.131407 -0.000013
    184 0.665772 0.747219 0.029182 1.665935 0.131408 0.094976
    185 -4.481003 -0.202000 0.000000 0.000000 0.000000 0.000000
    186 -5.516998 -0.291000 -0.001000 0.000000 0.000000 0.000000
    187 -0.857695 0.104072 0.104687 0.023536 0.163924 0.013632
    188 1.899119 0.000427 -0.000439 0.027386 -0.033311 0.477848
    189 1.799660 -0.000240 0.000231 0.027386 -0.033311 0.477848
    190 1.799660 -0.000240 0.000231 0.027386 -0.033311 0.477848
    191 1.799660 -0.000240 0.000231 0.027386 -0.033311 0.477848
    192 1.900312 -0.000137 -0.000517 0.027386 -0.033311 0.477848
    193 1.899437 -0.000313 -0.000151 -0.027386 0.033311 0.477848
    194 1.799659 -0.000237 -0.000233 -0.027386 0.033311 0.477848
    195 1.799659 -0.000237 -0.000233 -0.027386 0.033311 0.477848
    196 1.799659 -0.000237 -0.000233 -0.027386 0.033311 0.477848
    197 1.900725 0.000557 -0.000072 -0.027386 0.033311 0.477848
    198 0.599884 0.400188 -0.000027 0.000000 0.000000 0.000000
    199 0.599888 0.400187 0.000031 0.000000 0.000000 -3.141592
    200 0.599503 0.400696 0.000235 0.000000 0.000000 0.000000
    201 0.599983 0.000044 -0.000010 0.000000 0.000000 -3.141592
  time 25
    0 0.000000 0.000000 0.000000 0.000000 0.000000 -1.570796
    1 -0.106323 0.000000 -0.000198 0.000000 0.000000 0.000000
    2 0.000000 0.000000 0.000000 0.000000 0.000000 0.000000
    3 -0.904000 0.000000 -11.806000 0.000000 0.000000 0.000000
    4 0.000000 0.000000 -14.313999 0.000000 -1.570796 1.570857
    5 3.533001 0.000000 0.000000 0.000000 0.000000 0.000000
    6 6.250000 0.000000 0.000000 0.000000 0.000000 0.000000
    7 9.568951 1.914146 -1.819016 -0.161433 1.437255 -0.160107
    8 10.061153 0.472696 6.471514 0.078778 -1.295091 -0.076052
    9 5.790726 0.002787 -0.000113 -0.879903 0.594210 -1.667292
    10 5.999492 -0.000592 -4.000343 0.000000 0.000000 0.000000
    11 5.791316 0.002582 0.004799 0.805213 -0.511336 -1.692472
    12 5.999492 -0.000592 4.000336 0.000000 0.000000 0.000000
    13 0.500225 0.000133 -0.000088 -0.017748 0.000000 -0.000060
    14 11.534559 0.004255 -0.001312 -0.000017 0.000009 -1.054199
    15 -0.829338 0.893824 0.079659 -0.148839 0.047645 0.087266
    16 0.500225 0.000132 0.000076 0.063103 -0.000048 0.000000
    17 11.532495 0.004432 -0.000089 0.000042 -0.000058 -1.395211
    18 -0.829586 0.894698 -0.079464 0.045377 -0.019621 0.087266
    19 10.599884 0.000105 -0.000553 -0.949478 0.000036 -0.000024
    20 0.170448 -0.294713 -0.000805 0.000060 -0.000013 0.527038
    21 11.042057 -0.000189 0.000798 -0.982457 -0.212854 0.300929
    22 -1.214832 0.203470 -0.477489 -0.135025 -0.078677 -0.001289
    23 10.599880 0.000105 0.000549 0.466809 0.000000 0.000000
    24 0.318888 -0.400185 0.000801 0.000012 0.000049 0.697494
    25 11.041742 0.003171 -0.000571 0.446837 0.624043 1.006138
    26 -1.063377 0.077663 0.150230 0.045121 0.020046 -0.012850
    27 0.610302 -0.939470 0.070343 -1.709854 -0.288604 -0.151743
    28 0.639940 -0.199121 0.060188 -1.668858 -0.275818 -0.052185
    29 0.600155 1.080261 -0.339535 -1.734416 -0.097641 0.080276
    30 0.610207 0.400743 -0.010101 -1.765549 -0.192535 0.068747
    31 0.630809 -0.693997 -0.232343 0.056395 -0.047087 -0.841174
    32 -0.792125 0.203736 0.461300 1.439074 -0.003453 -0.018305
    33 0.610300 -0.939469 -0.070351 1.655384 0.140025 -0.175537
    34 0.639937 -0.199121 -0.060200 1.671282 0.183109 -0.036771
    35 0.600157 1.080259 0.339531 1.741685 0.106920 0.153702
    36 0.610205 0.400743 0.010086 1.766615 0.125838 0.080304
    37 0.624002 -0.695300 0.232270 -0.421952 -0.598433 -1.147547
    38 -0.626031 -0.069983 -0.080517 -1.447153 0.086151 0.021559
    39 2.621377 -0.002532 -0.005345 -0.214602 -0.073402 0.314100
    40 2.664743 0.000397 -0.000071 -0.271898 -0.123015 0.368033
    41 2.206394 0.003368 -0.006769 -0.015451 -0.186647 -0.142111
    42 0.599952 0.959240 -0.300102 -0.174544 0.000000 0.000000
    43 2.557190 -0.001967 0.006359 0.066339 -0.043841 0.414664
    44 2.095024 -0.003873 -0.002193 -0.332712 -0.384154 0.384322
    45 0.999380 -0.000236 -1.182025 -0.000001 0.000000 0.000000
    46 -0.122639 -0.721856 0.661690 -0.486644 0.223964 0.243056
    47 2.622113 -0.000648 0.006647 0.056010 0.387849 0.186730
    48 2.658203 0.000780 0.000161 0.328288 0.324445 0.981184
    49 2.199219 0.000516 -0.000122 0.262846 0.022920 1.089811
    50 0.599951 0.959244 0.300102 0.174544 0.000000 0.000000
    51 2.558594 -0.000149 -0.000031 0.266888 0.214957 1.052934
    52 2.103851 0.005614 -0.001014 0.515627 -0.368379 0.578733
    53 0.999374 -0.000237 1.213268 0.000048 0.000000 0.736314
    54 0.310846 -0.606445 -0.498005 0.308107 -0.197598 0.313976
    55 1.873069 -0.000835 -0.000994 -0.000007 0.000004 0.141149
    56 1.200941 0.399582 -0.000237 -0.009465 0.016087 0.007127
    57 0.000586 0.100342 -0.000319 -0.120035 -0.021926 -0.209617
    58 -0.161663 0.051712 0.194808 -2.941982 0.122408 -0.060194
    59 2.010092 -0.007109 -0.007284 0.000018 0.000013 0.382050
    60 0.000240 0.099802 -0.000395 -0.018823 0.010833 -0.239219
    61 -0.203197 0.048607 0.069150 -3.093332 0.033217 -0.046722
    62 1.180428 -0.006214 0.000780 -0.000014 0.000000 0.940316
    63 -0.000196 0.099625 -0.000034 0.000000 0.000000 -0.314102
    64 -0.088736 -0.688435 -0.145203 2.930407 -0.136130 0.513013
    65 1.712069 0.000578 0.003818 -0.000037 0.000003 0.573058
    66 -0.000580 0.100145 -0.000311 -0.010914 0.023131 -0.260841
    67 -0.146030 -0.232426 -0.014225 3.028455 -0.094299 0.113020
    68 1.290632 0.000362 -0.000032 0.000000 0.000000 -0.403159
    69 -0.658121 -0.003575 0.072645 -0.142711 0.027792 -0.077299
    70 1.868080 -0.003049 0.006083 0.000003 -0.000021 0.532509
    71 1.200079 0.399944 -0.000093 0.009465 -0.016087 0.007127
    72 0.000591 0.100342 0.000319 0.120035 0.021926 -0.209617
    73 0.068077 0.002285 -0.080050 3.111376 -0.069366 -0.060847
    74 2.007813 -0.000882 -0.000381 0.000049 -0.000037 1.297777
    75 0.000229 0.099802 0.000395 0.018823 -0.010833 -0.239219
    76 -0.018673 -0.001009 0.047544 3.109244 0.002635 -0.106673
    77 1.178665 0.001595 0.000845 -0.000038 0.000078 0.669112
    78 -0.000198 0.099628 0.000034 0.000000 0.000000 -0.314102
    79 0.036892 -0.634449 0.266284 -2.801062 0.174301 0.490914
    80 1.708008 0.000721 0.000200 0.000000 0.000000 1.071623
    81 -0.000576 0.100136 0.000311 0.010912 -0.023129 -0.260841
    82 -0.003952 -0.281811 0.115047 -3.059162 0.089004 0.167964
    83 1.289627 0.003949 0.000061 -0.000061 -0.000045 -0.247046
    84 -0.171528 -0.018148 -0.099873 0.013484 -0.062184 -0.011780
    85 0.916622 0.007240 0.001326 0.000066 0.000009 0.218292
    86 -0.342617 0.053404 -0.025571 -2.909301 -0.017248 0.075276
    87 1.100231 -0.000930 -0.002434 0.000009 -0.000046 0.079300
    88 -0.384983 0.330998 0.006848 -3.087207 -0.018765 -0.184279
    89 0.678146 0.006192 0.000002 0.000054 -0.000019 0.201733
    90 -0.123848 0.072737 0.029507 2.898184 -0.060627 0.094834
    91 1.017166 -0.000154 -0.000252 -0.000011 0.000046 0.255326
    92 -0.344986 0.123129 0.143151 2.994981 0.012396 0.059140
    93 -0.730988 0.177046 0.039141 -0.123731 0.076518 -0.084310
    94 0.921993 0.001298 -0.000896 -0.000002 -0.000011 0.549911
    95 -0.124027 -0.052092 0.038496 3.077813 -0.008519 0.039229
    96 1.100430 -0.003552 0.000503 -0.000042 0.000030 0.904181
    97 -0.330082 0.160641 0.042780 3.128073 0.034033 -0.171236
    98 0.675854 0.001531 0.003272 0.000002 0.000003 0.945893
    99 -0.019516 -0.016531 0.038578 -2.763781 0.050305 0.076828
    100 1.018555 -0.000026 -0.000397 0.000000 0.000000 0.984486
    101 -0.155312 0.130643 -0.021921 -3.022466 0.022433 -0.024903
    102 -0.252209 0.061937 -0.024914 -0.007671 -0.063171 -0.044392
    103 -0.085991 0.185203 -0.015180 -2.937063 -0.113970 -0.138991
    104 -0.286537 0.179852 0.024264 -3.109353 -0.049645 -0.029915
    105 -0.019489 0.147084 0.079203 2.893815 0.038585 -0.060594
    106 -0.046482 0.251898 0.129548 3.016165 0.077112 -0.042864
    107 0.039120 -0.040298 0.047739 3.084219 0.030470 -0.037414
    108 -0.233757 0.066630 0.001754 -3.133086 0.040141 -0.065413
    109 0.044266 0.020128 0.001684 -2.778763 -0.118872 -0.040488
    110 0.071495 0.074127 -0.048302 -3.035917 -0.059482 0.104366
    111 0.000000 0.000000 0.000000 0.000000 0.000000 -1.570796
    112 16.574725 -1.109409 -5.226722 -0.301709 0.076136 0.122865
    113 1.789117 6.937712 -3.507920 0.185626 -0.748596 -1.378047
    114 -1.542000 0.000000 1.810000 0.000000 0.000000 0.000000
    115 5.561000 0.000000 1.165000 0.000000 0.000000 0.000000
    116 -1.912000 0.003000 0.278000 0.000000 0.000000 0.000000
    117 1.947000 -0.003000 -0.278000 0.000000 0.000000 0.000000
    118 -3.830000 0.003000 0.015000 0.000000 0.000000 0.000000
    119 -2.941000 -0.003000 0.381000 0.000000 0.000000 0.000000
    120 -2.941000 -0.003000 0.381000 0.000000 0.000000 0.000000
    121 -0.070000 -0.003000 0.481000 0.000000 0.000000 0.000000
    122 1.771000 -0.314000 1.250000 0.000000 0.000000 -1.570796
    123 3.818000 0.000000 -0.014000 0.000000 0.000000 0.000000
    124 -0.470000 0.000000 -3.437000 0.000000 0.000000 0.000000
    125 -0.024000 0.000000 3.200000 0.000000 0.305210 0.000000
    126 -0.055985 0.000000 1.166089 0.000000 -0.382459 0.000000
    127 -11.243092 21.027985 -53.012653 0.308821 -0.035462 -0.139905
    128 -2.238000 0.000000 -3.188000 0.000000 0.000000 0.000000
    129 3.319000 0.000000 3.458000 0.000000 -0.159168 0.000000
    130 0.000000 0.000000 0.000000 0.000000 0.000000 0.000000
    131 0.533000 0.511000 -0.841000 0.000000 0.000000 0.000000
    132 0.000000 0.000000 0.000000 0.000000 0.000000 0.000000
    133 -0.106000 0.000000 64.320000 0.000000 0.000000 0.000000
    134 0.000000 0.000000 0.000000 0.000000 0.000000 0.000000
    135 0.000000 0.000000 0.000000 -0.002217 0.003260 -0.001894
    136 26.230008 -0.409636 4.750217 -0.301734 0.076178 0.122885
    137 0.106000 0.000000 -64.320000 0.000000 0.000000 0.000000
    138 0.000000 0.000000 0.000000 0.000000 0.000000 0.000000
    139 0.000000 0.000000 -4.867002 -3.141592 0.000000 -3.128591
    140 0.000000 0.000000 4.867000 -3.141592 0.000000 -3.128591
    141 4.000000 -6.500000 0.000000 0.000000 0.000000 0.000977
    142 -6.500000 0.000000 0.000000 0.000000 1.570796 0.000000
    143 1.000088 -0.000029 0.000000 0.000000 0.000000 0.000000
    144 17.162516 -0.000404 0.000000 0.000000 0.000000 0.119214
    145 9.999891 -0.000303 0.000000 0.000000 0.000000 0.000000
    146 1.000088 -0.000029 0.000000 0.000000 0.000000 0.000000
    147 17.162516 -0.000404 0.000000 0.000000 0.000000 0.119214
    148 9.499836 0.000212 0.000000 0.000000 0.000000 0.000000
    149 0.000000 0.000000 0.000000 0.000000 0.000000 0.000000
    150 17.749374 0.295515 0.000000 0.000000 0.000000 -1.158958
    151 0.017889 0.299792 0.000000 0.000000 0.000000 -0.059582
    152 12.283573 1.581456 -4.696000 1.462269 -0.086726 0.090185
    153 17.749376 0.295515 0.000000 0.000000 0.000000 -1.158958
    154 0.017889 0.299792 0.000000 0.000000 0.000000 -0.059582
    155 13.354000 0.000000 0.000000 0.000000 0.000000 -0.294101
    156 4.530998 0.000000 0.000000 0.000000 0.000000 0.000000
    157 0.000000 0.000000 0.000000 0.000000 0.000000 0.000000
    158 5.413524 0.000347 0.000000 0.000000 0.000000 -0.518055
    159 5.413524 0.000347 0.000000 0.000000 0.000000 -0.518055
    160 4.662001 -5.366332 4.825191 1.569713 1.561305 -3.121213
    161 3.116966 -0.000443 0.000000 0.000000 0.000000 0.294101
    162 4.531197 0.000000 0.000000 0.000000 0.000000 0.000000
    163 3.512001 -3.547000 -1.066000 0.000000 1.570796 0.000000
    164 3.456001 -3.517000 1.169000 0.000000 1.570796 0.000000
    165 6.233002 0.000000 0.000000 0.000000 0.000000 0.000000
    166 -0.171997 -0.106000 -0.902000 1.570713 1.029176 -3.134550
    167 6.226371 -6.395626 -0.007813 -0.001894 0.002205 -0.003260
    168 3.999434 -0.000528 -0.000332 -0.474775 0.000036 0.000000
    169 3.999901 0.000039 0.001011 0.233407 -0.000048 0.000000
    170 1.598000 0.000000 0.000000 0.000000 0.000000 0.000000
    171 -1.145525 0.000130 0.000668 0.000000 0.000000 0.000000
    172 2.299679 -2.499978 -0.599480 0.892021 0.221512 -0.527234
    173 10.292143 -3.414145 2.675587 1.594028 -0.549439 -0.010632
    174 -9.580675 -27.862104 -37.184681 0.812874 -0.123459 -0.568474
    175 0.649933 -0.548295 0.093651 -1.665913 -0.131399 -0.112062
    176 0.657078 0.008402 0.040371 -1.665945 -0.131407 -0.000013
    177 0.665776 0.747221 -0.029190 -1.665935 -0.131408 0.094976
    178 2.300137 -2.499413 0.600155 -0.891917 -0.221566 -0.527266
    179 11.962793 0.942966 3.328854 1.764063 -0.255053 0.173401
    180 2.762350 0.116951 1.523975 1.629482 0.064153 1.743800
    181 7.228321 7.928195 -3.925652 2.328643 0.123441 -0.568443
    182 0.650394 -0.547730 -0.092979 1.665913 0.131399 -0.112062
    183 0.657069 0.008399 -0.040379 1.665945 0.131407 -0.000013
    184 0.665772 0.747219 0.029182 1.665935 0.131408 0.094976
    185 -4.481003 -0.202000 0.000000 0.000000 0.000000 0.000000
    186 -5.516998 -0.291000 -0.001000 0.000000 0.000000 0.000000
    187 -0.857695 0.104072 0.104687 0.023536 0.163924 0.013632
    188 1.899119 0.000427 -0.000439 0.027386 -0.033311 0.477848
    189 1.799660 -0.000240 0.000231 0.027386 -0.033311 0.477848
    190 1.799660 -0.000240 0.000231 0.027386 -0.033311 0.477848
    191 1.799660 -0.000240 0.000231 0.027386 -0.033311 0.477848
    192 1.900312 -0.000137 -0.000517 0.027386 -0.033311 0.477848
    193 1.899437 -0.000313 -0.000151 -0.027386 0.033311 0.477848
    194 1.799659 -0.000237 -0.000233 -0.027386 0.033311 0.477848
    195 1.799659 -0.000237 -0.000233 -0.027386 0.033311 0.477848
    196 1.799659 -0.000237 -0.000233 -0.027386 0.033311 0.477848
    197 1.900725 0.000557 -0.000072 -0.027386 0.033311 0.477848
    198 0.599884 0.400188 -0.000027 0.000000 0.000000 0.000000
    199 0.599888 0.400187 0.000031 0.000000 0.000000 -3.141592
    200 0.599503 0.400696 0.000235 0.000000 0.000000 0.000000
    201 0.599983 0.000044 -0.000010 0.000000 0.000000 -3.141592
  time 26
    0 0.000000 0.000000 0.000000 0.000000 0.000000 -1.570796
    1 -0.106323 0.000000 -0.000198 0.000000 0.000000 0.000000
    2 0.000000 0.000000 0.000000 0.000000 0.000000 0.000000
    3 -0.904000 0.000000 -11.806000 0.000000 0.000000 0.000000
    4 0.000000 0.000000 -14.313999 0.000000 -1.570796 1.570857
    5 3.533001 0.000000 0.000000 0.000000 0.000000 0.000000
    6 6.250000 0.000000 0.000000 0.000000 0.000000 0.000000
    7 9.014246 2.519633 -1.658855 -0.178146 1.449580 -0.177001
    8 10.143187 1.277408 6.373855 0.077055 -1.289493 -0.074235
    9 5.786820 0.002787 -0.000113 -0.881619 0.545156 -1.654150
    10 5.999492 -0.000592 -4.000343 0.000000 0.000000 0.000000
    11 5.787410 0.002582 0.000893 0.916085 -0.540534 -1.735502
    12 5.999492 -0.000592 4.000336 0.000000 0.000000 0.000000
    13 0.500225 0.000133 -0.000088 -0.002986 0.000000 0.000000
    14 11.534559 0.004255 -0.001312 -0.000065 -0.000027 -1.124142
    15 -0.829338 0.893824 0.079659 -0.148839 0.047645 0.087266
    16 0.500225 0.000132 0.000076 -0.003886 0.000000 0.000060
    17 11.532495 0.004432 -0.000089 0.000006 -0.000022 -1.379033
    18 -0.829586 0.894698 -0.079464 0.045377 -0.019621 0.087266
    19 10.599884 0.000105 -0.000553 -1.008279 0.000000 0.000000
    20 0.189980 -0.306432 -0.000805 0.000060 -0.000013 0.562049
    21 11.042057 -0.000189 0.000798 -1.032601 -0.194332 0.481291
    22 -1.214832 0.203470 -0.477489 -0.135025 -0.078677 -0.001289
    23 10.599880 0.000105 0.000549 0.271885 0.000000 0.000000
    24 0.326701 -0.404091 0.000801 0.000012 0.000049 0.689532
    25 11.041742 0.003171 -0.000571 0.276017 0.703600 0.885657
    26 -1.063377 0.077663 0.150230 0.045121 0.020046 -0.012850
    27 0.610302 -0.939470 0.070343 -1.694699 -0.235488 -0.159509
    28 0.639940 -0.199121 0.060188 -1.667383 -0.222462 -0.057470
    29 0.600155 1.080261 -0.339535 -1.736326 -0.044849 0.071491
    30 0.610207 0.400743 -0.010101 -1.763828 -0.139923 0.058284
    31 0.634715 -0.693997 -0.232343 0.060183 -0.148747 -0.814887
    32 -0.792125 0.203736 0.461300 1.439074 -0.003453 -0.018305
    33 0.610300 -0.939469 -0.070351 1.655384 0.140025 -0.175537
    34 0.639937 -0.199121 -0.060200 1.671282 0.183109 -0.036771
    35 0.600157 1.080259 0.339531 1.741685 0.106920 0.153702
    36 0.610205 0.400743 0.010086 1.766615 0.125838 0.080304
    37 0.624002 -0.695300 0.232270 -0.507078 -0.598265 -1.077509
    38 -0.626031 -0.069983 -0.080517 -1.447153 0.086151 0.021559
    39 2.621377 -0.002532 -0.001438 -0.267707 -0.094541 0.445754
    40 2.664743 0.000397 -0.000071 -0.279170 -0.089182 0.534478
    41 2.202488 0.003368 -0.006769 -0.084722 -0.126206 0.125050
    42 0.599952 0.959240 -0.300102 -0.174544 0.000000 0.000000
    43 2.557190 -0.005873 0.006359 -0.001422 -0.020039 0.570153
    44 2.095024 -0.003873 -0.006100 -0.292935 -0.208001 0.416457
    45 0.999380 -0.000236 -1.193744 -0.000001 0.000000 0.000000
    46 -0.122639 -0.721856 0.661690 -0.486644 0.223964 0.243056
    47 2.622113 -0.000648 0.002741 0.050620 0.430251 0.204937
    48 2.658203 0.000780 0.000161 0.328288 0.324445 0.981184
    49 2.199219 0.000516 -0.000122 0.262846 0.022920 1.089811
    50 0.599951 0.959244 0.300102 0.174544 0.000000 0.000000
    51 2.558594 -0.000149 -0.000031 0.266888 0.214957 1.052934
    52 2.103851 0.005614 -0.001014 0.510577 -0.375702 0.593689
    53 0.999374 -0.000237 1.232800 0.000048 0.000000 0.736314
    54 0.310846 -0.606445 -0.498005 0.308107 -0.197598 0.313976
    55 1.873069 -0.004741 -0.000994 -0.000007 0.000004 0.240906
    56 1.200941 0.399582 -0.000237 -0.009465 0.016087 0.007127
    57 0.000586 0.100342 -0.000319 -0.120035 -0.021926 -0.209617
    58 -0.161663 0.051712 0.194808 -2.941982 0.122408 -0.060194
    59 2.010092 -0.007109 -0.003377 0.000018 0.000013 0.492536
    60 0.000240 0.099802 -0.000395 -0.018823 0.010833 -0.239219
    61 -0.203197 0.048607 0.069150 -3.093332 0.033217 -0.046722
    62 1.180428 -0.006214 0.000780 0.000034 -0.000024 0.848386
    63 -0.000196 0.099625 -0.000034 0.000000 0.000000 -0.314102
    64 -0.088736 -0.688435 -0.145203 2.930407 -0.136130 0.513013
    65 1.715976 -0.003328 -0.000088 0.000070 -0.000033 0.602085
    66 -0.000580 0.100145 -0.000311 -0.010914 0.023131 -0.260841
    67 -0.146030 -0.232426 -0.014225 3.028455 -0.094299 0.113020
    68 1.290632 0.000362 -0.000032 0.000000 0.000060 -0.336959
    69 -0.658121 -0.003575 0.072645 -0.142711 0.027792 -0.077299
    70 1.868080 -0.003049 0.006083 0.000003 -0.000021 0.611531
    71 1.200079 0.399944 -0.000093 0.009465 -0.016087 0.007127
    72 0.000591 0.100342 0.000319 0.120035 0.021926 -0.209617
    73 0.068077 0.002285 -0.080050 3.111376 -0.069366 -0.060847
    74 2.007813 -0.000882 -0.000381 0.000049 -0.000037 1.297777
    75 0.000229 0.099802 0.000395 0.018823 -0.010833 -0.239219
    76 -0.018673 -0.001009 0.047544 3.109244 0.002635 -0.106673
    77 1.178665 0.001595 0.000845 -0.000038 0.000078 0.669112
    78 -0.000198 0.099628 0.000034 0.000000 0.000000 -0.314102
    79 0.036892 -0.634449 0.266284 -2.801062 0.174301 0.490914
    80 1.708008 0.000721 0.000200 0.000000 0.000000 1.071623
    81 -0.000576 0.100136 0.000311 0.010912 -0.023129 -0.260841
    82 -0.003952 -0.281811 0.115047 -3.059162 0.089004 0.167964
    83 1.289627 0.003949 0.000061 -0.000014 0.000003 -0.172856
    84 -0.171528 -0.018148 -0.099873 0.013484 -0.062184 -0.011780
    85 0.912716 0.007240 0.001326 0.000019 0.000021 0.391026
    86 -0.342617 0.053404 -0.025571 -2.909301 -0.017248 0.075276
    87 1.100231 -0.000930 -0.002434 0.000009 0.000014 0.152539
    88 -0.384983 0.330998 0.006848 -3.087207 -0.018765 -0.184279
    89 0.678146 0.002286 -0.003905 -0.000018 -0.000019 0.244733
    90 -0.123848 0.072737 0.029507 2.898184 -0.060627 0.094834
    91 1.017166 -0.000154 -0.000252 -0.000083 -0.000014 0.284351
    92 -0.344986 0.123129 0.143151 2.994981 0.012396 0.059140
    93 -0.730988 0.177046 0.039141 -0.123731 0.076518 -0.084310
    94 0.925900 0.001298 -0.000896 -0.000002 -0.000011 0.652928
    95 -0.124027 -0.052092 0.038496 3.077813 -0.008519 0.039229
    96 1.100430 -0.007458 0.000503 -0.000042 0.000042 0.904157
    97 -0.330082 0.160641 0.042780 3.128073 0.034033 -0.171236
    98 0.675854 0.001531 0.003272 0.000002 0.000003 0.945893
    99 -0.019516 -0.016531 0.038578 -2.763781 0.050305 0.076828
    100 1.018555 -0.000026 -0.000397 0.000000 0.000000 0.984486
    101 -0.155312 0.130643 -0.021921 -3.022466 0.022433 -0.024903
    102 -0.252209 0.061937 -0.024914 -0.007671 -0.063171 -0.044392
    103 -0.085991 0.185203 -0.015180 -2.937063 -0.113970 -0.138991
    104 -0.286537 0.179852 0.024264 -3.109353 -0.049645 -0.029915
    105 -0.019489 0.147084 0.079203 2.893815 0.038585 -0.060594
    106 -0.046482 0.251898 0.129548 3.016165 0.077112 -0.042864
    107 0.039120 -0.040298 0.047739 3.084219 0.030470 -0.037414
    108 -0.233757 0.066630 0.001754 -3.133086 0.040141 -0.065413
    109 0.044266 0.020128 0.001684 -2.778763 -0.118872 -0.040488
    110 0.071495 0.074127 -0.048302 -3.035917 -0.059482 0.104366
    111 0.000000 0.000000 0.000000 0.000000 0.000000 -1.570796
    112 15.969237 -1.269570 -4.785302 -0.334503 0.008101 0.085492
    113 2.503983 7.480697 -4.820460 0.130873 -0.813472 -1.375477
    114 -1.542000 0.000000 1.810000 0.000000 0.000000 0.000000
    115 5.561000 0.000000 1.165000 0.000000 0.000000 0.000000
    116 -1.912000 0.003000 0.278000 0.000000 0.000000 0.000000
    117 1.947000 -0.003000 -0.278000 0.000000 0.000000 0.000000
    118 -3.830000 0.003000 0.015000 0.000000 0.000000 0.000000
    119 -2.941000 -0.003000 0.381000 0.000000 0.000000 0.000000
    120 -2.941000 -0.003000 0.381000 0.000000 0.000000 0.000000
    121 -0.070000 -0.003000 0.481000 0.000000 0.000000 0.000000
    122 1.771000 -0.314000 1.250000 0.000000 0.000000 -1.570796
    123 3.818000 0.000000 -0.014000 0.000000 0.000000 0.000000
    124 -0.470000 0.000000 -3.437000 0.000000 0.000000 0.000000
    125 -0.024000 0.000000 3.200000 0.000000 0.305210 0.000000
    126 -0.055985 0.000000 1.166089 0.000000 -0.382459 0.000000
    127 -14.801795 22.246773 -51.993091 0.334178 0.020514 -0.083531
    128 -2.238000 0.000000 -3.188000 0.000000 0.000000 0.000000
    129 3.319000 0.000000 3.458000 0.000000 -0.159168 0.000000
    130 0.000000 0.000000 0.000000 0.000000 0.000000 0.000000
    131 0.533000 0.511000 -0.841000 0.000000 0.000000 0.000000
    132 0.000000 0.000000 0.000000 0.000000 0.000000 0.000000
    133 -0.106000 0.000000 64.320000 0.000000 0.000000 0.000000
    134 0.000000 0.000000 0.000000 0.000000 0.000000 0.000000
    135 0.000000 0.000000 0.000000 -0.004267 0.003583 -0.001894
    136 25.757337 -0.925277 5.801031 -0.334682 0.008055 0.085420
    137 0.106000 0.000000 -64.320000 0.000000 0.000000 0.000000
    138 0.000000 0.000000 0.000000 0.000000 0.000000 0.000000
    139 0.000000 0.000000 -4.867002 -3.141592 0.000000 -3.128591
    140 0.000000 0.000000 4.867000 -3.141592 0.000000 -3.128591
    141 4.000000 -6.500000 0.000000 0.000000 0.000000 0.000977
    142 -6.500000 0.000000 0.000000 0.000000 1.570796 0.000000
    143 1.000088 -0.000029 0.000000 0.000000 0.000000 0.000000
    144 17.162516 -0.000404 0.000000 0.000000 0.000000 0.119214
    145 9.999891 -0.000303 0.000000 0.000000 0.000000 0.000000
    146 1.000088 -0.000029 0.000000 0.000000 0.000000 0.000000
    147 17.162516 -0.000404 0.000000 0.000000 0.000000 0.119214
    148 9.499836 0.000212 0.000000 0.000000 0.000000 0.000000
    149 0.000000 0.000000 0.000000 0.000000 0.000000 0.000000
    150 17.749374 0.295515 0.000000 0.000000 0.000000 -1.158958
    151 0.017889 0.299792 0.000000 0.000000 0.000000 -0.059582
    152 12.283573 1.581456 -4.696000 1.462269 -0.086726 0.090185
    153 17.749376 0.295515 0.000000 0.000000 0.000000 -1.158958
    154 0.017889 0.299792 0.000000 0.000000 0.000000 -0.059582
    155 13.354000 0.000000 0.000000 0.000000 0.000000 -0.294101
    156 4.530998 0.000000 0.000000 0.000000 0.000000 0.000000
    157 0.000000 0.000000 0.000000 0.000000 0.000000 0.000000
    158 5.413524 0.000347 0.000000 0.000000 0.000000 -0.518055
    159 5.413524 0.000347 0.000000 0.000000 0.000000 -0.518055
    160 4.662001 -5.366332 4.825191 1.569713 1.561305 -3.121213
    161 3.116966 -0.000443 0.000000 0.000000 0.000000 0.294101
    162 4.531197 0.000000 0.000000 0.000000 0.000000 0.000000
    163 3.512001 -3.547000 -1.066000 0.000000 1.570796 0.000000
    164 3.456001 -3.517000 1.169000 0.000000 1.570796 0.000000
    165 6.233002 0.000000 0.000000 0.000000 0.000000 0.000000
    166 -0.171997 -0.106000 -0.902000 1.570713 1.029176 -3.134550
    167 6.226371 -6.395626 -0.007813 -0.001894 0.004267 -0.003583
    168 3.999434 -0.000528 -0.000332 -0.504187 0.000000 0.000000
    169 3.999901 0.000039 0.001011 0.135974 0.000000 0.000000
    170 1.598000 0.000000 0.000000 0.000000 0.000000 0.000000
    171 -1.145525 0.000130 0.000668 0.000000 0.000000 0.000000
    172 2.299679 -2.499978 -0.599480 0.892021 0.221512 -0.527234
    173 10.768720 -3.738373 1.765403 1.615685 -0.418151 -0.100859
    174 -9.580675 -27.862104 -37.184681 0.812874 -0.123459 -0.568474
    175 0.649933 -0.548295 0.093651 -1.665913 -0.131399 -0.112062
    176 0.657078 0.008402 0.040371 -1.665945 -0.131407 -0.000013
    177 0.665776 0.747221 -0.029190 -1.665935 -0.131408 0.094976
    178 2.300137 -2.499413 0.600155 -0.891917 -0.221566 -0.527266
    179 11.962793 0.942966 3.328854 1.764063 -0.255053 0.173401
    180 2.762350 0.116951 1.523975 1.629482 0.064153 1.743800
    181 7.228321 7.928195 -3.925652 2.328572 0.123441 -0.568443
    182 0.650394 -0.547730 -0.092979 1.665913 0.131399 -0.112062
    183 0.657069 0.008399 -0.040379 1.665945 0.131407 -0.000013
    184 0.665772 0.747219 0.029182 1.665935 0.131408 0.094976
    185 -4.481003 -0.202000 0.000000 0.000000 0.000000 0.000000
    186 -5.516998 -0.291000 -0.001000 0.000000 0.000000 0.000000
    187 -0.857695 0.104072 0.104687 0.023536 0.163924 0.013632
    188 1.899119 0.000427 -0.000439 0.027386 -0.033311 0.477848
    189 1.799660 -0.000240 0.000231 0.027386 -0.033311 0.477848
    190 1.799660 -0.000240 0.000231 0.027386 -0.033311 0.477848
    191 1.799660 -0.000240 0.000231 0.027386 -0.033311 0.477848
    192 1.900312 -0.000137 -0.000517 0.027386 -0.033311 0.477848
    193 1.899437 -0.000313 -0.000151 -0.027386 0.033311 0.477848
    194 1.799659 -0.000237 -0.000233 -0.027386 0.033311 0.477848
    195 1.799659 -0.000237 -0.000233 -0.027386 0.033311 0.477848
    196 1.799659 -0.000237 -0.000233 -0.027386 0.033311 0.477848
    197 1.900725 0.000557 -0.000072 -0.027386 0.033311 0.477848
    198 0.599884 0.400188 -0.000027 0.000000 0.000000 0.000000
    199 0.599888 0.400187 0.000031 0.000000 0.000000 -3.141592
    200 0.599503 0.400696 0.000235 0.000000 0.000000 0.000000
    201 0.599983 0.000044 -0.000010 0.000000 0.000000 -3.141592
  time 27
    0 0.000000 0.000000 0.000000 0.000000 0.000000 -1.570796
    1 -0.106323 0.000000 -0.000198 0.000000 0.000000 0.000000
    2 0.000000 0.000000 0.000000 0.000000 0.000000 0.000000
    3 -0.904000 0.000000 -11.806000 0.000000 0.000000 0.000000
    4 0.000000 0.000000 -14.313999 0.000000 -1.570796 1.570857
    5 3.533001 0.000000 0.000000 0.000000 0.000000 0.000000
    6 6.250000 0.000000 0.000000 0.000000 0.000000 0.000000
    7 8.252504 3.355596 -1.436192 -0.210172 1.467855 -0.209308
    8 10.287723 2.636824 6.217600 0.072633 -1.271489 -0.069522
    9 5.790726 0.002787 -0.000113 -0.878759 0.455217 -1.620380
    10 5.999492 -0.000592 -4.000343 0.000000 0.000000 0.000000
    11 5.791316 0.002582 0.000893 1.065772 -0.579988 -1.807822
    12 5.999492 -0.000592 4.000336 0.000000 0.000000 0.000000
    13 0.500225 0.000133 -0.000088 0.018436 -0.000024 0.000000
    14 11.534559 0.004255 -0.001312 -0.000017 0.000009 -1.182115
    15 -0.829338 0.893824 0.079659 -0.148839 0.047645 0.087266
    16 0.500225 0.000132 0.000076 -0.089073 0.000000 0.000000
    17 11.532495 0.004432 -0.000089 -0.000042 -0.000058 -1.339915
    18 -0.829586 0.894698 -0.079464 0.045377 -0.019621 0.087266
    19 10.599884 0.000105 -0.000553 -1.133938 0.000012 0.000036
    20 0.213418 -0.329870 -0.000805 0.000000 0.000011 0.591015
    21 11.042057 -0.000189 0.000798 -1.100408 -0.132500 0.746494
    22 -1.214832 0.203470 -0.477489 -0.135025 -0.078677 -0.001289
    23 10.599880 0.000105 0.000549 0.058078 0.000000 0.000000
    24 0.303263 -0.388466 0.000801 -0.000012 -0.000011 0.670000
    25 11.041742 0.003171 -0.000571 0.063515 0.762061 0.698993
    26 -1.063377 0.077663 0.150230 0.045121 0.020046 -0.012850
    27 0.610302 -0.939470 0.070343 -1.668126 -0.136735 -0.173183
    28 0.639940 -0.199121 0.060188 -1.665858 -0.123266 -0.067262
    29 0.600155 1.080261 -0.339535 -1.740887 0.053281 0.054845
    30 0.610207 0.400743 -0.010101 -1.762161 -0.042057 0.039181
    31 0.634715 -0.693997 -0.236250 0.061225 -0.225860 -0.783839
    32 -0.792125 0.203736 0.461300 1.439074 -0.003453 -0.018305
    33 0.610300 -0.939469 -0.070351 1.655384 0.140025 -0.175537
    34 0.639937 -0.199121 -0.060200 1.671282 0.183109 -0.036771
    35 0.600157 1.080259 0.339531 1.741685 0.106920 0.153702
    36 0.610205 0.400743 0.010086 1.766615 0.125838 0.080304
    37 0.624002 -0.695300 0.236176 -0.599397 -0.597914 -1.018267
    38 -0.626031 -0.069983 -0.080517 -1.447153 0.086151 0.021559
    39 2.625284 -0.002532 -0.001438 -0.367840 -0.133769 0.699391
    40 2.660837 0.000397 -0.000071 -0.292530 -0.023614 0.852484
    41 2.202488 0.003368 -0.006769 -0.213256 -0.011398 0.630673
    42 0.599952 0.959240 -0.300102 -0.174544 0.000000 0.000000
    43 2.553283 -0.005873 0.006359 -0.127258 0.026269 0.868748
    44 2.095024 -0.003873 -0.002193 -0.248688 0.122959 0.506227
    45 0.999380 -0.000236 -1.205463 -0.000001 0.000000 0.000000
    46 -0.122639 -0.721856 0.661690 -0.486644 0.223964 0.243056
    47 2.622113 -0.000648 0.006647 0.061250 0.454843 0.233436
    48 2.658203 0.000780 0.000161 0.328288 0.324445 0.981184
    49 2.199219 0.000516 -0.000122 0.262846 0.022920 1.089811
    50 0.599951 0.959244 0.300102 0.174544 0.000000 0.000000
    51 2.558594 -0.000149 -0.000031 0.266888 0.214957 1.052934
    52 2.103851 0.005614 -0.001014 0.498386 -0.391809 0.630693
    53 0.999374 -0.000237 1.252332 0.000048 0.000000 0.736314
    54 0.310846 -0.606445 -0.498005 0.308107 -0.197598 0.313976
    55 1.869163 -0.000835 -0.000994 -0.000007 0.000004 0.449610
    56 1.200941 0.399582 -0.000237 -0.009465 0.016087 0.007127
    57 0.000586 0.100342 -0.000319 -0.120035 -0.021926 -0.209617
    58 -0.161663 0.051712 0.194808 -2.941982 0.122408 -0.060194
    59 2.010092 -0.007109 -0.003377 -0.000006 -0.000035 0.697601
    60 0.000240 0.099802 -0.000395 -0.018823 0.010833 -0.239219
    61 -0.203197 0.048607 0.069150 -3.093332 0.033217 -0.046722
    62 1.180428 -0.006214 0.000780 -0.000062 0.000024 0.677949
    63 -0.000196 0.099625 -0.000034 0.000000 0.000000 -0.314102
    64 -0.088736 -0.688435 -0.145203 2.930407 -0.136130 0.513013
    65 1.715976 -0.003328 -0.000088 -0.000001 -0.000080 0.655752
    66 -0.000580 0.100145 -0.000311 -0.010914 0.023131 -0.260841
    67 -0.146030 -0.232426 -0.014225 3.028455 -0.094299 0.113020
    68 1.290632 0.000362 -0.000032 0.000000 0.000000 -0.214192
    69 -0.658121 -0.003575 0.072645 -0.142711 0.027792 -0.077299
    70 1.868080 -0.003049 0.006083 0.000003 -0.000021 0.677883
    71 1.200079 0.399944 -0.000093 0.009465 -0.016087 0.007127
    72 0.000591 0.100342 0.000319 0.120035 0.021926 -0.209617
    73 0.068077 0.002285 -0.080050 3.111376 -0.069366 -0.060847
    74 2.007813 -0.000882 -0.000381 0.000049 -0.000037 1.297777
    75 0.000229 0.099802 0.000395 0.018823 -0.010833 -0.239219
    76 -0.018673 -0.001009 0.047544 3.109244 0.002635 -0.106673
    77 1.178665 0.001595 0.000845 -0.000038 0.000078 0.669112
    78 -0.000198 0.099628 0.000034 0.000000 0.000000 -0.314102
    79 0.036892 -0.634449 0.266284 -2.801062 0.174301 0.490914
    80 1.708008 0.000721 0.000200 0.000000 0.000000 1.071623
    81 -0.000576 0.100136 0.000311 0.010912 -0.023129 -0.260841
    82 -0.003952 -0.281811 0.115047 -3.059162 0.089004 0.167964
    83 1.289627 0.003949 0.000061 -0.000014 0.000003 0.003802
    84 -0.171528 -0.018148 -0.099873 0.013484 -0.062184 -0.011780
    85 0.912716 0.007240 0.001326 -0.000005 -0.000039 0.711600
    86 -0.342617 0.053404 -0.025571 -2.909301 -0.017248 0.075276
    87 1.100231 -0.000930 -0.002434 0.000009 0.000014 0.288453
    88 -0.384983 0.330998 0.006848 -3.087207 -0.018765 -0.184279
    89 0.678146 0.002286 0.000002 -0.000018 -0.000019 0.324662
    90 -0.123848 0.072737 0.029507 2.898184 -0.060627 0.094834
    91 1.017166 -0.000154 -0.000252 -0.000023 -0.000014 0.338196
    92 -0.344986 0.123129 0.143151 2.994981 0.012396 0.059140
    93 -0.730988 0.177046 0.039141 -0.123731 0.076518 -0.084310
    94 0.925900 0.001298 -0.000896 -0.000002 -0.000011 0.626638
    95 -0.124027 -0.052092 0.038496 3.077813 -0.008519 0.039229
    96 1.100430 -0.003552 0.000503 -0.000042 0.000042 0.904181
    97 -0.330082 0.160641 0.042780 3.128073 0.034033 -0.171236
    98 0.675854 0.001531 0.003272 0.000002 0.000003 0.945893
    99 -0.019516 -0.016531 0.038578 -2.763781 0.050305 0.076828
    100 1.018555 -0.000026 -0.000397 0.000000 0.000000 0.984486
    101 -0.155312 0.130643 -0.021921 -3.022466 0.022433 -0.024903
    102 -0.252209 0.061937 -0.024914 -0.007671 -0.063171 -0.044392
    103 -0.085991 0.185203 -0.015180 -2.937063 -0.113970 -0.138991
    104 -0.286537 0.179852 0.024264 -3.109353 -0.049645 -0.029915
    105 -0.019489 0.147084 0.079203 2.893815 0.038585 -0.060594
    106 -0.046482 0.251898 0.129548 3.016165 0.077112 -0.042864
    107 0.039120 -0.040298 0.047739 3.084219 0.030470 -0.037414
    108 -0.233757 0.066630 0.001754 -3.133086 0.040141 -0.065413
    109 0.044266 0.020128 0.001684 -2.778763 -0.118872 -0.040488
    110 0.071495 0.074127 -0.048302 -3.035917 -0.059482 0.104366
    111 0.000000 0.000000 0.000000 0.000000 0.000000 -1.570796
    112 14.953581 -1.343791 -4.695456 -0.364921 -0.042517 0.053911
    113 3.152440 8.328379 -6.074404 0.076121 -0.859799 -1.366815
    114 -1.542000 0.000000 1.810000 0.000000 0.000000 0.000000
    115 5.561000 0.000000 1.165000 0.000000 0.000000 0.000000
    116 -1.912000 0.003000 0.278000 0.000000 0.000000 0.000000
    117 1.947000 -0.003000 -0.278000 0.000000 0.000000 0.000000
    118 -3.830000 0.003000 0.015000 0.000000 0.000000 0.000000
    119 -2.941000 -0.003000 0.381000 0.000000 0.000000 0.000000
    120 -2.941000 -0.003000 0.381000 0.000000 0.000000 0.000000
    121 -0.070000 -0.003000 0.481000 0.000000 0.000000 0.000000
    122 1.771000 -0.314000 1.250000 0.000000 0.000000 -1.570796
    123 3.818000 0.000000 -0.014000 0.000000 0.000000 0.000000
    124 -0.470000 0.000000 -3.437000 0.000000 0.000000 0.000000
    125 -0.024000 0.000000 3.200000 0.000000 0.305210 0.000000
    126 -0.055985 0.000000 1.166089 0.000000 -0.382459 0.000000
    127 -16.899515 23.121799 -50.821180 0.361201 0.059130 -0.035304
    128 -2.238000 0.000000 -3.188000 0.000000 0.000000 0.000000
    129 3.319000 0.000000 3.458000 0.000000 -0.159168 0.000000
    130 0.000000 0.000000 0.000000 0.000000 0.000000 0.000000
    131 0.533000 0.511000 -0.841000 0.000000 0.000000 0.000000
    132 0.000000 0.000000 0.000000 0.000000 0.000000 0.000000
    133 -0.106000 0.000000 64.320000 0.000000 0.000000 0.000000
    134 0.000000 0.000000 0.000000 0.000000 0.000000 0.000000
    135 0.000000 0.000000 0.000000 -0.003727 0.002804 -0.001894
    136 24.800277 -1.308101 6.344016 -0.364885 -0.042464 0.054027
    137 0.106000 0.000000 -64.320000 0.000000 0.000000 0.000000
    138 0.000000 0.000000 0.000000 0.000000 0.000000 0.000000
    139 0.000000 0.000000 -4.867002 -3.141592 0.000000 -3.128591
    140 0.000000 0.000000 4.867000 -3.141592 0.000000 -3.128591
    141 4.000000 -6.500000 0.000000 0.000000 0.000000 0.000977
    142 -6.500000 0.000000 0.000000 0.000000 1.570796 0.000000
    143 1.000088 -0.000029 0.000000 0.000000 0.000000 0.000000
    144 17.162516 -0.000404 0.000000 0.000000 0.000000 0.119214
    145 9.999891 -0.000303 0.000000 0.000000 0.000000 0.000000
    146 1.000088 -0.000029 0.000000 0.000000 0.000000 0.000000
    147 17.162516 -0.000404 0.000000 0.000000 0.000000 0.119214
    148 9.499836 0.000212 0.000000 0.000000 0.000000 0.000000
    149 0.000000 0.000000 0.000000 0.000000 0.000000 0.000000
    150 17.749374 0.295515 0.000000 0.000000 0.000000 -1.158958
    151 0.017889 0.299792 0.000000 0.000000 0.000000 -0.059582
    152 12.283573 1.581456 -4.696000 1.462269 -0.086726 0.090185
    153 17.749376 0.295515 0.000000 0.000000 0.000000 -1.158958
    154 0.017889 0.299792 0.000000 0.000000 0.000000 -0.059582
    155 13.354000 0.000000 0.000000 0.000000 0.000000 -0.294101
    156 4.530998 0.000000 0.000000 0.000000 0.000000 0.000000
    157 0.000000 0.000000 0.000000 0.000000 0.000000 0.000000
    158 5.413524 0.000347 0.000000 0.000000 0.000000 -0.518055
    159 5.413524 0.000347 0.000000 0.000000 0.000000 -0.518055
    160 4.662001 -5.366332 4.825191 1.569713 1.561305 -3.121213
    161 3.116966 -0.000443 0.000000 0.000000 0.000000 0.294101
    162 4.531197 0.000000 0.000000 0.000000 0.000000 0.000000
    163 3.512001 -3.547000 -1.066000 0.000000 1.570796 0.000000
    164 3.456001 -3.517000 1.169000 0.000000 1.570796 0.000000
    165 6.233002 0.000000 0.000000 0.000000 0.000000 0.000000
    166 -0.171997 -0.106000 -0.902000 1.570713 1.029176 -3.134550
    167 6.234184 -6.387813 -0.011719 -0.001894 0.003727 -0.002816
    168 3.999434 -0.000528 -0.000332 -0.566891 0.000012 0.000048
    169 3.999901 0.000039 0.001011 0.028959 0.000000 0.000000
    170 1.598000 0.000000 0.000000 0.000000 0.000000 0.000000
    171 -1.145525 0.000130 0.000668 0.000000 0.000000 0.000000
    172 2.299679 -2.499978 -0.599480 0.892021 0.221512 -0.527234
    173 10.788252 -3.519617 0.163792 1.607671 -0.230597 -0.196797
    174 -9.580675 -27.862104 -37.184681 0.812874 -0.123459 -0.568474
    175 0.649933 -0.548295 0.093651 -1.665913 -0.131399 -0.112062
    176 0.657078 0.008402 0.040371 -1.665945 -0.131407 -0.000013
    177 0.665776 0.747221 -0.029190 -1.665935 -0.131408 0.094976
    178 2.300137 -2.499413 0.600155 -0.891917 -0.221566 -0.527266
    179 11.962793 0.942966 3.328854 1.764063 -0.255053 0.173401
    180 2.762350 0.116951 1.523975 1.629482 0.064153 1.743800
    181 7.228321 7.928195 -3.925652 2.328643 0.123441 -0.568443
    182 0.650394 -0.547730 -0.092979 1.665913 0.131399 -0.112062
    183 0.657069 0.008399 -0.040379 1.665945 0.131407 -0.000013
    184 0.665772 0.747219 0.029182 1.665935 0.131408 0.094976
    185 -4.481003 -0.202000 0.000000 0.000000 0.000000 0.000000
    186 -5.516998 -0.291000 -0.001000 0.000000 0.000000 0.000000
    187 -0.857695 0.104072 0.104687 0.023536 0.163924 0.013632
    188 1.899119 0.000427 -0.000439 0.027386 -0.033311 0.477848
    189 1.799660 -0.000240 0.000231 0.027386 -0.033311 0.477848
    190 1.799660 -0.000240 0.000231 0.027386 -0.033311 0.477848
    191 1.799660 -0.000240 0.000231 0.027386 -0.033311 0.477848
    192 1.900312 -0.000137 -0.000517 0.027386 -0.033311 0.477848
    193 1.899437 -0.000313 -0.000151 -0.027386 0.033311 0.477848
    194 1.799659 -0.000237 -0.000233 -0.027386 0.033311 0.477848
    195 1.799659 -0.000237 -0.000233 -0.027386 0.033311 0.477848
    196 1.799659 -0.000237 -0.000233 -0.027386 0.033311 0.477848
    197 1.900725 0.000557 -0.000072 -0.027386 0.033311 0.477848
    198 0.599884 0.400188 -0.000027 0.000000 0.000000 0.000000
    199 0.599888 0.400187 0.000031 0.000000 0.000000 -3.141592
    200 0.599503 0.400696 0.000235 0.000000 0.000000 0.000000
    201 0.599983 0.000044 -0.000010 0.000000 0.000000 -3.141592
  time 28
    0 0.000000 0.000000 0.000000 0.000000 0.000000 -1.570796
    1 -0.106323 0.000000 -0.000198 0.000000 0.000000 0.000000
    2 0.000000 0.000000 0.000000 0.000000 0.000000 0.000000
    3 -0.904000 0.000000 -11.806000 0.000000 0.000000 0.000000
    4 0.000000 0.000000 -14.313999 0.000000 -1.570796 1.570857
    5 3.533001 0.000000 0.000000 0.000000 0.000000 0.000000
    6 6.250000 0.000000 0.000000 0.000000 0.000000 0.000000
    7 7.350133 4.332188 -1.170559 -0.255936 1.485988 -0.255288
    8 10.443977 4.074368 6.045720 0.068670 -1.253409 -0.065377
    9 5.790726 0.002787 -0.000113 -0.900206 0.410427 -1.617706
    10 5.999492 -0.000592 -4.000343 0.000000 0.000000 0.000000
    11 5.791316 0.002582 0.000893 1.226151 -0.595538 -1.894541
    12 5.999492 -0.000592 4.000336 0.000000 0.000000 0.000000
    13 0.500225 0.000133 -0.000088 0.039904 -0.000060 0.000000
    14 11.534559 0.004255 -0.001312 -0.000053 0.000057 -1.217321
    15 -0.829338 0.893824 0.079659 -0.148839 0.047645 0.087266
    16 0.500225 0.000132 0.000076 -0.184072 0.000000 0.000000
    17 11.536401 0.000526 -0.000089 0.000006 -0.000022 -1.290867
    18 -0.829586 0.894698 -0.079464 0.045377 -0.019621 0.087266
    19 10.599884 0.000105 -0.000553 -1.194493 0.000072 0.000012
    20 0.236856 -0.341589 -0.000805 0.000000 0.000011 0.608657
    21 11.042057 0.003717 0.004704 -1.112758 -0.106133 0.888694
    22 -1.214832 0.203470 -0.477489 -0.135025 -0.078677 -0.001289
    23 10.599880 0.000105 0.000549 -0.090280 0.000000 0.000000
    24 0.275918 -0.368934 0.000801 0.000000 -0.000011 0.645460
    25 11.041742 0.003171 -0.000571 -0.098061 0.752407 0.590396
    26 -1.063377 0.077663 0.150230 0.045121 0.020046 -0.012850
    27 0.610302 -0.939470 0.070343 -1.654790 -0.083487 -0.180458
    28 0.639940 -0.199121 0.060188 -1.665502 -0.069863 -0.072259
    29 0.600155 1.080261 -0.339535 -1.744176 0.106133 0.045652
    30 0.610207 0.400743 -0.010101 -1.761999 0.010556 0.028922
    31 0.634715 -0.693997 -0.232343 0.059919 -0.073967 -0.756819
    32 -0.792125 0.203736 0.461300 1.439074 -0.003453 -0.018305
    33 0.610300 -0.939469 -0.070351 1.655384 0.140025 -0.175537
    34 0.639937 -0.199121 -0.060200 1.671282 0.183109 -0.036771
    35 0.600157 1.080259 0.339531 1.741685 0.106920 0.153702
    36 0.610205 0.400743 0.010086 1.766615 0.125838 0.080304
    37 0.624002 -0.695300 0.236176 -0.684049 -0.597596 -0.972509
    38 -0.626031 -0.069983 -0.080517 -1.447153 0.086151 0.021559
    39 2.621377 -0.002532 -0.005345 -0.425653 -0.154933 0.862359
    40 2.664743 0.000397 -0.000071 -0.299731 0.020105 1.051418
    41 2.206394 0.003368 -0.006769 -0.282683 0.058442 0.930573
    42 0.599952 0.959240 -0.300102 -0.174544 0.000000 0.000000
    43 2.557190 -0.005873 0.006359 -0.195081 0.056746 1.057953
    44 2.095024 -0.003873 -0.002193 -0.235325 0.301109 0.566386
    45 0.999380 -0.000236 -1.213276 -0.000001 0.000000 0.000000
    46 -0.122639 -0.721856 0.661690 -0.486644 0.223964 0.243056
    47 2.622113 -0.000648 0.002741 0.084315 0.472316 0.270505
    48 2.658203 0.000780 0.000161 0.328288 0.324445 0.981184
    49 2.199219 0.000516 -0.000122 0.262846 0.022920 1.089811
    50 0.599951 0.959244 0.300102 0.174544 0.000000 0.000000
    51 2.558594 -0.000149 -0.000031 0.266888 0.214957 1.052934
    52 2.103851 0.005614 -0.001014 0.483059 -0.410457 0.675456
    53 0.999374 -0.000237 1.267958 0.000048 0.000000 0.736314
    54 0.310846 -0.606445 -0.498005 0.308107 -0.197598 0.313976
    55 1.873069 -0.000835 -0.000994 -0.000007 0.000004 0.631327
    56 1.200941 0.399582 -0.000237 -0.009465 0.016087 0.007127
    57 0.000586 0.100342 -0.000319 -0.120035 -0.021926 -0.209617
    58 -0.161663 0.051712 0.194808 -2.941982 0.122408 -0.060194
    59 2.010092 -0.007109 -0.003377 -0.000042 0.000037 0.808039
    60 0.000240 0.099802 -0.000395 -0.018823 0.010833 -0.239219
    61 -0.203197 0.048607 0.069150 -3.093332 0.033217 -0.046722
    62 1.180428 -0.006214 0.000780 -0.000014 0.000012 0.586051
    63 -0.000196 0.099625 -0.000034 0.000000 0.000000 -0.314102
    64 -0.088736 -0.688435 -0.145203 2.930407 -0.136130 0.513013
    65 1.715976 0.000578 0.003818 0.000023 -0.000021 0.684632
    66 -0.000580 0.100145 -0.000311 -0.010914 0.023131 -0.260841
    67 -0.146030 -0.232426 -0.014225 3.028455 -0.094299 0.113020
    68 1.290632 0.000362 -0.000032 0.000000 0.000060 -0.148104
    69 -0.658121 -0.003575 0.072645 -0.142711 0.027792 -0.077299
    70 1.868080 -0.003049 0.006083 0.000003 -0.000021 0.744235
    71 1.200079 0.399944 -0.000093 0.009465 -0.016087 0.007127
    72 0.000591 0.100342 0.000319 0.120035 0.021926 -0.209617
    73 0.068077 0.002285 -0.080050 3.111376 -0.069366 -0.060847
    74 2.007813 -0.000882 -0.000381 0.000049 -0.000037 1.297777
    75 0.000229 0.099802 0.000395 0.018823 -0.010833 -0.239219
    76 -0.018673 -0.001009 0.047544 3.109244 0.002635 -0.106673
    77 1.178665 0.001595 0.000845 -0.000038 0.000078 0.669112
    78 -0.000198 0.099628 0.000034 0.000000 0.000000 -0.314102
    79 0.036892 -0.634449 0.266284 -2.801062 0.174301 0.490914
    80 1.708008 0.000721 0.000200 0.000000 0.000000 1.071623
    81 -0.000576 0.100136 0.000311 0.010912 -0.023129 -0.260841
    82 -0.003952 -0.281811 0.115047 -3.059162 0.089004 0.167964
    83 1.289627 0.003949 0.000061 -0.000014 0.000003 0.214645
    84 -0.171528 -0.018148 -0.099873 0.013484 -0.062184 -0.011780
    85 0.912716 0.007240 0.001326 0.000066 -0.000003 0.884296
    86 -0.342617 0.053404 -0.025571 -2.909301 -0.017248 0.075276
    87 1.100231 -0.000930 -0.002434 -0.000051 0.000026 0.361693
    88 -0.384983 0.330998 0.006848 -3.087207 -0.018765 -0.184279
    89 0.678146 0.006192 0.000002 -0.000018 -0.000019 0.367612
    90 -0.123848 0.072737 0.029507 2.898184 -0.060627 0.094834
    91 1.017166 -0.000154 -0.000252 -0.000023 -0.000014 0.367184
    92 -0.344986 0.123129 0.143151 2.994981 0.012396 0.059140
    93 -0.730988 0.177046 0.039141 -0.123731 0.076518 -0.084310
    94 0.925900 0.001298 -0.000896 -0.000002 -0.000011 0.568885
    95 -0.124027 -0.052092 0.038496 3.077813 -0.008519 0.039229
    96 1.100430 -0.007458 0.000503 -0.000042 0.000042 0.904181
    97 -0.330082 0.160641 0.042780 3.128073 0.034033 -0.171236
    98 0.675854 0.001531 0.003272 0.000002 0.000003 0.945893
    99 -0.019516 -0.016531 0.038578 -2.763781 0.050305 0.076828
    100 1.018555 -0.000026 -0.000397 0.000000 0.000000 0.984486
    101 -0.155312 0.130643 -0.021921 -3.022466 0.022433 -0.024903
    102 -0.252209 0.061937 -0.024914 -0.007671 -0.063171 -0.044392
    103 -0.085991 0.185203 -0.015180 -2.937063 -0.113970 -0.138991
    104 -0.286537 0.179852 0.024264 -3.109353 -0.049645 -0.029915
    105 -0.019489 0.147084 0.079203 2.893815 0.038585 -0.060594
    106 -0.046482 0.251898 0.129548 3.016165 0.077112 -0.042864
    107 0.039120 -0.040298 0.047739 3.084219 0.030470 -0.037414
    108 -0.233757 0.066630 0.001754 -3.133086 0.040141 -0.065413
    109 0.044266 0.020128 0.001684 -2.778763 -0.118872 -0.040488
    110 0.071495 0.074127 -0.048302 -3.035917 -0.059482 0.104366
    111 0.000000 0.000000 0.000000 0.000000 0.000000 -1.570796
    112 14.004334 -1.253945 -4.804834 -0.385453 -0.012315 0.029245
    113 3.804804 9.187780 -5.605640 0.052623 -0.826701 -1.374525
    114 -1.542000 0.000000 1.810000 0.000000 0.000000 0.000000
    115 5.561000 0.000000 1.165000 0.000000 0.000000 0.000000
    116 -1.912000 0.003000 0.278000 0.000000 0.000000 0.000000
    117 1.947000 -0.003000 -0.278000 0.000000 0.000000 0.000000
    118 -3.830000 0.003000 0.015000 0.000000 0.000000 0.000000
    119 -2.941000 -0.003000 0.381000 0.000000 0.000000 0.000000
    120 -2.941000 -0.003000 0.381000 0.000000 0.000000 0.000000
    121 -0.070000 -0.003000 0.481000 0.000000 0.000000 0.000000
    122 1.771000 -0.314000 1.250000 0.000000 0.000000 -1.570796
    123 3.818000 0.000000 -0.014000 0.000000 0.000000 0.000000
    124 -0.470000 0.000000 -3.437000 0.000000 0.000000 0.000000
    125 -0.024000 0.000000 3.200000 0.000000 0.305210 0.000000
    126 -0.055985 0.000000 1.166089 0.000000 -0.382459 0.000000
    127 -14.196307 24.016358 -50.852431 0.385170 0.022624 -0.022475
    128 -2.238000 0.000000 -3.188000 0.000000 0.000000 0.000000
    129 3.319000 0.000000 3.458000 0.000000 -0.159168 0.000000
    130 0.000000 0.000000 0.000000 0.000000 0.000000 0.000000
    131 0.533000 0.511000 -0.841000 0.000000 0.000000 0.000000
    132 0.000000 0.000000 0.000000 0.000000 0.000000 0.000000
    133 -0.106000 0.000000 64.320000 0.000000 0.000000 0.000000
    134 0.000000 0.000000 0.000000 0.000000 0.000000 0.000000
    135 0.000000 0.000000 0.000000 -0.003212 0.002037 -0.001894
    136 23.819778 -1.456543 5.980724 -0.385477 -0.012265 0.029174
    137 0.106000 0.000000 -64.320000 0.000000 0.000000 0.000000
    138 0.000000 0.000000 0.000000 0.000000 0.000000 0.000000
    139 0.000000 0.000000 -4.867002 -3.141592 0.000000 -3.128591
    140 0.000000 0.000000 4.867000 -3.141592 0.000000 -3.128591
    141 4.000000 -6.500000 0.000000 0.000000 0.000000 0.000977
    142 -6.500000 0.000000 0.000000 0.000000 1.570796 0.000000
    143 1.000088 -0.000029 0.000000 0.000000 0.000000 0.000000
    144 17.162516 -0.000404 0.000000 0.000000 0.000000 0.119214
    145 9.999891 -0.000303 0.000000 0.000000 0.000000 0.000000
    146 1.000088 -0.000029 0.000000 0.000000 0.000000 0.000000
    147 17.162516 -0.000404 0.000000 0.000000 0.000000 0.119214
    148 9.499836 0.000212 0.000000 0.000000 0.000000 0.000000
    149 0.000000 0.000000 0.000000 0.000000 0.000000 0.000000
    150 17.749374 0.295515 0.000000 0.000000 0.000000 -1.158958
    151 0.017889 0.299792 0.000000 0.000000 0.000000 -0.059582
    152 12.283573 1.581456 -4.696000 1.462269 -0.086726 0.090185
    153 17.749376 0.295515 0.000000 0.000000 0.000000 -1.158958
    154 0.017889 0.299792 0.000000 0.000000 0.000000 -0.059582
    155 13.354000 0.000000 0.000000 0.000000 0.000000 -0.294101
    156 4.530998 0.000000 0.000000 0.000000 0.000000 0.000000
    157 0.000000 0.000000 0.000000 0.000000 0.000000 0.000000
    158 5.413524 0.000347 0.000000 0.000000 0.000000 -0.518055
    159 5.413524 0.000347 0.000000 0.000000 0.000000 -0.518055
    160 4.662001 -5.366332 4.825191 1.569713 1.561305 -3.121213
    161 3.116966 -0.000443 0.000000 0.000000 0.000000 0.294101
    162 4.531197 0.000000 0.000000 0.000000 0.000000 0.000000
    163 3.512001 -3.547000 -1.066000 0.000000 1.570796 0.000000
    164 3.456001 -3.517000 1.169000 0.000000 1.570796 0.000000
    165 6.233002 0.000000 0.000000 0.000000 0.000000 0.000000
    166 -0.171997 -0.106000 -0.902000 1.570713 1.029176 -3.134550
    167 6.234184 -6.387813 -0.019532 -0.001894 0.003212 -0.002037
    168 3.999434 -0.000528 -0.000332 -0.597229 0.000000 0.000048
    169 3.999901 0.000039 0.001011 -0.045212 0.000000 0.000000
    170 1.598000 0.000000 0.000000 0.000000 0.000000 0.000000
    171 -1.145525 0.000130 0.000668 0.000000 0.000000 0.000000
    172 2.299679 -2.499978 -0.599480 0.892021 0.221512 -0.527234
    173 10.944507 -3.191482 -0.332317 1.597558 -0.146651 -0.183948
    174 -9.580675 -27.862104 -37.184681 0.812874 -0.123459 -0.568474
    175 0.649933 -0.548295 0.093651 -1.665913 -0.131399 -0.112062
    176 0.657078 0.008402 0.040371 -1.665945 -0.131407 -0.000013
    177 0.665776 0.747221 -0.029190 -1.665935 -0.131408 0.094976
    178 2.300137 -2.499413 0.600155 -0.891917 -0.221566 -0.527266
    179 11.962793 0.942966 3.328854 1.764063 -0.255053 0.173401
    180 2.762350 0.116951 1.523975 1.629482 0.064153 1.743800
    181 7.228321 7.928195 -3.925652 2.328643 0.123441 -0.568443
    182 0.650394 -0.547730 -0.092979 1.665913 0.131399 -0.112062
    183 0.657069 0.008399 -0.040379 1.665945 0.131407 -0.000013
    184 0.665772 0.747219 0.029182 1.665935 0.131408 0.094976
    185 -4.481003 -0.202000 0.000000 0.000000 0.000000 0.000000
    186 -5.516998 -0.291000 -0.001000 0.000000 0.000000 0.000000
    187 -0.857695 0.104072 0.104687 0.023536 0.163924 0.013632
    188 1.899119 0.000427 -0.000439 0.027386 -0.033311 0.477848
    189 1.799660 -0.000240 0.000231 0.027386 -0.033311 0.477848
    190 1.799660 -0.000240 0.000231 0.027386 -0.033311 0.477848
    191 1.799660 -0.000240 0.000231 0.027386 -0.033311 0.477848
    192 1.900312 -0.000137 -0.000517 0.027386 -0.033311 0.477848
    193 1.899437 -0.000313 -0.000151 -0.027386 0.033311 0.477848
    194 1.799659 -0.000237 -0.000233 -0.027386 0.033311 0.477848
    195 1.799659 -0.000237 -0.000233 -0.027386 0.033311 0.477848
    196 1.799659 -0.000237 -0.000233 -0.027386 0.033311 0.477848
    197 1.900725 0.000557 -0.000072 -0.027386 0.033311 0.477848
    198 0.599884 0.400188 -0.000027 0.000000 0.000000 0.000000
    199 0.599888 0.400187 0.000031 0.000000 0.000000 -3.141592
    200 0.599503 0.400696 0.000235 0.000000 0.000000 0.000000
    201 0.599983 0.000044 -0.000010 0.000000 0.000000 -3.141592
  time 29
    0 0.000000 0.000000 0.000000 0.000000 0.000000 -1.570796
    1 -0.106323 0.000000 -0.000198 0.000000 0.000000 0.000000
    2 0.000000 0.000000 0.000000 0.000000 0.000000 0.000000
    3 -0.904000 0.000000 -11.806000 0.000000 0.000000 0.000000
    4 0.000000 0.000000 -14.313999 0.000000 -1.570796 1.570857
    5 3.533001 0.000000 0.000000 0.000000 0.000000 0.000000
    6 6.250000 0.000000 0.000000 0.000000 0.000000 0.000000
    7 6.420417 5.332219 -0.904926 -0.333726 1.505349 -0.333226
    8 10.600232 5.523631 5.877746 0.064937 -1.234270 -0.061516
    9 5.790726 0.002787 -0.000113 -0.924727 0.354842 -1.611670
    10 5.999492 -0.000592 -4.000343 0.000000 0.000000 0.000000
    11 5.791316 0.002582 0.004799 1.368920 -0.563280 -1.963900
    12 5.999492 -0.000592 4.000336 0.000000 0.000000 0.000000
    13 0.500225 0.000133 -0.000088 0.066491 -0.000024 0.000000
    14 11.534559 0.004255 -0.001312 0.000019 -0.000039 -1.161304
    15 -0.829338 0.893824 0.079659 -0.148839 0.047645 0.087266
    16 0.500225 0.000132 0.000076 -0.289277 0.000000 0.000000
    17 11.532495 0.000526 -0.000089 0.000006 -0.000022 -1.165208
    18 -0.829586 0.894698 -0.079464 0.045377 -0.019621 0.087266
    19 10.599884 0.000105 -0.000553 -1.233565 0.000000 0.000000
    20 0.193886 -0.318151 -0.000805 0.000000 0.000011 0.580593
    21 11.042057 -0.000189 0.004704 -1.092874 -0.029725 0.886436
    22 -1.214832 0.203470 -0.477489 -0.135025 -0.078677 -0.001289
    23 10.599880 0.000105 0.000549 -0.192213 0.000000 0.000000
    24 0.209510 -0.322057 0.000801 0.000000 -0.000011 0.582603
    25 11.041742 0.003171 -0.000571 -0.212968 0.723444 0.459285
    26 -1.063377 0.077663 0.150230 0.045121 0.020046 -0.012850
    27 0.610302 -0.939470 0.070343 -1.654739 -0.083499 -0.180446
    28 0.639940 -0.199121 0.060188 -1.665502 -0.069875 -0.072271
    29 0.600155 1.080261 -0.339535 -1.744176 0.106133 0.045652
    30 0.610207 0.400743 -0.010101 -1.761999 0.010556 0.028922
    31 0.634715 -0.693997 -0.236250 0.059931 -0.073967 -0.756819
    32 -0.792125 0.203736 0.461300 1.439074 -0.003453 -0.018305
    33 0.610300 -0.939469 -0.070351 1.655384 0.140025 -0.175537
    34 0.639937 -0.199121 -0.060200 1.671282 0.183109 -0.036771
    35 0.600157 1.080259 0.339531 1.741685 0.106920 0.153702
    36 0.610205 0.400743 0.010086 1.766615 0.125838 0.080304
    37 0.624002 -0.695300 0.232270 -0.745662 -0.597361 -0.943256
    38 -0.626031 -0.069983 -0.080517 -1.447153 0.086151 0.021559
    39 2.621377 -0.002532 -0.001438 -0.429653 -0.148156 0.889143
    40 2.660837 0.000397 -0.000071 -0.299402 0.028734 1.079048
    41 2.206394 0.003368 -0.006769 -0.281604 0.066659 0.958511
    42 0.599952 0.959240 -0.300102 -0.174544 0.000000 0.000000
    43 2.557190 -0.005873 0.002453 -0.194109 0.062295 1.086434
    44 2.095024 -0.003873 -0.002193 -0.235313 0.301109 0.566366
    45 0.999380 -0.000236 -1.228902 -0.000001 0.000000 0.000000
    46 -0.122639 -0.721856 0.661690 -0.486644 0.223964 0.243056
    47 2.622113 -0.004555 0.006647 0.107467 0.482635 0.302646
    48 2.658203 0.000780 0.000161 0.328288 0.324445 0.981184
    49 2.199219 0.000516 -0.000122 0.262846 0.022920 1.089811
    50 0.599951 0.959244 0.300102 0.174544 0.000000 0.000000
    51 2.558594 -0.000149 -0.000031 0.266888 0.214957 1.052934
    52 2.103851 0.005614 -0.001014 0.469526 -0.425366 0.713527
    53 0.999374 -0.000237 1.287489 0.000048 0.000000 0.736314
    54 0.310846 -0.606445 -0.498005 0.308107 -0.197598 0.313976
    55 1.873069 -0.004741 -0.000994 -0.000007 0.000004 0.721142
    56 1.200941 0.399582 -0.000237 -0.009465 0.016087 0.007127
    57 0.000586 0.100342 -0.000319 -0.120035 -0.021926 -0.209617
    58 -0.161663 0.051712 0.194808 -2.941982 0.122408 -0.060194
    59 2.010092 -0.003202 -0.003377 -0.000030 0.000037 0.808039
    60 0.000240 0.099802 -0.000395 -0.018823 0.010833 -0.239219
    61 -0.203197 0.048607 0.069150 -3.093332 0.033217 -0.046722
    62 1.180428 -0.006214 0.000780 -0.000014 0.000012 0.586051
    63 -0.000196 0.099625 -0.000034 0.000000 0.000000 -0.314102
    64 -0.088736 -0.688435 -0.145203 2.930407 -0.136130 0.513013
    65 1.712069 -0.003328 0.003818 0.000023 -0.000021 0.684681
    66 -0.000580 0.100145 -0.000311 -0.010914 0.023131 -0.260841
    67 -0.146030 -0.232426 -0.014225 3.028455 -0.094299 0.113020
    68 1.290632 0.000362 -0.000032 0.000000 0.000048 -0.148132
    69 -0.658121 -0.003575 0.072645 -0.142711 0.027792 -0.077299
    70 1.868080 -0.003049 0.006083 -0.000045 0.000003 0.795283
    71 1.200079 0.399944 -0.000093 0.009465 -0.016087 0.007127
    72 0.000591 0.100342 0.000319 0.120035 0.021926 -0.209617
    73 0.068077 0.002285 -0.080050 3.111376 -0.069366 -0.060847
    74 2.007813 -0.000882 -0.000381 0.000049 -0.000037 1.297777
    75 0.000229 0.099802 0.000395 0.018823 -0.010833 -0.239219
    76 -0.018673 -0.001009 0.047544 3.109244 0.002635 -0.106673
    77 1.178665 0.001595 0.000845 -0.000038 0.000078 0.669112
    78 -0.000198 0.099628 0.000034 0.000000 0.000000 -0.314102
    79 0.036892 -0.634449 0.266284 -2.801062 0.174301 0.490914
    80 1.708008 0.000721 0.000200 0.000000 0.000000 1.071623
    81 -0.000576 0.100136 0.000311 0.010912 -0.023129 -0.260841
    82 -0.003952 -0.281811 0.115047 -3.059162 0.089004 0.167964
    83 1.289627 0.003949 0.000061 -0.000002 0.000063 0.391274
    84 -0.171528 -0.018148 -0.099873 0.013484 -0.062184 -0.011780
    85 0.916622 0.007240 0.001326 0.000054 -0.000003 0.884334
    86 -0.342617 0.053404 -0.025571 -2.909301 -0.017248 0.075276
    87 1.100231 -0.000930 -0.002434 -0.000051 0.000026 0.361651
    88 -0.384983 0.330998 0.006848 -3.087207 -0.018765 -0.184279
    89 0.678146 0.006192 0.000002 -0.000018 -0.000019 0.367612
    90 -0.123848 0.072737 0.029507 2.898184 -0.060627 0.094834
    91 1.017166 -0.000154 -0.000252 -0.000023 -0.000002 0.367184
    92 -0.344986 0.123129 0.143151 2.994981 0.012396 0.059140
    93 -0.730988 0.177046 0.039141 -0.123731 0.076518 -0.084310
    94 0.921993 0.005205 -0.000896 -0.000002 -0.000011 0.511133
    95 -0.124027 -0.052092 0.038496 3.077813 -0.008519 0.039229
    96 1.100430 -0.007458 0.000503 -0.000042 0.000042 0.904181
    97 -0.330082 0.160641 0.042780 3.128073 0.034033 -0.171236
    98 0.675854 0.001531 0.003272 0.000002 0.000003 0.945893
    99 -0.019516 -0.016531 0.038578 -2.763781 0.050305 0.076828
    100 1.018555 -0.000026 -0.000397 0.000000 0.000000 0.984486
    101 -0.155312 0.130643 -0.021921 -3.022466 0.022433 -0.024903
    102 -0.252209 0.061937 -0.024914 -0.007671 -0.063171 -0.044392
    103 -0.085991 0.185203 -0.015180 -2.937063 -0.113970 -0.138991
    104 -0.286537 0.179852 0.024264 -3.109353 -0.049645 -0.029915
    105 -0.019489 0.147084 0.079203 2.893815 0.038585 -0.060594
    106 -0.046482 0.251898 0.129548 3.016165 0.077112 -0.042864
    107 0.039120 -0.040298 0.047739 3.084219 0.030470 -0.037414
    108 -0.233757 0.066630 0.001754 -3.133086 0.040141 -0.065413
    109 0.044266 0.020128 0.001684 -2.778763 -0.118872 -0.040488
    110 0.071495 0.074127 -0.048302 -3.035917 -0.059482 0.104366
    111 0.000000 0.000000 0.000000 0.000000 0.000000 -1.570796
    112 13.559008 -1.140660 -5.000153 -0.394484 0.017887 0.012894
    113 4.289193 9.562792 -5.152501 0.047300 -0.795423 -1.386899
    114 -1.542000 0.000000 1.810000 0.000000 0.000000 0.000000
    115 5.561000 0.000000 1.165000 0.000000 0.000000 0.000000
    116 -1.912000 0.003000 0.278000 0.000000 0.000000 0.000000
    117 1.947000 -0.003000 -0.278000 0.000000 0.000000 0.000000
    118 -3.830000 0.003000 0.015000 0.000000 0.000000 0.000000
    119 -2.941000 -0.003000 0.381000 0.000000 0.000000 0.000000
    120 -2.941000 -0.003000 0.381000 0.000000 0.000000 0.000000
    121 -0.070000 -0.003000 0.481000 0.000000 0.000000 0.000000
    122 1.771000 -0.314000 1.250000 0.000000 0.000000 -1.570796
    123 3.818000 0.000000 -0.014000 0.000000 0.000000 0.000000
    124 -0.470000 0.000000 -3.437000 0.000000 0.000000 0.000000
    125 -0.024000 0.000000 3.200000 0.000000 0.305210 0.000000
    126 -0.055985 0.000000 1.166089 0.000000 -0.382459 0.000000
    127 -11.997022 24.293710 -50.934464 0.395350 -0.011395 -0.018823
    128 -2.238000 0.000000 -3.188000 0.000000 0.000000 0.000000
    129 3.319000 0.000000 3.458000 0.000000 -0.159168 0.000000
    130 0.000000 0.000000 0.000000 0.000000 0.000000 0.000000
    131 0.533000 0.511000 -0.841000 0.000000 0.000000 0.000000
    132 0.000000 0.000000 0.000000 0.000000 0.000000 0.000000
    133 -0.106000 0.000000 64.320000 0.000000 0.000000 0.000000
    134 0.000000 0.000000 0.000000 0.000000 0.000000 0.000000
    135 0.000000 0.000000 0.000000 -0.002685 0.001258 -0.001894
    136 23.339294 -1.499513 5.531491 -0.394401 0.017887 0.012917
    137 0.106000 0.000000 -64.320000 0.000000 0.000000 0.000000
    138 0.000000 0.000000 0.000000 0.000000 0.000000 0.000000
    139 0.000000 0.000000 -4.867002 -3.141592 0.000000 -3.128591
    140 0.000000 0.000000 4.867000 -3.141592 0.000000 -3.128591
    141 4.000000 -6.500000 0.000000 0.000000 0.000000 0.000977
    142 -6.500000 0.000000 0.000000 0.000000 1.570796 0.000000
    143 1.000088 -0.000029 0.000000 0.000000 0.000000 0.000000
    144 17.162516 -0.000404 0.000000 0.000000 0.000000 0.119214
    145 9.999891 -0.000303 0.000000 0.000000 0.000000 0.000000
    146 1.000088 -0.000029 0.000000 0.000000 0.000000 0.000000
    147 17.162516 -0.000404 0.000000 0.000000 0.000000 0.119214
    148 9.499836 0.000212 0.000000 0.000000 0.000000 0.000000
    149 0.000000 0.000000 0.000000 0.000000 0.000000 0.000000
    150 17.749374 0.295515 0.000000 0.000000 0.000000 -1.158958
    151 0.017889 0.299792 0.000000 0.000000 0.000000 -0.059582
    152 12.283573 1.581456 -4.696000 1.462269 -0.086726 0.090185
    153 17.749376 0.295515 0.000000 0.000000 0.000000 -1.158958
    154 0.017889 0.299792 0.000000 0.000000 0.000000 -0.059582
    155 13.354000 0.000000 0.000000 0.000000 0.000000 -0.294101
    156 4.530998 0.000000 0.000000 0.000000 0.000000 0.000000
    157 0.000000 0.000000 0.000000 0.000000 0.000000 0.000000
    158 5.413524 0.000347 0.000000 0.000000 0.000000 -0.518055
    159 5.413524 0.000347 0.000000 0.000000 0.000000 -0.518055
    160 4.662001 -5.366332 4.825191 1.569713 1.561305 -3.121213
    161 3.116966 -0.000443 0.000000 0.000000 0.000000 0.294101
    162 4.531197 0.000000 0.000000 0.000000 0.000000 0.000000
    163 3.512001 -3.547000 -1.066000 0.000000 1.570796 0.000000
    164 3.456001 -3.517000 1.169000 0.000000 1.570796 0.000000
    165 6.233002 0.000000 0.000000 0.000000 0.000000 0.000000
    166 -0.171997 -0.106000 -0.902000 1.570713 1.029176 -3.134550
    167 6.234184 -6.380000 -0.027345 -0.001894 0.002673 -0.001270
    168 3.999434 -0.000528 -0.000332 -0.616807 -0.000048 0.000012
    169 3.999901 0.000039 0.001011 -0.096120 0.000000 0.000000
    170 1.598000 0.000000 0.000000 0.000000 0.000000 0.000000
    171 -1.145525 0.000130 0.000668 0.000000 0.000000 0.000000
    172 2.299679 -2.499978 -0.599480 0.892021 0.221512 -0.527234
    173 10.944507 -3.191482 -0.332317 1.597558 -0.146651 -0.183948
    174 -9.580675 -27.862104 -37.184681 0.812874 -0.123459 -0.568474
    175 0.649933 -0.548295 0.093651 -1.665913 -0.131399 -0.112062
    176 0.657078 0.008402 0.040371 -1.665945 -0.131407 -0.000013
    177 0.665776 0.747221 -0.029190 -1.665935 -0.131408 0.094976
    178 2.300137 -2.499413 0.600155 -0.891917 -0.221566 -0.527266
    179 11.962793 0.942966 3.328854 1.764063 -0.255053 0.173401
    180 2.762350 0.116951 1.523975 1.629482 0.064153 1.743800
    181 7.228321 7.928195 -3.925652 2.328643 0.123441 -0.568443
    182 0.650394 -0.547730 -0.092979 1.665913 0.131399 -0.112062
    183 0.657069 0.008399 -0.040379 1.665945 0.131407 -0.000013
    184 0.665772 0.747219 0.029182 1.665935 0.131408 0.094976
    185 -4.481003 -0.202000 0.000000 0.000000 0.000000 0.000000
    186 -5.516998 -0.291000 -0.001000 0.000000 0.000000 0.000000
    187 -0.857695 0.104072 0.104687 0.023536 0.163924 0.013632
    188 1.899119 0.000427 -0.000439 0.027386 -0.033311 0.477848
    189 1.799660 -0.000240 0.000231 0.027386 -0.033311 0.477848
    190 1.799660 -0.000240 0.000231 0.027386 -0.033311 0.477848
    191 1.799660 -0.000240 0.000231 0.027386 -0.033311 0.477848
    192 1.900312 -0.000137 -0.000517 0.027386 -0.033311 0.477848
    193 1.899437 -0.000313 -0.000151 -0.027386 0.033311 0.477848
    194 1.799659 -0.000237 -0.000233 -0.027386 0.033311 0.477848
    195 1.799659 -0.000237 -0.000233 -0.027386 0.033311 0.477848
    196 1.799659 -0.000237 -0.000233 -0.027386 0.033311 0.477848
    197 1.900725 0.000557 -0.000072 -0.027386 0.033311 0.477848
    198 0.599884 0.400188 -0.000027 0.000000 0.000000 0.000000
    199 0.599888 0.400187 0.000031 0.000000 0.000000 -3.141592
    200 0.599503 0.400696 0.000235 0.000000 0.000000 0.000000
    201 0.599983 0.000044 -0.000010 0.000000 0.000000 -3.141592
  time 30
    0 0.000000 0.000000 0.000000 0.000000 0.000000 -1.570796
    1 -0.106323 0.000000 -0.000198 0.000000 0.000000 0.000000
    2 0.000000 0.000000 0.000000 0.000000 0.000000 0.000000
    3 -0.904000 0.000000 -11.806000 0.000000 0.000000 0.000000
    4 0.000000 0.000000 -14.313999 0.000000 -1.570796 1.570857
    5 3.533001 0.000000 0.000000 0.000000 0.000000 0.000000
    6 6.250000 0.000000 0.000000 0.000000 0.000000 0.000000
    7 5.541484 6.285373 -0.643199 -0.475043 1.524049 -0.474647
    8 10.740861 6.843984 5.717585 0.061606 -1.214980 -0.057995
    9 5.790726 0.002787 -0.000113 -0.956826 0.255511 -1.635661
    10 5.999492 -0.000592 -4.000343 0.000000 0.000000 0.000000
    11 5.791316 0.002582 0.004799 1.472425 -0.470600 -1.991133
    12 5.999492 -0.000592 4.000336 0.000000 0.000000 0.000000
    13 0.500225 0.000133 -0.000088 0.093102 0.000000 0.000000
    14 11.534559 0.004255 -0.001312 -0.000077 -0.000027 -0.981048
    15 -0.829338 0.893824 0.079659 -0.148839 0.047645 0.087266
    16 0.500225 0.000132 0.000076 -0.394432 0.000000 0.000000
    17 11.536401 0.004432 -0.000089 -0.000054 -0.000046 -0.935719
    18 -0.829586 0.894698 -0.079464 0.045377 -0.019621 0.087266
    19 10.599884 0.000105 -0.000553 -1.203315 0.000036 -0.000012
    20 0.154822 -0.298619 -0.000805 0.000000 0.000011 0.490578
    21 11.042057 0.003717 0.004704 -1.051004 0.020594 0.797502
    22 -1.214832 0.203470 -0.477489 -0.135025 -0.078677 -0.001289
    23 10.599880 0.000105 0.000549 -0.243774 0.000000 0.000000
    24 0.139195 -0.275181 0.000801 0.000012 0.000049 0.467836
    25 11.041742 0.003171 -0.000571 -0.286528 0.688359 0.267497
    26 -1.063377 0.077663 0.150230 0.045121 0.020046 -0.012850
    27 0.610302 -0.939470 0.070343 -1.654739 -0.083511 -0.180446
    28 0.639940 -0.199121 0.060188 -1.665502 -0.069875 -0.072271
    29 0.600155 1.080261 -0.339535 -1.744123 0.106121 0.045652
    30 0.610207 0.400743 -0.010101 -1.761999 0.010556 0.028934
    31 0.629395 -0.689453 -0.229736 0.059917 -0.073984 -0.756749
    32 -0.792125 0.203736 0.461300 1.439074 -0.003453 -0.018305
    33 0.610300 -0.939469 -0.070351 1.655384 0.140023 -0.175539
    34 0.639937 -0.199121 -0.060200 1.671282 0.183106 -0.036771
    35 0.600157 1.080259 0.339531 1.741685 0.106920 0.153702
    36 0.610205 0.400743 0.010086 1.766615 0.125838 0.080304
    37 0.624002 -0.691393 0.236176 -0.769718 -0.597160 -0.932682
    38 -0.626031 -0.069983 -0.080517 -1.447153 0.086151 0.021559
    39 2.625284 -0.002532 -0.001438 -0.430261 -0.140742 0.893593
    40 2.664743 0.000397 -0.000071 -0.299088 0.029861 1.082701
    41 2.206394 0.003368 -0.002863 -0.280969 0.067634 0.962138
    42 0.599952 0.959240 -0.300102 -0.174544 0.000000 0.000000
    43 2.557190 -0.005873 0.002453 -0.193466 0.062990 1.090145
    44 2.095024 -0.003873 -0.006100 -0.235301 0.301109 0.566386
    45 1.000000 0.000665 -1.241211 -0.000001 0.000000 0.000000
    46 -0.122639 -0.721856 0.661690 -0.486644 0.223964 0.243056
    47 2.622113 -0.000648 0.002741 0.118010 0.486147 0.316410
    48 2.658203 0.000782 0.000161 0.328288 0.324445 0.981184
    49 2.199219 0.000516 -0.000122 0.262848 0.022919 1.089811
    50 0.599951 0.959244 0.300102 0.174544 0.000000 0.000000
    51 2.558594 -0.000149 -0.000030 0.266888 0.214957 1.052934
    52 2.103851 0.001708 -0.001014 0.463668 -0.431502 0.729612
    53 1.000000 0.000085 1.306641 0.000057 -0.000022 0.736334
    54 0.310846 -0.606445 -0.498005 0.308107 -0.197598 0.313976
    55 1.873069 -0.004741 -0.004901 -0.000007 0.000004 0.755146
    56 1.200941 0.399582 -0.000237 -0.009465 0.016087 0.007127
    57 0.000586 0.100342 -0.000319 -0.120035 -0.021926 -0.209617
    58 -0.161663 0.051712 0.194808 -2.941982 0.122408 -0.060194
    59 2.010092 -0.007109 -0.007284 -0.000030 0.000037 0.808039
    60 0.000240 0.099802 -0.000395 -0.018823 0.010833 -0.239219
    61 -0.203197 0.048607 0.069150 -3.093332 0.033217 -0.046722
    62 1.180428 -0.006214 0.000780 -0.000014 0.000012 0.586051
    63 -0.000196 0.099625 -0.000034 0.000000 0.000000 -0.314102
    64 -0.088736 -0.688435 -0.145203 2.930407 -0.136130 0.513013
    65 1.708008 0.000721 -0.000200 0.000000 0.000000 0.684690
    66 -0.000580 0.100145 -0.000311 -0.010912 0.023131 -0.260841
    67 -0.146030 -0.232426 -0.014225 3.028455 -0.094299 0.113020
    68 1.290632 0.000362 -0.000032 0.000000 0.000048 -0.148104
    69 -0.658121 -0.003575 0.072645 -0.142711 0.027792 -0.077299
    70 1.868080 -0.003049 0.006083 -0.000045 0.000003 0.815618
    71 1.200079 0.399944 -0.000093 0.009465 -0.016087 0.007127
    72 0.000591 0.100342 0.000319 0.120035 0.021926 -0.209617
    73 0.068077 0.002285 -0.080050 3.111376 -0.069366 -0.060847
    74 2.007813 -0.000883 -0.000381 0.000049 -0.000037 1.297777
    75 0.000229 0.099802 0.000395 0.018823 -0.010833 -0.239219
    76 -0.018673 -0.001009 0.047544 3.109244 0.002635 -0.106673
    77 1.178665 0.001595 0.000845 -0.000038 0.000078 0.669112
    78 -0.000198 0.099628 0.000034 0.000000 0.000000 -0.314102
    79 0.036892 -0.634449 0.266284 -2.801062 0.174301 0.490914
    80 1.708008 0.000721 0.000200 0.000000 0.000000 1.071623
    81 -0.000576 0.100136 0.000311 0.010912 -0.023131 -0.260841
    82 -0.003952 -0.281811 0.115047 -3.059162 0.089004 0.167964
    83 1.290039 0.000364 -0.000046 0.000000 0.000000 0.465379
    84 -0.171528 -0.018148 -0.099873 0.013484 -0.062184 -0.011780
    85 0.912716 0.007240 0.001326 0.000054 -0.000003 0.884334
    86 -0.342617 0.053404 -0.025571 -2.909301 -0.017248 0.075276
    87 1.100231 -0.000930 -0.002434 -0.000039 0.000026 0.361693
    88 -0.384983 0.330998 0.006848 -3.087207 -0.018765 -0.184279
    89 0.678146 0.006192 -0.003905 -0.000030 -0.000019 0.367662
    90 -0.123848 0.072737 0.029507 2.898184 -0.060627 0.094834
    91 1.017166 -0.000154 -0.000252 0.000000 0.000000 0.367125
    92 -0.344986 0.123129 0.143151 2.994981 0.012396 0.059140
    93 -0.730988 0.177046 0.039141 -0.123731 0.076518 -0.084310
    94 0.918945 0.000401 0.000087 0.000000 0.000000 0.484981
    95 -0.124027 -0.052092 0.038496 3.077813 -0.008519 0.039229
    96 1.100430 -0.003552 0.000503 -0.000042 0.000042 0.904181
    97 -0.330082 0.160641 0.042780 3.128073 0.034033 -0.171236
    98 0.675854 0.001531 0.003272 0.000002 0.000003 0.945911
    99 -0.019516 -0.016531 0.038578 -2.763781 0.050305 0.076828
    100 1.018555 -0.000027 -0.000397 0.000000 0.000000 0.984486
    101 -0.155312 0.130643 -0.021921 -3.022466 0.022433 -0.024903
    102 -0.252209 0.061937 -0.024914 -0.007671 -0.063171 -0.044392
    103 -0.085991 0.185203 -0.015180 -2.937063 -0.113970 -0.138991
    104 -0.286537 0.179852 0.024264 -3.109353 -0.049645 -0.029915
    105 -0.019489 0.147084 0.079203 2.893815 0.038585 -0.060594
    106 -0.046482 0.251898 0.129548 3.016165 0.077112 -0.042864
    107 0.039120 -0.040298 0.047739 3.084219 0.030470 -0.037414
    108 -0.233757 0.066630 0.001754 -3.133086 0.040141 -0.065413
    109 0.044266 0.020128 0.001684 -2.778763 -0.118872 -0.040488
    110 0.071495 0.074127 -0.048302 -3.035917 -0.059482 0.104366
    111 0.000000 0.000000 0.000000 0.000000 0.000000 -1.570796
    112 13.734794 -1.140660 -5.105625 -0.389351 0.014797 0.003831
    113 4.504044 9.332316 -5.304849 0.053916 -0.799333 -1.400796
    114 -1.542000 0.000000 1.810000 0.000000 0.000000 0.000000
    115 5.561000 0.000000 1.165000 0.000000 0.000000 0.000000
    116 -1.912000 0.003000 0.278000 0.000000 0.000000 0.000000
    117 1.947000 -0.003000 -0.278000 0.000000 0.000000 0.000000
    118 -3.830000 0.003000 0.015000 0.000000 0.000000 0.000000
    119 -2.941000 -0.003000 0.381000 0.000000 0.000000 0.000000
    120 -2.941000 -0.003000 0.381000 0.000000 0.000000 0.000000
    121 -0.070000 -0.003000 0.481000 0.000000 0.000000 0.000000
    122 1.771000 -0.314000 1.250000 0.000000 0.000000 -1.570796
    123 3.818000 0.000000 -0.014000 0.000000 0.000000 0.000000
    124 -0.470000 0.000000 -3.437000 0.000000 0.000000 0.000000
    125 -0.024000 0.000000 3.200000 0.000000 0.305210 0.000000
    126 -0.055985 0.000000 1.166089 0.000000 -0.382459 0.000000
    127 -12.364220 23.805414 -51.008685 0.389242 -0.012098 -0.009084
    128 -2.238000 0.000000 -3.188000 0.000000 0.000000 0.000000
    129 3.319000 0.000000 3.458000 0.000000 -0.159168 0.000000
    130 0.000000 0.000000 0.000000 0.000000 0.000000 0.000000
    131 0.533000 0.511000 -0.841000 0.000000 0.000000 0.000000
    132 0.000000 0.000000 0.000000 0.000000 0.000000 0.000000
    133 -0.106000 0.000000 64.320000 0.000000 0.000000 0.000000
    134 0.000000 0.000000 0.000000 0.000000 0.000000 0.000000
    135 0.000000 0.000000 0.000000 -0.006592 0.000779 -0.001210
    136 23.511175 -1.569828 5.445551 -0.389253 0.014797 0.003761
    137 0.106000 0.000000 -64.320000 0.000000 0.000000 0.000000
    138 0.000000 0.000000 0.000000 0.000000 0.000000 0.000000
    139 0.000000 0.000000 -4.867002 -3.141592 0.000000 -3.128591
    140 0.000000 0.000000 4.867000 -3.141592 0.000000 -3.128591
    141 4.000000 -6.500000 0.000000 0.000000 0.000000 0.000977
    142 -6.500000 0.000000 0.000000 0.000000 1.570796 0.000000
    143 1.000088 -0.000029 0.000000 0.000000 0.000000 0.000000
    144 17.162516 -0.000404 0.000000 0.000000 0.000000 0.119214
    145 9.999891 -0.000303 0.000000 0.000000 0.000000 0.000000
    146 1.000088 -0.000029 0.000000 0.000000 0.000000 0.000000
    147 17.162516 -0.000404 0.000000 0.000000 0.000000 0.119214
    148 9.499836 0.000212 0.000000 0.000000 0.000000 0.000000
    149 0.000000 0.000000 0.000000 0.000000 0.000000 0.000000
    150 17.749374 0.295515 0.000000 0.000000 0.000000 -1.158958
    151 0.017889 0.299792 0.000000 0.000000 0.000000 -0.059582
    152 12.283573 1.581456 -4.696000 1.462269 -0.086726 0.090185
    153 17.749376 0.295515 0.000000 0.000000 0.000000 -1.158958
    154 0.017889 0.299792 0.000000 0.000000 0.000000 -0.059582
    155 13.354000 0.000000 0.000000 0.000000 0.000000 -0.294101
    156 4.530998 0.000000 0.000000 0.000000 0.000000 0.000000
    157 0.000000 0.000000 0.000000 0.000000 0.000000 0.000000
    158 5.413524 0.000347 0.000000 0.000000 0.000000 -0.518055
    159 5.413524 0.000347 0.000000 0.000000 0.000000 -0.518055
    160 4.662001 -5.366332 4.825191 1.569713 1.561305 -3.121213
    161 3.116966 -0.000443 0.000000 0.000000 0.000000 0.294101
    162 4.531197 0.000000 0.000000 0.000000 0.000000 0.000000
    163 3.512001 -3.547000 -1.066000 0.000000 1.570796 0.000000
    164 3.456001 -3.517000 1.169000 0.000000 1.570796 0.000000
    165 6.233002 0.000000 0.000000 0.000000 0.000000 0.000000
    166 -0.171997 -0.106000 -0.902000 1.570713 1.029176 -3.134550
    167 6.238090 -6.380000 -0.031251 -0.001210 0.006580 -0.000791
    168 3.999434 -0.000528 -0.000332 -0.601594 0.000000 0.000000
    169 3.999901 0.000039 0.001011 -0.121911 0.000000 0.000000
    170 1.598000 0.000000 0.000000 0.000000 0.000000 0.000000
    171 -1.145525 0.000130 0.000668 0.000000 0.000000 0.000000
    172 2.299679 -2.499978 -0.599480 0.892021 0.221512 -0.527234
    173 10.944507 -3.191482 -0.332317 1.597558 -0.146651 -0.183948
    174 -9.580675 -27.862104 -37.184681 0.812874 -0.123459 -0.568474
    175 0.649933 -0.548295 0.093651 -1.665913 -0.131399 -0.112062
    176 0.657078 0.008402 0.040371 -1.665945 -0.131407 -0.000013
    177 0.665776 0.747221 -0.029190 -1.665935 -0.131408 0.094976
    178 2.300137 -2.499413 0.600155 -0.891917 -0.221566 -0.527266
    179 11.962793 0.942966 3.328854 1.764063 -0.255053 0.173401
    180 2.762350 0.116951 1.523975 1.629482 0.064153 1.743800
    181 7.228321 7.928195 -3.925652 2.328701 0.123454 -0.568473
    182 0.650394 -0.547730 -0.092979 1.665913 0.131399 -0.112062
    183 0.657069 0.008399 -0.040379 1.665945 0.131407 -0.000013
    184 0.665772 0.747219 0.029182 1.665935 0.131408 0.094976
    185 -4.481003 -0.202000 0.000000 0.000000 0.000000 0.000000
    186 -5.516998 -0.291000 -0.001000 0.000000 0.000000 0.000000
    187 -0.857695 0.104072 0.104687 0.023536 0.163924 0.013632
    188 1.899119 0.000427 -0.000439 0.027386 -0.033311 0.477848
    189 1.799660 -0.000240 0.000231 0.027386 -0.033311 0.477848
    190 1.799660 -0.000240 0.000231 0.027386 -0.033311 0.477848
    191 1.799660 -0.000240 0.000231 0.027386 -0.033311 0.477848
    192 1.900312 -0.000137 -0.000517 0.027386 -0.033311 0.477848
    193 1.899437 -0.000313 -0.000151 -0.027386 0.033311 0.477848
    194 1.799659 -0.000237 -0.000233 -0.027386 0.033311 0.477848
    195 1.799659 -0.000237 -0.000233 -0.027386 0.033311 0.477848
    196 1.799659 -0.000237 -0.000233 -0.027386 0.033311 0.477848
    197 1.900725 0.000557 -0.000072 -0.027386 0.033311 0.477848
    198 0.599884 0.400188 -0.000027 0.000000 0.000000 0.000000
    199 0.599888 0.400187 0.000031 0.000000 0.000000 -3.141592
    200 0.599503 0.400696 0.000235 0.000000 0.000000 0.000000
    201 0.599983 0.000044 -0.000010 0.000000 0.000000 -3.141592
  time 31
    0 0.000000 0.000000 0.000000 0.000000 0.000000 -1.570796
    1 -0.106323 0.000000 -0.000198 0.000000 0.000000 0.000000
    2 0.000000 0.000000 0.000000 0.000000 0.000000 0.000000
    3 -0.904000 0.000000 -11.806000 0.000000 0.000000 0.000000
    4 0.000000 0.000000 -14.313999 0.000000 -1.570796 1.570857
    5 3.533001 0.000000 0.000000 0.000000 0.000000 0.000000
    6 6.250000 0.000000 0.000000 0.000000 0.000000 0.000000
    7 4.818806 7.062740 -0.432255 -0.705701 1.537885 -0.705676
    8 10.858052 7.961205 5.576955 0.058964 -1.199018 -0.055099
    9 5.790726 0.002787 -0.000113 -0.980632 0.166556 -1.658353
    10 5.999492 -0.000592 -4.000343 0.000000 0.000000 0.000000
    11 5.791316 0.006489 0.000893 1.543675 -0.374901 -2.000101
    12 5.999492 -0.000592 4.000336 0.000000 0.000000 0.000000
    13 0.500225 0.000133 -0.000088 0.112888 0.000000 0.000000
    14 11.534559 0.000348 -0.001312 0.000055 0.000033 -0.828880
    15 -0.829338 0.893824 0.079659 -0.148839 0.047645 0.087266
    16 0.500225 0.000132 0.000076 -0.476963 0.000000 0.000000
    17 11.532495 0.004432 -0.000089 0.000006 -0.000022 -0.725318
    18 -0.829586 0.894698 -0.079464 0.045377 -0.019621 0.087266
    19 10.599884 0.000105 -0.000553 -1.159584 0.000012 0.000000
    20 0.119665 -0.275181 -0.000805 0.000000 0.000011 0.414457
    21 11.042057 0.003717 0.000798 -1.006109 0.055363 0.730307
    22 -1.214832 0.203470 -0.477489 -0.135025 -0.078677 -0.001289
    23 10.599880 0.000105 0.000549 -0.271124 0.000048 -0.000060
    24 0.119663 -0.275181 0.000801 0.000000 -0.000023 0.362711
    25 11.041742 0.003171 -0.000571 -0.329947 0.662614 0.109236
    26 -1.063377 0.077663 0.150230 0.045121 0.020046 -0.012850
    27 0.610302 -0.939470 0.070343 -1.654739 -0.083511 -0.180446
    28 0.639940 -0.199121 0.060188 -1.665502 -0.069875 -0.072271
    29 0.600155 1.080261 -0.339535 -1.744176 0.106121 0.045640
    30 0.610207 0.400743 -0.010101 -1.761999 0.010556 0.028946
    31 0.629395 -0.689453 -0.229736 0.059917 -0.073984 -0.756749
    32 -0.792125 0.203736 0.461300 1.439074 -0.003453 -0.018305
    33 0.610300 -0.939469 -0.070351 1.655384 0.140023 -0.175539
    34 0.639937 -0.199121 -0.060200 1.671282 0.183106 -0.036771
    35 0.600157 1.080259 0.339531 1.741685 0.106920 0.153702
    36 0.610205 0.400743 0.010086 1.766615 0.125838 0.080304
    37 0.624002 -0.695300 0.236176 -0.769718 -0.597194 -0.932719
    38 -0.626031 -0.069983 -0.080517 -1.447153 0.086151 0.021559
    39 2.625284 -0.002532 -0.001438 -0.430431 -0.140203 0.894888
    40 2.664743 0.000397 -0.000071 -0.298788 0.030951 1.086354
    41 2.202488 0.003368 -0.006769 -0.280334 0.068593 0.965798
    42 0.599952 0.959240 -0.300102 -0.174544 0.000000 0.000000
    43 2.557190 -0.005873 0.006359 -0.192840 0.063661 1.093818
    44 2.095024 -0.003873 -0.002193 -0.235289 0.301109 0.566386
    45 1.000000 0.000665 -1.241211 -0.000001 0.000000 0.000000
    46 -0.122639 -0.721856 0.661690 -0.486644 0.223964 0.243056
    47 2.622113 -0.004555 0.002741 0.118010 0.486135 0.316410
    48 2.658203 0.000782 0.000161 0.328288 0.324445 0.981184
    49 2.199219 0.000516 -0.000122 0.262848 0.022919 1.089811
    50 0.599951 0.959244 0.300102 0.174544 0.000000 0.000000
    51 2.558594 -0.000149 -0.000030 0.266888 0.214957 1.052934
    52 2.103851 0.001708 -0.001014 0.463668 -0.431502 0.729612
    53 1.000000 0.000085 1.306641 0.000057 -0.000022 0.736334
    54 0.310846 -0.606445 -0.498005 0.308107 -0.197598 0.313976
    55 1.873069 -0.000835 -0.000994 -0.000031 -0.000044 0.764169
    56 1.200941 0.399582 -0.000237 -0.009465 0.016087 0.007127
    57 0.000586 0.100342 -0.000319 -0.120035 -0.021926 -0.209617
    58 -0.161663 0.051712 0.194808 -2.941982 0.122408 -0.060194
    59 2.010092 -0.003202 -0.003377 -0.000018 0.000037 0.808039
    60 0.000240 0.099802 -0.000395 -0.018823 0.010833 -0.239219
    61 -0.203197 0.048607 0.069150 -3.093332 0.033217 -0.046722
    62 1.180428 -0.006214 0.000780 -0.000014 0.000012 0.586051
    63 -0.000196 0.099625 -0.000034 0.000000 0.000000 -0.314102
    64 -0.088736 -0.688435 -0.145203 2.930407 -0.136130 0.513013
    65 1.708008 0.000721 -0.000200 0.000000 0.000000 0.684690
    66 -0.000580 0.100145 -0.000311 -0.010912 0.023131 -0.260841
    67 -0.146030 -0.232426 -0.014225 3.028455 -0.094299 0.113020
    68 1.290632 0.000362 -0.000032 0.000000 0.000036 -0.148104
    69 -0.658121 -0.003575 0.072645 -0.142711 0.027792 -0.077299
    70 1.868080 -0.003049 0.006083 -0.000045 0.000015 0.815618
    71 1.200079 0.399944 -0.000093 0.009465 -0.016087 0.007127
    72 0.000591 0.100342 0.000319 0.120035 0.021926 -0.209617
    73 0.068077 0.002285 -0.080050 3.111376 -0.069366 -0.060847
    74 2.007813 -0.000883 -0.000381 0.000049 -0.000037 1.297777
    75 0.000229 0.099802 0.000395 0.018823 -0.010833 -0.239219
    76 -0.018673 -0.001009 0.047544 3.109244 0.002635 -0.106673
    77 1.178665 0.001595 0.000845 -0.000038 0.000078 0.669112
    78 -0.000198 0.099628 0.000034 0.000000 0.000000 -0.314102
    79 0.036892 -0.634449 0.266284 -2.801062 0.174301 0.490914
    80 1.708008 0.000721 0.000200 0.000000 0.000000 1.071623
    81 -0.000576 0.100136 0.000311 0.010912 -0.023131 -0.260841
    82 -0.003952 -0.281811 0.115047 -3.059162 0.089004 0.167964
    83 1.290039 0.000364 -0.000046 0.000000 0.000000 0.465379
    84 -0.171528 -0.018148 -0.099873 0.013484 -0.062184 -0.011780
    85 0.912716 0.007240 0.001326 0.000042 -0.000003 0.884334
    86 -0.342617 0.053404 -0.025571 -2.909301 -0.017248 0.075276
    87 1.100231 -0.000930 -0.002434 -0.000039 0.000026 0.361693
    88 -0.384983 0.330998 0.006848 -3.087207 -0.018765 -0.184279
    89 0.678146 0.006192 0.000002 -0.000030 -0.000019 0.367662
    90 -0.123848 0.072737 0.029507 2.898184 -0.060627 0.094834
    91 1.017166 -0.000154 -0.000252 0.000000 0.000000 0.367125
    92 -0.344986 0.123129 0.143151 2.994981 0.012396 0.059140
    93 -0.730988 0.177046 0.039141 -0.123731 0.076518 -0.084310
    94 0.918945 0.000401 0.000087 0.000000 0.000000 0.484981
    95 -0.124027 -0.052092 0.038496 3.077813 -0.008519 0.039229
    96 1.100430 -0.007458 0.000503 -0.000054 0.000042 0.904157
    97 -0.330082 0.160641 0.042780 3.128073 0.034033 -0.171236
    98 0.675854 0.001531 0.003272 0.000002 0.000003 0.945893
    99 -0.019516 -0.016531 0.038578 -2.763781 0.050305 0.076828
    100 1.018555 -0.000027 -0.000397 0.000000 0.000000 0.984486
    101 -0.155312 0.130643 -0.021921 -3.022466 0.022433 -0.024903
    102 -0.252209 0.061937 -0.024914 -0.007671 -0.063171 -0.044392
    103 -0.085991 0.185203 -0.015180 -2.937063 -0.113970 -0.138991
    104 -0.286537 0.179852 0.024264 -3.109353 -0.049645 -0.029915
    105 -0.019489 0.147084 0.079203 2.893815 0.038585 -0.060594
    106 -0.046482 0.251898 0.129548 3.016165 0.077112 -0.042864
    107 0.039120 -0.040298 0.047739 3.084219 0.030470 -0.037414
    108 -0.233757 0.066630 0.001754 -3.133086 0.040141 -0.065413
    109 0.044266 0.020128 0.001684 -2.778763 -0.118872 -0.040488
    110 0.071495 0.074127 -0.048302 -3.035917 -0.059482 0.104366
    111 0.000000 0.000000 0.000000 0.000000 0.000000 -1.570796
    112 13.691824 -1.132847 -5.086093 -0.376233 0.007773 -0.000841
    113 4.629048 9.351848 -5.371258 0.070874 -0.808289 -1.417929
    114 -1.542000 0.000000 1.810000 0.000000 0.000000 0.000000
    115 5.561000 0.000000 1.165000 0.000000 0.000000 0.000000
    116 -1.912000 0.003000 0.278000 0.000000 0.000000 0.000000
    117 1.947000 -0.003000 -0.278000 0.000000 0.000000 0.000000
    118 -3.830000 0.003000 0.015000 0.000000 0.000000 0.000000
    119 -2.941000 -0.003000 0.381000 0.000000 0.000000 0.000000
    120 -2.941000 -0.003000 0.381000 0.000000 0.000000 0.000000
    121 -0.070000 -0.003000 0.481000 0.000000 0.000000 0.000000
    122 1.771000 -0.314000 1.250000 0.000000 0.000000 -1.570796
    123 3.818000 0.000000 -0.014000 0.000000 0.000000 0.000000
    124 -0.470000 0.000000 -3.437000 0.000000 0.000000 0.000000
    125 -0.024000 0.000000 3.200000 0.000000 0.305210 0.000000
    126 -0.055985 0.000000 1.166089 0.000000 -0.382459 0.000000
    127 -12.731419 23.004608 -51.266506 0.376286 -0.006960 -0.003465
    128 -2.238000 0.000000 -3.188000 0.000000 0.000000 0.000000
    129 3.319000 0.000000 3.458000 0.000000 -0.159168 0.000000
    130 0.000000 0.000000 0.000000 0.000000 0.000000 0.000000
    131 0.533000 0.511000 -0.841000 0.000000 0.000000 0.000000
    132 0.000000 0.000000 0.000000 0.000000 0.000000 0.000000
    133 -0.106000 0.000000 64.320000 0.000000 0.000000 0.000000
    134 0.000000 0.000000 0.000000 0.000000 0.000000 0.000000
    135 0.000000 0.000000 0.000000 0.002912 0.002493 -0.000911
    136 23.472111 -1.589360 5.519772 -0.376211 0.007774 -0.000724
    137 0.106000 0.000000 -64.320000 0.000000 0.000000 0.000000
    138 0.000000 0.000000 0.000000 0.000000 0.000000 0.000000
    139 0.000000 0.000000 -4.867002 -3.141592 0.000000 -3.128591
    140 0.000000 0.000000 4.867000 -3.141592 0.000000 -3.128591
    141 4.000000 -6.500000 0.000000 0.000000 0.000000 0.000977
    142 -6.500000 0.000000 0.000000 0.000000 1.570796 0.000000
    143 1.000088 -0.000029 0.000000 0.000000 0.000000 0.000000
    144 17.162516 -0.000404 0.000000 0.000000 0.000000 0.119214
    145 9.999891 -0.000303 0.000000 0.000000 0.000000 0.000000
    146 1.000088 -0.000029 0.000000 0.000000 0.000000 0.000000
    147 17.162516 -0.000404 0.000000 0.000000 0.000000 0.119214
    148 9.499836 0.000212 0.000000 0.000000 0.000000 0.000000
    149 0.000000 0.000000 0.000000 0.000000 0.000000 0.000000
    150 17.749374 0.295515 0.000000 0.000000 0.000000 -1.158958
    151 0.017889 0.299792 0.000000 0.000000 0.000000 -0.059582
    152 12.283573 1.581456 -4.696000 1.462269 -0.086726 0.090185
    153 17.749376 0.295515 0.000000 0.000000 0.000000 -1.158958
    154 0.017889 0.299792 0.000000 0.000000 0.000000 -0.059582
    155 13.354000 0.000000 0.000000 0.000000 0.000000 -0.294101
    156 4.530998 0.000000 0.000000 0.000000 0.000000 0.000000
    157 0.000000 0.000000 0.000000 0.000000 0.000000 0.000000
    158 5.413524 0.000347 0.000000 0.000000 0.000000 -0.518055
    159 5.413524 0.000347 0.000000 0.000000 0.000000 -0.518055
    160 4.662001 -5.366332 4.825191 1.569713 1.561305 -3.121213
    161 3.116966 -0.000443 0.000000 0.000000 0.000000 0.294101
    162 4.531197 0.000000 0.000000 0.000000 0.000000 0.000000
    163 3.512001 -3.547000 -1.066000 0.000000 1.570796 0.000000
    164 3.456001 -3.517000 1.169000 0.000000 1.570796 0.000000
    165 6.233002 0.000000 0.000000 0.000000 0.000000 0.000000
    166 -0.171997 -0.106000 -0.902000 1.570713 1.029176 -3.134550
    167 6.234184 -6.391719 0.019532 -0.000911 -0.002912 -0.002493
    168 3.999434 -0.000528 -0.000332 -0.579767 0.000000 0.000024
    169 3.999901 0.000039 0.001011 -0.135594 0.000060 0.000000
    170 1.598000 0.000000 0.000000 0.000000 0.000000 0.000000
    171 -1.145525 0.000130 0.000668 0.000000 0.000000 0.000000
    172 2.299679 -2.499978 -0.599480 0.892021 0.221512 -0.527234
    173 10.944507 -3.191482 -0.332317 1.597558 -0.146651 -0.183948
    174 -9.580675 -27.862104 -37.184681 0.812874 -0.123459 -0.568474
    175 0.649933 -0.548295 0.093651 -1.665913 -0.131399 -0.112062
    176 0.657078 0.008402 0.040371 -1.665945 -0.131407 -0.000013
    177 0.665776 0.747221 -0.029190 -1.665935 -0.131408 0.094976
    178 2.300137 -2.499413 0.600155 -0.891917 -0.221566 -0.527266
    179 11.962793 0.942966 3.328854 1.764063 -0.255053 0.173401
    180 2.762350 0.116951 1.523975 1.629482 0.064153 1.743800
    181 7.228321 7.928195 -3.925652 2.328701 0.123454 -0.568473
    182 0.650394 -0.547730 -0.092979 1.665913 0.131399 -0.112062
    183 0.657069 0.008399 -0.040379 1.665945 0.131407 -0.000013
    184 0.665772 0.747219 0.029182 1.665935 0.131408 0.094976
    185 -4.481003 -0.202000 0.000000 0.000000 0.000000 0.000000
    186 -5.516998 -0.291000 -0.001000 0.000000 0.000000 0.000000
    187 -0.857695 0.104072 0.104687 0.023536 0.163924 0.013632
    188 1.899119 0.000427 -0.000439 0.027386 -0.033311 0.477848
    189 1.799660 -0.000240 0.000231 0.027386 -0.033311 0.477848
    190 1.799660 -0.000240 0.000231 0.027386 -0.033311 0.477848
    191 1.799660 -0.000240 0.000231 0.027386 -0.033311 0.477848
    192 1.900312 -0.000137 -0.000517 0.027386 -0.033311 0.477848
    193 1.899437 -0.000313 -0.000151 -0.027386 0.033311 0.477848
    194 1.799659 -0.000237 -0.000233 -0.027386 0.033311 0.477848
    195 1.799659 -0.000237 -0.000233 -0.027386 0.033311 0.477848
    196 1.799659 -0.000237 -0.000233 -0.027386 0.033311 0.477848
    197 1.900725 0.000557 -0.000072 -0.027386 0.033311 0.477848
    198 0.599884 0.400188 -0.000027 0.000000 0.000000 0.000000
    199 0.599888 0.400187 0.000031 0.000000 0.000000 -3.141592
    200 0.599503 0.400696 0.000235 0.000000 0.000000 0.000000
    201 0.599983 0.000044 -0.000010 0.000000 0.000000 -3.141592
  time 32
    0 0.000000 0.000000 0.000000 0.000000 0.000000 -1.570796
    1 -0.106323 0.000000 -0.000198 0.000000 0.000000 0.000000
    2 0.000000 0.000000 0.000000 0.000000 0.000000 0.000000
    3 -0.904000 0.000000 -11.806000 0.000000 0.000000 0.000000
    4 0.000000 0.000000 -14.313999 0.000000 -1.570796 1.570857
    5 3.533001 0.000000 0.000000 0.000000 0.000000 0.000000
    6 6.250000 0.000000 0.000000 0.000000 0.000000 0.000000
    7 4.303165 7.629164 -0.283813 -1.000672 1.545441 -1.000796
    8 10.943993 8.804981 5.479296 0.057241 -1.187217 -0.053339
    9 5.786820 0.002787 -0.000113 -0.995430 0.095524 -1.679364
    10 5.999492 -0.000592 -4.000343 0.000000 0.000000 0.000000
    11 5.791316 0.002582 0.000893 1.585634 -0.278996 -1.996728
    12 5.999492 -0.000592 4.000336 0.000000 0.000000 0.000000
    13 0.500225 0.000133 -0.000088 0.124570 0.000000 0.000000
    14 11.534559 0.004255 -0.001312 -0.000005 0.000009 -0.702685
    15 -0.829338 0.893824 0.079659 -0.148839 0.047645 0.087266
    16 0.500225 0.000132 0.000076 -0.533697 0.000000 0.000000
    17 11.536401 0.000526 -0.000089 -0.000006 0.000038 -0.523391
    18 -0.829586 0.894698 -0.079464 0.045377 -0.019621 0.087266
    19 10.599884 0.000105 -0.000553 -1.115853 0.000000 0.000000
    20 0.119665 -0.275181 -0.000805 0.000000 0.000011 0.351465
    21 11.042057 0.003717 0.000798 -0.970106 0.075881 0.674782
    22 -1.214832 0.203470 -0.477489 -0.135025 -0.078677 -0.001289
    23 10.599880 0.000105 0.000549 -0.282112 0.000000 -0.000060
    24 0.104038 -0.279087 0.000801 -0.000012 -0.000047 0.261691
    25 11.041742 0.003171 -0.000571 -0.349556 0.644960 -0.024384
    26 -1.063377 0.077663 0.150230 0.045121 0.020046 -0.012850
    27 0.610302 -0.939470 0.070343 -1.654739 -0.083523 -0.180434
    28 0.639940 -0.199121 0.060188 -1.665502 -0.069887 -0.072283
    29 0.600155 1.080261 -0.339535 -1.744123 0.106121 0.045640
    30 0.610207 0.400743 -0.010101 -1.761999 0.010556 0.028958
    31 0.629395 -0.689453 -0.229736 0.059917 -0.073984 -0.756749
    32 -0.792125 0.203736 0.461300 1.439074 -0.003453 -0.018305
    33 0.610300 -0.939469 -0.070351 1.655384 0.140023 -0.175539
    34 0.639937 -0.199121 -0.060200 1.671282 0.183106 -0.036771
    35 0.600157 1.080259 0.339531 1.741685 0.106920 0.153702
    36 0.610205 0.400743 0.010086 1.766615 0.125838 0.080304
    37 0.624002 -0.695300 0.236176 -0.769718 -0.597194 -0.932682
    38 -0.626031 -0.069983 -0.080517 -1.447153 0.086151 0.021559
    39 2.621377 -0.002532 -0.001438 -0.430614 -0.139639 0.896183
    40 2.660837 0.000397 -0.000071 -0.298788 0.030963 1.086393
    41 2.202488 0.003368 -0.002863 -0.280322 0.068609 0.965867
    42 0.599952 0.959240 -0.300102 -0.174544 0.000000 0.000000
    43 2.553283 -0.001967 0.006359 -0.192840 0.063709 1.093896
    44 2.095024 -0.003873 -0.002193 -0.235277 0.301109 0.566386
    45 1.000000 0.000665 -1.241211 -0.000001 0.000000 0.000000
    46 -0.122639 -0.721856 0.661690 -0.486644 0.223964 0.243056
    47 2.622113 -0.000648 0.002741 0.118010 0.486135 0.316410
    48 2.658203 0.000782 0.000161 0.328288 0.324445 0.981184
    49 2.199219 0.000516 -0.000122 0.262848 0.022919 1.089811
    50 0.599951 0.959244 0.300102 0.174544 0.000000 0.000000
    51 2.558594 -0.000149 -0.000030 0.266888 0.214957 1.052934
    52 2.103851 0.005614 -0.001014 0.463668 -0.431502 0.729612
    53 1.000000 0.000085 1.306641 0.000057 -0.000022 0.736334
    54 0.310846 -0.606445 -0.498005 0.308107 -0.197598 0.313976
    55 1.869163 -0.004741 -0.000994 -0.000007 0.000004 0.769015
    56 1.200941 0.399582 -0.000237 -0.009465 0.016087 0.007127
    57 0.000586 0.100342 -0.000319 -0.120035 -0.021926 -0.209617
    58 -0.161663 0.051712 0.194808 -2.941982 0.122408 -0.060194
    59 2.010092 -0.007109 -0.003377 -0.000018 0.000037 0.808135
    60 0.000240 0.099802 -0.000395 -0.018823 0.010833 -0.239219
    61 -0.203197 0.048607 0.069150 -3.093332 0.033217 -0.046722
    62 1.180428 -0.006214 0.000780 -0.000014 0.000000 0.586083
    63 -0.000196 0.099625 -0.000034 0.000000 0.000000 -0.314102
    64 -0.088736 -0.688435 -0.145203 2.930407 -0.136130 0.513013
    65 1.708008 0.000721 -0.000200 0.000000 0.000000 0.684690
    66 -0.000580 0.100145 -0.000311 -0.010912 0.023131 -0.260841
    67 -0.146030 -0.232426 -0.014225 3.028455 -0.094299 0.113020
    68 1.290632 0.000362 -0.000032 -0.000012 0.000024 -0.148104
    69 -0.658121 -0.003575 0.072645 -0.142711 0.027792 -0.077299
    70 1.868080 -0.003049 0.006083 -0.000033 0.000015 0.815618
    71 1.200079 0.399944 -0.000093 0.009465 -0.016087 0.007127
    72 0.000591 0.100342 0.000319 0.120035 0.021926 -0.209617
    73 0.068077 0.002285 -0.080050 3.111376 -0.069366 -0.060847
    74 2.007813 -0.000883 -0.000381 0.000049 -0.000037 1.297777
    75 0.000229 0.099802 0.000395 0.018823 -0.010833 -0.239219
    76 -0.018673 -0.001009 0.047544 3.109244 0.002635 -0.106673
    77 1.178665 0.001595 0.000845 -0.000038 0.000078 0.669112
    78 -0.000198 0.099628 0.000034 0.000000 0.000000 -0.314102
    79 0.036892 -0.634449 0.266284 -2.801062 0.174301 0.490914
    80 1.708008 0.000721 0.000200 0.000000 0.000000 1.071623
    81 -0.000576 0.100136 0.000311 0.010912 -0.023131 -0.260841
    82 -0.003952 -0.281811 0.115047 -3.059162 0.089004 0.167964
    83 1.290039 0.000364 -0.000046 0.000000 0.000000 0.465379
    84 -0.171528 -0.018148 -0.099873 0.013484 -0.062184 -0.011780
    85 0.912716 0.007240 0.001326 0.000042 -0.000003 0.884334
    86 -0.342617 0.053404 -0.025571 -2.909301 -0.017248 0.075276
    87 1.100231 -0.000930 -0.002434 -0.000027 0.000026 0.361693
    88 -0.384983 0.330998 0.006848 -3.087207 -0.018765 -0.184279
    89 0.678146 0.006192 0.000002 -0.000042 -0.000019 0.367662
    90 -0.123848 0.072737 0.029507 2.898184 -0.060627 0.094834
    91 1.017166 -0.000154 -0.000252 0.000000 0.000000 0.367125
    92 -0.344986 0.123129 0.143151 2.994981 0.012396 0.059140
    93 -0.730988 0.177046 0.039141 -0.123731 0.076518 -0.084310
    94 0.918945 0.000401 0.000087 0.000000 0.000000 0.484981
    95 -0.124027 -0.052092 0.038496 3.077813 -0.008519 0.039229
    96 1.100430 -0.003552 0.000503 -0.000054 0.000042 0.904181
    97 -0.330082 0.160641 0.042780 3.128073 0.034033 -0.171236
    98 0.675854 0.001531 0.003272 0.000002 0.000003 0.945893
    99 -0.019516 -0.016531 0.038578 -2.763781 0.050305 0.076828
    100 1.018555 -0.000027 -0.000397 0.000000 0.000000 0.984486
    101 -0.155312 0.130643 -0.021921 -3.022466 0.022433 -0.024903
    102 -0.252209 0.061937 -0.024914 -0.007671 -0.063171 -0.044392
    103 -0.085991 0.185203 -0.015180 -2.937063 -0.113970 -0.138991
    104 -0.286537 0.179852 0.024264 -3.109353 -0.049645 -0.029915
    105 -0.019489 0.147084 0.079203 2.893815 0.038585 -0.060594
    106 -0.046482 0.251898 0.129548 3.016165 0.077112 -0.042864
    107 0.039120 -0.040298 0.047739 3.084219 0.030470 -0.037414
    108 -0.233757 0.066630 0.001754 -3.133086 0.040141 -0.065413
    109 0.044266 0.020128 0.001684 -2.778763 -0.118872 -0.040488
    110 0.071495 0.074127 -0.048302 -3.035917 -0.059482 0.104366
    111 0.000000 0.000000 0.000000 0.000000 0.000000 -1.570796
    112 13.617603 -1.121128 -5.043123 -0.363020 0.000936 -0.002336
    113 4.679830 9.406537 -5.406415 0.088212 -0.816972 -1.432207
    114 -1.542000 0.000000 1.810000 0.000000 0.000000 0.000000
    115 5.561000 0.000000 1.165000 0.000000 0.000000 0.000000
    116 -1.912000 0.003000 0.278000 0.000000 0.000000 0.000000
    117 1.947000 -0.003000 -0.278000 0.000000 0.000000 0.000000
    118 -3.830000 0.003000 0.015000 0.000000 0.000000 0.000000
    119 -2.941000 -0.003000 0.381000 0.000000 0.000000 0.000000
    120 -2.941000 -0.003000 0.381000 0.000000 0.000000 0.000000
    121 -0.070000 -0.003000 0.481000 0.000000 0.000000 0.000000
    122 1.771000 -0.314000 1.250000 0.000000 0.000000 -1.570796
    123 3.818000 0.000000 -0.014000 0.000000 0.000000 0.000000
    124 -0.470000 0.000000 -3.437000 0.000000 0.000000 0.000000
    125 -0.024000 0.000000 3.200000 0.000000 0.305210 0.000000
    126 -0.055985 0.000000 1.166089 0.000000 -0.382459 0.000000
    127 -13.090805 22.242866 -51.528233 0.363237 -0.001768 0.001967
    128 -2.238000 0.000000 -3.188000 0.000000 0.000000 0.000000
    129 3.319000 0.000000 3.458000 0.000000 -0.159168 0.000000
    130 0.000000 0.000000 0.000000 0.000000 0.000000 0.000000
    131 0.533000 0.511000 -0.841000 0.000000 0.000000 0.000000
    132 0.000000 0.000000 0.000000 0.000000 0.000000 0.000000
    133 -0.106000 0.000000 64.320000 0.000000 0.000000 0.000000
    134 0.000000 0.000000 0.000000 0.000000 0.000000 0.000000
    135 0.000000 0.000000 0.000000 -0.002373 0.002061 -0.000599
    136 23.417422 -1.581547 5.617431 -0.363083 0.000985 -0.002406
    137 0.106000 0.000000 -64.320000 0.000000 0.000000 0.000000
    138 0.000000 0.000000 0.000000 0.000000 0.000000 0.000000
    139 0.000000 0.000000 -4.867002 -3.141592 0.000000 -3.128591
    140 0.000000 0.000000 4.867000 -3.141592 0.000000 -3.128591
    141 4.000000 -6.500000 0.000000 0.000000 0.000000 0.000977
    142 -6.500000 0.000000 0.000000 0.000000 1.570796 0.000000
    143 1.000088 -0.000029 0.000000 0.000000 0.000000 0.000000
    144 17.162516 -0.000404 0.000000 0.000000 0.000000 0.119214
    145 9.999891 -0.000303 0.000000 0.000000 0.000000 0.000000
    146 1.000088 -0.000029 0.000000 0.000000 0.000000 0.000000
    147 17.162516 -0.000404 0.000000 0.000000 0.000000 0.119214
    148 9.499836 0.000212 0.000000 0.000000 0.000000 0.000000
    149 0.000000 0.000000 0.000000 0.000000 0.000000 0.000000
    150 17.749374 0.295515 0.000000 0.000000 0.000000 -1.158958
    151 0.017889 0.299792 0.000000 0.000000 0.000000 -0.059582
    152 12.283573 1.581456 -4.696000 1.462269 -0.086726 0.090185
    153 17.749376 0.295515 0.000000 0.000000 0.000000 -1.158958
    154 0.017889 0.299792 0.000000 0.000000 0.000000 -0.059582
    155 13.354000 0.000000 0.000000 0.000000 0.000000 -0.294101
    156 4.530998 0.000000 0.000000 0.000000 0.000000 0.000000
    157 0.000000 0.000000 0.000000 0.000000 0.000000 0.000000
    158 5.413524 0.000347 0.000000 0.000000 0.000000 -0.518055
    159 5.413524 0.000347 0.000000 0.000000 0.000000 -0.518055
    160 4.662001 -5.366332 4.825191 1.569713 1.561305 -3.121213
    161 3.116966 -0.000443 0.000000 0.000000 0.000000 0.294101
    162 4.531197 0.000000 0.000000 0.000000 0.000000 0.000000
    163 3.512001 -3.547000 -1.066000 0.000000 1.570796 0.000000
    164 3.456001 -3.517000 1.169000 0.000000 1.570796 0.000000
    165 6.233002 0.000000 0.000000 0.000000 0.000000 0.000000
    166 -0.171997 -0.106000 -0.902000 1.570713 1.029176 -3.134550
    167 6.238090 -6.387813 0.007813 -0.000599 0.002373 -0.002061
    168 3.999434 -0.000528 -0.000332 -0.557984 0.000000 0.000048
    169 3.999901 0.000039 0.001011 -0.141072 0.000000 -0.000060
    170 1.598000 0.000000 0.000000 0.000000 0.000000 0.000000
    171 -1.145525 0.000130 0.000668 0.000000 0.000000 0.000000
    172 2.299679 -2.499978 -0.599480 0.892021 0.221512 -0.527234
    173 10.944507 -3.191482 -0.332317 1.597558 -0.146651 -0.183948
    174 -9.580675 -27.862104 -37.184681 0.812874 -0.123459 -0.568474
    175 0.649933 -0.548295 0.093651 -1.665913 -0.131399 -0.112062
    176 0.657078 0.008402 0.040371 -1.665945 -0.131407 -0.000013
    177 0.665776 0.747221 -0.029190 -1.665935 -0.131408 0.094976
    178 2.300137 -2.499413 0.600155 -0.891917 -0.221566 -0.527266
    179 11.962793 0.942966 3.328854 1.764063 -0.255053 0.173401
    180 2.762350 0.116951 1.523975 1.629482 0.064153 1.743800
    181 7.228321 7.928195 -3.925652 2.328701 0.123454 -0.568473
    182 0.650394 -0.547730 -0.092979 1.665913 0.131399 -0.112062
    183 0.657069 0.008399 -0.040379 1.665945 0.131407 -0.000013
    184 0.665772 0.747219 0.029182 1.665935 0.131408 0.094976
    185 -4.481003 -0.202000 0.000000 0.000000 0.000000 0.000000
    186 -5.516998 -0.291000 -0.001000 0.000000 0.000000 0.000000
    187 -0.857695 0.104072 0.104687 0.023536 0.163924 0.013632
    188 1.899119 0.000427 -0.000439 0.027386 -0.033311 0.477848
    189 1.799660 -0.000240 0.000231 0.027386 -0.033311 0.477848
    190 1.799660 -0.000240 0.000231 0.027386 -0.033311 0.477848
    191 1.799660 -0.000240 0.000231 0.027386 -0.033311 0.477848
    192 1.900312 -0.000137 -0.000517 0.027386 -0.033311 0.477848
    193 1.899437 -0.000313 -0.000151 -0.027386 0.033311 0.477848
    194 1.799659 -0.000237 -0.000233 -0.027386 0.033311 0.477848
    195 1.799659 -0.000237 -0.000233 -0.027386 0.033311 0.477848
    196 1.799659 -0.000237 -0.000233 -0.027386 0.033311 0.477848
    197 1.900725 0.000557 -0.000072 -0.027386 0.033311 0.477848
    198 0.599884 0.400188 -0.000027 0.000000 0.000000 0.000000
    199 0.599888 0.400187 0.000031 0.000000 0.000000 -3.141592
    200 0.599503 0.400696 0.000235 0.000000 0.000000 0.000000
    201 0.599983 0.000044 -0.000010 0.000000 0.000000 -3.141592
  time 33
    0 0.000000 0.000000 0.000000 0.000000 0.000000 -1.570796
    1 -0.106323 0.000000 -0.000198 0.000000 0.000000 0.000000
    2 0.000000 0.000000 0.000000 0.000000 0.000000 0.000000
    3 -0.904000 0.000000 -11.806000 0.000000 0.000000 0.000000
    4 0.000000 0.000000 -14.313999 0.000000 -1.570796 1.570857
    5 3.533001 0.000000 0.000000 0.000000 0.000000 0.000000
    6 6.250000 0.000000 0.000000 0.000000 0.000000 0.000000
    7 4.123472 7.820576 -0.229124 -1.153277 1.547377 -1.153364
    8 10.979150 9.125304 5.440233 0.056494 -1.182300 -0.052487
    9 5.790726 0.002787 -0.000113 -1.000220 0.061977 -1.690366
    10 5.999492 -0.000592 -4.000343 0.000000 0.000000 0.000000
    11 5.791316 0.002582 0.004799 1.599201 -0.220807 -1.990969
    12 5.999492 -0.000592 4.000336 0.000000 0.000000 0.000000
    13 0.500225 0.000133 -0.000088 0.128172 0.000000 0.000060
    14 11.534559 0.004255 -0.001312 -0.000017 0.000009 -0.640644
    15 -0.829338 0.893824 0.079659 -0.148839 0.047645 0.087266
    16 0.500225 0.000132 0.000076 -0.556838 0.000000 0.000000
    17 11.532495 0.004432 -0.000089 0.000006 -0.000022 -0.403981
    18 -0.829586 0.894698 -0.079464 0.045377 -0.019621 0.087266
    19 10.599884 0.000105 -0.000553 -1.094974 0.000000 -0.000084
    20 0.119665 -0.275181 -0.000805 0.000000 0.000011 0.320393
    21 11.042057 0.003717 0.004704 -0.955841 0.083401 0.646784
    22 -1.214832 0.203470 -0.477489 -0.135025 -0.078677 -0.001289
    23 10.599880 0.000105 0.000549 -0.282112 0.000000 -0.000048
    24 0.084506 -0.286900 0.000801 -0.000072 0.000001 0.202069
    25 11.041742 0.003171 -0.000571 -0.353254 0.637540 -0.094601
    26 -1.063377 0.077663 0.150230 0.045121 0.020046 -0.012850
    27 0.610302 -0.939470 0.070343 -1.654739 -0.083535 -0.180434
    28 0.639940 -0.199121 0.060188 -1.665451 -0.069887 -0.072283
    29 0.600155 1.080261 -0.339535 -1.744123 0.106109 0.045640
    30 0.610207 0.400743 -0.010101 -1.761945 0.010568 0.028958
    31 0.629395 -0.689453 -0.229736 0.059917 -0.073984 -0.756749
    32 -0.792125 0.203736 0.461300 1.439074 -0.003453 -0.018305
    33 0.610300 -0.939469 -0.070351 1.655384 0.140023 -0.175539
    34 0.639937 -0.199121 -0.060200 1.671282 0.183106 -0.036771
    35 0.600157 1.080259 0.339531 1.741685 0.106920 0.153702
    36 0.610205 0.400743 0.010086 1.766615 0.125838 0.080304
    37 0.624002 -0.691393 0.236176 -0.769684 -0.597210 -0.932682
    38 -0.626031 -0.069983 -0.080517 -1.447153 0.086151 0.021559
    39 2.625284 -0.002532 -0.001438 -0.430784 -0.139100 0.897437
    40 2.660837 0.000397 -0.000071 -0.298802 0.030987 1.086432
    41 2.206394 0.003368 -0.006769 -0.280286 0.068625 0.965936
    42 0.599952 0.959240 -0.300102 -0.174544 0.000000 0.000000
    43 2.557190 -0.005873 0.006359 -0.192855 0.063745 1.093935
    44 2.095024 -0.003873 -0.002193 -0.235265 0.301109 0.566386
    45 1.000000 0.000665 -1.241211 -0.000001 0.000000 0.000000
    46 -0.122639 -0.721856 0.661690 -0.486644 0.223964 0.243056
    47 2.622113 -0.000648 0.002741 0.118010 0.486123 0.316410
    48 2.658203 0.000782 0.000161 0.328288 0.324445 0.981184
    49 2.199219 0.000516 -0.000122 0.262848 0.022919 1.089811
    50 0.599951 0.959244 0.300102 0.174544 0.000000 0.000000
    51 2.558594 -0.000149 -0.000030 0.266888 0.214957 1.052934
    52 2.103851 0.001708 -0.001014 0.463668 -0.431502 0.729612
    53 1.000000 0.000085 1.306641 0.000057 -0.000022 0.736334
    54 0.310846 -0.606445 -0.498005 0.308107 -0.197598 0.313976
    55 1.873069 -0.000835 -0.000994 -0.000007 0.000004 0.770184
    56 1.200941 0.399582 -0.000237 -0.009465 0.016087 0.007127
    57 0.000586 0.100342 -0.000319 -0.120035 -0.021926 -0.209617
    58 -0.161663 0.051712 0.194808 -2.941982 0.122408 -0.060194
    59 2.010092 -0.007109 -0.003377 -0.000018 0.000037 0.808087
    60 0.000240 0.099802 -0.000395 -0.018823 0.010833 -0.239219
    61 -0.203197 0.048607 0.069150 -3.093332 0.033217 -0.046722
    62 1.180428 -0.006214 0.000780 -0.000014 0.000000 0.586051
    63 -0.000196 0.099625 -0.000034 0.000000 0.000000 -0.314102
    64 -0.088736 -0.688435 -0.145203 2.930407 -0.136130 0.513013
    65 1.708008 0.000721 -0.000200 0.000000 0.000000 0.684690
    66 -0.000580 0.100145 -0.000311 -0.010912 0.023131 -0.260841
    67 -0.146030 -0.232426 -0.014225 3.028455 -0.094299 0.113020
    68 1.290632 0.000362 -0.000032 -0.000012 0.000024 -0.148104
    69 -0.658121 -0.003575 0.072645 -0.142711 0.027792 -0.077299
    70 1.868080 -0.003049 0.006083 -0.000021 0.000015 0.815671
    71 1.200079 0.399944 -0.000093 0.009465 -0.016087 0.007127
    72 0.000591 0.100342 0.000319 0.120035 0.021926 -0.209617
    73 0.068077 0.002285 -0.080050 3.111376 -0.069366 -0.060847
    74 2.007813 -0.000883 -0.000381 0.000049 -0.000037 1.297777
    75 0.000229 0.099802 0.000395 0.018823 -0.010833 -0.239219
    76 -0.018673 -0.001009 0.047544 3.109244 0.002635 -0.106673
    77 1.178665 0.001595 0.000845 -0.000038 0.000078 0.669112
    78 -0.000198 0.099628 0.000034 0.000000 0.000000 -0.314102
    79 0.036892 -0.634449 0.266284 -2.801062 0.174301 0.490914
    80 1.708008 0.000721 0.000200 0.000000 0.000000 1.071623
    81 -0.000576 0.100136 0.000311 0.010912 -0.023131 -0.260841
    82 -0.003952 -0.281811 0.115047 -3.059162 0.089004 0.167964
    83 1.290039 0.000364 -0.000046 0.000000 0.000000 0.465379
    84 -0.171528 -0.018148 -0.099873 0.013484 -0.062184 -0.011780
    85 0.912716 0.007240 0.001326 0.000042 0.000009 0.884334
    86 -0.342617 0.053404 -0.025571 -2.909301 -0.017248 0.075276
    87 1.100231 -0.000930 -0.002434 -0.000027 0.000026 0.361693
    88 -0.384983 0.330998 0.006848 -3.087207 -0.018765 -0.184279
    89 0.678146 0.006192 0.000002 -0.000042 -0.000019 0.367662
    90 -0.123848 0.072737 0.029507 2.898184 -0.060627 0.094834
    91 1.017166 -0.000154 -0.000252 0.000000 0.000000 0.367125
    92 -0.344986 0.123129 0.143151 2.994981 0.012396 0.059140
    93 -0.730988 0.177046 0.039141 -0.123731 0.076518 -0.084310
    94 0.918945 0.000401 0.000087 0.000000 0.000000 0.484981
    95 -0.124027 -0.052092 0.038496 3.077813 -0.008519 0.039229
    96 1.100430 -0.003552 0.000503 -0.000054 0.000042 0.904181
    97 -0.330082 0.160641 0.042780 3.128073 0.034033 -0.171236
    98 0.675854 0.001531 0.003272 0.000002 0.000003 0.945893
    99 -0.019516 -0.016531 0.038578 -2.763781 0.050305 0.076828
    100 1.018555 -0.000027 -0.000397 0.000000 0.000000 0.984486
    101 -0.155312 0.130643 -0.021921 -3.022466 0.022433 -0.024903
    102 -0.252209 0.061937 -0.024914 -0.007671 -0.063171 -0.044392
    103 -0.085991 0.185203 -0.015180 -2.937063 -0.113970 -0.138991
    104 -0.286537 0.179852 0.024264 -3.109353 -0.049645 -0.029915
    105 -0.019489 0.147084 0.079203 2.893815 0.038585 -0.060594
    106 -0.046482 0.251898 0.129548 3.016165 0.077112 -0.042864
    107 0.039120 -0.040298 0.047739 3.084219 0.030470 -0.037414
    108 -0.233757 0.066630 0.001754 -3.133086 0.040141 -0.065413
    109 0.044266 0.020128 0.001684 -2.778763 -0.118872 -0.040488
    110 0.071495 0.074127 -0.048302 -3.035917 -0.059482 0.104366
    111 0.000000 0.000000 0.000000 0.000000 0.000000 -1.570796
    112 13.648854 -1.128941 -5.004059 -0.357317 -0.002013 -0.002710
    113 4.687643 9.379192 -5.406415 0.096121 -0.820837 -1.438394
    114 -1.542000 0.000000 1.810000 0.000000 0.000000 0.000000
    115 5.561000 0.000000 1.165000 0.000000 0.000000 0.000000
    116 -1.912000 0.003000 0.278000 0.000000 0.000000 0.000000
    117 1.947000 -0.003000 -0.278000 0.000000 0.000000 0.000000
    118 -3.830000 0.003000 0.015000 0.000000 0.000000 0.000000
    119 -2.941000 -0.003000 0.381000 0.000000 0.000000 0.000000
    120 -2.941000 -0.003000 0.381000 0.000000 0.000000 0.000000
    121 -0.070000 -0.003000 0.481000 0.000000 0.000000 0.000000
    122 1.771000 -0.314000 1.250000 0.000000 0.000000 -1.570796
    123 3.818000 0.000000 -0.014000 0.000000 0.000000 0.000000
    124 -0.470000 0.000000 -3.437000 0.000000 0.000000 0.000000
    125 -0.024000 0.000000 3.200000 0.000000 0.305210 0.000000
    126 -0.055985 0.000000 1.166089 0.000000 -0.382459 0.000000
    127 -13.278311 21.910825 -51.657143 0.357314 0.001044 0.003278
    128 -2.238000 0.000000 -3.188000 0.000000 0.000000 0.000000
    129 3.319000 0.000000 3.458000 0.000000 -0.159168 0.000000
    130 0.000000 0.000000 0.000000 0.000000 0.000000 0.000000
    131 0.533000 0.511000 -0.841000 0.000000 0.000000 0.000000
    132 0.000000 0.000000 0.000000 0.000000 0.000000 0.000000
    133 -0.106000 0.000000 64.320000 0.000000 0.000000 0.000000
    134 0.000000 0.000000 0.000000 0.000000 0.000000 0.000000
    135 0.000000 0.000000 0.000000 -0.001582 0.001366 -0.000395
    136 23.444766 -1.577641 5.676027 -0.357162 -0.002059 -0.002873
    137 0.106000 0.000000 -64.320000 0.000000 0.000000 0.000000
    138 0.000000 0.000000 0.000000 0.000000 0.000000 0.000000
    139 0.000000 0.000000 -4.867002 -3.141592 0.000000 -3.128591
    140 0.000000 0.000000 4.867000 -3.141592 0.000000 -3.128591
    141 4.000000 -6.500000 0.000000 0.000000 0.000000 0.000977
    142 -6.500000 0.000000 0.000000 0.000000 1.570796 0.000000
    143 1.000088 -0.000029 0.000000 0.000000 0.000000 0.000000
    144 17.162516 -0.000404 0.000000 0.000000 0.000000 0.119214
    145 9.999891 -0.000303 0.000000 0.000000 0.000000 0.000000
    146 1.000088 -0.000029 0.000000 0.000000 0.000000 0.000000
    147 17.162516 -0.000404 0.000000 0.000000 0.000000 0.119214
    148 9.499836 0.000212 0.000000 0.000000 0.000000 0.000000
    149 0.000000 0.000000 0.000000 0.000000 0.000000 0.000000
    150 17.749374 0.295515 0.000000 0.000000 0.000000 -1.158958
    151 0.017889 0.299792 0.000000 0.000000 0.000000 -0.059582
    152 12.283573 1.581456 -4.696000 1.462269 -0.086726 0.090185
    153 17.749376 0.295515 0.000000 0.000000 0.000000 -1.158958
    154 0.017889 0.299792 0.000000 0.000000 0.000000 -0.059582
    155 13.354000 0.000000 0.000000 0.000000 0.000000 -0.294101
    156 4.530998 0.000000 0.000000 0.000000 0.000000 0.000000
    157 0.000000 0.000000 0.000000 0.000000 0.000000 0.000000
    158 5.413524 0.000347 0.000000 0.000000 0.000000 -0.518055
    159 5.413524 0.000347 0.000000 0.000000 0.000000 -0.518055
    160 4.662001 -5.366332 4.825191 1.569713 1.561305 -3.121213
    161 3.116966 -0.000443 0.000000 0.000000 0.000000 0.294101
    162 4.531197 0.000000 0.000000 0.000000 0.000000 0.000000
    163 3.512001 -3.547000 -1.066000 0.000000 1.570796 0.000000
    164 3.456001 -3.517000 1.169000 0.000000 1.570796 0.000000
    165 6.233002 0.000000 0.000000 0.000000 0.000000 0.000000
    166 -0.171997 -0.106000 -0.902000 1.570713 1.029176 -3.134550
    167 6.241997 -6.380000 0.000000 -0.000395 0.001582 -0.001366
    168 3.999434 -0.000528 -0.000332 -0.547489 0.000000 0.000000
    169 3.999901 0.000039 0.001011 -0.141100 0.000000 -0.000036
    170 1.598000 0.000000 0.000000 0.000000 0.000000 0.000000
    171 -1.145525 0.000130 0.000668 0.000000 0.000000 0.000000
    172 2.299679 -2.499978 -0.599480 0.892021 0.221512 -0.527234
    173 10.944507 -3.191482 -0.332317 1.597558 -0.146651 -0.183948
    174 -9.580675 -27.862104 -37.184681 0.812874 -0.123459 -0.568474
    175 0.649933 -0.548295 0.093651 -1.665913 -0.131399 -0.112062
    176 0.657078 0.008402 0.040371 -1.665945 -0.131407 -0.000013
    177 0.665776 0.747221 -0.029190 -1.665935 -0.131408 0.094976
    178 2.300137 -2.499413 0.600155 -0.891917 -0.221566 -0.527266
    179 11.962793 0.942966 3.328854 1.764063 -0.255053 0.173401
    180 2.762350 0.116951 1.523975 1.629482 0.064153 1.743800
    181 7.228321 7.928195 -3.925652 2.328701 0.123454 -0.568473
    182 0.650394 -0.547730 -0.092979 1.665913 0.131399 -0.112062
    183 0.657069 0.008399 -0.040379 1.665945 0.131407 -0.000013
    184 0.665772 0.747219 0.029182 1.665935 0.131408 0.094976
    185 -4.481003 -0.202000 0.000000 0.000000 0.000000 0.000000
    186 -5.516998 -0.291000 -0.001000 0.000000 0.000000 0.000000
    187 -0.857695 0.104072 0.104687 0.023536 0.163924 0.013632
    188 1.899119 0.000427 -0.000439 0.027386 -0.033311 0.477848
    189 1.799660 -0.000240 0.000231 0.027386 -0.033311 0.477848
    190 1.799660 -0.000240 0.000231 0.027386 -0.033311 0.477848
    191 1.799660 -0.000240 0.000231 0.027386 -0.033311 0.477848
    192 1.900312 -0.000137 -0.000517 0.027386 -0.033311 0.477848
    193 1.899437 -0.000313 -0.000151 -0.027386 0.033311 0.477848
    194 1.799659 -0.000237 -0.000233 -0.027386 0.033311 0.477848
    195 1.799659 -0.000237 -0.000233 -0.027386 0.033311 0.477848
    196 1.799659 -0.000237 -0.000233 -0.027386 0.033311 0.477848
    197 1.900725 0.000557 -0.000072 -0.027386 0.033311 0.477848
    198 0.599884 0.400188 -0.000027 0.000000 0.000000 0.000000
    199 0.599888 0.400187 0.000031 0.000000 0.000000 -3.141592
    200 0.599503 0.400696 0.000235 0.000000 0.000000 0.000000
    201 0.599983 0.000044 -0.000010 0.000000 0.000000 -3.141592
  time 34
    0 0.000000 0.000000 0.000000 0.000000 0.000000 -1.570796
    1 -0.106323 0.000000 -0.000198 0.000000 0.000000 0.000000
    2 0.000000 0.000000 0.000000 0.000000 0.000000 0.000000
    3 -0.904000 0.000000 -11.806000 0.000000 0.000000 0.000000
    4 0.000000 0.000000 -14.313999 0.000000 -1.570796 1.570857
    5 3.533001 0.000000 0.000000 0.000000 0.000000 0.000000
    6 6.250000 0.000000 0.000000 0.000000 0.000000 0.000000
    7 4.123472 7.820576 -0.229124 -1.153277 1.547377 -1.153364
    8 10.979150 9.125304 5.440233 0.056494 -1.182300 -0.052487
    9 5.790726 0.002787 -0.000113 -1.000220 0.061350 -1.690901
    10 5.999492 -0.000592 -4.000343 0.000000 0.000000 0.000000
    11 5.791316 0.002582 0.004799 1.598572 -0.218905 -1.990228
    12 5.999492 -0.000592 4.000336 0.000000 0.000000 0.000000
    13 0.500225 0.000133 -0.000088 0.128219 0.000000 0.000048
    14 11.534559 0.000348 -0.001312 -0.000017 0.000009 -0.638062
    15 -0.829338 0.893824 0.079659 -0.148839 0.047645 0.087266
    16 0.500225 0.000132 0.000076 -0.556986 0.000000 0.000000
    17 11.536401 0.004432 -0.000089 0.000006 -0.000022 -0.401670
    18 -0.829586 0.894698 -0.079464 0.045377 -0.019621 0.087266
    19 10.599884 0.000105 -0.000553 -1.094919 0.000000 -0.000060
    20 0.111852 -0.275181 -0.000805 0.000000 0.000011 0.319901
    21 11.042057 0.003717 0.004704 -0.956582 0.083215 0.646831
    22 -1.214832 0.203470 -0.477489 -0.135025 -0.078677 -0.001289
    23 10.599880 0.000105 0.000549 -0.282207 0.000000 -0.000036
    24 0.064974 -0.290806 0.000801 -0.000060 0.000001 0.201260
    25 11.041742 0.003171 -0.000571 -0.351965 0.635619 -0.093892
    26 -1.063377 0.077663 0.150230 0.045121 0.020046 -0.012850
    27 0.610302 -0.939470 0.070343 -1.654739 -0.083547 -0.180434
    28 0.639940 -0.199121 0.060188 -1.665451 -0.069887 -0.072283
    29 0.600155 1.080261 -0.339535 -1.744123 0.106109 0.045640
    30 0.610207 0.400743 -0.010101 -1.761945 0.010568 0.028970
    31 0.629395 -0.689453 -0.229736 0.059917 -0.073984 -0.756749
    32 -0.792125 0.203736 0.461300 1.439074 -0.003453 -0.018305
    33 0.610300 -0.939469 -0.070351 1.655384 0.140023 -0.175539
    34 0.639937 -0.199121 -0.060200 1.671282 0.183106 -0.036771
    35 0.600157 1.080259 0.339531 1.741685 0.106920 0.153702
    36 0.610205 0.400743 0.010086 1.766615 0.125838 0.080304
    37 0.624002 -0.695300 0.236176 -0.769684 -0.597227 -0.932719
    38 -0.626031 -0.069983 -0.080517 -1.447153 0.086151 0.021559
    39 2.621377 -0.002532 -0.001438 -0.430699 -0.139357 0.896790
    40 2.664743 0.000397 -0.000071 -0.298831 0.030999 1.086471
    41 2.206394 0.003368 -0.006769 -0.280262 0.068641 0.966006
    42 0.599952 0.959240 -0.300102 -0.174544 0.000000 0.000000
    43 2.553283 -0.001967 0.006359 -0.192887 0.063781 1.094013
    44 2.095024 -0.003873 -0.002193 -0.235241 0.301109 0.566366
    45 1.000000 0.000665 -1.241211 -0.000001 0.000000 0.000000
    46 -0.122639 -0.721856 0.661690 -0.486644 0.223964 0.243056
    47 2.626019 -0.000648 0.002741 0.118010 0.486123 0.316410
    48 2.658203 0.000782 0.000161 0.328288 0.324445 0.981184
    49 2.199219 0.000516 -0.000122 0.262848 0.022919 1.089811
    50 0.599951 0.959244 0.300102 0.174544 0.000000 0.000000
    51 2.558594 -0.000149 -0.000030 0.266888 0.214957 1.052934
    52 2.103851 0.005614 -0.001014 0.463668 -0.431502 0.729612
    53 1.000000 0.000085 1.306641 0.000057 -0.000022 0.736334
    54 0.310846 -0.606445 -0.498005 0.308107 -0.197598 0.313976
    55 1.873069 -0.004741 -0.000994 -0.000007 0.000004 0.768513
    56 1.200941 0.399582 -0.000237 -0.009465 0.016087 0.007127
    57 0.000586 0.100342 -0.000319 -0.120035 -0.021926 -0.209617
    58 -0.161663 0.051712 0.194808 -2.941982 0.122408 -0.060194
    59 2.010092 -0.007109 -0.007284 -0.000006 0.000025 0.808087
    60 0.000240 0.099802 -0.000395 -0.018823 0.010833 -0.239219
    61 -0.203197 0.048607 0.069150 -3.093332 0.033217 -0.046722
    62 1.180428 -0.006214 0.000780 -0.000014 0.000012 0.586051
    63 -0.000196 0.099625 -0.000034 0.000000 0.000000 -0.314102
    64 -0.088736 -0.688435 -0.145203 2.930407 -0.136130 0.513013
    65 1.708008 0.000721 -0.000200 0.000000 0.000000 0.684690
    66 -0.000580 0.100145 -0.000311 -0.010912 0.023131 -0.260841
    67 -0.146030 -0.232426 -0.014225 3.028455 -0.094299 0.113020
    68 1.290632 0.000362 -0.000032 -0.000012 0.000024 -0.148104
    69 -0.658121 -0.003575 0.072645 -0.142711 0.027792 -0.077299
    70 1.868080 -0.003049 0.006083 -0.000009 0.000015 0.815671
    71 1.200079 0.399944 -0.000093 0.009465 -0.016087 0.007127
    72 0.000591 0.100342 0.000319 0.120035 0.021926 -0.209617
    73 0.068077 0.002285 -0.080050 3.111376 -0.069366 -0.060847
    74 2.007813 -0.000883 -0.000381 0.000049 -0.000037 1.297777
    75 0.000229 0.099802 0.000395 0.018823 -0.010833 -0.239219
    76 -0.018673 -0.001009 0.047544 3.109244 0.002635 -0.106673
    77 1.178665 0.001595 0.000845 -0.000038 0.000078 0.669112
    78 -0.000198 0.099628 0.000034 0.000000 0.000000 -0.314102
    79 0.036892 -0.634449 0.266284 -2.801062 0.174301 0.490914
    80 1.708008 0.000721 0.000200 0.000000 0.000000 1.071623
    81 -0.000576 0.100136 0.000311 0.010912 -0.023131 -0.260841
    82 -0.003952 -0.281811 0.115047 -3.059162 0.089004 0.167964
    83 1.290039 0.000364 -0.000046 0.000000 0.000000 0.465379
    84 -0.171528 -0.018148 -0.099873 0.013484 -0.062184 -0.011780
    85 0.912716 0.007240 0.001326 0.000042 0.000009 0.884372
    86 -0.342617 0.053404 -0.025571 -2.909301 -0.017248 0.075276
    87 1.100231 -0.000930 -0.002434 -0.000027 0.000026 0.361693
    88 -0.384983 0.330998 0.006848 -3.087207 -0.018765 -0.184279
    89 0.678146 0.006192 0.000002 -0.000054 -0.000007 0.367662
    90 -0.123848 0.072737 0.029507 2.898184 -0.060627 0.094834
    91 1.017166 -0.000154 -0.000252 0.000000 0.000000 0.367125
    92 -0.344986 0.123129 0.143151 2.994981 0.012396 0.059140
    93 -0.730988 0.177046 0.039141 -0.123731 0.076518 -0.084310
    94 0.918945 0.000401 0.000087 0.000000 0.000000 0.484981
    95 -0.124027 -0.052092 0.038496 3.077813 -0.008519 0.039229
    96 1.100430 -0.003552 0.000503 -0.000054 0.000042 0.904181
    97 -0.330082 0.160641 0.042780 3.128073 0.034033 -0.171236
    98 0.675854 0.001531 0.003272 0.000002 0.000003 0.945893
    99 -0.019516 -0.016531 0.038578 -2.763781 0.050305 0.076828
    100 1.018555 -0.000027 -0.000397 0.000000 0.000000 0.984486
    101 -0.155312 0.130643 -0.021921 -3.022466 0.022433 -0.024903
    102 -0.252209 0.061937 -0.024914 -0.007671 -0.063171 -0.044392
    103 -0.085991 0.185203 -0.015180 -2.937063 -0.113970 -0.138991
    104 -0.286537 0.179852 0.024264 -3.109353 -0.049645 -0.029915
    105 -0.019489 0.147084 0.079203 2.893815 0.038585 -0.060594
    106 -0.046482 0.251898 0.129548 3.016165 0.077112 -0.042864
    107 0.039120 -0.040298 0.047739 3.084219 0.030470 -0.037414
    108 -0.233757 0.066630 0.001754 -3.133086 0.040141 -0.065413
    109 0.044266 0.020128 0.001684 -2.778763 -0.118872 -0.040488
    110 0.071495 0.074127 -0.048302 -3.035917 -0.059482 0.104366
    111 0.000000 0.000000 0.000000 0.000000 0.000000 -1.570796
    112 13.656667 -1.121128 -4.984527 -0.357602 -0.001264 -0.001402
    113 4.664205 9.379192 -5.375164 0.095817 -0.820064 -1.436871
    114 -1.542000 0.000000 1.810000 0.000000 0.000000 0.000000
    115 5.561000 0.000000 1.165000 0.000000 0.000000 0.000000
    116 -1.912000 0.003000 0.278000 0.000000 0.000000 0.000000
    117 1.947000 -0.003000 -0.278000 0.000000 0.000000 0.000000
    118 -3.830000 0.003000 0.015000 0.000000 0.000000 0.000000
    119 -2.941000 -0.003000 0.381000 0.000000 0.000000 0.000000
    120 -2.941000 -0.003000 0.381000 0.000000 0.000000 0.000000
    121 -0.070000 -0.003000 0.481000 0.000000 0.000000 0.000000
    122 1.771000 -0.314000 1.250000 0.000000 0.000000 -1.570796
    123 3.818000 0.000000 -0.014000 0.000000 0.000000 0.000000
    124 -0.470000 0.000000 -3.437000 0.000000 0.000000 0.000000
    125 -0.024000 0.000000 3.200000 0.000000 0.305210 0.000000
    126 -0.055985 0.000000 1.166089 0.000000 -0.382459 0.000000
    127 -13.250966 21.953795 -51.672768 0.357592 0.000828 0.001592
    128 -2.238000 0.000000 -3.188000 0.000000 0.000000 0.000000
    129 3.319000 0.000000 3.458000 0.000000 -0.159168 0.000000
    130 0.000000 0.000000 0.000000 0.000000 0.000000 0.000000
    131 0.533000 0.511000 -0.841000 0.000000 0.000000 0.000000
    132 0.000000 0.000000 0.000000 0.000000 0.000000 0.000000
    133 -0.106000 0.000000 64.320000 0.000000 0.000000 0.000000
    134 0.000000 0.000000 0.000000 0.000000 0.000000 0.000000
    135 0.000000 0.000000 0.000000 -0.000791 0.000671 -0.000204
    136 23.460392 -1.562015 5.687746 -0.357506 -0.001263 -0.001378
    137 0.106000 0.000000 -64.320000 0.000000 0.000000 0.000000
    138 0.000000 0.000000 0.000000 0.000000 0.000000 0.000000
    139 0.000000 0.000000 -4.867002 -3.141592 0.000000 -3.128591
    140 0.000000 0.000000 4.867000 -3.141592 0.000000 -3.128591
    141 4.000000 -6.500000 0.000000 0.000000 0.000000 0.000977
    142 -6.500000 0.000000 0.000000 0.000000 1.570796 0.000000
    143 1.000088 -0.000029 0.000000 0.000000 0.000000 0.000000
    144 17.162516 -0.000404 0.000000 0.000000 0.000000 0.119214
    145 9.999891 -0.000303 0.000000 0.000000 0.000000 0.000000
    146 1.000088 -0.000029 0.000000 0.000000 0.000000 0.000000
    147 17.162516 -0.000404 0.000000 0.000000 0.000000 0.119214
    148 9.499836 0.000212 0.000000 0.000000 0.000000 0.000000
    149 0.000000 0.000000 0.000000 0.000000 0.000000 0.000000
    150 17.749374 0.295515 0.000000 0.000000 0.000000 -1.158958
    151 0.017889 0.299792 0.000000 0.000000 0.000000 -0.059582
    152 12.283573 1.581456 -4.696000 1.462269 -0.086726 0.090185
    153 17.749376 0.295515 0.000000 0.000000 0.000000 -1.158958
    154 0.017889 0.299792 0.000000 0.000000 0.000000 -0.059582
    155 13.354000 0.000000 0.000000 0.000000 0.000000 -0.294101
    156 4.530998 0.000000 0.000000 0.000000 0.000000 0.000000
    157 0.000000 0.000000 0.000000 0.000000 0.000000 0.000000
    158 5.413524 0.000347 0.000000 0.000000 0.000000 -0.518055
    159 5.413524 0.000347 0.000000 0.000000 0.000000 -0.518055
    160 4.662001 -5.366332 4.825191 1.569713 1.561305 -3.121213
    161 3.116966 -0.000443 0.000000 0.000000 0.000000 0.294101
    162 4.531197 0.000000 0.000000 0.000000 0.000000 0.000000
    163 3.512001 -3.547000 -1.066000 0.000000 1.570796 0.000000
    164 3.456001 -3.517000 1.169000 0.000000 1.570796 0.000000
    165 6.233002 0.000000 0.000000 0.000000 0.000000 0.000000
    166 -0.171997 -0.106000 -0.902000 1.570713 1.029176 -3.134550
    167 6.241997 -6.380000 0.000000 -0.000204 0.000791 -0.000671
    168 3.999434 -0.000528 -0.000332 -0.547445 0.000000 0.000000
    169 3.999901 0.000039 0.001011 -0.141128 0.000000 -0.000024
    170 1.598000 0.000000 0.000000 0.000000 0.000000 0.000000
    171 -1.145525 0.000130 0.000668 0.000000 0.000000 0.000000
    172 2.299679 -2.499978 -0.599480 0.892021 0.221512 -0.527234
    173 10.944507 -3.191482 -0.332317 1.597558 -0.146651 -0.183948
    174 -9.580675 -27.862104 -37.184681 0.812874 -0.123459 -0.568474
    175 0.649933 -0.548295 0.093651 -1.665913 -0.131399 -0.112062
    176 0.657078 0.008402 0.040371 -1.665945 -0.131407 -0.000013
    177 0.665776 0.747221 -0.029190 -1.665935 -0.131408 0.094976
    178 2.300137 -2.499413 0.600155 -0.891917 -0.221566 -0.527266
    179 11.962793 0.942966 3.328854 1.764063 -0.255053 0.173401
    180 2.762350 0.116951 1.523975 1.629482 0.064153 1.743800
    181 7.228321 7.928195 -3.925652 2.328701 0.123454 -0.568473
    182 0.650394 -0.547730 -0.092979 1.665913 0.131399 -0.112062
    183 0.657069 0.008399 -0.040379 1.665945 0.131407 -0.000013
    184 0.665772 0.747219 0.029182 1.665935 0.131408 0.094976
    185 -4.481003 -0.202000 0.000000 0.000000 0.000000 0.000000
    186 -5.516998 -0.291000 -0.001000 0.000000 0.000000 0.000000
    187 -0.857695 0.104072 0.104687 0.023536 0.163924 0.013632
    188 1.899119 0.000427 -0.000439 0.027386 -0.033311 0.477848
    189 1.799660 -0.000240 0.000231 0.027386 -0.033311 0.477848
    190 1.799660 -0.000240 0.000231 0.027386 -0.033311 0.477848
    191 1.799660 -0.000240 0.000231 0.027386 -0.033311 0.477848
    192 1.900312 -0.000137 -0.000517 0.027386 -0.033311 0.477848
    193 1.899437 -0.000313 -0.000151 -0.027386 0.033311 0.477848
    194 1.799659 -0.000237 -0.000233 -0.027386 0.033311 0.477848
    195 1.799659 -0.000237 -0.000233 -0.027386 0.033311 0.477848
    196 1.799659 -0.000237 -0.000233 -0.027386 0.033311 0.477848
    197 1.900725 0.000557 -0.000072 -0.027386 0.033311 0.477848
    198 0.599884 0.400188 -0.000027 0.000000 0.000000 0.000000
    199 0.599888 0.400187 0.000031 0.000000 0.000000 -3.141592
    200 0.599503 0.400696 0.000235 0.000000 0.000000 0.000000
    201 0.599983 0.000044 -0.000010 0.000000 0.000000 -3.141592
  time 35
    0 0.000000 0.000000 0.000000 0.000000 0.000000 -1.570796
    1 -0.106323 0.000000 -0.000198 0.000000 0.000000 0.000000
    2 0.000000 0.000000 0.000000 0.000000 0.000000 0.000000
    3 -0.904000 0.000000 -11.806000 0.000000 0.000000 0.000000
    4 0.000000 0.000000 -14.313999 0.000000 -1.570796 1.570857
    5 3.533001 0.000000 0.000000 0.000000 0.000000 0.000000
    6 6.250000 0.000000 0.000000 0.000000 0.000000 0.000000
    7 4.123472 7.820576 -0.229124 -1.153277 1.547377 -1.153364
    8 10.979150 9.125304 5.440233 0.056494 -1.182300 -0.052487
    9 5.790726 0.002787 -0.000113 -1.000363 0.060784 -1.691512
    10 5.999492 -0.000592 -4.000343 0.000000 0.000000 0.000000
    11 5.791316 0.002582 0.004799 1.598303 -0.217416 -1.989570
    12 5.999492 -0.000592 4.000336 0.000000 0.000000 0.000000
    13 0.500225 0.000133 -0.000088 0.128291 0.000000 0.000036
    14 11.534559 0.004255 -0.001312 -0.000017 0.000009 -0.635637
    15 -0.829338 0.893824 0.079659 -0.148839 0.047645 0.087266
    16 0.500225 0.000132 0.000076 -0.557084 0.000000 0.000000
    17 11.532495 0.004432 -0.000089 0.000006 -0.000022 -0.399359
    18 -0.829586 0.894698 -0.079464 0.045377 -0.019621 0.087266
    19 10.599884 0.000105 -0.000553 -1.094700 0.000000 -0.000036
    20 0.111852 -0.275181 -0.000805 0.000000 0.000011 0.319381
    21 11.042057 -0.000189 0.004704 -0.957261 0.081637 0.648008
    22 -1.214832 0.203470 -0.477489 -0.135025 -0.078677 -0.001289
    23 10.599880 0.000105 0.000549 -0.282302 0.000000 -0.000012
    24 0.064974 -0.290806 0.000801 -0.000048 0.000001 0.200514
    25 11.041742 0.003171 -0.000571 -0.351013 0.632713 -0.094819
    26 -1.063377 0.077663 0.150230 0.045121 0.020046 -0.012850
    27 0.610302 -0.939470 0.070343 -1.654689 -0.083559 -0.180422
    28 0.639940 -0.199121 0.060188 -1.665451 -0.069887 -0.072295
    29 0.600155 1.080261 -0.339535 -1.744070 0.106097 0.045628
    30 0.610207 0.400743 -0.010101 -1.761945 0.010568 0.028982
    31 0.629395 -0.689453 -0.229736 0.059917 -0.073984 -0.756749
    32 -0.792125 0.203736 0.461300 1.439074 -0.003453 -0.018305
    33 0.610300 -0.939469 -0.070351 1.655384 0.140023 -0.175539
    34 0.639937 -0.199121 -0.060200 1.671282 0.183106 -0.036771
    35 0.600157 1.080259 0.339531 1.741685 0.106920 0.153702
    36 0.610205 0.400743 0.010086 1.766615 0.125838 0.080304
    37 0.624002 -0.695300 0.232270 -0.769684 -0.597227 -0.932682
    38 -0.626031 -0.069983 -0.080517 -1.447153 0.086151 0.021559
    39 2.621377 -0.002532 -0.001438 -0.430628 -0.139627 0.896183
    40 2.660837 0.000397 -0.000071 -0.298831 0.031011 1.086510
    41 2.202488 0.003368 -0.006769 -0.280238 0.068673 0.966075
    42 0.599952 0.959240 -0.300102 -0.174544 0.000000 0.000000
    43 2.557190 -0.005873 0.006359 -0.192887 0.063817 1.094130
    44 2.095024 -0.003873 -0.002193 -0.235241 0.301109 0.566366
    45 1.000000 0.000665 -1.241211 -0.000001 0.000000 0.000000
    46 -0.122639 -0.721856 0.661690 -0.486644 0.223964 0.243056
    47 2.626019 -0.000648 0.002741 0.118010 0.486111 0.316410
    48 2.658203 0.000782 0.000161 0.328288 0.324445 0.981184
    49 2.199219 0.000516 -0.000122 0.262848 0.022919 1.089811
    50 0.599951 0.959244 0.300102 0.174544 0.000000 0.000000
    51 2.558594 -0.000149 -0.000030 0.266888 0.214957 1.052934
    52 2.103851 0.005614 -0.001014 0.463668 -0.431502 0.729612
    53 1.000000 0.000085 1.306641 0.000057 -0.000022 0.736334
    54 0.310846 -0.606445 -0.498005 0.308107 -0.197598 0.313976
    55 1.873069 -0.004741 -0.000994 -0.000067 0.000027 0.765297
    56 1.200941 0.399582 -0.000237 -0.009465 0.016087 0.007127
    57 0.000586 0.100342 -0.000319 -0.120035 -0.021926 -0.209617
    58 -0.161663 0.051712 0.194808 -2.941982 0.122408 -0.060194
    59 2.010092 -0.003202 -0.007284 -0.000006 0.000025 0.808087
    60 0.000240 0.099802 -0.000395 -0.018823 0.010833 -0.239219
    61 -0.203197 0.048607 0.069150 -3.093332 0.033217 -0.046722
    62 1.180428 -0.006214 0.000780 -0.000014 0.000024 0.586083
    63 -0.000196 0.099625 -0.000034 0.000000 0.000000 -0.314102
    64 -0.088736 -0.688435 -0.145203 2.930407 -0.136130 0.513013
    65 1.708008 0.000721 -0.000200 0.000000 0.000000 0.684690
    66 -0.000580 0.100145 -0.000311 -0.010912 0.023131 -0.260841
    67 -0.146030 -0.232426 -0.014225 3.028455 -0.094299 0.113020
    68 1.290632 0.000362 -0.000032 -0.000024 0.000012 -0.148104
    69 -0.658121 -0.003575 0.072645 -0.142711 0.027792 -0.077299
    70 1.868080 -0.003049 0.006083 -0.000009 0.000027 0.815671
    71 1.200079 0.399944 -0.000093 0.009465 -0.016087 0.007127
    72 0.000591 0.100342 0.000319 0.120035 0.021926 -0.209617
    73 0.068077 0.002285 -0.080050 3.111376 -0.069366 -0.060847
    74 2.007813 -0.000883 -0.000381 0.000049 -0.000037 1.297777
    75 0.000229 0.099802 0.000395 0.018823 -0.010833 -0.239219
    76 -0.018673 -0.001009 0.047544 3.109244 0.002635 -0.106673
    77 1.178665 0.001595 0.000845 -0.000038 0.000078 0.669112
    78 -0.000198 0.099628 0.000034 0.000000 0.000000 -0.314102
    79 0.036892 -0.634449 0.266284 -2.801062 0.174301 0.490914
    80 1.708008 0.000721 0.000200 0.000000 0.000000 1.071623
    81 -0.000576 0.100136 0.000311 0.010912 -0.023131 -0.260841
    82 -0.003952 -0.281811 0.115047 -3.059162 0.089004 0.167964
    83 1.290039 0.000364 -0.000046 0.000000 0.000000 0.465379
    84 -0.171528 -0.018148 -0.099873 0.013484 -0.062184 -0.011780
    85 0.912716 0.007240 0.001326 0.000042 0.000009 0.884372
    86 -0.342617 0.053404 -0.025571 -2.909301 -0.017248 0.075276
    87 1.100231 -0.000930 -0.002434 -0.000015 0.000026 0.361693
    88 -0.384983 0.330998 0.006848 -3.087207 -0.018765 -0.184279
    89 0.678146 0.006192 -0.003905 -0.000042 0.000005 0.367662
    90 -0.123848 0.072737 0.029507 2.898184 -0.060627 0.094834
    91 1.017166 -0.000154 -0.000252 0.000000 0.000000 0.367125
    92 -0.344986 0.123129 0.143151 2.994981 0.012396 0.059140
    93 -0.730988 0.177046 0.039141 -0.123731 0.076518 -0.084310
    94 0.918945 0.000401 0.000087 0.000000 0.000000 0.484981
    95 -0.124027 -0.052092 0.038496 3.077813 -0.008519 0.039229
    96 1.100430 -0.007458 0.000503 -0.000054 0.000042 0.904157
    97 -0.330082 0.160641 0.042780 3.128073 0.034033 -0.171236
    98 0.675854 0.001531 0.003272 0.000002 0.000003 0.945893
    99 -0.019516 -0.016531 0.038578 -2.763781 0.050305 0.076828
    100 1.018555 -0.000027 -0.000397 0.000000 0.000000 0.984486
    101 -0.155312 0.130643 -0.021921 -3.022466 0.022433 -0.024903
    102 -0.252209 0.061937 -0.024914 -0.007671 -0.063171 -0.044392
    103 -0.085991 0.185203 -0.015180 -2.937063 -0.113970 -0.138991
    104 -0.286537 0.179852 0.024264 -3.109353 -0.049645 -0.029915
    105 -0.019489 0.147084 0.079203 2.893815 0.038585 -0.060594
    106 -0.046482 0.251898 0.129548 3.016165 0.077112 -0.042864
    107 0.039120 -0.040298 0.047739 3.084219 0.030470 -0.037414
    108 -0.233757 0.066630 0.001754 -3.133086 0.040141 -0.065413
    109 0.044266 0.020128 0.001684 -2.778763 -0.118872 -0.040488
    110 0.071495 0.074127 -0.048302 -3.035917 -0.059482 0.104366
    111 0.000000 0.000000 0.000000 0.000000 0.000000 -1.570796
    112 13.664479 -1.121128 -4.976714 -0.357507 -0.001124 0.001028
    113 4.609516 9.383099 -5.359539 0.095969 -0.819927 -1.434301
    114 -1.542000 0.000000 1.810000 0.000000 0.000000 0.000000
    115 5.561000 0.000000 1.165000 0.000000 0.000000 0.000000
    116 -1.912000 0.003000 0.278000 0.000000 0.000000 0.000000
    117 1.947000 -0.003000 -0.278000 0.000000 0.000000 0.000000
    118 -3.830000 0.003000 0.015000 0.000000 0.000000 0.000000
    119 -2.941000 -0.003000 0.381000 0.000000 0.000000 0.000000
    120 -2.941000 -0.003000 0.381000 0.000000 0.000000 0.000000
    121 -0.070000 -0.003000 0.481000 0.000000 0.000000 0.000000
    122 1.771000 -0.314000 1.250000 0.000000 0.000000 -1.570796
    123 3.818000 0.000000 -0.014000 0.000000 0.000000 0.000000
    124 -0.470000 0.000000 -3.437000 0.000000 0.000000 0.000000
    125 -0.024000 0.000000 3.200000 0.000000 0.305210 0.000000
    126 -0.055985 0.000000 1.166089 0.000000 -0.382459 0.000000
    127 -13.184558 22.016297 -51.657143 0.358147 0.000612 -0.000094
    128 -2.238000 0.000000 -3.188000 0.000000 0.000000 0.000000
    129 3.319000 0.000000 3.458000 0.000000 -0.159168 0.000000
    130 0.000000 0.000000 0.000000 0.000000 0.000000 0.000000
    131 0.533000 0.511000 -0.841000 0.000000 0.000000 0.000000
    132 0.000000 0.000000 0.000000 0.000000 0.000000 0.000000
    133 -0.106000 0.000000 64.320000 0.000000 0.000000 0.000000
    134 0.000000 0.000000 0.000000 0.000000 0.000000 0.000000
    135 0.000000 0.000000 0.000000 0.000000 0.000000 0.000000
    136 23.464298 -1.542483 5.695559 -0.357506 -0.001075 0.000958
    137 0.106000 0.000000 -64.320000 0.000000 0.000000 0.000000
    138 0.000000 0.000000 0.000000 0.000000 0.000000 0.000000
    139 0.000000 0.000000 -4.867002 -3.141592 0.000000 -3.128591
    140 0.000000 0.000000 4.867000 -3.141592 0.000000 -3.128591
    141 4.000000 -6.500000 0.000000 0.000000 0.000000 0.000977
    142 -6.500000 0.000000 0.000000 0.000000 1.570796 0.000000
    143 1.000088 -0.000029 0.000000 0.000000 0.000000 0.000000
    144 17.162516 -0.000404 0.000000 0.000000 0.000000 0.119214
    145 9.999891 -0.000303 0.000000 0.000000 0.000000 0.000000
    146 1.000088 -0.000029 0.000000 0.000000 0.000000 0.000000
    147 17.162516 -0.000404 0.000000 0.000000 0.000000 0.119214
    148 9.499836 0.000212 0.000000 0.000000 0.000000 0.000000
    149 0.000000 0.000000 0.000000 0.000000 0.000000 0.000000
    150 17.749374 0.295515 0.000000 0.000000 0.000000 -1.158958
    151 0.017889 0.299792 0.000000 0.000000 0.000000 -0.059582
    152 12.283573 1.581456 -4.696000 1.462269 -0.086726 0.090185
    153 17.749376 0.295515 0.000000 0.000000 0.000000 -1.158958
    154 0.017889 0.299792 0.000000 0.000000 0.000000 -0.059582
    155 13.354000 0.000000 0.000000 0.000000 0.000000 -0.294101
    156 4.530998 0.000000 0.000000 0.000000 0.000000 0.000000
    157 0.000000 0.000000 0.000000 0.000000 0.000000 0.000000
    158 5.413524 0.000347 0.000000 0.000000 0.000000 -0.518055
    159 5.413524 0.000347 0.000000 0.000000 0.000000 -0.518055
    160 4.662001 -5.366332 4.825191 1.569713 1.561305 -3.121213
    161 3.116966 -0.000443 0.000000 0.000000 0.000000 0.294101
    162 4.531197 0.000000 0.000000 0.000000 0.000000 0.000000
    163 3.512001 -3.547000 -1.066000 0.000000 1.570796 0.000000
    164 3.456001 -3.517000 1.169000 0.000000 1.570796 0.000000
    165 6.233002 0.000000 0.000000 0.000000 0.000000 0.000000
    166 -0.171997 -0.106000 -0.902000 1.570713 1.029176 -3.134550
    167 6.241997 -6.380000 0.000000 0.000000 0.000000 0.000000
    168 3.999434 -0.000528 -0.000332 -0.547357 0.000000 0.000000
    169 3.999901 0.000039 0.001011 -0.141156 0.000000 0.000000
    170 1.598000 0.000000 0.000000 0.000000 0.000000 0.000000
    171 -1.145525 0.000130 0.000668 0.000000 0.000000 0.000000
    172 2.299679 -2.499978 -0.599480 0.892021 0.221512 -0.527234
    173 10.944507 -3.191482 -0.332317 1.597558 -0.146651 -0.183948
    174 -9.580675 -27.862104 -37.184681 0.812874 -0.123459 -0.568474
    175 0.649933 -0.548295 0.093651 -1.665913 -0.131399 -0.112062
    176 0.657078 0.008402 0.040371 -1.665945 -0.131407 -0.000013
    177 0.665776 0.747221 -0.029190 -1.665935 -0.131408 0.094976
    178 2.300137 -2.499413 0.600155 -0.891917 -0.221566 -0.527266
    179 11.962793 0.942966 3.328854 1.764063 -0.255053 0.173401
    180 2.762350 0.116951 1.523975 1.629482 0.064153 1.743800
    181 7.228321 7.928195 -3.925652 2.328701 0.123454 -0.568473
    182 0.650394 -0.547730 -0.092979 1.665913 0.131399 -0.112062
    183 0.657069 0.008399 -0.040379 1.665945 0.131407 -0.000013
    184 0.665772 0.747219 0.029182 1.665935 0.131408 0.094976
    185 -4.481003 -0.202000 0.000000 0.000000 0.000000 0.000000
    186 -5.516998 -0.291000 -0.001000 0.000000 0.000000 0.000000
    187 -0.857695 0.104072 0.104687 0.023536 0.163924 0.013632
    188 1.899119 0.000427 -0.000439 0.027386 -0.033311 0.477848
    189 1.799660 -0.000240 0.000231 0.027386 -0.033311 0.477848
    190 1.799660 -0.000240 0.000231 0.027386 -0.033311 0.477848
    191 1.799660 -0.000240 0.000231 0.027386 -0.033311 0.477848
    192 1.900312 -0.000137 -0.000517 0.027386 -0.033311 0.477848
    193 1.899437 -0.000313 -0.000151 -0.027386 0.033311 0.477848
    194 1.799659 -0.000237 -0.000233 -0.027386 0.033311 0.477848
    195 1.799659 -0.000237 -0.000233 -0.027386 0.033311 0.477848
    196 1.799659 -0.000237 -0.000233 -0.027386 0.033311 0.477848
    197 1.900725 0.000557 -0.000072 -0.027386 0.033311 0.477848
    198 0.599884 0.400188 -0.000027 0.000000 0.000000 0.000000
    199 0.599888 0.400187 0.000031 0.000000 0.000000 -3.141592
    200 0.599503 0.400696 0.000235 0.000000 0.000000 0.000000
    201 0.599983 0.000044 -0.000010 0.000000 0.000000 -3.141592
  time 36
    0 0.000000 0.000000 0.000000 0.000000 0.000000 -1.570796
    1 -0.106323 0.000000 -0.000198 0.000000 0.000000 0.000000
    2 0.000000 0.000000 0.000000 0.000000 0.000000 0.000000
    3 -0.904000 0.000000 -11.806000 0.000000 0.000000 0.000000
    4 0.000000 0.000000 -14.313999 0.000000 -1.570796 1.570857
    5 3.533001 0.000000 0.000000 0.000000 0.000000 0.000000
    6 6.250000 0.000000 0.000000 0.000000 0.000000 0.000000
    7 4.123472 7.820576 -0.229124 -1.153277 1.547377 -1.153364
    8 10.979150 9.125304 5.440233 0.056494 -1.182300 -0.052487
    9 5.790726 0.002787 -0.000113 -1.000363 0.060187 -1.691970
    10 5.999492 -0.000592 -4.000343 0.000000 0.000000 0.000000
    11 5.791316 0.002582 0.004799 1.598393 -0.216961 -1.989570
    12 5.999492 -0.000592 4.000336 0.000000 0.000000 0.000000
    13 0.500225 0.000133 -0.000088 0.128338 0.000000 0.000024
    14 11.534559 0.000348 -0.001312 -0.000017 0.000009 -0.636184
    15 -0.829338 0.893824 0.079659 -0.148839 0.047645 0.087266
    16 0.500225 0.000132 0.000076 -0.557232 0.000000 0.000000
    17 11.532495 0.004432 -0.000089 0.000006 -0.000022 -0.397047
    18 -0.829586 0.894698 -0.079464 0.045377 -0.019621 0.087266
    19 10.599884 0.000105 -0.000553 -1.094645 0.000012 -0.000012
    20 0.111852 -0.275181 -0.000805 0.000000 0.000011 0.318889
    21 11.042057 -0.000189 0.004704 -0.957384 0.080291 0.648619
    22 -1.214832 0.203470 -0.477489 -0.135025 -0.078677 -0.001289
    23 10.599880 0.000105 0.000549 -0.282302 0.000000 -0.000012
    24 0.064974 -0.290806 0.000801 -0.000036 0.000001 0.199736
    25 11.041742 0.003171 -0.000571 -0.350957 0.631238 -0.096236
    26 -1.063377 0.077663 0.150230 0.045121 0.020046 -0.012850
    27 0.610302 -0.939470 0.070343 -1.654689 -0.083571 -0.180422
    28 0.639940 -0.199121 0.060188 -1.665451 -0.069899 -0.072295
    29 0.600155 1.080261 -0.339535 -1.744070 0.106097 0.045628
    30 0.610207 0.400743 -0.010101 -1.761945 0.010568 0.028982
    31 0.629395 -0.689453 -0.229736 0.059917 -0.073984 -0.756749
    32 -0.792125 0.203736 0.461300 1.439074 -0.003453 -0.018305
    33 0.610300 -0.939469 -0.070351 1.655384 0.140023 -0.175539
    34 0.639937 -0.199121 -0.060200 1.671282 0.183106 -0.036771
    35 0.600157 1.080259 0.339531 1.741685 0.106920 0.153702
    36 0.610205 0.400743 0.010086 1.766615 0.125838 0.080304
    37 0.624002 -0.695300 0.236176 -0.769684 -0.597261 -0.932682
    38 -0.626031 -0.069983 -0.080517 -1.447153 0.086151 0.021559
    39 2.621377 -0.002532 -0.001438 -0.430558 -0.139909 0.895576
    40 2.664743 0.000397 -0.000071 -0.298845 0.030808 1.085888
    41 2.206394 0.003368 -0.006769 -0.280322 0.068465 0.965418
    42 0.599952 0.959240 -0.300102 -0.174544 0.000000 0.000000
    43 2.557190 -0.001967 0.006359 -0.192934 0.063649 1.093427
    44 2.095024 -0.003873 -0.002193 -0.235229 0.301109 0.566366
    45 1.000000 0.000665 -1.241211 -0.000001 0.000000 0.000000
    46 -0.122639 -0.721856 0.661690 -0.486644 0.223964 0.243056
    47 2.622113 -0.000648 0.006647 0.118010 0.486099 0.316410
    48 2.658203 0.000782 0.000161 0.328288 0.324445 0.981184
    49 2.199219 0.000516 -0.000122 0.262848 0.022919 1.089811
    50 0.599951 0.959244 0.300102 0.174544 0.000000 0.000000
    51 2.558594 -0.000149 -0.000030 0.266888 0.214957 1.052934
    52 2.103851 0.005614 -0.001014 0.463687 -0.431502 0.729612
    53 1.000000 0.000085 1.306641 0.000057 -0.000022 0.736334
    54 0.310846 -0.606445 -0.498005 0.308107 -0.197598 0.313976
    55 1.869163 -0.000835 -0.000994 -0.000007 0.000004 0.761621
    56 1.200941 0.399582 -0.000237 -0.009465 0.016087 0.007127
    57 0.000586 0.100342 -0.000319 -0.120035 -0.021926 -0.209617
    58 -0.161663 0.051712 0.194808 -2.941982 0.122408 -0.060194
    59 2.010092 -0.007109 -0.007284 0.000006 0.000025 0.808087
    60 0.000240 0.099802 -0.000395 -0.018823 0.010833 -0.239219
    61 -0.203197 0.048607 0.069150 -3.093332 0.033217 -0.046722
    62 1.180428 -0.006214 0.000780 -0.000014 0.000000 0.586083
    63 -0.000196 0.099625 -0.000034 0.000000 0.000000 -0.314102
    64 -0.088736 -0.688435 -0.145203 2.930407 -0.136130 0.513013
    65 1.708008 0.000721 -0.000200 0.000000 0.000000 0.684690
    66 -0.000580 0.100145 -0.000311 -0.010912 0.023131 -0.260841
    67 -0.146030 -0.232426 -0.014225 3.028455 -0.094299 0.113020
    68 1.290632 0.000362 -0.000032 -0.000024 0.000012 -0.148104
    69 -0.658121 -0.003575 0.072645 -0.142711 0.027792 -0.077299
    70 1.868080 -0.003049 0.006083 0.000003 0.000027 0.815697
    71 1.200079 0.399944 -0.000093 0.009465 -0.016087 0.007127
    72 0.000591 0.100342 0.000319 0.120035 0.021926 -0.209617
    73 0.068077 0.002285 -0.080050 3.111376 -0.069366 -0.060847
    74 2.007813 -0.000883 -0.000381 0.000049 -0.000037 1.297777
    75 0.000229 0.099802 0.000395 0.018823 -0.010833 -0.239219
    76 -0.018673 -0.001009 0.047544 3.109244 0.002635 -0.106673
    77 1.178665 0.001595 0.000845 -0.000038 0.000078 0.669112
    78 -0.000198 0.099628 0.000034 0.000000 0.000000 -0.314102
    79 0.036892 -0.634449 0.266284 -2.801062 0.174301 0.490914
    80 1.708008 0.000721 0.000200 0.000000 0.000000 1.071623
    81 -0.000576 0.100136 0.000311 0.010912 -0.023131 -0.260841
    82 -0.003952 -0.281811 0.115047 -3.059162 0.089004 0.167964
    83 1.290039 0.000364 -0.000046 0.000000 0.000000 0.465379
    84 -0.171528 -0.018148 -0.099873 0.013484 -0.062184 -0.011780
    85 0.912716 0.007240 0.001326 0.000031 0.000009 0.884372
    86 -0.342617 0.053404 -0.025571 -2.909301 -0.017248 0.075276
    87 1.100231 -0.000930 -0.002434 -0.000015 0.000026 0.361693
    88 -0.384983 0.330998 0.006848 -3.087207 -0.018765 -0.184279
    89 0.678146 0.006192 0.000002 -0.000066 0.000005 0.367662
    90 -0.123848 0.072737 0.029507 2.898184 -0.060627 0.094834
    91 1.017166 -0.000154 -0.000252 0.000000 0.000000 0.367125
    92 -0.344986 0.123129 0.143151 2.994981 0.012396 0.059140
    93 -0.730988 0.177046 0.039141 -0.123731 0.076518 -0.084310
    94 0.918945 0.000401 0.000087 0.000000 0.000000 0.484981
    95 -0.124027 -0.052092 0.038496 3.077813 -0.008519 0.039229
    96 1.100430 -0.007458 0.000503 -0.000054 0.000042 0.904157
    97 -0.330082 0.160641 0.042780 3.128073 0.034033 -0.171236
    98 0.675854 0.001531 0.003272 0.000002 0.000003 0.945893
    99 -0.019516 -0.016531 0.038578 -2.763781 0.050305 0.076828
    100 1.018555 -0.000027 -0.000397 0.000000 0.000000 0.984486
    101 -0.155312 0.130643 -0.021921 -3.022466 0.022433 -0.024903
    102 -0.252209 0.061937 -0.024914 -0.007671 -0.063171 -0.044392
    103 -0.085991 0.185203 -0.015180 -2.937063 -0.113970 -0.138991
    104 -0.286537 0.179852 0.024264 -3.109353 -0.049645 -0.029915
    105 -0.019489 0.147084 0.079203 2.893815 0.038585 -0.060594
    106 -0.046482 0.251898 0.129548 3.016165 0.077112 -0.042864
    107 0.039120 -0.040298 0.047739 3.084219 0.030470 -0.037414
    108 -0.233757 0.066630 0.001754 -3.133086 0.040141 -0.065413
    109 0.044266 0.020128 0.001684 -2.778763 -0.118872 -0.040488
    110 0.071495 0.074127 -0.048302 -3.035917 -0.059482 0.104366
    111 0.000000 0.000000 0.000000 0.000000 0.000000 -1.570796
    112 13.668386 -1.121128 -4.992340 -0.357887 -0.000328 0.002149
    113 4.578265 9.387005 -5.363445 0.095512 -0.819064 -1.432778
    114 -1.542000 0.000000 1.810000 0.000000 0.000000 0.000000
    115 5.561000 0.000000 1.165000 0.000000 0.000000 0.000000
    116 -1.912000 0.003000 0.278000 0.000000 0.000000 0.000000
    117 1.947000 -0.003000 -0.278000 0.000000 0.000000 0.000000
    118 -3.830000 0.003000 0.015000 0.000000 0.000000 0.000000
    119 -2.941000 -0.003000 0.381000 0.000000 0.000000 0.000000
    120 -2.941000 -0.003000 0.381000 0.000000 0.000000 0.000000
    121 -0.070000 -0.003000 0.481000 0.000000 0.000000 0.000000
    122 1.771000 -0.314000 1.250000 0.000000 0.000000 -1.570796
    123 3.818000 0.000000 -0.014000 0.000000 0.000000 0.000000
    124 -0.470000 0.000000 -3.437000 0.000000 0.000000 0.000000
    125 -0.024000 0.000000 3.200000 0.000000 0.305210 0.000000
    126 -0.055985 0.000000 1.166089 0.000000 -0.382459 0.000000
    127 -13.157213 22.039735 -51.637611 0.358424 0.000341 -0.001873
    128 -2.238000 0.000000 -3.188000 0.000000 0.000000 0.000000
    129 3.319000 0.000000 3.458000 0.000000 -0.159168 0.000000
    130 0.000000 0.000000 0.000000 0.000000 0.000000 0.000000
    131 0.533000 0.511000 -0.841000 0.000000 0.000000 0.000000
    132 0.000000 0.000000 0.000000 0.000000 0.000000 0.000000
    133 -0.106000 0.000000 64.320000 0.000000 0.000000 0.000000
    134 0.000000 0.000000 0.000000 0.000000 0.000000 0.000000
    135 0.000000 0.000000 0.000000 0.000000 0.000000 0.000000
    136 23.464298 -1.530764 5.668214 -0.357935 -0.000279 0.002266
    137 0.106000 0.000000 -64.320000 0.000000 0.000000 0.000000
    138 0.000000 0.000000 0.000000 0.000000 0.000000 0.000000
    139 0.000000 0.000000 -4.867002 -3.141592 0.000000 -3.128591
    140 0.000000 0.000000 4.867000 -3.141592 0.000000 -3.128591
    141 4.000000 -6.500000 0.000000 0.000000 0.000000 0.000977
    142 -6.500000 0.000000 0.000000 0.000000 1.570796 0.000000
    143 1.000088 -0.000029 0.000000 0.000000 0.000000 0.000000
    144 17.162516 -0.000404 0.000000 0.000000 0.000000 0.119214
    145 9.999891 -0.000303 0.000000 0.000000 0.000000 0.000000
    146 1.000088 -0.000029 0.000000 0.000000 0.000000 0.000000
    147 17.162516 -0.000404 0.000000 0.000000 0.000000 0.119214
    148 9.499836 0.000212 0.000000 0.000000 0.000000 0.000000
    149 0.000000 0.000000 0.000000 0.000000 0.000000 0.000000
    150 17.749374 0.295515 0.000000 0.000000 0.000000 -1.158958
    151 0.017889 0.299792 0.000000 0.000000 0.000000 -0.059582
    152 12.283573 1.581456 -4.696000 1.462269 -0.086726 0.090185
    153 17.749376 0.295515 0.000000 0.000000 0.000000 -1.158958
    154 0.017889 0.299792 0.000000 0.000000 0.000000 -0.059582
    155 13.354000 0.000000 0.000000 0.000000 0.000000 -0.294101
    156 4.530998 0.000000 0.000000 0.000000 0.000000 0.000000
    157 0.000000 0.000000 0.000000 0.000000 0.000000 0.000000
    158 5.413524 0.000347 0.000000 0.000000 0.000000 -0.518055
    159 5.413524 0.000347 0.000000 0.000000 0.000000 -0.518055
    160 4.662001 -5.366332 4.825191 1.569713 1.561305 -3.121213
    161 3.116966 -0.000443 0.000000 0.000000 0.000000 0.294101
    162 4.531197 0.000000 0.000000 0.000000 0.000000 0.000000
    163 3.512001 -3.547000 -1.066000 0.000000 1.570796 0.000000
    164 3.456001 -3.517000 1.169000 0.000000 1.570796 0.000000
    165 6.233002 0.000000 0.000000 0.000000 0.000000 0.000000
    166 -0.171997 -0.106000 -0.902000 1.570713 1.029176 -3.134550
    167 6.241997 -6.380000 0.000000 0.000000 0.000000 0.000000
    168 3.999434 -0.000528 -0.000332 -0.547313 0.000000 0.000000
    169 3.999901 0.000039 0.001011 -0.141241 0.000000 0.000000
    170 1.598000 0.000000 0.000000 0.000000 0.000000 0.000000
    171 -1.145525 0.000130 0.000668 0.000000 0.000000 0.000000
    172 2.299679 -2.499978 -0.599480 0.892021 0.221512 -0.527234
    173 10.944507 -3.191482 -0.332317 1.597558 -0.146651 -0.183948
    174 -9.580675 -27.862104 -37.184681 0.812874 -0.123459 -0.568474
    175 0.649933 -0.548295 0.093651 -1.665913 -0.131399 -0.112062
    176 0.657078 0.008402 0.040371 -1.665945 -0.131407 -0.000013
    177 0.665776 0.747221 -0.029190 -1.665935 -0.131408 0.094976
    178 2.300137 -2.499413 0.600155 -0.891917 -0.221566 -0.527266
    179 11.962793 0.942966 3.328854 1.764063 -0.255053 0.173401
    180 2.762350 0.116951 1.523975 1.629482 0.064153 1.743800
    181 7.228321 7.928195 -3.925652 2.328701 0.123454 -0.568473
    182 0.650394 -0.547730 -0.092979 1.665913 0.131399 -0.112062
    183 0.657069 0.008399 -0.040379 1.665945 0.131407 -0.000013
    184 0.665772 0.747219 0.029182 1.665935 0.131408 0.094976
    185 -4.481003 -0.202000 0.000000 0.000000 0.000000 0.000000
    186 -5.516998 -0.291000 -0.001000 0.000000 0.000000 0.000000
    187 -0.857695 0.104072 0.104687 0.023536 0.163924 0.013632
    188 1.899119 0.000427 -0.000439 0.027386 -0.033311 0.477848
    189 1.799660 -0.000240 0.000231 0.027386 -0.033311 0.477848
    190 1.799660 -0.000240 0.000231 0.027386 -0.033311 0.477848
    191 1.799660 -0.000240 0.000231 0.027386 -0.033311 0.477848
    192 1.900312 -0.000137 -0.000517 0.027386 -0.033311 0.477848
    193 1.899437 -0.000313 -0.000151 -0.027386 0.033311 0.477848
    194 1.799659 -0.000237 -0.000233 -0.027386 0.033311 0.477848
    195 1.799659 -0.000237 -0.000233 -0.027386 0.033311 0.477848
    196 1.799659 -0.000237 -0.000233 -0.027386 0.033311 0.477848
    197 1.900725 0.000557 -0.000072 -0.027386 0.033311 0.477848
    198 0.599884 0.400188 -0.000027 0.000000 0.000000 0.000000
    199 0.599888 0.400187 0.000031 0.000000 0.000000 -3.141592
    200 0.599503 0.400696 0.000235 0.000000 0.000000 0.000000
    201 0.599983 0.000044 -0.000010 0.000000 0.000000 -3.141592
  time 37
    0 0.000000 0.000000 0.000000 0.000000 0.000000 -1.570796
    1 -0.106323 0.000000 -0.000198 0.000000 0.000000 0.000000
    2 0.000000 0.000000 0.000000 0.000000 0.000000 0.000000
    3 -0.904000 0.000000 -11.806000 0.000000 0.000000 0.000000
    4 0.000000 0.000000 -14.313999 0.000000 -1.570796 1.570857
    5 3.533001 0.000000 0.000000 0.000000 0.000000 0.000000
    6 6.250000 0.000000 0.000000 0.000000 0.000000 0.000000
    7 4.123472 7.820576 -0.229124 -1.153277 1.547377 -1.153364
    8 10.979150 9.125304 5.440233 0.056494 -1.182300 -0.052487
    9 5.790726 0.002787 -0.000113 -1.000506 0.060843 -1.691818
    10 5.999492 -0.000592 -4.000343 0.000000 0.000000 0.000000
    11 5.791316 0.002582 0.004799 1.598842 -0.217003 -1.989981
    12 5.999492 -0.000592 4.000336 0.000000 0.000000 0.000000
    13 0.500225 0.000133 -0.000088 0.128385 0.000000 0.000012
    14 11.534559 0.004255 -0.001312 -0.000017 0.000009 -0.636732
    15 -0.829338 0.893824 0.079659 -0.148839 0.047645 0.087266
    16 0.500225 0.000132 0.000076 -0.557355 0.000000 0.000000
    17 11.532495 0.004432 -0.000089 0.000006 -0.000022 -0.394822
    18 -0.829586 0.894698 -0.079464 0.045377 -0.019621 0.087266
    19 10.599884 0.000105 -0.000553 -1.094426 0.000012 0.000000
    20 0.107946 -0.275181 -0.000805 0.000000 0.000011 0.318369
    21 11.042057 -0.000189 0.000798 -0.956829 0.080291 0.648337
    22 -1.214832 0.203470 -0.477489 -0.135025 -0.078677 -0.001289
    23 10.599880 0.000105 0.000549 -0.282397 0.000000 0.000000
    24 0.064974 -0.290806 0.000801 -0.000024 0.000001 0.198927
    25 11.041742 0.003171 -0.000571 -0.351293 0.632088 -0.097817
    26 -1.063377 0.077663 0.150230 0.045121 0.020046 -0.012850
    27 0.610302 -0.939470 0.070343 -1.654689 -0.083583 -0.180422
    28 0.639940 -0.199121 0.060188 -1.665350 -0.069899 -0.072295
    29 0.600155 1.080261 -0.339535 -1.744070 0.106097 0.045628
    30 0.610207 0.400743 -0.010101 -1.761945 0.010568 0.028994
    31 0.629395 -0.689453 -0.229736 0.059917 -0.073984 -0.756749
    32 -0.792125 0.203736 0.461300 1.439074 -0.003453 -0.018305
    33 0.610300 -0.939469 -0.070351 1.655384 0.140023 -0.175539
    34 0.639937 -0.199121 -0.060200 1.671282 0.183106 -0.036771
    35 0.600157 1.080259 0.339531 1.741685 0.106920 0.153702
    36 0.610205 0.400743 0.010086 1.766615 0.125838 0.080304
    37 0.624002 -0.691393 0.232270 -0.769684 -0.597261 -0.932719
    38 -0.626031 -0.069983 -0.080517 -1.447153 0.086151 0.021559
    39 2.621377 -0.002532 -0.001438 -0.430473 -0.140166 0.894969
    40 2.660837 0.000397 -0.000071 -0.298888 0.030604 1.085227
    41 2.206394 0.003368 -0.006769 -0.280382 0.068273 0.964728
    42 0.599952 0.959240 -0.300102 -0.174544 0.000000 0.000000
    43 2.557190 -0.001967 0.002453 -0.192949 0.063505 1.092763
    44 2.095024 -0.003873 -0.006100 -0.235229 0.301109 0.566366
    45 1.000000 0.000665 -1.241211 -0.000001 0.000000 0.000000
    46 -0.122639 -0.721856 0.661690 -0.486644 0.223964 0.243056
    47 2.622113 -0.000648 0.002741 0.118010 0.486099 0.316410
    48 2.658203 0.000782 0.000161 0.328288 0.324445 0.981184
    49 2.199219 0.000516 -0.000122 0.262848 0.022919 1.089811
    50 0.599951 0.959244 0.300102 0.174544 0.000000 0.000000
    51 2.558594 -0.000149 -0.000030 0.266888 0.214957 1.052934
    52 2.103851 0.005614 -0.001014 0.463687 -0.431514 0.729612
    53 1.000000 0.000085 1.306641 0.000057 -0.000022 0.736334
    54 0.310846 -0.606445 -0.498005 0.308107 -0.197598 0.313976
    55 1.869163 -0.000835 -0.000994 -0.000007 0.000004 0.758237
    56 1.200941 0.399582 -0.000237 -0.009465 0.016087 0.007127
    57 0.000586 0.100342 -0.000319 -0.120035 -0.021926 -0.209617
    58 -0.161663 0.051712 0.194808 -2.941982 0.122408 -0.060194
    59 2.010092 -0.003202 -0.003377 0.000006 0.000025 0.808135
    60 0.000240 0.099802 -0.000395 -0.018823 0.010833 -0.239219
    61 -0.203197 0.048607 0.069150 -3.093332 0.033217 -0.046722
    62 1.180428 -0.006214 0.000780 -0.000014 0.000000 0.586083
    63 -0.000196 0.099625 -0.000034 0.000000 0.000000 -0.314102
    64 -0.088736 -0.688435 -0.145203 2.930407 -0.136130 0.513013
    65 1.708008 0.000721 -0.000200 0.000000 0.000000 0.684690
    66 -0.000580 0.100145 -0.000311 -0.010912 0.023131 -0.260841
    67 -0.146030 -0.232426 -0.014225 3.028455 -0.094299 0.113020
    68 1.290632 0.000362 -0.000032 -0.000036 0.000000 -0.148104
    69 -0.658121 -0.003575 0.072645 -0.142711 0.027792 -0.077299
    70 1.868080 -0.003049 0.006083 0.000015 0.000027 0.815697
    71 1.200079 0.399944 -0.000093 0.009465 -0.016087 0.007127
    72 0.000591 0.100342 0.000319 0.120035 0.021926 -0.209617
    73 0.068077 0.002285 -0.080050 3.111376 -0.069366 -0.060847
    74 2.007813 -0.000883 -0.000381 0.000049 -0.000037 1.297777
    75 0.000229 0.099802 0.000395 0.018823 -0.010833 -0.239219
    76 -0.018673 -0.001009 0.047544 3.109244 0.002635 -0.106673
    77 1.178665 0.001595 0.000845 -0.000038 0.000078 0.669112
    78 -0.000198 0.099628 0.000034 0.000000 0.000000 -0.314102
    79 0.036892 -0.634449 0.266284 -2.801062 0.174301 0.490914
    80 1.708008 0.000721 0.000200 0.000000 0.000000 1.071623
    81 -0.000576 0.100136 0.000311 0.010912 -0.023131 -0.260841
    82 -0.003952 -0.281811 0.115047 -3.059162 0.089004 0.167964
    83 1.290039 0.000364 -0.000046 0.000000 0.000000 0.465379
    84 -0.171528 -0.018148 -0.099873 0.013484 -0.062184 -0.011780
    85 0.912716 0.007240 0.001326 0.000031 0.000009 0.884372
    86 -0.342617 0.053404 -0.025571 -2.909301 -0.017248 0.075276
    87 1.100231 -0.000930 -0.002434 -0.000003 0.000026 0.361651
    88 -0.384983 0.330998 0.006848 -3.087207 -0.018765 -0.184279
    89 0.678146 0.006192 0.000002 -0.000066 -0.000007 0.367612
    90 -0.123848 0.072737 0.029507 2.898184 -0.060627 0.094834
    91 1.017166 -0.000154 -0.000252 0.000000 0.000000 0.367125
    92 -0.344986 0.123129 0.143151 2.994981 0.012396 0.059140
    93 -0.730988 0.177046 0.039141 -0.123731 0.076518 -0.084310
    94 0.918945 0.000401 0.000087 0.000000 0.000000 0.484981
    95 -0.124027 -0.052092 0.038496 3.077813 -0.008519 0.039229
    96 1.100430 -0.007458 0.000503 -0.000054 0.000042 0.904157
    97 -0.330082 0.160641 0.042780 3.128073 0.034033 -0.171236
    98 0.675854 0.001531 0.003272 0.000002 0.000003 0.945893
    99 -0.019516 -0.016531 0.038578 -2.763781 0.050305 0.076828
    100 1.018555 -0.000027 -0.000397 0.000000 0.000000 0.984486
    101 -0.155312 0.130643 -0.021921 -3.022466 0.022433 -0.024903
    102 -0.252209 0.061937 -0.024914 -0.007671 -0.063171 -0.044392
    103 -0.085991 0.185203 -0.015180 -2.937063 -0.113970 -0.138991
    104 -0.286537 0.179852 0.024264 -3.109353 -0.049645 -0.029915
    105 -0.019489 0.147084 0.079203 2.893815 0.038585 -0.060594
    106 -0.046482 0.251898 0.129548 3.016165 0.077112 -0.042864
    107 0.039120 -0.040298 0.047739 3.084219 0.030470 -0.037414
    108 -0.233757 0.066630 0.001754 -3.133086 0.040141 -0.065413
    109 0.044266 0.020128 0.001684 -2.778763 -0.118872 -0.040488
    110 0.071495 0.074127 -0.048302 -3.035917 -0.059482 0.104366
    111 0.000000 0.000000 0.000000 0.000000 0.000000 -1.570796
    112 13.672292 -1.121128 -5.023591 -0.357982 0.000375 0.001215
    113 4.597797 9.379192 -5.375164 0.095512 -0.818291 -1.433730
    114 -1.542000 0.000000 1.810000 0.000000 0.000000 0.000000
    115 5.561000 0.000000 1.165000 0.000000 0.000000 0.000000
    116 -1.912000 0.003000 0.278000 0.000000 0.000000 0.000000
    117 1.947000 -0.003000 -0.278000 0.000000 0.000000 0.000000
    118 -3.830000 0.003000 0.015000 0.000000 0.000000 0.000000
    119 -2.941000 -0.003000 0.381000 0.000000 0.000000 0.000000
    120 -2.941000 -0.003000 0.381000 0.000000 0.000000 0.000000
    121 -0.070000 -0.003000 0.481000 0.000000 0.000000 0.000000
    122 1.771000 -0.314000 1.250000 0.000000 0.000000 -1.570796
    123 3.818000 0.000000 -0.014000 0.000000 0.000000 0.000000
    124 -0.470000 0.000000 -3.437000 0.000000 0.000000 0.000000
    125 -0.024000 0.000000 3.200000 0.000000 0.305210 0.000000
    126 -0.055985 0.000000 1.166089 0.000000 -0.382459 0.000000
    127 -13.161120 22.008484 -51.637611 0.357962 0.000233 -0.001124
    128 -2.238000 0.000000 -3.188000 0.000000 0.000000 0.000000
    129 3.319000 0.000000 3.458000 0.000000 -0.159168 0.000000
    130 0.000000 0.000000 0.000000 0.000000 0.000000 0.000000
    131 0.533000 0.511000 -0.841000 0.000000 0.000000 0.000000
    132 0.000000 0.000000 0.000000 0.000000 0.000000 0.000000
    133 -0.106000 0.000000 64.320000 0.000000 0.000000 0.000000
    134 0.000000 0.000000 0.000000 0.000000 0.000000 0.000000
    135 0.000000 0.000000 0.000000 0.000000 0.000000 0.000000
    136 23.464298 -1.542483 5.633057 -0.357935 0.000329 0.001238
    137 0.106000 0.000000 -64.320000 0.000000 0.000000 0.000000
    138 0.000000 0.000000 0.000000 0.000000 0.000000 0.000000
    139 0.000000 0.000000 -4.867002 -3.141592 0.000000 -3.128591
    140 0.000000 0.000000 4.867000 -3.141592 0.000000 -3.128591
    141 4.000000 -6.500000 0.000000 0.000000 0.000000 0.000977
    142 -6.500000 0.000000 0.000000 0.000000 1.570796 0.000000
    143 1.000088 -0.000029 0.000000 0.000000 0.000000 0.000000
    144 17.162516 -0.000404 0.000000 0.000000 0.000000 0.119214
    145 9.999891 -0.000303 0.000000 0.000000 0.000000 0.000000
    146 1.000088 -0.000029 0.000000 0.000000 0.000000 0.000000
    147 17.162516 -0.000404 0.000000 0.000000 0.000000 0.119214
    148 9.499836 0.000212 0.000000 0.000000 0.000000 0.000000
    149 0.000000 0.000000 0.000000 0.000000 0.000000 0.000000
    150 17.749374 0.295515 0.000000 0.000000 0.000000 -1.158958
    151 0.017889 0.299792 0.000000 0.000000 0.000000 -0.059582
    152 12.283573 1.581456 -4.696000 1.462269 -0.086726 0.090185
    153 17.749376 0.295515 0.000000 0.000000 0.000000 -1.158958
    154 0.017889 0.299792 0.000000 0.000000 0.000000 -0.059582
    155 13.354000 0.000000 0.000000 0.000000 0.000000 -0.294101
    156 4.530998 0.000000 0.000000 0.000000 0.000000 0.000000
    157 0.000000 0.000000 0.000000 0.000000 0.000000 0.000000
    158 5.413524 0.000347 0.000000 0.000000 0.000000 -0.518055
    159 5.413524 0.000347 0.000000 0.000000 0.000000 -0.518055
    160 4.662001 -5.366332 4.825191 1.569713 1.561305 -3.121213
    161 3.116966 -0.000443 0.000000 0.000000 0.000000 0.294101
    162 4.531197 0.000000 0.000000 0.000000 0.000000 0.000000
    163 3.512001 -3.547000 -1.066000 0.000000 1.570796 0.000000
    164 3.456001 -3.517000 1.169000 0.000000 1.570796 0.000000
    165 6.233002 0.000000 0.000000 0.000000 0.000000 0.000000
    166 -0.171997 -0.106000 -0.902000 1.570713 1.029176 -3.134550
    167 6.241997 -6.380000 0.000000 0.000000 0.000000 0.000000
    168 3.999434 -0.000528 -0.000332 -0.547180 0.000000 0.000000
    169 3.999901 0.000039 0.001011 -0.141269 0.000000 0.000024
    170 1.598000 0.000000 0.000000 0.000000 0.000000 0.000000
    171 -1.145525 0.000130 0.000668 0.000000 0.000000 0.000000
    172 2.299679 -2.499978 -0.599480 0.892021 0.221512 -0.527234
    173 10.944507 -3.191482 -0.332317 1.597558 -0.146651 -0.183948
    174 -9.580675 -27.862104 -37.184681 0.812874 -0.123459 -0.568474
    175 0.649933 -0.548295 0.093651 -1.665913 -0.131399 -0.112062
    176 0.657078 0.008402 0.040371 -1.665945 -0.131407 -0.000013
    177 0.665776 0.747221 -0.029190 -1.665935 -0.131408 0.094976
    178 2.300137 -2.499413 0.600155 -0.891917 -0.221566 -0.527266
    179 11.962793 0.942966 3.328854 1.764063 -0.255053 0.173401
    180 2.762350 0.116951 1.523975 1.629482 0.064153 1.743800
    181 7.228321 7.928195 -3.925652 2.328701 0.123454 -0.568473
    182 0.650394 -0.547730 -0.092979 1.665913 0.131399 -0.112062
    183 0.657069 0.008399 -0.040379 1.665945 0.131407 -0.000013
    184 0.665772 0.747219 0.029182 1.665935 0.131408 0.094976
    185 -4.481003 -0.202000 0.000000 0.000000 0.000000 0.000000
    186 -5.516998 -0.291000 -0.001000 0.000000 0.000000 0.000000
    187 -0.857695 0.104072 0.104687 0.023536 0.163924 0.013632
    188 1.899119 0.000427 -0.000439 0.027386 -0.033311 0.477848
    189 1.799660 -0.000240 0.000231 0.027386 -0.033311 0.477848
    190 1.799660 -0.000240 0.000231 0.027386 -0.033311 0.477848
    191 1.799660 -0.000240 0.000231 0.027386 -0.033311 0.477848
    192 1.900312 -0.000137 -0.000517 0.027386 -0.033311 0.477848
    193 1.899437 -0.000313 -0.000151 -0.027386 0.033311 0.477848
    194 1.799659 -0.000237 -0.000233 -0.027386 0.033311 0.477848
    195 1.799659 -0.000237 -0.000233 -0.027386 0.033311 0.477848
    196 1.799659 -0.000237 -0.000233 -0.027386 0.033311 0.477848
    197 1.900725 0.000557 -0.000072 -0.027386 0.033311 0.477848
    198 0.599884 0.400188 -0.000027 0.000000 0.000000 0.000000
    199 0.599888 0.400187 0.000031 0.000000 0.000000 -3.141592
    200 0.599503 0.400696 0.000235 0.000000 0.000000 0.000000
    201 0.599983 0.000044 -0.000010 0.000000 0.000000 -3.141592
  time 38
    0 0.000000 0.000000 0.000000 0.000000 0.000000 -1.570796
    1 -0.106323 0.000000 -0.000198 0.000000 0.000000 0.000000
    2 0.000000 0.000000 0.000000 0.000000 0.000000 0.000000
    3 -0.904000 0.000000 -11.806000 0.000000 0.000000 0.000000
    4 0.000000 0.000000 -14.313999 0.000000 -1.570796 1.570857
    5 3.533001 0.000000 0.000000 0.000000 0.000000 0.000000
    6 6.250000 0.000000 0.000000 0.000000 0.000000 0.000000
    7 4.123472 7.820576 -0.229124 -1.153277 1.547377 -1.153364
    8 10.979150 9.125304 5.440233 0.056494 -1.182300 -0.052487
    9 5.790726 0.002787 -0.000113 -1.000506 0.061499 -1.691512
    10 5.999492 -0.000592 -4.000343 0.000000 0.000000 0.000000
    11 5.791316 0.002582 0.004799 1.599201 -0.217168 -1.990475
    12 5.999492 -0.000592 4.000336 0.000000 0.000000 0.000000
    13 0.500225 0.000133 -0.000088 0.128433 0.000000 0.000000
    14 11.534559 0.004255 -0.001312 -0.000017 0.000009 -0.637280
    15 -0.829338 0.893824 0.079659 -0.148839 0.047645 0.087266
    16 0.500225 0.000132 0.000076 -0.557502 0.000000 0.000000
    17 11.536401 0.004432 -0.000089 -0.000030 -0.000022 -0.394651
    18 -0.829586 0.894698 -0.079464 0.045377 -0.019621 0.087266
    19 10.599884 0.000105 -0.000553 -1.094371 0.000012 0.000024
    20 0.100133 -0.279087 -0.000805 0.000000 0.000011 0.318697
    21 11.042057 0.003717 0.004704 -0.955841 0.080941 0.648008
    22 -1.214832 0.203470 -0.477489 -0.135025 -0.078677 -0.001289
    23 10.599880 0.000105 0.000549 -0.282445 0.000000 0.000000
    24 0.064974 -0.290806 0.000801 -0.000012 0.000001 0.198181
    25 11.041742 0.003171 -0.000571 -0.351293 0.633294 -0.098417
    26 -1.063377 0.077663 0.150230 0.045121 0.020046 -0.012850
    27 0.610302 -0.939470 0.070343 -1.654689 -0.083595 -0.180410
    28 0.639940 -0.199121 0.060188 -1.665401 -0.069899 -0.072307
    29 0.600155 1.080261 -0.339535 -1.744123 0.106085 0.045628
    30 0.610207 0.400743 -0.010101 -1.761945 0.010568 0.029006
    31 0.629395 -0.689453 -0.229736 0.059917 -0.073984 -0.756749
    32 -0.792125 0.203736 0.461300 1.439074 -0.003453 -0.018305
    33 0.610300 -0.939469 -0.070351 1.655384 0.140023 -0.175539
    34 0.639937 -0.199121 -0.060200 1.671282 0.183106 -0.036771
    35 0.600157 1.080259 0.339531 1.741685 0.106920 0.153702
    36 0.610205 0.400743 0.010086 1.766615 0.125838 0.080304
    37 0.624002 -0.695300 0.236176 -0.769650 -0.597277 -0.932682
    38 -0.626031 -0.069983 -0.080517 -1.447153 0.086151 0.021559
    39 2.621377 -0.002532 -0.001438 -0.430388 -0.140448 0.894322
    40 2.664743 0.000397 -0.000071 -0.298902 0.030376 1.084606
    41 2.202488 0.003368 -0.006769 -0.280466 0.068098 0.964037
    42 0.599952 0.959240 -0.300102 -0.174544 0.000000 0.000000
    43 2.557190 -0.005873 0.006359 -0.192996 0.063361 1.092099
    44 2.095024 -0.003873 -0.002193 -0.235217 0.301130 0.566366
    45 1.000000 0.000665 -1.241211 -0.000001 0.000000 0.000000
    46 -0.122639 -0.721856 0.661690 -0.486644 0.223964 0.243056
    47 2.622113 -0.000648 0.006647 0.118010 0.486087 0.316410
    48 2.658203 0.000782 0.000161 0.328288 0.324445 0.981184
    49 2.199219 0.000516 -0.000122 0.262848 0.022919 1.089811
    50 0.599951 0.959244 0.300102 0.174544 0.000000 0.000000
    51 2.558594 -0.000149 -0.000030 0.266888 0.214957 1.052934
    52 2.103851 0.005614 -0.001014 0.463687 -0.431514 0.729612
    53 1.000000 0.000085 1.306641 0.000057 -0.000022 0.736334
    54 0.310846 -0.606445 -0.498005 0.308107 -0.197598 0.313976
    55 1.869163 -0.004741 -0.000994 -0.000067 0.000027 0.755981
    56 1.200941 0.399582 -0.000237 -0.009465 0.016087 0.007127
    57 0.000586 0.100342 -0.000319 -0.120035 -0.021926 -0.209617
    58 -0.161663 0.051712 0.194808 -2.941982 0.122408 -0.060194
    59 2.010092 -0.007109 -0.003377 0.000018 0.000025 0.808183
    60 0.000240 0.099802 -0.000395 -0.018823 0.010833 -0.239219
    61 -0.203197 0.048607 0.069150 -3.093332 0.033217 -0.046722
    62 1.180428 -0.006214 0.000780 -0.000014 0.000000 0.586083
    63 -0.000196 0.099625 -0.000034 0.000000 0.000000 -0.314102
    64 -0.088736 -0.688435 -0.145203 2.930407 -0.136130 0.513013
    65 1.708008 0.000721 -0.000200 0.000000 0.000000 0.684690
    66 -0.000580 0.100145 -0.000311 -0.010912 0.023131 -0.260841
    67 -0.146030 -0.232426 -0.014225 3.028455 -0.094299 0.113020
    68 1.290632 0.000362 -0.000032 -0.000036 0.000000 -0.148104
    69 -0.658121 -0.003575 0.072645 -0.142711 0.027792 -0.077299
    70 1.868080 -0.003049 0.006083 0.000027 0.000039 0.815697
    71 1.200079 0.399944 -0.000093 0.009465 -0.016087 0.007127
    72 0.000591 0.100342 0.000319 0.120035 0.021926 -0.209617
    73 0.068077 0.002285 -0.080050 3.111376 -0.069366 -0.060847
    74 2.007813 -0.000883 -0.000381 0.000049 -0.000037 1.297777
    75 0.000229 0.099802 0.000395 0.018823 -0.010833 -0.239219
    76 -0.018673 -0.001009 0.047544 3.109244 0.002635 -0.106673
    77 1.178665 0.001595 0.000845 -0.000038 0.000078 0.669112
    78 -0.000198 0.099628 0.000034 0.000000 0.000000 -0.314102
    79 0.036892 -0.634449 0.266284 -2.801062 0.174301 0.490914
    80 1.708008 0.000721 0.000200 0.000000 0.000000 1.071623
    81 -0.000576 0.100136 0.000311 0.010912 -0.023131 -0.260841
    82 -0.003952 -0.281811 0.115047 -3.059162 0.089004 0.167964
    83 1.290039 0.000364 -0.000046 0.000000 0.000000 0.465379
    84 -0.171528 -0.018148 -0.099873 0.013484 -0.062184 -0.011780
    85 0.912716 0.007240 0.001326 0.000019 0.000021 0.884372
    86 -0.342617 0.053404 -0.025571 -2.909301 -0.017248 0.075276
    87 1.100231 -0.000930 -0.002434 -0.000003 0.000014 0.361693
    88 -0.384983 0.330998 0.006848 -3.087207 -0.018765 -0.184279
    89 0.678146 0.006192 -0.003905 -0.000078 -0.000007 0.367662
    90 -0.123848 0.072737 0.029507 2.898184 -0.060627 0.094834
    91 1.017166 -0.000154 -0.000252 0.000000 0.000000 0.367125
    92 -0.344986 0.123129 0.143151 2.994981 0.012396 0.059140
    93 -0.730988 0.177046 0.039141 -0.123731 0.076518 -0.084310
    94 0.918945 0.000401 0.000087 0.000000 0.000000 0.484981
    95 -0.124027 -0.052092 0.038496 3.077813 -0.008519 0.039229
    96 1.100430 -0.007458 0.000503 -0.000054 0.000042 0.904157
    97 -0.330082 0.160641 0.042780 3.128073 0.034033 -0.171236
    98 0.675854 0.001531 0.003272 0.000002 0.000003 0.945893
    99 -0.019516 -0.016531 0.038578 -2.763781 0.050305 0.076828
    100 1.018555 -0.000027 -0.000397 0.000000 0.000000 0.984486
    101 -0.155312 0.130643 -0.021921 -3.022466 0.022433 -0.024903
    102 -0.252209 0.061937 -0.024914 -0.007671 -0.063171 -0.044392
    103 -0.085991 0.185203 -0.015180 -2.937063 -0.113970 -0.138991
    104 -0.286537 0.179852 0.024264 -3.109353 -0.049645 -0.029915
    105 -0.019489 0.147084 0.079203 2.893815 0.038585 -0.060594
    106 -0.046482 0.251898 0.129548 3.016165 0.077112 -0.042864
    107 0.039120 -0.040298 0.047739 3.084219 0.030470 -0.037414
    108 -0.233757 0.066630 0.001754 -3.133086 0.040141 -0.065413
    109 0.044266 0.020128 0.001684 -2.778763 -0.118872 -0.040488
    110 0.071495 0.074127 -0.048302 -3.035917 -0.059482 0.104366
    111 0.000000 0.000000 0.000000 0.000000 0.000000 -1.570796
    112 13.668386 -1.121128 -5.031404 -0.357126 0.000000 0.000561
    113 4.613422 9.379192 -5.382977 0.096653 -0.818791 -1.435253
    114 -1.542000 0.000000 1.810000 0.000000 0.000000 0.000000
    115 5.561000 0.000000 1.165000 0.000000 0.000000 0.000000
    116 -1.912000 0.003000 0.278000 0.000000 0.000000 0.000000
    117 1.947000 -0.003000 -0.278000 0.000000 0.000000 0.000000
    118 -3.830000 0.003000 0.015000 0.000000 0.000000 0.000000
    119 -2.941000 -0.003000 0.381000 0.000000 0.000000 0.000000
    120 -2.941000 -0.003000 0.381000 0.000000 0.000000 0.000000
    121 -0.070000 -0.003000 0.481000 0.000000 0.000000 0.000000
    122 1.771000 -0.314000 1.250000 0.000000 0.000000 -1.570796
    123 3.818000 0.000000 -0.014000 0.000000 0.000000 0.000000
    124 -0.470000 0.000000 -3.437000 0.000000 0.000000 0.000000
    125 -0.024000 0.000000 3.200000 0.000000 0.305210 0.000000
    126 -0.055985 0.000000 1.166089 0.000000 -0.382459 0.000000
    127 -13.172839 21.953795 -51.645424 0.357406 0.000179 -0.000562
    128 -2.238000 0.000000 -3.188000 0.000000 0.000000 0.000000
    129 3.319000 0.000000 3.458000 0.000000 -0.159168 0.000000
    130 0.000000 0.000000 0.000000 0.000000 0.000000 0.000000
    131 0.533000 0.511000 -0.841000 0.000000 0.000000 0.000000
    132 0.000000 0.000000 0.000000 0.000000 0.000000 0.000000
    133 -0.106000 0.000000 64.320000 0.000000 0.000000 0.000000
    134 0.000000 0.000000 0.000000 0.000000 0.000000 0.000000
    135 0.000000 0.000000 0.000000 0.000000 0.000000 0.000000
    136 23.464298 -1.550296 5.633057 -0.357077 0.000048 0.000491
    137 0.106000 0.000000 -64.320000 0.000000 0.000000 0.000000
    138 0.000000 0.000000 0.000000 0.000000 0.000000 0.000000
    139 0.000000 0.000000 -4.867002 -3.141592 0.000000 -3.128591
    140 0.000000 0.000000 4.867000 -3.141592 0.000000 -3.128591
    141 4.000000 -6.500000 0.000000 0.000000 0.000000 0.000977
    142 -6.500000 0.000000 0.000000 0.000000 1.570796 0.000000
    143 1.000088 -0.000029 0.000000 0.000000 0.000000 0.000000
    144 17.162516 -0.000404 0.000000 0.000000 0.000000 0.119214
    145 9.999891 -0.000303 0.000000 0.000000 0.000000 0.000000
    146 1.000088 -0.000029 0.000000 0.000000 0.000000 0.000000
    147 17.162516 -0.000404 0.000000 0.000000 0.000000 0.119214
    148 9.499836 0.000212 0.000000 0.000000 0.000000 0.000000
    149 0.000000 0.000000 0.000000 0.000000 0.000000 0.000000
    150 17.749374 0.295515 0.000000 0.000000 0.000000 -1.158958
    151 0.017889 0.299792 0.000000 0.000000 0.000000 -0.059582
    152 12.283573 1.581456 -4.696000 1.462269 -0.086726 0.090185
    153 17.749376 0.295515 0.000000 0.000000 0.000000 -1.158958
    154 0.017889 0.299792 0.000000 0.000000 0.000000 -0.059582
    155 13.354000 0.000000 0.000000 0.000000 0.000000 -0.294101
    156 4.530998 0.000000 0.000000 0.000000 0.000000 0.000000
    157 0.000000 0.000000 0.000000 0.000000 0.000000 0.000000
    158 5.413524 0.000347 0.000000 0.000000 0.000000 -0.518055
    159 5.413524 0.000347 0.000000 0.000000 0.000000 -0.518055
    160 4.662001 -5.366332 4.825191 1.569713 1.561305 -3.121213
    161 3.116966 -0.000443 0.000000 0.000000 0.000000 0.294101
    162 4.531197 0.000000 0.000000 0.000000 0.000000 0.000000
    163 3.512001 -3.547000 -1.066000 0.000000 1.570796 0.000000
    164 3.456001 -3.517000 1.169000 0.000000 1.570796 0.000000
    165 6.233002 0.000000 0.000000 0.000000 0.000000 0.000000
    166 -0.171997 -0.106000 -0.902000 1.570713 1.029176 -3.134550
    167 6.241997 -6.380000 0.000000 0.000000 0.000000 0.000000
    168 3.999434 -0.000528 -0.000332 -0.547092 0.000000 0.000000
    169 3.999901 0.000039 0.001011 -0.141297 0.000000 0.000036
    170 1.598000 0.000000 0.000000 0.000000 0.000000 0.000000
    171 -1.145525 0.000130 0.000668 0.000000 0.000000 0.000000
    172 2.299679 -2.499978 -0.599480 0.892021 0.221512 -0.527234
    173 10.944507 -3.191482 -0.332317 1.597558 -0.146651 -0.183948
    174 -9.580675 -27.862104 -37.184681 0.812874 -0.123459 -0.568474
    175 0.649933 -0.548295 0.093651 -1.665913 -0.131399 -0.112062
    176 0.657078 0.008402 0.040371 -1.665945 -0.131407 -0.000013
    177 0.665776 0.747221 -0.029190 -1.665935 -0.131408 0.094976
    178 2.300137 -2.499413 0.600155 -0.891917 -0.221566 -0.527266
    179 11.962793 0.942966 3.328854 1.764063 -0.255053 0.173401
    180 2.762350 0.116951 1.523975 1.629482 0.064153 1.743800
    181 7.228321 7.928195 -3.925652 2.328701 0.123454 -0.568473
    182 0.650394 -0.547730 -0.092979 1.665913 0.131399 -0.112062
    183 0.657069 0.008399 -0.040379 1.665945 0.131407 -0.000013
    184 0.665772 0.747219 0.029182 1.665935 0.131408 0.094976
    185 -4.481003 -0.202000 0.000000 0.000000 0.000000 0.000000
    186 -5.516998 -0.291000 -0.001000 0.000000 0.000000 0.000000
    187 -0.857695 0.104072 0.104687 0.023536 0.163924 0.013632
    188 1.899119 0.000427 -0.000439 0.027386 -0.033311 0.477848
    189 1.799660 -0.000240 0.000231 0.027386 -0.033311 0.477848
    190 1.799660 -0.000240 0.000231 0.027386 -0.033311 0.477848
    191 1.799660 -0.000240 0.000231 0.027386 -0.033311 0.477848
    192 1.900312 -0.000137 -0.000517 0.027386 -0.033311 0.477848
    193 1.899437 -0.000313 -0.000151 -0.027386 0.033311 0.477848
    194 1.799659 -0.000237 -0.000233 -0.027386 0.033311 0.477848
    195 1.799659 -0.000237 -0.000233 -0.027386 0.033311 0.477848
    196 1.799659 -0.000237 -0.000233 -0.027386 0.033311 0.477848
    197 1.900725 0.000557 -0.000072 -0.027386 0.033311 0.477848
    198 0.599884 0.400188 -0.000027 0.000000 0.000000 0.000000
    199 0.599888 0.400187 0.000031 0.000000 0.000000 -3.141592
    200 0.599503 0.400696 0.000235 0.000000 0.000000 0.000000
    201 0.599983 0.000044 -0.000010 0.000000 0.000000 -3.141592
  time 39
    0 0.000000 0.000000 0.000000 0.000000 0.000000 -1.570796
    1 -0.106323 0.000000 -0.000198 0.000000 0.000000 0.000000
    2 0.000000 0.000000 0.000000 0.000000 0.000000 0.000000
    3 -0.904000 0.000000 -11.806000 0.000000 0.000000 0.000000
    4 0.000000 0.000000 -14.313999 0.000000 -1.570796 1.570857
    5 3.533001 0.000000 0.000000 0.000000 0.000000 0.000000
    6 6.250000 0.000000 0.000000 0.000000 0.000000 0.000000
    7 4.123472 7.820576 -0.229124 -1.153277 1.547377 -1.153364
    8 10.979150 9.125304 5.440233 0.056494 -1.182300 -0.052487
    9 5.790726 0.002787 -0.000113 -1.000649 0.062155 -1.691206
    10 5.999492 -0.000592 -4.000343 0.000000 0.000000 0.000000
    11 5.791316 0.002582 0.004799 1.599201 -0.217292 -1.990475
    12 5.999492 -0.000592 4.000336 0.000000 0.000000 0.000000
    13 0.500225 0.000133 -0.000088 0.128480 0.000000 0.000000
    14 11.534559 0.004255 -0.001312 -0.000017 0.000009 -0.637906
    15 -0.829338 0.893824 0.079659 -0.148839 0.047645 0.087266
    16 0.500225 0.000132 0.000076 -0.557601 0.000000 0.000000
    17 11.536401 0.000526 -0.000089 -0.000054 -0.000034 -0.394651
    18 -0.829586 0.894698 -0.079464 0.045377 -0.019621 0.087266
    19 10.599884 0.000105 -0.000553 -1.094262 0.000012 0.000036
    20 0.096227 -0.279087 -0.000805 0.000000 0.000011 0.318998
    21 11.042057 -0.000189 0.000798 -0.955532 0.081405 0.647819
    22 -1.214832 0.203470 -0.477489 -0.135025 -0.078677 -0.001289
    23 10.599880 0.000105 0.000549 -0.282540 0.000000 0.000000
    24 0.064974 -0.290806 0.000801 0.000000 -0.000011 0.197372
    25 11.041742 0.003171 -0.000571 -0.351125 0.634099 -0.098308
    26 -1.063377 0.077663 0.150230 0.045121 0.020046 -0.012850
    27 0.610302 -0.939470 0.070343 -1.654689 -0.083607 -0.180410
    28 0.639940 -0.199121 0.060188 -1.665350 -0.069911 -0.072307
    29 0.600155 1.080261 -0.339535 -1.744017 0.106085 0.045616
    30 0.610207 0.400743 -0.010101 -1.761945 0.010568 0.029006
    31 0.629395 -0.689453 -0.229736 0.059917 -0.073984 -0.756749
    32 -0.792125 0.203736 0.461300 1.439074 -0.003453 -0.018305
    33 0.610300 -0.939469 -0.070351 1.655384 0.140023 -0.175539
    34 0.639937 -0.199121 -0.060200 1.671282 0.183106 -0.036771
    35 0.600157 1.080259 0.339531 1.741685 0.106920 0.153702
    36 0.610205 0.400743 0.010086 1.766615 0.125838 0.080304
    37 0.624002 -0.695300 0.236176 -0.769684 -0.597311 -0.932682
    38 -0.626031 -0.069983 -0.080517 -1.447153 0.086151 0.021559
    39 2.621377 -0.002532 -0.001438 -0.430303 -0.140705 0.893715
    40 2.664743 0.000397 -0.000071 -0.298945 0.030160 1.083906
    41 2.206394 0.003368 -0.002863 -0.280538 0.067906 0.963381
    42 0.599952 0.959240 -0.300102 -0.174544 0.000000 0.000000
    43 2.557190 -0.005873 0.006359 -0.193028 0.063230 1.091395
    44 2.095024 -0.003873 -0.002193 -0.235205 0.301130 0.566366
    45 1.000000 0.000665 -1.241211 -0.000001 0.000000 0.000000
    46 -0.122639 -0.721856 0.661690 -0.486644 0.223964 0.243056
    47 2.622113 -0.000648 0.002741 0.117997 0.486087 0.316410
    48 2.658203 0.000782 0.000161 0.328288 0.324445 0.981184
    49 2.199219 0.000516 -0.000122 0.262848 0.022919 1.089811
    50 0.599951 0.959244 0.300102 0.174544 0.000000 0.000000
    51 2.558594 -0.000149 -0.000030 0.266888 0.214957 1.052934
    52 2.103851 0.005614 -0.001014 0.463727 -0.431514 0.729591
    53 1.000000 0.000085 1.306641 0.000057 -0.000022 0.736334
    54 0.310846 -0.606445 -0.498005 0.308107 -0.197598 0.313976
    55 1.869163 -0.004741 -0.000994 -0.000019 0.000004 0.755146
    56 1.200941 0.399582 -0.000237 -0.009465 0.016087 0.007127
    57 0.000586 0.100342 -0.000319 -0.120035 -0.021926 -0.209617
    58 -0.161663 0.051712 0.194808 -2.941982 0.122408 -0.060194
    59 2.010092 -0.007109 -0.003377 0.000018 0.000013 0.808183
    60 0.000240 0.099802 -0.000395 -0.018823 0.010833 -0.239219
    61 -0.203197 0.048607 0.069150 -3.093332 0.033217 -0.046722
    62 1.180428 -0.006214 0.000780 -0.000014 0.000000 0.586083
    63 -0.000196 0.099625 -0.000034 0.000000 0.000000 -0.314102
    64 -0.088736 -0.688435 -0.145203 2.930407 -0.136130 0.513013
    65 1.708008 0.000721 -0.000200 0.000000 0.000000 0.684690
    66 -0.000580 0.100145 -0.000311 -0.010912 0.023131 -0.260841
    67 -0.146030 -0.232426 -0.014225 3.028455 -0.094299 0.113020
    68 1.290632 0.000362 -0.000032 -0.000048 0.000000 -0.148104
    69 -0.658121 -0.003575 0.072645 -0.142711 0.027792 -0.077299
    70 1.868080 -0.003049 0.006083 0.000027 0.000039 0.815697
    71 1.200079 0.399944 -0.000093 0.009465 -0.016087 0.007127
    72 0.000591 0.100342 0.000319 0.120035 0.021926 -0.209617
    73 0.068077 0.002285 -0.080050 3.111376 -0.069366 -0.060847
    74 2.007813 -0.000883 -0.000381 0.000049 -0.000037 1.297777
    75 0.000229 0.099802 0.000395 0.018823 -0.010833 -0.239219
    76 -0.018673 -0.001009 0.047544 3.109244 0.002635 -0.106673
    77 1.178665 0.001595 0.000845 -0.000038 0.000078 0.669112
    78 -0.000198 0.099628 0.000034 0.000000 0.000000 -0.314102
    79 0.036892 -0.634449 0.266284 -2.801062 0.174301 0.490914
    80 1.708008 0.000721 0.000200 0.000000 0.000000 1.071623
    81 -0.000576 0.100136 0.000311 0.010912 -0.023131 -0.260841
    82 -0.003952 -0.281811 0.115047 -3.059162 0.089004 0.167964
    83 1.290039 0.000364 -0.000046 0.000000 0.000000 0.465379
    84 -0.171528 -0.018148 -0.099873 0.013484 -0.062184 -0.011780
    85 0.912716 0.007240 0.001326 0.000019 0.000021 0.884372
    86 -0.342617 0.053404 -0.025571 -2.909301 -0.017248 0.075276
    87 1.100231 -0.000930 -0.002434 0.000009 0.000014 0.361693
    88 -0.384983 0.330998 0.006848 -3.087207 -0.018765 -0.184279
    89 0.678146 0.006192 0.000002 -0.000078 -0.000007 0.367662
    90 -0.123848 0.072737 0.029507 2.898184 -0.060627 0.094834
    91 1.017166 -0.000154 -0.000252 0.000000 0.000000 0.367125
    92 -0.344986 0.123129 0.143151 2.994981 0.012396 0.059140
    93 -0.730988 0.177046 0.039141 -0.123731 0.076518 -0.084310
    94 0.918945 0.000401 0.000087 0.000000 0.000000 0.484981
    95 -0.124027 -0.052092 0.038496 3.077813 -0.008519 0.039229
    96 1.100430 -0.007458 0.000503 -0.000066 0.000042 0.904157
    97 -0.330082 0.160641 0.042780 3.128073 0.034033 -0.171236
    98 0.675854 0.001531 0.003272 0.000002 0.000003 0.945893
    99 -0.019516 -0.016531 0.038578 -2.763781 0.050305 0.076828
    100 1.018555 -0.000027 -0.000397 0.000000 0.000000 0.984486
    101 -0.155312 0.130643 -0.021921 -3.022466 0.022433 -0.024903
    102 -0.252209 0.061937 -0.024914 -0.007671 -0.063171 -0.044392
    103 -0.085991 0.185203 -0.015180 -2.937063 -0.113970 -0.138991
    104 -0.286537 0.179852 0.024264 -3.109353 -0.049645 -0.029915
    105 -0.019489 0.147084 0.079203 2.893815 0.038585 -0.060594
    106 -0.046482 0.251898 0.129548 3.016165 0.077112 -0.042864
    107 0.039120 -0.040298 0.047739 3.084219 0.030470 -0.037414
    108 -0.233757 0.066630 0.001754 -3.133086 0.040141 -0.065413
    109 0.044266 0.020128 0.001684 -2.778763 -0.118872 -0.040488
    110 0.071495 0.074127 -0.048302 -3.035917 -0.059482 0.104366
    111 0.000000 0.000000 0.000000 0.000000 0.000000 -1.570796
    112 13.668386 -1.121128 -5.035310 -0.356841 0.000094 0.000000
    113 4.629048 9.375286 -5.382977 0.097033 -0.818745 -1.436300
    114 -1.542000 0.000000 1.810000 0.000000 0.000000 0.000000
    115 5.561000 0.000000 1.165000 0.000000 0.000000 0.000000
    116 -1.912000 0.003000 0.278000 0.000000 0.000000 0.000000
    117 1.947000 -0.003000 -0.278000 0.000000 0.000000 0.000000
    118 -3.830000 0.003000 0.015000 0.000000 0.000000 0.000000
    119 -2.941000 -0.003000 0.381000 0.000000 0.000000 0.000000
    120 -2.941000 -0.003000 0.381000 0.000000 0.000000 0.000000
    121 -0.070000 -0.003000 0.481000 0.000000 0.000000 0.000000
    122 1.771000 -0.314000 1.250000 0.000000 0.000000 -1.570796
    123 3.818000 0.000000 -0.014000 0.000000 0.000000 0.000000
    124 -0.470000 0.000000 -3.437000 0.000000 0.000000 0.000000
    125 -0.024000 0.000000 3.200000 0.000000 0.305210 0.000000
    126 -0.055985 0.000000 1.166089 0.000000 -0.382459 0.000000
    127 -13.176745 21.926450 -51.653236 0.356944 0.000071 0.000000
    128 -2.238000 0.000000 -3.188000 0.000000 0.000000 0.000000
    129 3.319000 0.000000 3.458000 0.000000 -0.159168 0.000000
    130 0.000000 0.000000 0.000000 0.000000 0.000000 0.000000
    131 0.533000 0.511000 -0.841000 0.000000 0.000000 0.000000
    132 0.000000 0.000000 0.000000 0.000000 0.000000 0.000000
    133 -0.106000 0.000000 64.320000 0.000000 0.000000 0.000000
    134 0.000000 0.000000 0.000000 0.000000 0.000000 0.000000
    135 0.000000 0.000000 0.000000 0.000000 0.000000 0.000000
    136 23.464298 -1.550296 5.629150 -0.356905 0.000142 -0.000070
    137 0.106000 0.000000 -64.320000 0.000000 0.000000 0.000000
    138 0.000000 0.000000 0.000000 0.000000 0.000000 0.000000
    139 0.000000 0.000000 -4.867002 -3.141592 0.000000 -3.128591
    140 0.000000 0.000000 4.867000 -3.141592 0.000000 -3.128591
    141 4.000000 -6.500000 0.000000 0.000000 0.000000 0.000977
    142 -6.500000 0.000000 0.000000 0.000000 1.570796 0.000000
    143 1.000088 -0.000029 0.000000 0.000000 0.000000 0.000000
    144 17.162516 -0.000404 0.000000 0.000000 0.000000 0.119214
    145 9.999891 -0.000303 0.000000 0.000000 0.000000 0.000000
    146 1.000088 -0.000029 0.000000 0.000000 0.000000 0.000000
    147 17.162516 -0.000404 0.000000 0.000000 0.000000 0.119214
    148 9.499836 0.000212 0.000000 0.000000 0.000000 0.000000
    149 0.000000 0.000000 0.000000 0.000000 0.000000 0.000000
    150 17.749374 0.295515 0.000000 0.000000 0.000000 -1.158958
    151 0.017889 0.299792 0.000000 0.000000 0.000000 -0.059582
    152 12.283573 1.581456 -4.696000 1.462269 -0.086726 0.090185
    153 17.749376 0.295515 0.000000 0.000000 0.000000 -1.158958
    154 0.017889 0.299792 0.000000 0.000000 0.000000 -0.059582
    155 13.354000 0.000000 0.000000 0.000000 0.000000 -0.294101
    156 4.530998 0.000000 0.000000 0.000000 0.000000 0.000000
    157 0.000000 0.000000 0.000000 0.000000 0.000000 0.000000
    158 5.413524 0.000347 0.000000 0.000000 0.000000 -0.518055
    159 5.413524 0.000347 0.000000 0.000000 0.000000 -0.518055
    160 4.662001 -5.366332 4.825191 1.569713 1.561305 -3.121213
    161 3.116966 -0.000443 0.000000 0.000000 0.000000 0.294101
    162 4.531197 0.000000 0.000000 0.000000 0.000000 0.000000
    163 3.512001 -3.547000 -1.066000 0.000000 1.570796 0.000000
    164 3.456001 -3.517000 1.169000 0.000000 1.570796 0.000000
    165 6.233002 0.000000 0.000000 0.000000 0.000000 0.000000
    166 -0.171997 -0.106000 -0.902000 1.570713 1.029176 -3.134550
    167 6.241997 -6.380000 0.000000 0.000000 0.000000 0.000000
    168 3.999434 -0.000528 -0.000332 -0.547092 0.000000 0.000000
    169 3.999901 0.000039 0.001011 -0.141297 0.000000 0.000060
    170 1.598000 0.000000 0.000000 0.000000 0.000000 0.000000
    171 -1.145525 0.000130 0.000668 0.000000 0.000000 0.000000
    172 2.299679 -2.499978 -0.599480 0.892021 0.221512 -0.527234
    173 10.944507 -3.191482 -0.332317 1.597558 -0.146651 -0.183948
    174 -9.580675 -27.862104 -37.184681 0.812874 -0.123459 -0.568474
    175 0.649933 -0.548295 0.093651 -1.665913 -0.131399 -0.112062
    176 0.657078 0.008402 0.040371 -1.665945 -0.131407 -0.000013
    177 0.665776 0.747221 -0.029190 -1.665935 -0.131408 0.094976
    178 2.300137 -2.499413 0.600155 -0.891917 -0.221566 -0.527266
    179 11.962793 0.942966 3.328854 1.764063 -0.255053 0.173401
    180 2.762350 0.116951 1.523975 1.629482 0.064153 1.743800
    181 7.228321 7.928195 -3.925652 2.328701 0.123454 -0.568473
    182 0.650394 -0.547730 -0.092979 1.665913 0.131399 -0.112062
    183 0.657069 0.008399 -0.040379 1.665945 0.131407 -0.000013
    184 0.665772 0.747219 0.029182 1.665935 0.131408 0.094976
    185 -4.481003 -0.202000 0.000000 0.000000 0.000000 0.000000
    186 -5.516998 -0.291000 -0.001000 0.000000 0.000000 0.000000
    187 -0.857695 0.104072 0.104687 0.023536 0.163924 0.013632
    188 1.899119 0.000427 -0.000439 0.027386 -0.033311 0.477848
    189 1.799660 -0.000240 0.000231 0.027386 -0.033311 0.477848
    190 1.799660 -0.000240 0.000231 0.027386 -0.033311 0.477848
    191 1.799660 -0.000240 0.000231 0.027386 -0.033311 0.477848
    192 1.900312 -0.000137 -0.000517 0.027386 -0.033311 0.477848
    193 1.899437 -0.000313 -0.000151 -0.027386 0.033311 0.477848
    194 1.799659 -0.000237 -0.000233 -0.027386 0.033311 0.477848
    195 1.799659 -0.000237 -0.000233 -0.027386 0.033311 0.477848
    196 1.799659 -0.000237 -0.000233 -0.027386 0.033311 0.477848
    197 1.900725 0.000557 -0.000072 -0.027386 0.033311 0.477848
    198 0.599884 0.400188 -0.000027 0.000000 0.000000 0.000000
    199 0.599888 0.400187 0.000031 0.000000 0.000000 -3.141592
    200 0.599503 0.400696 0.000235 0.000000 0.000000 0.000000
    201 0.599983 0.000044 -0.000010 0.000000 0.000000 -3.141592
end
