// Created by Crowbar 0.74
version 1
nodes
  0 "tag_origin" -1
  1 "tag_view" 0
  2 "tag_ads" 1
  3 "tag_torso" 2
  4 "j_mainroot" 3
  5 "j_spinelower" 4
  6 "j_spineupper" 5
  7 "j_clavicle_le" 6
  8 "j_clavicle_ri" 6
  9 "j_shoulder_le" 7
  10 "j_teres_le" 7
  11 "j_shoulder_ri" 8
  12 "j_teres_ri" 8
  13 "j_shouldertwist_le" 9
  14 "j_elbow_le" 9
  15 "ValveBiped.Bip01_L_UpperArm" 9
  16 "j_shouldertwist_ri" 11
  17 "j_elbow_ri" 11
  18 "ValveBiped.Bip01_R_UpperArm" 11
  19 "j_wristfronttwist1_le" 14
  20 "j_elbowdq_le" 14
  21 "j_wrist_le" 14
  22 "ValveBiped.Bip01_L_Forearm" 14
  23 "j_wristfronttwist1_ri" 17
  24 "j_elbowdq_ri" 17
  25 "j_wrist_ri" 17
  26 "ValveBiped.Bip01_R_Forearm" 17
  27 "j_metaindex_le_1" 21
  28 "j_metamid_le_1" 21
  29 "j_metapinky_le_1" 21
  30 "j_metaring_le_1" 21
  31 "j_thumb_le_1" 21
  32 "ValveBiped.Bip01_L_Hand" 21
  33 "j_metaindex_ri_1" 25
  34 "j_metamid_ri_1" 25
  35 "j_metapinky_ri_1" 25
  36 "j_metaring_ri_1" 25
  37 "j_thumb_ri_1" 25
  38 "ValveBiped.Bip01_R_Hand" 25
  39 "j_index_le_1" 27
  40 "j_mid_le_1" 28
  41 "j_pinky_le_1" 29
  42 "j_webbing_le_3" 29
  43 "j_ring_le_1" 30
  44 "j_thumb_le_2" 31
  45 "j_webbing_le_2" 31
  46 "ValveBiped.Bip01_L_Finger0" 31
  47 "j_index_ri_1" 33
  48 "j_mid_ri_1" 34
  49 "j_pinky_ri_1" 35
  50 "j_webbing_ri_3" 35
  51 "j_ring_ri_1" 36
  52 "j_thumb_ri_2" 37
  53 "j_webbing_ri_2" 37
  54 "ValveBiped.Bip01_R_Finger0" 37
  55 "j_index_le_2" 39
  56 "j_indexbulge_le_1" 39
  57 "j_proc_index_le_1" 39
  58 "ValveBiped.Bip01_L_Finger1" 39
  59 "j_mid_le_2" 40
  60 "j_proc_mid_le_1" 40
  61 "ValveBiped.Bip01_L_Finger2" 40
  62 "j_pinky_le_2" 41
  63 "j_proc_pinky_le_1" 41
  64 "ValveBiped.Bip01_L_Finger4" 41
  65 "j_ring_le_2" 43
  66 "j_proc_ring_le_1" 43
  67 "ValveBiped.Bip01_L_Finger3" 43
  68 "j_thumb_le_3" 44
  69 "ValveBiped.Bip01_L_Finger01" 44
  70 "j_index_ri_2" 47
  71 "j_indexbulge_ri_1" 47
  72 "j_proc_index_ri_1" 47
  73 "ValveBiped.Bip01_R_Finger1" 47
  74 "j_mid_ri_2" 48
  75 "j_proc_mid_ri_1" 48
  76 "ValveBiped.Bip01_R_Finger2" 48
  77 "j_pinky_ri_2" 49
  78 "j_proc_pinky_ri_1" 49
  79 "ValveBiped.Bip01_R_Finger4" 49
  80 "j_ring_ri_2" 51
  81 "j_proc_ring_ri_1" 51
  82 "ValveBiped.Bip01_R_Finger3" 51
  83 "j_thumb_ri_3" 52
  84 "ValveBiped.Bip01_R_Finger01" 52
  85 "j_index_le_3" 55
  86 "ValveBiped.Bip01_L_Finger11" 55
  87 "j_mid_le_3" 59
  88 "ValveBiped.Bip01_L_Finger21" 59
  89 "j_pinky_le_3" 62
  90 "ValveBiped.Bip01_L_Finger41" 62
  91 "j_ring_le_3" 65
  92 "ValveBiped.Bip01_L_Finger31" 65
  93 "ValveBiped.Bip01_L_Finger02" 68
  94 "j_index_ri_3" 70
  95 "ValveBiped.Bip01_R_Finger11" 70
  96 "j_mid_ri_3" 74
  97 "ValveBiped.Bip01_R_Finger21" 74
  98 "j_pinky_ri_3" 77
  99 "ValveBiped.Bip01_R_Finger41" 77
  100 "j_ring_ri_3" 80
  101 "ValveBiped.Bip01_R_Finger31" 80
  102 "ValveBiped.Bip01_R_Finger02" 83
  103 "ValveBiped.Bip01_L_Finger12" 85
  104 "ValveBiped.Bip01_L_Finger22" 87
  105 "ValveBiped.Bip01_L_Finger42" 89
  106 "ValveBiped.Bip01_L_Finger32" 91
  107 "ValveBiped.Bip01_R_Finger12" 94
  108 "ValveBiped.Bip01_R_Finger22" 96
  109 "ValveBiped.Bip01_R_Finger42" 98
  110 "ValveBiped.Bip01_R_Finger32" 100
  111 "ValveBiped.Anim_Attachment_RH" -1
  112 "tag_pistol_offset" 111
  113 "j_gun" -1
  114 "j_hammer" 112
  115 "j_trigger" 112
  116 "tag_align_gun" 112
  117 "tag_barrel_attach" 112
  118 "j_slide" 117
  119 "tag_reflex" 118
  120 "tag_sight_on" 118
  121 "tag_flash" 117
  122 "tag_brass" 112
  123 "tag_laser_show" 112
  124 "tag_laser_attach" 123
  125 "tag_mag_attach" 112
  126 "tag_pistolgrip_attach" 112
  127 "tag_stock_attach" 112
  128 "tag_sync" 0
  129 "tag_camera_scripted" 0
  130 "tag_cambone" 1
  131 "tag_camera" 130
  132 "tag_weapon" 3
  133 "tag_player" 131
  134 "tag_playerhelmet" 131
  135 "j_hip_le" 4
  136 "j_hip_ri" 4
  137 "j_groinprotector" 4
  138 "j_crotch" 4
  139 "j_hiptwist_le" 135
  140 "j_knee_le" 135
  141 "j_hip_proc_le" 135
  142 "j_hiptwist_ri" 136
  143 "j_knee_ri" 136
  144 "j_hip_proc_ri" 136
  145 "j_proc_spinelower" 5
  146 "j_ankle_le" 140
  147 "j_kneedq_le" 140
  148 "tag_stowed_thigh" 142
  149 "j_ankle_ri" 143
  150 "j_kneedq_ri" 143
  151 "j_neck" 6
  152 "j_spine4" 6
  153 "j_proc_spineupper" 6
  154 "j_ball_le" 146
  155 "j_ball_ri" 149
  156 "tag_carry_attach" 7
  157 "j_head" 151
  158 "j_chest" 152
  159 "j_mag1" 125
  160 "j_mag2" 125
  161 "j_eyeball_le" 157
  162 "j_eyeball_ri" 157
  163 "j_head_end" 157
  164 "j_jaw" 157
  165 "j_nvg" 157
  166 "j_bullet2" 159
  167 "j_shield_le" 14
  168 "j_shield_ri" 17
  169 "j_helmet" 163
  170 "j_proc_wristfronttwist1_le" 19
  171 "j_webbing_le_1" 21
  172 "tag_weapon_left" 21
  173 "tag_accessory_left" 21
  174 "j_proc_metaindex_le_1" 21
  175 "j_proc_metaknuckle_le_1" 21
  176 "j_proc_metapinky_le_1" 21
  177 "j_webbing_ri_1" 25
  178 "tag_weapon_right" 25
  179 "tag_knife_attach2" 25
  180 "tag_accessory_right" 25
  181 "j_proc_metaindex_ri_1" 25
  182 "j_proc_metaknuckle_ri_1" 25
  183 "j_proc_metapinky_ri_1" 25
  184 "j_visor" 169
  185 "j_visor_inner" 169
  186 "tag_wrist_attach_le" 170
  187 "j_proc_metaindex_le_2" 174
  188 "j_proc_knuckle_le_1" 175
  189 "j_proc_idle_knuckle_le_1" 175
  190 "j_proc_orient_knuckle_le_1" 175
  191 "j_proc_metapinky_le_2" 176
  192 "j_proc_metaindex_ri_2" 181
  193 "j_proc_knuckle_ri_1" 182
  194 "j_proc_idle_knuckle_ri_1" 182
  195 "j_proc_orient_knuckle_ri_1" 182
  196 "j_proc_metapinky_ri_2" 183
  197 "j_thumb_le_4" 68
  198 "j_thumb_ri_4" 83
  199 "j_index_le_4" 85
  200 "j_index_ri_4" 94
end
skeleton
  time 0
    0 0.000000 0.000000 0.000000 0.000000 0.000000 -1.570796
    1 -0.106323 0.000000 -0.000198 0.000000 0.000000 0.000000
    2 0.000000 0.000000 0.000000 0.000000 0.000000 0.000000
    3 -0.904000 0.000000 -11.806000 0.000000 0.000000 0.000000
    4 0.000000 0.000000 -14.313999 0.000000 -1.570796 1.570857
    5 3.533001 0.000000 0.000000 0.000000 0.000000 0.000000
    6 6.250000 0.000000 0.000000 0.000000 0.000000 0.000000
    7 4.369573 6.343969 -0.084588 -1.153277 1.547377 -1.153364
    8 9.562500 6.343750 1.773438 1.153277 -1.547377 -1.153364
    9 5.786820 0.002787 -0.000113 -1.132027 0.217122 -1.637769
    10 5.999492 -0.000592 -4.000343 0.000000 0.000000 0.000000
    11 5.787410 0.002582 0.000893 0.574980 -0.322999 -1.384820
    12 5.999492 -0.000592 4.000336 0.000000 0.000000 0.000000
    13 0.500225 0.000133 -0.000088 0.226388 0.000000 -0.000060
    14 11.534559 0.004255 -0.001312 -0.000017 0.000009 -0.995956
    15 -0.829338 0.893824 0.079659 -0.148839 0.047645 0.087266
    16 0.500225 0.000132 0.000076 0.147331 0.000000 0.000000
    17 11.532495 0.004432 -0.000089 0.000006 -0.000022 -1.254655
    18 -0.829586 0.894698 -0.079464 0.045377 -0.019621 0.087266
    19 10.599884 0.000105 -0.000553 -1.046484 -0.000048 0.000024
    20 0.150916 -0.282994 -0.000805 0.000000 0.000011 0.497979
    21 11.045963 0.003717 0.000798 -0.963492 -0.025721 0.626475
    22 -1.214832 0.203470 -0.477489 -0.135025 -0.078677 -0.001289
    23 10.599880 0.000105 0.000549 0.141368 0.000000 0.000000
    24 0.252480 -0.357215 0.000801 0.000000 -0.000011 0.627355
    25 11.041742 0.003171 -0.000571 0.100516 0.531478 0.964394
    26 -1.063377 0.077663 0.150230 0.045121 0.020046 -0.012850
    27 0.610302 -0.939470 0.070343 -1.655295 -0.140043 -0.175628
    28 0.639940 -0.199121 0.060188 -1.665960 -0.131367 -0.066375
    29 0.600155 1.080261 -0.339535 -1.738500 0.015361 0.075314
    30 0.610207 0.400743 -0.010101 -1.762268 -0.061628 0.042956
    31 0.630809 -0.693997 -0.232343 0.036585 0.209315 -0.870269
    32 -0.792125 0.203736 0.461300 1.439074 -0.003453 -0.018305
    33 0.610300 -0.939469 -0.070351 1.655295 0.140043 -0.175640
    34 0.639937 -0.199121 -0.060200 1.665502 0.091267 -0.070294
    35 0.600157 1.080259 0.339531 1.764596 -0.263910 -0.039235
    36 0.610205 0.400743 0.010086 1.763129 -0.081576 -0.010304
    37 0.624002 -0.695300 0.232270 -0.279303 -0.243079 -1.042178
    38 -0.626031 -0.069983 -0.080517 -1.447153 0.086151 0.021559
    39 2.621377 -0.002532 -0.001438 -0.231742 -0.474774 1.048956
    40 2.660837 0.000397 -0.000071 -0.299690 -0.327376 1.276622
    41 2.202488 0.003368 -0.006769 -0.219800 -0.142773 1.342956
    42 0.599952 0.959240 -0.300102 -0.174544 0.000000 0.000000
    43 2.557190 -0.001967 0.002453 -0.151479 -0.240412 1.313965
    44 2.095024 -0.003873 -0.006100 -0.426324 -0.111239 0.840357
    45 0.999380 -0.000236 -1.197651 -0.000001 0.000000 0.000000
    46 -0.122639 -0.721856 0.661690 -0.486644 0.223964 0.243056
    47 2.622113 -0.000648 0.006647 0.333636 0.161364 0.517921
    48 2.657909 0.004589 -0.000533 0.358001 -0.006349 1.156456
    49 2.200016 0.001663 0.000836 0.281470 -0.092666 0.678508
    50 0.599951 0.959244 0.300102 0.174544 0.000000 0.000000
    51 2.556570 -0.000385 0.000554 0.237827 -0.048433 0.969074
    52 2.103851 0.001708 -0.001014 0.556269 -0.214280 0.643871
    53 0.999374 -0.000237 1.103890 0.000000 0.000000 0.000001
    54 0.310846 -0.606445 -0.498005 0.308107 -0.197598 0.313976
    55 1.873069 -0.000835 -0.000994 -0.000007 0.000004 0.768265
    56 1.200941 0.399582 -0.000237 -0.009465 0.016087 0.007127
    57 0.000586 0.100342 -0.000319 -0.120035 -0.021926 -0.209617
    58 -0.161663 0.051712 0.194808 -2.941982 0.122408 -0.060194
    59 2.010092 -0.007109 -0.003377 0.000018 0.000013 0.848494
    60 0.000240 0.099802 -0.000395 -0.018823 0.010833 -0.239219
    61 -0.203197 0.048607 0.069150 -3.093332 0.033217 -0.046722
    62 1.180428 -0.006214 0.000780 -0.000014 0.000000 0.459240
    63 -0.000196 0.099625 -0.000034 0.000000 0.000000 -0.314102
    64 -0.088736 -0.688435 -0.145203 2.930407 -0.136130 0.513013
    65 1.712069 -0.003328 0.003818 0.002767 -0.012544 0.668783
    66 -0.000580 0.100145 -0.000311 -0.010912 0.023129 -0.260841
    67 -0.146030 -0.232426 -0.014225 3.028455 -0.094299 0.113020
    68 1.290632 0.000362 -0.000032 0.000000 0.000000 0.156027
    69 -0.658121 -0.003575 0.072645 -0.142711 0.027792 -0.077299
    70 1.868080 -0.003049 0.006083 0.000003 -0.000021 0.515649
    71 1.200079 0.399944 -0.000093 0.009465 -0.016087 0.007127
    72 0.000591 0.100342 0.000319 0.120035 0.021926 -0.209617
    73 0.068077 0.002285 -0.080050 3.111376 -0.069366 -0.060847
    74 2.015780 -0.005083 0.006086 -0.000061 -0.000061 1.537522
    75 0.000229 0.099802 0.000395 0.018823 -0.010833 -0.239219
    76 -0.018673 -0.001009 0.047544 3.109244 0.002635 -0.106673
    77 1.178665 0.001595 0.000845 0.000018 -0.000012 0.802275
    78 -0.000198 0.099628 0.000034 0.000000 0.000000 -0.314102
    79 0.036892 -0.634449 0.266284 -2.801062 0.174301 0.490914
    80 1.704350 -0.002506 -0.004592 -0.000010 0.000023 1.211567
    81 -0.000576 0.100136 0.000311 0.010912 -0.023131 -0.260841
    82 -0.003952 -0.281811 0.115047 -3.059162 0.089004 0.167964
    83 1.289627 0.003949 0.000061 -0.000014 0.000003 0.499913
    84 -0.171528 -0.018148 -0.099873 0.013484 -0.062184 -0.011780
    85 0.912716 0.007240 0.001326 0.000019 0.000021 0.552445
    86 -0.342617 0.053404 -0.025571 -2.909301 -0.017248 0.075276
    87 1.100231 -0.000930 -0.002434 0.000009 0.000014 0.209037
    88 -0.384983 0.330998 0.006848 -3.087207 -0.018765 -0.184279
    89 0.678146 0.006192 0.000002 -0.000018 -0.000019 0.518187
    90 -0.123848 0.072737 0.029507 2.898184 -0.060627 0.094834
    91 1.017166 -0.000154 -0.000252 -0.307188 -0.034745 0.407375
    92 -0.344986 0.123129 0.143151 2.994981 0.012396 0.059140
    93 -0.730988 0.177046 0.039141 -0.123731 0.076518 -0.084310
    94 0.921993 0.005205 -0.000896 -0.000002 -0.000011 0.943547
    95 -0.124027 -0.052092 0.038496 3.077813 -0.008519 0.039229
    96 1.100430 -0.003552 0.000503 -0.217215 -0.000018 0.841241
    97 -0.330082 0.160641 0.042780 3.128073 0.034033 -0.171236
    98 0.679760 0.005438 0.003272 0.000062 0.000063 1.384707
    99 -0.019516 -0.016531 0.038578 -2.763781 0.050305 0.076828
    100 1.014985 0.001206 0.001121 -0.085156 -0.000077 1.155470
    101 -0.155312 0.130643 -0.021921 -3.022466 0.022433 -0.024903
    102 -0.252209 0.061937 -0.024914 -0.007671 -0.063171 -0.044392
    103 -0.085991 0.185203 -0.015180 -2.937063 -0.113970 -0.138991
    104 -0.286537 0.179852 0.024264 -3.109353 -0.049645 -0.029915
    105 -0.019489 0.147084 0.079203 2.893815 0.038585 -0.060594
    106 -0.046482 0.251898 0.129548 3.016165 0.077112 -0.042864
    107 0.039120 -0.040298 0.047739 3.084219 0.030470 -0.037414
    108 -0.233757 0.066630 0.001754 -3.133086 0.040141 -0.065413
    109 0.044266 0.020128 0.001684 -2.778763 -0.118872 -0.040488
    110 0.071495 0.074127 -0.048302 -3.035917 -0.059482 0.104366
    111 0.000000 0.000000 0.000000 0.000000 0.000000 -1.570796
    112 12.617573 -0.335948 -3.925901 -0.314212 0.000000 -0.000422
    113 9.109653 7.785394 -5.730644 -0.244494 -0.722996 -1.378135
    114 -0.348999 0.000000 0.342999 0.000000 0.000000 0.000000
    115 2.394995 0.000000 0.034000 0.000000 0.000000 0.000000
    116 0.008000 0.000000 1.401997 0.000000 0.000000 0.000000
    117 1.148998 0.000000 0.626999 0.000000 0.000000 0.000000
    118 1.107998 0.000000 0.153000 0.000000 0.000000 0.000000
    119 -2.457995 0.000000 0.449999 0.000000 0.000000 0.000000
    120 0.283000 0.000000 0.659998 0.000000 0.000000 0.000000
    121 4.293992 0.000000 0.136000 0.000000 0.000000 0.000000
    122 1.511997 -0.417999 1.094998 0.000000 0.000000 -1.570755
    123 4.229991 0.000000 0.042000 0.000000 0.000000 0.000000
    124 0.240000 0.000000 -0.662999 0.000000 0.000000 0.000000
    125 1.060998 0.000000 -3.633993 0.000000 0.000000 0.000000
    126 0.193999 0.000000 -2.057996 0.000000 0.000000 0.000000
    127 -0.774998 0.000000 -2.394995 0.000000 0.000000 0.000000
    128 0.000000 0.000000 0.000000 0.000000 0.000000 0.000000
    129 -0.106000 0.000000 64.320000 0.000000 0.000000 0.000000
    130 0.000000 0.000000 0.000000 0.000000 0.000000 0.000000
    131 0.000000 0.000000 0.000000 0.000000 0.000000 0.000000
    132 23.292503 -0.967643 5.968346 -0.314247 -0.000056 -0.000500
    133 0.106000 0.000000 -64.320000 0.000000 0.000000 0.000000
    134 0.000000 0.000000 0.000000 0.000000 0.000000 0.000000
    135 0.000000 0.000000 -4.867002 -3.141592 0.000000 -3.128591
    136 0.000000 0.000000 4.867000 -3.141592 0.000000 -3.128591
    137 4.000000 -6.500000 0.000000 0.000000 0.000000 0.000977
    138 -6.500000 0.000000 0.000000 0.000000 1.570796 0.000000
    139 1.000088 -0.000029 0.000000 0.000000 0.000000 0.000000
    140 17.162516 -0.000404 0.000000 0.000000 0.000000 0.119214
    141 9.999891 -0.000303 0.000000 0.000000 0.000000 0.000000
    142 1.000088 -0.000029 0.000000 0.000000 0.000000 0.000000
    143 17.162516 -0.000404 0.000000 0.000000 0.000000 0.119214
    144 9.499836 0.000212 0.000000 0.000000 0.000000 0.000000
    145 0.000000 0.000000 0.000000 0.000000 0.000000 0.000000
    146 17.749374 0.295515 0.000000 0.000000 0.000000 -1.158958
    147 0.017889 0.299792 0.000000 0.000000 0.000000 -0.059582
    148 12.283573 1.581456 -4.696000 1.462269 -0.086726 0.090185
    149 17.749376 0.295515 0.000000 0.000000 0.000000 -1.158958
    150 0.017889 0.299792 0.000000 0.000000 0.000000 -0.059582
    151 13.354000 0.000000 0.000000 0.000000 0.000000 -0.294101
    152 4.530998 0.000000 0.000000 0.000000 0.000000 0.000000
    153 0.000000 0.000000 0.000000 0.000000 0.000000 0.000000
    154 5.413524 0.000347 0.000000 0.000000 0.000000 -0.518055
    155 5.413524 0.000347 0.000000 0.000000 0.000000 -0.518055
    156 4.662002 -5.366333 4.825191 1.569713 1.561305 -3.121213
    157 3.116966 -0.000443 0.000000 0.000000 0.000000 0.294101
    158 0.000000 0.000000 0.000000 0.000000 0.000000 0.000000
    159 -0.271999 0.000000 2.688000 0.000000 0.000000 0.000000
    160 -13.659218 19.141630 -53.645393 0.314162 -0.000197 0.000463
    161 3.512001 -3.547000 -1.066000 0.000000 1.570796 0.000000
    162 3.456001 -3.517000 1.169000 0.000000 1.570796 0.000000
    163 6.233002 0.000000 0.000000 0.000000 0.000000 0.000000
    164 -0.171997 -0.106000 -0.902000 1.570713 1.029176 -3.134550
    165 6.241997 -6.380000 0.000000 0.000000 0.000000 0.000000
    166 0.181000 -0.064000 1.096000 0.000000 0.000000 0.000000
    167 3.999434 -0.000528 -0.000332 -0.523296 -0.000059 0.000016
    168 3.999901 0.000041 0.001011 0.070695 0.000000 0.000000
    169 1.598000 0.000000 0.000000 0.000000 0.000000 0.000000
    170 -1.145525 0.000130 0.000668 0.000000 0.000000 0.000000
    171 2.299679 -2.499979 -0.599480 0.892008 0.221446 -0.527246
    172 11.207076 -0.718225 0.644222 1.797438 -0.254338 -0.002959
    173 -9.580673 -27.862106 -37.184681 0.812879 -0.123459 -0.568477
    174 0.649933 -0.548295 0.093651 -1.665913 -0.131399 -0.112062
    175 0.657074 0.008402 0.040371 -1.665945 -0.131407 -0.000013
    176 0.665776 0.747221 -0.029190 -1.665935 -0.131408 0.094976
    177 2.300138 -2.499413 0.600155 -0.891930 -0.221542 -0.527211
    178 11.469488 -0.466384 4.428192 2.114295 -0.357385 0.009023
    179 2.762354 0.116951 1.523975 1.629482 0.064153 1.743800
    180 7.228323 7.928198 -3.925648 2.328713 0.123459 -0.568477
    181 0.650394 -0.547730 -0.092979 1.665913 0.131399 -0.112062
    182 0.657069 0.008398 -0.040379 1.665945 0.131407 -0.000013
    183 0.665777 0.747220 0.029182 1.665935 0.131408 0.094976
    184 -4.481003 -0.202000 0.000000 0.000000 0.000000 0.000000
    185 -5.516998 -0.291000 -0.001000 0.000000 0.000000 0.000000
    186 -0.857700 0.104073 0.104687 0.023536 0.163924 0.013632
    187 1.899121 0.000427 -0.000439 0.027386 -0.033311 0.477848
    188 1.799659 -0.000240 0.000231 0.027386 -0.033311 0.477848
    189 1.799659 -0.000240 0.000231 0.027386 -0.033311 0.477848
    190 1.799659 -0.000240 0.000231 0.027386 -0.033311 0.477848
    191 1.900308 -0.000145 -0.000518 0.027386 -0.033311 0.477848
    192 1.899433 -0.000317 -0.000151 -0.027386 0.033311 0.477848
    193 1.799659 -0.000237 -0.000233 -0.027386 0.033311 0.477848
    194 1.799659 -0.000237 -0.000233 -0.027386 0.033311 0.477848
    195 1.799659 -0.000237 -0.000233 -0.027386 0.033311 0.477848
    196 1.900724 0.000553 -0.000072 -0.027386 0.033311 0.477848
    197 0.599884 0.400187 -0.000031 0.000000 0.000000 0.000000
    198 0.599888 0.400187 0.000031 0.000000 0.000000 -3.141592
    199 0.599503 0.400696 0.000234 0.000000 0.000000 0.000000
    200 0.600399 0.399632 -0.000466 0.000000 0.000000 -3.141592
  time 1
    0 0.000000 0.000000 0.000000 0.000000 0.000000 -1.570796
    1 -0.106323 0.000000 -0.000198 0.000000 0.000000 0.000000
    2 0.000000 0.000000 0.000000 0.000000 0.000000 0.000000
    3 -0.904000 0.000000 -11.806000 0.000000 0.000000 0.000000
    4 0.000000 0.000000 -14.313999 0.000000 -1.570796 1.570857
    5 3.533001 0.000000 0.000000 0.000000 0.000000 0.000000
    6 6.250000 0.000000 0.000000 0.000000 0.000000 0.000000
    7 4.369573 6.242403 -0.135371 -1.153277 1.547377 -1.153364
    8 9.562500 6.343750 1.773438 1.153277 -1.547377 -1.153364
    9 5.790726 0.002787 -0.000113 -1.122935 0.236153 -1.624497
    10 5.999492 -0.000592 -4.000343 0.000000 0.000000 0.000000
    11 5.787410 0.002582 0.000893 0.572134 -0.329740 -1.376066
    12 5.999492 -0.000592 4.000336 0.000000 0.000000 0.000000
    13 0.500225 0.000133 -0.000088 0.220197 0.000000 0.000000
    14 11.534559 0.000348 -0.001312 -0.000017 0.000009 -1.038580
    15 -0.829338 0.893824 0.079659 -0.148839 0.047645 0.087266
    16 0.500225 0.000132 0.000076 0.147331 0.000000 0.000060
    17 11.532495 0.004432 -0.000089 0.000006 -0.000022 -1.274590
    18 -0.829586 0.894698 -0.079464 0.045377 -0.019621 0.087266
    19 10.599884 0.000105 -0.000553 -1.064367 -0.000024 -0.000036
    20 0.166542 -0.286900 -0.000805 0.000000 0.000011 0.519286
    21 11.042057 0.003717 0.004704 -0.978433 -0.002039 0.604798
    22 -1.214832 0.203470 -0.477489 -0.135025 -0.078677 -0.001289
    23 10.599880 0.000105 0.000549 0.117274 0.000000 0.000000
    24 0.268105 -0.361121 0.000801 0.000000 -0.000011 0.637292
    25 11.041742 0.003171 -0.000571 0.082751 0.532621 0.962326
    26 -1.063377 0.077663 0.150230 0.045121 0.020046 -0.012850
    27 0.610302 -0.939470 0.070343 -1.655295 -0.140079 -0.175676
    28 0.639940 -0.199121 0.060188 -1.665960 -0.131391 -0.066495
    29 0.600155 1.080261 -0.339535 -1.738500 0.015253 0.075146
    30 0.610207 0.400743 -0.010101 -1.762268 -0.061592 0.042836
    31 0.634715 -0.693997 -0.232343 0.036573 0.209239 -0.870269
    32 -0.792125 0.203736 0.461300 1.439074 -0.003453 -0.018305
    33 0.610300 -0.939469 -0.070351 1.655346 0.140115 -0.175700
    34 0.639937 -0.199121 -0.060200 1.665604 0.091351 -0.070282
    35 0.600157 1.080259 0.339531 1.764649 -0.263838 -0.039235
    36 0.610205 0.400743 0.010086 1.763344 -0.081516 -0.010352
    37 0.624002 -0.695300 0.236176 -0.275959 -0.245548 -1.055257
    38 -0.626031 -0.069983 -0.080517 -1.447153 0.086151 0.021559
    39 2.621377 -0.002532 -0.001438 -0.237129 -0.514835 1.060082
    40 2.660837 0.000397 -0.000071 -0.294851 -0.372869 1.265818
    41 2.202488 0.003368 -0.006769 -0.212154 -0.250429 1.282165
    42 0.599952 0.959240 -0.300102 -0.174544 0.000000 0.000000
    43 2.553283 -0.005873 0.006359 -0.130038 -0.304566 1.254660
    44 2.095024 -0.003873 -0.002193 -0.426324 -0.111239 0.840357
    45 0.999380 -0.000236 -1.193744 -0.000001 0.000000 0.000000
    46 -0.122639 -0.721856 0.661690 -0.486644 0.223964 0.243056
    47 2.622113 -0.004555 0.002741 0.323130 0.180300 0.472890
    48 2.654002 0.004589 -0.000533 0.362490 -0.006517 1.160288
    49 2.200016 0.001663 0.000836 0.282321 -0.083533 0.647968
    50 0.599951 0.959244 0.300102 0.174544 0.000000 0.000000
    51 2.556570 -0.000385 0.000554 0.237642 -0.048492 0.972396
    52 2.103851 0.005614 -0.001014 0.563503 -0.192521 0.606867
    53 0.999374 -0.000237 1.096077 0.000000 0.000000 0.000001
    54 0.310846 -0.606445 -0.498005 0.308107 -0.197598 0.313976
    55 1.869163 -0.000835 -0.000994 -0.000007 0.000004 0.616762
    56 1.200941 0.399582 -0.000237 -0.009465 0.016087 0.007127
    57 0.000586 0.100342 -0.000319 -0.120035 -0.021926 -0.209617
    58 -0.161663 0.051712 0.194808 -2.941982 0.122408 -0.060194
    59 2.010092 -0.007109 -0.003377 0.000018 0.000013 0.762011
    60 0.000240 0.099802 -0.000395 -0.018823 0.010833 -0.239219
    61 -0.203197 0.048607 0.069150 -3.093332 0.033217 -0.046722
    62 1.180428 -0.006214 0.000780 -0.000014 0.000012 0.459143
    63 -0.000196 0.099625 -0.000034 0.000000 0.000000 -0.314102
    64 -0.088736 -0.688435 -0.145203 2.930407 -0.136130 0.513013
    65 1.712069 0.000578 0.003818 0.002719 -0.012461 0.668695
    66 -0.000580 0.100145 -0.000311 -0.010912 0.023129 -0.260841
    67 -0.146030 -0.232426 -0.014225 3.028455 -0.094299 0.113020
    68 1.290632 0.000362 -0.000032 0.000000 0.000000 0.156057
    69 -0.658121 -0.003575 0.072645 -0.142711 0.027792 -0.077299
    70 1.868080 -0.003049 0.006083 0.000003 -0.000021 0.554920
    71 1.200079 0.399944 -0.000093 0.009465 -0.016087 0.007127
    72 0.000591 0.100342 0.000319 0.120035 0.021926 -0.209617
    73 0.068077 0.002285 -0.080050 3.111376 -0.069366 -0.060847
    74 2.015780 -0.005083 0.006086 -0.004699 0.000754 1.534044
    75 0.000229 0.099802 0.000395 0.018823 -0.010833 -0.239219
    76 -0.018673 -0.001009 0.047544 3.109244 0.002635 -0.106673
    77 1.178665 0.001595 0.000845 0.000018 -0.000012 0.853558
    78 -0.000198 0.099628 0.000034 0.000000 0.000000 -0.314102
    79 0.036892 -0.634449 0.266284 -2.801062 0.174301 0.490914
    80 1.708256 -0.002506 -0.004592 0.000050 -0.000013 1.206203
    81 -0.000576 0.100136 0.000311 0.010912 -0.023131 -0.260841
    82 -0.003952 -0.281811 0.115047 -3.059162 0.089004 0.167964
    83 1.289627 0.003949 0.000061 -0.000014 0.000003 0.473247
    84 -0.171528 -0.018148 -0.099873 0.013484 -0.062184 -0.011780
    85 0.912716 0.007240 0.001326 0.000031 0.000069 0.552402
    86 -0.342617 0.053404 -0.025571 -2.909301 -0.017248 0.075276
    87 1.100231 -0.000930 -0.002434 0.000009 0.000014 0.209037
    88 -0.384983 0.330998 0.006848 -3.087207 -0.018765 -0.184279
    89 0.678146 0.006192 -0.003905 -0.000018 -0.000019 0.518187
    90 -0.123848 0.072737 0.029507 2.898184 -0.060627 0.094834
    91 1.017166 -0.000154 -0.000252 -0.307200 -0.034817 0.407316
    92 -0.344986 0.123129 0.143151 2.994981 0.012396 0.059140
    93 -0.730988 0.177046 0.039141 -0.123731 0.076518 -0.084310
    94 0.921993 0.005205 -0.000896 -0.000062 0.000025 0.925630
    95 -0.124027 -0.052092 0.038496 3.077813 -0.008519 0.039229
    96 1.100430 -0.003552 0.000503 -0.217179 0.000042 0.841299
    97 -0.330082 0.160641 0.042780 3.128073 0.034033 -0.171236
    98 0.679760 0.005438 0.003272 0.000062 -0.000033 1.300899
    99 -0.019516 -0.016531 0.038578 -2.763781 0.050305 0.076828
    100 1.018891 0.001206 0.001121 -0.085168 -0.000173 1.153166
    101 -0.155312 0.130643 -0.021921 -3.022466 0.022433 -0.024903
    102 -0.252209 0.061937 -0.024914 -0.007671 -0.063171 -0.044392
    103 -0.085991 0.185203 -0.015180 -2.937063 -0.113970 -0.138991
    104 -0.286537 0.179852 0.024264 -3.109353 -0.049645 -0.029915
    105 -0.019489 0.147084 0.079203 2.893815 0.038585 -0.060594
    106 -0.046482 0.251898 0.129548 3.016165 0.077112 -0.042864
    107 0.039120 -0.040298 0.047739 3.084219 0.030470 -0.037414
    108 -0.233757 0.066630 0.001754 -3.133086 0.040141 -0.065413
    109 0.044266 0.020128 0.001684 -2.778763 -0.118872 -0.040488
    110 0.071495 0.074127 -0.048302 -3.035917 -0.059482 0.104366
    111 0.000000 0.000000 0.000000 0.000000 0.000000 -1.570796
    112 12.484756 -0.347667 -3.968871 -0.323552 -0.001216 0.001688
    113 8.996368 7.953368 -5.957213 -0.263975 -0.722591 -1.360922
    114 -0.348999 0.000000 0.342999 0.000000 0.000000 0.000000
    115 2.394995 0.000000 0.034000 0.000000 0.000000 0.000000
    116 0.008000 0.000000 1.401997 0.000000 0.000000 0.000000
    117 1.148998 0.000000 0.626999 0.000000 0.000000 0.000000
    118 1.107998 0.000000 0.153000 0.000000 0.000000 0.000000
    119 -2.457995 0.000000 0.449999 0.000000 0.000000 0.000000
    120 0.283000 0.000000 0.659998 0.000000 0.000000 0.000000
    121 4.293992 0.000000 0.136000 0.000000 0.000000 0.000000
    122 1.511997 -0.417999 1.094998 0.000000 0.000000 -1.570755
    123 4.229991 0.000000 0.042000 0.000000 0.000000 0.000000
    124 0.240000 0.000000 -0.662999 0.000000 0.000000 0.000000
    125 1.060998 0.000000 -3.633993 0.000000 0.000000 0.000000
    126 0.193999 0.000000 -2.057996 0.000000 0.000000 0.000000
    127 -0.774998 0.000000 -2.394995 0.000000 0.000000 0.000000
    128 0.000000 0.000000 0.000000 0.000000 0.000000 0.000000
    129 -0.106000 0.000000 64.320000 0.000000 0.000000 0.000000
    130 0.000000 0.000000 0.000000 0.000000 0.000000 0.000000
    131 0.000000 0.000000 0.000000 -0.003416 0.000587 -0.000180
    132 23.167500 -0.967643 5.944907 -0.323550 -0.001196 0.001731
    133 0.106000 0.000000 -64.320000 0.000000 0.000000 0.000000
    134 0.000000 0.000000 0.000000 0.000000 0.000000 0.000000
    135 0.000000 0.000000 -4.867002 -3.141592 0.000000 -3.128591
    136 0.000000 0.000000 4.867000 -3.141592 0.000000 -3.128591
    137 4.000000 -6.500000 0.000000 0.000000 0.000000 0.000977
    138 -6.500000 0.000000 0.000000 0.000000 1.570796 0.000000
    139 1.000088 -0.000029 0.000000 0.000000 0.000000 0.000000
    140 17.162516 -0.000404 0.000000 0.000000 0.000000 0.119214
    141 9.999891 -0.000303 0.000000 0.000000 0.000000 0.000000
    142 1.000088 -0.000029 0.000000 0.000000 0.000000 0.000000
    143 17.162516 -0.000404 0.000000 0.000000 0.000000 0.119214
    144 9.499836 0.000212 0.000000 0.000000 0.000000 0.000000
    145 0.000000 0.000000 0.000000 0.000000 0.000000 0.000000
    146 17.749374 0.295515 0.000000 0.000000 0.000000 -1.158958
    147 0.017889 0.299792 0.000000 0.000000 0.000000 -0.059582
    148 12.283573 1.581456 -4.696000 1.462269 -0.086726 0.090185
    149 17.749376 0.295515 0.000000 0.000000 0.000000 -1.158958
    150 0.017889 0.299792 0.000000 0.000000 0.000000 -0.059582
    151 13.354000 0.000000 0.000000 0.000000 0.000000 -0.294101
    152 4.530998 0.000000 0.000000 0.000000 0.000000 0.000000
    153 0.000000 0.000000 0.000000 0.000000 0.000000 0.000000
    154 5.413524 0.000347 0.000000 0.000000 0.000000 -0.518055
    155 5.413524 0.000347 0.000000 0.000000 0.000000 -0.518055
    156 4.662002 -5.366333 4.825191 1.569713 1.561305 -3.121213
    157 3.116966 -0.000443 0.000000 0.000000 0.000000 0.294101
    158 0.000000 0.000000 0.000000 0.000000 0.000000 0.000000
    159 -0.271999 0.000000 2.688000 0.000000 0.000000 0.000000
    160 -13.600622 19.700241 -53.395386 0.323544 0.001685 -0.001282
    161 3.512001 -3.547000 -1.066000 0.000000 1.570796 0.000000
    162 3.456001 -3.517000 1.169000 0.000000 1.570796 0.000000
    163 6.233002 0.000000 0.000000 0.000000 0.000000 0.000000
    164 -0.171997 -0.106000 -0.902000 1.570713 1.029176 -3.134550
    165 6.241997 -6.380000 -0.011719 -0.000180 0.003416 -0.000587
    166 0.181000 -0.064000 1.096000 0.000000 0.000000 0.000000
    167 3.999434 -0.000528 -0.000332 -0.532100 -0.000023 0.000016
    168 3.999901 0.000041 0.001011 0.058816 0.000000 0.000000
    169 1.598000 0.000000 0.000000 0.000000 0.000000 0.000000
    170 -1.145525 0.000130 0.000668 0.000000 0.000000 0.000000
    171 2.299679 -2.499979 -0.599480 0.891953 0.221446 -0.527310
    172 11.191451 -0.659629 1.011421 1.797438 -0.302727 -0.003048
    173 -9.580673 -27.862106 -37.184681 0.812879 -0.123459 -0.568477
    174 0.649933 -0.548295 0.093651 -1.665913 -0.131399 -0.112062
    175 0.657074 0.008402 0.040371 -1.665945 -0.131407 -0.000013
    176 0.665776 0.747221 -0.029190 -1.665935 -0.131408 0.094976
    177 2.300138 -2.499413 0.600155 -0.891930 -0.221518 -0.527275
    178 11.465582 -0.450758 4.428192 2.118424 -0.357194 0.011437
    179 2.762354 0.116951 1.523975 1.629482 0.064153 1.743800
    180 7.228323 7.928198 -3.925648 2.328713 0.123459 -0.568477
    181 0.650394 -0.547730 -0.092979 1.665913 0.131399 -0.112062
    182 0.657069 0.008398 -0.040379 1.665945 0.131407 -0.000013
    183 0.665777 0.747220 0.029182 1.665935 0.131408 0.094976
    184 -4.481003 -0.202000 0.000000 0.000000 0.000000 0.000000
    185 -5.516998 -0.291000 -0.001000 0.000000 0.000000 0.000000
    186 -0.857700 0.104073 0.104687 0.023536 0.163924 0.013632
    187 1.899121 0.000427 -0.000439 0.027386 -0.033311 0.477848
    188 1.799659 -0.000240 0.000231 0.027386 -0.033311 0.477848
    189 1.799659 -0.000240 0.000231 0.027386 -0.033311 0.477848
    190 1.799659 -0.000240 0.000231 0.027386 -0.033311 0.477848
    191 1.900308 -0.000145 -0.000518 0.027386 -0.033311 0.477848
    192 1.899433 -0.000317 -0.000151 -0.027386 0.033311 0.477848
    193 1.799659 -0.000237 -0.000233 -0.027386 0.033311 0.477848
    194 1.799659 -0.000237 -0.000233 -0.027386 0.033311 0.477848
    195 1.799659 -0.000237 -0.000233 -0.027386 0.033311 0.477848
    196 1.900724 0.000553 -0.000072 -0.027386 0.033311 0.477848
    197 0.599884 0.400187 -0.000031 0.000000 0.000000 0.000000
    198 0.599888 0.400187 0.000031 0.000000 0.000000 -3.141592
    199 0.599503 0.400696 0.000234 0.000000 0.000000 0.000000
    200 0.600399 0.399632 -0.000466 0.000000 0.000000 -3.141592
  time 2
    0 0.000000 0.000000 0.000000 0.000000 0.000000 -1.570796
    1 -0.106323 0.000000 -0.000198 0.000000 0.000000 0.000000
    2 0.000000 0.000000 0.000000 0.000000 0.000000 0.000000
    3 -0.904000 0.000000 -11.806000 0.000000 0.000000 0.000000
    4 0.000000 0.000000 -14.313999 0.000000 -1.570796 1.570857
    5 3.533001 0.000000 0.000000 0.000000 0.000000 0.000000
    6 6.250000 0.000000 0.000000 0.000000 0.000000 0.000000
    7 4.373480 5.965051 -0.260375 -1.153277 1.547377 -1.153364
    8 9.562500 6.343750 1.773438 1.153277 -1.547377 -1.153364
    9 5.790726 0.002787 -0.000113 -1.100917 0.276733 -1.605537
    10 5.999492 -0.000592 -4.000343 0.000000 0.000000 0.000000
    11 5.787410 0.002582 0.000893 0.564733 -0.347482 -1.354457
    12 5.999492 -0.000592 4.000336 0.000000 0.000000 0.000000
    13 0.500225 0.000133 -0.000088 0.204115 0.000000 0.000000
    14 11.534559 0.004255 -0.001312 -0.000017 0.000009 -1.137744
    15 -0.829338 0.893824 0.079659 -0.148839 0.047645 0.087266
    16 0.500225 0.000132 0.000076 0.147134 0.000000 0.000000
    17 11.536401 0.000526 -0.000089 0.000006 -0.000022 -1.324888
    18 -0.829586 0.894698 -0.079464 0.045377 -0.019621 0.087266
    19 10.599884 0.000105 -0.000553 -1.091249 -0.000048 0.000024
    20 0.197793 -0.318151 -0.000805 0.000000 0.000011 0.568881
    21 11.042057 -0.000189 0.004704 -1.000139 0.006126 0.617185
    22 -1.214832 0.203470 -0.477489 -0.135025 -0.078677 -0.001289
    23 10.599880 0.000105 0.000549 0.074786 0.000000 0.000000
    24 0.299356 -0.380653 0.000801 0.000000 -0.000011 0.662414
    25 11.041742 0.003171 -0.000571 0.051637 0.535652 0.961145
    26 -1.063377 0.077663 0.150230 0.045121 0.020046 -0.012850
    27 0.610302 -0.939470 0.070343 -1.655295 -0.140079 -0.175580
    28 0.639940 -0.199121 0.060188 -1.665960 -0.131415 -0.066471
    29 0.600155 1.080261 -0.339535 -1.738500 0.015361 0.075314
    30 0.610207 0.400743 -0.010101 -1.762268 -0.061628 0.042968
    31 0.634715 -0.693997 -0.232343 0.036597 0.209315 -0.870269
    32 -0.792125 0.203736 0.461300 1.439074 -0.003453 -0.018305
    33 0.610300 -0.939469 -0.070351 1.655346 0.140007 -0.175580
    34 0.639937 -0.199121 -0.060200 1.665655 0.091267 -0.070294
    35 0.600157 1.080259 0.339531 1.764755 -0.263838 -0.039247
    36 0.610205 0.400743 0.010086 1.763344 -0.081660 -0.010316
    37 0.624002 -0.695300 0.232270 -0.268637 -0.251109 -1.083846
    38 -0.626031 -0.069983 -0.080517 -1.447153 0.086151 0.021559
    39 2.621377 -0.002532 -0.005345 -0.242670 -0.554884 1.071249
    40 2.664743 0.000397 -0.000071 -0.290013 -0.418531 1.255131
    41 2.206394 0.003368 -0.006769 -0.204460 -0.357876 1.221299
    42 0.599952 0.959240 -0.300102 -0.174544 0.000000 0.000000
    43 2.557190 -0.001967 0.002453 -0.108524 -0.368695 1.195355
    44 2.095024 -0.003873 -0.002193 -0.417533 -0.142162 0.770918
    45 0.999380 -0.000236 -1.193744 -0.000001 0.000000 0.000000
    46 -0.122639 -0.721856 0.661690 -0.486644 0.223964 0.243056
    47 2.622113 -0.000648 0.006647 0.300244 0.221791 0.373749
    48 2.657909 0.004589 -0.000533 0.375197 -0.006936 1.171019
    49 2.200016 0.001663 0.004743 0.284706 -0.060511 0.571324
    50 0.599951 0.959244 0.300102 0.174544 0.000000 0.000000
    51 2.556570 -0.004291 0.000554 0.237444 -0.048720 0.981235
    52 2.103851 0.005614 -0.001014 0.575045 -0.150888 0.539324
    53 0.999374 -0.000237 1.084358 0.000000 0.000000 0.000001
    54 0.310846 -0.606445 -0.498005 0.308107 -0.197598 0.313976
    55 1.873069 -0.004741 -0.004901 -0.000067 0.000015 0.465259
    56 1.200941 0.399582 -0.000237 -0.009465 0.016087 0.007127
    57 0.000586 0.100342 -0.000319 -0.120035 -0.021926 -0.209617
    58 -0.161663 0.051712 0.194808 -2.941982 0.122408 -0.060194
    59 2.010092 -0.007109 -0.003377 0.000018 0.000013 0.675571
    60 0.000240 0.099802 -0.000395 -0.018823 0.010833 -0.239219
    61 -0.203197 0.048607 0.069150 -3.093332 0.033217 -0.046722
    62 1.180428 -0.006214 0.000780 -0.000014 0.000000 0.459046
    63 -0.000196 0.099625 -0.000034 0.000000 0.000000 -0.314102
    64 -0.088736 -0.688435 -0.145203 2.930407 -0.136130 0.513013
    65 1.712069 -0.003328 -0.000088 0.002707 -0.012520 0.668695
    66 -0.000580 0.100145 -0.000311 -0.010912 0.023129 -0.260841
    67 -0.146030 -0.232426 -0.014225 3.028455 -0.094299 0.113020
    68 1.290632 0.000362 -0.000032 0.000000 0.000000 0.156057
    69 -0.658121 -0.003575 0.072645 -0.142711 0.027792 -0.077299
    70 1.868080 -0.003049 0.006083 0.000003 -0.000021 0.641605
    71 1.200079 0.399944 -0.000093 0.009465 -0.016087 0.007127
    72 0.000591 0.100342 0.000319 0.120035 0.021926 -0.209617
    73 0.068077 0.002285 -0.080050 3.111376 -0.069366 -0.060847
    74 2.015780 -0.005083 0.006086 -0.017810 0.002983 1.524824
    75 0.000229 0.099802 0.000395 0.018823 -0.010833 -0.239219
    76 -0.018673 -0.001009 0.047544 3.109244 0.002635 -0.106673
    77 1.178665 0.001595 0.000845 0.000078 -0.000036 0.981778
    78 -0.000198 0.099628 0.000034 0.000000 0.000000 -0.314102
    79 0.036892 -0.634449 0.266284 -2.801062 0.174301 0.490914
    80 1.704350 -0.002506 -0.004592 -0.000022 0.000023 1.191617
    81 -0.000576 0.100136 0.000311 0.010912 -0.023131 -0.260841
    82 -0.003952 -0.281811 0.115047 -3.059162 0.089004 0.167964
    83 1.289627 0.003949 0.000061 -0.000026 -0.000045 0.414556
    84 -0.171528 -0.018148 -0.099873 0.013484 -0.062184 -0.011780
    85 0.912716 0.007240 0.001326 0.000019 0.000021 0.552445
    86 -0.342617 0.053404 -0.025571 -2.909301 -0.017248 0.075276
    87 1.100231 -0.000930 -0.002434 0.000009 0.000014 0.209037
    88 -0.384983 0.330998 0.006848 -3.087207 -0.018765 -0.184279
    89 0.678146 0.006192 0.000002 -0.000018 -0.000019 0.518187
    90 -0.123848 0.072737 0.029507 2.898184 -0.060627 0.094834
    91 1.017166 -0.000154 -0.000252 -0.307188 -0.034745 0.407375
    92 -0.344986 0.123129 0.143151 2.994981 0.012396 0.059140
    93 -0.730988 0.177046 0.039141 -0.123731 0.076518 -0.084310
    94 0.925900 0.001298 -0.000896 -0.000002 -0.000011 0.874793
    95 -0.124027 -0.052092 0.038496 3.077813 -0.008519 0.039229
    96 1.100430 -0.007458 0.000503 -0.217263 0.000006 0.841299
    97 -0.330082 0.160641 0.042780 3.128073 0.034033 -0.171236
    98 0.679760 0.005438 0.003272 -0.000034 0.000051 1.091030
    99 -0.019516 -0.016531 0.038578 -2.763781 0.050305 0.076828
    100 1.014985 0.005113 0.001121 -0.085192 -0.000712 1.146880
    101 -0.155312 0.130643 -0.021921 -3.022466 0.022433 -0.024903
    102 -0.252209 0.061937 -0.024914 -0.007671 -0.063171 -0.044392
    103 -0.085991 0.185203 -0.015180 -2.937063 -0.113970 -0.138991
    104 -0.286537 0.179852 0.024264 -3.109353 -0.049645 -0.029915
    105 -0.019489 0.147084 0.079203 2.893815 0.038585 -0.060594
    106 -0.046482 0.251898 0.129548 3.016165 0.077112 -0.042864
    107 0.039120 -0.040298 0.047739 3.084219 0.030470 -0.037414
    108 -0.233757 0.066630 0.001754 -3.133086 0.040141 -0.065413
    109 0.044266 0.020128 0.001684 -2.778763 -0.118872 -0.040488
    110 0.071495 0.074127 -0.048302 -3.035917 -0.059482 0.104366
    111 0.000000 0.000000 0.000000 0.000000 0.000000 -1.570796
    112 12.133183 -0.390637 -4.066530 -0.333201 -0.004219 0.007777
    113 8.676046 8.390881 -6.414258 -0.296896 -0.724211 -1.327690
    114 -0.348999 0.000000 0.342999 0.000000 0.000000 0.000000
    115 2.394995 0.000000 0.034000 0.000000 0.000000 0.000000
    116 0.008000 0.000000 1.401997 0.000000 0.000000 0.000000
    117 1.148998 0.000000 0.626999 0.000000 0.000000 0.000000
    118 1.107998 0.000000 0.153000 0.000000 0.000000 0.000000
    119 -2.457995 0.000000 0.449999 0.000000 0.000000 0.000000
    120 0.283000 0.000000 0.659998 0.000000 0.000000 0.000000
    121 4.293992 0.000000 0.136000 0.000000 0.000000 0.000000
    122 1.511997 -0.417999 1.094998 0.000000 0.000000 -1.570755
    123 4.229991 0.000000 0.042000 0.000000 0.000000 0.000000
    124 0.240000 0.000000 -0.662999 0.000000 0.000000 0.000000
    125 1.060998 0.000000 -3.633993 0.000000 0.000000 0.000000
    126 0.193999 0.000000 -2.057996 0.000000 0.000000 0.000000
    127 -0.774998 0.000000 -2.394995 0.000000 0.000000 0.000000
    128 0.000000 0.000000 0.000000 0.000000 0.000000 0.000000
    129 -0.106000 0.000000 64.320000 0.000000 0.000000 0.000000
    130 0.000000 0.000000 0.000000 0.000000 0.000000 0.000000
    131 0.000000 0.000000 0.000000 -0.011397 0.002049 -0.000863
    132 22.823739 -0.967643 5.890218 -0.333166 -0.004199 0.007822
    133 0.106000 0.000000 -64.320000 0.000000 0.000000 0.000000
    134 0.000000 0.000000 0.000000 0.000000 0.000000 0.000000
    135 0.000000 0.000000 -4.867002 -3.141592 0.000000 -3.128591
    136 0.000000 0.000000 4.867000 -3.141592 0.000000 -3.128591
    137 4.000000 -6.500000 0.000000 0.000000 0.000000 0.000977
    138 -6.500000 0.000000 0.000000 0.000000 1.570796 0.000000
    139 1.000088 -0.000029 0.000000 0.000000 0.000000 0.000000
    140 17.162516 -0.000404 0.000000 0.000000 0.000000 0.119214
    141 9.999891 -0.000303 0.000000 0.000000 0.000000 0.000000
    142 1.000088 -0.000029 0.000000 0.000000 0.000000 0.000000
    143 17.162516 -0.000404 0.000000 0.000000 0.000000 0.119214
    144 9.499836 0.000212 0.000000 0.000000 0.000000 0.000000
    145 0.000000 0.000000 0.000000 0.000000 0.000000 0.000000
    146 17.749374 0.295515 0.000000 0.000000 0.000000 -1.158958
    147 0.017889 0.299792 0.000000 0.000000 0.000000 -0.059582
    148 12.283573 1.581456 -4.696000 1.462269 -0.086726 0.090185
    149 17.749376 0.295515 0.000000 0.000000 0.000000 -1.158958
    150 0.017889 0.299792 0.000000 0.000000 0.000000 -0.059582
    151 13.354000 0.000000 0.000000 0.000000 0.000000 -0.294101
    152 4.530998 0.000000 0.000000 0.000000 0.000000 0.000000
    153 0.000000 0.000000 0.000000 0.000000 0.000000 0.000000
    154 5.413524 0.000347 0.000000 0.000000 0.000000 -0.518055
    155 5.413524 0.000347 0.000000 0.000000 0.000000 -0.518055
    156 4.662002 -5.366333 4.825191 1.569713 1.561305 -3.121213
    157 3.116966 -0.000443 0.000000 0.000000 0.000000 0.294101
    158 0.000000 0.000000 0.000000 0.000000 0.000000 0.000000
    159 -0.271999 0.000000 2.688000 0.000000 0.000000 0.000000
    160 -13.436555 20.305728 -53.039906 0.333009 0.006603 -0.005992
    161 3.512001 -3.547000 -1.066000 0.000000 1.570796 0.000000
    162 3.456001 -3.517000 1.169000 0.000000 1.570796 0.000000
    163 6.233002 0.000000 0.000000 0.000000 0.000000 0.000000
    164 -0.171997 -0.106000 -0.902000 1.570713 1.029176 -3.134550
    165 6.234184 -6.387813 -0.062502 -0.000863 0.011397 -0.002061
    166 0.181000 -0.064000 1.096000 0.000000 0.000000 0.000000
    167 3.999434 -0.000528 -0.000332 -0.545669 -0.000059 0.000016
    168 3.999901 0.000041 0.001011 0.037507 0.000000 0.000000
    169 1.598000 0.000000 0.000000 0.000000 0.000000 0.000000
    170 -1.145525 0.000130 0.000668 0.000000 0.000000 0.000000
    171 2.299679 -2.499979 -0.599480 0.892008 0.221530 -0.527278
    172 11.160200 -0.597127 1.386432 1.797438 -0.351274 -0.002959
    173 -9.580673 -27.862106 -37.184681 0.812879 -0.123459 -0.568477
    174 0.649933 -0.548295 0.093651 -1.665913 -0.131399 -0.112062
    175 0.657074 0.008402 0.040371 -1.665945 -0.131407 -0.000013
    176 0.665776 0.747221 -0.029190 -1.665935 -0.131408 0.094976
    177 2.300138 -2.499413 0.600155 -0.891930 -0.221446 -0.527243
    178 11.449956 -0.392163 4.436005 2.130039 -0.356754 0.018593
    179 2.762354 0.116951 1.523975 1.629482 0.064153 1.743800
    180 7.228323 7.928198 -3.925648 2.328713 0.123459 -0.568477
    181 0.650394 -0.547730 -0.092979 1.665913 0.131399 -0.112062
    182 0.657069 0.008398 -0.040379 1.665945 0.131407 -0.000013
    183 0.665777 0.747220 0.029182 1.665935 0.131408 0.094976
    184 -4.481003 -0.202000 0.000000 0.000000 0.000000 0.000000
    185 -5.516998 -0.291000 -0.001000 0.000000 0.000000 0.000000
    186 -0.857700 0.104073 0.104687 0.023536 0.163924 0.013632
    187 1.899121 0.000427 -0.000439 0.027386 -0.033311 0.477848
    188 1.799659 -0.000240 0.000231 0.027386 -0.033311 0.477848
    189 1.799659 -0.000240 0.000231 0.027386 -0.033311 0.477848
    190 1.799659 -0.000240 0.000231 0.027386 -0.033311 0.477848
    191 1.900308 -0.000145 -0.000518 0.027386 -0.033311 0.477848
    192 1.899433 -0.000317 -0.000151 -0.027386 0.033311 0.477848
    193 1.799659 -0.000237 -0.000233 -0.027386 0.033311 0.477848
    194 1.799659 -0.000237 -0.000233 -0.027386 0.033311 0.477848
    195 1.799659 -0.000237 -0.000233 -0.027386 0.033311 0.477848
    196 1.900724 0.000553 -0.000072 -0.027386 0.033311 0.477848
    197 0.599884 0.400187 -0.000031 0.000000 0.000000 0.000000
    198 0.599888 0.400187 0.000031 0.000000 0.000000 -3.141592
    199 0.599503 0.400696 0.000234 0.000000 0.000000 0.000000
    200 0.600399 0.399632 -0.000466 0.000000 0.000000 -3.141592
  time 3
    0 0.000000 0.000000 0.000000 0.000000 0.000000 -1.570796
    1 -0.106323 0.000000 -0.000198 0.000000 0.000000 0.000000
    2 0.000000 0.000000 0.000000 0.000000 0.000000 0.000000
    3 -0.904000 0.000000 -11.806000 0.000000 0.000000 0.000000
    4 0.000000 0.000000 -14.313999 0.000000 -1.570796 1.570857
    5 3.533001 0.000000 0.000000 0.000000 0.000000 0.000000
    6 6.250000 0.000000 0.000000 0.000000 0.000000 0.000000
    7 4.373480 5.543163 -0.443974 -1.153277 1.547377 -1.153364
    8 9.562500 6.343750 1.773438 1.153277 -1.547377 -1.153364
    9 5.790726 0.002787 -0.000113 -1.061071 0.334774 -1.553588
    10 5.999492 -0.000592 -4.000343 0.000000 0.000000 0.000000
    11 5.787410 0.002582 0.000893 0.554713 -0.372544 -1.327468
    12 5.999492 -0.000592 4.000336 0.000000 0.000000 0.000000
    13 0.500225 0.000133 -0.000088 0.179764 0.000000 0.000000
    14 11.534559 0.004255 -0.001312 -0.000065 -0.000027 -1.257527
    15 -0.829338 0.893824 0.079659 -0.148839 0.047645 0.087266
    16 0.500225 0.000132 0.000076 0.147134 0.000048 0.000060
    17 11.536401 0.004432 -0.000089 -0.000006 -0.000094 -1.390674
    18 -0.829586 0.894698 -0.079464 0.045377 -0.019621 0.087266
    19 10.599884 0.000105 -0.000553 -0.940777 0.000000 0.000000
    20 0.256388 -0.357215 -0.000805 0.000000 0.000011 0.628686
    21 11.042057 -0.000189 0.004704 -0.863809 -0.048073 0.608739
    22 -1.214832 0.203470 -0.477489 -0.135025 -0.078677 -0.001289
    23 10.599880 0.000105 0.000549 0.060710 0.000060 0.000000
    24 0.338420 -0.404091 0.000801 0.000012 0.000049 0.695395
    25 11.041742 0.003171 -0.000571 0.041323 0.541276 0.968056
    26 -1.063377 0.077663 0.150230 0.045121 0.020046 -0.012850
    27 0.610302 -0.939470 0.070343 -1.655295 -0.140043 -0.175628
    28 0.639940 -0.199121 0.060188 -1.665960 -0.131439 -0.066447
    29 0.600155 1.080261 -0.339535 -1.738607 0.016140 0.080456
    30 0.610207 0.400743 -0.010101 -1.762268 -0.061628 0.042956
    31 0.634715 -0.693997 -0.232343 0.049492 0.219099 -0.889638
    32 -0.792125 0.203736 0.461300 1.439074 -0.003453 -0.018305
    33 0.610300 -0.939469 -0.070351 1.655346 0.140031 -0.175616
    34 0.639937 -0.199121 -0.060200 1.665553 0.091303 -0.070246
    35 0.600157 1.080259 0.339531 1.764702 -0.263838 -0.039247
    36 0.610205 0.400743 0.010086 1.763129 -0.081564 -0.010304
    37 0.624002 -0.695300 0.236176 -0.261278 -0.256814 -1.112436
    38 -0.626031 -0.069983 -0.080517 -1.447153 0.086151 0.021559
    39 2.621377 -0.002532 -0.005345 -0.167414 -0.423242 0.876520
    40 2.664743 0.000397 -0.000071 -0.252498 -0.301034 1.113635
    41 2.206394 0.003368 -0.006769 -0.245351 -0.143737 1.181829
    42 0.599952 0.959240 -0.300102 -0.174544 0.000000 0.000000
    43 2.553283 -0.001967 0.002453 -0.138573 -0.225240 1.146208
    44 2.095024 -0.003873 -0.002193 -0.446717 -0.030303 0.677627
    45 0.999380 -0.000236 -1.185931 -0.000001 0.000000 0.000000
    46 -0.122639 -0.721856 0.661690 -0.486644 0.223964 0.243056
    47 2.622113 -0.000648 0.002741 0.277406 0.263377 0.274559
    48 2.654002 0.004589 -0.000533 0.394452 -0.007751 1.187441
    49 2.200016 0.001663 0.004743 0.287774 -0.030573 0.471714
    50 0.599951 0.959244 0.300102 0.174544 0.000000 0.000000
    51 2.556570 -0.000385 0.000554 0.237365 -0.049331 0.994597
    52 2.103851 0.005614 -0.001014 0.580300 -0.128001 0.503534
    53 0.999374 -0.000237 1.072639 0.000000 0.000000 0.000001
    54 0.310846 -0.606445 -0.498005 0.308107 -0.197598 0.313976
    55 1.869163 -0.004741 -0.004901 -0.000007 0.000004 0.749159
    56 1.200941 0.399582 -0.000237 -0.009465 0.016087 0.007127
    57 0.000586 0.100342 -0.000319 -0.120035 -0.021926 -0.209617
    58 -0.161663 0.051712 0.194808 -2.941982 0.122408 -0.060194
    59 2.010092 -0.007109 -0.007284 0.000018 0.000013 0.810780
    60 0.000240 0.099802 -0.000395 -0.018823 0.010833 -0.239219
    61 -0.203197 0.048607 0.069150 -3.093332 0.033217 -0.046722
    62 1.180428 -0.006214 0.000780 0.000046 -0.000012 0.458820
    63 -0.000196 0.099625 -0.000034 0.000000 0.000000 -0.314102
    64 -0.088736 -0.688435 -0.145203 2.930407 -0.136130 0.513013
    65 1.712069 -0.003328 -0.000088 0.002467 -0.010531 0.618875
    66 -0.000580 0.100145 -0.000311 -0.010912 0.023129 -0.260841
    67 -0.146030 -0.232426 -0.014225 3.028455 -0.094299 0.113020
    68 1.290632 0.000362 -0.000032 0.000000 0.000000 0.112572
    69 -0.658121 -0.003575 0.072645 -0.142711 0.027792 -0.077299
    70 1.868080 -0.003049 0.006083 0.000003 -0.000021 0.728389
    71 1.200079 0.399944 -0.000093 0.009465 -0.016087 0.007127
    72 0.000591 0.100342 0.000319 0.120035 0.021926 -0.209617
    73 0.068077 0.002285 -0.080050 3.111376 -0.069366 -0.060847
    74 2.011874 -0.005083 0.006086 -0.037884 0.006315 1.510539
    75 0.000229 0.099802 0.000395 0.018823 -0.010833 -0.239219
    76 -0.018673 -0.001009 0.047544 3.109244 0.002635 -0.106673
    77 1.178665 0.001595 0.000845 -0.000018 -0.000060 1.148334
    78 -0.000198 0.099628 0.000034 0.000000 0.000000 -0.314102
    79 0.036892 -0.634449 0.266284 -2.801062 0.174301 0.490914
    80 1.704350 -0.002506 -0.000686 -0.000058 -0.000037 1.169339
    81 -0.000576 0.100136 0.000311 0.010912 -0.023131 -0.260841
    82 -0.003952 -0.281811 0.115047 -3.059162 0.089004 0.167964
    83 1.289627 0.003949 0.000061 -0.000014 0.000003 0.355865
    84 -0.171528 -0.018148 -0.099873 0.013484 -0.062184 -0.011780
    85 0.912716 0.007240 0.001326 -0.000713 0.000152 0.563577
    86 -0.342617 0.053404 -0.025571 -2.909301 -0.017248 0.075276
    87 1.100231 -0.000930 -0.002434 0.000009 0.000014 0.264064
    88 -0.384983 0.330998 0.006848 -3.087207 -0.018765 -0.184279
    89 0.678146 0.006192 -0.003905 -0.000006 -0.000019 0.496416
    90 -0.123848 0.072737 0.029507 2.898184 -0.060627 0.094834
    91 1.017166 -0.000154 -0.000252 -0.258303 -0.031210 0.442134
    92 -0.344986 0.123129 0.143151 2.994981 0.012396 0.059140
    93 -0.730988 0.177046 0.039141 -0.123731 0.076518 -0.084310
    94 0.925900 0.001298 -0.000896 -0.000002 -0.000011 0.796094
    95 -0.124027 -0.052092 0.038496 3.077813 -0.008519 0.039229
    96 1.100430 -0.007458 0.000503 -0.217227 -0.000066 0.841356
    97 -0.330082 0.160641 0.042780 3.128073 0.034033 -0.171236
    98 0.679760 0.005438 0.003272 -0.000010 -0.000045 0.818304
    99 -0.019516 -0.016531 0.038578 -2.763781 0.050305 0.076828
    100 1.014985 0.005113 0.001121 -0.085049 -0.001575 1.137380
    101 -0.155312 0.130643 -0.021921 -3.022466 0.022433 -0.024903
    102 -0.252209 0.061937 -0.024914 -0.007671 -0.063171 -0.044392
    103 -0.085991 0.185203 -0.015180 -2.937063 -0.113970 -0.138991
    104 -0.286537 0.179852 0.024264 -3.109353 -0.049645 -0.029915
    105 -0.019489 0.147084 0.079203 2.893815 0.038585 -0.060594
    106 -0.046482 0.251898 0.129548 3.016165 0.077112 -0.042864
    107 0.039120 -0.040298 0.047739 3.084219 0.030470 -0.037414
    108 -0.233757 0.066630 0.001754 -3.133086 0.040141 -0.065413
    109 0.044266 0.020128 0.001684 -2.778763 -0.118872 -0.040488
    110 0.071495 0.074127 -0.048302 -3.035917 -0.059482 0.104366
    111 0.000000 0.000000 0.000000 0.000000 0.000000 -1.570796
    112 11.648793 -0.484390 -4.179815 -0.314459 -0.008628 0.016820
    113 8.242439 9.011994 -6.761925 -0.304145 -0.733251 -1.305791
    114 -0.348999 0.000000 0.342999 0.000000 0.000000 0.000000
    115 2.394995 0.000000 0.034000 0.000000 0.000000 0.000000
    116 0.008000 0.000000 1.401997 0.000000 0.000000 0.000000
    117 1.148998 0.000000 0.626999 0.000000 0.000000 0.000000
    118 1.107998 0.000000 0.153000 0.000000 0.000000 0.000000
    119 -2.457995 0.000000 0.449999 0.000000 0.000000 0.000000
    120 0.283000 0.000000 0.659998 0.000000 0.000000 0.000000
    121 4.293992 0.000000 0.136000 0.000000 0.000000 0.000000
    122 1.511997 -0.417999 1.094998 0.000000 0.000000 -1.570755
    123 4.229991 0.000000 0.042000 0.000000 0.000000 0.000000
    124 0.240000 0.000000 -0.662999 0.000000 0.000000 0.000000
    125 1.060998 0.000000 -3.633993 0.000000 0.000000 0.000000
    126 0.193999 0.000000 -2.057996 0.000000 0.000000 0.000000
    127 -0.774998 0.000000 -2.394995 0.000000 0.000000 0.000000
    128 0.000000 0.000000 0.000000 0.000000 0.000000 0.000000
    129 -0.106000 0.000000 64.320000 0.000000 0.000000 0.000000
    130 0.000000 0.000000 0.000000 0.000000 0.000000 0.000000
    131 0.000000 0.000000 0.000000 -0.020865 0.003811 -0.001810
    132 22.354975 -0.948111 5.804278 -0.314561 -0.008685 0.016867
    133 0.106000 0.000000 -64.320000 0.000000 0.000000 0.000000
    134 0.000000 0.000000 0.000000 0.000000 0.000000 0.000000
    135 0.000000 0.000000 -4.867002 -3.141592 0.000000 -3.128591
    136 0.000000 0.000000 4.867000 -3.141592 0.000000 -3.128591
    137 4.000000 -6.500000 0.000000 0.000000 0.000000 0.000977
    138 -6.500000 0.000000 0.000000 0.000000 1.570796 0.000000
    139 1.000088 -0.000029 0.000000 0.000000 0.000000 0.000000
    140 17.162516 -0.000404 0.000000 0.000000 0.000000 0.119214
    141 9.999891 -0.000303 0.000000 0.000000 0.000000 0.000000
    142 1.000088 -0.000029 0.000000 0.000000 0.000000 0.000000
    143 17.162516 -0.000404 0.000000 0.000000 0.000000 0.119214
    144 9.499836 0.000212 0.000000 0.000000 0.000000 0.000000
    145 0.000000 0.000000 0.000000 0.000000 0.000000 0.000000
    146 17.749374 0.295515 0.000000 0.000000 0.000000 -1.158958
    147 0.017889 0.299792 0.000000 0.000000 0.000000 -0.059582
    148 12.283573 1.581456 -4.696000 1.462269 -0.086726 0.090185
    149 17.749376 0.295515 0.000000 0.000000 0.000000 -1.158958
    150 0.017889 0.299792 0.000000 0.000000 0.000000 -0.059582
    151 13.354000 0.000000 0.000000 0.000000 0.000000 -0.294101
    152 4.530998 0.000000 0.000000 0.000000 0.000000 0.000000
    153 0.000000 0.000000 0.000000 0.000000 0.000000 0.000000
    154 5.413524 0.000347 0.000000 0.000000 0.000000 -0.518055
    155 5.413524 0.000347 0.000000 0.000000 0.000000 -0.518055
    156 4.662002 -5.366333 4.825191 1.569713 1.561305 -3.121213
    157 3.116966 -0.000443 0.000000 0.000000 0.000000 0.294101
    158 0.000000 0.000000 0.000000 0.000000 0.000000 0.000000
    159 -0.271999 0.000000 2.688000 0.000000 0.000000 0.000000
    160 -13.206079 19.383825 -53.196161 0.314330 0.013403 -0.013145
    161 3.512001 -3.547000 -1.066000 0.000000 1.570796 0.000000
    162 3.456001 -3.517000 1.169000 0.000000 1.570796 0.000000
    163 6.233002 0.000000 0.000000 0.000000 0.000000 0.000000
    164 -0.171997 -0.106000 -0.902000 1.570713 1.029176 -3.134550
    165 6.222465 -6.399532 -0.113285 -0.001810 0.020853 -0.003847
    166 0.181000 -0.064000 1.096000 0.000000 0.000000 0.000000
    167 3.999434 -0.000528 -0.000332 -0.470472 -0.000023 0.000016
    168 3.999901 0.000041 0.001011 0.030389 0.000000 0.000000
    169 1.598000 0.000000 0.000000 0.000000 0.000000 0.000000
    170 -1.145525 0.000130 0.000668 0.000000 0.000000 0.000000
    171 2.299679 -2.499979 -0.599480 0.891953 0.221506 -0.527278
    172 11.101604 0.359933 0.859073 1.643618 -0.358040 0.125851
    173 -9.580673 -27.862106 -37.184681 0.812879 -0.123459 -0.568477
    174 0.649933 -0.548295 0.093651 -1.665913 -0.131399 -0.112062
    175 0.657074 0.008402 0.040371 -1.665945 -0.131407 -0.000013
    176 0.665776 0.747221 -0.029190 -1.665935 -0.131408 0.094976
    177 2.300138 -2.499413 0.600155 -0.891957 -0.221494 -0.527259
    178 11.430424 -0.302316 4.455537 2.147976 -0.356079 0.029132
    179 2.762354 0.116951 1.523975 1.629482 0.064153 1.743800
    180 7.228323 7.928198 -3.925648 2.328713 0.123459 -0.568477
    181 0.650394 -0.547730 -0.092979 1.665913 0.131399 -0.112062
    182 0.657069 0.008398 -0.040379 1.665945 0.131407 -0.000013
    183 0.665777 0.747220 0.029182 1.665935 0.131408 0.094976
    184 -4.481003 -0.202000 0.000000 0.000000 0.000000 0.000000
    185 -5.516998 -0.291000 -0.001000 0.000000 0.000000 0.000000
    186 -0.857700 0.104073 0.104687 0.023536 0.163924 0.013632
    187 1.899121 0.000427 -0.000439 0.027386 -0.033311 0.477848
    188 1.799659 -0.000240 0.000231 0.027386 -0.033311 0.477848
    189 1.799659 -0.000240 0.000231 0.027386 -0.033311 0.477848
    190 1.799659 -0.000240 0.000231 0.027386 -0.033311 0.477848
    191 1.900308 -0.000145 -0.000518 0.027386 -0.033311 0.477848
    192 1.899433 -0.000317 -0.000151 -0.027386 0.033311 0.477848
    193 1.799659 -0.000237 -0.000233 -0.027386 0.033311 0.477848
    194 1.799659 -0.000237 -0.000233 -0.027386 0.033311 0.477848
    195 1.799659 -0.000237 -0.000233 -0.027386 0.033311 0.477848
    196 1.900724 0.000553 -0.000072 -0.027386 0.033311 0.477848
    197 0.599884 0.400187 -0.000031 0.000000 0.000000 0.000000
    198 0.599888 0.400187 0.000031 0.000000 0.000000 -3.141592
    199 0.599503 0.400696 0.000234 0.000000 0.000000 0.000000
    200 0.600399 0.399632 -0.000466 0.000000 0.000000 -3.141592
  time 4
    0 0.000000 0.000000 0.000000 0.000000 0.000000 -1.570796
    1 -0.106323 0.000000 -0.000198 0.000000 0.000000 0.000000
    2 0.000000 0.000000 0.000000 0.000000 0.000000 0.000000
    3 -0.904000 0.000000 -11.806000 0.000000 0.000000 0.000000
    4 0.000000 0.000000 -14.313999 0.000000 -1.570796 1.570857
    5 3.533001 0.000000 0.000000 0.000000 0.000000 0.000000
    6 6.250000 0.000000 0.000000 0.000000 0.000000 0.000000
    7 4.373480 5.019709 -0.674450 -1.153277 1.547377 -1.153364
    8 9.562500 6.343750 1.773438 1.153277 -1.547377 -1.153364
    9 5.790726 0.002787 -0.000113 -1.001792 0.420293 -1.469692
    10 5.999492 -0.000592 -4.000343 0.000000 0.000000 0.000000
    11 5.787410 0.002582 0.000893 0.542928 -0.400625 -1.299385
    12 5.999492 -0.000592 4.000336 0.000000 0.000000 0.000000
    13 0.500225 0.000133 -0.000088 0.149056 -0.000060 0.000000
    14 11.534559 0.004255 -0.001312 -0.000017 0.000009 -1.409953
    15 -0.829338 0.893824 0.079659 -0.148839 0.047645 0.087266
    16 0.500225 0.000132 0.000076 0.147577 0.000000 0.000000
    17 11.532495 0.004432 -0.000089 0.000006 -0.000022 -1.460294
    18 -0.829586 0.894698 -0.079464 0.045377 -0.019621 0.087266
    19 10.599884 0.000105 -0.000553 -0.645597 0.000000 0.000000
    20 0.354047 -0.411904 -0.000805 0.000000 0.000011 0.704966
    21 11.042057 0.003717 0.000798 -0.600961 -0.135339 0.547719
    22 -1.214832 0.203470 -0.477489 -0.135025 -0.078677 -0.001289
    23 10.599880 0.000105 0.000549 0.079363 0.000000 0.000000
    24 0.385296 -0.435342 0.000801 0.000048 -0.000023 0.730080
    25 11.041742 0.003171 -0.000571 0.054017 0.548922 0.980046
    26 -1.063377 0.077663 0.150230 0.045121 0.020046 -0.012850
    27 0.610302 -0.939470 0.070343 -1.655295 -0.140102 -0.175628
    28 0.639940 -0.199121 0.060188 -1.665960 -0.131367 -0.066447
    29 0.600155 1.080261 -0.339535 -1.738341 0.017974 0.090786
    30 0.610207 0.400743 -0.010101 -1.762268 -0.061592 0.043004
    31 0.634715 -0.693997 -0.232343 0.082534 0.242806 -0.931470
    32 -0.792125 0.203736 0.461300 1.439074 -0.003453 -0.018305
    33 0.610300 -0.939469 -0.070351 1.655346 0.140055 -0.175640
    34 0.639937 -0.199121 -0.060200 1.665553 0.091315 -0.070330
    35 0.600157 1.080259 0.339531 1.764755 -0.263838 -0.039247
    36 0.610205 0.400743 0.010086 1.763182 -0.081564 -0.010388
    37 0.624002 -0.695300 0.236176 -0.258006 -0.259414 -1.125478
    38 -0.626031 -0.069983 -0.080517 -1.447153 0.086151 0.021559
    39 2.621377 -0.002532 -0.001438 -0.035238 -0.311036 0.519874
    40 2.660837 0.000397 -0.000071 -0.153127 -0.240380 0.784126
    41 2.206394 0.003368 -0.006769 -0.299006 -0.141970 0.889412
    42 0.599952 0.959240 -0.300102 -0.174544 0.000000 0.000000
    43 2.557190 -0.001967 0.002453 -0.112324 -0.181412 0.800067
    44 2.095024 -0.003873 -0.002193 -0.516229 -0.040589 0.756448
    45 0.999380 -0.000236 -1.162493 -0.000001 0.000000 0.000000
    46 -0.122639 -0.721856 0.661690 -0.486644 0.223964 0.243056
    47 2.622113 -0.000648 0.006647 0.266949 0.282229 0.229601
    48 2.657909 0.004589 -0.000533 0.418800 -0.008638 1.208120
    49 2.200016 0.005570 0.004743 0.290926 -0.000684 0.372103
    50 0.599951 0.959244 0.300102 0.174544 0.000000 0.000000
    51 2.556570 -0.000385 0.000554 0.237154 -0.050302 1.010830
    52 2.103851 0.001708 -0.001014 0.572728 -0.162530 0.556811
    53 0.999374 -0.000237 1.068733 0.000000 0.000000 0.000001
    54 0.310846 -0.606445 -0.498005 0.308107 -0.197598 0.313976
    55 1.873069 -0.000835 -0.004901 -0.000007 0.000004 0.716027
    56 1.200941 0.399582 -0.000237 -0.009465 0.016087 0.007127
    57 0.000586 0.100342 -0.000319 -0.120035 -0.021926 -0.209617
    58 -0.161663 0.051712 0.194808 -2.941982 0.122408 -0.060194
    59 2.010092 -0.007109 -0.003377 0.000089 0.000048 0.745642
    60 0.000240 0.099802 -0.000395 -0.018823 0.010833 -0.239219
    61 -0.203197 0.048607 0.069150 -3.093332 0.033217 -0.046722
    62 1.180428 -0.006214 0.000780 0.000046 -0.000012 0.458304
    63 -0.000196 0.099625 -0.000034 0.000000 0.000000 -0.314102
    64 -0.088736 -0.688435 -0.145203 2.930407 -0.136130 0.513013
    65 1.712069 0.000578 0.003818 0.001557 -0.006456 0.510431
    66 -0.000580 0.100145 -0.000311 -0.010912 0.023129 -0.260841
    67 -0.146030 -0.232426 -0.014225 3.028455 -0.094299 0.113020
    68 1.290632 0.000362 -0.000032 0.000000 0.000000 0.018051
    69 -0.658121 -0.003575 0.072645 -0.142711 0.027792 -0.077299
    70 1.868080 -0.003049 0.006083 0.000003 -0.000021 0.767685
    71 1.200079 0.399944 -0.000093 0.009465 -0.016087 0.007127
    72 0.000591 0.100342 0.000319 0.120035 0.021926 -0.209617
    73 0.068077 0.002285 -0.080050 3.111376 -0.069366 -0.060847
    74 2.011874 -0.005083 0.006086 -0.063076 0.010522 1.492405
    75 0.000229 0.099802 0.000395 0.018823 -0.010833 -0.239219
    76 -0.018673 -0.001009 0.047544 3.109244 0.002635 -0.106673
    77 1.178665 0.001595 0.000845 0.000018 -0.000012 1.315102
    78 -0.000198 0.099628 0.000034 0.000000 0.000000 -0.314102
    79 0.036892 -0.634449 0.266284 -2.801062 0.174301 0.490914
    80 1.708256 -0.002506 -0.004592 -0.000010 0.000023 1.141272
    81 -0.000576 0.100136 0.000311 0.010912 -0.023131 -0.260841
    82 -0.003952 -0.281811 0.115047 -3.059162 0.089004 0.167964
    83 1.289627 0.003949 0.000061 -0.000026 -0.000045 0.329199
    84 -0.171528 -0.018148 -0.099873 0.013484 -0.062184 -0.011780
    85 0.912716 0.007240 0.001326 -0.002163 0.000212 0.587697
    86 -0.342617 0.053404 -0.025571 -2.909301 -0.017248 0.075276
    87 1.100231 -0.000930 -0.002434 -0.000003 -0.000046 0.374882
    88 -0.384983 0.330998 0.006848 -3.087207 -0.018765 -0.184279
    89 0.678146 0.006192 0.000002 -0.000018 -0.000019 0.449073
    90 -0.123848 0.072737 0.029507 2.898184 -0.060627 0.094834
    91 1.017166 -0.000154 -0.000252 -0.157704 -0.023468 0.515870
    92 -0.344986 0.123129 0.143151 2.994981 0.012396 0.059140
    93 -0.730988 0.177046 0.039141 -0.123731 0.076518 -0.084310
    94 0.925900 0.001298 -0.000896 -0.000002 -0.000011 0.694392
    95 -0.124027 -0.052092 0.038496 3.077813 -0.008519 0.039229
    96 1.100430 -0.003552 0.000503 -0.217263 0.000006 0.841299
    97 -0.330082 0.160641 0.042780 3.128073 0.034033 -0.171236
    98 0.679760 0.005438 0.003272 0.000002 -0.000057 0.545579
    99 -0.019516 -0.016531 0.038578 -2.763781 0.050305 0.076828
    100 1.014985 0.001206 0.001121 -0.084977 -0.002546 1.125235
    101 -0.155312 0.130643 -0.021921 -3.022466 0.022433 -0.024903
    102 -0.252209 0.061937 -0.024914 -0.007671 -0.063171 -0.044392
    103 -0.085991 0.185203 -0.015180 -2.937063 -0.113970 -0.138991
    104 -0.286537 0.179852 0.024264 -3.109353 -0.049645 -0.029915
    105 -0.019489 0.147084 0.079203 2.893815 0.038585 -0.060594
    106 -0.046482 0.251898 0.129548 3.016165 0.077112 -0.042864
    107 0.039120 -0.040298 0.047739 3.084219 0.030470 -0.037414
    108 -0.233757 0.066630 0.001754 -3.133086 0.040141 -0.065413
    109 0.044266 0.020128 0.001684 -2.778763 -0.118872 -0.040488
    110 0.071495 0.074127 -0.048302 -3.035917 -0.059482 0.104366
    111 0.000000 0.000000 0.000000 0.000000 0.000000 -1.570796
    112 11.101901 -0.621113 -4.289193 -0.267946 -0.013683 0.027370
    113 7.734611 9.703421 -6.945524 -0.283078 -0.749802 -1.298974
    114 -0.348999 0.000000 0.342999 0.000000 0.000000 0.000000
    115 2.394995 0.000000 0.034000 0.000000 0.000000 0.000000
    116 0.008000 0.000000 1.401997 0.000000 0.000000 0.000000
    117 1.148998 0.000000 0.626999 0.000000 0.000000 0.000000
    118 1.107998 0.000000 0.153000 0.000000 0.000000 0.000000
    119 -2.457995 0.000000 0.449999 0.000000 0.000000 0.000000
    120 0.283000 0.000000 0.659998 0.000000 0.000000 0.000000
    121 4.293992 0.000000 0.136000 0.000000 0.000000 0.000000
    122 1.511997 -0.417999 1.094998 0.000000 0.000000 -1.570755
    123 4.229991 0.000000 0.042000 0.000000 0.000000 0.000000
    124 0.240000 0.000000 -0.662999 0.000000 0.000000 0.000000
    125 1.060998 0.000000 -3.633993 0.000000 0.000000 0.000000
    126 0.193999 0.000000 -2.057996 0.000000 0.000000 0.000000
    127 -0.774998 0.000000 -2.394995 0.000000 0.000000 0.000000
    128 0.000000 0.000000 0.000000 0.000000 0.000000 0.000000
    129 -0.106000 0.000000 64.320000 0.000000 0.000000 0.000000
    130 0.000000 0.000000 0.000000 0.000000 0.000000 0.000000
    131 0.000000 0.000000 0.000000 -0.028931 0.005309 -0.002924
    132 21.815896 -0.893422 5.718338 -0.268047 -0.013702 0.027420
    133 0.106000 0.000000 -64.320000 0.000000 0.000000 0.000000
    134 0.000000 0.000000 0.000000 0.000000 0.000000 0.000000
    135 0.000000 0.000000 -4.867002 -3.141592 0.000000 -3.128591
    136 0.000000 0.000000 4.867000 -3.141592 0.000000 -3.128591
    137 4.000000 -6.500000 0.000000 0.000000 0.000000 0.000977
    138 -6.500000 0.000000 0.000000 0.000000 1.570796 0.000000
    139 1.000088 -0.000029 0.000000 0.000000 0.000000 0.000000
    140 17.162516 -0.000404 0.000000 0.000000 0.000000 0.119214
    141 9.999891 -0.000303 0.000000 0.000000 0.000000 0.000000
    142 1.000088 -0.000029 0.000000 0.000000 0.000000 0.000000
    143 17.162516 -0.000404 0.000000 0.000000 0.000000 0.119214
    144 9.499836 0.000212 0.000000 0.000000 0.000000 0.000000
    145 0.000000 0.000000 0.000000 0.000000 0.000000 0.000000
    146 17.749374 0.295515 0.000000 0.000000 0.000000 -1.158958
    147 0.017889 0.299792 0.000000 0.000000 0.000000 -0.059582
    148 12.283573 1.581456 -4.696000 1.462269 -0.086726 0.090185
    149 17.749376 0.295515 0.000000 0.000000 0.000000 -1.158958
    150 0.017889 0.299792 0.000000 0.000000 0.000000 -0.059582
    151 13.354000 0.000000 0.000000 0.000000 0.000000 -0.294101
    152 4.530998 0.000000 0.000000 0.000000 0.000000 0.000000
    153 0.000000 0.000000 0.000000 0.000000 0.000000 0.000000
    154 5.413524 0.000347 0.000000 0.000000 0.000000 -0.518055
    155 5.413524 0.000347 0.000000 0.000000 0.000000 -0.518055
    156 4.662002 -5.366333 4.825191 1.569713 1.561305 -3.121213
    157 3.116966 -0.000443 0.000000 0.000000 0.000000 0.294101
    158 0.000000 0.000000 0.000000 0.000000 0.000000 0.000000
    159 -0.271999 0.000000 2.688000 0.000000 0.000000 0.000000
    160 -12.952165 16.922812 -53.801648 0.267757 0.020545 -0.022740
    161 3.512001 -3.547000 -1.066000 0.000000 1.570796 0.000000
    162 3.456001 -3.517000 1.169000 0.000000 1.570796 0.000000
    163 6.233002 0.000000 0.000000 0.000000 0.000000 0.000000
    164 -0.171997 -0.106000 -0.902000 1.570713 1.029176 -3.134550
    165 6.206839 -6.411251 -0.156255 -0.002924 0.028919 -0.005393
    166 0.181000 -0.064000 1.096000 0.000000 0.000000 0.000000
    167 3.999434 -0.000528 -0.000332 -0.322847 -0.000023 0.000016
    168 3.999901 0.000041 0.001011 0.039819 0.000060 0.000000
    169 1.598000 0.000000 0.000000 0.000000 0.000000 0.000000
    170 -1.145525 0.000130 0.000668 0.000000 0.000000 0.000000
    171 2.299679 -2.499979 -0.599480 0.892008 0.221482 -0.527246
    172 11.132855 1.453717 -0.312838 1.393925 -0.304388 0.350358
    173 -9.580673 -27.862106 -37.184681 0.812879 -0.123459 -0.568477
    174 0.649933 -0.548295 0.093651 -1.665913 -0.131399 -0.112062
    175 0.657074 0.008402 0.040371 -1.665945 -0.131407 -0.000013
    176 0.665776 0.747221 -0.029190 -1.665935 -0.131408 0.094976
    177 2.300138 -2.499413 0.600155 -0.892012 -0.221542 -0.527275
    178 11.399173 -0.200751 4.475069 2.170753 -0.355199 0.042403
    179 2.762354 0.116951 1.523975 1.629482 0.064153 1.743800
    180 7.228323 7.928198 -3.925648 2.328713 0.123459 -0.568477
    181 0.650394 -0.547730 -0.092979 1.665913 0.131399 -0.112062
    182 0.657069 0.008398 -0.040379 1.665945 0.131407 -0.000013
    183 0.665777 0.747220 0.029182 1.665935 0.131408 0.094976
    184 -4.481003 -0.202000 0.000000 0.000000 0.000000 0.000000
    185 -5.516998 -0.291000 -0.001000 0.000000 0.000000 0.000000
    186 -0.857700 0.104073 0.104687 0.023536 0.163924 0.013632
    187 1.899121 0.000427 -0.000439 0.027386 -0.033311 0.477848
    188 1.799659 -0.000240 0.000231 0.027386 -0.033311 0.477848
    189 1.799659 -0.000240 0.000231 0.027386 -0.033311 0.477848
    190 1.799659 -0.000240 0.000231 0.027386 -0.033311 0.477848
    191 1.900308 -0.000145 -0.000518 0.027386 -0.033311 0.477848
    192 1.899433 -0.000317 -0.000151 -0.027386 0.033311 0.477848
    193 1.799659 -0.000237 -0.000233 -0.027386 0.033311 0.477848
    194 1.799659 -0.000237 -0.000233 -0.027386 0.033311 0.477848
    195 1.799659 -0.000237 -0.000233 -0.027386 0.033311 0.477848
    196 1.900724 0.000553 -0.000072 -0.027386 0.033311 0.477848
    197 0.599884 0.400187 -0.000031 0.000000 0.000000 0.000000
    198 0.599888 0.400187 0.000031 0.000000 0.000000 -3.141592
    199 0.599503 0.400696 0.000234 0.000000 0.000000 0.000000
    200 0.600399 0.399632 -0.000466 0.000000 0.000000 -3.141592
  time 5
    0 0.000000 0.000000 0.000000 0.000000 0.000000 -1.570796
    1 -0.106323 0.000000 -0.000198 0.000000 0.000000 0.000000
    2 0.000000 0.000000 0.000000 0.000000 0.000000 0.000000
    3 -0.904000 0.000000 -11.806000 0.000000 0.000000 0.000000
    4 0.000000 0.000000 -14.313999 0.000000 -1.570796 1.570857
    5 3.533001 0.000000 0.000000 0.000000 0.000000 0.000000
    6 6.250000 0.000000 0.000000 0.000000 0.000000 0.000000
    7 4.373480 4.422035 -0.916645 -1.153277 1.547377 -1.153364
    8 9.562500 6.343750 1.773438 1.153277 -1.547377 -1.153364
    9 5.790726 0.002787 -0.000113 -0.937075 0.553539 -1.406746
    10 5.999492 -0.000592 -4.000343 0.000000 0.000000 0.000000
    11 5.787410 0.002582 0.000893 0.530916 -0.426638 -1.272851
    12 5.999492 -0.000592 4.000336 0.000000 0.000000 0.000000
    13 0.500225 0.000133 -0.000088 0.108790 0.000000 0.000000
    14 11.534559 0.004255 -0.001312 0.000031 0.000045 -1.564345
    15 -0.829338 0.893824 0.079659 -0.148839 0.047645 0.087266
    16 0.500225 0.000132 0.000076 0.148315 0.000000 0.000000
    17 11.532495 0.004432 -0.000089 0.000054 0.000026 -1.524393
    18 -0.829586 0.894698 -0.079464 0.045377 -0.019621 0.087266
    19 10.599884 0.000105 -0.000553 -0.317122 0.000000 0.000000
    20 0.471238 -0.474406 -0.000805 0.000024 0.000047 0.782206
    21 11.042057 0.003717 0.004704 -0.305258 -0.243812 0.454817
    22 -1.214832 0.203470 -0.477489 -0.135025 -0.078677 -0.001289
    23 10.599880 0.000105 0.000549 0.112438 0.000000 0.000060
    24 0.439986 -0.462687 0.000801 -0.000024 -0.000047 0.762236
    25 11.041742 0.003171 -0.000571 0.077301 0.556347 0.990560
    26 -1.063377 0.077663 0.150230 0.045121 0.020046 -0.012850
    27 0.610302 -0.939470 0.070343 -1.655295 -0.140031 -0.175544
    28 0.639940 -0.199121 0.060188 -1.665960 -0.131391 -0.066411
    29 0.600155 1.080261 -0.339535 -1.738129 0.019688 0.100973
    30 0.610207 0.400743 -0.010101 -1.762268 -0.061592 0.043004
    31 0.634715 -0.693997 -0.232343 0.119183 0.268323 -0.973627
    32 -0.792125 0.203736 0.461300 1.439074 -0.003453 -0.018305
    33 0.610300 -0.939469 -0.070351 1.655295 0.140091 -0.175676
    34 0.639937 -0.199121 -0.060200 1.665553 0.091363 -0.070378
    35 0.600157 1.080259 0.339531 1.764649 -0.263886 -0.039199
    36 0.610205 0.400743 0.010086 1.763182 -0.081600 -0.010424
    37 0.624002 -0.695300 0.236176 -0.262668 -0.252223 -1.098325
    38 -0.626031 -0.069983 -0.080517 -1.447153 0.086151 0.021559
    39 2.621377 -0.002532 -0.005345 0.090709 -0.223953 0.176944
    40 2.660837 0.000397 -0.000071 -0.053219 -0.197079 0.463361
    41 2.206394 0.003368 -0.002863 -0.348107 -0.140380 0.531685
    42 0.599952 0.959240 -0.300102 -0.174544 0.000000 0.000000
    43 2.553283 -0.005873 0.002453 -0.086148 -0.157718 0.470374
    44 2.095024 -0.003873 -0.002193 -0.521320 -0.157280 0.423397
    45 0.999380 -0.000236 -1.150774 -0.000001 0.000000 0.000000
    46 -0.122639 -0.721856 0.661690 -0.486644 0.223964 0.243056
    47 2.622113 -0.000648 0.002741 0.281631 0.278861 0.280749
    48 2.657909 0.004589 -0.000533 0.446768 -0.009645 1.231914
    49 2.200016 0.001663 0.004743 0.293323 0.022338 0.295444
    50 0.599951 0.959244 0.300102 0.174544 0.000000 0.000000
    51 2.556570 -0.004291 0.000554 0.236956 -0.051860 1.028602
    52 2.103851 0.005614 -0.001014 0.568942 -0.184772 0.578859
    53 0.999374 -0.000237 1.076545 0.000000 0.000000 0.000001
    54 0.310846 -0.606445 -0.498005 0.308107 -0.197598 0.313976
    55 1.869163 -0.004741 -0.000994 0.000029 -0.000056 0.665830
    56 1.200941 0.399582 -0.000237 -0.009465 0.016087 0.007127
    57 0.000586 0.100342 -0.000319 -0.120035 -0.021926 -0.209617
    58 -0.161663 0.051712 0.194808 -2.941982 0.122408 -0.060194
    59 2.010092 -0.003202 -0.007284 0.000042 0.000060 0.646530
    60 0.000240 0.099802 -0.000395 -0.018823 0.010833 -0.239219
    61 -0.203197 0.048607 0.069150 -3.093332 0.033217 -0.046722
    62 1.180428 -0.006214 0.000780 -0.000014 0.000000 0.457691
    63 -0.000196 0.099625 -0.000034 0.000000 0.000000 -0.314102
    64 -0.088736 -0.688435 -0.145203 2.930407 -0.136130 0.513013
    65 1.715976 -0.003328 0.003818 0.000873 -0.002489 0.401591
    66 -0.000580 0.100145 -0.000311 -0.010912 0.023129 -0.260841
    67 -0.146030 -0.232426 -0.014225 3.028455 -0.094299 0.113020
    68 1.290632 0.000362 -0.000032 0.000000 0.000000 -0.076773
    69 -0.658121 -0.003575 0.072645 -0.142711 0.027792 -0.077299
    70 1.868080 -0.003049 0.006083 0.000003 -0.000021 0.640659
    71 1.200079 0.399944 -0.000093 0.009465 -0.016087 0.007127
    72 0.000591 0.100342 0.000319 0.120035 0.021926 -0.209617
    73 0.068077 0.002285 -0.080050 3.111376 -0.069366 -0.060847
    74 2.015780 -0.005083 0.006086 -0.092042 0.015411 1.471771
    75 0.000229 0.099802 0.000395 0.018823 -0.010833 -0.239219
    76 -0.018673 -0.001009 0.047544 3.109244 0.002635 -0.106673
    77 1.178665 0.001595 0.000845 0.000018 -0.000012 1.443374
    78 -0.000198 0.099628 0.000034 0.000000 0.000000 -0.314102
    79 0.036892 -0.634449 0.266284 -2.801062 0.174301 0.490914
    80 1.704350 -0.002506 -0.004592 -0.000010 0.000023 1.109136
    81 -0.000576 0.100136 0.000311 0.010912 -0.023131 -0.260841
    82 -0.003952 -0.281811 0.115047 -3.059162 0.089004 0.167964
    83 1.289627 0.003949 0.000061 -0.000014 0.000003 0.397354
    84 -0.171528 -0.018148 -0.099873 0.013484 -0.062184 -0.011780
    85 0.912716 0.007240 0.001326 -0.003409 0.000308 0.603188
    86 -0.342617 0.053404 -0.025571 -2.909301 -0.017248 0.075276
    87 1.100231 -0.000930 -0.002434 0.000009 0.000014 0.446326
    88 -0.384983 0.330998 0.006848 -3.087207 -0.018765 -0.184279
    89 0.678146 0.006192 0.000002 -0.000018 -0.000019 0.401631
    90 -0.123848 0.072737 0.029507 2.898184 -0.060627 0.094834
    91 1.017166 -0.000154 -0.000252 -0.060413 -0.015606 0.570601
    92 -0.344986 0.123129 0.143151 2.994981 0.012396 0.059140
    93 -0.730988 0.177046 0.039141 -0.123731 0.076518 -0.084310
    94 0.921993 0.001298 -0.000896 -0.000002 -0.000011 0.532651
    95 -0.124027 -0.052092 0.038496 3.077813 -0.008519 0.039229
    96 1.100430 -0.007458 0.000503 -0.217179 0.000042 0.841299
    97 -0.330082 0.160641 0.042780 3.128073 0.034033 -0.171236
    98 0.679760 0.005438 0.003272 0.000014 0.000015 0.335837
    99 -0.019516 -0.016531 0.038578 -2.763781 0.050305 0.076828
    100 1.018891 0.005113 0.001121 -0.084857 -0.003792 1.111383
    101 -0.155312 0.130643 -0.021921 -3.022466 0.022433 -0.024903
    102 -0.252209 0.061937 -0.024914 -0.007671 -0.063171 -0.044392
    103 -0.085991 0.185203 -0.015180 -2.937063 -0.113970 -0.138991
    104 -0.286537 0.179852 0.024264 -3.109353 -0.049645 -0.029915
    105 -0.019489 0.147084 0.079203 2.893815 0.038585 -0.060594
    106 -0.046482 0.251898 0.129548 3.016165 0.077112 -0.042864
    107 0.039120 -0.040298 0.047739 3.084219 0.030470 -0.037414
    108 -0.233757 0.066630 0.001754 -3.133086 0.040141 -0.065413
    109 0.044266 0.020128 0.001684 -2.778763 -0.118872 -0.040488
    110 0.071495 0.074127 -0.048302 -3.035917 -0.059482 0.104366
    111 0.000000 0.000000 0.000000 0.000000 0.000000 -1.570796
    112 10.574541 -0.781274 -4.367321 -0.207763 -0.018853 0.038885
    113 7.191626 10.390942 -7.054903 -0.248949 -0.769997 -1.299315
    114 -0.348999 0.000000 0.342999 0.000000 0.000000 0.000000
    115 2.394995 0.000000 0.034000 0.000000 0.000000 0.000000
    116 0.008000 0.000000 1.401997 0.000000 0.000000 0.000000
    117 1.148998 0.000000 0.626999 0.000000 0.000000 0.000000
    118 1.107998 0.000000 0.153000 0.000000 0.000000 0.000000
    119 -2.457995 0.000000 0.449999 0.000000 0.000000 0.000000
    120 0.283000 0.000000 0.659998 0.000000 0.000000 0.000000
    121 4.293992 0.000000 0.136000 0.000000 0.000000 0.000000
    122 1.511997 -0.417999 1.094998 0.000000 0.000000 -1.570755
    123 4.229991 0.000000 0.042000 0.000000 0.000000 0.000000
    124 0.240000 0.000000 -0.662999 0.000000 0.000000 0.000000
    125 1.060998 0.000000 -3.633993 0.000000 0.000000 0.000000
    126 0.193999 0.000000 -2.057996 0.000000 0.000000 0.000000
    127 -0.774998 0.000000 -2.394995 0.000000 0.000000 0.000000
    128 0.000000 0.000000 0.000000 0.000000 0.000000 0.000000
    129 -0.106000 0.000000 64.320000 0.000000 0.000000 0.000000
    130 0.000000 0.000000 0.000000 0.000000 0.000000 0.000000
    131 0.000000 0.000000 0.000000 -0.032286 0.005836 -0.004123
    132 21.296349 -0.823107 5.659742 -0.207840 -0.018833 0.038817
    133 0.106000 0.000000 -64.320000 0.000000 0.000000 0.000000
    134 0.000000 0.000000 0.000000 0.000000 0.000000 0.000000
    135 0.000000 0.000000 -4.867002 -3.141592 0.000000 -3.128591
    136 0.000000 0.000000 4.867000 -3.141592 0.000000 -3.128591
    137 4.000000 -6.500000 0.000000 0.000000 0.000000 0.000977
    138 -6.500000 0.000000 0.000000 0.000000 1.570796 0.000000
    139 1.000088 -0.000029 0.000000 0.000000 0.000000 0.000000
    140 17.162516 -0.000404 0.000000 0.000000 0.000000 0.119214
    141 9.999891 -0.000303 0.000000 0.000000 0.000000 0.000000
    142 1.000088 -0.000029 0.000000 0.000000 0.000000 0.000000
    143 17.162516 -0.000404 0.000000 0.000000 0.000000 0.119214
    144 9.499836 0.000212 0.000000 0.000000 0.000000 0.000000
    145 0.000000 0.000000 0.000000 0.000000 0.000000 0.000000
    146 17.749374 0.295515 0.000000 0.000000 0.000000 -1.158958
    147 0.017889 0.299792 0.000000 0.000000 0.000000 -0.059582
    148 12.283573 1.581456 -4.696000 1.462269 -0.086726 0.090185
    149 17.749376 0.295515 0.000000 0.000000 0.000000 -1.158958
    150 0.017889 0.299792 0.000000 0.000000 0.000000 -0.059582
    151 13.354000 0.000000 0.000000 0.000000 0.000000 -0.294101
    152 4.530998 0.000000 0.000000 0.000000 0.000000 0.000000
    153 0.000000 0.000000 0.000000 0.000000 0.000000 0.000000
    154 5.413524 0.000347 0.000000 0.000000 0.000000 -0.518055
    155 5.413524 0.000347 0.000000 0.000000 0.000000 -0.518055
    156 4.662002 -5.366333 4.825191 1.569713 1.561305 -3.121213
    157 3.116966 -0.000443 0.000000 0.000000 0.000000 0.294101
    158 0.000000 0.000000 0.000000 0.000000 0.000000 0.000000
    159 -0.271999 0.000000 2.688000 0.000000 0.000000 0.000000
    160 -12.709970 13.660994 -54.536046 0.207028 0.026489 -0.033992
    161 3.512001 -3.547000 -1.066000 0.000000 1.570796 0.000000
    162 3.456001 -3.517000 1.169000 0.000000 1.570796 0.000000
    163 6.233002 0.000000 0.000000 0.000000 0.000000 0.000000
    164 -0.171997 -0.106000 -0.902000 1.570713 1.029176 -3.134550
    165 6.202933 -6.411251 -0.167974 -0.004123 0.032275 -0.005968
    166 0.181000 -0.064000 1.096000 0.000000 0.000000 0.000000
    167 3.999434 -0.000528 -0.000332 -0.158612 -0.000023 0.000016
    168 3.999901 0.000041 0.001011 0.056368 0.000000 0.000000
    169 1.598000 0.000000 0.000000 0.000000 0.000000 0.000000
    170 -1.145525 0.000130 0.000668 0.000000 0.000000 0.000000
    171 2.299679 -2.499979 -0.599480 0.892035 0.221518 -0.527246
    172 11.523492 1.293556 -1.156614 1.208499 -0.190241 0.527637
    173 -9.580673 -27.862106 -37.184681 0.812879 -0.123459 -0.568477
    174 0.649933 -0.548295 0.093651 -1.665913 -0.131399 -0.112062
    175 0.657074 0.008402 0.040371 -1.665945 -0.131407 -0.000013
    176 0.665776 0.747221 -0.029190 -1.665935 -0.131408 0.094976
    177 2.300138 -2.499413 0.600155 -0.892012 -0.221542 -0.527259
    178 11.367923 -0.091372 4.490694 2.196756 -0.354171 0.057506
    179 2.762354 0.116951 1.523975 1.629482 0.064153 1.743800
    180 7.228323 7.928198 -3.925648 2.328713 0.123459 -0.568477
    181 0.650394 -0.547730 -0.092979 1.665913 0.131399 -0.112062
    182 0.657069 0.008398 -0.040379 1.665945 0.131407 -0.000013
    183 0.665777 0.747220 0.029182 1.665935 0.131408 0.094976
    184 -4.481003 -0.202000 0.000000 0.000000 0.000000 0.000000
    185 -5.516998 -0.291000 -0.001000 0.000000 0.000000 0.000000
    186 -0.857700 0.104073 0.104687 0.023536 0.163924 0.013632
    187 1.899121 0.000427 -0.000439 0.027386 -0.033311 0.477848
    188 1.799659 -0.000240 0.000231 0.027386 -0.033311 0.477848
    189 1.799659 -0.000240 0.000231 0.027386 -0.033311 0.477848
    190 1.799659 -0.000240 0.000231 0.027386 -0.033311 0.477848
    191 1.900308 -0.000145 -0.000518 0.027386 -0.033311 0.477848
    192 1.899433 -0.000317 -0.000151 -0.027386 0.033311 0.477848
    193 1.799659 -0.000237 -0.000233 -0.027386 0.033311 0.477848
    194 1.799659 -0.000237 -0.000233 -0.027386 0.033311 0.477848
    195 1.799659 -0.000237 -0.000233 -0.027386 0.033311 0.477848
    196 1.900724 0.000553 -0.000072 -0.027386 0.033311 0.477848
    197 0.599884 0.400187 -0.000031 0.000000 0.000000 0.000000
    198 0.599888 0.400187 0.000031 0.000000 0.000000 -3.141592
    199 0.599503 0.400696 0.000234 0.000000 0.000000 0.000000
    200 0.600399 0.399632 -0.000466 0.000000 0.000000 -3.141592
  time 6
    0 0.000000 0.000000 0.000000 0.000000 0.000000 -1.570796
    1 -0.106323 0.000000 -0.000198 0.000000 0.000000 0.000000
    2 0.000000 0.000000 0.000000 0.000000 0.000000 0.000000
    3 -0.904000 0.000000 -11.806000 0.000000 0.000000 0.000000
    4 0.000000 0.000000 -14.313999 0.000000 -1.570796 1.570857
    5 3.533001 0.000000 0.000000 0.000000 0.000000 0.000000
    6 6.250000 0.000000 0.000000 0.000000 0.000000 0.000000
    7 4.381292 3.789203 -1.158840 -1.153277 1.547377 -1.153364
    8 9.562500 6.343750 1.773438 1.153277 -1.547377 -1.153364
    9 5.790726 0.002787 -0.000113 -0.865673 0.689952 -1.370912
    10 5.999492 -0.000592 -4.000343 0.000000 0.000000 0.000000
    11 5.787410 0.002582 0.000893 0.520326 -0.445414 -1.250056
    12 5.999492 -0.000592 4.000336 0.000000 0.000000 0.000000
    13 0.500225 0.000133 -0.000088 0.052733 0.000000 0.000000
    14 11.534559 0.004255 -0.001312 -0.000113 0.000081 -1.713565
    15 -0.829338 0.893824 0.079659 -0.148839 0.047645 0.087266
    16 0.500225 0.000132 0.000076 0.148930 0.000000 0.000000
    17 11.532495 0.004432 -0.000089 0.000006 -0.000022 -1.574767
    18 -0.829586 0.894698 -0.079464 0.045377 -0.019621 0.087266
    19 10.599884 0.000105 -0.000553 -0.073530 0.000000 0.000000
    20 0.615774 -0.529095 -0.000805 0.000000 0.000011 0.856759
    21 11.042057 -0.000189 0.004704 -0.071921 -0.338098 0.420401
    22 -1.214832 0.203470 -0.477489 -0.135025 -0.078677 -0.001289
    23 10.599880 0.000105 0.000549 0.142232 0.000060 0.000000
    24 0.482956 -0.482218 0.000801 0.000000 -0.000011 0.787411
    25 11.041742 0.003171 -0.000571 0.099343 0.560302 0.994045
    26 -1.063377 0.077663 0.150230 0.045121 0.020046 -0.012850
    27 0.610302 -0.939470 0.070343 -1.655295 -0.140043 -0.175628
    28 0.639940 -0.199121 0.060188 -1.665960 -0.131367 -0.066543
    29 0.600155 1.080261 -0.339535 -1.738076 0.020143 0.104005
    30 0.610207 0.400743 -0.010101 -1.762268 -0.061592 0.042920
    31 0.634715 -0.690090 -0.232343 0.153399 0.288652 -0.993770
    32 -0.792125 0.203736 0.461300 1.439074 -0.003453 -0.018305
    33 0.610300 -0.939469 -0.070351 1.655295 0.140103 -0.175628
    34 0.639937 -0.199121 -0.060200 1.665553 0.091351 -0.070294
    35 0.600157 1.080259 0.339531 1.764649 -0.263766 -0.039139
    36 0.610205 0.400743 0.010086 1.763129 -0.081564 -0.010388
    37 0.624002 -0.695300 0.232270 -0.273107 -0.236392 -1.038530
    38 -0.626031 -0.069983 -0.080517 -1.447153 0.086151 0.021559
    39 2.621377 -0.002532 -0.005345 0.128498 -0.204002 0.066046
    40 2.660837 0.000397 -0.000071 -0.012697 -0.183776 0.373552
    41 2.202488 0.003368 -0.006769 -0.363148 -0.129617 0.433291
    42 0.599952 0.959240 -0.300102 -0.174544 0.000000 0.000000
    43 2.553283 -0.001967 0.002453 -0.086828 -0.135008 0.431853
    44 2.095024 -0.003873 -0.002193 -0.464443 -0.285674 0.078013
    45 0.999380 -0.000236 -1.139055 -0.000001 0.000000 0.000000
    46 -0.122639 -0.721856 0.661690 -0.486644 0.223964 0.243056
    47 2.622113 -0.004555 0.002741 0.308857 0.272605 0.375812
    48 2.657909 0.004589 -0.000533 0.476582 -0.010819 1.257365
    49 2.200016 0.001663 0.000836 0.294210 0.031555 0.264873
    50 0.599951 0.959244 0.300102 0.174544 0.000000 0.000000
    51 2.556570 -0.000385 0.000554 0.236903 -0.054125 1.046730
    52 2.103851 0.001708 -0.001014 0.565551 -0.206952 0.598208
    53 0.999374 -0.000237 1.103890 0.000000 0.000000 0.000001
    54 0.310846 -0.606445 -0.498005 0.308107 -0.197598 0.313976
    55 1.869163 -0.004741 -0.004901 -0.000007 0.000004 0.645855
    56 1.200941 0.399582 -0.000237 -0.009465 0.016087 0.007127
    57 0.000586 0.100342 -0.000319 -0.120035 -0.021926 -0.209617
    58 -0.161663 0.051712 0.194808 -2.941982 0.122408 -0.060194
    59 2.010092 -0.003202 -0.003377 0.000018 0.000013 0.607116
    60 0.000240 0.099802 -0.000395 -0.018823 0.010833 -0.239219
    61 -0.203197 0.048607 0.069150 -3.093332 0.033217 -0.046722
    62 1.180428 -0.006214 0.000780 0.000022 -0.000072 0.457465
    63 -0.000196 0.099625 -0.000034 0.000000 0.000000 -0.314102
    64 -0.088736 -0.688435 -0.145203 2.930407 -0.136130 0.513013
    65 1.715976 -0.003328 -0.000088 0.000538 -0.001291 0.349570
    66 -0.000580 0.100145 -0.000311 -0.010912 0.023129 -0.260841
    67 -0.146030 -0.232426 -0.014225 3.028455 -0.094299 0.113020
    68 1.290632 0.000362 -0.000032 0.000000 0.000000 -0.122260
    69 -0.658121 -0.003575 0.072645 -0.142711 0.027792 -0.077299
    70 1.868080 -0.003049 0.006083 0.000063 -0.000033 0.390790
    71 1.200079 0.399944 -0.000093 0.009465 -0.016087 0.007127
    72 0.000591 0.100342 0.000319 0.120035 0.021926 -0.209617
    73 0.068077 0.002285 -0.080050 3.111376 -0.069366 -0.060847
    74 2.015780 -0.005083 0.006086 -0.123118 0.020625 1.449550
    75 0.000229 0.099802 0.000395 0.018823 -0.010833 -0.239219
    76 -0.018673 -0.001009 0.047544 3.109244 0.002635 -0.106673
    77 1.178665 0.001595 0.000845 -0.000018 -0.000048 1.494578
    78 -0.000198 0.099628 0.000034 0.000000 0.000000 -0.314102
    79 0.036892 -0.634449 0.266284 -2.801062 0.174301 0.490914
    80 1.708256 -0.002506 -0.004592 -0.000022 0.000106 1.074554
    81 -0.000576 0.100136 0.000311 0.010912 -0.023131 -0.260841
    82 -0.003952 -0.281811 0.115047 -3.059162 0.089004 0.167964
    83 1.289627 0.003949 0.000061 -0.000002 0.000063 0.547729
    84 -0.171528 -0.018148 -0.099873 0.013484 -0.062184 -0.011780
    85 0.912716 0.007240 0.001326 -0.003613 0.000296 0.603015
    86 -0.342617 0.053404 -0.025571 -2.909301 -0.017248 0.075276
    87 1.100231 -0.000930 -0.002434 0.000009 0.000014 0.426498
    88 -0.384983 0.330998 0.006848 -3.087207 -0.018765 -0.184279
    89 0.678146 0.006192 0.000002 -0.000018 -0.000019 0.378975
    90 -0.123848 0.072737 0.029507 2.898184 -0.060627 0.094834
    91 1.017166 -0.000154 -0.000252 -0.029852 -0.011831 0.576165
    92 -0.344986 0.123129 0.143151 2.994981 0.012396 0.059140
    93 -0.730988 0.177046 0.039141 -0.123731 0.076518 -0.084310
    94 0.925900 0.001298 -0.000896 -0.000002 -0.000011 0.327046
    95 -0.124027 -0.052092 0.038496 3.077813 -0.008519 0.039229
    96 1.100430 -0.007458 0.000503 -0.217239 0.000054 0.841241
    97 -0.330082 0.160641 0.042780 3.128073 0.034033 -0.171236
    98 0.679760 0.005438 0.003272 0.000014 0.000003 0.251871
    99 -0.019516 -0.016531 0.038578 -2.763781 0.050305 0.076828
    100 1.018891 0.001206 0.001121 -0.084725 -0.004966 1.096506
    101 -0.155312 0.130643 -0.021921 -3.022466 0.022433 -0.024903
    102 -0.252209 0.061937 -0.024914 -0.007671 -0.063171 -0.044392
    103 -0.085991 0.185203 -0.015180 -2.937063 -0.113970 -0.138991
    104 -0.286537 0.179852 0.024264 -3.109353 -0.049645 -0.029915
    105 -0.019489 0.147084 0.079203 2.893815 0.038585 -0.060594
    106 -0.046482 0.251898 0.129548 3.016165 0.077112 -0.042864
    107 0.039120 -0.040298 0.047739 3.084219 0.030470 -0.037414
    108 -0.233757 0.066630 0.001754 -3.133086 0.040141 -0.065413
    109 0.044266 0.020128 0.001684 -2.778763 -0.118872 -0.040488
    110 0.071495 0.074127 -0.048302 -3.035917 -0.059482 0.104366
    111 0.000000 0.000000 0.000000 0.000000 0.000000 -1.570796
    112 10.144841 -0.929716 -4.390759 -0.147457 -0.023338 0.049797
    113 6.640828 10.976897 -7.148656 -0.217613 -0.789651 -1.298122
    114 -0.348999 0.000000 0.342999 0.000000 0.000000 0.000000
    115 2.394995 0.000000 0.034000 0.000000 0.000000 0.000000
    116 0.008000 0.000000 1.401997 0.000000 0.000000 0.000000
    117 1.148998 0.000000 0.626999 0.000000 0.000000 0.000000
    118 1.107998 0.000000 0.153000 0.000000 0.000000 0.000000
    119 -2.457995 0.000000 0.449999 0.000000 0.000000 0.000000
    120 0.283000 0.000000 0.659998 0.000000 0.000000 0.000000
    121 4.293992 0.000000 0.136000 0.000000 0.000000 0.000000
    122 1.511997 -0.417999 1.094998 0.000000 0.000000 -1.570755
    123 4.229991 0.000000 0.042000 0.000000 0.000000 0.000000
    124 0.240000 0.000000 -0.662999 0.000000 0.000000 0.000000
    125 1.060998 0.000000 -3.633993 0.000000 0.000000 0.000000
    126 0.193999 0.000000 -2.057996 0.000000 0.000000 0.000000
    127 -0.774998 0.000000 -2.394995 0.000000 0.000000 0.000000
    128 0.000000 0.000000 0.000000 0.000000 0.000000 0.000000
    129 -0.106000 0.000000 64.320000 0.000000 0.000000 0.000000
    130 0.000000 0.000000 0.000000 0.000000 0.000000 0.000000
    131 0.000000 0.000000 0.000000 -0.029170 0.005657 -0.005249
    132 20.866648 -0.748886 5.659742 -0.147529 -0.023357 0.049792
    133 0.106000 0.000000 -64.320000 0.000000 0.000000 0.000000
    134 0.000000 0.000000 0.000000 0.000000 0.000000 0.000000
    135 0.000000 0.000000 -4.867002 -3.141592 0.000000 -3.128591
    136 0.000000 0.000000 4.867000 -3.141592 0.000000 -3.128591
    137 4.000000 -6.500000 0.000000 0.000000 0.000000 0.000977
    138 -6.500000 0.000000 0.000000 0.000000 1.570796 0.000000
    139 1.000088 -0.000029 0.000000 0.000000 0.000000 0.000000
    140 17.162516 -0.000404 0.000000 0.000000 0.000000 0.119214
    141 9.999891 -0.000303 0.000000 0.000000 0.000000 0.000000
    142 1.000088 -0.000029 0.000000 0.000000 0.000000 0.000000
    143 17.162516 -0.000404 0.000000 0.000000 0.000000 0.119214
    144 9.499836 0.000212 0.000000 0.000000 0.000000 0.000000
    145 0.000000 0.000000 0.000000 0.000000 0.000000 0.000000
    146 17.749374 0.295515 0.000000 0.000000 0.000000 -1.158958
    147 0.017889 0.299792 0.000000 0.000000 0.000000 -0.059582
    148 12.283573 1.581456 -4.696000 1.462269 -0.086726 0.090185
    149 17.749376 0.295515 0.000000 0.000000 0.000000 -1.158958
    150 0.017889 0.299792 0.000000 0.000000 0.000000 -0.059582
    151 13.354000 0.000000 0.000000 0.000000 0.000000 -0.294101
    152 4.530998 0.000000 0.000000 0.000000 0.000000 0.000000
    153 0.000000 0.000000 0.000000 0.000000 0.000000 0.000000
    154 5.413524 0.000347 0.000000 0.000000 0.000000 -0.518055
    155 5.413524 0.000347 0.000000 0.000000 0.000000 -0.518055
    156 4.662002 -5.366333 4.825191 1.569713 1.561305 -3.121213
    157 3.116966 -0.000443 0.000000 0.000000 0.000000 0.294101
    158 0.000000 0.000000 0.000000 0.000000 0.000000 0.000000
    159 -0.271999 0.000000 2.688000 0.000000 0.000000 0.000000
    160 -12.518558 10.367925 -55.153252 0.146299 0.030338 -0.045855
    161 3.512001 -3.547000 -1.066000 0.000000 1.570796 0.000000
    162 3.456001 -3.517000 1.169000 0.000000 1.570796 0.000000
    163 6.233002 0.000000 0.000000 0.000000 0.000000 0.000000
    164 -0.171997 -0.106000 -0.902000 1.570713 1.029176 -3.134550
    165 6.206839 -6.411251 -0.144536 -0.005261 0.029159 -0.005813
    166 0.181000 -0.064000 1.096000 0.000000 0.000000 0.000000
    167 3.999434 -0.000528 -0.000332 -0.036809 -0.000023 0.000016
    168 3.999901 0.000041 0.001011 0.071058 0.000048 0.000060
    169 1.598000 0.000000 0.000000 0.000000 0.000000 0.000000
    170 -1.145525 0.000130 0.000668 0.000000 0.000000 0.000000
    171 2.299679 -2.499979 -0.599480 0.891953 0.221482 -0.527246
    172 12.351642 0.660724 -1.113644 1.125172 -0.093147 0.595105
    173 -9.580673 -27.862106 -37.184681 0.812879 -0.123459 -0.568477
    174 0.649933 -0.548295 0.093651 -1.665913 -0.131399 -0.112062
    175 0.657074 0.008402 0.040371 -1.665945 -0.131407 -0.000013
    176 0.665776 0.747221 -0.029190 -1.665935 -0.131408 0.094976
    177 2.300138 -2.499413 0.600155 -0.891957 -0.221542 -0.527275
    178 11.332765 0.029725 4.506320 2.225081 -0.353188 0.073738
    179 2.762354 0.116951 1.523975 1.629482 0.064153 1.743800
    180 7.228323 7.928198 -3.925648 2.328713 0.123459 -0.568477
    181 0.650394 -0.547730 -0.092979 1.665913 0.131399 -0.112062
    182 0.657069 0.008398 -0.040379 1.665945 0.131407 -0.000013
    183 0.665777 0.747220 0.029182 1.665935 0.131408 0.094976
    184 -4.481003 -0.202000 0.000000 0.000000 0.000000 0.000000
    185 -5.516998 -0.291000 -0.001000 0.000000 0.000000 0.000000
    186 -0.857700 0.104073 0.104687 0.023536 0.163924 0.013632
    187 1.899121 0.000427 -0.000439 0.027386 -0.033311 0.477848
    188 1.799659 -0.000240 0.000231 0.027386 -0.033311 0.477848
    189 1.799659 -0.000240 0.000231 0.027386 -0.033311 0.477848
    190 1.799659 -0.000240 0.000231 0.027386 -0.033311 0.477848
    191 1.900308 -0.000145 -0.000518 0.027386 -0.033311 0.477848
    192 1.899433 -0.000317 -0.000151 -0.027386 0.033311 0.477848
    193 1.799659 -0.000237 -0.000233 -0.027386 0.033311 0.477848
    194 1.799659 -0.000237 -0.000233 -0.027386 0.033311 0.477848
    195 1.799659 -0.000237 -0.000233 -0.027386 0.033311 0.477848
    196 1.900724 0.000553 -0.000072 -0.027386 0.033311 0.477848
    197 0.599884 0.400187 -0.000031 0.000000 0.000000 0.000000
    198 0.599888 0.400187 0.000031 0.000000 0.000000 -3.141592
    199 0.599503 0.400696 0.000234 0.000000 0.000000 0.000000
    200 0.600399 0.399632 -0.000466 0.000000 0.000000 -3.141592
  time 7
    0 0.000000 0.000000 0.000000 0.000000 0.000000 -1.570796
    1 -0.106323 0.000000 -0.000198 0.000000 0.000000 0.000000
    2 0.000000 0.000000 0.000000 0.000000 0.000000 0.000000
    3 -0.904000 0.000000 -11.806000 0.000000 0.000000 0.000000
    4 0.000000 0.000000 -14.313999 0.000000 -1.570796 1.570857
    5 3.533001 0.000000 0.000000 0.000000 0.000000 0.000000
    6 6.250000 0.000000 0.000000 0.000000 0.000000 0.000000
    7 4.381292 3.164184 -1.381503 -1.153277 1.547377 -1.153364
    8 9.562500 6.343750 1.773438 1.153277 -1.547377 -1.153364
    9 5.786820 0.002787 -0.000113 -0.787051 0.796234 -1.337353
    10 5.999492 -0.000592 -4.000343 0.000000 0.000000 0.000000
    11 5.787410 0.002582 0.000893 0.512755 -0.453892 -1.232915
    12 5.999492 -0.000592 4.000336 0.000000 0.000000 0.000000
    13 0.500225 0.000133 -0.000088 -0.008394 0.000000 0.000000
    14 11.534559 0.004255 -0.001312 -0.000065 0.000045 -1.832693
    15 -0.829338 0.893824 0.079659 -0.148839 0.047645 0.087266
    16 0.500225 0.000132 0.000076 0.148930 -0.000048 0.000000
    17 11.532495 0.000526 -0.000089 -0.000042 -0.000058 -1.604823
    18 -0.829586 0.894698 -0.079464 0.045377 -0.019621 0.087266
    19 10.599884 0.000105 -0.000553 0.141884 0.000000 0.000000
    20 0.736871 -0.568159 -0.000805 0.000000 0.000011 0.916318
    21 11.042057 -0.000189 0.004704 0.141420 -0.426361 0.378595
    22 -1.214832 0.203470 -0.477489 -0.135025 -0.078677 -0.001289
    23 10.599880 0.000105 0.000549 0.151472 0.000000 0.000000
    24 0.506394 -0.493937 0.000801 0.000000 -0.000011 0.802383
    25 11.041742 0.003171 -0.000571 0.107897 0.558171 0.984063
    26 -1.063377 0.077663 0.150230 0.045121 0.020046 -0.012850
    27 0.610302 -0.939470 0.070343 -1.655295 -0.140079 -0.175508
    28 0.639940 -0.199121 0.060188 -1.666011 -0.131475 -0.066411
    29 0.600155 1.080261 -0.339535 -1.738076 0.019999 0.102771
    30 0.610207 0.400743 -0.010101 -1.762268 -0.061663 0.043016
    31 0.634715 -0.693997 -0.232343 0.187807 0.298436 -0.981847
    32 -0.792125 0.203736 0.461300 1.439074 -0.003453 -0.018305
    33 0.610300 -0.939469 -0.070351 1.655295 0.140079 -0.175580
    34 0.639937 -0.199121 -0.060200 1.665502 0.091399 -0.070246
    35 0.600157 1.080259 0.339531 1.764649 -0.263850 -0.039151
    36 0.610205 0.400743 0.010086 1.763182 -0.081564 -0.010304
    37 0.624002 -0.695300 0.232270 -0.283414 -0.220416 -0.978661
    38 -0.626031 -0.069983 -0.080517 -1.447153 0.086151 0.021559
    39 2.621377 -0.002532 -0.001438 0.077822 -0.250166 0.207774
    40 2.660837 0.000397 -0.000071 -0.026527 -0.188343 0.512133
    41 2.202488 0.003368 -0.006769 -0.301978 -0.092961 0.566300
    42 0.599952 0.959240 -0.300102 -0.174544 0.000000 0.000000
    43 2.553283 -0.005873 0.006359 -0.066382 -0.111913 0.565309
    44 2.095024 -0.003873 -0.002193 -0.478870 -0.242833 0.090346
    45 0.999380 -0.000236 -1.150774 -0.000001 0.000000 0.000000
    46 -0.122639 -0.721856 0.661690 -0.486644 0.223964 0.243056
    47 2.626019 -0.004555 0.002741 0.323620 0.269286 0.426985
    48 2.657909 0.004589 -0.000533 0.507159 -0.011994 1.283421
    49 2.200016 0.001663 0.004743 0.300921 0.019989 0.307762
    50 0.599951 0.959244 0.300102 0.174544 0.000000 0.000000
    51 2.556570 -0.004291 0.000554 0.247001 -0.058008 1.068594
    52 2.103851 0.001708 -0.001014 0.562909 -0.223963 0.611909
    53 0.999374 -0.000237 1.131235 0.000000 0.000000 0.000001
    54 0.310846 -0.606445 -0.498005 0.308107 -0.197598 0.313976
    55 1.873069 -0.004741 -0.000994 -0.000031 -0.000044 0.703391
    56 1.200941 0.399582 -0.000237 -0.009465 0.016087 0.007127
    57 0.000586 0.100342 -0.000319 -0.120035 -0.021926 -0.209617
    58 -0.161663 0.051712 0.194808 -2.941982 0.122408 -0.060194
    59 2.010092 -0.003202 -0.003377 0.000018 0.000013 0.782123
    60 0.000240 0.099802 -0.000395 -0.018823 0.010833 -0.239219
    61 -0.203197 0.048607 0.069150 -3.093332 0.033217 -0.046722
    62 1.180428 -0.006214 0.000780 -0.000014 0.000000 0.637356
    63 -0.000196 0.099625 -0.000034 0.000000 0.000000 -0.314102
    64 -0.088736 -0.688435 -0.145203 2.930407 -0.136130 0.513013
    65 1.712069 0.000578 0.003818 0.000442 -0.001782 0.564213
    66 -0.000580 0.100145 -0.000311 -0.010912 0.023129 -0.260841
    67 -0.146030 -0.232426 -0.014225 3.028455 -0.094299 0.113020
    68 1.290632 0.000362 -0.000032 0.000000 -0.000048 -0.057881
    69 -0.658121 -0.003575 0.072645 -0.142711 0.027792 -0.077299
    70 1.868080 -0.003049 0.006083 -0.000057 -0.000009 0.214780
    71 1.200079 0.399944 -0.000093 0.009465 -0.016087 0.007127
    72 0.000591 0.100342 0.000319 0.120035 0.021926 -0.209617
    73 0.068077 0.002285 -0.080050 3.111376 -0.069366 -0.060847
    74 2.011874 -0.005083 0.006086 -0.154854 0.025970 1.426923
    75 0.000229 0.099802 0.000395 0.018823 -0.010833 -0.239219
    76 -0.018673 -0.001009 0.047544 3.109244 0.002635 -0.106673
    77 1.178665 0.001595 0.000845 0.000054 0.000023 1.427034
    78 -0.000198 0.099628 0.000034 0.000000 0.000000 -0.314102
    79 0.036892 -0.634449 0.266284 -2.801062 0.174301 0.490914
    80 1.704350 -0.002506 -0.004592 -0.000010 0.000023 1.039336
    81 -0.000576 0.100136 0.000311 0.010912 -0.023131 -0.260841
    82 -0.003952 -0.281811 0.115047 -3.059162 0.089004 0.167964
    83 1.289627 0.003949 0.000061 -0.000014 0.000003 0.697973
    84 -0.171528 -0.018148 -0.099873 0.013484 -0.062184 -0.011780
    85 0.912716 0.007240 0.001326 -0.002546 0.000176 0.607158
    86 -0.342617 0.053404 -0.025571 -2.909301 -0.017248 0.075276
    87 1.100231 -0.000930 -0.002434 0.000009 0.000014 0.394429
    88 -0.384983 0.330998 0.006848 -3.087207 -0.018765 -0.184279
    89 0.678146 0.006192 -0.003905 -0.000006 0.000041 0.402680
    90 -0.123848 0.072737 0.029507 2.898184 -0.060627 0.094834
    91 1.017166 -0.000154 -0.000252 -0.037283 -0.002399 0.562197
    92 -0.344986 0.123129 0.143151 2.994981 0.012396 0.059140
    93 -0.730988 0.177046 0.039141 -0.123731 0.076518 -0.084310
    94 0.921993 0.001298 -0.000896 -0.000002 -0.000011 0.162962
    95 -0.124027 -0.052092 0.038496 3.077813 -0.008519 0.039229
    96 1.100430 -0.007458 0.000503 -0.217203 -0.000018 0.841328
    97 -0.330082 0.160641 0.042780 3.128073 0.034033 -0.171236
    98 0.679760 0.005438 0.003272 0.000074 0.000003 0.292126
    99 -0.019516 -0.016531 0.038578 -2.763781 0.050305 0.076828
    100 1.018891 0.001206 0.001121 -0.084593 -0.006309 1.081346
    101 -0.155312 0.130643 -0.021921 -3.022466 0.022433 -0.024903
    102 -0.252209 0.061937 -0.024914 -0.007671 -0.063171 -0.044392
    103 -0.085991 0.185203 -0.015180 -2.937063 -0.113970 -0.138991
    104 -0.286537 0.179852 0.024264 -3.109353 -0.049645 -0.029915
    105 -0.019489 0.147084 0.079203 2.893815 0.038585 -0.060594
    106 -0.046482 0.251898 0.129548 3.016165 0.077112 -0.042864
    107 0.039120 -0.040298 0.047739 3.084219 0.030470 -0.037414
    108 -0.233757 0.066630 0.001754 -3.133086 0.040141 -0.065413
    109 0.044266 0.020128 0.001684 -2.778763 -0.118872 -0.040488
    110 0.071495 0.074127 -0.048302 -3.035917 -0.059482 0.104366
    111 0.000000 0.000000 0.000000 0.000000 0.000000 -1.570796
    112 9.879208 -1.058626 -4.367321 -0.101129 -0.026569 0.059925
    113 6.121281 11.371441 -7.312723 -0.205834 -0.805078 -1.284829
    114 -0.348999 0.000000 0.342999 0.000000 0.000000 0.000000
    115 2.394995 0.000000 0.034000 0.000000 0.000000 0.000000
    116 0.008000 0.000000 1.401997 0.000000 0.000000 0.000000
    117 1.148998 0.000000 0.626999 0.000000 0.000000 0.000000
    118 1.107998 0.000000 0.153000 0.000000 0.000000 0.000000
    119 -2.457995 0.000000 0.449999 0.000000 0.000000 0.000000
    120 0.283000 0.000000 0.659998 0.000000 0.000000 0.000000
    121 4.293992 0.000000 0.136000 0.000000 0.000000 0.000000
    122 1.511997 -0.417999 1.094998 0.000000 0.000000 -1.570755
    123 4.229991 0.000000 0.042000 0.000000 0.000000 0.000000
    124 0.240000 0.000000 -0.662999 0.000000 0.000000 0.000000
    125 1.060998 0.000000 -3.633993 0.000000 0.000000 0.000000
    126 0.193999 0.000000 -2.057996 0.000000 0.000000 0.000000
    127 -0.774998 0.000000 -2.394995 0.000000 0.000000 0.000000
    128 0.000000 0.000000 0.000000 0.000000 0.000000 0.000000
    129 -0.106000 0.000000 64.320000 0.000000 0.000000 0.000000
    130 0.000000 0.000000 0.000000 0.000000 0.000000 0.000000
    131 0.000000 0.000000 0.000000 -0.021249 0.004998 -0.006268
    132 20.601015 -0.682478 5.698806 -0.101224 -0.026588 0.059862
    133 0.106000 0.000000 -64.320000 0.000000 0.000000 0.000000
    134 0.000000 0.000000 0.000000 0.000000 0.000000 0.000000
    135 0.000000 0.000000 -4.867002 -3.141592 0.000000 -3.128591
    136 0.000000 0.000000 4.867000 -3.141592 0.000000 -3.128591
    137 4.000000 -6.500000 0.000000 0.000000 0.000000 0.000977
    138 -6.500000 0.000000 0.000000 0.000000 1.570796 0.000000
    139 1.000088 -0.000029 0.000000 0.000000 0.000000 0.000000
    140 17.162516 -0.000404 0.000000 0.000000 0.000000 0.119214
    141 9.999891 -0.000303 0.000000 0.000000 0.000000 0.000000
    142 1.000088 -0.000029 0.000000 0.000000 0.000000 0.000000
    143 17.162516 -0.000404 0.000000 0.000000 0.000000 0.119214
    144 9.499836 0.000212 0.000000 0.000000 0.000000 0.000000
    145 0.000000 0.000000 0.000000 0.000000 0.000000 0.000000
    146 17.749374 0.295515 0.000000 0.000000 0.000000 -1.158958
    147 0.017889 0.299792 0.000000 0.000000 0.000000 -0.059582
    148 12.283573 1.581456 -4.696000 1.462269 -0.086726 0.090185
    149 17.749376 0.295515 0.000000 0.000000 0.000000 -1.158958
    150 0.017889 0.299792 0.000000 0.000000 0.000000 -0.059582
    151 13.354000 0.000000 0.000000 0.000000 0.000000 -0.294101
    152 4.530998 0.000000 0.000000 0.000000 0.000000 0.000000
    153 0.000000 0.000000 0.000000 0.000000 0.000000 0.000000
    154 5.413524 0.000347 0.000000 0.000000 0.000000 -0.518055
    155 5.413524 0.000347 0.000000 0.000000 0.000000 -0.518055
    156 4.662002 -5.366333 4.825191 1.569713 1.561305 -3.121213
    157 3.116966 -0.000443 0.000000 0.000000 0.000000 0.294101
    158 0.000000 0.000000 0.000000 0.000000 0.000000 0.000000
    159 -0.271999 0.000000 2.688000 0.000000 0.000000 0.000000
    160 -12.413086 7.832691 -55.536076 0.099475 0.032220 -0.056846
    161 3.512001 -3.547000 -1.066000 0.000000 1.570796 0.000000
    162 3.456001 -3.517000 1.169000 0.000000 1.570796 0.000000
    163 6.233002 0.000000 0.000000 0.000000 0.000000 0.000000
    164 -0.171997 -0.106000 -0.902000 1.570713 1.029176 -3.134550
    165 6.210746 -6.411251 -0.089846 -0.006280 0.021225 -0.005117
    166 0.181000 -0.064000 1.096000 0.000000 0.000000 0.000000
    167 3.999434 -0.000528 -0.000332 0.070926 -0.000023 0.000016
    168 3.999901 0.000041 0.001011 0.075728 0.000000 0.000000
    169 1.598000 0.000000 0.000000 0.000000 0.000000 0.000000
    170 -1.145525 0.000130 0.000668 0.000000 0.000000 0.000000
    171 2.299679 -2.499979 -0.599480 0.891953 0.221470 -0.527246
    172 13.129010 0.516188 -1.051142 1.063779 0.003750 0.645173
    173 -9.580673 -27.862106 -37.184681 0.812879 -0.123459 -0.568477
    174 0.649933 -0.548295 0.093651 -1.665913 -0.131399 -0.112062
    175 0.657074 0.008402 0.040371 -1.665945 -0.131407 -0.000013
    176 0.665776 0.747221 -0.029190 -1.665935 -0.131408 0.094976
    177 2.300138 -2.499413 0.600155 -0.891930 -0.221518 -0.527275
    178 11.297608 0.143010 4.525851 2.254052 -0.352425 0.089776
    179 2.762354 0.116951 1.523975 1.629482 0.064153 1.743800
    180 7.228323 7.928198 -3.925648 2.328713 0.123459 -0.568477
    181 0.650394 -0.547730 -0.092979 1.665913 0.131399 -0.112062
    182 0.657069 0.008398 -0.040379 1.665945 0.131407 -0.000013
    183 0.665777 0.747220 0.029182 1.665935 0.131408 0.094976
    184 -4.481003 -0.202000 0.000000 0.000000 0.000000 0.000000
    185 -5.516998 -0.291000 -0.001000 0.000000 0.000000 0.000000
    186 -0.857700 0.104073 0.104687 0.023536 0.163924 0.013632
    187 1.899121 0.000427 -0.000439 0.027386 -0.033311 0.477848
    188 1.799659 -0.000240 0.000231 0.027386 -0.033311 0.477848
    189 1.799659 -0.000240 0.000231 0.027386 -0.033311 0.477848
    190 1.799659 -0.000240 0.000231 0.027386 -0.033311 0.477848
    191 1.900308 -0.000145 -0.000518 0.027386 -0.033311 0.477848
    192 1.899433 -0.000317 -0.000151 -0.027386 0.033311 0.477848
    193 1.799659 -0.000237 -0.000233 -0.027386 0.033311 0.477848
    194 1.799659 -0.000237 -0.000233 -0.027386 0.033311 0.477848
    195 1.799659 -0.000237 -0.000233 -0.027386 0.033311 0.477848
    196 1.900724 0.000553 -0.000072 -0.027386 0.033311 0.477848
    197 0.599884 0.400187 -0.000031 0.000000 0.000000 0.000000
    198 0.599888 0.400187 0.000031 0.000000 0.000000 -3.141592
    199 0.599503 0.400696 0.000234 0.000000 0.000000 0.000000
    200 0.600399 0.399632 -0.000466 0.000000 0.000000 -3.141592
  time 8
    0 0.000000 0.000000 0.000000 0.000000 0.000000 -1.570796
    1 -0.106323 0.000000 -0.000198 0.000000 0.000000 0.000000
    2 0.000000 0.000000 0.000000 0.000000 0.000000 0.000000
    3 -0.904000 0.000000 -11.806000 0.000000 0.000000 0.000000
    4 0.000000 0.000000 -14.313999 0.000000 -1.570796 1.570857
    5 3.533001 0.000000 0.000000 0.000000 0.000000 0.000000
    6 6.250000 0.000000 0.000000 0.000000 0.000000 0.000000
    7 4.381292 2.578229 -1.561196 -1.153277 1.547377 -1.153364
    8 9.562500 6.343750 1.773438 1.153277 -1.547377 -1.153364
    9 5.786820 0.002787 -0.000113 -0.737221 0.781453 -1.325978
    10 5.999492 -0.000592 -4.000343 0.000000 0.000000 0.000000
    11 5.787410 0.002582 0.000893 0.507802 -0.455629 -1.220605
    12 5.999492 -0.000592 4.000336 0.000000 0.000000 0.000000
    13 0.500225 0.000133 -0.000088 -0.038521 0.000000 0.000000
    14 11.534559 0.008161 -0.001312 0.000019 0.000057 -1.887849
    15 -0.829338 0.893824 0.079659 -0.148839 0.047645 0.087266
    16 0.500225 0.000132 0.000076 0.148364 0.000000 -0.000048
    17 11.532495 0.000526 -0.000089 -0.000042 0.000026 -1.620771
    18 -0.829586 0.894698 -0.079464 0.045377 -0.019621 0.087266
    19 10.599884 0.000105 -0.000553 0.276710 0.000000 0.000000
    20 0.795467 -0.579878 -0.000805 -0.000024 -0.000049 0.943890
    21 11.042057 -0.000189 0.004704 0.276858 -0.497445 0.378032
    22 -1.214832 0.203470 -0.477489 -0.135025 -0.078677 -0.001289
    23 10.599880 0.000105 0.000549 0.124183 0.000000 0.000000
    24 0.525926 -0.501750 0.000801 0.000000 -0.000011 0.810402
    25 11.041742 0.003171 -0.000571 0.088822 0.554897 0.966343
    26 -1.063377 0.077663 0.150230 0.045121 0.020046 -0.012850
    27 0.610302 -0.939470 0.070343 -1.655295 -0.140102 -0.175628
    28 0.639940 -0.199121 0.060188 -1.666011 -0.131391 -0.066483
    29 0.600155 1.080261 -0.339535 -1.738076 0.020155 0.104089
    30 0.610207 0.400743 -0.010101 -1.762268 -0.061592 0.042920
    31 0.634715 -0.693997 -0.232343 0.221268 0.305968 -0.959751
    32 -0.792125 0.203736 0.461300 1.439074 -0.003453 -0.018305
    33 0.610300 -0.939469 -0.070351 1.655295 0.140091 -0.175676
    34 0.639937 -0.199121 -0.060200 1.665553 0.091267 -0.070294
    35 0.600157 1.080259 0.339531 1.764702 -0.263886 -0.039211
    36 0.610205 0.400743 0.010086 1.763182 -0.081564 -0.010388
    37 0.624002 -0.695300 0.232270 -0.288040 -0.213190 -0.951545
    38 -0.626031 -0.069983 -0.080517 -1.447153 0.086151 0.021559
    39 2.621377 -0.002532 -0.001438 0.020749 -0.288009 0.391539
    40 2.664743 0.000397 -0.000071 -0.040938 -0.171552 0.667580
    41 2.206394 0.003368 -0.006769 -0.189311 -0.033414 0.726493
    42 0.599952 0.959240 -0.300102 -0.174544 0.000000 0.000000
    43 2.553283 -0.005873 0.006359 -0.010837 -0.064646 0.718767
    44 2.095024 -0.003873 -0.002193 -0.515225 -0.185497 0.141448
    45 0.999380 -0.000236 -1.170306 -0.000001 0.000000 0.000000
    46 -0.122639 -0.721856 0.661690 -0.486644 0.223964 0.243056
    47 2.622113 -0.000648 0.002741 0.323538 0.275625 0.426621
    48 2.654002 0.004589 -0.000533 0.536724 -0.013108 1.308581
    49 2.200016 0.001663 0.004743 0.316789 -0.007563 0.410634
    50 0.599951 0.959244 0.300102 0.174544 0.000000 0.000000
    51 2.556570 -0.000385 0.000554 0.271421 -0.063689 1.095505
    52 2.103851 0.005614 -0.001014 0.561920 -0.230757 0.617180
    53 0.999374 -0.000237 1.146860 0.000000 0.000000 0.000001
    54 0.310846 -0.606445 -0.498005 0.308107 -0.197598 0.313976
    55 1.869163 -0.004741 -0.004901 -0.000031 -0.000032 0.830143
    56 1.200941 0.399582 -0.000237 -0.009465 0.016087 0.007127
    57 0.000586 0.100342 -0.000319 -0.120035 -0.021926 -0.209617
    58 -0.161663 0.051712 0.194808 -2.941982 0.122408 -0.060194
    59 2.010092 -0.003202 -0.003377 0.000054 0.000060 1.167342
    60 0.000240 0.099802 -0.000395 -0.018823 0.010833 -0.239219
    61 -0.203197 0.048607 0.069150 -3.093332 0.033217 -0.046722
    62 1.180428 -0.006214 0.000780 -0.000014 0.000012 1.033440
    63 -0.000196 0.099625 -0.000034 0.000000 0.000000 -0.314102
    64 -0.088736 -0.688435 -0.145203 2.930407 -0.136130 0.513013
    65 1.712069 -0.003328 0.003818 0.000178 -0.001315 1.036233
    66 -0.000580 0.100145 -0.000311 -0.010912 0.023129 -0.260841
    67 -0.146030 -0.232426 -0.014225 3.028455 -0.094299 0.113020
    68 1.290632 0.000362 -0.000032 0.000000 -0.000060 0.078609
    69 -0.658121 -0.003575 0.072645 -0.142711 0.027792 -0.077299
    70 1.868080 -0.003049 0.006083 0.000003 -0.000021 0.164926
    71 1.200079 0.399944 -0.000093 0.009465 -0.016087 0.007127
    72 0.000591 0.100342 0.000319 0.120035 0.021926 -0.209617
    73 0.068077 0.002285 -0.080050 3.111376 -0.069366 -0.060847
    74 2.015780 -0.005083 0.006086 -0.185558 0.031111 1.405040
    75 0.000229 0.099802 0.000395 0.018823 -0.010833 -0.239219
    76 -0.018673 -0.001009 0.047544 3.109244 0.002635 -0.106673
    77 1.178665 0.001595 0.000845 0.000054 0.000035 1.264845
    78 -0.000198 0.099628 0.000034 0.000000 0.000000 -0.314102
    79 0.036892 -0.634449 0.266284 -2.801062 0.174301 0.490914
    80 1.708256 -0.002506 -0.000686 -0.000022 0.000023 1.005176
    81 -0.000576 0.100136 0.000311 0.010912 -0.023131 -0.260841
    82 -0.003952 -0.281811 0.115047 -3.059162 0.089004 0.167964
    83 1.289627 0.003949 0.000061 -0.000014 0.000003 0.766311
    84 -0.171528 -0.018148 -0.099873 0.013484 -0.062184 -0.011780
    85 0.912716 0.007240 0.001326 -0.001420 0.000152 0.638613
    86 -0.342617 0.053404 -0.025571 -2.909301 -0.017248 0.075276
    87 1.100231 -0.000930 -0.002434 0.000009 0.000014 0.394308
    88 -0.384983 0.330998 0.006848 -3.087207 -0.018765 -0.184279
    89 0.678146 0.006192 0.000002 -0.000078 -0.000007 0.426548
    90 -0.123848 0.072737 0.029507 2.898184 -0.060627 0.094834
    91 1.017166 -0.000154 -0.000252 -0.029553 0.007117 0.554026
    92 -0.344986 0.123129 0.143151 2.994981 0.012396 0.059140
    93 -0.730988 0.177046 0.039141 -0.123731 0.076518 -0.084310
    94 0.921993 0.001298 -0.000896 -0.000002 -0.000011 0.077233
    95 -0.124027 -0.052092 0.038496 3.077813 -0.008519 0.039229
    96 1.100430 -0.007458 0.000503 -0.217191 0.000006 0.841299
    97 -0.330082 0.160641 0.042780 3.128073 0.034033 -0.171236
    98 0.679760 0.005438 0.003272 0.000014 0.000003 0.388487
    99 -0.019516 -0.016531 0.038578 -2.763781 0.050305 0.076828
    100 1.014985 0.001206 0.001121 -0.084533 -0.007495 1.066584
    101 -0.155312 0.130643 -0.021921 -3.022466 0.022433 -0.024903
    102 -0.252209 0.061937 -0.024914 -0.007671 -0.063171 -0.044392
    103 -0.085991 0.185203 -0.015180 -2.937063 -0.113970 -0.138991
    104 -0.286537 0.179852 0.024264 -3.109353 -0.049645 -0.029915
    105 -0.019489 0.147084 0.079203 2.893815 0.038585 -0.060594
    106 -0.046482 0.251898 0.129548 3.016165 0.077112 -0.042864
    107 0.039120 -0.040298 0.047739 3.084219 0.030470 -0.037414
    108 -0.233757 0.066630 0.001754 -3.133086 0.040141 -0.065413
    109 0.044266 0.020128 0.001684 -2.778763 -0.118872 -0.040488
    110 0.071495 0.074127 -0.048302 -3.035917 -0.059482 0.104366
    111 0.000000 0.000000 0.000000 0.000000 0.000000 -1.570796
    112 9.742485 -1.121128 -4.336070 -0.082512 -0.027633 0.061372
    113 5.777520 11.562853 -7.644765 -0.231280 -0.811915 -1.254494
    114 -0.348999 0.000000 0.342999 0.000000 0.000000 0.000000
    115 2.394995 0.000000 0.034000 0.000000 0.000000 0.000000
    116 0.008000 0.000000 1.401997 0.000000 0.000000 0.000000
    117 1.148998 0.000000 0.626999 0.000000 0.000000 0.000000
    118 1.107998 0.000000 0.153000 0.000000 0.000000 0.000000
    119 -2.457995 0.000000 0.449999 0.000000 0.000000 0.000000
    120 0.283000 0.000000 0.659998 0.000000 0.000000 0.000000
    121 4.293992 0.000000 0.136000 0.000000 0.000000 0.000000
    122 1.511997 -0.417999 1.094998 0.000000 0.000000 -1.570755
    123 4.229991 0.000000 0.042000 0.000000 0.000000 0.000000
    124 0.240000 0.000000 -0.662999 0.000000 0.000000 0.000000
    125 1.060998 0.000000 -3.633993 0.000000 0.000000 0.000000
    126 0.193999 0.000000 -2.057996 0.000000 0.000000 0.000000
    127 -0.774998 0.000000 -2.394995 0.000000 0.000000 0.000000
    128 0.000000 0.000000 0.000000 0.000000 0.000000 0.000000
    129 -0.106000 0.000000 64.320000 0.000000 0.000000 0.000000
    130 0.000000 0.000000 0.000000 0.000000 0.000000 0.000000
    131 0.000000 0.000000 0.000000 -0.010738 0.003847 -0.007155
    132 20.464292 -0.694197 5.741776 -0.082619 -0.027614 0.061430
    133 0.106000 0.000000 -64.320000 0.000000 0.000000 0.000000
    134 0.000000 0.000000 0.000000 0.000000 0.000000 0.000000
    135 0.000000 0.000000 -4.867002 -3.141592 0.000000 -3.128591
    136 0.000000 0.000000 4.867000 -3.141592 0.000000 -3.128591
    137 4.000000 -6.500000 0.000000 0.000000 0.000000 0.000977
    138 -6.500000 0.000000 0.000000 0.000000 1.570796 0.000000
    139 1.000088 -0.000029 0.000000 0.000000 0.000000 0.000000
    140 17.162516 -0.000404 0.000000 0.000000 0.000000 0.119214
    141 9.999891 -0.000303 0.000000 0.000000 0.000000 0.000000
    142 1.000088 -0.000029 0.000000 0.000000 0.000000 0.000000
    143 17.162516 -0.000404 0.000000 0.000000 0.000000 0.119214
    144 9.499836 0.000212 0.000000 0.000000 0.000000 0.000000
    145 0.000000 0.000000 0.000000 0.000000 0.000000 0.000000
    146 17.749374 0.295515 0.000000 0.000000 0.000000 -1.158958
    147 0.017889 0.299792 0.000000 0.000000 0.000000 -0.059582
    148 12.283573 1.581456 -4.696000 1.462269 -0.086726 0.090185
    149 17.749376 0.295515 0.000000 0.000000 0.000000 -1.158958
    150 0.017889 0.299792 0.000000 0.000000 0.000000 -0.059582
    151 13.354000 0.000000 0.000000 0.000000 0.000000 -0.294101
    152 4.530998 0.000000 0.000000 0.000000 0.000000 0.000000
    153 0.000000 0.000000 0.000000 0.000000 0.000000 0.000000
    154 5.413524 0.000347 0.000000 0.000000 0.000000 -0.518055
    155 5.413524 0.000347 0.000000 0.000000 0.000000 -0.518055
    156 4.662002 -5.366333 4.825191 1.569713 1.561305 -3.121213
    157 3.116966 -0.000443 0.000000 0.000000 0.000000 0.294101
    158 0.000000 0.000000 0.000000 0.000000 0.000000 0.000000
    159 -0.271999 0.000000 2.688000 0.000000 0.000000 0.000000
    160 -12.342771 6.809223 -55.696237 0.080796 0.032433 -0.058852
    161 3.512001 -3.547000 -1.066000 0.000000 1.570796 0.000000
    162 3.456001 -3.517000 1.169000 0.000000 1.570796 0.000000
    163 6.233002 0.000000 0.000000 0.000000 0.000000 0.000000
    164 -0.171997 -0.106000 -0.902000 1.570713 1.029176 -3.134550
    165 6.222465 -6.399532 -0.019532 -0.007155 0.010714 -0.003943
    166 0.181000 -0.064000 1.096000 0.000000 0.000000 0.000000
    167 3.999434 -0.000528 -0.000332 0.138408 -0.000023 0.000016
    168 3.999901 0.000041 0.001011 0.062171 0.000000 0.000000
    169 1.598000 0.000000 0.000000 0.000000 0.000000 0.000000
    170 -1.145525 0.000130 0.000668 0.000000 0.000000 0.000000
    171 2.299679 -2.499979 -0.599480 0.891953 0.221494 -0.527278
    172 12.820407 1.141207 -1.730850 1.010334 0.114217 0.695419
    173 -9.580673 -27.862106 -37.184681 0.812879 -0.123459 -0.568477
    174 0.649933 -0.548295 0.093651 -1.665913 -0.131399 -0.112062
    175 0.657074 0.008402 0.040371 -1.665945 -0.131407 -0.000013
    176 0.665776 0.747221 -0.029190 -1.665935 -0.131408 0.094976
    177 2.300138 -2.499413 0.600155 -0.891930 -0.221518 -0.527275
    178 11.266357 0.248482 4.541477 2.282571 -0.351691 0.105197
    179 2.762354 0.116951 1.523975 1.629482 0.064153 1.743800
    180 7.228323 7.928198 -3.925648 2.328713 0.123459 -0.568477
    181 0.650394 -0.547730 -0.092979 1.665913 0.131399 -0.112062
    182 0.657069 0.008398 -0.040379 1.665945 0.131407 -0.000013
    183 0.665777 0.747220 0.029182 1.665935 0.131408 0.094976
    184 -4.481003 -0.202000 0.000000 0.000000 0.000000 0.000000
    185 -5.516998 -0.291000 -0.001000 0.000000 0.000000 0.000000
    186 -0.857700 0.104073 0.104687 0.023536 0.163924 0.013632
    187 1.899121 0.000427 -0.000439 0.027386 -0.033311 0.477848
    188 1.799659 -0.000240 0.000231 0.027386 -0.033311 0.477848
    189 1.799659 -0.000240 0.000231 0.027386 -0.033311 0.477848
    190 1.799659 -0.000240 0.000231 0.027386 -0.033311 0.477848
    191 1.900308 -0.000145 -0.000518 0.027386 -0.033311 0.477848
    192 1.899433 -0.000317 -0.000151 -0.027386 0.033311 0.477848
    193 1.799659 -0.000237 -0.000233 -0.027386 0.033311 0.477848
    194 1.799659 -0.000237 -0.000233 -0.027386 0.033311 0.477848
    195 1.799659 -0.000237 -0.000233 -0.027386 0.033311 0.477848
    196 1.900724 0.000553 -0.000072 -0.027386 0.033311 0.477848
    197 0.599884 0.400187 -0.000031 0.000000 0.000000 0.000000
    198 0.599888 0.400187 0.000031 0.000000 0.000000 -3.141592
    199 0.599503 0.400696 0.000234 0.000000 0.000000 0.000000
    200 0.600399 0.399632 -0.000466 0.000000 0.000000 -3.141592
  time 9
    0 0.000000 0.000000 0.000000 0.000000 0.000000 -1.570796
    1 -0.106323 0.000000 -0.000198 0.000000 0.000000 0.000000
    2 0.000000 0.000000 0.000000 0.000000 0.000000 0.000000
    3 -0.904000 0.000000 -11.806000 0.000000 0.000000 0.000000
    4 0.000000 0.000000 -14.313999 0.000000 -1.570796 1.570857
    5 3.533001 0.000000 0.000000 0.000000 0.000000 0.000000
    6 6.250000 0.000000 0.000000 0.000000 0.000000 0.000000
    7 4.381292 2.062588 -1.690106 -1.153277 1.547377 -1.153364
    8 9.562500 6.343750 1.773438 1.153277 -1.547377 -1.153364
    9 5.790726 0.002787 -0.000113 -0.714668 0.759850 -1.338870
    10 5.999492 -0.000592 -4.000343 0.000000 0.000000 0.000000
    11 5.787410 0.002582 0.000893 0.505524 -0.452734 -1.213129
    12 5.999492 -0.000592 4.000336 0.000000 0.000000 0.000000
    13 0.500225 0.000133 -0.000088 -0.057553 0.000000 0.000000
    14 11.534559 0.008161 -0.001312 0.000019 0.000057 -1.917794
    15 -0.829338 0.893824 0.079659 -0.148839 0.047645 0.087266
    16 0.500225 0.000132 0.000076 0.147528 0.000000 0.000000
    17 11.532495 0.004432 -0.000089 -0.000030 -0.000141 -1.629282
    18 -0.829586 0.894698 -0.079464 0.045377 -0.019621 0.087266
    19 10.599884 0.000105 -0.000553 0.369770 0.000000 0.000060
    20 0.834531 -0.579878 -0.000805 0.000000 0.000011 0.958958
    21 11.045963 -0.000189 0.004704 0.373047 -0.555782 0.369516
    22 -1.214832 0.203470 -0.477489 -0.135025 -0.078677 -0.001289
    23 10.599880 0.000105 0.000549 0.070123 0.000000 0.000000
    24 0.533738 -0.501750 0.000801 0.000048 -0.000035 0.814637
    25 11.041742 0.003171 -0.000571 0.049498 0.550591 0.952226
    26 -1.063377 0.077663 0.150230 0.045121 0.020046 -0.012850
    27 0.610302 -0.939470 0.070343 -1.655295 -0.140079 -0.175508
    28 0.639940 -0.199121 0.060188 -1.665960 -0.131391 -0.066411
    29 0.600155 1.080261 -0.339535 -1.738023 0.020551 0.106270
    30 0.610207 0.400743 -0.010101 -1.762268 -0.061628 0.042956
    31 0.634715 -0.690090 -0.232343 0.236296 0.308981 -0.947747
    32 -0.792125 0.203736 0.461300 1.439074 -0.003453 -0.018305
    33 0.610300 -0.939469 -0.070351 1.655295 0.140103 -0.175724
    34 0.639937 -0.199121 -0.060200 1.665553 0.091411 -0.070330
    35 0.600157 1.080259 0.339531 1.764702 -0.263838 -0.039247
    36 0.610205 0.400743 0.010086 1.763182 -0.081516 -0.010412
    37 0.624002 -0.695300 0.232270 -0.309181 -0.222046 -0.945945
    38 -0.626031 -0.069983 -0.080517 -1.447153 0.086151 0.021559
    39 2.621377 -0.002532 -0.001438 -0.027616 -0.313560 0.555923
    40 2.660837 0.000397 -0.000071 -0.053279 -0.149668 0.799943
    41 2.202488 0.003368 -0.002863 -0.080886 0.021955 0.861257
    42 0.599952 0.959240 -0.300102 -0.174544 0.000000 0.000000
    43 2.553283 -0.005873 0.006359 0.046639 -0.018026 0.845230
    44 2.095024 -0.003873 -0.002193 -0.547722 -0.127710 0.193690
    45 0.999380 -0.000236 -1.174212 -0.000001 0.000000 0.000000
    46 -0.122639 -0.721856 0.661690 -0.486644 0.223964 0.243056
    47 2.622113 -0.000648 0.002741 0.323326 0.289659 0.425844
    48 2.657909 0.004589 -0.000533 0.563823 -0.014115 1.331590
    49 2.200016 0.001663 0.000836 0.336156 -0.040808 0.534725
    50 0.599951 0.959244 0.300102 0.174544 0.000000 0.000000
    51 2.556570 -0.004291 0.000554 0.300738 -0.069621 1.123205
    52 2.103851 0.005614 -0.001014 0.563545 -0.264914 0.618079
    53 0.999374 -0.000237 1.150766 0.000000 0.000000 0.000001
    54 0.310846 -0.606445 -0.498005 0.308107 -0.197598 0.313976
    55 1.869163 -0.004741 -0.000994 -0.000007 0.000004 0.956808
    56 1.200941 0.399582 -0.000237 -0.009465 0.016087 0.007127
    57 0.000586 0.100342 -0.000319 -0.120035 -0.021926 -0.209617
    58 -0.161663 0.051712 0.194808 -2.941982 0.122408 -0.060194
    59 2.010092 -0.003202 -0.007284 0.000065 -0.000023 1.552435
    60 0.000240 0.099802 -0.000395 -0.018823 0.010833 -0.239219
    61 -0.203197 0.048607 0.069150 -3.093332 0.033217 -0.046722
    62 1.180428 -0.006214 0.000780 -0.000014 -0.000084 1.429620
    63 -0.000196 0.099625 -0.000034 0.000000 0.000000 -0.314102
    64 -0.088736 -0.688435 -0.145203 2.930407 -0.136130 0.513013
    65 1.712069 0.000578 0.003818 0.000142 -0.000404 1.508165
    66 -0.000580 0.100145 -0.000311 -0.010912 0.023129 -0.260841
    67 -0.146030 -0.232426 -0.014225 3.028455 -0.094299 0.113020
    68 1.290632 0.000362 -0.000032 -0.000048 0.000000 0.202484
    69 -0.658121 -0.003575 0.072645 -0.142711 0.027792 -0.077299
    70 1.868080 -0.003049 0.006083 0.000063 -0.000021 0.147544
    71 1.200079 0.399944 -0.000093 0.009465 -0.016087 0.007127
    72 0.000591 0.100342 0.000319 0.120035 0.021926 -0.209617
    73 0.068077 0.002285 -0.080050 3.111376 -0.069366 -0.060847
    74 2.015780 -0.005083 0.002180 -0.213590 0.035857 1.384913
    75 0.000229 0.099802 0.000395 0.018823 -0.010833 -0.239219
    76 -0.018673 -0.001009 0.047544 3.109244 0.002635 -0.106673
    77 1.178665 0.001595 0.000845 0.000054 0.000035 1.069371
    78 -0.000198 0.099628 0.000034 0.000000 0.000000 -0.314102
    79 0.036892 -0.634449 0.266284 -2.801062 0.174301 0.490914
    80 1.708256 -0.002506 -0.000686 0.000026 0.000071 0.974052
    81 -0.000576 0.100136 0.000311 0.010912 -0.023131 -0.260841
    82 -0.003952 -0.281811 0.115047 -3.059162 0.089004 0.167964
    83 1.289627 0.003949 0.000061 -0.000085 -0.000009 0.777787
    84 -0.171528 -0.018148 -0.099873 0.013484 -0.062184 -0.011780
    85 0.912716 0.007240 0.001326 -0.000437 0.000045 0.674470
    86 -0.342617 0.053404 -0.025571 -2.909301 -0.017248 0.075276
    87 1.100231 -0.000930 -0.002434 0.000009 0.000014 -0.009147
    88 -0.384983 0.330998 0.006848 -3.087207 -0.018765 -0.184279
    89 0.678146 0.006192 0.000002 -0.000018 -0.000019 0.213272
    90 -0.123848 0.072737 0.029507 2.898184 -0.060627 0.094834
    91 1.017166 -0.000154 -0.000252 -0.014692 0.003581 0.123823
    92 -0.344986 0.123129 0.143151 2.994981 0.012396 0.059140
    93 -0.730988 0.177046 0.039141 -0.123731 0.076518 -0.084310
    94 0.921993 0.001298 -0.000896 -0.000002 -0.000011 0.032940
    95 -0.124027 -0.052092 0.038496 3.077813 -0.008519 0.039229
    96 1.100430 -0.003552 0.000503 -0.217179 0.000042 0.841270
    97 -0.330082 0.160641 0.042780 3.128073 0.034033 -0.171236
    98 0.679760 0.005438 0.003272 0.000014 0.000003 0.504626
    99 -0.019516 -0.016531 0.038578 -2.763781 0.050305 0.076828
    100 1.014985 0.001206 0.001121 -0.084413 -0.008682 1.053158
    101 -0.155312 0.130643 -0.021921 -3.022466 0.022433 -0.024903
    102 -0.252209 0.061937 -0.024914 -0.007671 -0.063171 -0.044392
    103 -0.085991 0.185203 -0.015180 -2.937063 -0.113970 -0.138991
    104 -0.286537 0.179852 0.024264 -3.109353 -0.049645 -0.029915
    105 -0.019489 0.147084 0.079203 2.893815 0.038585 -0.060594
    106 -0.046482 0.251898 0.129548 3.016165 0.077112 -0.042864
    107 0.039120 -0.040298 0.047739 3.084219 0.030470 -0.037414
    108 -0.233757 0.066630 0.001754 -3.133086 0.040141 -0.065413
    109 0.044266 0.020128 0.001684 -2.778763 -0.118872 -0.040488
    110 0.071495 0.074127 -0.048302 -3.035917 -0.059482 0.104366
    111 0.000000 0.000000 0.000000 0.000000 0.000000 -1.570796
    112 9.676077 -1.121128 -4.297006 -0.087274 -0.024630 0.052570
    113 5.660329 11.605823 -8.027589 -0.283758 -0.807462 -1.216149
    114 -0.348999 0.000000 0.342999 0.000000 0.000000 0.000000
    115 2.394995 0.000000 0.034000 0.000000 0.000000 0.000000
    116 0.008000 0.000000 1.401997 0.000000 0.000000 0.000000
    117 1.148998 0.000000 0.626999 0.000000 0.000000 0.000000
    118 1.107998 0.000000 0.153000 0.000000 0.000000 0.000000
    119 -2.457995 0.000000 0.449999 0.000000 0.000000 0.000000
    120 0.283000 0.000000 0.659998 0.000000 0.000000 0.000000
    121 4.293992 0.000000 0.136000 0.000000 0.000000 0.000000
    122 1.511997 -0.417999 1.094998 0.000000 0.000000 -1.570755
    123 4.229991 0.000000 0.042000 0.000000 0.000000 0.000000
    124 0.240000 0.000000 -0.662999 0.000000 0.000000 0.000000
    125 1.060998 0.000000 -3.633993 0.000000 0.000000 0.000000
    126 0.193999 0.000000 -2.057996 0.000000 0.000000 0.000000
    127 -0.774998 0.000000 -2.394995 0.000000 0.000000 0.000000
    128 0.000000 0.000000 0.000000 0.000000 0.000000 0.000000
    129 -0.106000 0.000000 64.320000 0.000000 0.000000 0.000000
    130 0.000000 0.000000 0.000000 0.000000 0.000000 0.000000
    131 0.000000 0.000000 0.000000 0.000108 0.002181 -0.007323
    132 20.401790 -0.791856 5.749589 -0.087427 -0.024611 0.052626
    133 0.106000 0.000000 -64.320000 0.000000 0.000000 0.000000
    134 0.000000 0.000000 0.000000 0.000000 0.000000 0.000000
    135 0.000000 0.000000 -4.867002 -3.141592 0.000000 -3.128591
    136 0.000000 0.000000 4.867000 -3.141592 0.000000 -3.128591
    137 4.000000 -6.500000 0.000000 0.000000 0.000000 0.000977
    138 -6.500000 0.000000 0.000000 0.000000 1.570796 0.000000
    139 1.000088 -0.000029 0.000000 0.000000 0.000000 0.000000
    140 17.162516 -0.000404 0.000000 0.000000 0.000000 0.119214
    141 9.999891 -0.000303 0.000000 0.000000 0.000000 0.000000
    142 1.000088 -0.000029 0.000000 0.000000 0.000000 0.000000
    143 17.162516 -0.000404 0.000000 0.000000 0.000000 0.119214
    144 9.499836 0.000212 0.000000 0.000000 0.000000 0.000000
    145 0.000000 0.000000 0.000000 0.000000 0.000000 0.000000
    146 17.749374 0.295515 0.000000 0.000000 0.000000 -1.158958
    147 0.017889 0.299792 0.000000 0.000000 0.000000 -0.059582
    148 12.283573 1.581456 -4.696000 1.462269 -0.086726 0.090185
    149 17.749376 0.295515 0.000000 0.000000 0.000000 -1.158958
    150 0.017889 0.299792 0.000000 0.000000 0.000000 -0.059582
    151 13.354000 0.000000 0.000000 0.000000 0.000000 -0.294101
    152 4.530998 0.000000 0.000000 0.000000 0.000000 0.000000
    153 0.000000 0.000000 0.000000 0.000000 0.000000 0.000000
    154 5.413524 0.000347 0.000000 0.000000 0.000000 -0.518055
    155 5.413524 0.000347 0.000000 0.000000 0.000000 -0.518055
    156 4.662002 -5.366333 4.825191 1.569713 1.561305 -3.121213
    157 3.116966 -0.000443 0.000000 0.000000 0.000000 0.294101
    158 0.000000 0.000000 0.000000 0.000000 0.000000 0.000000
    159 -0.271999 0.000000 2.688000 0.000000 0.000000 0.000000
    160 -12.127921 7.008447 -55.743114 0.085906 0.029183 -0.050304
    161 3.512001 -3.547000 -1.066000 0.000000 1.570796 0.000000
    162 3.456001 -3.517000 1.169000 0.000000 1.570796 0.000000
    163 6.233002 0.000000 0.000000 0.000000 0.000000 0.000000
    164 -0.171997 -0.106000 -0.902000 1.570713 1.029176 -3.134550
    165 6.234184 -6.387813 0.042970 -0.007323 -0.000120 -0.002181
    166 0.181000 -0.064000 1.096000 0.000000 0.000000 0.000000
    167 3.999434 -0.000528 -0.000332 0.184833 -0.000023 0.000004
    168 3.999901 0.000041 0.001011 0.035240 0.000000 0.000000
    169 1.598000 0.000000 0.000000 0.000000 0.000000 0.000000
    170 -1.145525 0.000130 0.000668 0.000000 0.000000 0.000000
    171 2.299679 -2.499979 -0.599480 0.891953 0.221494 -0.527278
    172 12.375080 1.660754 -2.398839 0.976333 0.206524 0.734923
    173 -9.580673 -27.862106 -37.184681 0.812879 -0.123459 -0.568477
    174 0.649933 -0.548295 0.093651 -1.665913 -0.131399 -0.112062
    175 0.657074 0.008402 0.040371 -1.665945 -0.131407 -0.000013
    176 0.665776 0.747221 -0.029190 -1.665935 -0.131408 0.094976
    177 2.300138 -2.499413 0.600155 -0.891957 -0.221542 -0.527275
    178 11.235106 0.338328 4.549290 2.308639 -0.351031 0.119384
    179 2.762354 0.116951 1.523975 1.629482 0.064153 1.743800
    180 7.228323 7.928198 -3.925648 2.328713 0.123459 -0.568477
    181 0.650394 -0.547730 -0.092979 1.665913 0.131399 -0.112062
    182 0.657069 0.008398 -0.040379 1.665945 0.131407 -0.000013
    183 0.665777 0.747220 0.029182 1.665935 0.131408 0.094976
    184 -4.481003 -0.202000 0.000000 0.000000 0.000000 0.000000
    185 -5.516998 -0.291000 -0.001000 0.000000 0.000000 0.000000
    186 -0.857700 0.104073 0.104687 0.023536 0.163924 0.013632
    187 1.899121 0.000427 -0.000439 0.027386 -0.033311 0.477848
    188 1.799659 -0.000240 0.000231 0.027386 -0.033311 0.477848
    189 1.799659 -0.000240 0.000231 0.027386 -0.033311 0.477848
    190 1.799659 -0.000240 0.000231 0.027386 -0.033311 0.477848
    191 1.900308 -0.000145 -0.000518 0.027386 -0.033311 0.477848
    192 1.899433 -0.000317 -0.000151 -0.027386 0.033311 0.477848
    193 1.799659 -0.000237 -0.000233 -0.027386 0.033311 0.477848
    194 1.799659 -0.000237 -0.000233 -0.027386 0.033311 0.477848
    195 1.799659 -0.000237 -0.000233 -0.027386 0.033311 0.477848
    196 1.900724 0.000553 -0.000072 -0.027386 0.033311 0.477848
    197 0.599884 0.400187 -0.000031 0.000000 0.000000 0.000000
    198 0.599888 0.400187 0.000031 0.000000 0.000000 -3.141592
    199 0.599503 0.400696 0.000234 0.000000 0.000000 0.000000
    200 0.600399 0.399632 -0.000466 0.000000 0.000000 -3.141592
  time 10
    0 0.000000 0.000000 0.000000 0.000000 0.000000 -1.570796
    1 -0.106323 0.000000 -0.000198 0.000000 0.000000 0.000000
    2 0.000000 0.000000 0.000000 0.000000 0.000000 0.000000
    3 -0.904000 0.000000 -11.806000 0.000000 0.000000 0.000000
    4 0.000000 0.000000 -14.313999 0.000000 -1.570796 1.570857
    5 3.533001 0.000000 0.000000 0.000000 0.000000 0.000000
    6 6.250000 0.000000 0.000000 0.000000 0.000000 0.000000
    7 4.381292 1.660232 -1.725263 -1.153277 1.547377 -1.153364
    8 9.562500 6.343750 1.773438 1.153277 -1.547377 -1.153364
    9 5.790726 0.002787 -0.000113 -0.711548 0.760040 -1.359252
    10 5.999492 -0.000592 -4.000343 0.000000 0.000000 0.000000
    11 5.787410 0.002582 0.000893 0.504443 -0.447854 -1.207567
    12 5.999492 -0.000592 4.000336 0.000000 0.000000 0.000000
    13 0.500225 0.000133 -0.000088 -0.068191 0.000000 0.000000
    14 11.534559 0.008161 -0.001312 -0.000005 -0.000075 -1.938341
    15 -0.829338 0.893824 0.079659 -0.148839 0.047645 0.087266
    16 0.500225 0.000132 0.000076 0.146618 0.000024 0.000000
    17 11.536401 0.004432 -0.000089 0.000006 -0.000094 -1.631659
    18 -0.829586 0.894698 -0.079464 0.045377 -0.019621 0.087266
    19 10.599884 0.000105 -0.000553 0.406829 0.000000 0.000000
    20 0.857969 -0.587690 -0.000805 0.000000 0.000011 0.969193
    21 11.045963 0.003717 0.000798 0.414154 -0.592876 0.364871
    22 -1.214832 0.203470 -0.477489 -0.135025 -0.078677 -0.001289
    23 10.599880 0.000105 0.000549 -0.001900 0.000000 0.000000
    24 0.533738 -0.501750 0.000801 0.000000 -0.000011 0.815756
    25 11.041742 0.003171 -0.000571 -0.001519 0.542858 0.932616
    26 -1.063377 0.077663 0.150230 0.045121 0.020046 -0.012850
    27 0.610302 -0.939470 0.070343 -1.655295 -0.140079 -0.175676
    28 0.639940 -0.199121 0.060188 -1.665960 -0.131367 -0.066447
    29 0.600155 1.080261 -0.339535 -1.738023 0.020766 0.107421
    30 0.610207 0.400743 -0.010101 -1.762268 -0.061592 0.042920
    31 0.634715 -0.693997 -0.232343 0.229561 0.284148 -0.964675
    32 -0.792125 0.203736 0.461300 1.439074 -0.003453 -0.018305
    33 0.610300 -0.939469 -0.070351 1.655346 0.140103 -0.175664
    34 0.639937 -0.199121 -0.060200 1.665655 0.091315 -0.070330
    35 0.600157 1.080259 0.339531 1.764702 -0.263838 -0.039247
    36 0.610205 0.400743 0.010086 1.763344 -0.081636 -0.010471
    37 0.624002 -0.695300 0.232270 -0.338687 -0.234474 -0.938245
    38 -0.626031 -0.069983 -0.080517 -1.447153 0.086151 0.021559
    39 2.625284 -0.002532 -0.001438 -0.052701 -0.322948 0.640482
    40 2.664743 0.000397 -0.000071 -0.060856 -0.138726 0.869506
    41 2.206394 0.003368 -0.006769 -0.032373 0.046548 0.917903
    42 0.599952 0.959240 -0.300102 -0.174544 0.000000 0.000000
    43 2.553283 -0.001967 0.006359 0.073131 0.003139 0.897971
    44 2.095024 -0.003873 -0.006100 -0.558363 -0.071340 0.238911
    45 0.999380 -0.000236 -1.158587 -0.000001 0.000000 0.000000
    46 -0.122639 -0.721856 0.661690 -0.486644 0.223964 0.243056
    47 2.622113 -0.000648 0.006647 0.323098 0.303058 0.424897
    48 2.657909 0.004589 -0.000533 0.586964 -0.015026 1.351238
    49 2.200016 0.001663 0.000836 0.352623 -0.069416 0.641322
    50 0.599951 0.959244 0.300102 0.174544 0.000000 0.000000
    51 2.556570 -0.004291 0.000554 0.325937 -0.074859 1.147301
    52 2.103851 0.005614 -0.001014 0.566413 -0.312957 0.619669
    53 0.999374 -0.000237 1.162486 0.000000 0.000000 0.000001
    54 0.310846 -0.606445 -0.498005 0.308107 -0.197598 0.313976
    55 1.873069 -0.004741 -0.004901 -0.000091 -0.000008 1.014474
    56 1.200941 0.399582 -0.000237 -0.009465 0.016087 0.007127
    57 0.000586 0.100342 -0.000319 -0.120035 -0.021926 -0.209617
    58 -0.161663 0.051712 0.194808 -2.941982 0.122408 -0.060194
    59 2.010092 -0.003202 -0.007284 0.000018 0.000013 1.727442
    60 0.000240 0.099802 -0.000395 -0.018823 0.010833 -0.239219
    61 -0.203197 0.048607 0.069150 -3.093332 0.033217 -0.046722
    62 1.180428 -0.006214 0.000780 -0.000050 0.000048 1.609575
    63 -0.000196 0.099625 -0.000034 0.000000 0.000000 -0.314102
    64 -0.088736 -0.688435 -0.145203 2.930407 -0.136130 0.513013
    65 1.712069 0.000578 0.003818 0.000023 -0.000021 1.722720
    66 -0.000580 0.100145 -0.000311 -0.010912 0.023129 -0.260841
    67 -0.146030 -0.232426 -0.014225 3.028455 -0.094299 0.113020
    68 1.290632 0.000362 -0.000032 0.000000 -0.000060 0.235204
    69 -0.658121 -0.003575 0.072645 -0.142711 0.027792 -0.077299
    70 1.868080 -0.003049 0.006083 0.000003 -0.000021 0.141568
    71 1.200079 0.399944 -0.000093 0.009465 -0.016087 0.007127
    72 0.000591 0.100342 0.000319 0.120035 0.021926 -0.209617
    73 0.068077 0.002285 -0.080050 3.111376 -0.069366 -0.060847
    74 2.011874 -0.005083 0.006086 -0.237499 0.039932 1.367859
    75 0.000229 0.099802 0.000395 0.018823 -0.010833 -0.239219
    76 -0.018673 -0.001009 0.047544 3.109244 0.002635 -0.106673
    77 1.178665 0.001595 0.000845 -0.000006 -0.000060 0.901578
    78 -0.000198 0.099628 0.000034 0.000000 0.000000 -0.314102
    79 0.036892 -0.634449 0.266284 -2.801062 0.174301 0.490914
    80 1.708256 -0.002506 -0.000686 -0.000094 -0.000013 0.947350
    81 -0.000576 0.100136 0.000311 0.010912 -0.023131 -0.260841
    82 -0.003952 -0.281811 0.115047 -3.059162 0.089004 0.167964
    83 1.289627 0.003949 0.000061 -0.000026 -0.000033 0.793918
    84 -0.171528 -0.018148 -0.099873 0.013484 -0.062184 -0.011780
    85 0.912716 0.007240 0.001326 0.000019 0.000021 0.691384
    86 -0.342617 0.053404 -0.025571 -2.909301 -0.017248 0.075276
    87 1.100231 -0.000930 -0.002434 -0.000051 0.000002 -0.388560
    88 -0.384983 0.330998 0.006848 -3.087207 -0.018765 -0.184279
    89 0.678146 0.006192 -0.003905 -0.000018 -0.000019 0.000029
    90 -0.123848 0.072737 0.029507 2.898184 -0.060627 0.094834
    91 1.017166 -0.000154 -0.000252 -0.000023 -0.000014 -0.289865
    92 -0.344986 0.123129 0.143151 2.994981 0.012396 0.059140
    93 -0.730988 0.177046 0.039141 -0.123731 0.076518 -0.084310
    94 0.921993 0.001298 -0.000896 -0.000002 -0.000011 0.003278
    95 -0.124027 -0.052092 0.038496 3.077813 -0.008519 0.039229
    96 1.100430 -0.003552 0.000503 -0.217263 0.000006 0.841241
    97 -0.330082 0.160641 0.042780 3.128073 0.034033 -0.171236
    98 0.679760 0.005438 0.003272 0.000014 0.000015 0.604347
    99 -0.019516 -0.016531 0.038578 -2.763781 0.050305 0.076828
    100 1.018891 0.005113 0.001121 -0.084365 -0.009652 1.041638
    101 -0.155312 0.130643 -0.021921 -3.022466 0.022433 -0.024903
    102 -0.252209 0.061937 -0.024914 -0.007671 -0.063171 -0.044392
    103 -0.085991 0.185203 -0.015180 -2.937063 -0.113970 -0.138991
    104 -0.286537 0.179852 0.024264 -3.109353 -0.049645 -0.029915
    105 -0.019489 0.147084 0.079203 2.893815 0.038585 -0.060594
    106 -0.046482 0.251898 0.129548 3.016165 0.077112 -0.042864
    107 0.039120 -0.040298 0.047739 3.084219 0.030470 -0.037414
    108 -0.233757 0.066630 0.001754 -3.133086 0.040141 -0.065413
    109 0.044266 0.020128 0.001684 -2.778763 -0.118872 -0.040488
    110 0.071495 0.074127 -0.048302 -3.035917 -0.059482 0.104366
    111 0.000000 0.000000 0.000000 0.000000 0.000000 -1.570796
    112 9.672170 -1.097690 -4.273568 -0.107686 -0.021779 0.044009
    113 5.543138 11.582385 -8.469008 -0.349676 -0.796218 -1.169965
    114 -0.348999 0.000000 0.342999 0.000000 0.000000 0.000000
    115 2.394995 0.000000 0.034000 0.000000 0.000000 0.000000
    116 0.008000 0.000000 1.401997 0.000000 0.000000 0.000000
    117 1.148998 0.000000 0.626999 0.000000 0.000000 0.000000
    118 1.107998 0.000000 0.153000 0.000000 0.000000 0.000000
    119 -2.457995 0.000000 0.449999 0.000000 0.000000 0.000000
    120 0.283000 0.000000 0.659998 0.000000 0.000000 0.000000
    121 4.293992 0.000000 0.136000 0.000000 0.000000 0.000000
    122 1.511997 -0.417999 1.094998 0.000000 0.000000 -1.570755
    123 4.229991 0.000000 0.042000 0.000000 0.000000 0.000000
    124 0.240000 0.000000 -0.662999 0.000000 0.000000 0.000000
    125 1.060998 0.000000 -3.633993 0.000000 0.000000 0.000000
    126 0.193999 0.000000 -2.057996 0.000000 0.000000 0.000000
    127 -0.774998 0.000000 -2.394995 0.000000 0.000000 0.000000
    128 0.000000 0.000000 0.000000 0.000000 0.000000 0.000000
    129 -0.106000 0.000000 64.320000 0.000000 0.000000 0.000000
    130 0.000000 0.000000 0.000000 0.000000 0.000000 0.000000
    131 0.000000 0.000000 0.000000 0.009192 0.000084 -0.006879
    132 20.393977 -0.893422 5.749589 -0.107809 -0.021760 0.044003
    133 0.106000 0.000000 -64.320000 0.000000 0.000000 0.000000
    134 0.000000 0.000000 0.000000 0.000000 0.000000 0.000000
    135 0.000000 0.000000 -4.867002 -3.141592 0.000000 -3.128591
    136 0.000000 0.000000 4.867000 -3.141592 0.000000 -3.128591
    137 4.000000 -6.500000 0.000000 0.000000 0.000000 0.000977
    138 -6.500000 0.000000 0.000000 0.000000 1.570796 0.000000
    139 1.000088 -0.000029 0.000000 0.000000 0.000000 0.000000
    140 17.162516 -0.000404 0.000000 0.000000 0.000000 0.119214
    141 9.999891 -0.000303 0.000000 0.000000 0.000000 0.000000
    142 1.000088 -0.000029 0.000000 0.000000 0.000000 0.000000
    143 17.162516 -0.000404 0.000000 0.000000 0.000000 0.119214
    144 9.499836 0.000212 0.000000 0.000000 0.000000 0.000000
    145 0.000000 0.000000 0.000000 0.000000 0.000000 0.000000
    146 17.749374 0.295515 0.000000 0.000000 0.000000 -1.158958
    147 0.017889 0.299792 0.000000 0.000000 0.000000 -0.059582
    148 12.283573 1.581456 -4.696000 1.462269 -0.086726 0.090185
    149 17.749376 0.295515 0.000000 0.000000 0.000000 -1.158958
    150 0.017889 0.299792 0.000000 0.000000 0.000000 -0.059582
    151 13.354000 0.000000 0.000000 0.000000 0.000000 -0.294101
    152 4.530998 0.000000 0.000000 0.000000 0.000000 0.000000
    153 0.000000 0.000000 0.000000 0.000000 0.000000 0.000000
    154 5.413524 0.000347 0.000000 0.000000 0.000000 -0.518055
    155 5.413524 0.000347 0.000000 0.000000 0.000000 -0.518055
    156 4.662002 -5.366333 4.825191 1.569713 1.561305 -3.121213
    157 3.116966 -0.000443 0.000000 0.000000 0.000000 0.294101
    158 0.000000 0.000000 0.000000 0.000000 0.000000 0.000000
    159 -0.271999 0.000000 2.688000 0.000000 0.000000 0.000000
    160 -11.963854 8.125669 -55.653267 0.106679 0.026403 -0.041407
    161 3.512001 -3.547000 -1.066000 0.000000 1.570796 0.000000
    162 3.456001 -3.517000 1.169000 0.000000 1.570796 0.000000
    163 6.233002 0.000000 0.000000 0.000000 0.000000 0.000000
    164 -0.171997 -0.106000 -0.902000 1.570713 1.029176 -3.134550
    165 6.241997 -6.380000 0.093753 -0.006879 -0.009204 -0.000024
    166 0.181000 -0.064000 1.096000 0.000000 0.000000 0.000000
    167 3.999434 -0.000528 -0.000332 0.203394 -0.000023 0.000016
    168 3.999901 0.000041 0.001011 -0.000895 0.000000 0.000000
    169 1.598000 0.000000 0.000000 0.000000 0.000000 0.000000
    170 -1.145525 0.000130 0.000668 0.000000 0.000000 0.000000
    171 2.299679 -2.499979 -0.599480 0.892008 0.221446 -0.527246
    172 12.144605 1.867792 -2.699630 0.964553 0.245021 0.750990
    173 -9.580673 -27.862106 -37.184681 0.812879 -0.123459 -0.568477
    174 0.649933 -0.548295 0.093651 -1.665913 -0.131399 -0.112062
    175 0.657074 0.008402 0.040371 -1.665945 -0.131407 -0.000013
    176 0.665776 0.747221 -0.029190 -1.665935 -0.131408 0.094976
    177 2.300138 -2.499413 0.600155 -0.891930 -0.221458 -0.527291
    178 11.211668 0.408643 4.557102 2.330964 -0.350693 0.131104
    179 2.762354 0.116951 1.523975 1.629482 0.064153 1.743800
    180 7.228323 7.928198 -3.925648 2.328713 0.123459 -0.568477
    181 0.650394 -0.547730 -0.092979 1.665913 0.131399 -0.112062
    182 0.657069 0.008398 -0.040379 1.665945 0.131407 -0.000013
    183 0.665777 0.747220 0.029182 1.665935 0.131408 0.094976
    184 -4.481003 -0.202000 0.000000 0.000000 0.000000 0.000000
    185 -5.516998 -0.291000 -0.001000 0.000000 0.000000 0.000000
    186 -0.857700 0.104073 0.104687 0.023536 0.163924 0.013632
    187 1.899121 0.000427 -0.000439 0.027386 -0.033311 0.477848
    188 1.799659 -0.000240 0.000231 0.027386 -0.033311 0.477848
    189 1.799659 -0.000240 0.000231 0.027386 -0.033311 0.477848
    190 1.799659 -0.000240 0.000231 0.027386 -0.033311 0.477848
    191 1.900308 -0.000145 -0.000518 0.027386 -0.033311 0.477848
    192 1.899433 -0.000317 -0.000151 -0.027386 0.033311 0.477848
    193 1.799659 -0.000237 -0.000233 -0.027386 0.033311 0.477848
    194 1.799659 -0.000237 -0.000233 -0.027386 0.033311 0.477848
    195 1.799659 -0.000237 -0.000233 -0.027386 0.033311 0.477848
    196 1.900724 0.000553 -0.000072 -0.027386 0.033311 0.477848
    197 0.599884 0.400187 -0.000031 0.000000 0.000000 0.000000
    198 0.599888 0.400187 0.000031 0.000000 0.000000 -3.141592
    199 0.599503 0.400696 0.000234 0.000000 0.000000 0.000000
    200 0.600399 0.399632 -0.000466 0.000000 0.000000 -3.141592
  time 11
    0 0.000000 0.000000 0.000000 0.000000 0.000000 -1.570796
    1 -0.106323 0.000000 -0.000198 0.000000 0.000000 0.000000
    2 0.000000 0.000000 0.000000 0.000000 0.000000 0.000000
    3 -0.904000 0.000000 -11.806000 0.000000 0.000000 0.000000
    4 0.000000 0.000000 -14.313999 0.000000 -1.570796 1.570857
    5 3.533001 0.000000 0.000000 0.000000 0.000000 0.000000
    6 6.250000 0.000000 0.000000 0.000000 0.000000 0.000000
    7 4.381292 1.546947 -1.721357 -1.153277 1.547377 -1.153364
    8 9.562500 6.343750 1.773438 1.153277 -1.547377 -1.153364
    9 5.786820 0.002787 -0.000113 -0.735438 0.787571 -1.414519
    10 5.999492 -0.000592 -4.000343 0.000000 0.000000 0.000000
    11 5.787410 0.002582 0.000893 0.501312 -0.443636 -1.197993
    12 5.999492 -0.000592 4.000336 0.000000 0.000000 0.000000
    13 0.500225 0.000133 -0.000088 -0.077707 0.000000 0.000000
    14 11.534559 0.008161 -0.001312 -0.000065 0.000045 -1.917284
    15 -0.829338 0.893824 0.079659 -0.148839 0.047645 0.087266
    16 0.500225 0.000132 0.000076 0.145659 0.000060 0.000000
    17 11.536401 0.008338 -0.000089 0.000102 -0.000094 -1.631966
    18 -0.829586 0.894698 -0.079464 0.045377 -0.019621 0.087266
    19 10.599884 0.000105 -0.000553 0.397770 0.000000 0.000000
    20 0.830624 -0.583784 -0.000805 0.000000 0.000011 0.958687
    21 11.042057 0.003717 0.004704 0.430359 -0.655942 0.311382
    22 -1.214832 0.203470 -0.477489 -0.135025 -0.078677 -0.001289
    23 10.599880 0.000105 0.000549 -0.137914 0.000000 0.000000
    24 0.533738 -0.505657 0.000801 0.000024 0.000049 0.815969
    25 11.041742 0.003171 -0.000571 -0.095552 0.527106 0.885304
    26 -1.063377 0.077663 0.150230 0.045121 0.020046 -0.012850
    27 0.610302 -0.939470 0.070343 -1.655295 -0.140079 -0.175592
    28 0.639940 -0.199121 0.060188 -1.665909 -0.131391 -0.066411
    29 0.600155 1.080261 -0.339535 -1.738023 0.020766 0.107421
    30 0.610207 0.400743 -0.010101 -1.762268 -0.061628 0.042968
    31 0.630809 -0.690090 -0.232343 0.232881 0.293217 -0.956089
    32 -0.792125 0.203736 0.461300 1.439074 -0.003453 -0.018305
    33 0.610300 -0.939469 -0.070351 1.655346 0.140079 -0.175508
    34 0.639937 -0.199121 -0.060200 1.665553 0.091351 -0.070198
    35 0.600157 1.080259 0.339531 1.764755 -0.263886 -0.039211
    36 0.610205 0.400743 0.010086 1.763344 -0.081612 -0.010268
    37 0.624002 -0.695300 0.232270 -0.351930 -0.240119 -0.934671
    38 -0.626031 -0.069983 -0.080517 -1.447153 0.086151 0.021559
    39 2.625284 -0.002532 -0.001438 -0.057553 -0.322948 0.654400
    40 2.664743 0.000397 -0.000071 -0.063417 -0.138834 0.884118
    41 2.206394 0.003368 -0.006769 -0.032397 0.046484 0.917978
    42 0.599952 0.959240 -0.300102 -0.174544 0.000000 0.000000
    43 2.557190 -0.001967 0.006359 0.073167 0.003115 0.897971
    44 2.095024 -0.003873 -0.002193 -0.559898 -0.054311 0.290909
    45 0.999380 -0.000236 -1.170306 -0.000001 0.000000 0.000000
    46 -0.122639 -0.721856 0.661690 -0.486644 0.223964 0.243056
    47 2.622113 -0.000648 0.006647 0.322902 0.314719 0.424242
    48 2.654002 0.004589 -0.000533 0.601179 -0.015565 1.363403
    49 2.200016 0.001663 0.004743 0.366141 -0.092714 0.728290
    50 0.599951 0.959244 0.300102 0.174544 0.000000 0.000000
    51 2.556570 -0.004291 0.000554 0.346516 -0.078885 1.164998
    52 2.103851 0.001708 -0.001014 0.567981 -0.334232 0.620171
    53 0.999374 -0.000237 1.162486 0.000000 0.000000 0.000001
    54 0.310846 -0.606445 -0.498005 0.308107 -0.197598 0.313976
    55 1.873069 -0.004741 -0.004901 -0.000031 -0.000032 1.012346
    56 1.200941 0.399582 -0.000237 -0.009465 0.016087 0.007127
    57 0.000586 0.100342 -0.000319 -0.120035 -0.021926 -0.209617
    58 -0.161663 0.051712 0.194808 -2.941982 0.122408 -0.060194
    59 2.010092 -0.003202 -0.003377 0.000101 0.000084 1.727569
    60 0.000240 0.099802 -0.000395 -0.018823 0.010833 -0.239219
    61 -0.203197 0.048607 0.069150 -3.093332 0.033217 -0.046722
    62 1.180428 -0.006214 0.000780 -0.000026 -0.000084 1.609575
    63 -0.000196 0.099625 -0.000034 0.000000 0.000000 -0.314102
    64 -0.088736 -0.688435 -0.145203 2.930407 -0.136130 0.513013
    65 1.712069 0.000578 0.003818 0.000094 -0.000021 1.722852
    66 -0.000580 0.100145 -0.000311 -0.010912 0.023129 -0.260841
    67 -0.146030 -0.232426 -0.014225 3.028455 -0.094299 0.113020
    68 1.290632 0.000362 -0.000032 0.000000 0.000000 -0.049542
    69 -0.658121 -0.003575 0.072645 -0.142711 0.027792 -0.077299
    70 1.868080 -0.003049 0.006083 0.000003 -0.000021 0.137085
    71 1.200079 0.399944 -0.000093 0.009465 -0.016087 0.007127
    72 0.000591 0.100342 0.000319 0.120035 0.021926 -0.209617
    73 0.068077 0.002285 -0.080050 3.111376 -0.069366 -0.060847
    74 2.015780 -0.005083 0.006086 -0.252372 0.042389 1.357255
    75 0.000229 0.099802 0.000395 0.018823 -0.010833 -0.239219
    76 -0.018673 -0.001009 0.047544 3.109244 0.002635 -0.106673
    77 1.178665 0.001595 0.000845 -0.000042 -0.000001 0.764517
    78 -0.000198 0.099628 0.000034 0.000000 0.000000 -0.314102
    79 0.036892 -0.634449 0.266284 -2.801062 0.174301 0.490914
    80 1.704350 -0.002506 -0.004592 -0.000046 -0.000037 0.930906
    81 -0.000576 0.100136 0.000311 0.010912 -0.023131 -0.260841
    82 -0.003952 -0.281811 0.115047 -3.059162 0.089004 0.167964
    83 1.289627 0.003949 0.000061 -0.000014 0.000003 0.801238
    84 -0.171528 -0.018148 -0.099873 0.013484 -0.062184 -0.011780
    85 0.912716 0.007240 0.001326 0.000042 0.000069 0.691470
    86 -0.342617 0.053404 -0.025571 -2.909301 -0.017248 0.075276
    87 1.100231 -0.000930 -0.002434 0.000009 0.000014 -0.388640
    88 -0.384983 0.330998 0.006848 -3.087207 -0.018765 -0.184279
    89 0.678146 0.006192 0.000002 -0.000018 -0.000019 0.000062
    90 -0.123848 0.072737 0.029507 2.898184 -0.060627 0.094834
    91 1.017166 -0.000154 -0.000252 -0.000023 -0.000014 -0.289924
    92 -0.344986 0.123129 0.143151 2.994981 0.012396 0.059140
    93 -0.730988 0.177046 0.039141 -0.123731 0.076518 -0.084310
    94 0.921993 0.001298 -0.000896 -0.000002 -0.000011 -0.014925
    95 -0.124027 -0.052092 0.038496 3.077813 -0.008519 0.039229
    96 1.100430 -0.007458 0.000503 -0.217179 0.000042 0.841299
    97 -0.330082 0.160641 0.042780 3.128073 0.034033 -0.171236
    98 0.679760 0.005438 0.003272 0.000014 0.000003 0.685872
    99 -0.019516 -0.016531 0.038578 -2.763781 0.050305 0.076828
    100 1.014985 0.001206 0.001121 -0.084293 -0.010264 1.034584
    101 -0.155312 0.130643 -0.021921 -3.022466 0.022433 -0.024903
    102 -0.252209 0.061937 -0.024914 -0.007671 -0.063171 -0.044392
    103 -0.085991 0.185203 -0.015180 -2.937063 -0.113970 -0.138991
    104 -0.286537 0.179852 0.024264 -3.109353 -0.049645 -0.029915
    105 -0.019489 0.147084 0.079203 2.893815 0.038585 -0.060594
    106 -0.046482 0.251898 0.129548 3.016165 0.077112 -0.042864
    107 0.039120 -0.040298 0.047739 3.084219 0.030470 -0.037414
    108 -0.233757 0.066630 0.001754 -3.133086 0.040141 -0.065413
    109 0.044266 0.020128 0.001684 -2.778763 -0.118872 -0.040488
    110 0.071495 0.074127 -0.048302 -3.035917 -0.059482 0.104366
    111 0.000000 0.000000 0.000000 0.000000 0.000000 -1.570796
    112 9.676077 -1.023469 -4.336070 -0.176466 -0.026264 0.044733
    113 5.152501 11.551134 -9.351848 -0.465731 -0.770941 -1.083902
    114 -0.348999 0.000000 0.342999 0.000000 0.000000 0.000000
    115 2.394995 0.000000 0.034000 0.000000 0.000000 0.000000
    116 0.008000 0.000000 1.401997 0.000000 0.000000 0.000000
    117 1.148998 0.000000 0.626999 0.000000 0.000000 0.000000
    118 1.107998 0.000000 0.153000 0.000000 0.000000 0.000000
    119 -2.457995 0.000000 0.449999 0.000000 0.000000 0.000000
    120 0.283000 0.000000 0.659998 0.000000 0.000000 0.000000
    121 4.293992 0.000000 0.136000 0.000000 0.000000 0.000000
    122 1.511997 -0.417999 1.094998 0.000000 0.000000 -1.570755
    123 4.229991 0.000000 0.042000 0.000000 0.000000 0.000000
    124 0.240000 0.000000 -0.662999 0.000000 0.000000 0.000000
    125 1.060998 0.000000 -3.633993 0.000000 0.000000 0.000000
    126 0.193999 0.000000 -2.057996 0.000000 0.000000 0.000000
    127 -0.774998 0.000000 -2.394995 0.000000 0.000000 0.000000
    128 0.000000 0.000000 0.000000 0.000000 0.000000 0.000000
    129 -0.106000 0.000000 64.320000 0.000000 0.000000 0.000000
    130 0.000000 0.000000 0.000000 0.000000 0.000000 0.000000
    131 0.000000 0.000000 0.000000 0.012524 -0.005980 -0.006256
    132 20.409603 -0.948111 5.753495 -0.176587 -0.026284 0.044666
    133 0.106000 0.000000 -64.320000 0.000000 0.000000 0.000000
    134 0.000000 0.000000 0.000000 0.000000 0.000000 0.000000
    135 0.000000 0.000000 -4.867002 -3.141592 0.000000 -3.128591
    136 0.000000 0.000000 4.867000 -3.141592 0.000000 -3.128591
    137 4.000000 -6.500000 0.000000 0.000000 0.000000 0.000977
    138 -6.500000 0.000000 0.000000 0.000000 1.570796 0.000000
    139 1.000088 -0.000029 0.000000 0.000000 0.000000 0.000000
    140 17.162516 -0.000404 0.000000 0.000000 0.000000 0.119214
    141 9.999891 -0.000303 0.000000 0.000000 0.000000 0.000000
    142 1.000088 -0.000029 0.000000 0.000000 0.000000 0.000000
    143 17.162516 -0.000404 0.000000 0.000000 0.000000 0.119214
    144 9.499836 0.000212 0.000000 0.000000 0.000000 0.000000
    145 0.000000 0.000000 0.000000 0.000000 0.000000 0.000000
    146 17.749374 0.295515 0.000000 0.000000 0.000000 -1.158958
    147 0.017889 0.299792 0.000000 0.000000 0.000000 -0.059582
    148 12.283573 1.581456 -4.696000 1.462269 -0.086726 0.090185
    149 17.749376 0.295515 0.000000 0.000000 0.000000 -1.158958
    150 0.017889 0.299792 0.000000 0.000000 0.000000 -0.059582
    151 13.354000 0.000000 0.000000 0.000000 0.000000 -0.294101
    152 4.530998 0.000000 0.000000 0.000000 0.000000 0.000000
    153 0.000000 0.000000 0.000000 0.000000 0.000000 0.000000
    154 5.413524 0.000347 0.000000 0.000000 0.000000 -0.518055
    155 5.413524 0.000347 0.000000 0.000000 0.000000 -0.518055
    156 4.662002 -5.366333 4.825191 1.569713 1.561305 -3.121213
    157 3.116966 -0.000443 0.000000 0.000000 0.000000 0.294101
    158 0.000000 0.000000 0.000000 0.000000 0.000000 0.000000
    159 -0.271999 0.000000 2.688000 0.000000 0.000000 0.000000
    160 -12.249019 12.094540 -54.856368 0.175365 0.033888 -0.039226
    161 3.512001 -3.547000 -1.066000 0.000000 1.570796 0.000000
    162 3.456001 -3.517000 1.169000 0.000000 1.570796 0.000000
    163 6.233002 0.000000 0.000000 0.000000 0.000000 0.000000
    164 -0.171997 -0.106000 -0.902000 1.570713 1.029176 -3.134550
    165 6.273248 -6.348749 0.113285 -0.006256 -0.012488 0.006064
    166 0.181000 -0.064000 1.096000 0.000000 0.000000 0.000000
    167 3.999434 -0.000528 -0.000332 0.198856 -0.000023 0.000016
    168 3.999901 0.000041 0.001011 -0.069039 -0.000048 0.000000
    169 1.598000 0.000000 0.000000 0.000000 0.000000 0.000000
    170 -1.145525 0.000130 0.000668 0.000000 0.000000 0.000000
    171 2.299679 -2.499979 -0.599480 0.891953 0.221470 -0.527246
    172 12.144605 1.867792 -2.699630 0.964648 0.245061 0.751079
    173 -9.580673 -27.862106 -37.184681 0.812879 -0.123459 -0.568477
    174 0.649933 -0.548295 0.093651 -1.665913 -0.131399 -0.112062
    175 0.657074 0.008402 0.040371 -1.665945 -0.131407 -0.000013
    176 0.665776 0.747221 -0.029190 -1.665935 -0.131408 0.094976
    177 2.300138 -2.499413 0.600155 -0.891957 -0.221506 -0.527211
    178 11.196042 0.455519 4.561009 2.345030 -0.350547 0.138559
    179 2.762354 0.116951 1.523975 1.629482 0.064153 1.743800
    180 7.228323 7.928198 -3.925648 2.328713 0.123459 -0.568477
    181 0.650394 -0.547730 -0.092979 1.665913 0.131399 -0.112062
    182 0.657069 0.008398 -0.040379 1.665945 0.131407 -0.000013
    183 0.665777 0.747220 0.029182 1.665935 0.131408 0.094976
    184 -4.481003 -0.202000 0.000000 0.000000 0.000000 0.000000
    185 -5.516998 -0.291000 -0.001000 0.000000 0.000000 0.000000
    186 -0.857700 0.104073 0.104687 0.023536 0.163924 0.013632
    187 1.899121 0.000427 -0.000439 0.027386 -0.033311 0.477848
    188 1.799659 -0.000240 0.000231 0.027386 -0.033311 0.477848
    189 1.799659 -0.000240 0.000231 0.027386 -0.033311 0.477848
    190 1.799659 -0.000240 0.000231 0.027386 -0.033311 0.477848
    191 1.900308 -0.000145 -0.000518 0.027386 -0.033311 0.477848
    192 1.899433 -0.000317 -0.000151 -0.027386 0.033311 0.477848
    193 1.799659 -0.000237 -0.000233 -0.027386 0.033311 0.477848
    194 1.799659 -0.000237 -0.000233 -0.027386 0.033311 0.477848
    195 1.799659 -0.000237 -0.000233 -0.027386 0.033311 0.477848
    196 1.900724 0.000553 -0.000072 -0.027386 0.033311 0.477848
    197 0.599884 0.400187 -0.000031 0.000000 0.000000 0.000000
    198 0.599888 0.400187 0.000031 0.000000 0.000000 -3.141592
    199 0.599503 0.400696 0.000234 0.000000 0.000000 0.000000
    200 0.600399 0.399632 -0.000466 0.000000 0.000000 -3.141592
  time 12
    0 0.000000 0.000000 0.000000 0.000000 0.000000 -1.570796
    1 -0.106323 0.000000 -0.000198 0.000000 0.000000 0.000000
    2 0.000000 0.000000 0.000000 0.000000 0.000000 0.000000
    3 -0.904000 0.000000 -11.806000 0.000000 0.000000 0.000000
    4 0.000000 0.000000 -14.313999 0.000000 -1.570796 1.570857
    5 3.533001 0.000000 0.000000 0.000000 0.000000 0.000000
    6 6.250000 0.000000 0.000000 0.000000 0.000000 0.000000
    7 4.381292 1.546947 -1.721357 -1.153277 1.547377 -1.153364
    8 9.562500 6.343750 1.773438 1.153277 -1.547377 -1.153364
    9 5.786820 0.002787 -0.000113 -0.719749 0.776174 -1.379633
    10 5.999492 -0.000592 -4.000343 0.000000 0.000000 0.000000
    11 5.787410 0.002582 0.000893 0.501312 -0.450088 -1.201731
    12 5.999492 -0.000592 4.000336 0.000000 0.000000 0.000000
    13 0.500225 0.000133 -0.000088 -0.073136 0.000000 0.000000
    14 11.534559 0.008161 -0.001312 -0.000053 -0.000039 -1.925591
    15 -0.829338 0.893824 0.079659 -0.148839 0.047645 0.087266
    16 0.500225 0.000132 0.000076 0.146913 0.000000 0.000000
    17 11.536401 0.000526 -0.000089 -0.000078 -0.000022 -1.625218
    18 -0.829586 0.894698 -0.079464 0.045377 -0.019621 0.087266
    19 10.599884 0.000105 -0.000553 0.411888 0.000000 0.000000
    20 0.838437 -0.587690 -0.000805 0.000000 0.000011 0.962855
    21 11.042057 -0.000189 0.004704 0.434299 -0.620326 0.320109
    22 -1.214832 0.203470 -0.477489 -0.135025 -0.078677 -0.001289
    23 10.599880 0.000105 0.000549 -0.085840 0.000000 0.000000
    24 0.525926 -0.501750 0.000801 0.000000 -0.000011 0.812613
    25 11.041742 0.003171 -0.000571 -0.061678 0.545231 0.880933
    26 -1.063377 0.077663 0.150230 0.045121 0.020046 -0.012850
    27 0.610302 -0.939470 0.070343 -1.655295 -0.140102 -0.175628
    28 0.639940 -0.199121 0.060188 -1.665960 -0.131391 -0.066447
    29 0.600155 1.080261 -0.339535 -1.738023 0.020766 0.107337
    30 0.610207 0.400743 -0.010101 -1.762268 -0.061628 0.042968
    31 0.630809 -0.693997 -0.236250 0.236356 0.302255 -0.947503
    32 -0.792125 0.203736 0.461300 1.439074 -0.003453 -0.018305
    33 0.610300 -0.939469 -0.070351 1.655295 0.140043 -0.175628
    34 0.639937 -0.199121 -0.060200 1.665553 0.091351 -0.070186
    35 0.600157 1.080259 0.339531 1.764649 -0.263850 -0.039151
    36 0.610205 0.400743 0.010086 1.763129 -0.081576 -0.010220
    37 0.624002 -0.695300 0.236176 -0.356388 -0.241953 -0.933493
    38 -0.626031 -0.069983 -0.080517 -1.447153 0.086151 0.021559
    39 2.625284 -0.002532 -0.005345 -0.058226 -0.322984 0.656423
    40 2.660837 0.000397 -0.000071 -0.063774 -0.138810 0.886061
    41 2.206394 0.003368 -0.002863 -0.032349 0.046468 0.917903
    42 0.599952 0.959240 -0.300102 -0.174544 0.000000 0.000000
    43 2.557190 -0.005873 0.006359 0.073228 0.003079 0.898010
    44 2.095024 -0.003873 -0.006100 -0.559037 -0.049780 0.321131
    45 0.999380 -0.000236 -1.174212 -0.000001 0.000000 0.000000
    46 -0.122639 -0.721856 0.661690 -0.486644 0.223964 0.243056
    47 2.622113 -0.004555 0.002741 0.322869 0.321287 0.423829
    48 2.657909 0.004589 -0.000533 0.605207 -0.015721 1.366786
    49 2.200016 0.001663 0.004743 0.373129 -0.104710 0.772971
    50 0.599951 0.959244 0.300102 0.174544 0.000000 0.000000
    51 2.556570 -0.004291 0.000554 0.357168 -0.080587 1.172317
    52 2.103851 0.005614 -0.001014 0.568447 -0.341646 0.620485
    53 0.999374 -0.000237 1.166392 0.000000 0.000000 0.000001
    54 0.310846 -0.606445 -0.498005 0.308107 -0.197598 0.313976
    55 1.869163 -0.004741 -0.000994 -0.000007 0.000004 0.998147
    56 1.200941 0.399582 -0.000237 -0.009465 0.016087 0.007127
    57 0.000586 0.100342 -0.000319 -0.120035 -0.021926 -0.209617
    58 -0.161663 0.051712 0.194808 -2.941982 0.122408 -0.060194
    59 2.010092 -0.007109 -0.003377 0.000054 -0.000023 1.727357
    60 0.000240 0.099802 -0.000395 -0.018823 0.010833 -0.239219
    61 -0.203197 0.048607 0.069150 -3.093332 0.033217 -0.046722
    62 1.180428 -0.006214 0.000780 -0.000133 -0.000036 1.609575
    63 -0.000196 0.099625 -0.000034 0.000000 0.000000 -0.314102
    64 -0.088736 -0.688435 -0.145203 2.930407 -0.136130 0.513013
    65 1.712069 0.000578 0.003818 0.000130 -0.000068 1.722764
    66 -0.000580 0.100145 -0.000311 -0.010912 0.023129 -0.260841
    67 -0.146030 -0.232426 -0.014225 3.028455 -0.094299 0.113020
    68 1.290632 0.000362 -0.000032 0.000000 0.000000 -0.334318
    69 -0.658121 -0.003575 0.072645 -0.142711 0.027792 -0.077299
    70 1.868080 -0.003049 0.006083 0.000003 -0.000021 0.136413
    71 1.200079 0.399944 -0.000093 0.009465 -0.016087 0.007127
    72 0.000591 0.100342 0.000319 0.120035 0.021926 -0.209617
    73 0.068077 0.002285 -0.080050 3.111376 -0.069366 -0.060847
    74 2.015780 -0.005083 0.006086 -0.256507 0.043060 1.354249
    75 0.000229 0.099802 0.000395 0.018823 -0.010833 -0.239219
    76 -0.018673 -0.001009 0.047544 3.109244 0.002635 -0.106673
    77 1.178665 0.001595 0.000845 0.000018 -0.000012 0.694079
    78 -0.000198 0.099628 0.000034 0.000000 0.000000 -0.314102
    79 0.036892 -0.634449 0.266284 -2.801062 0.174301 0.490914
    80 1.704350 -0.002506 -0.000686 -0.000046 -0.000037 0.926224
    81 -0.000576 0.100136 0.000311 0.010912 -0.023131 -0.260841
    82 -0.003952 -0.281811 0.115047 -3.059162 0.089004 0.167964
    83 1.289627 0.003949 0.000061 -0.000026 -0.000033 0.803669
    84 -0.171528 -0.018148 -0.099873 0.013484 -0.062184 -0.011780
    85 0.912716 0.007240 0.001326 0.000019 0.000021 0.691557
    86 -0.342617 0.053404 -0.025571 -2.909301 -0.017248 0.075276
    87 1.100231 -0.000930 -0.002434 0.000009 0.000014 -0.388480
    88 -0.384983 0.330998 0.006848 -3.087207 -0.018765 -0.184279
    89 0.678146 0.006192 0.000002 -0.000018 -0.000019 0.000062
    90 -0.123848 0.072737 0.029507 2.898184 -0.060627 0.094834
    91 1.017166 -0.000154 -0.000252 -0.000023 -0.000014 -0.289865
    92 -0.344986 0.123129 0.143151 2.994981 0.012396 0.059140
    93 -0.730988 0.177046 0.039141 -0.123731 0.076518 -0.084310
    94 0.925900 0.001298 -0.000896 -0.000002 -0.000011 -0.017554
    95 -0.124027 -0.052092 0.038496 3.077813 -0.008519 0.039229
    96 1.100430 -0.003552 0.000503 -0.217179 0.000030 0.841184
    97 -0.330082 0.160641 0.042780 3.128073 0.034033 -0.171236
    98 0.679760 0.005438 0.003272 0.000014 0.000003 0.727777
    99 -0.019516 -0.016531 0.038578 -2.763781 0.050305 0.076828
    100 1.014985 0.001206 0.001121 -0.084282 -0.010479 1.032536
    101 -0.155312 0.130643 -0.021921 -3.022466 0.022433 -0.024903
    102 -0.252209 0.061937 -0.024914 -0.007671 -0.063171 -0.044392
    103 -0.085991 0.185203 -0.015180 -2.937063 -0.113970 -0.138991
    104 -0.286537 0.179852 0.024264 -3.109353 -0.049645 -0.029915
    105 -0.019489 0.147084 0.079203 2.893815 0.038585 -0.060594
    106 -0.046482 0.251898 0.129548 3.016165 0.077112 -0.042864
    107 0.039120 -0.040298 0.047739 3.084219 0.030470 -0.037414
    108 -0.233757 0.066630 0.001754 -3.133086 0.040141 -0.065413
    109 0.044266 0.020128 0.001684 -2.778763 -0.118872 -0.040488
    110 0.071495 0.074127 -0.048302 -3.035917 -0.059482 0.104366
    111 0.000000 0.000000 0.000000 0.000000 0.000000 -1.570796
    112 9.699515 -1.066439 -4.367321 -0.135519 -0.035121 0.045758
    113 5.215003 11.512070 -9.328410 -0.424806 -0.795048 -1.109039
    114 -0.348999 0.000000 0.342999 0.000000 0.000000 0.000000
    115 2.394995 0.000000 0.034000 0.000000 0.000000 0.000000
    116 0.008000 0.000000 1.401997 0.000000 0.000000 0.000000
    117 1.148998 0.000000 0.626999 0.000000 0.000000 0.000000
    118 1.107998 0.000000 0.153000 0.000000 0.000000 0.000000
    119 -2.457995 0.000000 0.449999 0.000000 0.000000 0.000000
    120 0.283000 0.000000 0.659998 0.000000 0.000000 0.000000
    121 4.293992 0.000000 0.136000 0.000000 0.000000 0.000000
    122 1.511997 -0.417999 1.094998 0.000000 0.000000 -1.570755
    123 4.229991 0.000000 0.042000 0.000000 0.000000 0.000000
    124 0.240000 0.000000 -0.662999 0.000000 0.000000 0.000000
    125 1.060998 0.000000 -3.633993 0.000000 0.000000 0.000000
    126 0.193999 0.000000 -2.057996 0.000000 0.000000 0.000000
    127 -0.774998 0.000000 -2.394995 0.000000 0.000000 0.000000
    128 0.000000 0.000000 0.000000 0.000000 0.000000 0.000000
    129 -0.106000 0.000000 64.320000 0.000000 0.000000 0.000000
    130 0.000000 0.000000 0.000000 0.000000 0.000000 0.000000
    131 0.000000 0.000000 0.000000 0.006496 -0.010906 -0.005932
    132 20.444760 -0.905141 5.796465 -0.135613 -0.035102 0.045751
    133 0.106000 0.000000 -64.320000 0.000000 0.000000 0.000000
    134 0.000000 0.000000 0.000000 0.000000 0.000000 0.000000
    135 0.000000 0.000000 -4.867002 -3.141592 0.000000 -3.128591
    136 0.000000 0.000000 4.867000 -3.141592 0.000000 -3.128591
    137 4.000000 -6.500000 0.000000 0.000000 0.000000 0.000977
    138 -6.500000 0.000000 0.000000 0.000000 1.570796 0.000000
    139 1.000088 -0.000029 0.000000 0.000000 0.000000 0.000000
    140 17.162516 -0.000404 0.000000 0.000000 0.000000 0.119214
    141 9.999891 -0.000303 0.000000 0.000000 0.000000 0.000000
    142 1.000088 -0.000029 0.000000 0.000000 0.000000 0.000000
    143 17.162516 -0.000404 0.000000 0.000000 0.000000 0.119214
    144 9.499836 0.000212 0.000000 0.000000 0.000000 0.000000
    145 0.000000 0.000000 0.000000 0.000000 0.000000 0.000000
    146 17.749374 0.295515 0.000000 0.000000 0.000000 -1.158958
    147 0.017889 0.299792 0.000000 0.000000 0.000000 -0.059582
    148 12.283573 1.581456 -4.696000 1.462269 -0.086726 0.090185
    149 17.749376 0.295515 0.000000 0.000000 0.000000 -1.158958
    150 0.017889 0.299792 0.000000 0.000000 0.000000 -0.059582
    151 13.354000 0.000000 0.000000 0.000000 0.000000 -0.294101
    152 4.530998 0.000000 0.000000 0.000000 0.000000 0.000000
    153 0.000000 0.000000 0.000000 0.000000 0.000000 0.000000
    154 5.413524 0.000347 0.000000 0.000000 0.000000 -0.518055
    155 5.413524 0.000347 0.000000 0.000000 0.000000 -0.518055
    156 4.662002 -5.366333 4.825191 1.569713 1.561305 -3.121213
    157 3.116966 -0.000443 0.000000 0.000000 0.000000 0.294101
    158 0.000000 0.000000 0.000000 0.000000 0.000000 0.000000
    159 -0.271999 0.000000 2.688000 0.000000 0.000000 0.000000
    160 -12.776378 9.715561 -55.164971 0.133902 0.040944 -0.040622
    161 3.512001 -3.547000 -1.066000 0.000000 1.570796 0.000000
    162 3.456001 -3.517000 1.169000 0.000000 1.570796 0.000000
    163 6.233002 0.000000 0.000000 0.000000 0.000000 0.000000
    164 -0.171997 -0.106000 -0.902000 1.570713 1.029176 -3.134550
    165 6.304499 -6.317498 0.074221 -0.005932 -0.006436 0.010942
    166 0.181000 -0.064000 1.096000 0.000000 0.000000 0.000000
    167 3.999434 -0.000528 -0.000332 0.205890 -0.000023 0.000016
    168 3.999901 0.000041 0.001011 -0.042969 0.000000 0.000000
    169 1.598000 0.000000 0.000000 0.000000 0.000000 0.000000
    170 -1.145525 0.000130 0.000668 0.000000 0.000000 0.000000
    171 2.299679 -2.499979 -0.599480 0.892008 0.221470 -0.527294
    172 12.140698 1.867792 -2.695723 0.964648 0.244903 0.750990
    173 -9.580673 -27.862106 -37.184681 0.812879 -0.123459 -0.568477
    174 0.649933 -0.548295 0.093651 -1.665913 -0.131399 -0.112062
    175 0.657074 0.008402 0.040371 -1.665945 -0.131407 -0.000013
    176 0.665776 0.747221 -0.029190 -1.665935 -0.131408 0.094976
    177 2.300138 -2.499413 0.600155 -0.891930 -0.221506 -0.527243
    178 11.192136 0.467238 4.564915 2.348837 -0.350473 0.140515
    179 2.762354 0.116951 1.523975 1.629482 0.064153 1.743800
    180 7.228323 7.928198 -3.925648 2.328713 0.123459 -0.568477
    181 0.650394 -0.547730 -0.092979 1.665913 0.131399 -0.112062
    182 0.657069 0.008398 -0.040379 1.665945 0.131407 -0.000013
    183 0.665777 0.747220 0.029182 1.665935 0.131408 0.094976
    184 -4.481003 -0.202000 0.000000 0.000000 0.000000 0.000000
    185 -5.516998 -0.291000 -0.001000 0.000000 0.000000 0.000000
    186 -0.857700 0.104073 0.104687 0.023536 0.163924 0.013632
    187 1.899121 0.000427 -0.000439 0.027386 -0.033311 0.477848
    188 1.799659 -0.000240 0.000231 0.027386 -0.033311 0.477848
    189 1.799659 -0.000240 0.000231 0.027386 -0.033311 0.477848
    190 1.799659 -0.000240 0.000231 0.027386 -0.033311 0.477848
    191 1.900308 -0.000145 -0.000518 0.027386 -0.033311 0.477848
    192 1.899433 -0.000317 -0.000151 -0.027386 0.033311 0.477848
    193 1.799659 -0.000237 -0.000233 -0.027386 0.033311 0.477848
    194 1.799659 -0.000237 -0.000233 -0.027386 0.033311 0.477848
    195 1.799659 -0.000237 -0.000233 -0.027386 0.033311 0.477848
    196 1.900724 0.000553 -0.000072 -0.027386 0.033311 0.477848
    197 0.599884 0.400187 -0.000031 0.000000 0.000000 0.000000
    198 0.599888 0.400187 0.000031 0.000000 0.000000 -3.141592
    199 0.599503 0.400696 0.000234 0.000000 0.000000 0.000000
    200 0.600399 0.399632 -0.000466 0.000000 0.000000 -3.141592
  time 13
    0 0.000000 0.000000 0.000000 0.000000 0.000000 -1.570796
    1 -0.106323 0.000000 -0.000198 0.000000 0.000000 0.000000
    2 0.000000 0.000000 0.000000 0.000000 0.000000 0.000000
    3 -0.904000 0.000000 -11.806000 0.000000 0.000000 0.000000
    4 0.000000 0.000000 -14.313999 0.000000 -1.570796 1.570857
    5 3.533001 0.000000 0.000000 0.000000 0.000000 0.000000
    6 6.250000 0.000000 0.000000 0.000000 0.000000 0.000000
    7 4.381292 1.546947 -1.721357 -1.153277 1.547377 -1.153364
    8 9.562500 6.343750 1.773438 1.153277 -1.547377 -1.153364
    9 5.786820 0.002787 -0.000113 -0.675000 0.854113 -1.317256
    10 5.999492 -0.000592 -4.000343 0.000000 0.000000 0.000000
    11 5.787410 0.002582 0.000893 0.502564 -0.454016 -1.207293
    12 5.999492 -0.000592 4.000336 0.000000 0.000000 0.000000
    13 0.500225 0.000133 -0.000088 -0.093539 0.000000 0.000060
    14 11.534559 0.008161 -0.001312 -0.000017 0.000009 -1.963406
    15 -0.829338 0.893824 0.079659 -0.148839 0.047645 0.087266
    16 0.500225 0.000132 0.000076 0.147823 0.000000 0.000000
    17 11.536401 0.000526 -0.000089 0.000054 0.000026 -1.618164
    18 -0.829586 0.894698 -0.079464 0.045377 -0.019621 0.087266
    19 10.599884 0.000105 -0.000553 0.654126 0.000000 -0.000036
    20 0.881407 -0.591597 -0.000805 0.000000 0.000011 0.981672
    21 11.042057 0.003717 0.004704 0.661317 -0.563023 0.261623
    22 -1.214832 0.203470 -0.477489 -0.135025 -0.078677 -0.001289
    23 10.599880 0.000105 0.000549 -0.026685 0.000000 0.000000
    24 0.518113 -0.493937 0.000801 -0.000024 -0.000047 0.809123
    25 11.041742 0.003171 -0.000571 -0.019836 0.559555 0.886839
    26 -1.063377 0.077663 0.150230 0.045121 0.020046 -0.012850
    27 0.610302 -0.939470 0.070343 -1.655346 -0.140091 -0.175580
    28 0.639940 -0.199121 0.060188 -1.665960 -0.131391 -0.066495
    29 0.600155 1.080261 -0.339535 -1.738023 0.020766 0.107337
    30 0.610207 0.400743 -0.010101 -1.762268 -0.061628 0.042968
    31 0.634715 -0.693997 -0.232343 0.236284 0.301860 -0.947421
    32 -0.792125 0.203736 0.461300 1.439074 -0.003453 -0.018305
    33 0.610300 -0.939469 -0.070351 1.655295 0.140043 -0.175628
    34 0.639937 -0.199121 -0.060200 1.665655 0.091267 -0.070294
    35 0.600157 1.080259 0.339531 1.764702 -0.263886 -0.039211
    36 0.610205 0.400743 0.010086 1.763182 -0.081564 -0.010388
    37 0.624002 -0.695300 0.236176 -0.356424 -0.242037 -0.933419
    38 -0.626031 -0.069983 -0.080517 -1.447153 0.086151 0.021559
    39 2.621377 -0.002532 -0.001438 -0.019351 -0.256894 0.449233
    40 2.660837 0.000397 -0.000071 -0.039389 -0.145594 0.719460
    41 2.202488 0.003368 -0.006769 -0.036855 0.042565 0.812527
    42 0.599952 0.959240 -0.300102 -0.174544 0.000000 0.000000
    43 2.557190 -0.001967 0.006359 0.072572 -0.048563 0.810655
    44 2.095024 -0.003873 -0.002193 -0.559066 -0.050596 0.319808
    45 0.999380 -0.000236 -1.174212 -0.000001 0.000000 0.000000
    46 -0.122639 -0.721856 0.661690 -0.486644 0.223964 0.243056
    47 2.622113 -0.000648 0.002741 0.322869 0.321359 0.423805
    48 2.654002 0.004589 -0.000533 0.605189 -0.015721 1.366786
    49 2.200016 0.001663 0.004743 0.373057 -0.104722 0.772910
    50 0.599951 0.959244 0.300102 0.174544 0.000000 0.000000
    51 2.556570 -0.004291 0.000554 0.357208 -0.080539 1.172373
    52 2.103851 0.005614 -0.001014 0.568546 -0.341609 0.620506
    53 0.999374 -0.000237 1.166392 0.000000 0.000000 0.000001
    54 0.310846 -0.606445 -0.498005 0.308107 -0.197598 0.313976
    55 1.873069 -0.000835 -0.000994 0.000065 0.000051 0.585975
    56 1.200941 0.399582 -0.000237 -0.009465 0.016087 0.007127
    57 0.000586 0.100342 -0.000319 -0.120035 -0.021926 -0.209617
    58 -0.161663 0.051712 0.194808 -2.941982 0.122408 -0.060194
    59 2.010092 -0.003202 -0.003377 0.000042 0.000001 0.959001
    60 0.000240 0.099802 -0.000395 -0.018823 0.010833 -0.239219
    61 -0.203197 0.048607 0.069150 -3.093332 0.033217 -0.046722
    62 1.180428 -0.006214 0.000780 -0.000014 0.000012 0.836479
    63 -0.000196 0.099625 -0.000034 0.000000 0.000000 -0.314102
    64 -0.088736 -0.688435 -0.145203 2.930407 -0.136130 0.513013
    65 1.712069 -0.003328 0.003818 0.000106 -0.000033 0.889632
    66 -0.000580 0.100145 -0.000311 -0.010912 0.023129 -0.260841
    67 -0.146030 -0.232426 -0.014225 3.028455 -0.094299 0.113020
    68 1.290632 0.000362 -0.000032 0.000000 0.000000 -0.326343
    69 -0.658121 -0.003575 0.072645 -0.142711 0.027792 -0.077299
    70 1.868080 -0.003049 0.006083 0.000003 -0.000021 0.136562
    71 1.200079 0.399944 -0.000093 0.009465 -0.016087 0.007127
    72 0.000591 0.100342 0.000319 0.120035 0.021926 -0.209617
    73 0.068077 0.002285 -0.080050 3.111376 -0.069366 -0.060847
    74 2.015780 -0.005083 0.006086 -0.256555 0.043096 1.354283
    75 0.000229 0.099802 0.000395 0.018823 -0.010833 -0.239219
    76 -0.018673 -0.001009 0.047544 3.109244 0.002635 -0.106673
    77 1.178665 0.001595 0.000845 -0.000006 -0.000060 0.694079
    78 -0.000198 0.099628 0.000034 0.000000 0.000000 -0.314102
    79 0.036892 -0.634449 0.266284 -2.801062 0.174301 0.490914
    80 1.704350 -0.002506 -0.000686 0.000014 -0.000061 0.926201
    81 -0.000576 0.100136 0.000311 0.010912 -0.023131 -0.260841
    82 -0.003952 -0.281811 0.115047 -3.059162 0.089004 0.167964
    83 1.289627 0.003949 0.000061 -0.000014 0.000003 0.803669
    84 -0.171528 -0.018148 -0.099873 0.013484 -0.062184 -0.011780
    85 0.912716 0.007240 0.001326 -0.000041 0.000033 0.452555
    86 -0.342617 0.053404 -0.025571 -2.909301 -0.017248 0.075276
    87 1.100231 -0.000930 -0.002434 0.000009 0.000014 0.082887
    88 -0.384983 0.330998 0.006848 -3.087207 -0.018765 -0.184279
    89 0.678146 0.002286 0.000002 0.000042 -0.000031 0.259829
    90 -0.123848 0.072737 0.029507 2.898184 -0.060627 0.094834
    91 1.017166 -0.000154 -0.000252 -0.000023 -0.000014 0.293023
    92 -0.344986 0.123129 0.143151 2.994981 0.012396 0.059140
    93 -0.730988 0.177046 0.039141 -0.123731 0.076518 -0.084310
    94 0.925900 0.001298 -0.000896 -0.000002 -0.000011 -0.017554
    95 -0.124027 -0.052092 0.038496 3.077813 -0.008519 0.039229
    96 1.100430 -0.003552 0.000503 -0.217275 0.000006 0.841299
    97 -0.330082 0.160641 0.042780 3.128073 0.034033 -0.171236
    98 0.679760 0.005438 0.003272 0.000038 0.000063 0.727745
    99 -0.019516 -0.016531 0.038578 -2.763781 0.050305 0.076828
    100 1.014985 0.005113 0.001121 -0.084270 -0.010455 1.032536
    101 -0.155312 0.130643 -0.021921 -3.022466 0.022433 -0.024903
    102 -0.252209 0.061937 -0.024914 -0.007671 -0.063171 -0.044392
    103 -0.085991 0.185203 -0.015180 -2.937063 -0.113970 -0.138991
    104 -0.286537 0.179852 0.024264 -3.109353 -0.049645 -0.029915
    105 -0.019489 0.147084 0.079203 2.893815 0.038585 -0.060594
    106 -0.046482 0.251898 0.129548 3.016165 0.077112 -0.042864
    107 0.039120 -0.040298 0.047739 3.084219 0.030470 -0.037414
    108 -0.233757 0.066630 0.001754 -3.133086 0.040141 -0.065413
    109 0.044266 0.020128 0.001684 -2.778763 -0.118872 -0.040488
    110 0.071495 0.074127 -0.048302 -3.035917 -0.059482 0.104366
    111 0.000000 0.000000 0.000000 0.000000 0.000000 -1.570796
    112 9.734672 -1.109409 -4.367321 -0.094264 -0.039720 0.046421
    113 5.328288 11.480819 -9.125278 -0.372630 -0.815153 -1.144487
    114 -0.348999 0.000000 0.342999 0.000000 0.000000 0.000000
    115 2.394995 0.000000 0.034000 0.000000 0.000000 0.000000
    116 0.008000 0.000000 1.401997 0.000000 0.000000 0.000000
    117 1.148998 0.000000 0.626999 0.000000 0.000000 0.000000
    118 1.107998 0.000000 0.153000 0.000000 0.000000 0.000000
    119 -2.457995 0.000000 0.449999 0.000000 0.000000 0.000000
    120 0.283000 0.000000 0.659998 0.000000 0.000000 0.000000
    121 4.293992 0.000000 0.136000 0.000000 0.000000 0.000000
    122 1.511997 -0.417999 1.094998 0.000000 0.000000 -1.570755
    123 4.229991 0.000000 0.042000 0.000000 0.000000 0.000000
    124 0.240000 0.000000 -0.662999 0.000000 0.000000 0.000000
    125 1.060998 0.000000 -3.633993 0.000000 0.000000 0.000000
    126 0.193999 0.000000 -2.057996 0.000000 0.000000 0.000000
    127 -0.774998 0.000000 -2.394995 0.000000 0.000000 0.000000
    128 0.000000 0.000000 0.000000 0.000000 0.000000 0.000000
    129 -0.106000 0.000000 64.320000 0.000000 0.000000 0.000000
    130 0.000000 0.000000 0.000000 0.000000 0.000000 0.000000
    131 0.000000 0.000000 0.000000 0.019954 -0.002469 -0.008689
    132 20.479918 -0.854358 5.827716 -0.094378 -0.039740 0.046415
    133 0.106000 0.000000 -64.320000 0.000000 0.000000 0.000000
    134 0.000000 0.000000 0.000000 0.000000 0.000000 0.000000
    135 0.000000 0.000000 -4.867002 -3.141592 0.000000 -3.128591
    136 0.000000 0.000000 4.867000 -3.141592 0.000000 -3.128591
    137 4.000000 -6.500000 0.000000 0.000000 0.000000 0.000977
    138 -6.500000 0.000000 0.000000 0.000000 1.570796 0.000000
    139 1.000088 -0.000029 0.000000 0.000000 0.000000 0.000000
    140 17.162516 -0.000404 0.000000 0.000000 0.000000 0.119214
    141 9.999891 -0.000303 0.000000 0.000000 0.000000 0.000000
    142 1.000088 -0.000029 0.000000 0.000000 0.000000 0.000000
    143 17.162516 -0.000404 0.000000 0.000000 0.000000 0.119214
    144 9.499836 0.000212 0.000000 0.000000 0.000000 0.000000
    145 0.000000 0.000000 0.000000 0.000000 0.000000 0.000000
    146 17.749374 0.295515 0.000000 0.000000 0.000000 -1.158958
    147 0.017889 0.299792 0.000000 0.000000 0.000000 -0.059582
    148 12.283573 1.581456 -4.696000 1.462269 -0.086726 0.090185
    149 17.749376 0.295515 0.000000 0.000000 0.000000 -1.158958
    150 0.017889 0.299792 0.000000 0.000000 0.000000 -0.059582
    151 13.354000 0.000000 0.000000 0.000000 0.000000 -0.294101
    152 4.530998 0.000000 0.000000 0.000000 0.000000 0.000000
    153 0.000000 0.000000 0.000000 0.000000 0.000000 0.000000
    154 5.413524 0.000347 0.000000 0.000000 0.000000 -0.518055
    155 5.413524 0.000347 0.000000 0.000000 0.000000 -0.518055
    156 4.662002 -5.366333 4.825191 1.569713 1.561305 -3.121213
    157 3.116966 -0.000443 0.000000 0.000000 0.000000 0.294101
    158 0.000000 0.000000 0.000000 0.000000 0.000000 0.000000
    159 -0.420441 0.000000 1.918445 0.000000 -0.009825 0.000000
    160 -13.088888 7.336582 -55.454042 0.092691 0.043938 -0.042366
    161 3.512001 -3.547000 -1.066000 0.000000 1.570796 0.000000
    162 3.456001 -3.517000 1.169000 0.000000 1.570796 0.000000
    163 6.233002 0.000000 0.000000 0.000000 0.000000 0.000000
    164 -0.171997 -0.106000 -0.902000 1.570713 1.029176 -3.134550
    165 6.253716 -6.368281 0.179693 -0.008689 -0.019930 0.002649
    166 0.181000 -0.064000 1.096000 0.000000 0.000000 0.000000
    167 3.999434 -0.000528 -0.000332 0.327058 -0.000023 0.000016
    168 3.999901 0.000041 0.001011 -0.013363 0.000000 0.000000
    169 1.598000 0.000000 0.000000 0.000000 0.000000 0.000000
    170 -1.145525 0.000130 0.000668 0.000000 0.000000 0.000000
    171 2.299679 -2.499979 -0.599480 0.891926 0.221530 -0.527326
    172 13.078227 1.219335 -2.344150 0.820598 0.334559 0.716902
    173 -9.580673 -27.862106 -37.184681 0.812879 -0.123459 -0.568477
    174 0.649933 -0.548295 0.093651 -1.665913 -0.131399 -0.112062
    175 0.657074 0.008402 0.040371 -1.665945 -0.131407 -0.000013
    176 0.665776 0.747221 -0.029190 -1.665935 -0.131408 0.094976
    177 2.300138 -2.499413 0.600155 -0.891930 -0.221518 -0.527259
    178 11.192136 0.467238 4.561009 2.348966 -0.350429 0.140480
    179 2.762354 0.116951 1.523975 1.629482 0.064153 1.743800
    180 7.228323 7.928198 -3.925648 2.328713 0.123459 -0.568477
    181 0.650394 -0.547730 -0.092979 1.665913 0.131399 -0.112062
    182 0.657069 0.008398 -0.040379 1.665945 0.131407 -0.000013
    183 0.665777 0.747220 0.029182 1.665935 0.131408 0.094976
    184 -4.481003 -0.202000 0.000000 0.000000 0.000000 0.000000
    185 -5.516998 -0.291000 -0.001000 0.000000 0.000000 0.000000
    186 -0.857700 0.104073 0.104687 0.023536 0.163924 0.013632
    187 1.899121 0.000427 -0.000439 0.027386 -0.033311 0.477848
    188 1.799659 -0.000240 0.000231 0.027386 -0.033311 0.477848
    189 1.799659 -0.000240 0.000231 0.027386 -0.033311 0.477848
    190 1.799659 -0.000240 0.000231 0.027386 -0.033311 0.477848
    191 1.900308 -0.000145 -0.000518 0.027386 -0.033311 0.477848
    192 1.899433 -0.000317 -0.000151 -0.027386 0.033311 0.477848
    193 1.799659 -0.000237 -0.000233 -0.027386 0.033311 0.477848
    194 1.799659 -0.000237 -0.000233 -0.027386 0.033311 0.477848
    195 1.799659 -0.000237 -0.000233 -0.027386 0.033311 0.477848
    196 1.900724 0.000553 -0.000072 -0.027386 0.033311 0.477848
    197 0.599884 0.400187 -0.000031 0.000000 0.000000 0.000000
    198 0.599888 0.400187 0.000031 0.000000 0.000000 -3.141592
    199 0.599503 0.400696 0.000234 0.000000 0.000000 0.000000
    200 0.600399 0.399632 -0.000466 0.000000 0.000000 -3.141592
  time 14
    0 0.000000 0.000000 0.000000 0.000000 0.000000 -1.570796
    1 -0.106323 0.000000 -0.000198 0.000000 0.000000 0.000000
    2 0.000000 0.000000 0.000000 0.000000 0.000000 0.000000
    3 -0.904000 0.000000 -11.806000 0.000000 0.000000 0.000000
    4 0.000000 0.000000 -14.313999 0.000000 -1.570796 1.570857
    5 3.533001 0.000000 0.000000 0.000000 0.000000 0.000000
    6 6.250000 0.000000 0.000000 0.000000 0.000000 0.000000
    7 4.381292 1.546947 -1.721357 -1.153277 1.547377 -1.153364
    8 9.562500 6.343750 1.773438 1.153277 -1.547377 -1.153364
    9 5.786820 0.002787 -0.000113 -0.536118 1.013293 -1.147757
    10 5.999492 -0.000592 -4.000343 0.000000 0.000000 0.000000
    11 5.787410 0.002582 0.000893 0.501596 -0.447730 -1.201549
    12 5.999492 -0.000592 4.000336 0.000000 0.000000 0.000000
    13 0.500225 0.000133 -0.000088 -0.145191 0.000000 0.000060
    14 11.538465 0.008161 -0.001312 0.000031 -0.000027 -2.037651
    15 -0.829338 0.893824 0.079659 -0.148839 0.047645 0.087266
    16 0.500225 0.000132 0.000076 0.146642 0.000000 0.000000
    17 11.532495 0.004432 -0.000089 0.000054 -0.000058 -1.619391
    18 -0.829586 0.894698 -0.079464 0.045377 -0.019621 0.087266
    19 10.599884 0.000105 -0.000553 0.994072 -0.000048 -0.000024
    20 0.971254 -0.595503 -0.000805 -0.000048 0.000035 1.018862
    21 11.042057 -0.000189 0.004704 0.931003 -0.472100 0.295687
    22 -1.214832 0.203470 -0.477489 -0.135025 -0.078677 -0.001289
    23 10.599880 0.000105 0.000549 -0.082213 0.000000 0.000000
    24 0.525926 -0.501750 0.000801 0.000000 -0.000011 0.809736
    25 11.041742 0.003171 -0.000571 -0.058401 0.521922 0.882882
    26 -1.063377 0.077663 0.150230 0.045121 0.020046 -0.012850
    27 0.610302 -0.939470 0.070343 -1.655346 -0.140102 -0.175544
    28 0.639940 -0.199121 0.060188 -1.666011 -0.131475 -0.066411
    29 0.600155 1.080261 -0.339535 -1.738023 0.020694 0.107505
    30 0.610207 0.400743 -0.010101 -1.762268 -0.061592 0.043004
    31 0.634715 -0.693997 -0.236250 0.236236 0.300825 -0.947299
    32 -0.792125 0.203736 0.461300 1.439074 -0.003453 -0.018305
    33 0.610300 -0.939469 -0.070351 1.655295 0.140043 -0.175628
    34 0.639937 -0.199121 -0.060200 1.665553 0.091303 -0.070246
    35 0.600157 1.080259 0.339531 1.764702 -0.263886 -0.039211
    36 0.610205 0.400743 0.010086 1.763182 -0.081564 -0.010388
    37 0.624002 -0.695300 0.232270 -0.356472 -0.241929 -0.933493
    38 -0.626031 -0.069983 -0.080517 -1.447153 0.086151 0.021559
    39 2.621377 -0.006439 -0.001438 0.019494 -0.190889 0.242083
    40 2.664743 0.000397 -0.000071 -0.015094 -0.152461 0.552705
    41 2.206394 0.003368 -0.006769 -0.041349 0.038725 0.707113
    42 0.599952 0.959240 -0.300102 -0.174544 0.000000 0.000000
    43 2.553283 -0.005873 0.006359 0.072038 -0.100264 0.723338
    44 2.095024 -0.003873 -0.002193 -0.554448 -0.089550 0.255762
    45 0.999380 -0.000236 -1.170306 -0.000001 0.000000 0.000000
    46 -0.122639 -0.721856 0.661690 -0.486644 0.223964 0.243056
    47 2.622113 -0.000648 0.002741 0.322853 0.321299 0.423805
    48 2.654002 0.004589 -0.000533 0.605171 -0.015757 1.366764
    49 2.200016 0.001663 0.004743 0.373045 -0.104734 0.772956
    50 0.599951 0.959244 0.300102 0.174544 0.000000 0.000000
    51 2.556570 -0.004291 0.000554 0.357168 -0.080575 1.172280
    52 2.103851 0.005614 -0.001014 0.568546 -0.341646 0.620401
    53 0.999374 -0.000237 1.166392 0.000000 0.000000 0.000001
    54 0.310846 -0.606445 -0.498005 0.308107 -0.197598 0.313976
    55 1.873069 -0.004741 -0.000994 -0.000007 0.000004 0.000067
    56 1.200941 0.399582 -0.000237 -0.009465 0.016087 0.007127
    57 0.000586 0.100342 -0.000319 -0.120035 -0.021926 -0.209617
    58 -0.161663 0.051712 0.194808 -2.941982 0.122408 -0.060194
    59 2.010092 -0.003202 -0.007284 0.000018 0.000013 0.190687
    60 0.000240 0.099802 -0.000395 -0.018823 0.010833 -0.239219
    61 -0.203197 0.048607 0.069150 -3.093332 0.033217 -0.046722
    62 1.180428 -0.006214 0.000780 -0.000014 0.000000 0.063189
    63 -0.000196 0.099625 -0.000034 0.000000 0.000000 -0.314102
    64 -0.088736 -0.688435 -0.145203 2.930407 -0.136130 0.513013
    65 1.712069 -0.003328 0.003818 0.000082 -0.000021 0.056588
    66 -0.000580 0.100145 -0.000311 -0.010912 0.023129 -0.260841
    67 -0.146030 -0.232426 -0.014225 3.028455 -0.094299 0.113020
    68 1.290632 0.000362 -0.000032 0.000060 0.000000 -0.056092
    69 -0.658121 -0.003575 0.072645 -0.142711 0.027792 -0.077299
    70 1.868080 -0.003049 0.006083 0.000003 -0.000021 0.136488
    71 1.200079 0.399944 -0.000093 0.009465 -0.016087 0.007127
    72 0.000591 0.100342 0.000319 0.120035 0.021926 -0.209617
    73 0.068077 0.002285 -0.080050 3.111376 -0.069366 -0.060847
    74 2.011874 -0.005083 0.006086 -0.256579 0.042952 1.354317
    75 0.000229 0.099802 0.000395 0.018823 -0.010833 -0.239219
    76 -0.018673 -0.001009 0.047544 3.109244 0.002635 -0.106673
    77 1.178665 0.001595 0.000845 0.000018 -0.000012 0.694079
    78 -0.000198 0.099628 0.000034 0.000000 0.000000 -0.314102
    79 0.036892 -0.634449 0.266284 -2.801062 0.174301 0.490914
    80 1.704350 -0.002506 -0.000686 0.000026 -0.000001 0.926224
    81 -0.000576 0.100136 0.000311 0.010912 -0.023131 -0.260841
    82 -0.003952 -0.281811 0.115047 -3.059162 0.089004 0.167964
    83 1.289627 0.003949 0.000061 0.000010 0.000063 0.803774
    84 -0.171528 -0.018148 -0.099873 0.013484 -0.062184 -0.011780
    85 0.912716 0.007240 0.001326 0.000019 0.000021 0.000011
    86 -0.342617 0.053404 -0.025571 -2.909301 -0.017248 0.075276
    87 1.100231 -0.000930 -0.002434 0.000009 0.000014 -0.013241
    88 -0.384983 0.330998 0.006848 -3.087207 -0.018765 -0.184279
    89 0.678146 0.006192 0.000002 -0.000018 -0.000019 0.346222
    90 -0.123848 0.072737 0.029507 2.898184 -0.060627 0.094834
    91 1.017166 -0.000154 -0.000252 -0.000023 -0.000014 0.094832
    92 -0.344986 0.123129 0.143151 2.994981 0.012396 0.059140
    93 -0.730988 0.177046 0.039141 -0.123731 0.076518 -0.084310
    94 0.925900 0.001298 -0.000896 -0.000002 -0.000011 -0.017640
    95 -0.124027 -0.052092 0.038496 3.077813 -0.008519 0.039229
    96 1.100430 -0.003552 0.000503 -0.217227 0.000018 0.841270
    97 -0.330082 0.160641 0.042780 3.128073 0.034033 -0.171236
    98 0.679760 0.005438 0.003272 0.000014 0.000003 0.727777
    99 -0.019516 -0.016531 0.038578 -2.763781 0.050305 0.076828
    100 1.018891 0.001206 0.001121 -0.084258 -0.010419 1.032479
    101 -0.155312 0.130643 -0.021921 -3.022466 0.022433 -0.024903
    102 -0.252209 0.061937 -0.024914 -0.007671 -0.063171 -0.044392
    103 -0.085991 0.185203 -0.015180 -2.937063 -0.113970 -0.138991
    104 -0.286537 0.179852 0.024264 -3.109353 -0.049645 -0.029915
    105 -0.019489 0.147084 0.079203 2.893815 0.038585 -0.060594
    106 -0.046482 0.251898 0.129548 3.016165 0.077112 -0.042864
    107 0.039120 -0.040298 0.047739 3.084219 0.030470 -0.037414
    108 -0.233757 0.066630 0.001754 -3.133086 0.040141 -0.065413
    109 0.044266 0.020128 0.001684 -2.778763 -0.118872 -0.040488
    110 0.071495 0.074127 -0.048302 -3.035917 -0.059482 0.104366
    111 0.000000 0.000000 0.000000 0.000000 0.000000 -1.570796
    112 9.789361 -1.058626 -4.414197 -0.138365 -0.015204 0.054740
    113 5.011872 11.570666 -8.972930 -0.416953 -0.775484 -1.105461
    114 -0.348999 0.000000 0.342999 0.000000 0.000000 0.000000
    115 2.394995 0.000000 0.034000 0.000000 0.000000 0.000000
    116 0.008000 0.000000 1.401997 0.000000 0.000000 0.000000
    117 1.148998 0.000000 0.626999 0.000000 0.000000 0.000000
    118 1.107998 0.000000 0.153000 0.000000 0.000000 0.000000
    119 -2.457995 0.000000 0.449999 0.000000 0.000000 0.000000
    120 0.283000 0.000000 0.659998 0.000000 0.000000 0.000000
    121 4.293992 0.000000 0.136000 0.000000 0.000000 0.000000
    122 1.511997 -0.417999 1.094998 0.000000 0.000000 -1.570755
    123 4.229991 0.000000 0.042000 0.000000 0.000000 0.000000
    124 0.240000 0.000000 -0.662999 0.000000 0.000000 0.000000
    125 1.060998 0.000000 -3.633993 0.000000 0.000000 0.000000
    126 0.193999 0.000000 -2.057996 0.000000 0.000000 0.000000
    127 -0.774998 0.000000 -2.394995 0.000000 0.000000 0.000000
    128 0.000000 0.000000 0.000000 0.000000 0.000000 0.000000
    129 -0.106000 0.000000 64.320000 0.000000 0.000000 0.000000
    130 0.000000 0.000000 0.000000 0.000000 0.000000 0.000000
    131 0.000000 0.000000 0.000000 0.033389 0.013087 -0.006172
    132 20.495543 -0.811388 5.558177 -0.138540 -0.015184 0.054797
    133 0.106000 0.000000 -64.320000 0.000000 0.000000 0.000000
    134 0.000000 0.000000 0.000000 0.000000 0.000000 0.000000
    135 0.000000 0.000000 -4.867002 -3.141592 0.000000 -3.128591
    136 0.000000 0.000000 4.867000 -3.141592 0.000000 -3.128591
    137 4.000000 -6.500000 0.000000 0.000000 0.000000 0.000977
    138 -6.500000 0.000000 0.000000 0.000000 1.570796 0.000000
    139 1.000088 -0.000029 0.000000 0.000000 0.000000 0.000000
    140 17.162516 -0.000404 0.000000 0.000000 0.000000 0.119214
    141 9.999891 -0.000303 0.000000 0.000000 0.000000 0.000000
    142 1.000088 -0.000029 0.000000 0.000000 0.000000 0.000000
    143 17.162516 -0.000404 0.000000 0.000000 0.000000 0.119214
    144 9.499836 0.000212 0.000000 0.000000 0.000000 0.000000
    145 0.000000 0.000000 0.000000 0.000000 0.000000 0.000000
    146 17.749374 0.295515 0.000000 0.000000 0.000000 -1.158958
    147 0.017889 0.299792 0.000000 0.000000 0.000000 -0.059582
    148 12.283573 1.581456 -4.696000 1.462269 -0.086726 0.090185
    149 17.749376 0.295515 0.000000 0.000000 0.000000 -1.158958
    150 0.017889 0.299792 0.000000 0.000000 0.000000 -0.059582
    151 13.354000 0.000000 0.000000 0.000000 0.000000 -0.294101
    152 4.530998 0.000000 0.000000 0.000000 0.000000 0.000000
    153 0.000000 0.000000 0.000000 0.000000 0.000000 0.000000
    154 5.413524 0.000347 0.000000 0.000000 0.000000 -0.518055
    155 5.413524 0.000347 0.000000 0.000000 0.000000 -0.518055
    156 4.662002 -5.366333 4.825191 1.569713 1.561305 -3.121213
    157 3.116966 -0.000443 0.000000 0.000000 0.000000 0.294101
    158 0.000000 0.000000 0.000000 0.000000 0.000000 0.000000
    159 -0.822797 0.000000 -1.530879 0.000000 -0.078747 0.000000
    160 -11.663063 9.996820 -55.293881 0.137420 0.022555 -0.052223
    161 3.512001 -3.547000 -1.066000 0.000000 1.570796 0.000000
    162 3.456001 -3.517000 1.169000 0.000000 1.570796 0.000000
    163 6.233002 0.000000 0.000000 0.000000 0.000000 0.000000
    164 -0.171997 -0.106000 -0.902000 1.570713 1.029176 -3.134550
    165 6.159963 -6.458127 0.242195 -0.006172 -0.033485 -0.012883
    166 0.181000 -0.064000 1.096000 0.000000 0.000000 0.000000
    167 3.999434 -0.000528 -0.000332 0.497056 -0.000023 0.000016
    168 3.999901 0.000041 0.001011 -0.041065 0.000000 0.000000
    169 1.598000 0.000000 0.000000 0.000000 0.000000 0.000000
    170 -1.145525 0.000130 0.000668 0.000000 0.000000 0.000000
    171 2.299679 -2.499979 -0.599480 0.892008 0.221482 -0.527246
    172 14.847812 -0.425247 0.003578 0.447064 0.378200 0.574687
    173 -9.580673 -27.862106 -37.184681 0.812879 -0.123459 -0.568477
    174 0.649933 -0.548295 0.093651 -1.665913 -0.131399 -0.112062
    175 0.657074 0.008402 0.040371 -1.665945 -0.131407 -0.000013
    176 0.665776 0.747221 -0.029190 -1.665935 -0.131408 0.094976
    177 2.300138 -2.499413 0.600155 -0.891930 -0.221518 -0.527275
    178 11.192136 0.467238 4.561009 2.348837 -0.350253 0.140374
    179 2.762354 0.116951 1.523975 1.629482 0.064153 1.743800
    180 7.228323 7.928198 -3.925648 2.328713 0.123459 -0.568477
    181 0.650394 -0.547730 -0.092979 1.665913 0.131399 -0.112062
    182 0.657069 0.008398 -0.040379 1.665945 0.131407 -0.000013
    183 0.665777 0.747220 0.029182 1.665935 0.131408 0.094976
    184 -4.481003 -0.202000 0.000000 0.000000 0.000000 0.000000
    185 -5.516998 -0.291000 -0.001000 0.000000 0.000000 0.000000
    186 -0.857700 0.104073 0.104687 0.023536 0.163924 0.013632
    187 1.899121 0.000427 -0.000439 0.027386 -0.033311 0.477848
    188 1.799659 -0.000240 0.000231 0.027386 -0.033311 0.477848
    189 1.799659 -0.000240 0.000231 0.027386 -0.033311 0.477848
    190 1.799659 -0.000240 0.000231 0.027386 -0.033311 0.477848
    191 1.900308 -0.000145 -0.000518 0.027386 -0.033311 0.477848
    192 1.899433 -0.000317 -0.000151 -0.027386 0.033311 0.477848
    193 1.799659 -0.000237 -0.000233 -0.027386 0.033311 0.477848
    194 1.799659 -0.000237 -0.000233 -0.027386 0.033311 0.477848
    195 1.799659 -0.000237 -0.000233 -0.027386 0.033311 0.477848
    196 1.900724 0.000553 -0.000072 -0.027386 0.033311 0.477848
    197 0.599884 0.400187 -0.000031 0.000000 0.000000 0.000000
    198 0.599888 0.400187 0.000031 0.000000 0.000000 -3.141592
    199 0.599503 0.400696 0.000234 0.000000 0.000000 0.000000
    200 0.600399 0.399632 -0.000466 0.000000 0.000000 -3.141592
  time 15
    0 0.000000 0.000000 0.000000 0.000000 0.000000 -1.570796
    1 -0.106323 0.000000 -0.000198 0.000000 0.000000 0.000000
    2 0.000000 0.000000 0.000000 0.000000 0.000000 0.000000
    3 -0.904000 0.000000 -11.806000 0.000000 0.000000 0.000000
    4 0.000000 0.000000 -14.313999 0.000000 -1.570796 1.570857
    5 3.533001 0.000000 0.000000 0.000000 0.000000 0.000000
    6 6.250000 0.000000 0.000000 0.000000 0.000000 0.000000
    7 4.381292 1.546947 -1.721357 -1.153277 1.547377 -1.153364
    8 9.562500 6.343750 1.773438 1.153277 -1.547377 -1.153364
    9 5.786820 0.002787 -0.000113 -0.624903 1.052384 -1.253362
    10 5.999492 -0.000592 -4.000343 0.000000 0.000000 0.000000
    11 5.787410 0.002582 0.000893 0.500059 -0.440989 -1.194437
    12 5.999492 -0.000592 4.000336 0.000000 0.000000 0.000000
    13 0.500225 0.000133 -0.000088 -0.142864 0.000000 0.000000
    14 11.534559 0.004255 -0.001312 -0.000005 -0.000075 -1.762090
    15 -0.829338 0.893824 0.079659 -0.148839 0.047645 0.087266
    16 0.500225 0.000132 0.000076 0.145511 0.000000 0.000000
    17 11.532495 0.004432 -0.000089 -0.000042 -0.000058 -1.621461
    18 -0.829586 0.894698 -0.079464 0.045377 -0.019621 0.087266
    19 10.599884 0.000105 -0.000553 1.326311 0.000024 -0.000036
    20 0.658744 -0.548627 -0.000805 0.000036 0.000047 0.881002
    21 11.042057 0.003717 0.004704 1.226410 -0.481262 0.272039
    22 -1.214832 0.203470 -0.477489 -0.135025 -0.078677 -0.001289
    23 10.599880 0.000105 0.000549 -0.139209 0.000000 0.000000
    24 0.525926 -0.501750 0.000801 0.000024 0.000049 0.810695
    25 11.041742 0.003171 -0.000571 -0.095828 0.478467 0.872781
    26 -1.063377 0.077663 0.150230 0.045121 0.020046 -0.012850
    27 0.610302 -0.939470 0.070343 -1.655295 -0.140079 -0.175580
    28 0.639940 -0.199121 0.060188 -1.666011 -0.131391 -0.066411
    29 0.600155 1.080261 -0.339535 -1.738023 0.020730 0.107397
    30 0.610207 0.400743 -0.010101 -1.762268 -0.061616 0.043052
    31 0.634715 -0.693997 -0.236250 0.236224 0.299334 -0.947299
    32 -0.792125 0.203736 0.461300 1.439074 -0.003453 -0.018305
    33 0.610300 -0.939469 -0.070351 1.655295 0.140043 -0.175628
    34 0.639937 -0.199121 -0.060200 1.665553 0.091351 -0.070294
    35 0.600157 1.080259 0.339531 1.764649 -0.263886 -0.039199
    36 0.610205 0.400743 0.010086 1.763129 -0.081612 -0.010352
    37 0.624002 -0.695300 0.236176 -0.356448 -0.241989 -0.933493
    38 -0.626031 -0.069983 -0.080517 -1.447153 0.086151 0.021559
    39 2.621377 -0.006439 -0.001438 -0.005178 -0.199026 0.370985
    40 2.660837 0.000397 -0.000071 -0.025902 -0.150615 0.624521
    41 2.202488 0.003368 -0.006769 -0.032397 0.046484 0.917903
    42 0.599952 0.959240 -0.300102 -0.174544 0.000000 0.000000
    43 2.553283 -0.001967 0.006359 0.072633 0.009623 0.809287
    44 2.095024 -0.003873 -0.002193 -0.547722 -0.128032 0.193914
    45 0.999380 -0.000236 -1.170306 -0.000001 0.000000 0.000000
    46 -0.122639 -0.721856 0.661690 -0.486644 0.223964 0.243056
    47 2.622113 -0.000648 0.006647 0.322869 0.321359 0.423805
    48 2.657909 0.004589 -0.000533 0.605242 -0.015661 1.366742
    49 2.200016 0.005570 0.004743 0.373057 -0.104722 0.772910
    50 0.599951 0.959244 0.300102 0.174544 0.000000 0.000000
    51 2.556570 -0.004291 0.000554 0.357155 -0.080611 1.172317
    52 2.103851 0.005614 -0.001014 0.568532 -0.341671 0.620485
    53 0.999374 -0.000237 1.166392 0.000000 0.000000 0.000001
    54 0.310846 -0.606445 -0.498005 0.308107 -0.197598 0.313976
    55 1.869163 -0.000835 -0.000994 -0.000007 0.000004 0.048180
    56 1.200941 0.399582 -0.000237 -0.009465 0.016087 0.007127
    57 0.000586 0.100342 -0.000319 -0.120035 -0.021926 -0.209617
    58 -0.161663 0.051712 0.194808 -2.941982 0.122408 -0.060194
    59 2.010092 -0.007109 -0.003377 0.000018 0.000013 0.289671
    60 0.000240 0.099802 -0.000395 -0.018823 0.010833 -0.239219
    61 -0.203197 0.048607 0.069150 -3.093332 0.033217 -0.046722
    62 1.180428 -0.006214 0.000780 -0.000014 0.000012 0.148988
    63 -0.000196 0.099625 -0.000034 0.000000 0.000000 -0.314102
    64 -0.088736 -0.688435 -0.145203 2.930407 -0.136130 0.513013
    65 1.712069 -0.003328 0.003818 0.000070 -0.000080 0.181976
    66 -0.000580 0.100145 -0.000311 -0.010912 0.023129 -0.260841
    67 -0.146030 -0.232426 -0.014225 3.028455 -0.094299 0.113020
    68 1.290632 0.000362 -0.000032 0.000000 0.000000 0.202484
    69 -0.658121 -0.003575 0.072645 -0.142711 0.027792 -0.077299
    70 1.868080 -0.003049 0.006083 0.000003 -0.000021 0.136562
    71 1.200079 0.399944 -0.000093 0.009465 -0.016087 0.007127
    72 0.000591 0.100342 0.000319 0.120035 0.021926 -0.209617
    73 0.068077 0.002285 -0.080050 3.111376 -0.069366 -0.060847
    74 2.015780 -0.005083 0.006086 -0.256591 0.043060 1.354283
    75 0.000229 0.099802 0.000395 0.018823 -0.010833 -0.239219
    76 -0.018673 -0.001009 0.047544 3.109244 0.002635 -0.106673
    77 1.178665 0.001595 0.000845 0.000018 -0.000012 0.694158
    78 -0.000198 0.099628 0.000034 0.000000 0.000000 -0.314102
    79 0.036892 -0.634449 0.266284 -2.801062 0.174301 0.490914
    80 1.704350 -0.002506 -0.000686 0.000026 0.000071 0.926271
    81 -0.000576 0.100136 0.000311 0.010912 -0.023131 -0.260841
    82 -0.003952 -0.281811 0.115047 -3.059162 0.089004 0.167964
    83 1.289627 0.003949 0.000061 0.000010 -0.000057 0.803669
    84 -0.171528 -0.018148 -0.099873 0.013484 -0.062184 -0.011780
    85 0.912716 0.007240 0.001326 0.000066 0.000021 0.038370
    86 -0.342617 0.053404 -0.025571 -2.909301 -0.017248 0.075276
    87 1.100231 -0.000930 -0.002434 -0.000003 -0.000046 0.134222
    88 -0.384983 0.330998 0.006848 -3.087207 -0.018765 -0.184279
    89 0.678146 0.006192 0.000002 -0.000018 -0.000019 0.326910
    90 -0.123848 0.072737 0.029507 2.898184 -0.060627 0.094834
    91 1.017166 -0.000154 -0.000252 -0.000023 -0.000014 0.198554
    92 -0.344986 0.123129 0.143151 2.994981 0.012396 0.059140
    93 -0.730988 0.177046 0.039141 -0.123731 0.076518 -0.084310
    94 0.921993 0.001298 -0.000896 -0.000002 -0.000011 -0.017554
    95 -0.124027 -0.052092 0.038496 3.077813 -0.008519 0.039229
    96 1.100430 -0.003552 0.000503 -0.217179 0.000042 0.841299
    97 -0.330082 0.160641 0.042780 3.128073 0.034033 -0.171236
    98 0.679760 0.005438 0.003272 0.000038 0.000063 0.727777
    99 -0.019516 -0.016531 0.038578 -2.763781 0.050305 0.076828
    100 1.018891 0.005113 0.001121 -0.084305 -0.010395 1.032423
    101 -0.155312 0.130643 -0.021921 -3.022466 0.022433 -0.024903
    102 -0.252209 0.061937 -0.024914 -0.007671 -0.063171 -0.044392
    103 -0.085991 0.185203 -0.015180 -2.937063 -0.113970 -0.138991
    104 -0.286537 0.179852 0.024264 -3.109353 -0.049645 -0.029915
    105 -0.019489 0.147084 0.079203 2.893815 0.038585 -0.060594
    106 -0.046482 0.251898 0.129548 3.016165 0.077112 -0.042864
    107 0.039120 -0.040298 0.047739 3.084219 0.030470 -0.037414
    108 -0.233757 0.066630 0.001754 -3.133086 0.040141 -0.065413
    109 0.044266 0.020128 0.001684 -2.778763 -0.118872 -0.040488
    110 0.071495 0.074127 -0.048302 -3.035917 -0.059482 0.104366
    111 0.000000 0.000000 0.000000 0.000000 0.000000 -1.570796
    112 9.824519 -1.003937 -4.457167 -0.182404 0.009312 0.070837
    113 4.523576 11.726920 -8.816675 -0.458105 -0.735050 -1.061321
    114 -0.348999 0.000000 0.342999 0.000000 0.000000 0.000000
    115 2.394995 0.000000 0.034000 0.000000 0.000000 0.000000
    116 0.008000 0.000000 1.401997 0.000000 0.000000 0.000000
    117 1.148998 0.000000 0.626999 0.000000 0.000000 0.000000
    118 1.107998 0.000000 0.153000 0.000000 0.000000 0.000000
    119 -2.457995 0.000000 0.449999 0.000000 0.000000 0.000000
    120 0.283000 0.000000 0.659998 0.000000 0.000000 0.000000
    121 4.293992 0.000000 0.136000 0.000000 0.000000 0.000000
    122 1.511997 -0.417999 1.094998 0.000000 0.000000 -1.570755
    123 4.229991 0.000000 0.042000 0.000000 0.000000 0.000000
    124 0.240000 0.000000 -0.662999 0.000000 0.000000 0.000000
    125 1.060998 0.000000 -3.633993 0.000000 0.000000 0.000000
    126 0.193999 0.000000 -2.057996 0.000000 0.000000 0.000000
    127 -0.774998 0.000000 -2.394995 0.000000 0.000000 0.000000
    128 0.000000 0.000000 0.000000 0.000000 0.000000 0.000000
    129 -0.106000 0.000000 64.320000 0.000000 0.000000 0.000000
    130 0.000000 0.000000 0.000000 0.000000 0.000000 0.000000
    131 0.000000 0.000000 0.000000 0.014142 0.021476 -0.000875
    132 20.483824 -0.694197 5.288637 -0.182493 0.009333 0.070837
    133 0.106000 0.000000 -64.320000 0.000000 0.000000 0.000000
    134 0.000000 0.000000 0.000000 0.000000 0.000000 0.000000
    135 0.000000 0.000000 -4.867002 -3.141592 0.000000 -3.128591
    136 0.000000 0.000000 4.867000 -3.141592 0.000000 -3.128591
    137 4.000000 -6.500000 0.000000 0.000000 0.000000 0.000977
    138 -6.500000 0.000000 0.000000 0.000000 1.570796 0.000000
    139 1.000088 -0.000029 0.000000 0.000000 0.000000 0.000000
    140 17.162516 -0.000404 0.000000 0.000000 0.000000 0.119214
    141 9.999891 -0.000303 0.000000 0.000000 0.000000 0.000000
    142 1.000088 -0.000029 0.000000 0.000000 0.000000 0.000000
    143 17.162516 -0.000404 0.000000 0.000000 0.000000 0.119214
    144 9.499836 0.000212 0.000000 0.000000 0.000000 0.000000
    145 0.000000 0.000000 0.000000 0.000000 0.000000 0.000000
    146 17.749374 0.295515 0.000000 0.000000 0.000000 -1.158958
    147 0.017889 0.299792 0.000000 0.000000 0.000000 -0.059582
    148 12.283573 1.581456 -4.696000 1.462269 -0.086726 0.090185
    149 17.749376 0.295515 0.000000 0.000000 0.000000 -1.158958
    150 0.017889 0.299792 0.000000 0.000000 0.000000 -0.059582
    151 13.354000 0.000000 0.000000 0.000000 0.000000 -0.294101
    152 4.530998 0.000000 0.000000 0.000000 0.000000 0.000000
    153 0.000000 0.000000 0.000000 0.000000 0.000000 0.000000
    154 5.413524 0.000347 0.000000 0.000000 0.000000 -0.518055
    155 5.413524 0.000347 0.000000 0.000000 0.000000 -0.518055
    156 4.662002 -5.366333 4.825191 1.569713 1.561305 -3.121213
    157 3.116966 -0.000443 0.000000 0.000000 0.000000 0.294101
    158 0.000000 0.000000 0.000000 0.000000 0.000000 0.000000
    159 1.396021 -0.492203 -4.687225 0.227065 -0.475754 -0.599666
    160 -10.194268 12.715653 -54.981372 0.182569 0.003524 -0.071326
    161 3.512001 -3.547000 -1.066000 0.000000 1.570796 0.000000
    162 3.456001 -3.517000 1.169000 0.000000 1.570796 0.000000
    163 6.233002 0.000000 0.000000 0.000000 0.000000 0.000000
    164 -0.171997 -0.106000 -0.902000 1.570713 1.029176 -3.134550
    165 6.109180 -6.505004 0.093753 -0.000875 -0.014166 -0.021464
    166 0.181000 -0.064000 1.096000 0.000000 0.000000 0.000000
    167 3.999434 -0.000528 -0.000332 0.663106 0.000001 -0.000044
    168 3.999901 0.000041 0.001011 -0.069719 0.000000 0.000000
    169 1.598000 0.000000 0.000000 0.000000 0.000000 0.000000
    170 -1.145525 0.000130 0.000668 0.000000 0.000000 0.000000
    171 2.299679 -2.499979 -0.599480 0.892008 0.221482 -0.527294
    172 13.261826 -1.386214 5.831881 -0.012479 0.364075 0.324436
    173 -9.580673 -27.862106 -37.184681 0.812879 -0.123459 -0.568477
    174 0.649933 -0.548295 0.093651 -1.665913 -0.131399 -0.112062
    175 0.657074 0.008402 0.040371 -1.665945 -0.131407 -0.000013
    176 0.665776 0.747221 -0.029190 -1.665935 -0.131408 0.094976
    177 2.300138 -2.499413 0.600155 -0.892012 -0.221494 -0.527291
    178 11.192136 0.467238 4.561009 2.348772 -0.350341 0.140480
    179 2.762354 0.116951 1.523975 1.629482 0.064153 1.743800
    180 7.228323 7.928198 -3.925648 2.328713 0.123459 -0.568477
    181 0.650394 -0.547730 -0.092979 1.665913 0.131399 -0.112062
    182 0.657069 0.008398 -0.040379 1.665945 0.131407 -0.000013
    183 0.665777 0.747220 0.029182 1.665935 0.131408 0.094976
    184 -4.481003 -0.202000 0.000000 0.000000 0.000000 0.000000
    185 -5.516998 -0.291000 -0.001000 0.000000 0.000000 0.000000
    186 -0.857700 0.104073 0.104687 0.023536 0.163924 0.013632
    187 1.899121 0.000427 -0.000439 0.027386 -0.033311 0.477848
    188 1.799659 -0.000240 0.000231 0.027386 -0.033311 0.477848
    189 1.799659 -0.000240 0.000231 0.027386 -0.033311 0.477848
    190 1.799659 -0.000240 0.000231 0.027386 -0.033311 0.477848
    191 1.900308 -0.000145 -0.000518 0.027386 -0.033311 0.477848
    192 1.899433 -0.000317 -0.000151 -0.027386 0.033311 0.477848
    193 1.799659 -0.000237 -0.000233 -0.027386 0.033311 0.477848
    194 1.799659 -0.000237 -0.000233 -0.027386 0.033311 0.477848
    195 1.799659 -0.000237 -0.000233 -0.027386 0.033311 0.477848
    196 1.900724 0.000553 -0.000072 -0.027386 0.033311 0.477848
    197 0.599884 0.400187 -0.000031 0.000000 0.000000 0.000000
    198 0.599888 0.400187 0.000031 0.000000 0.000000 -3.141592
    199 0.599503 0.400696 0.000234 0.000000 0.000000 0.000000
    200 0.600399 0.399632 -0.000466 0.000000 0.000000 -3.141592
  time 16
    0 0.000000 0.000000 0.000000 0.000000 0.000000 -1.570796
    1 -0.106323 0.000000 -0.000198 0.000000 0.000000 0.000000
    2 0.000000 0.000000 0.000000 0.000000 0.000000 0.000000
    3 -0.904000 0.000000 -11.806000 0.000000 0.000000 0.000000
    4 0.000000 0.000000 -14.313999 0.000000 -1.570796 1.570857
    5 3.533001 0.000000 0.000000 0.000000 0.000000 0.000000
    6 6.250000 0.000000 0.000000 0.000000 0.000000 0.000000
    7 4.381292 1.546947 -1.721357 -1.153277 1.547377 -1.153364
    8 9.562500 6.343750 1.773438 1.153277 -1.547377 -1.153364
    9 5.786820 0.002787 -0.000113 -0.595397 1.152305 -1.206911
    10 5.999492 -0.000592 -4.000343 0.000000 0.000000 0.000000
    11 5.787410 0.002582 0.000893 0.501596 -0.446365 -1.201822
    12 5.999492 -0.000592 4.000336 0.000000 0.000000 0.000000
    13 0.500225 0.000133 -0.000088 -0.166592 0.000000 0.000060
    14 11.538465 0.008161 -0.001312 -0.000065 -0.000039 -1.612871
    15 -0.829338 0.893824 0.079659 -0.148839 0.047645 0.087266
    16 0.500225 0.000132 0.000076 0.146716 0.000000 0.000000
    17 11.532495 0.004432 -0.000089 0.000054 -0.000058 -1.609884
    18 -0.829586 0.894698 -0.079464 0.045377 -0.019621 0.087266
    19 10.599884 0.000105 -0.000553 1.357547 0.000024 -0.000048
    20 0.514208 -0.497844 -0.000805 0.000024 0.000047 0.806424
    21 11.042057 0.003717 0.004704 1.284837 -0.535425 0.200603
    22 -1.214832 0.203470 -0.477489 -0.135025 -0.078677 -0.001289
    23 10.599880 0.000105 0.000549 -0.032471 0.000000 0.000000
    24 0.514207 -0.493937 0.000801 0.000024 0.000049 0.804887
    25 11.041742 0.003171 -0.000571 -0.023596 0.497536 0.876562
    26 -1.063377 0.077663 0.150230 0.045121 0.020046 -0.012850
    27 0.610302 -0.939470 0.070343 -1.655295 -0.140102 -0.175628
    28 0.639940 -0.199121 0.060188 -1.665960 -0.131475 -0.066411
    29 0.600155 1.080261 -0.339535 -1.738023 0.020742 0.107457
    30 0.610207 0.400743 -0.010101 -1.762268 -0.061711 0.042968
    31 0.634715 -0.693997 -0.236250 0.236260 0.297584 -0.947136
    32 -0.792125 0.203736 0.461300 1.439074 -0.003453 -0.018305
    33 0.610300 -0.939469 -0.070351 1.655346 0.140091 -0.175580
    34 0.639937 -0.199121 -0.060200 1.665553 0.091387 -0.070246
    35 0.600157 1.080259 0.339531 1.764755 -0.263850 -0.039163
    36 0.610205 0.400743 0.010086 1.763344 -0.081564 -0.010400
    37 0.624002 -0.695300 0.236176 -0.356472 -0.241929 -0.933493
    38 -0.626031 -0.069983 -0.080517 -1.447153 0.086151 0.021559
    39 2.621377 -0.006439 -0.001438 -0.017851 -0.221391 0.436286
    40 2.660837 0.000397 -0.000071 -0.034104 -0.148482 0.680132
    41 2.206394 0.003368 -0.006769 -0.032349 0.046468 0.917903
    42 0.599952 0.959240 -0.300102 -0.174544 0.000000 0.000000
    43 2.553283 -0.005873 0.006359 0.072766 0.009059 0.833236
    44 2.095024 -0.003873 -0.006100 -0.547794 -0.128032 0.193914
    45 0.999380 -0.000236 -1.170306 -0.000001 0.000000 0.000000
    46 -0.122639 -0.721856 0.661690 -0.486644 0.223964 0.243056
    47 2.622113 -0.004555 0.002741 0.322853 0.321299 0.423805
    48 2.657909 0.004589 -0.000533 0.605171 -0.015637 1.366809
    49 2.200016 0.001663 0.004743 0.373081 -0.104806 0.772879
    50 0.599951 0.959244 0.300102 0.174544 0.000000 0.000000
    51 2.556570 -0.000385 0.000554 0.357142 -0.080647 1.172355
    52 2.103851 0.005614 -0.001014 0.568518 -0.341683 0.620380
    53 0.999374 -0.000237 1.166392 0.000000 0.000000 0.000001
    54 0.310846 -0.606445 -0.498005 0.308107 -0.197598 0.313976
    55 1.873069 -0.000835 -0.000994 -0.000007 0.000004 0.207412
    56 1.200941 0.399582 -0.000237 -0.009465 0.016087 0.007127
    57 0.000586 0.100342 -0.000319 -0.120035 -0.021926 -0.209617
    58 -0.161663 0.051712 0.194808 -2.941982 0.122408 -0.060194
    59 2.010092 -0.003202 -0.003377 0.000018 0.000013 0.548610
    60 0.000240 0.099802 -0.000395 -0.018823 0.010833 -0.239219
    61 -0.203197 0.048607 0.069150 -3.093332 0.033217 -0.046722
    62 1.180428 -0.006214 0.000780 -0.000026 -0.000060 0.410516
    63 -0.000196 0.099625 -0.000034 0.000000 0.000000 -0.314102
    64 -0.088736 -0.688435 -0.145203 2.930407 -0.136130 0.513013
    65 1.712069 -0.003328 0.003818 0.000023 -0.000021 0.461403
    66 -0.000580 0.100145 -0.000311 -0.010912 0.023129 -0.260841
    67 -0.146030 -0.232426 -0.014225 3.028455 -0.094299 0.113020
    68 1.290632 0.000362 -0.000032 0.000000 0.000000 0.202484
    69 -0.658121 -0.003575 0.072645 -0.142711 0.027792 -0.077299
    70 1.868080 -0.003049 0.006083 0.000015 0.000039 0.136687
    71 1.200079 0.399944 -0.000093 0.009465 -0.016087 0.007127
    72 0.000591 0.100342 0.000319 0.120035 0.021926 -0.209617
    73 0.068077 0.002285 -0.080050 3.111376 -0.069366 -0.060847
    74 2.011874 -0.005083 0.006086 -0.256543 0.043000 1.354182
    75 0.000229 0.099802 0.000395 0.018823 -0.010833 -0.239219
    76 -0.018673 -0.001009 0.047544 3.109244 0.002635 -0.106673
    77 1.178665 0.001595 0.000845 0.000078 -0.000024 0.694158
    78 -0.000198 0.099628 0.000034 0.000000 0.000000 -0.314102
    79 0.036892 -0.634449 0.266284 -2.801062 0.174301 0.490914
    80 1.704350 -0.002506 -0.000686 0.000026 0.000071 0.926271
    81 -0.000576 0.100136 0.000311 0.010912 -0.023131 -0.260841
    82 -0.003952 -0.281811 0.115047 -3.059162 0.089004 0.167964
    83 1.289627 0.003949 0.000061 -0.000002 -0.000021 0.803669
    84 -0.171528 -0.018148 -0.099873 0.013484 -0.062184 -0.011780
    85 0.912716 0.007240 0.001326 0.000019 0.000021 0.155433
    86 -0.342617 0.053404 -0.025571 -2.909301 -0.017248 0.075276
    87 1.100231 -0.000930 -0.002434 0.000009 0.000014 0.095410
    88 -0.384983 0.330998 0.006848 -3.087207 -0.018765 -0.184279
    89 0.678146 0.002286 0.000002 -0.000018 -0.000019 0.268419
    90 -0.123848 0.072737 0.029507 2.898184 -0.060627 0.094834
    91 1.017166 -0.000154 -0.000252 -0.000023 -0.000014 0.162301
    92 -0.344986 0.123129 0.143151 2.994981 0.012396 0.059140
    93 -0.730988 0.177046 0.039141 -0.123731 0.076518 -0.084310
    94 0.925900 0.001298 -0.000896 -0.000062 -0.000071 -0.017497
    95 -0.124027 -0.052092 0.038496 3.077813 -0.008519 0.039229
    96 1.100430 -0.007458 0.000503 -0.217179 0.000042 0.841328
    97 -0.330082 0.160641 0.042780 3.128073 0.034033 -0.171236
    98 0.679760 0.005438 0.003272 0.000074 -0.000021 0.727681
    99 -0.019516 -0.016531 0.038578 -2.763781 0.050305 0.076828
    100 1.014985 0.005113 0.001121 -0.084282 -0.010479 1.032479
    101 -0.155312 0.130643 -0.021921 -3.022466 0.022433 -0.024903
    102 -0.252209 0.061937 -0.024914 -0.007671 -0.063171 -0.044392
    103 -0.085991 0.185203 -0.015180 -2.937063 -0.113970 -0.138991
    104 -0.286537 0.179852 0.024264 -3.109353 -0.049645 -0.029915
    105 -0.019489 0.147084 0.079203 2.893815 0.038585 -0.060594
    106 -0.046482 0.251898 0.129548 3.016165 0.077112 -0.042864
    107 0.039120 -0.040298 0.047739 3.084219 0.030470 -0.037414
    108 -0.233757 0.066630 0.001754 -3.133086 0.040141 -0.065413
    109 0.044266 0.020128 0.001684 -2.778763 -0.118872 -0.040488
    110 0.071495 0.074127 -0.048302 -3.035917 -0.059482 0.104366
    111 0.000000 0.000000 0.000000 0.000000 0.000000 -1.570796
    112 9.883114 -1.089877 -4.433729 -0.110593 0.001064 0.079639
    113 4.558733 11.703482 -8.453383 -0.372630 -0.771121 -1.111510
    114 -0.348999 0.000000 0.342999 0.000000 0.000000 0.000000
    115 2.394995 0.000000 0.034000 0.000000 0.000000 0.000000
    116 0.008000 0.000000 1.401997 0.000000 0.000000 0.000000
    117 1.148998 0.000000 0.626999 0.000000 0.000000 0.000000
    118 1.107998 0.000000 0.153000 0.000000 0.000000 0.000000
    119 -2.457995 0.000000 0.449999 0.000000 0.000000 0.000000
    120 0.283000 0.000000 0.659998 0.000000 0.000000 0.000000
    121 4.293992 0.000000 0.136000 0.000000 0.000000 0.000000
    122 1.511997 -0.417999 1.094998 0.000000 0.000000 -1.570755
    123 4.229991 0.000000 0.042000 0.000000 0.000000 0.000000
    124 0.240000 0.000000 -0.662999 0.000000 0.000000 0.000000
    125 1.060998 0.000000 -3.633993 0.000000 0.000000 0.000000
    126 0.193999 0.000000 -2.057996 0.000000 0.000000 0.000000
    127 -0.774998 0.000000 -2.394995 0.000000 0.000000 0.000000
    128 0.000000 0.000000 0.000000 0.000000 0.000000 0.000000
    129 -0.106000 0.000000 64.320000 0.000000 0.000000 0.000000
    130 0.000000 0.000000 0.000000 0.000000 0.000000 0.000000
    131 0.000000 0.000000 0.000000 -0.005081 0.015184 0.003847
    132 20.546326 -0.553568 5.362858 -0.110684 0.001046 0.079581
    133 0.106000 0.000000 -64.320000 0.000000 0.000000 0.000000
    134 0.000000 0.000000 0.000000 0.000000 0.000000 0.000000
    135 0.000000 0.000000 -4.867002 -3.141592 0.000000 -3.128591
    136 0.000000 0.000000 4.867000 -3.141592 0.000000 -3.128591
    137 4.000000 -6.500000 0.000000 0.000000 0.000000 0.000977
    138 -6.500000 0.000000 0.000000 0.000000 1.570796 0.000000
    139 1.000088 -0.000029 0.000000 0.000000 0.000000 0.000000
    140 17.162516 -0.000404 0.000000 0.000000 0.000000 0.119214
    141 9.999891 -0.000303 0.000000 0.000000 0.000000 0.000000
    142 1.000088 -0.000029 0.000000 0.000000 0.000000 0.000000
    143 17.162516 -0.000404 0.000000 0.000000 0.000000 0.119214
    144 9.499836 0.000212 0.000000 0.000000 0.000000 0.000000
    145 0.000000 0.000000 0.000000 0.000000 0.000000 0.000000
    146 17.749374 0.295515 0.000000 0.000000 0.000000 -1.158958
    147 0.017889 0.299792 0.000000 0.000000 0.000000 -0.059582
    148 12.283573 1.581456 -4.696000 1.462269 -0.086726 0.090185
    149 17.749376 0.295515 0.000000 0.000000 0.000000 -1.158958
    150 0.017889 0.299792 0.000000 0.000000 0.000000 -0.059582
    151 13.354000 0.000000 0.000000 0.000000 0.000000 -0.294101
    152 4.530998 0.000000 0.000000 0.000000 0.000000 0.000000
    153 0.000000 0.000000 0.000000 0.000000 0.000000 0.000000
    154 5.413524 0.000347 0.000000 0.000000 0.000000 -0.518055
    155 5.413524 0.000347 0.000000 0.000000 0.000000 -0.518055
    156 4.662002 -5.366333 4.825191 1.569713 1.561305 -3.121213
    157 3.116966 -0.000443 0.000000 0.000000 0.000000 0.294101
    158 0.000000 0.000000 0.000000 0.000000 0.000000 0.000000
    159 4.696903 -1.734428 -9.406119 0.479572 -0.955825 -0.849488
    160 -10.729441 8.653029 -55.661080 0.110448 0.007672 -0.079089
    161 3.512001 -3.547000 -1.066000 0.000000 1.570796 0.000000
    162 3.456001 -3.517000 1.169000 0.000000 1.570796 0.000000
    163 6.233002 0.000000 0.000000 0.000000 0.000000 0.000000
    164 -0.171997 -0.106000 -0.902000 1.570713 1.029176 -3.134550
    165 6.148244 -6.473753 -0.050783 0.003847 0.005141 -0.015172
    166 0.181000 -0.064000 1.096000 0.000000 0.000000 0.000000
    167 3.999434 -0.000528 -0.000332 0.678717 -0.000023 0.000016
    168 3.999901 0.000041 0.001011 -0.016310 0.000000 0.000000
    169 1.598000 0.000000 0.000000 0.000000 0.000000 0.000000
    170 -1.145525 0.000130 0.000668 0.000000 0.000000 0.000000
    171 2.299679 -2.499979 -0.599480 0.891953 0.221482 -0.527375
    172 12.492272 -2.460465 10.363269 -0.047916 0.236159 0.193141
    173 -9.580673 -27.862106 -37.184681 0.812879 -0.123459 -0.568477
    174 0.649933 -0.548295 0.093651 -1.665913 -0.131399 -0.112062
    175 0.657074 0.008402 0.040371 -1.665945 -0.131407 -0.000013
    176 0.665776 0.747221 -0.029190 -1.665935 -0.131408 0.094976
    177 2.300138 -2.499413 0.600155 -0.891957 -0.221446 -0.527243
    178 11.192136 0.463332 4.564915 2.348966 -0.350371 0.140427
    179 2.762354 0.116951 1.523975 1.629482 0.064153 1.743800
    180 7.228323 7.928198 -3.925648 2.328713 0.123459 -0.568477
    181 0.650394 -0.547730 -0.092979 1.665913 0.131399 -0.112062
    182 0.657069 0.008398 -0.040379 1.665945 0.131407 -0.000013
    183 0.665777 0.747220 0.029182 1.665935 0.131408 0.094976
    184 -4.481003 -0.202000 0.000000 0.000000 0.000000 0.000000
    185 -5.516998 -0.291000 -0.001000 0.000000 0.000000 0.000000
    186 -0.857700 0.104073 0.104687 0.023536 0.163924 0.013632
    187 1.899121 0.000427 -0.000439 0.027386 -0.033311 0.477848
    188 1.799659 -0.000240 0.000231 0.027386 -0.033311 0.477848
    189 1.799659 -0.000240 0.000231 0.027386 -0.033311 0.477848
    190 1.799659 -0.000240 0.000231 0.027386 -0.033311 0.477848
    191 1.900308 -0.000145 -0.000518 0.027386 -0.033311 0.477848
    192 1.899433 -0.000317 -0.000151 -0.027386 0.033311 0.477848
    193 1.799659 -0.000237 -0.000233 -0.027386 0.033311 0.477848
    194 1.799659 -0.000237 -0.000233 -0.027386 0.033311 0.477848
    195 1.799659 -0.000237 -0.000233 -0.027386 0.033311 0.477848
    196 1.900724 0.000553 -0.000072 -0.027386 0.033311 0.477848
    197 0.599884 0.400187 -0.000031 0.000000 0.000000 0.000000
    198 0.599888 0.400187 0.000031 0.000000 0.000000 -3.141592
    199 0.599503 0.400696 0.000234 0.000000 0.000000 0.000000
    200 0.600399 0.399632 -0.000466 0.000000 0.000000 -3.141592
  time 17
    0 0.000000 0.000000 0.000000 0.000000 0.000000 -1.570796
    1 -0.106323 0.000000 -0.000198 0.000000 0.000000 0.000000
    2 0.000000 0.000000 0.000000 0.000000 0.000000 0.000000
    3 -0.904000 0.000000 -11.806000 0.000000 0.000000 0.000000
    4 0.000000 0.000000 -14.313999 0.000000 -1.570796 1.570857
    5 3.533001 0.000000 0.000000 0.000000 0.000000 0.000000
    6 6.250000 0.000000 0.000000 0.000000 0.000000 0.000000
    7 4.381292 1.546947 -1.721357 -1.153277 1.547377 -1.153364
    8 9.562500 6.343750 1.773438 1.153277 -1.547377 -1.153364
    9 5.786820 0.002787 -0.000113 0.368934 1.322584 -0.164322
    10 5.999492 -0.000592 -4.000343 0.000000 0.000000 0.000000
    11 5.787410 0.002582 0.000893 0.505354 -0.451080 -1.214679
    12 5.999492 -0.000592 4.000336 0.000000 0.000000 0.000000
    13 0.500225 0.000133 -0.000088 -0.288014 0.000000 0.000000
    14 11.534559 0.004255 -0.001312 -0.000017 0.000009 -1.754659
    15 -0.829338 0.893824 0.079659 -0.148839 0.047645 0.087266
    16 0.500225 0.000132 0.000076 0.148315 0.000000 0.000000
    17 11.536401 0.000526 -0.000089 -0.000042 0.000026 -1.591252
    18 -0.829586 0.894698 -0.079464 0.045377 -0.019621 0.087266
    19 10.599884 0.000105 -0.000553 1.392959 -0.000036 0.000036
    20 0.654838 -0.540814 -0.000805 0.000000 0.000011 0.877377
    21 11.042057 0.003717 0.004704 1.319254 -0.478750 0.201659
    22 -1.214832 0.203470 -0.477489 -0.135025 -0.078677 -0.001289
    23 10.599880 0.000105 0.000549 0.062610 0.000000 0.000000
    24 0.498581 -0.490031 0.000801 -0.000024 -0.000047 0.795589
    25 11.041742 0.003171 -0.000571 0.047394 0.533477 0.883827
    26 -1.063377 0.077663 0.150230 0.045121 0.020046 -0.012850
    27 0.610302 -0.939470 0.070343 -1.655346 -0.140007 -0.175580
    28 0.639940 -0.199121 0.060188 -1.666011 -0.131391 -0.066327
    29 0.600155 1.080261 -0.339535 -1.738129 0.020742 0.107457
    30 0.610207 0.400743 -0.010101 -1.762268 -0.061592 0.043004
    31 0.634715 -0.693997 -0.232343 0.236224 0.295682 -0.947096
    32 -0.792125 0.203736 0.461300 1.439074 -0.003453 -0.018305
    33 0.610300 -0.939469 -0.070351 1.655295 0.140091 -0.175580
    34 0.639937 -0.199121 -0.060200 1.665553 0.091303 -0.070150
    35 0.600157 1.080259 0.339531 1.764649 -0.263886 -0.039115
    36 0.610205 0.400743 0.010086 1.763344 -0.081564 -0.010304
    37 0.624002 -0.695300 0.232270 -0.356496 -0.242013 -0.933456
    38 -0.626031 -0.069983 -0.080517 -1.447153 0.086151 0.021559
    39 2.621377 -0.006439 -0.001438 -0.031090 -0.247985 0.504257
    40 2.664743 0.000397 -0.000071 -0.043066 -0.145845 0.741728
    41 2.202488 0.003368 -0.006769 -0.032397 0.046484 0.917903
    42 0.599952 0.959240 -0.300102 -0.174544 0.000000 0.000000
    43 2.553283 -0.001967 0.006359 0.072876 0.007897 0.854449
    44 2.095024 -0.003873 -0.006100 -0.547765 -0.128182 0.194016
    45 0.999380 -0.000236 -1.170306 -0.000001 0.000000 0.000000
    46 -0.122639 -0.721856 0.661690 -0.486644 0.223964 0.243056
    47 2.622113 -0.000648 0.002741 0.322853 0.321478 0.423805
    48 2.657909 0.004589 -0.000533 0.605242 -0.015733 1.366719
    49 2.200016 0.001663 0.004743 0.373069 -0.104674 0.772910
    50 0.599951 0.959244 0.300102 0.174544 0.000000 0.000000
    51 2.556570 -0.004291 0.000554 0.357221 -0.080539 1.172317
    52 2.103851 0.001708 -0.001014 0.568546 -0.341646 0.620401
    53 0.999374 -0.000237 1.166392 0.000000 0.000000 0.000001
    54 0.310846 -0.606445 -0.498005 0.308107 -0.197598 0.313976
    55 1.873069 -0.000835 -0.000994 -0.000007 0.000004 0.391700
    56 1.200941 0.399582 -0.000237 -0.009465 0.016087 0.007127
    57 0.000586 0.100342 -0.000319 -0.120035 -0.021926 -0.209617
    58 -0.161663 0.051712 0.194808 -2.941982 0.122408 -0.060194
    59 2.010092 -0.003202 -0.003377 0.000018 0.000013 0.857593
    60 0.000240 0.099802 -0.000395 -0.018823 0.010833 -0.239219
    61 -0.203197 0.048607 0.069150 -3.093332 0.033217 -0.046722
    62 1.180428 -0.006214 0.000780 -0.000014 0.000000 0.723962
    63 -0.000196 0.099625 -0.000034 0.000000 0.000000 -0.314102
    64 -0.088736 -0.688435 -0.145203 2.930407 -0.136130 0.513013
    65 1.715976 -0.003328 0.003818 -0.000037 0.000003 0.792983
    66 -0.000580 0.100145 -0.000311 -0.010912 0.023129 -0.260841
    67 -0.146030 -0.232426 -0.014225 3.028455 -0.094299 0.113020
    68 1.290632 0.000362 -0.000032 0.000000 0.000000 0.202484
    69 -0.658121 -0.003575 0.072645 -0.142711 0.027792 -0.077299
    70 1.868080 -0.003049 0.006083 0.000003 -0.000021 0.137235
    71 1.200079 0.399944 -0.000093 0.009465 -0.016087 0.007127
    72 0.000591 0.100342 0.000319 0.120035 0.021926 -0.209617
    73 0.068077 0.002285 -0.080050 3.111376 -0.069366 -0.060847
    74 2.015780 -0.005083 0.002180 -0.256591 0.043060 1.354283
    75 0.000229 0.099802 0.000395 0.018823 -0.010833 -0.239219
    76 -0.018673 -0.001009 0.047544 3.109244 0.002635 -0.106673
    77 1.178665 0.001595 0.000845 0.000018 -0.000012 0.694132
    78 -0.000198 0.099628 0.000034 0.000000 0.000000 -0.314102
    79 0.036892 -0.634449 0.266284 -2.801062 0.174301 0.490914
    80 1.704350 -0.002506 -0.004592 -0.000022 0.000059 0.926271
    81 -0.000576 0.100136 0.000311 0.010912 -0.023131 -0.260841
    82 -0.003952 -0.281811 0.115047 -3.059162 0.089004 0.167964
    83 1.289627 0.003949 0.000061 -0.000014 0.000003 0.803669
    84 -0.171528 -0.018148 -0.099873 0.013484 -0.062184 -0.011780
    85 0.912716 0.007240 0.001326 0.000007 -0.000039 0.295537
    86 -0.342617 0.053404 -0.025571 -2.909301 -0.017248 0.075276
    87 1.100231 -0.000930 -0.002434 0.000009 0.000014 -0.001360
    88 -0.384983 0.330998 0.006848 -3.087207 -0.018765 -0.184279
    89 0.678146 0.006192 0.000002 -0.000018 -0.000019 0.198191
    90 -0.123848 0.072737 0.029507 2.898184 -0.060627 0.094834
    91 1.017166 -0.000154 -0.000252 -0.000023 -0.000014 0.071903
    92 -0.344986 0.123129 0.143151 2.994981 0.012396 0.059140
    93 -0.730988 0.177046 0.039141 -0.123731 0.076518 -0.084310
    94 0.925900 0.001298 -0.000896 -0.000002 -0.000011 -0.017354
    95 -0.124027 -0.052092 0.038496 3.077813 -0.008519 0.039229
    96 1.100430 -0.007458 0.000503 -0.217215 0.000030 0.841328
    97 -0.330082 0.160641 0.042780 3.128073 0.034033 -0.171236
    98 0.679760 0.005438 0.003272 0.000014 0.000003 0.727777
    99 -0.019516 -0.016531 0.038578 -2.763781 0.050305 0.076828
    100 1.018891 0.005113 0.001121 -0.084258 -0.010419 1.032479
    101 -0.155312 0.130643 -0.021921 -3.022466 0.022433 -0.024903
    102 -0.252209 0.061937 -0.024914 -0.007671 -0.063171 -0.044392
    103 -0.085991 0.185203 -0.015180 -2.937063 -0.113970 -0.138991
    104 -0.286537 0.179852 0.024264 -3.109353 -0.049645 -0.029915
    105 -0.019489 0.147084 0.079203 2.893815 0.038585 -0.060594
    106 -0.046482 0.251898 0.129548 3.016165 0.077112 -0.042864
    107 0.039120 -0.040298 0.047739 3.084219 0.030470 -0.037414
    108 -0.233757 0.066630 0.001754 -3.133086 0.040141 -0.065413
    109 0.044266 0.020128 0.001684 -2.778763 -0.118872 -0.040488
    110 0.071495 0.074127 -0.048302 -3.035917 -0.059482 0.104366
    111 0.000000 0.000000 0.000000 0.000000 0.000000 -1.570796
    112 9.984680 -1.171911 -4.414197 -0.039153 -0.017180 0.072947
    113 4.898587 11.515976 -8.285409 -0.285721 -0.812949 -1.179338
    114 -0.348999 0.000000 0.342999 0.000000 0.000000 0.000000
    115 2.394995 0.000000 0.034000 0.000000 0.000000 0.000000
    116 0.008000 0.000000 1.401997 0.000000 0.000000 0.000000
    117 1.148998 0.000000 0.626999 0.000000 0.000000 0.000000
    118 1.107998 0.000000 0.153000 0.000000 0.000000 0.000000
    119 -2.457995 0.000000 0.449999 0.000000 0.000000 0.000000
    120 0.283000 0.000000 0.659998 0.000000 0.000000 0.000000
    121 4.293992 0.000000 0.136000 0.000000 0.000000 0.000000
    122 1.511997 -0.417999 1.094998 0.000000 0.000000 -1.570755
    123 4.229991 0.000000 0.042000 0.000000 0.000000 0.000000
    124 0.240000 0.000000 -0.662999 0.000000 0.000000 0.000000
    125 1.060998 0.000000 -3.633993 0.000000 0.000000 0.000000
    126 0.193999 0.000000 -2.057996 0.000000 0.000000 0.000000
    127 -0.774998 0.000000 -2.394995 0.000000 0.000000 0.000000
    128 0.000000 0.000000 0.000000 0.000000 0.000000 0.000000
    129 -0.106000 0.000000 64.320000 0.000000 0.000000 0.000000
    130 0.000000 0.000000 0.000000 0.000000 0.000000 0.000000
    131 0.000000 0.000000 0.000000 0.004123 0.008941 0.007383
    132 20.675236 -0.545755 5.558177 -0.039241 -0.017199 0.072948
    133 0.106000 0.000000 -64.320000 0.000000 0.000000 0.000000
    134 0.000000 0.000000 0.000000 0.000000 0.000000 0.000000
    135 0.000000 0.000000 -4.867002 -3.141592 0.000000 -3.128591
    136 0.000000 0.000000 4.867000 -3.141592 0.000000 -3.128591
    137 4.000000 -6.500000 0.000000 0.000000 0.000000 0.000977
    138 -6.500000 0.000000 0.000000 0.000000 1.570796 0.000000
    139 1.000088 -0.000029 0.000000 0.000000 0.000000 0.000000
    140 17.162516 -0.000404 0.000000 0.000000 0.000000 0.119214
    141 9.999891 -0.000303 0.000000 0.000000 0.000000 0.000000
    142 1.000088 -0.000029 0.000000 0.000000 0.000000 0.000000
    143 17.162516 -0.000404 0.000000 0.000000 0.000000 0.119214
    144 9.499836 0.000212 0.000000 0.000000 0.000000 0.000000
    145 0.000000 0.000000 0.000000 0.000000 0.000000 0.000000
    146 17.749374 0.295515 0.000000 0.000000 0.000000 -1.158958
    147 0.017889 0.299792 0.000000 0.000000 0.000000 -0.059582
    148 12.283573 1.581456 -4.696000 1.462269 -0.086726 0.090185
    149 17.749376 0.295515 0.000000 0.000000 0.000000 -1.158958
    150 0.017889 0.299792 0.000000 0.000000 0.000000 -0.059582
    151 13.354000 0.000000 0.000000 0.000000 0.000000 -0.294101
    152 4.530998 0.000000 0.000000 0.000000 0.000000 0.000000
    153 0.000000 0.000000 0.000000 0.000000 0.000000 0.000000
    154 5.413524 0.000347 0.000000 0.000000 0.000000 -0.518055
    155 5.413524 0.000347 0.000000 0.000000 0.000000 -0.518055
    156 4.662002 -5.366333 4.825191 1.569713 1.561305 -3.121213
    157 3.116966 -0.000443 0.000000 0.000000 0.000000 0.294101
    158 0.000000 0.000000 0.000000 0.000000 0.000000 0.000000
    159 6.056319 -6.883023 -15.550838 1.550055 -1.219455 -1.403470
    160 -11.940415 4.402899 -55.957964 0.037825 0.020117 -0.072198
    161 3.512001 -3.547000 -1.066000 0.000000 1.570796 0.000000
    162 3.456001 -3.517000 1.169000 0.000000 1.570796 0.000000
    163 6.233002 0.000000 0.000000 0.000000 0.000000 0.000000
    164 -0.171997 -0.106000 -0.902000 1.570713 1.029176 -3.134550
    165 6.191214 -6.430783 -0.019532 0.007383 -0.004051 -0.008964
    166 0.181000 -0.064000 1.096000 0.000000 0.000000 0.000000
    167 3.999434 -0.000528 -0.000332 0.696552 -0.000023 0.000016
    168 3.999901 0.000041 0.001011 0.031341 0.000000 0.000060
    169 1.598000 0.000000 0.000000 0.000000 0.000000 0.000000
    170 -1.145525 0.000130 0.000668 0.000000 0.000000 0.000000
    171 2.299679 -2.499979 -0.599480 0.892008 0.221590 -0.527262
    172 12.937598 -4.023013 15.769684 -0.050215 -0.004718 0.148488
    173 -9.580673 -27.862106 -37.184681 0.812879 -0.123459 -0.568477
    174 0.649933 -0.548295 0.093651 -1.665913 -0.131399 -0.112062
    175 0.657074 0.008402 0.040371 -1.665945 -0.131407 -0.000013
    176 0.665776 0.747221 -0.029190 -1.665935 -0.131408 0.094976
    177 2.300138 -2.499413 0.600155 -0.891957 -0.221494 -0.527259
    178 11.192136 0.467238 4.561009 2.348837 -0.350385 0.140533
    179 2.762354 0.116951 1.523975 1.629482 0.064153 1.743800
    180 7.228323 7.928198 -3.925648 2.328713 0.123459 -0.568477
    181 0.650394 -0.547730 -0.092979 1.665913 0.131399 -0.112062
    182 0.657069 0.008398 -0.040379 1.665945 0.131407 -0.000013
    183 0.665777 0.747220 0.029182 1.665935 0.131408 0.094976
    184 -4.481003 -0.202000 0.000000 0.000000 0.000000 0.000000
    185 -5.516998 -0.291000 -0.001000 0.000000 0.000000 0.000000
    186 -0.857700 0.104073 0.104687 0.023536 0.163924 0.013632
    187 1.899121 0.000427 -0.000439 0.027386 -0.033311 0.477848
    188 1.799659 -0.000240 0.000231 0.027386 -0.033311 0.477848
    189 1.799659 -0.000240 0.000231 0.027386 -0.033311 0.477848
    190 1.799659 -0.000240 0.000231 0.027386 -0.033311 0.477848
    191 1.900308 -0.000145 -0.000518 0.027386 -0.033311 0.477848
    192 1.899433 -0.000317 -0.000151 -0.027386 0.033311 0.477848
    193 1.799659 -0.000237 -0.000233 -0.027386 0.033311 0.477848
    194 1.799659 -0.000237 -0.000233 -0.027386 0.033311 0.477848
    195 1.799659 -0.000237 -0.000233 -0.027386 0.033311 0.477848
    196 1.900724 0.000553 -0.000072 -0.027386 0.033311 0.477848
    197 0.599884 0.400187 -0.000031 0.000000 0.000000 0.000000
    198 0.599888 0.400187 0.000031 0.000000 0.000000 -3.141592
    199 0.599503 0.400696 0.000234 0.000000 0.000000 0.000000
    200 0.600399 0.399632 -0.000466 0.000000 0.000000 -3.141592
  time 18
    0 0.000000 0.000000 0.000000 0.000000 0.000000 -1.570796
    1 -0.106323 0.000000 -0.000198 0.000000 0.000000 0.000000
    2 0.000000 0.000000 0.000000 0.000000 0.000000 0.000000
    3 -0.904000 0.000000 -11.806000 0.000000 0.000000 0.000000
    4 0.000000 0.000000 -14.313999 0.000000 -1.570796 1.570857
    5 3.533001 0.000000 0.000000 0.000000 0.000000 0.000000
    6 6.250000 0.000000 0.000000 0.000000 0.000000 0.000000
    7 4.381292 1.546947 -1.721357 -1.153277 1.547377 -1.153364
    8 9.562500 6.343750 1.773438 1.153277 -1.547377 -1.153364
    9 5.786820 0.002787 -0.000113 1.395752 0.991690 0.966714
    10 5.999492 -0.000592 -4.000343 0.000000 0.000000 0.000000
    11 5.787410 0.002582 0.000893 0.506663 -0.449922 -1.217961
    12 5.999492 -0.000592 4.000336 0.000000 0.000000 0.000000
    13 0.500225 0.000133 -0.000088 -0.446710 0.000000 0.000060
    14 11.534559 0.004255 -0.001312 -0.000017 0.000009 -1.965081
    15 -0.829338 0.893824 0.079659 -0.148839 0.047645 0.087266
    16 0.500225 0.000132 0.000076 0.148364 0.000000 0.000000
    17 11.536401 0.004432 -0.000089 0.000006 -0.000022 -1.583201
    18 -0.829586 0.894698 -0.079464 0.045377 -0.019621 0.087266
    19 10.599884 0.000105 -0.000553 1.288311 0.000000 0.000000
    20 0.885314 -0.591597 -0.000805 0.000000 0.000011 0.982535
    21 11.042057 0.003717 0.000798 1.311672 -0.313529 -0.036157
    22 -1.214832 0.203470 -0.477489 -0.135025 -0.078677 -0.001289
    23 10.599880 0.000105 0.000549 0.034889 0.000000 0.000000
    24 0.490768 -0.486125 0.000801 -0.000024 -0.000047 0.791620
    25 11.041742 0.003171 -0.000571 0.026939 0.553447 0.869474
    26 -1.063377 0.077663 0.150230 0.045121 0.020046 -0.012850
    27 0.610302 -0.939470 0.070343 -1.655346 -0.140102 -0.175616
    28 0.639940 -0.199121 0.060188 -1.666011 -0.131439 -0.066435
    29 0.600155 1.080261 -0.339535 -1.738023 0.020742 0.107457
    30 0.610207 0.400743 -0.010101 -1.762376 -0.061675 0.042932
    31 0.634715 -0.693997 -0.232343 0.236248 0.293795 -0.947055
    32 -0.792125 0.203736 0.461300 1.439074 -0.003453 -0.018305
    33 0.610300 -0.939469 -0.070351 1.655295 0.140151 -0.175664
    34 0.639937 -0.199121 -0.060200 1.665553 0.091411 -0.070330
    35 0.600157 1.080259 0.339531 1.764649 -0.263838 -0.039235
    36 0.610205 0.400743 0.010086 1.763182 -0.081516 -0.010412
    37 0.624002 -0.695300 0.236176 -0.356472 -0.241929 -0.933493
    38 -0.626031 -0.069983 -0.080517 -1.447153 0.086151 0.021559
    39 2.621377 -0.002532 -0.001438 -0.043717 -0.275166 0.568627
    40 2.664743 0.000397 -0.000071 -0.051939 -0.143328 0.801925
    41 2.206394 0.003368 -0.006769 -0.032277 0.046452 0.917903
    42 0.599952 0.959240 -0.300102 -0.174544 0.000000 0.000000
    43 2.557190 -0.001967 0.006359 0.073046 0.006315 0.872382
    44 2.095024 -0.003873 -0.006100 -0.547765 -0.128354 0.194077
    45 0.999380 -0.000236 -1.174212 -0.000001 0.000000 0.000000
    46 -0.122639 -0.721856 0.661690 -0.486644 0.223964 0.243056
    47 2.622113 -0.004555 0.002741 0.322918 0.321646 0.423926
    48 2.654002 0.004589 -0.000533 0.605207 -0.015625 1.366764
    49 2.200016 0.005570 0.000836 0.373069 -0.104674 0.772987
    50 0.599951 0.959244 0.300102 0.174544 0.000000 0.000000
    51 2.556570 -0.004291 0.000554 0.357155 -0.080491 1.172298
    52 2.103851 0.001708 -0.001014 0.568532 -0.341646 0.620464
    53 0.999374 -0.000237 1.166392 0.000000 0.000000 0.000001
    54 0.310846 -0.606445 -0.498005 0.308107 -0.197598 0.313976
    55 1.873069 -0.004741 -0.000994 -0.000019 -0.000044 0.581242
    56 1.200941 0.399582 -0.000237 -0.009465 0.016087 0.007127
    57 0.000586 0.100342 -0.000319 -0.120035 -0.021926 -0.209617
    58 -0.161663 0.051712 0.194808 -2.941982 0.122408 -0.060194
    59 2.010092 -0.003202 -0.003377 0.000018 0.000013 1.173168
    60 0.000240 0.099802 -0.000395 -0.018823 0.010833 -0.239219
    61 -0.203197 0.048607 0.069150 -3.093332 0.033217 -0.046722
    62 1.180428 -0.006214 0.000780 -0.000014 0.000000 1.044894
    63 -0.000196 0.099625 -0.000034 0.000000 0.000000 -0.314102
    64 -0.088736 -0.688435 -0.145203 2.930407 -0.136130 0.513013
    65 1.712069 -0.003328 -0.000088 0.000023 -0.000021 1.130901
    66 -0.000580 0.100145 -0.000311 -0.010912 0.023129 -0.260841
    67 -0.146030 -0.232426 -0.014225 3.028455 -0.094299 0.113020
    68 1.290632 0.000362 -0.000032 0.000024 0.000000 0.202484
    69 -0.658121 -0.003575 0.072645 -0.142711 0.027792 -0.077299
    70 1.868080 -0.003049 0.006083 0.000003 -0.000021 0.138181
    71 1.200079 0.399944 -0.000093 0.009465 -0.016087 0.007127
    72 0.000591 0.100342 0.000319 0.120035 0.021926 -0.209617
    73 0.068077 0.002285 -0.080050 3.111376 -0.069366 -0.060847
    74 2.011874 -0.005083 0.006086 -0.256591 0.043048 1.354215
    75 0.000229 0.099802 0.000395 0.018823 -0.010833 -0.239219
    76 -0.018673 -0.001009 0.047544 3.109244 0.002635 -0.106673
    77 1.178665 0.001595 0.000845 0.000018 -0.000012 0.694158
    78 -0.000198 0.099628 0.000034 0.000000 0.000000 -0.314102
    79 0.036892 -0.634449 0.266284 -2.801062 0.174301 0.490914
    80 1.704350 -0.002506 -0.000686 -0.000058 0.000047 0.926271
    81 -0.000576 0.100136 0.000311 0.010912 -0.023131 -0.260841
    82 -0.003952 -0.281811 0.115047 -3.059162 0.089004 0.167964
    83 1.289627 0.003949 0.000061 -0.000026 -0.000033 0.803669
    84 -0.171528 -0.018148 -0.099873 0.013484 -0.062184 -0.011780
    85 0.912716 0.007240 0.001326 0.000019 0.000021 0.439093
    86 -0.342617 0.053404 -0.025571 -2.909301 -0.017248 0.075276
    87 1.100231 -0.000930 -0.002434 -0.000051 0.000014 -0.127149
    88 -0.384983 0.330998 0.006848 -3.087207 -0.018765 -0.184279
    89 0.678146 0.002286 0.000002 -0.000018 -0.000079 0.126388
    90 -0.123848 0.072737 0.029507 2.898184 -0.060627 0.094834
    91 1.017166 -0.000154 -0.000252 -0.000083 -0.000014 -0.045758
    92 -0.344986 0.123129 0.143151 2.994981 0.012396 0.059140
    93 -0.730988 0.177046 0.039141 -0.123731 0.076518 -0.084310
    94 0.925900 0.001298 -0.000896 -0.000002 -0.000011 -0.017011
    95 -0.124027 -0.052092 0.038496 3.077813 -0.008519 0.039229
    96 1.100430 -0.007458 0.000503 -0.217275 0.000006 0.841299
    97 -0.330082 0.160641 0.042780 3.128073 0.034033 -0.171236
    98 0.679760 0.001531 0.003272 0.000014 0.000003 0.727777
    99 -0.019516 -0.016531 0.038578 -2.763781 0.050305 0.076828
    100 1.018891 0.005113 0.001121 -0.084282 -0.010479 1.032479
    101 -0.155312 0.130643 -0.021921 -3.022466 0.022433 -0.024903
    102 -0.252209 0.061937 -0.024914 -0.007671 -0.063171 -0.044392
    103 -0.085991 0.185203 -0.015180 -2.937063 -0.113970 -0.138991
    104 -0.286537 0.179852 0.024264 -3.109353 -0.049645 -0.029915
    105 -0.019489 0.147084 0.079203 2.893815 0.038585 -0.060594
    106 -0.046482 0.251898 0.129548 3.016165 0.077112 -0.042864
    107 0.039120 -0.040298 0.047739 3.084219 0.030470 -0.037414
    108 -0.233757 0.066630 0.001754 -3.133086 0.040141 -0.065413
    109 0.044266 0.020128 0.001684 -2.778763 -0.118872 -0.040488
    110 0.071495 0.074127 -0.048302 -3.035917 -0.059482 0.104366
    111 0.000000 0.000000 0.000000 0.000000 0.000000 -1.570796
    112 10.015931 -1.152379 -4.402478 -0.053688 -0.035387 0.061553
    113 5.117344 11.332377 -8.761986 -0.314414 -0.825543 -1.170391
    114 -0.348999 0.000000 0.342999 0.000000 0.000000 0.000000
    115 2.394995 0.000000 0.034000 0.000000 0.000000 0.000000
    116 0.008000 0.000000 1.401997 0.000000 0.000000 0.000000
    117 1.148998 0.000000 0.626999 0.000000 0.000000 0.000000
    118 1.107998 0.000000 0.153000 0.000000 0.000000 0.000000
    119 -2.457995 0.000000 0.449999 0.000000 0.000000 0.000000
    120 0.283000 0.000000 0.659998 0.000000 0.000000 0.000000
    121 4.293992 0.000000 0.136000 0.000000 0.000000 0.000000
    122 1.511997 -0.417999 1.094998 0.000000 0.000000 -1.570755
    123 4.229991 0.000000 0.042000 0.000000 0.000000 0.000000
    124 0.240000 0.000000 -0.662999 0.000000 0.000000 0.000000
    125 1.060998 0.000000 -3.633993 0.000000 0.000000 0.000000
    126 0.193999 0.000000 -2.057996 0.000000 0.000000 0.000000
    127 -0.774998 0.000000 -2.394995 0.000000 0.000000 0.000000
    128 0.000000 0.000000 0.000000 0.000000 0.000000 0.000000
    129 -0.106000 0.000000 64.320000 0.000000 0.000000 0.000000
    130 0.000000 0.000000 0.000000 0.000000 0.000000 0.000000
    131 0.000000 0.000000 0.000000 0.013435 0.013603 0.010463
    132 20.745551 -0.662946 5.749589 -0.053822 -0.035368 0.061551
    133 0.106000 0.000000 -64.320000 0.000000 0.000000 0.000000
    134 0.000000 0.000000 0.000000 0.000000 0.000000 0.000000
    135 0.000000 0.000000 -4.867002 -3.141592 0.000000 -3.128591
    136 0.000000 0.000000 4.867000 -3.141592 0.000000 -3.128591
    137 4.000000 -6.500000 0.000000 0.000000 0.000000 0.000977
    138 -6.500000 0.000000 0.000000 0.000000 1.570796 0.000000
    139 1.000088 -0.000029 0.000000 0.000000 0.000000 0.000000
    140 17.162516 -0.000404 0.000000 0.000000 0.000000 0.119214
    141 9.999891 -0.000303 0.000000 0.000000 0.000000 0.000000
    142 1.000088 -0.000029 0.000000 0.000000 0.000000 0.000000
    143 17.162516 -0.000404 0.000000 0.000000 0.000000 0.119214
    144 9.499836 0.000212 0.000000 0.000000 0.000000 0.000000
    145 0.000000 0.000000 0.000000 0.000000 0.000000 0.000000
    146 17.749374 0.295515 0.000000 0.000000 0.000000 -1.158958
    147 0.017889 0.299792 0.000000 0.000000 0.000000 -0.059582
    148 12.283573 1.581456 -4.696000 1.462269 -0.086726 0.090185
    149 17.749376 0.295515 0.000000 0.000000 0.000000 -1.158958
    150 0.017889 0.299792 0.000000 0.000000 0.000000 -0.059582
    151 13.354000 0.000000 0.000000 0.000000 0.000000 -0.294101
    152 4.530998 0.000000 0.000000 0.000000 0.000000 0.000000
    153 0.000000 0.000000 0.000000 0.000000 0.000000 0.000000
    154 5.413524 0.000347 0.000000 0.000000 0.000000 -0.518055
    155 5.413524 0.000347 0.000000 0.000000 0.000000 -0.518055
    156 4.662002 -5.366333 4.825191 1.569713 1.561305 -3.121213
    157 3.116966 -0.000443 0.000000 0.000000 0.000000 0.294101
    158 0.000000 0.000000 0.000000 0.000000 0.000000 0.000000
    159 7.927470 -8.070559 -21.406485 1.882238 -1.091994 -1.459499
    160 -13.088888 5.125577 -55.692331 0.051479 0.038763 -0.059463
    161 3.512001 -3.547000 -1.066000 0.000000 1.570796 0.000000
    162 3.456001 -3.517000 1.169000 0.000000 1.570796 0.000000
    163 6.233002 0.000000 0.000000 0.000000 0.000000 0.000000
    164 -0.171997 -0.106000 -0.902000 1.570713 1.029176 -3.134550
    165 6.159963 -6.462034 0.011719 0.010463 -0.013291 -0.013722
    166 0.181000 -0.064000 1.096000 0.000000 0.000000 0.000000
    167 3.999434 -0.000528 -0.000332 0.644182 -0.000023 0.000016
    168 3.999901 0.000041 0.001011 0.017558 0.000000 0.000000
    169 1.598000 0.000000 0.000000 0.000000 0.000000 0.000000
    170 -1.145525 0.000130 0.000668 0.000000 0.000000 0.000000
    171 2.299679 -2.499979 -0.599480 0.892008 0.221470 -0.527197
    172 16.523645 -6.933258 18.621333 0.037518 -0.162387 0.196425
    173 -9.580673 -27.862106 -37.184681 0.812879 -0.123459 -0.568477
    174 0.649933 -0.548295 0.093651 -1.665913 -0.131399 -0.112062
    175 0.657074 0.008402 0.040371 -1.665945 -0.131407 -0.000013
    176 0.665776 0.747221 -0.029190 -1.665935 -0.131408 0.094976
    177 2.300138 -2.499413 0.600155 -0.891930 -0.221530 -0.527275
    178 11.192136 0.467238 4.561009 2.348772 -0.350517 0.140427
    179 2.762354 0.116951 1.523975 1.629482 0.064153 1.743800
    180 7.228323 7.928198 -3.925648 2.328713 0.123459 -0.568477
    181 0.650394 -0.547730 -0.092979 1.665913 0.131399 -0.112062
    182 0.657069 0.008398 -0.040379 1.665945 0.131407 -0.000013
    183 0.665777 0.747220 0.029182 1.665935 0.131408 0.094976
    184 -4.481003 -0.202000 0.000000 0.000000 0.000000 0.000000
    185 -5.516998 -0.291000 -0.001000 0.000000 0.000000 0.000000
    186 -0.857700 0.104073 0.104687 0.023536 0.163924 0.013632
    187 1.899121 0.000427 -0.000439 0.027386 -0.033311 0.477848
    188 1.799659 -0.000240 0.000231 0.027386 -0.033311 0.477848
    189 1.799659 -0.000240 0.000231 0.027386 -0.033311 0.477848
    190 1.799659 -0.000240 0.000231 0.027386 -0.033311 0.477848
    191 1.900308 -0.000145 -0.000518 0.027386 -0.033311 0.477848
    192 1.899433 -0.000317 -0.000151 -0.027386 0.033311 0.477848
    193 1.799659 -0.000237 -0.000233 -0.027386 0.033311 0.477848
    194 1.799659 -0.000237 -0.000233 -0.027386 0.033311 0.477848
    195 1.799659 -0.000237 -0.000233 -0.027386 0.033311 0.477848
    196 1.900724 0.000553 -0.000072 -0.027386 0.033311 0.477848
    197 0.599884 0.400187 -0.000031 0.000000 0.000000 0.000000
    198 0.599888 0.400187 0.000031 0.000000 0.000000 -3.141592
    199 0.599503 0.400696 0.000234 0.000000 0.000000 0.000000
    200 0.600399 0.399632 -0.000466 0.000000 0.000000 -3.141592
  time 19
    0 0.000000 0.000000 0.000000 0.000000 0.000000 -1.570796
    1 -0.106323 0.000000 -0.000198 0.000000 0.000000 0.000000
    2 0.000000 0.000000 0.000000 0.000000 0.000000 0.000000
    3 -0.904000 0.000000 -11.806000 0.000000 0.000000 0.000000
    4 0.000000 0.000000 -14.313999 0.000000 -1.570796 1.570857
    5 3.533001 0.000000 0.000000 0.000000 0.000000 0.000000
    6 6.250000 0.000000 0.000000 0.000000 0.000000 0.000000
    7 4.381292 1.546947 -1.721357 -1.153277 1.547377 -1.153364
    8 9.562500 6.343750 1.773438 1.153277 -1.547377 -1.153364
    9 5.786820 0.002787 -0.000113 1.626361 1.053819 1.123415
    10 5.999492 -0.000592 -4.000343 0.000000 0.000000 0.000000
    11 5.787410 0.002582 0.000893 0.504386 -0.451783 -1.212035
    12 5.999492 -0.000592 4.000336 0.000000 0.000000 0.000000
    13 0.500225 0.000133 -0.000088 -0.521134 0.000000 0.000000
    14 11.534559 0.000348 -0.001312 0.000019 0.000057 -1.809814
    15 -0.829338 0.893824 0.079659 -0.148839 0.047645 0.087266
    16 0.500225 0.000132 0.000076 0.148192 -0.000048 0.000000
    17 11.532495 0.004432 0.003817 -0.000042 -0.000058 -1.597233
    18 -0.829586 0.894698 -0.079464 0.045377 -0.019621 0.087266
    19 10.599884 0.000105 -0.000553 1.116368 0.000000 0.000000
    20 0.709527 -0.556439 -0.000805 0.000000 0.000011 0.904875
    21 11.042057 0.003717 0.004704 1.165158 -0.300598 -0.140672
    22 -1.214832 0.203470 -0.477489 -0.135025 -0.078677 -0.001289
    23 10.599880 0.000105 0.000549 -0.010018 0.000000 0.000000
    24 0.506394 -0.490031 0.000801 0.000048 -0.000035 0.798626
    25 11.041742 0.003171 -0.000571 -0.007763 0.555754 0.860673
    26 -1.063377 0.077663 0.150230 0.045121 0.020046 -0.012850
    27 0.610302 -0.939470 0.070343 -1.655346 -0.140102 -0.175664
    28 0.639940 -0.199121 0.060188 -1.666011 -0.131320 -0.066327
    29 0.600155 1.080261 -0.339535 -1.738129 0.020742 0.107457
    30 0.610207 0.400743 -0.010101 -1.762268 -0.061556 0.042956
    31 0.634715 -0.693997 -0.236250 0.236176 0.292395 -0.947096
    32 -0.792125 0.203736 0.461300 1.439074 -0.003453 -0.018305
    33 0.610300 -0.939469 -0.070351 1.655295 0.140103 -0.175628
    34 0.639937 -0.199121 -0.060200 1.665553 0.091363 -0.070294
    35 0.600157 1.080259 0.339531 1.764649 -0.263838 -0.039235
    36 0.610205 0.400743 0.010086 1.763182 -0.081564 -0.010388
    37 0.624002 -0.695300 0.236176 -0.356472 -0.241929 -0.933493
    38 -0.626031 -0.069983 -0.080517 -1.447153 0.086151 0.021559
    39 2.621377 -0.006439 -0.005345 -0.054247 -0.299284 0.622680
    40 2.660837 0.000397 -0.000071 -0.059532 -0.141003 0.853922
    41 2.206394 0.003368 -0.006769 -0.032349 0.046468 0.917978
    42 0.599952 0.959240 -0.300102 -0.174544 0.000000 0.000000
    43 2.557190 -0.005873 0.006359 0.073070 0.004673 0.885977
    44 2.095024 -0.003873 -0.006100 -0.547808 -0.128526 0.194240
    45 0.999380 -0.000236 -1.170306 -0.000001 0.000000 0.000000
    46 -0.122639 -0.721856 0.661690 -0.486644 0.223964 0.243056
    47 2.622113 -0.004555 0.006647 0.322869 0.321970 0.424048
    48 2.654002 0.004589 -0.000533 0.605189 -0.015721 1.366786
    49 2.200016 0.001663 0.000836 0.373045 -0.104746 0.772956
    50 0.599951 0.959244 0.300102 0.174544 0.000000 0.000000
    51 2.556570 -0.004291 0.000554 0.357221 -0.080539 1.172317
    52 2.103851 0.001708 -0.001014 0.568617 -0.341671 0.620401
    53 0.999374 -0.000237 1.166392 0.000000 0.000000 0.000001
    54 0.310846 -0.606445 -0.498005 0.308107 -0.197598 0.313976
    55 1.873069 -0.004741 -0.000994 -0.000067 0.000027 0.755933
    56 1.200941 0.399582 -0.000237 -0.009465 0.016087 0.007127
    57 0.000586 0.100342 -0.000319 -0.120035 -0.021926 -0.209617
    58 -0.161663 0.051712 0.194808 -2.941982 0.122408 -0.060194
    59 2.010092 -0.007109 -0.003377 0.000054 0.000048 1.452261
    60 0.000240 0.099802 -0.000395 -0.018823 0.010833 -0.239219
    61 -0.203197 0.048607 0.069150 -3.093332 0.033217 -0.046722
    62 1.180428 -0.006214 0.000780 -0.000014 0.000012 1.328977
    63 -0.000196 0.099625 -0.000034 0.000000 0.000000 -0.314102
    64 -0.088736 -0.688435 -0.145203 2.930407 -0.136130 0.513013
    65 1.712069 -0.003328 -0.000088 -0.000025 0.000027 1.428989
    66 -0.000580 0.100145 -0.000311 -0.010912 0.023129 -0.260841
    67 -0.146030 -0.232426 -0.014225 3.028455 -0.094299 0.113020
    68 1.290632 0.000362 -0.000032 0.000060 0.000000 0.202484
    69 -0.658121 -0.003575 0.072645 -0.142711 0.027792 -0.077299
    70 1.868080 -0.003049 0.006083 0.000003 -0.000021 0.139874
    71 1.200079 0.399944 -0.000093 0.009465 -0.016087 0.007127
    72 0.000591 0.100342 0.000319 0.120035 0.021926 -0.209617
    73 0.068077 0.002285 -0.080050 3.111376 -0.069366 -0.060847
    74 2.015780 -0.005083 0.006086 -0.256519 0.043144 1.354249
    75 0.000229 0.099802 0.000395 0.018823 -0.010833 -0.239219
    76 -0.018673 -0.001009 0.047544 3.109244 0.002635 -0.106673
    77 1.178665 0.001595 0.000845 -0.000006 -0.000060 0.694158
    78 -0.000198 0.099628 0.000034 0.000000 0.000000 -0.314102
    79 0.036892 -0.634449 0.266284 -2.801062 0.174301 0.490914
    80 1.704350 -0.002506 -0.004592 -0.000010 0.000023 0.926271
    81 -0.000576 0.100136 0.000311 0.010912 -0.023131 -0.260841
    82 -0.003952 -0.281811 0.115047 -3.059162 0.089004 0.167964
    83 1.289627 0.003949 0.000061 -0.000014 0.000003 0.803774
    84 -0.171528 -0.018148 -0.099873 0.013484 -0.062184 -0.011780
    85 0.912716 0.007240 0.001326 0.000078 0.000057 0.566037
    86 -0.342617 0.053404 -0.025571 -2.909301 -0.017248 0.075276
    87 1.100231 -0.000930 -0.002434 -0.000051 0.000014 -0.253058
    88 -0.384983 0.330998 0.006848 -3.087207 -0.018765 -0.184279
    89 0.678146 0.006192 0.000002 -0.000018 -0.000019 0.062848
    90 -0.123848 0.072737 0.029507 2.898184 -0.060627 0.094834
    91 1.017166 -0.000154 -0.000252 -0.000023 -0.000014 -0.163302
    92 -0.344986 0.123129 0.143151 2.994981 0.012396 0.059140
    93 -0.730988 0.177046 0.039141 -0.123731 0.076518 -0.084310
    94 0.925900 0.001298 -0.000896 0.000058 -0.000011 -0.016354
    95 -0.124027 -0.052092 0.038496 3.077813 -0.008519 0.039229
    96 1.100430 -0.007458 0.000503 -0.217239 0.000054 0.841241
    97 -0.330082 0.160641 0.042780 3.128073 0.034033 -0.171236
    98 0.679760 0.005438 0.003272 0.000014 0.000003 0.727777
    99 -0.019516 -0.016531 0.038578 -2.763781 0.050305 0.076828
    100 1.014985 0.005113 0.001121 -0.084293 -0.010431 1.032536
    101 -0.155312 0.130643 -0.021921 -3.022466 0.022433 -0.024903
    102 -0.252209 0.061937 -0.024914 -0.007671 -0.063171 -0.044392
    103 -0.085991 0.185203 -0.015180 -2.937063 -0.113970 -0.138991
    104 -0.286537 0.179852 0.024264 -3.109353 -0.049645 -0.029915
    105 -0.019489 0.147084 0.079203 2.893815 0.038585 -0.060594
    106 -0.046482 0.251898 0.129548 3.016165 0.077112 -0.042864
    107 0.039120 -0.040298 0.047739 3.084219 0.030470 -0.037414
    108 -0.233757 0.066630 0.001754 -3.133086 0.040141 -0.065413
    109 0.044266 0.020128 0.001684 -2.778763 -0.118872 -0.040488
    110 0.071495 0.074127 -0.048302 -3.035917 -0.059482 0.104366
    111 0.000000 0.000000 0.000000 0.000000 0.000000 -1.570796
    112 9.883114 -1.109409 -4.398572 -0.082573 -0.044053 0.061010
    113 5.066561 11.406598 -9.152623 -0.358737 -0.823429 -1.139545
    114 -0.348999 0.000000 0.342999 0.000000 0.000000 0.000000
    115 2.394995 0.000000 0.034000 0.000000 0.000000 0.000000
    116 0.008000 0.000000 1.401997 0.000000 0.000000 0.000000
    117 1.148998 0.000000 0.626999 0.000000 0.000000 0.000000
    118 1.107998 0.000000 0.153000 0.000000 0.000000 0.000000
    119 -2.457995 0.000000 0.449999 0.000000 0.000000 0.000000
    120 0.283000 0.000000 0.659998 0.000000 0.000000 0.000000
    121 4.293992 0.000000 0.136000 0.000000 0.000000 0.000000
    122 1.511997 -0.417999 1.094998 0.000000 0.000000 -1.570755
    123 4.229991 0.000000 0.042000 0.000000 0.000000 0.000000
    124 0.240000 0.000000 -0.662999 0.000000 0.000000 0.000000
    125 1.060998 0.000000 -3.633993 0.000000 0.000000 0.000000
    126 0.193999 0.000000 -2.057996 0.000000 0.000000 0.000000
    127 -0.774998 0.000000 -2.394995 0.000000 0.000000 0.000000
    128 0.000000 0.000000 0.000000 0.000000 0.000000 0.000000
    129 -0.106000 0.000000 64.320000 0.000000 0.000000 0.000000
    130 0.000000 0.000000 0.000000 0.000000 0.000000 0.000000
    131 0.000000 0.000000 0.000000 0.011218 0.019870 0.011769
    132 20.632266 -0.686384 5.835529 -0.082723 -0.044035 0.061008
    133 0.106000 0.000000 -64.320000 0.000000 0.000000 0.000000
    134 0.000000 0.000000 0.000000 0.000000 0.000000 0.000000
    135 0.000000 0.000000 -4.867002 -3.141592 0.000000 -3.128591
    136 0.000000 0.000000 4.867000 -3.141592 0.000000 -3.128591
    137 4.000000 -6.500000 0.000000 0.000000 0.000000 0.000977
    138 -6.500000 0.000000 0.000000 0.000000 1.570796 0.000000
    139 1.000088 -0.000029 0.000000 0.000000 0.000000 0.000000
    140 17.162516 -0.000404 0.000000 0.000000 0.000000 0.119214
    141 9.999891 -0.000303 0.000000 0.000000 0.000000 0.000000
    142 1.000088 -0.000029 0.000000 0.000000 0.000000 0.000000
    143 17.162516 -0.000404 0.000000 0.000000 0.000000 0.119214
    144 9.499836 0.000212 0.000000 0.000000 0.000000 0.000000
    145 0.000000 0.000000 0.000000 0.000000 0.000000 0.000000
    146 17.749374 0.295515 0.000000 0.000000 0.000000 -1.158958
    147 0.017889 0.299792 0.000000 0.000000 0.000000 -0.059582
    148 12.283573 1.581456 -4.696000 1.462269 -0.086726 0.090185
    149 17.749376 0.295515 0.000000 0.000000 0.000000 -1.158958
    150 0.017889 0.299792 0.000000 0.000000 0.000000 -0.059582
    151 13.354000 0.000000 0.000000 0.000000 0.000000 -0.294101
    152 4.530998 0.000000 0.000000 0.000000 0.000000 0.000000
    153 0.000000 0.000000 0.000000 0.000000 0.000000 0.000000
    154 5.413524 0.000347 0.000000 0.000000 0.000000 -0.518055
    155 5.413524 0.000347 0.000000 0.000000 0.000000 -0.518055
    156 4.662002 -5.366333 4.825191 1.569713 1.561305 -3.121213
    157 3.116966 -0.000443 0.000000 0.000000 0.000000 0.294101
    158 0.000000 0.000000 0.000000 0.000000 0.000000 0.000000
    159 8.650148 -8.492447 -26.766024 2.080113 -0.898105 -1.486796
    160 -13.459993 6.777972 -55.430604 0.079875 0.048727 -0.057282
    161 3.512001 -3.547000 -1.066000 0.000000 1.570796 0.000000
    162 3.456001 -3.517000 1.169000 0.000000 1.570796 0.000000
    163 6.233002 0.000000 0.000000 0.000000 0.000000 0.000000
    164 -0.171997 -0.106000 -0.902000 1.570713 1.029176 -3.134550
    165 6.116993 -6.501098 0.000000 0.011769 -0.010990 -0.020002
    166 0.181000 -0.064000 1.096000 0.000000 0.000000 0.000000
    167 3.999434 -0.000528 -0.000332 0.558139 -0.000023 0.000016
    168 3.999901 0.000041 0.001011 -0.005066 0.000000 0.000000
    169 1.598000 0.000000 0.000000 0.000000 0.000000 0.000000
    170 -1.145525 0.000130 0.000668 0.000000 0.000000 0.000000
    171 2.299679 -2.499979 -0.599480 0.892008 0.221590 -0.527246
    172 15.941596 -9.773188 19.179944 0.259339 -0.270401 0.195537
    173 -9.580673 -27.862106 -37.184681 0.812879 -0.123459 -0.568477
    174 0.649933 -0.548295 0.093651 -1.665913 -0.131399 -0.112062
    175 0.657074 0.008402 0.040371 -1.665945 -0.131407 -0.000013
    176 0.665776 0.747221 -0.029190 -1.665935 -0.131408 0.094976
    177 2.300138 -2.499413 0.600155 -0.892012 -0.221494 -0.527291
    178 11.192136 0.467238 4.561009 2.348772 -0.350341 0.140339
    179 2.762354 0.116951 1.523975 1.629482 0.064153 1.743800
    180 7.228323 7.928198 -3.925648 2.328713 0.123459 -0.568477
    181 0.650394 -0.547730 -0.092979 1.665913 0.131399 -0.112062
    182 0.657069 0.008398 -0.040379 1.665945 0.131407 -0.000013
    183 0.665777 0.747220 0.029182 1.665935 0.131408 0.094976
    184 -4.481003 -0.202000 0.000000 0.000000 0.000000 0.000000
    185 -5.516998 -0.291000 -0.001000 0.000000 0.000000 0.000000
    186 -0.857700 0.104073 0.104687 0.023536 0.163924 0.013632
    187 1.899121 0.000427 -0.000439 0.027386 -0.033311 0.477848
    188 1.799659 -0.000240 0.000231 0.027386 -0.033311 0.477848
    189 1.799659 -0.000240 0.000231 0.027386 -0.033311 0.477848
    190 1.799659 -0.000240 0.000231 0.027386 -0.033311 0.477848
    191 1.900308 -0.000145 -0.000518 0.027386 -0.033311 0.477848
    192 1.899433 -0.000317 -0.000151 -0.027386 0.033311 0.477848
    193 1.799659 -0.000237 -0.000233 -0.027386 0.033311 0.477848
    194 1.799659 -0.000237 -0.000233 -0.027386 0.033311 0.477848
    195 1.799659 -0.000237 -0.000233 -0.027386 0.033311 0.477848
    196 1.900724 0.000553 -0.000072 -0.027386 0.033311 0.477848
    197 0.599884 0.400187 -0.000031 0.000000 0.000000 0.000000
    198 0.599888 0.400187 0.000031 0.000000 0.000000 -3.141592
    199 0.599503 0.400696 0.000234 0.000000 0.000000 0.000000
    200 0.600399 0.399632 -0.000466 0.000000 0.000000 -3.141592
  time 20
    0 0.000000 0.000000 0.000000 0.000000 0.000000 -1.570796
    1 -0.106323 0.000000 -0.000198 0.000000 0.000000 0.000000
    2 0.000000 0.000000 0.000000 0.000000 0.000000 0.000000
    3 -0.904000 0.000000 -11.806000 0.000000 0.000000 0.000000
    4 0.000000 0.000000 -14.313999 0.000000 -1.570796 1.570857
    5 3.533001 0.000000 0.000000 0.000000 0.000000 0.000000
    6 6.250000 0.000000 0.000000 0.000000 0.000000 0.000000
    7 4.381292 1.546947 -1.721357 -1.153277 1.547377 -1.153364
    8 9.562500 6.343750 1.773438 1.153277 -1.547377 -1.153364
    9 5.786820 0.002787 -0.000113 1.905730 1.091665 1.319458
    10 5.999492 -0.000592 -4.000343 0.000000 0.000000 0.000000
    11 5.787410 0.002582 0.000893 0.501255 -0.457118 -1.205378
    12 5.999492 -0.000592 4.000336 0.000000 0.000000 0.000000
    13 0.500225 0.000133 -0.000088 -0.609478 0.000000 0.000000
    14 11.534559 0.004255 -0.001312 -0.000017 0.000009 -1.729667
    15 -0.829338 0.893824 0.079659 -0.148839 0.047645 0.087266
    16 0.500225 0.000132 0.000076 0.148118 0.000000 0.000060
    17 11.532495 0.004432 -0.000089 0.000042 0.000026 -1.618011
    18 -0.829586 0.894698 -0.079464 0.045377 -0.019621 0.087266
    19 10.599884 0.000105 -0.000553 1.022602 -0.000048 -0.000012
    20 0.631400 -0.536908 -0.000805 0.000000 0.000011 0.864824
    21 11.042057 0.003717 0.000798 1.123382 -0.400979 -0.252295
    22 -1.214832 0.203470 -0.477489 -0.135025 -0.078677 -0.001289
    23 10.599880 0.000105 0.000549 -0.002591 0.000000 0.000000
    24 0.522019 -0.493937 0.000801 0.000000 -0.000011 0.808910
    25 11.041742 0.003171 -0.000571 -0.002209 0.542441 0.874613
    26 -1.063377 0.077663 0.150230 0.045121 0.020046 -0.012850
    27 0.610302 -0.939470 0.070343 -1.655295 -0.140150 -0.175664
    28 0.639940 -0.199121 0.060188 -1.665960 -0.131391 -0.066495
    29 0.600155 1.080261 -0.339535 -1.738023 0.020730 0.107397
    30 0.610207 0.400743 -0.010101 -1.762268 -0.061675 0.042920
    31 0.634715 -0.693997 -0.236250 0.236224 0.291330 -0.947096
    32 -0.792125 0.203736 0.461300 1.439074 -0.003453 -0.018305
    33 0.610300 -0.939469 -0.070351 1.655346 0.140043 -0.175616
    34 0.639937 -0.199121 -0.060200 1.665655 0.091315 -0.070330
    35 0.600157 1.080259 0.339531 1.764702 -0.263886 -0.039211
    36 0.610205 0.400743 0.010086 1.763344 -0.081612 -0.010352
    37 0.624002 -0.691393 0.232270 -0.356388 -0.241941 -0.933456
    38 -0.626031 -0.069983 -0.080517 -1.447153 0.086151 0.021559
    39 2.621377 -0.006439 -0.005345 -0.061532 -0.316404 0.659943
    40 2.664743 0.000397 -0.000071 -0.064921 -0.139445 0.890375
    41 2.206394 0.003368 -0.006769 -0.032373 0.046548 0.918015
    42 0.599952 0.959240 -0.300102 -0.174544 0.000000 0.000000
    43 2.553283 -0.001967 0.002453 0.073228 0.003462 0.894963
    44 2.095024 -0.003873 -0.006100 -0.547837 -0.128654 0.194362
    45 0.999380 -0.000236 -1.170306 -0.000001 0.000000 0.000000
    46 -0.122639 -0.721856 0.661690 -0.486644 0.223964 0.243056
    47 2.622113 -0.004555 0.002741 0.322967 0.322497 0.424169
    48 2.654002 0.004589 -0.000533 0.605225 -0.015781 1.366719
    49 2.200016 0.001663 0.000836 0.373105 -0.104758 0.772941
    50 0.599951 0.959244 0.300102 0.174544 0.000000 0.000000
    51 2.556570 -0.004291 0.000554 0.357168 -0.080599 1.172373
    52 2.103851 0.005614 -0.001014 0.568518 -0.341683 0.620380
    53 0.999374 -0.000237 1.166392 0.000000 0.000000 0.000001
    54 0.310846 -0.606445 -0.498005 0.308107 -0.197598 0.313976
    55 1.873069 -0.004741 -0.000994 -0.000055 0.000027 0.895625
    56 1.200941 0.399582 -0.000237 -0.009465 0.016087 0.007127
    57 0.000586 0.100342 -0.000319 -0.120035 -0.021926 -0.209617
    58 -0.161663 0.051712 0.194808 -2.941982 0.122408 -0.060194
    59 2.010092 -0.003202 -0.003377 0.000018 0.000013 1.651461
    60 0.000240 0.099802 -0.000395 -0.018823 0.010833 -0.239219
    61 -0.203197 0.048607 0.069150 -3.093332 0.033217 -0.046722
    62 1.180428 -0.006214 0.000780 -0.000014 0.000000 1.531972
    63 -0.000196 0.099625 -0.000034 0.000000 0.000000 -0.314102
    64 -0.088736 -0.688435 -0.145203 2.930407 -0.136130 0.513013
    65 1.712069 -0.003328 0.003818 -0.000025 -0.000057 1.641739
    66 -0.000580 0.100145 -0.000311 -0.010912 0.023129 -0.260841
    67 -0.146030 -0.232426 -0.014225 3.028455 -0.094299 0.113020
    68 1.290632 0.000362 -0.000032 0.000000 0.000000 0.202484
    69 -0.658121 -0.003575 0.072645 -0.142711 0.027792 -0.077299
    70 1.868080 -0.003049 0.006083 0.000003 -0.000021 0.142165
    71 1.200079 0.399944 -0.000093 0.009465 -0.016087 0.007127
    72 0.000591 0.100342 0.000319 0.120035 0.021926 -0.209617
    73 0.068077 0.002285 -0.080050 3.111376 -0.069366 -0.060847
    74 2.015780 -0.005083 0.006086 -0.256639 0.043084 1.354249
    75 0.000229 0.099802 0.000395 0.018823 -0.010833 -0.239219
    76 -0.018673 -0.001009 0.047544 3.109244 0.002635 -0.106673
    77 1.178665 0.001595 0.000845 0.000018 -0.000012 0.694132
    78 -0.000198 0.099628 0.000034 0.000000 0.000000 -0.314102
    79 0.036892 -0.634449 0.266284 -2.801062 0.174301 0.490914
    80 1.704350 -0.002506 -0.004592 -0.000022 0.000023 0.926201
    81 -0.000576 0.100136 0.000311 0.010912 -0.023131 -0.260841
    82 -0.003952 -0.281811 0.115047 -3.059162 0.089004 0.167964
    83 1.289627 0.003949 0.000061 -0.000014 0.000003 0.803643
    84 -0.171528 -0.018148 -0.099873 0.013484 -0.062184 -0.011780
    85 0.912716 0.007240 0.001326 0.000019 0.000021 0.656779
    86 -0.342617 0.053404 -0.025571 -2.909301 -0.017248 0.075276
    87 1.100231 -0.000930 -0.002434 0.000009 0.000014 -0.349868
    88 -0.384983 0.330998 0.006848 -3.087207 -0.018765 -0.184279
    89 0.678146 0.006192 -0.003905 -0.000078 -0.000019 0.017406
    90 -0.123848 0.072737 0.029507 2.898184 -0.060627 0.094834
    91 1.017166 -0.000154 -0.000252 -0.000023 -0.000002 -0.253671
    92 -0.344986 0.123129 0.143151 2.994981 0.012396 0.059140
    93 -0.730988 0.177046 0.039141 -0.123731 0.076518 -0.084310
    94 0.921993 0.001298 -0.000896 0.000058 -0.000011 -0.015411
    95 -0.124027 -0.052092 0.038496 3.077813 -0.008519 0.039229
    96 1.100430 -0.007458 0.000503 -0.217263 0.000006 0.841241
    97 -0.330082 0.160641 0.042780 3.128073 0.034033 -0.171236
    98 0.679760 0.005438 0.003272 0.000014 0.000003 0.727745
    99 -0.019516 -0.016531 0.038578 -2.763781 0.050305 0.076828
    100 1.018891 0.001206 0.001121 -0.084305 -0.010395 1.032536
    101 -0.155312 0.130643 -0.021921 -3.022466 0.022433 -0.024903
    102 -0.252209 0.061937 -0.024914 -0.007671 -0.063171 -0.044392
    103 -0.085991 0.185203 -0.015180 -2.937063 -0.113970 -0.138991
    104 -0.286537 0.179852 0.024264 -3.109353 -0.049645 -0.029915
    105 -0.019489 0.147084 0.079203 2.893815 0.038585 -0.060594
    106 -0.046482 0.251898 0.129548 3.016165 0.077112 -0.042864
    107 0.039120 -0.040298 0.047739 3.084219 0.030470 -0.037414
    108 -0.233757 0.066630 0.001754 -3.133086 0.040141 -0.065413
    109 0.044266 0.020128 0.001684 -2.778763 -0.118872 -0.040488
    110 0.071495 0.074127 -0.048302 -3.035917 -0.059482 0.104366
    111 0.000000 0.000000 0.000000 0.000000 0.000000 -1.570796
    112 9.722953 -1.109409 -4.418104 -0.078615 -0.032422 0.071138
    113 4.851711 11.683950 -8.898709 -0.347335 -0.813894 -1.137329
    114 -0.348999 0.000000 0.342999 0.000000 0.000000 0.000000
    115 2.394995 0.000000 0.034000 0.000000 0.000000 0.000000
    116 0.008000 0.000000 1.401997 0.000000 0.000000 0.000000
    117 1.148998 0.000000 0.626999 0.000000 0.000000 0.000000
    118 1.107998 0.000000 0.153000 0.000000 0.000000 0.000000
    119 -2.457995 0.000000 0.449999 0.000000 0.000000 0.000000
    120 0.283000 0.000000 0.659998 0.000000 0.000000 0.000000
    121 4.293992 0.000000 0.136000 0.000000 0.000000 0.000000
    122 1.511997 -0.417999 1.094998 0.000000 0.000000 -1.570755
    123 4.229991 0.000000 0.042000 0.000000 0.000000 0.000000
    124 0.240000 0.000000 -0.662999 0.000000 0.000000 0.000000
    125 1.060998 0.000000 -3.633993 0.000000 0.000000 0.000000
    126 0.193999 0.000000 -2.057996 0.000000 0.000000 0.000000
    127 -0.774998 0.000000 -2.394995 0.000000 0.000000 0.000000
    128 0.000000 0.000000 0.000000 0.000000 0.000000 0.000000
    129 -0.106000 0.000000 64.320000 0.000000 0.000000 0.000000
    130 0.000000 0.000000 0.000000 0.000000 0.000000 0.000000
    131 0.000000 0.000000 0.000000 0.006496 0.026126 0.011421
    132 20.452573 -0.580912 5.706619 -0.078699 -0.032365 0.071199
    133 0.106000 0.000000 -64.320000 0.000000 0.000000 0.000000
    134 0.000000 0.000000 0.000000 0.000000 0.000000 0.000000
    135 0.000000 0.000000 -4.867002 -3.141592 0.000000 -3.128591
    136 0.000000 0.000000 4.867000 -3.141592 0.000000 -3.128591
    137 4.000000 -6.500000 0.000000 0.000000 0.000000 0.000977
    138 -6.500000 0.000000 0.000000 0.000000 1.570796 0.000000
    139 1.000088 -0.000029 0.000000 0.000000 0.000000 0.000000
    140 17.162516 -0.000404 0.000000 0.000000 0.000000 0.119214
    141 9.999891 -0.000303 0.000000 0.000000 0.000000 0.000000
    142 1.000088 -0.000029 0.000000 0.000000 0.000000 0.000000
    143 17.162516 -0.000404 0.000000 0.000000 0.000000 0.119214
    144 9.499836 0.000212 0.000000 0.000000 0.000000 0.000000
    145 0.000000 0.000000 0.000000 0.000000 0.000000 0.000000
    146 17.749374 0.295515 0.000000 0.000000 0.000000 -1.158958
    147 0.017889 0.299792 0.000000 0.000000 0.000000 -0.059582
    148 12.283573 1.581456 -4.696000 1.462269 -0.086726 0.090185
    149 17.749376 0.295515 0.000000 0.000000 0.000000 -1.158958
    150 0.017889 0.299792 0.000000 0.000000 0.000000 -0.059582
    151 13.354000 0.000000 0.000000 0.000000 0.000000 -0.294101
    152 4.530998 0.000000 0.000000 0.000000 0.000000 0.000000
    153 0.000000 0.000000 0.000000 0.000000 0.000000 0.000000
    154 5.413524 0.000347 0.000000 0.000000 0.000000 -0.518055
    155 5.413524 0.000347 0.000000 0.000000 0.000000 -0.518055
    156 4.662002 -5.366333 4.825191 1.569713 1.561305 -3.121213
    157 3.116966 -0.000443 0.000000 0.000000 0.000000 0.294101
    158 0.000000 0.000000 0.000000 0.000000 0.000000 0.000000
    159 9.638460 -10.980804 -33.652953 2.413173 -0.777529 -1.599723
    160 -12.581060 6.656874 -55.582952 0.076440 0.037694 -0.068360
    161 3.512001 -3.547000 -1.066000 0.000000 1.570796 0.000000
    162 3.456001 -3.517000 1.169000 0.000000 1.570796 0.000000
    163 6.233002 0.000000 0.000000 0.000000 0.000000 0.000000
    164 -0.171997 -0.106000 -0.902000 1.570713 1.029176 -3.134550
    165 6.074023 -6.536255 -0.031251 0.011421 -0.006184 -0.026198
    166 0.181000 -0.064000 1.096000 0.000000 0.000000 0.000000
    167 3.999434 -0.000528 -0.000332 0.511215 -0.000023 0.000016
    168 3.999901 0.000041 0.001011 -0.001303 0.000000 0.000000
    169 1.598000 0.000000 0.000000 0.000000 0.000000 0.000000
    170 -1.145525 0.000130 0.000668 0.000000 0.000000 0.000000
    171 2.299679 -2.499979 -0.599480 0.891953 0.221482 -0.527246
    172 16.715057 -11.640433 17.570520 0.455684 -0.245000 0.145647
    173 -9.580673 -27.862106 -37.184681 0.812879 -0.123459 -0.568477
    174 0.649933 -0.548295 0.093651 -1.665913 -0.131399 -0.112062
    175 0.657074 0.008402 0.040371 -1.665945 -0.131407 -0.000013
    176 0.665776 0.747221 -0.029190 -1.665935 -0.131408 0.094976
    177 2.300138 -2.499413 0.600155 -0.891930 -0.221518 -0.527275
    178 11.192136 0.467238 4.564915 2.349095 -0.350238 0.140392
    179 2.762354 0.116951 1.523975 1.629482 0.064153 1.743800
    180 7.228323 7.928198 -3.925648 2.328713 0.123459 -0.568477
    181 0.650394 -0.547730 -0.092979 1.665913 0.131399 -0.112062
    182 0.657069 0.008398 -0.040379 1.665945 0.131407 -0.000013
    183 0.665777 0.747220 0.029182 1.665935 0.131408 0.094976
    184 -4.481003 -0.202000 0.000000 0.000000 0.000000 0.000000
    185 -5.516998 -0.291000 -0.001000 0.000000 0.000000 0.000000
    186 -0.857700 0.104073 0.104687 0.023536 0.163924 0.013632
    187 1.899121 0.000427 -0.000439 0.027386 -0.033311 0.477848
    188 1.799659 -0.000240 0.000231 0.027386 -0.033311 0.477848
    189 1.799659 -0.000240 0.000231 0.027386 -0.033311 0.477848
    190 1.799659 -0.000240 0.000231 0.027386 -0.033311 0.477848
    191 1.900308 -0.000145 -0.000518 0.027386 -0.033311 0.477848
    192 1.899433 -0.000317 -0.000151 -0.027386 0.033311 0.477848
    193 1.799659 -0.000237 -0.000233 -0.027386 0.033311 0.477848
    194 1.799659 -0.000237 -0.000233 -0.027386 0.033311 0.477848
    195 1.799659 -0.000237 -0.000233 -0.027386 0.033311 0.477848
    196 1.900724 0.000553 -0.000072 -0.027386 0.033311 0.477848
    197 0.599884 0.400187 -0.000031 0.000000 0.000000 0.000000
    198 0.599888 0.400187 0.000031 0.000000 0.000000 -3.141592
    199 0.599503 0.400696 0.000234 0.000000 0.000000 0.000000
    200 0.600399 0.399632 -0.000466 0.000000 0.000000 -3.141592
  time 21
    0 0.000000 0.000000 0.000000 0.000000 0.000000 -1.570796
    1 -0.106323 0.000000 -0.000198 0.000000 0.000000 0.000000
    2 0.000000 0.000000 0.000000 0.000000 0.000000 0.000000
    3 -0.904000 0.000000 -11.806000 0.000000 0.000000 0.000000
    4 0.000000 0.000000 -14.313999 0.000000 -1.570796 1.570857
    5 3.533001 0.000000 0.000000 0.000000 0.000000 0.000000
    6 6.250000 0.000000 0.000000 0.000000 0.000000 0.000000
    7 4.381292 1.546947 -1.721357 -1.153277 1.547377 -1.153364
    8 9.562500 6.343750 1.773438 1.153277 -1.547377 -1.153364
    9 5.786820 0.002787 -0.000113 2.143113 1.061724 1.464973
    10 5.999492 -0.000592 -4.000343 0.000000 0.000000 0.000000
    11 5.787410 0.002582 0.000893 0.499888 -0.460385 -1.203099
    12 5.999492 -0.000592 4.000336 0.000000 0.000000 0.000000
    13 0.500225 0.000133 -0.000088 -0.721800 0.000000 0.000000
    14 11.534559 0.004255 -0.001312 -0.000017 0.000009 -1.795242
    15 -0.829338 0.893824 0.079659 -0.148839 0.047645 0.087266
    16 0.500225 0.000132 0.000076 0.148315 0.000000 0.000000
    17 11.532495 0.000526 -0.000089 -0.000042 0.000026 -1.626905
    18 -0.829586 0.894698 -0.079464 0.045377 -0.019621 0.087266
    19 10.599884 0.000105 -0.000553 1.022190 0.000000 0.000000
    20 0.693901 -0.552533 -0.000805 0.000060 -0.000025 0.897649
    21 11.042057 -0.000189 0.000798 1.167314 -0.479895 -0.293116
    22 -1.214832 0.203470 -0.477489 -0.135025 -0.078677 -0.001289
    23 10.599880 0.000105 0.000549 0.024267 0.000000 0.000000
    24 0.525926 -0.501750 0.000801 0.000000 -0.000011 0.813439
    25 11.041742 0.003171 -0.000571 0.017660 0.523877 0.894164
    26 -1.063377 0.077663 0.150230 0.045121 0.020046 -0.012850
    27 0.610302 -0.939470 0.070343 -1.655295 -0.140102 -0.175628
    28 0.639940 -0.199121 0.060188 -1.665960 -0.131475 -0.066483
    29 0.600155 1.080261 -0.339535 -1.738023 0.020730 0.107397
    30 0.610207 0.400743 -0.010101 -1.762268 -0.061675 0.042920
    31 0.634715 -0.693997 -0.236250 0.236248 0.290995 -0.947055
    32 -0.792125 0.203736 0.461300 1.439074 -0.003453 -0.018305
    33 0.610300 -0.939469 -0.070351 1.655346 0.140043 -0.175616
    34 0.639937 -0.199121 -0.060200 1.665553 0.091303 -0.070234
    35 0.600157 1.080259 0.339531 1.764755 -0.263838 -0.039247
    36 0.610205 0.400743 0.010086 1.763182 -0.081564 -0.010388
    37 0.624002 -0.695300 0.232270 -0.356448 -0.241965 -0.933345
    38 -0.626031 -0.069983 -0.080517 -1.447153 0.086151 0.021559
    39 2.621377 -0.002532 -0.001438 -0.064241 -0.322960 0.673780
    40 2.660837 0.000397 -0.000071 -0.066886 -0.138834 0.904093
    41 2.202488 0.003368 -0.006769 -0.032397 0.046484 0.917903
    42 0.599952 0.959240 -0.300102 -0.174544 0.000000 0.000000
    43 2.553283 -0.001967 0.006359 0.073228 0.003067 0.897971
    44 2.095024 -0.003873 -0.006100 -0.547765 -0.128762 0.194321
    45 0.999380 -0.000236 -1.174212 -0.000001 0.000000 0.000000
    46 -0.122639 -0.721856 0.661690 -0.486644 0.223964 0.243056
    47 2.622113 -0.004555 0.002741 0.323065 0.323300 0.424339
    48 2.657909 0.004589 -0.000533 0.605189 -0.015793 1.366764
    49 2.200016 0.001663 0.004743 0.373045 -0.104734 0.772956
    50 0.599951 0.959244 0.300102 0.174544 0.000000 0.000000
    51 2.556570 -0.004291 0.000554 0.357234 -0.080491 1.172336
    52 2.103851 0.005614 -0.001014 0.568603 -0.341646 0.620380
    53 0.999374 -0.000237 1.166392 0.000000 0.000000 0.000001
    54 0.310846 -0.606445 -0.498005 0.308107 -0.197598 0.313976
    55 1.869163 -0.004741 -0.004901 -0.000055 0.000039 0.980517
    56 1.200941 0.399582 -0.000237 -0.009465 0.016087 0.007127
    57 0.000586 0.100342 -0.000319 -0.120035 -0.021926 -0.209617
    58 -0.161663 0.051712 0.194808 -2.941982 0.122408 -0.060194
    59 2.010092 -0.007109 -0.003377 -0.000018 0.000048 1.727569
    60 0.000240 0.099802 -0.000395 -0.018823 0.010833 -0.239219
    61 -0.203197 0.048607 0.069150 -3.093332 0.033217 -0.046722
    62 1.180428 -0.006214 0.000780 0.000070 0.000000 1.609575
    63 -0.000196 0.099625 -0.000034 0.000000 0.000000 -0.314102
    64 -0.088736 -0.688435 -0.145203 2.930407 -0.136130 0.513013
    65 1.712069 -0.003328 -0.000088 0.000023 0.000063 1.722852
    66 -0.000580 0.100145 -0.000311 -0.010912 0.023129 -0.260841
    67 -0.146030 -0.232426 -0.014225 3.028455 -0.094299 0.113020
    68 1.290632 0.000362 -0.000032 0.000000 0.000000 0.202514
    69 -0.658121 -0.003575 0.072645 -0.142711 0.027792 -0.077299
    70 1.868080 -0.003049 0.006083 0.000003 -0.000021 0.145527
    71 1.200079 0.399944 -0.000093 0.009465 -0.016087 0.007127
    72 0.000591 0.100342 0.000319 0.120035 0.021926 -0.209617
    73 0.068077 0.002285 -0.080050 3.111376 -0.069366 -0.060847
    74 2.011874 -0.005083 0.006086 -0.256507 0.043060 1.354283
    75 0.000229 0.099802 0.000395 0.018823 -0.010833 -0.239219
    76 -0.018673 -0.001009 0.047544 3.109244 0.002635 -0.106673
    77 1.178665 0.001595 0.000845 0.000018 -0.000012 0.694079
    78 -0.000198 0.099628 0.000034 0.000000 0.000000 -0.314102
    79 0.036892 -0.634449 0.266284 -2.801062 0.174301 0.490914
    80 1.708256 -0.002506 -0.004592 -0.000046 0.000035 0.926224
    81 -0.000576 0.100136 0.000311 0.010912 -0.023131 -0.260841
    82 -0.003952 -0.281811 0.115047 -3.059162 0.089004 0.167964
    83 1.289627 0.003949 0.000061 -0.000002 0.000039 0.803669
    84 -0.171528 -0.018148 -0.099873 0.013484 -0.062184 -0.011780
    85 0.912716 0.007240 0.001326 0.000019 0.000021 0.691384
    86 -0.342617 0.053404 -0.025571 -2.909301 -0.017248 0.075276
    87 1.100231 -0.000930 -0.002434 0.000009 0.000014 -0.388560
    88 -0.384983 0.330998 0.006848 -3.087207 -0.018765 -0.184279
    89 0.678146 0.002286 0.000002 -0.000018 -0.000019 0.000029
    90 -0.123848 0.072737 0.029507 2.898184 -0.060627 0.094834
    91 1.017166 -0.000154 -0.000252 -0.000023 -0.000014 -0.289865
    92 -0.344986 0.123129 0.143151 2.994981 0.012396 0.059140
    93 -0.730988 0.177046 0.039141 -0.123731 0.076518 -0.084310
    94 0.925900 0.001298 -0.000896 -0.000062 0.000061 -0.014182
    95 -0.124027 -0.052092 0.038496 3.077813 -0.008519 0.039229
    96 1.100430 -0.003552 0.000503 -0.217239 0.000066 0.841299
    97 -0.330082 0.160641 0.042780 3.128073 0.034033 -0.171236
    98 0.679760 0.005438 0.003272 0.000002 -0.000057 0.727777
    99 -0.019516 -0.016531 0.038578 -2.763781 0.050305 0.076828
    100 1.018891 0.005113 0.001121 -0.084234 -0.010371 1.032479
    101 -0.155312 0.130643 -0.021921 -3.022466 0.022433 -0.024903
    102 -0.252209 0.061937 -0.024914 -0.007671 -0.063171 -0.044392
    103 -0.085991 0.185203 -0.015180 -2.937063 -0.113970 -0.138991
    104 -0.286537 0.179852 0.024264 -3.109353 -0.049645 -0.029915
    105 -0.019489 0.147084 0.079203 2.893815 0.038585 -0.060594
    106 -0.046482 0.251898 0.129548 3.016165 0.077112 -0.042864
    107 0.039120 -0.040298 0.047739 3.084219 0.030470 -0.037414
    108 -0.233757 0.066630 0.001754 -3.133086 0.040141 -0.065413
    109 0.044266 0.020128 0.001684 -2.778763 -0.118872 -0.040488
    110 0.071495 0.074127 -0.048302 -3.035917 -0.059482 0.104366
    111 0.000000 0.000000 0.000000 0.000000 0.000000 -1.570796
    112 9.687796 -1.121128 -4.461074 -0.064451 -0.010719 0.079518
    113 4.714988 11.867550 -8.375256 -0.317283 -0.798422 -1.150622
    114 -0.348999 0.000000 0.342999 0.000000 0.000000 0.000000
    115 2.394995 0.000000 0.034000 0.000000 0.000000 0.000000
    116 0.008000 0.000000 1.401997 0.000000 0.000000 0.000000
    117 1.148998 0.000000 0.626999 0.000000 0.000000 0.000000
    118 1.107998 0.000000 0.153000 0.000000 0.000000 0.000000
    119 -2.457995 0.000000 0.449999 0.000000 0.000000 0.000000
    120 0.283000 0.000000 0.659998 0.000000 0.000000 0.000000
    121 4.293992 0.000000 0.136000 0.000000 0.000000 0.000000
    122 1.511997 -0.417999 1.094998 0.000000 0.000000 -1.570755
    123 4.229991 0.000000 0.042000 0.000000 0.000000 0.000000
    124 0.240000 0.000000 -0.662999 0.000000 0.000000 0.000000
    125 1.060998 0.000000 -3.633993 0.000000 0.000000 0.000000
    126 0.193999 0.000000 -2.057996 0.000000 0.000000 0.000000
    127 -0.774998 0.000000 -2.394995 0.000000 0.000000 0.000000
    128 0.000000 0.000000 0.000000 0.000000 0.000000 0.000000
    129 -0.106000 0.000000 64.320000 0.000000 0.000000 0.000000
    130 0.000000 0.000000 0.000000 0.000000 0.000000 0.000000
    131 0.000000 0.000000 0.000000 0.002361 0.030728 0.010642
    132 20.366633 -0.491066 5.452705 -0.064588 -0.010699 0.079581
    133 0.106000 0.000000 -64.320000 0.000000 0.000000 0.000000
    134 0.000000 0.000000 0.000000 0.000000 0.000000 0.000000
    135 0.000000 0.000000 -4.867002 -3.141592 0.000000 -3.128591
    136 0.000000 0.000000 4.867000 -3.141592 0.000000 -3.128591
    137 4.000000 -6.500000 0.000000 0.000000 0.000000 0.000977
    138 -6.500000 0.000000 0.000000 0.000000 1.570796 0.000000
    139 1.000088 -0.000029 0.000000 0.000000 0.000000 0.000000
    140 17.162516 -0.000404 0.000000 0.000000 0.000000 0.119214
    141 9.999891 -0.000303 0.000000 0.000000 0.000000 0.000000
    142 1.000088 -0.000029 0.000000 0.000000 0.000000 0.000000
    143 17.162516 -0.000404 0.000000 0.000000 0.000000 0.119214
    144 9.499836 0.000212 0.000000 0.000000 0.000000 0.000000
    145 0.000000 0.000000 0.000000 0.000000 0.000000 0.000000
    146 17.749374 0.295515 0.000000 0.000000 0.000000 -1.158958
    147 0.017889 0.299792 0.000000 0.000000 0.000000 -0.059582
    148 12.283573 1.581456 -4.696000 1.462269 -0.086726 0.090185
    149 17.749376 0.295515 0.000000 0.000000 0.000000 -1.158958
    150 0.017889 0.299792 0.000000 0.000000 0.000000 -0.059582
    151 13.354000 0.000000 0.000000 0.000000 0.000000 -0.294101
    152 4.530998 0.000000 0.000000 0.000000 0.000000 0.000000
    153 0.000000 0.000000 0.000000 0.000000 0.000000 0.000000
    154 5.413524 0.000347 0.000000 0.000000 0.000000 -0.518055
    155 5.413524 0.000347 0.000000 0.000000 0.000000 -0.518055
    156 4.662002 -5.366333 4.825191 1.569713 1.561305 -3.121213
    157 3.116966 -0.000443 0.000000 0.000000 0.000000 0.294101
    158 0.000000 0.000000 0.000000 0.000000 0.000000 0.000000
    159 10.243947 -12.844142 -37.801517 2.613281 -0.687916 -1.678183
    160 -11.229456 5.910758 -55.860305 0.063624 0.015541 -0.078566
    161 3.512001 -3.547000 -1.066000 0.000000 1.570796 0.000000
    162 3.456001 -3.517000 1.169000 0.000000 1.570796 0.000000
    163 6.233002 0.000000 0.000000 0.000000 0.000000 0.000000
    164 -0.171997 -0.106000 -0.902000 1.570713 1.029176 -3.134550
    165 6.046678 -6.567506 -0.050783 0.010630 -0.002013 -0.030752
    166 0.181000 -0.064000 1.096000 0.000000 0.000000 0.000000
    167 3.999434 -0.000528 -0.000332 0.511124 -0.000023 0.000016
    168 3.999901 0.000041 0.001011 0.012208 0.000000 0.000000
    169 1.598000 0.000000 0.000000 0.000000 0.000000 0.000000
    170 -1.145525 0.000130 0.000668 0.000000 0.000000 0.000000
    171 2.299679 -2.499979 -0.599480 0.892035 0.221542 -0.527262
    172 18.152601 -11.132605 15.382953 0.582877 -0.196730 0.146446
    173 -9.580673 -27.862106 -37.184681 0.812879 -0.123459 -0.568477
    174 0.649933 -0.548295 0.093651 -1.665913 -0.131399 -0.112062
    175 0.657074 0.008402 0.040371 -1.665945 -0.131407 -0.000013
    176 0.665776 0.747221 -0.029190 -1.665935 -0.131408 0.094976
    177 2.300138 -2.499413 0.600155 -0.891930 -0.221494 -0.527227
    178 11.192136 0.467238 4.561009 2.348966 -0.350297 0.140286
    179 2.762354 0.116951 1.523975 1.629482 0.064153 1.743800
    180 7.228323 7.928198 -3.925648 2.328713 0.123459 -0.568477
    181 0.650394 -0.547730 -0.092979 1.665913 0.131399 -0.112062
    182 0.657069 0.008398 -0.040379 1.665945 0.131407 -0.000013
    183 0.665777 0.747220 0.029182 1.665935 0.131408 0.094976
    184 -4.481003 -0.202000 0.000000 0.000000 0.000000 0.000000
    185 -5.516998 -0.291000 -0.001000 0.000000 0.000000 0.000000
    186 -0.857700 0.104073 0.104687 0.023536 0.163924 0.013632
    187 1.899121 0.000427 -0.000439 0.027386 -0.033311 0.477848
    188 1.799659 -0.000240 0.000231 0.027386 -0.033311 0.477848
    189 1.799659 -0.000240 0.000231 0.027386 -0.033311 0.477848
    190 1.799659 -0.000240 0.000231 0.027386 -0.033311 0.477848
    191 1.900308 -0.000145 -0.000518 0.027386 -0.033311 0.477848
    192 1.899433 -0.000317 -0.000151 -0.027386 0.033311 0.477848
    193 1.799659 -0.000237 -0.000233 -0.027386 0.033311 0.477848
    194 1.799659 -0.000237 -0.000233 -0.027386 0.033311 0.477848
    195 1.799659 -0.000237 -0.000233 -0.027386 0.033311 0.477848
    196 1.900724 0.000553 -0.000072 -0.027386 0.033311 0.477848
    197 0.599884 0.400187 -0.000031 0.000000 0.000000 0.000000
    198 0.599888 0.400187 0.000031 0.000000 0.000000 -3.141592
    199 0.599503 0.400696 0.000234 0.000000 0.000000 0.000000
    200 0.600399 0.399632 -0.000466 0.000000 0.000000 -3.141592
  time 22
    0 0.000000 0.000000 0.000000 0.000000 0.000000 -1.570796
    1 -0.106323 0.000000 -0.000198 0.000000 0.000000 0.000000
    2 0.000000 0.000000 0.000000 0.000000 0.000000 0.000000
    3 -0.904000 0.000000 -11.806000 0.000000 0.000000 0.000000
    4 0.000000 0.000000 -14.313999 0.000000 -1.570796 1.570857
    5 3.533001 0.000000 0.000000 0.000000 0.000000 0.000000
    6 6.250000 0.000000 0.000000 0.000000 0.000000 0.000000
    7 4.381292 1.546947 -1.721357 -1.153277 1.547377 -1.153364
    8 9.562500 6.343750 1.773438 1.153277 -1.547377 -1.153364
    9 5.786820 0.002787 -0.000113 1.258742 0.430147 1.160671
    10 5.999492 -0.000592 -4.000343 0.000000 0.000000 0.000000
    11 5.787410 0.002582 0.000893 0.499262 -0.462370 -1.202461
    12 5.999492 -0.000592 4.000336 0.000000 0.000000 0.000000
    13 0.500225 0.000133 -0.000088 -0.345275 0.000000 0.000000
    14 11.534559 0.008161 -0.001312 0.000115 0.000153 -2.392557
    15 -0.829338 0.893824 0.079659 -0.148839 0.047645 0.087266
    16 0.500225 0.000132 0.000076 0.148511 0.000060 0.000000
    17 11.532495 0.000526 -0.000089 0.000102 -0.000094 -1.628975
    18 -0.829586 0.894698 -0.079464 0.045377 -0.019621 0.087266
    19 10.599884 0.000105 -0.000553 1.245546 0.000012 -0.000048
    20 1.397048 -0.548627 -0.000805 -0.000048 0.000035 1.196304
    21 11.042057 0.003717 0.000798 0.920448 0.358551 -0.752137
    22 -1.214832 0.203470 -0.477489 -0.135025 -0.078677 -0.001289
    23 10.599880 0.000105 0.000549 0.025994 0.000000 0.000000
    24 0.533738 -0.501750 0.000801 0.000024 0.000049 0.814424
    25 11.041742 0.003171 -0.000571 0.018729 0.513991 0.899657
    26 -1.063377 0.077663 0.150230 0.045121 0.020046 -0.012850
    27 0.610302 -0.939470 0.070343 -1.655295 -0.140091 -0.175580
    28 0.639940 -0.199121 0.060188 -1.665960 -0.131391 -0.066327
    29 0.600155 1.080261 -0.339535 -1.738023 0.020766 0.107421
    30 0.610207 0.400743 -0.010101 -1.762268 -0.061616 0.043052
    31 0.634715 -0.693997 -0.232343 0.236320 0.297021 -0.947340
    32 -0.792125 0.203736 0.461300 1.439074 -0.003453 -0.018305
    33 0.610300 -0.939469 -0.070351 1.655295 0.140199 -0.175628
    34 0.639937 -0.199121 -0.060200 1.665553 0.091303 -0.070246
    35 0.600157 1.080259 0.339531 1.764755 -0.263802 -0.039199
    36 0.610205 0.400743 0.010086 1.763182 -0.081564 -0.010388
    37 0.624002 -0.695300 0.236176 -0.356484 -0.242013 -0.933529
    38 -0.626031 -0.069983 -0.080517 -1.447153 0.086151 0.021559
    39 2.625284 -0.006439 -0.001438 -0.060323 -0.323009 0.662330
    40 2.660837 0.000397 -0.000071 -0.064816 -0.138786 0.892201
    41 2.206394 0.003368 -0.002863 -0.032373 0.046548 0.917978
    42 0.599952 0.959240 -0.300102 -0.174544 0.000000 0.000000
    43 2.557190 -0.001967 0.006359 0.073143 0.003055 0.897971
    44 2.095024 -0.003873 -0.006100 -0.547851 -0.128354 0.194138
    45 0.999380 -0.000236 -1.174212 -0.000001 0.000000 0.000000
    46 -0.122639 -0.721856 0.661690 -0.486644 0.223964 0.243056
    47 2.622113 -0.004555 0.006647 0.323293 0.326284 0.425383
    48 2.654002 0.004589 -0.000533 0.605171 -0.015757 1.366764
    49 2.200016 0.001663 0.004743 0.373129 -0.104698 0.772956
    50 0.599951 0.959244 0.300102 0.174544 0.000000 0.000000
    51 2.556570 -0.004291 0.000554 0.357221 -0.080623 1.172355
    52 2.103851 0.001708 -0.001014 0.568617 -0.341621 0.620464
    53 0.999374 -0.000237 1.166392 0.000000 0.000000 0.000001
    54 0.310846 -0.606445 -0.498005 0.308107 -0.197598 0.313976
    55 1.873069 -0.004741 -0.004901 -0.000007 0.000004 1.004834
    56 1.200941 0.399582 -0.000237 -0.009465 0.016087 0.007127
    57 0.000586 0.100342 -0.000319 -0.120035 -0.021926 -0.209617
    58 -0.161663 0.051712 0.194808 -2.941982 0.122408 -0.060194
    59 2.010092 -0.003202 -0.003377 -0.000030 0.000025 1.727527
    60 0.000240 0.099802 -0.000395 -0.018823 0.010833 -0.239219
    61 -0.203197 0.048607 0.069150 -3.093332 0.033217 -0.046722
    62 1.180428 -0.006214 0.000780 0.000046 0.000024 1.609543
    63 -0.000196 0.099625 -0.000034 0.000000 0.000000 -0.314102
    64 -0.088736 -0.688435 -0.145203 2.930407 -0.136130 0.513013
    65 1.712069 -0.003328 -0.000088 0.000047 0.000003 1.722852
    66 -0.000580 0.100145 -0.000311 -0.010912 0.023129 -0.260841
    67 -0.146030 -0.232426 -0.014225 3.028455 -0.094299 0.113020
    68 1.290632 0.000362 -0.000032 0.000000 0.000000 0.202484
    69 -0.658121 -0.003575 0.072645 -0.142711 0.027792 -0.077299
    70 1.868080 -0.003049 0.006083 0.000003 -0.000021 0.159547
    71 1.200079 0.399944 -0.000093 0.009465 -0.016087 0.007127
    72 0.000591 0.100342 0.000319 0.120035 0.021926 -0.209617
    73 0.068077 0.002285 -0.080050 3.111376 -0.069366 -0.060847
    74 2.011874 -0.005083 0.006086 -0.256555 0.043096 1.354182
    75 0.000229 0.099802 0.000395 0.018823 -0.010833 -0.239219
    76 -0.018673 -0.001009 0.047544 3.109244 0.002635 -0.106673
    77 1.178665 0.001595 0.000845 -0.000042 -0.000001 0.694184
    78 -0.000198 0.099628 0.000034 0.000000 0.000000 -0.314102
    79 0.036892 -0.634449 0.266284 -2.801062 0.174301 0.490914
    80 1.704350 -0.002506 -0.000686 -0.000070 0.000047 0.926271
    81 -0.000576 0.100136 0.000311 0.010912 -0.023131 -0.260841
    82 -0.003952 -0.281811 0.115047 -3.059162 0.089004 0.167964
    83 1.289627 0.003949 0.000061 0.000010 0.000063 0.803774
    84 -0.171528 -0.018148 -0.099873 0.013484 -0.062184 -0.011780
    85 0.912716 0.007240 0.001326 -0.000005 -0.000039 0.691470
    86 -0.342617 0.053404 -0.025571 -2.909301 -0.017248 0.075276
    87 1.100231 -0.000930 -0.002434 0.000009 0.000014 -0.388560
    88 -0.384983 0.330998 0.006848 -3.087207 -0.018765 -0.184279
    89 0.678146 0.002286 0.000002 -0.000018 -0.000019 0.000029
    90 -0.123848 0.072737 0.029507 2.898184 -0.060627 0.094834
    91 1.017166 -0.000154 -0.000252 -0.000023 -0.000014 -0.289865
    92 -0.344986 0.123129 0.143151 2.994981 0.012396 0.059140
    93 -0.730988 0.177046 0.039141 -0.123731 0.076518 -0.084310
    94 0.921993 0.001298 -0.000896 -0.000002 -0.000011 -0.008924
    95 -0.124027 -0.052092 0.038496 3.077813 -0.008519 0.039229
    96 1.100430 -0.007458 0.000503 -0.217263 0.000030 0.841241
    97 -0.330082 0.160641 0.042780 3.128073 0.034033 -0.171236
    98 0.679760 0.005438 0.003272 0.000074 -0.000021 0.727777
    99 -0.019516 -0.016531 0.038578 -2.763781 0.050305 0.076828
    100 1.014985 0.005113 0.001121 -0.084341 -0.010443 1.032565
    101 -0.155312 0.130643 -0.021921 -3.022466 0.022433 -0.024903
    102 -0.252209 0.061937 -0.024914 -0.007671 -0.063171 -0.044392
    103 -0.085991 0.185203 -0.015180 -2.937063 -0.113970 -0.138991
    104 -0.286537 0.179852 0.024264 -3.109353 -0.049645 -0.029915
    105 -0.019489 0.147084 0.079203 2.893815 0.038585 -0.060594
    106 -0.046482 0.251898 0.129548 3.016165 0.077112 -0.042864
    107 0.039120 -0.040298 0.047739 3.084219 0.030470 -0.037414
    108 -0.233757 0.066630 0.001754 -3.133086 0.040141 -0.065413
    109 0.044266 0.020128 0.001684 -2.778763 -0.118872 -0.040488
    110 0.071495 0.074127 -0.048302 -3.035917 -0.059482 0.104366
    111 0.000000 0.000000 0.000000 0.000000 0.000000 -1.570796
    112 9.695608 -1.109409 -4.507950 -0.064884 0.001216 0.082834
    113 4.644673 11.922239 -8.179937 -0.312375 -0.786998 -1.150622
    114 -0.348999 0.000000 0.342999 0.000000 0.000000 0.000000
    115 2.394995 0.000000 0.034000 0.000000 0.000000 0.000000
    116 0.008000 0.000000 1.401997 0.000000 0.000000 0.000000
    117 1.148998 0.000000 0.626999 0.000000 0.000000 0.000000
    118 1.107998 0.000000 0.153000 0.000000 0.000000 0.000000
    119 -2.457995 0.000000 0.449999 0.000000 0.000000 0.000000
    120 0.283000 0.000000 0.659998 0.000000 0.000000 0.000000
    121 4.293992 0.000000 0.136000 0.000000 0.000000 0.000000
    122 1.511997 -0.417999 1.094998 0.000000 0.000000 -1.570755
    123 4.229991 0.000000 0.042000 0.000000 0.000000 0.000000
    124 0.240000 0.000000 -0.662999 0.000000 0.000000 0.000000
    125 1.060998 0.000000 -3.633993 0.000000 0.000000 0.000000
    126 0.193999 0.000000 -2.057996 0.000000 0.000000 0.000000
    127 -0.774998 0.000000 -2.394995 0.000000 0.000000 0.000000
    128 0.000000 0.000000 0.000000 0.000000 0.000000 0.000000
    129 -0.106000 0.000000 64.320000 0.000000 0.000000 0.000000
    130 0.000000 0.000000 0.000000 0.000000 0.000000 0.000000
    131 0.000000 0.000000 0.000000 -0.001678 0.029602 0.009672
    132 20.351007 -0.448096 5.284731 -0.065006 0.001236 0.082777
    133 0.106000 0.000000 -64.320000 0.000000 0.000000 0.000000
    134 0.000000 0.000000 0.000000 0.000000 0.000000 0.000000
    135 0.000000 0.000000 -4.867002 -3.141592 0.000000 -3.128591
    136 0.000000 0.000000 4.867000 -3.141592 0.000000 -3.128591
    137 4.000000 -6.500000 0.000000 0.000000 0.000000 0.000977
    138 -6.500000 0.000000 0.000000 0.000000 1.570796 0.000000
    139 1.000088 -0.000029 0.000000 0.000000 0.000000 0.000000
    140 17.162516 -0.000404 0.000000 0.000000 0.000000 0.119214
    141 9.999891 -0.000303 0.000000 0.000000 0.000000 0.000000
    142 1.000088 -0.000029 0.000000 0.000000 0.000000 0.000000
    143 17.162516 -0.000404 0.000000 0.000000 0.000000 0.119214
    144 9.499836 0.000212 0.000000 0.000000 0.000000 0.000000
    145 0.000000 0.000000 0.000000 0.000000 0.000000 0.000000
    146 17.749374 0.295515 0.000000 0.000000 0.000000 -1.158958
    147 0.017889 0.299792 0.000000 0.000000 0.000000 -0.059582
    148 12.283573 1.581456 -4.696000 1.462269 -0.086726 0.090185
    149 17.749376 0.295515 0.000000 0.000000 0.000000 -1.158958
    150 0.017889 0.299792 0.000000 0.000000 0.000000 -0.059582
    151 13.354000 0.000000 0.000000 0.000000 0.000000 -0.294101
    152 4.530998 0.000000 0.000000 0.000000 0.000000 0.000000
    153 0.000000 0.000000 0.000000 0.000000 0.000000 0.000000
    154 5.413524 0.000347 0.000000 0.000000 0.000000 -0.518055
    155 5.413524 0.000347 0.000000 0.000000 0.000000 -0.518055
    156 4.662002 -5.366333 4.825191 1.569713 1.561305 -3.121213
    157 3.116966 -0.000443 0.000000 0.000000 0.000000 0.294101
    158 0.000000 0.000000 0.000000 0.000000 0.000000 0.000000
    159 -10.932481 5.433760 -8.558437 0.681115 0.163001 -0.211924
    160 -10.530216 5.965447 -55.922807 0.065048 0.004208 -0.082404
    161 3.512001 -3.547000 -1.066000 0.000000 1.570796 0.000000
    162 3.456001 -3.517000 1.169000 0.000000 1.570796 0.000000
    163 6.233002 0.000000 0.000000 0.000000 0.000000 0.000000
    164 -0.171997 -0.106000 -0.902000 1.570713 1.029176 -3.134550
    165 6.054491 -6.555787 -0.070315 0.009672 0.001953 -0.029590
    166 0.181000 -0.064000 1.096000 0.000000 0.000000 0.000000
    167 3.999434 -0.000528 -0.000332 0.622762 -0.000023 0.000016
    168 3.999901 0.000041 0.001011 0.013024 0.000000 0.000000
    169 1.598000 0.000000 0.000000 0.000000 0.000000 0.000000
    170 -1.145525 0.000130 0.000668 0.000000 0.000000 0.000000
    171 2.299679 -2.499979 -0.599480 0.892008 0.221530 -0.527278
    172 25.094219 6.082764 7.691312 0.287785 0.029230 0.909362
    173 -9.580673 -27.862106 -37.184681 0.812879 -0.123459 -0.568477
    174 0.649933 -0.548295 0.093651 -1.665913 -0.131399 -0.112062
    175 0.657074 0.008402 0.040371 -1.665945 -0.131407 -0.000013
    176 0.665776 0.747221 -0.029190 -1.665935 -0.131408 0.094976
    177 2.300138 -2.499413 0.600155 -0.891957 -0.221542 -0.527275
    178 11.192136 0.463332 4.561009 2.349095 -0.350371 0.140427
    179 2.762354 0.116951 1.523975 1.629482 0.064153 1.743800
    180 7.228323 7.928198 -3.925648 2.328713 0.123459 -0.568477
    181 0.650394 -0.547730 -0.092979 1.665913 0.131399 -0.112062
    182 0.657069 0.008398 -0.040379 1.665945 0.131407 -0.000013
    183 0.665777 0.747220 0.029182 1.665935 0.131408 0.094976
    184 -4.481003 -0.202000 0.000000 0.000000 0.000000 0.000000
    185 -5.516998 -0.291000 -0.001000 0.000000 0.000000 0.000000
    186 -0.857700 0.104073 0.104687 0.023536 0.163924 0.013632
    187 1.899121 0.000427 -0.000439 0.027386 -0.033311 0.477848
    188 1.799659 -0.000240 0.000231 0.027386 -0.033311 0.477848
    189 1.799659 -0.000240 0.000231 0.027386 -0.033311 0.477848
    190 1.799659 -0.000240 0.000231 0.027386 -0.033311 0.477848
    191 1.900308 -0.000145 -0.000518 0.027386 -0.033311 0.477848
    192 1.899433 -0.000317 -0.000151 -0.027386 0.033311 0.477848
    193 1.799659 -0.000237 -0.000233 -0.027386 0.033311 0.477848
    194 1.799659 -0.000237 -0.000233 -0.027386 0.033311 0.477848
    195 1.799659 -0.000237 -0.000233 -0.027386 0.033311 0.477848
    196 1.900724 0.000553 -0.000072 -0.027386 0.033311 0.477848
    197 0.599884 0.400187 -0.000031 0.000000 0.000000 0.000000
    198 0.599888 0.400187 0.000031 0.000000 0.000000 -3.141592
    199 0.599503 0.400696 0.000234 0.000000 0.000000 0.000000
    200 0.600399 0.399632 -0.000466 0.000000 0.000000 -3.141592
  time 23
    0 0.000000 0.000000 0.000000 0.000000 0.000000 -1.570796
    1 -0.106323 0.000000 -0.000198 0.000000 0.000000 0.000000
    2 0.000000 0.000000 0.000000 0.000000 0.000000 0.000000
    3 -0.904000 0.000000 -11.806000 0.000000 0.000000 0.000000
    4 0.000000 0.000000 -14.313999 0.000000 -1.570796 1.570857
    5 3.533001 0.000000 0.000000 0.000000 0.000000 0.000000
    6 6.250000 0.000000 0.000000 0.000000 0.000000 0.000000
    7 4.381292 1.546947 -1.721357 -1.153277 1.547377 -1.153364
    8 9.562500 6.343750 1.773438 1.153277 -1.547377 -1.153364
    9 5.786820 0.002787 -0.000113 0.978928 0.685918 0.871727
    10 5.999492 -0.000592 -4.000343 0.000000 0.000000 0.000000
    11 5.787410 0.002582 0.000893 0.499888 -0.463404 -1.204923
    12 5.999492 -0.000592 4.000336 0.000000 0.000000 0.000000
    13 0.500225 0.000133 -0.000088 -0.220197 0.000000 0.000060
    14 11.534559 0.008161 -0.001312 0.000055 -0.000015 -2.354014
    15 -0.829338 0.893824 0.079659 -0.148839 0.047645 0.087266
    16 0.500225 0.000132 0.000076 0.148856 0.000000 0.000000
    17 11.536401 0.004432 -0.000089 -0.000042 -0.000058 -1.623915
    18 -0.829586 0.894698 -0.079464 0.045377 -0.019621 0.087266
    19 10.599884 0.000105 -0.000553 0.757363 -0.000024 -0.000072
    20 1.354078 -0.560346 -0.000805 0.000036 0.000047 1.177018
    21 11.042057 -0.000189 0.000798 0.637976 0.257837 -0.542896
    22 -1.214832 0.203470 -0.477489 -0.135025 -0.078677 -0.001289
    23 10.599880 0.000105 0.000549 0.041193 0.000000 0.000000
    24 0.525926 -0.501750 0.000801 0.000000 -0.000011 0.811973
    25 11.041742 0.003171 -0.000571 0.030009 0.513068 0.899007
    26 -1.063377 0.077663 0.150230 0.045121 0.020046 -0.012850
    27 0.610302 -0.939470 0.070343 -1.655295 -0.140079 -0.175676
    28 0.639940 -0.199121 0.060188 -1.666011 -0.131439 -0.066435
    29 0.600155 1.080261 -0.339535 -1.738023 0.020766 0.107337
    30 0.610207 0.400743 -0.010101 -1.762268 -0.061592 0.042920
    31 0.634715 -0.693997 -0.232343 0.236224 0.308981 -0.947828
    32 -0.792125 0.203736 0.461300 1.439074 -0.003453 -0.018305
    33 0.610300 -0.939469 -0.070351 1.655295 0.140079 -0.175676
    34 0.639937 -0.199121 -0.060200 1.665553 0.091351 -0.070294
    35 0.600157 1.080259 0.339531 1.764755 -0.263886 -0.039211
    36 0.610205 0.400743 0.010086 1.763129 -0.081564 -0.010388
    37 0.624002 -0.695300 0.232270 -0.356472 -0.241929 -0.933493
    38 -0.626031 -0.069983 -0.080517 -1.447153 0.086151 0.021559
    39 2.621377 -0.002532 -0.005345 -0.052609 -0.322984 0.640401
    40 2.664743 0.000397 -0.000071 -0.060782 -0.138882 0.869506
    41 2.206394 0.003368 -0.006769 -0.032433 0.046564 0.917866
    42 0.599952 0.959240 -0.300102 -0.174544 0.000000 0.000000
    43 2.553283 -0.001967 0.006359 0.073240 0.003079 0.897971
    44 2.095024 -0.003873 -0.002193 -0.547794 -0.127710 0.193690
    45 0.999380 -0.000236 -1.174212 -0.000001 0.000000 0.000000
    46 -0.122639 -0.721856 0.661690 -0.486644 0.223964 0.243056
    47 2.622113 -0.004555 0.002741 0.324027 0.332660 0.427422
    48 2.654002 0.004589 -0.000533 0.605242 -0.015673 1.366786
    49 2.200016 0.001663 0.004743 0.373021 -0.104806 0.772941
    50 0.599951 0.959244 0.300102 0.174544 0.000000 0.000000
    51 2.556570 -0.004291 0.000554 0.357168 -0.080599 1.172373
    52 2.103851 0.001708 -0.001014 0.568603 -0.341671 0.620464
    53 0.999374 -0.000237 1.166392 0.000000 0.000000 0.000001
    54 0.310846 -0.606445 -0.498005 0.308107 -0.197598 0.313976
    55 1.869163 -0.004741 -0.004901 0.000029 0.000063 1.014474
    56 1.200941 0.399582 -0.000237 -0.009465 0.016087 0.007127
    57 0.000586 0.100342 -0.000319 -0.120035 -0.021926 -0.209617
    58 -0.161663 0.051712 0.194808 -2.941982 0.122408 -0.060194
    59 2.010092 -0.003202 -0.007284 -0.000030 -0.000023 1.727442
    60 0.000240 0.099802 -0.000395 -0.018823 0.010833 -0.239219
    61 -0.203197 0.048607 0.069150 -3.093332 0.033217 -0.046722
    62 1.180428 -0.006214 0.000780 0.000022 0.000048 1.609511
    63 -0.000196 0.099625 -0.000034 0.000000 0.000000 -0.314102
    64 -0.088736 -0.688435 -0.145203 2.930407 -0.136130 0.513013
    65 1.715976 -0.003328 -0.000088 0.000059 -0.000068 1.722852
    66 -0.000580 0.100145 -0.000311 -0.010912 0.023129 -0.260841
    67 -0.146030 -0.232426 -0.014225 3.028455 -0.094299 0.113020
    68 1.290632 0.000362 -0.000032 0.000000 0.000000 0.202514
    69 -0.658121 -0.003575 0.072645 -0.142711 0.027792 -0.077299
    70 1.868080 -0.003049 0.006083 0.000003 -0.000021 0.189330
    71 1.200079 0.399944 -0.000093 0.009465 -0.016087 0.007127
    72 0.000591 0.100342 0.000319 0.120035 0.021926 -0.209617
    73 0.068077 0.002285 -0.080050 3.111376 -0.069366 -0.060847
    74 2.011874 -0.005083 0.006086 -0.256555 0.043096 1.354249
    75 0.000229 0.099802 0.000395 0.018823 -0.010833 -0.239219
    76 -0.018673 -0.001009 0.047544 3.109244 0.002635 -0.106673
    77 1.178665 0.001595 0.000845 0.000018 -0.000012 0.694132
    78 -0.000198 0.099628 0.000034 0.000000 0.000000 -0.314102
    79 0.036892 -0.634449 0.266284 -2.801062 0.174301 0.490914
    80 1.708256 -0.002506 -0.004592 -0.000022 0.000023 0.926271
    81 -0.000576 0.100136 0.000311 0.010912 -0.023131 -0.260841
    82 -0.003952 -0.281811 0.115047 -3.059162 0.089004 0.167964
    83 1.289627 0.003949 0.000061 -0.000014 0.000003 0.803643
    84 -0.171528 -0.018148 -0.099873 0.013484 -0.062184 -0.011780
    85 0.912716 0.007240 0.001326 -0.000041 0.000045 0.691470
    86 -0.342617 0.053404 -0.025571 -2.909301 -0.017248 0.075276
    87 1.100231 -0.000930 -0.002434 0.000009 0.000014 -0.388560
    88 -0.384983 0.330998 0.006848 -3.087207 -0.018765 -0.184279
    89 0.678146 0.006192 0.000002 -0.000006 -0.000019 0.000029
    90 -0.123848 0.072737 0.029507 2.898184 -0.060627 0.094834
    91 1.017166 -0.000154 -0.000252 -0.000023 -0.000014 -0.289865
    92 -0.344986 0.123129 0.143151 2.994981 0.012396 0.059140
    93 -0.730988 0.177046 0.039141 -0.123731 0.076518 -0.084310
    94 0.925900 0.001298 -0.000896 -0.000002 -0.000011 0.002307
    95 -0.124027 -0.052092 0.038496 3.077813 -0.008519 0.039229
    96 1.100430 -0.003552 0.000503 -0.217263 -0.000006 0.841241
    97 -0.330082 0.160641 0.042780 3.128073 0.034033 -0.171236
    98 0.679760 0.005438 0.003272 0.000074 -0.000021 0.727745
    99 -0.019516 -0.016531 0.038578 -2.763781 0.050305 0.076828
    100 1.018891 0.001206 0.001121 -0.084258 -0.010419 1.032479
    101 -0.155312 0.130643 -0.021921 -3.022466 0.022433 -0.024903
    102 -0.252209 0.061937 -0.024914 -0.007671 -0.063171 -0.044392
    103 -0.085991 0.185203 -0.015180 -2.937063 -0.113970 -0.138991
    104 -0.286537 0.179852 0.024264 -3.109353 -0.049645 -0.029915
    105 -0.019489 0.147084 0.079203 2.893815 0.038585 -0.060594
    106 -0.046482 0.251898 0.129548 3.016165 0.077112 -0.042864
    107 0.039120 -0.040298 0.047739 3.084219 0.030470 -0.037414
    108 -0.233757 0.066630 0.001754 -3.133086 0.040141 -0.065413
    109 0.044266 0.020128 0.001684 -2.778763 -0.118872 -0.040488
    110 0.071495 0.074127 -0.048302 -3.035917 -0.059482 0.104366
    111 0.000000 0.000000 0.000000 0.000000 0.000000 -1.570796
    112 9.734672 -1.109409 -4.527482 -0.054492 0.003801 0.085727
    113 4.617328 11.910520 -8.070559 -0.297047 -0.788032 -1.158632
    114 -0.348999 0.000000 0.342999 0.000000 0.000000 0.000000
    115 2.394995 0.000000 0.034000 0.000000 0.000000 0.000000
    116 0.008000 0.000000 1.401997 0.000000 0.000000 0.000000
    117 1.148998 0.000000 0.626999 0.000000 0.000000 0.000000
    118 1.107998 0.000000 0.153000 0.000000 0.000000 0.000000
    119 -2.457995 0.000000 0.449999 0.000000 0.000000 0.000000
    120 0.283000 0.000000 0.659998 0.000000 0.000000 0.000000
    121 4.293992 0.000000 0.136000 0.000000 0.000000 0.000000
    122 1.511997 -0.417999 1.094998 0.000000 0.000000 -1.570755
    123 4.229991 0.000000 0.042000 0.000000 0.000000 0.000000
    124 0.240000 0.000000 -0.662999 0.000000 0.000000 0.000000
    125 1.060998 0.000000 -3.633993 0.000000 0.000000 0.000000
    126 0.193999 0.000000 -2.057996 0.000000 0.000000 0.000000
    127 -0.774998 0.000000 -2.394995 0.000000 0.000000 0.000000
    128 0.000000 0.000000 0.000000 0.000000 0.000000 0.000000
    129 -0.106000 0.000000 64.320000 0.000000 0.000000 0.000000
    130 0.000000 0.000000 0.000000 0.000000 0.000000 0.000000
    131 0.000000 0.000000 0.000000 -0.007730 0.027553 0.008857
    132 20.378352 -0.397313 5.241761 -0.054606 0.003745 0.085732
    133 0.106000 0.000000 -64.320000 0.000000 0.000000 0.000000
    134 0.000000 0.000000 0.000000 0.000000 0.000000 0.000000
    135 0.000000 0.000000 -4.867002 -3.141592 0.000000 -3.128591
    136 0.000000 0.000000 4.867000 -3.141592 0.000000 -3.128591
    137 4.000000 -6.500000 0.000000 0.000000 0.000000 0.000977
    138 -6.500000 0.000000 0.000000 0.000000 1.570796 0.000000
    139 1.000088 -0.000029 0.000000 0.000000 0.000000 0.000000
    140 17.162516 -0.000404 0.000000 0.000000 0.000000 0.119214
    141 9.999891 -0.000303 0.000000 0.000000 0.000000 0.000000
    142 1.000088 -0.000029 0.000000 0.000000 0.000000 0.000000
    143 17.162516 -0.000404 0.000000 0.000000 0.000000 0.119214
    144 9.499836 0.000212 0.000000 0.000000 0.000000 0.000000
    145 0.000000 0.000000 0.000000 0.000000 0.000000 0.000000
    146 17.749374 0.295515 0.000000 0.000000 0.000000 -1.158958
    147 0.017889 0.299792 0.000000 0.000000 0.000000 -0.059582
    148 12.283573 1.581456 -4.696000 1.462269 -0.086726 0.090185
    149 17.749376 0.295515 0.000000 0.000000 0.000000 -1.158958
    150 0.017889 0.299792 0.000000 0.000000 0.000000 -0.059582
    151 13.354000 0.000000 0.000000 0.000000 0.000000 -0.294101
    152 4.530998 0.000000 0.000000 0.000000 0.000000 0.000000
    153 0.000000 0.000000 0.000000 0.000000 0.000000 0.000000
    154 5.413524 0.000347 0.000000 0.000000 0.000000 -0.518055
    155 5.413524 0.000347 0.000000 0.000000 0.000000 -0.518055
    156 4.662002 -5.366333 4.825191 1.569713 1.561305 -3.121213
    157 3.116966 -0.000443 0.000000 0.000000 0.000000 0.294101
    158 0.000000 0.000000 0.000000 0.000000 0.000000 0.000000
    159 -8.143333 5.636891 -7.300586 0.551671 0.197015 -0.289462
    160 -10.405212 5.371679 -55.985309 0.054746 0.000829 -0.085893
    161 3.512001 -3.547000 -1.066000 0.000000 1.570796 0.000000
    162 3.456001 -3.517000 1.169000 0.000000 1.570796 0.000000
    163 6.233002 0.000000 0.000000 0.000000 0.000000 0.000000
    164 -0.171997 -0.106000 -0.902000 1.570713 1.029176 -3.134550
    165 6.066210 -6.547974 -0.105472 0.008857 0.007994 -0.027493
    166 0.181000 -0.064000 1.096000 0.000000 0.000000 0.000000
    167 3.999434 -0.000528 -0.000332 0.378611 -0.000023 0.000016
    168 3.999901 0.000041 0.001011 0.020777 0.000060 0.000000
    169 1.598000 0.000000 0.000000 0.000000 0.000000 0.000000
    170 -1.145525 0.000130 0.000668 0.000000 0.000000 0.000000
    171 2.299679 -2.499979 -0.599480 0.892008 0.221446 -0.527246
    172 23.273851 3.578782 6.867068 0.402527 -0.049862 0.938479
    173 -9.580673 -27.862106 -37.184681 0.812879 -0.123459 -0.568477
    174 0.649933 -0.548295 0.093651 -1.665913 -0.131399 -0.112062
    175 0.657074 0.008402 0.040371 -1.665945 -0.131407 -0.000013
    176 0.665776 0.747221 -0.029190 -1.665935 -0.131408 0.094976
    177 2.300138 -2.499413 0.600155 -0.892012 -0.221530 -0.527259
    178 11.192136 0.467238 4.561009 2.348837 -0.350341 0.140480
    179 2.762354 0.116951 1.523975 1.629482 0.064153 1.743800
    180 7.228323 7.928198 -3.925648 2.328713 0.123459 -0.568477
    181 0.650394 -0.547730 -0.092979 1.665913 0.131399 -0.112062
    182 0.657069 0.008398 -0.040379 1.665945 0.131407 -0.000013
    183 0.665777 0.747220 0.029182 1.665935 0.131408 0.094976
    184 -4.481003 -0.202000 0.000000 0.000000 0.000000 0.000000
    185 -5.516998 -0.291000 -0.001000 0.000000 0.000000 0.000000
    186 -0.857700 0.104073 0.104687 0.023536 0.163924 0.013632
    187 1.899121 0.000427 -0.000439 0.027386 -0.033311 0.477848
    188 1.799659 -0.000240 0.000231 0.027386 -0.033311 0.477848
    189 1.799659 -0.000240 0.000231 0.027386 -0.033311 0.477848
    190 1.799659 -0.000240 0.000231 0.027386 -0.033311 0.477848
    191 1.900308 -0.000145 -0.000518 0.027386 -0.033311 0.477848
    192 1.899433 -0.000317 -0.000151 -0.027386 0.033311 0.477848
    193 1.799659 -0.000237 -0.000233 -0.027386 0.033311 0.477848
    194 1.799659 -0.000237 -0.000233 -0.027386 0.033311 0.477848
    195 1.799659 -0.000237 -0.000233 -0.027386 0.033311 0.477848
    196 1.900724 0.000553 -0.000072 -0.027386 0.033311 0.477848
    197 0.599884 0.400187 -0.000031 0.000000 0.000000 0.000000
    198 0.599888 0.400187 0.000031 0.000000 0.000000 -3.141592
    199 0.599503 0.400696 0.000234 0.000000 0.000000 0.000000
    200 0.600399 0.399632 -0.000466 0.000000 0.000000 -3.141592
  time 24
    0 0.000000 0.000000 0.000000 0.000000 0.000000 -1.570796
    1 -0.106323 0.000000 -0.000198 0.000000 0.000000 0.000000
    2 0.000000 0.000000 0.000000 0.000000 0.000000 0.000000
    3 -0.904000 0.000000 -11.806000 0.000000 0.000000 0.000000
    4 0.000000 0.000000 -14.313999 0.000000 -1.570796 1.570857
    5 3.533001 0.000000 0.000000 0.000000 0.000000 0.000000
    6 6.250000 0.000000 0.000000 0.000000 0.000000 0.000000
    7 4.381292 1.546947 -1.721357 -1.153277 1.547377 -1.153364
    8 9.562500 6.343750 1.773438 1.153277 -1.547377 -1.153364
    9 5.786820 0.002787 -0.000113 0.591163 0.925771 0.382000
    10 5.999492 -0.000592 -4.000343 0.000000 0.000000 0.000000
    11 5.787410 0.002582 0.000893 0.501995 -0.461750 -1.209664
    12 5.999492 -0.000592 4.000336 0.000000 0.000000 0.000000
    13 0.500225 0.000133 -0.000088 -0.153876 0.000048 0.000000
    14 11.534559 0.008161 -0.001312 -0.000077 -0.000099 -2.191024
    15 -0.829338 0.893824 0.079659 -0.148839 0.047645 0.087266
    16 0.500225 0.000132 0.000076 0.149003 0.000000 -0.000048
    17 11.532495 0.004432 -0.000089 -0.000042 0.000026 -1.612874
    18 -0.829586 0.894698 -0.079464 0.045377 -0.019621 0.087266
    19 10.599884 0.000105 -0.000553 0.413241 0.000000 0.000000
    20 1.154853 -0.595503 -0.000805 0.000072 0.000023 1.095511
    21 11.042057 0.003717 0.004704 0.397280 0.064981 -0.274113
    22 -1.214832 0.203470 -0.477489 -0.135025 -0.078677 -0.001289
    23 10.599880 0.000105 0.000549 0.067273 0.000000 0.000000
    24 0.518113 -0.497844 0.000801 0.000000 -0.000011 0.806405
    25 11.041742 0.003171 -0.000571 0.049602 0.512914 0.898003
    26 -1.063377 0.077663 0.150230 0.045121 0.020046 -0.012850
    27 0.610302 -0.939470 0.070343 -1.655295 -0.140031 -0.175640
    28 0.639940 -0.199121 0.060188 -1.665960 -0.131391 -0.066411
    29 0.600155 1.080261 -0.339535 -1.738023 0.020682 0.107421
    30 0.610207 0.400743 -0.010101 -1.762268 -0.061628 0.042968
    31 0.634715 -0.693997 -0.232343 0.230244 0.511523 -0.950554
    32 -0.792125 0.203736 0.461300 1.439074 -0.003453 -0.018305
    33 0.610300 -0.939469 -0.070351 1.655295 0.140079 -0.175676
    34 0.639937 -0.199121 -0.060200 1.665655 0.091315 -0.070330
    35 0.600157 1.080259 0.339531 1.764702 -0.263838 -0.039247
    36 0.610205 0.400743 0.010086 1.763182 -0.081516 -0.010340
    37 0.624002 -0.695300 0.236176 -0.356484 -0.241965 -0.933493
    38 -0.626031 -0.069983 -0.080517 -1.447153 0.086151 0.021559
    39 2.621377 -0.002532 -0.001438 -0.008637 -0.326992 0.502679
    40 2.660837 0.000397 -0.000071 -0.038183 -0.146600 0.710250
    41 2.202488 0.003368 -0.006769 -0.032301 0.046516 0.917978
    42 0.599952 0.959240 -0.300102 -0.174544 0.000000 0.000000
    43 2.553283 -0.005873 0.006359 0.073216 0.003031 0.897971
    44 2.095024 -0.003873 -0.006100 -0.558406 -0.056544 0.309164
    45 0.999380 -0.000236 -1.256246 -0.000001 0.000000 0.000000
    46 -0.122639 -0.721856 0.661690 -0.486644 0.223964 0.243056
    47 2.622113 -0.004555 0.002741 0.324843 0.340977 0.429898
    48 2.654002 0.004589 -0.000533 0.605242 -0.015661 1.366742
    49 2.200016 0.001663 0.004743 0.373021 -0.104806 0.773018
    50 0.599951 0.959244 0.300102 0.174544 0.000000 0.000000
    51 2.556570 -0.004291 0.000554 0.357128 -0.080563 1.172373
    52 2.103851 0.005614 -0.001014 0.568532 -0.341646 0.620401
    53 0.999374 -0.000237 1.166392 0.000000 0.000000 0.000001
    54 0.310846 -0.606445 -0.498005 0.308107 -0.197598 0.313976
    55 1.869163 -0.000835 -0.004901 -0.000043 -0.000032 1.325470
    56 1.200941 0.399582 -0.000237 -0.009465 0.016087 0.007127
    57 0.000586 0.100342 -0.000319 -0.120035 -0.021926 -0.209617
    58 -0.161663 0.051712 0.194808 -2.941982 0.122408 -0.060194
    59 2.010092 -0.007109 -0.007284 0.000018 0.000013 1.471266
    60 0.000240 0.099802 -0.000395 -0.018823 0.010833 -0.239219
    61 -0.203197 0.048607 0.069150 -3.093332 0.033217 -0.046722
    62 1.180428 -0.006214 0.000780 -0.000014 0.000012 0.756230
    63 -0.000196 0.099625 -0.000034 0.000000 0.000000 -0.314102
    64 -0.088736 -0.688435 -0.145203 2.930407 -0.136130 0.513013
    65 1.712069 -0.003328 0.003818 0.000023 -0.000021 1.064576
    66 -0.000580 0.100145 -0.000311 -0.010912 0.023129 -0.260841
    67 -0.146030 -0.232426 -0.014225 3.028455 -0.094299 0.113020
    68 1.290632 0.000362 -0.000032 0.000000 0.000000 -0.127233
    69 -0.658121 -0.003575 0.072645 -0.142711 0.027792 -0.077299
    70 1.868080 -0.003049 0.006083 0.000003 -0.000021 0.228452
    71 1.200079 0.399944 -0.000093 0.009465 -0.016087 0.007127
    72 0.000591 0.100342 0.000319 0.120035 0.021926 -0.209617
    73 0.068077 0.002285 -0.080050 3.111376 -0.069366 -0.060847
    74 2.015780 -0.005083 0.006086 -0.256519 0.043144 1.354249
    75 0.000229 0.099802 0.000395 0.018823 -0.010833 -0.239219
    76 -0.018673 -0.001009 0.047544 3.109244 0.002635 -0.106673
    77 1.178665 0.001595 0.000845 0.000018 -0.000012 0.694158
    78 -0.000198 0.099628 0.000034 0.000000 0.000000 -0.314102
    79 0.036892 -0.634449 0.266284 -2.801062 0.174301 0.490914
    80 1.708256 -0.002506 -0.004592 0.000002 0.000035 0.926248
    81 -0.000576 0.100136 0.000311 0.010912 -0.023131 -0.260841
    82 -0.003952 -0.281811 0.115047 -3.059162 0.089004 0.167964
    83 1.289627 0.003949 0.000061 -0.000014 0.000003 0.803643
    84 -0.171528 -0.018148 -0.099873 0.013484 -0.062184 -0.011780
    85 0.916622 0.007240 0.001326 0.000019 0.000021 0.138691
    86 -0.342617 0.053404 -0.025571 -2.909301 -0.017248 0.075276
    87 1.100231 -0.000930 -0.002434 0.000009 0.000014 -0.388560
    88 -0.384983 0.330998 0.006848 -3.087207 -0.018765 -0.184279
    89 0.678146 0.002286 0.000002 -0.000006 -0.000019 0.000029
    90 -0.123848 0.072737 0.029507 2.898184 -0.060627 0.094834
    91 1.017166 -0.000154 -0.000252 -0.000023 -0.000014 -0.289865
    92 -0.344986 0.123129 0.143151 2.994981 0.012396 0.059140
    93 -0.730988 0.177046 0.039141 -0.123731 0.076518 -0.084310
    94 0.921993 0.001298 -0.000896 -0.000062 0.000001 0.017080
    95 -0.124027 -0.052092 0.038496 3.077813 -0.008519 0.039229
    96 1.100430 -0.007458 0.000503 -0.217179 0.000030 0.841213
    97 -0.330082 0.160641 0.042780 3.128073 0.034033 -0.171236
    98 0.679760 0.005438 0.003272 -0.000034 0.000039 0.727745
    99 -0.019516 -0.016531 0.038578 -2.763781 0.050305 0.076828
    100 1.018891 0.001206 0.001121 -0.084282 -0.010479 1.032536
    101 -0.155312 0.130643 -0.021921 -3.022466 0.022433 -0.024903
    102 -0.252209 0.061937 -0.024914 -0.007671 -0.063171 -0.044392
    103 -0.085991 0.185203 -0.015180 -2.937063 -0.113970 -0.138991
    104 -0.286537 0.179852 0.024264 -3.109353 -0.049645 -0.029915
    105 -0.019489 0.147084 0.079203 2.893815 0.038585 -0.060594
    106 -0.046482 0.251898 0.129548 3.016165 0.077112 -0.042864
    107 0.039120 -0.040298 0.047739 3.084219 0.030470 -0.037414
    108 -0.233757 0.066630 0.001754 -3.133086 0.040141 -0.065413
    109 0.044266 0.020128 0.001684 -2.778763 -0.118872 -0.040488
    110 0.071495 0.074127 -0.048302 -3.035917 -0.059482 0.104366
    111 0.000000 0.000000 0.000000 0.000000 0.000000 -1.570796
    112 9.824519 -1.121128 -4.523576 -0.036802 0.005093 0.088561
    113 4.609516 11.848018 -7.902585 -0.272658 -0.792305 -1.173203
    114 -0.348999 0.000000 0.342999 0.000000 0.000000 0.000000
    115 2.394995 0.000000 0.034000 0.000000 0.000000 0.000000
    116 0.008000 0.000000 1.401997 0.000000 0.000000 0.000000
    117 1.148998 0.000000 0.626999 0.000000 0.000000 0.000000
    118 1.107998 0.000000 0.153000 0.000000 0.000000 0.000000
    119 -2.457995 0.000000 0.449999 0.000000 0.000000 0.000000
    120 0.283000 0.000000 0.659998 0.000000 0.000000 0.000000
    121 4.293992 0.000000 0.136000 0.000000 0.000000 0.000000
    122 1.511997 -0.417999 1.094998 0.000000 0.000000 -1.570755
    123 4.229991 0.000000 0.042000 0.000000 0.000000 0.000000
    124 0.240000 0.000000 -0.662999 0.000000 0.000000 0.000000
    125 1.060998 0.000000 -3.633993 0.000000 0.000000 0.000000
    126 0.193999 0.000000 -2.057996 0.000000 0.000000 0.000000
    127 -0.774998 0.000000 -2.394995 0.000000 0.000000 0.000000
    128 0.000000 0.000000 0.000000 0.000000 0.000000 0.000000
    129 -0.106000 0.000000 64.320000 0.000000 0.000000 0.000000
    130 0.000000 0.000000 0.000000 0.000000 0.000000 0.000000
    131 0.000000 0.000000 0.000000 -0.015089 0.025383 0.008521
    132 20.464292 -0.346530 5.226135 -0.036889 0.005152 0.088566
    133 0.106000 0.000000 -64.320000 0.000000 0.000000 0.000000
    134 0.000000 0.000000 0.000000 0.000000 0.000000 0.000000
    135 0.000000 0.000000 -4.867002 -3.141592 0.000000 -3.128591
    136 0.000000 0.000000 4.867000 -3.141592 0.000000 -3.128591
    137 4.000000 -6.500000 0.000000 0.000000 0.000000 0.000977
    138 -6.500000 0.000000 0.000000 0.000000 1.570796 0.000000
    139 1.000088 -0.000029 0.000000 0.000000 0.000000 0.000000
    140 17.162516 -0.000404 0.000000 0.000000 0.000000 0.119214
    141 9.999891 -0.000303 0.000000 0.000000 0.000000 0.000000
    142 1.000088 -0.000029 0.000000 0.000000 0.000000 0.000000
    143 17.162516 -0.000404 0.000000 0.000000 0.000000 0.119214
    144 9.499836 0.000212 0.000000 0.000000 0.000000 0.000000
    145 0.000000 0.000000 0.000000 0.000000 0.000000 0.000000
    146 17.749374 0.295515 0.000000 0.000000 0.000000 -1.158958
    147 0.017889 0.299792 0.000000 0.000000 0.000000 -0.059582
    148 12.283573 1.581456 -4.696000 1.462269 -0.086726 0.090185
    149 17.749376 0.295515 0.000000 0.000000 0.000000 -1.158958
    150 0.017889 0.299792 0.000000 0.000000 0.000000 -0.059582
    151 13.354000 0.000000 0.000000 0.000000 0.000000 -0.294101
    152 4.530998 0.000000 0.000000 0.000000 0.000000 0.000000
    153 0.000000 0.000000 0.000000 0.000000 0.000000 0.000000
    154 5.413524 0.000347 0.000000 0.000000 0.000000 -0.518055
    155 5.413524 0.000347 0.000000 0.000000 0.000000 -0.518055
    156 4.662002 -5.366333 4.825191 1.569713 1.561305 -3.121213
    157 3.116966 -0.000443 0.000000 0.000000 0.000000 0.294101
    158 0.000000 0.000000 0.000000 0.000000 0.000000 0.000000
    159 -5.729197 1.851619 -9.027201 1.197215 -0.073202 -0.290589
    160 -10.413025 4.359929 -56.082968 0.037155 -0.001779 -0.088597
    161 3.512001 -3.547000 -1.066000 0.000000 1.570796 0.000000
    162 3.456001 -3.517000 1.169000 0.000000 1.570796 0.000000
    163 6.233002 0.000000 0.000000 0.000000 0.000000 0.000000
    164 -0.171997 -0.106000 -0.902000 1.570713 1.029176 -3.134550
    165 6.077929 -6.532349 -0.144536 0.008521 0.015292 -0.025264
    166 0.181000 -0.064000 1.096000 0.000000 0.000000 0.000000
    167 3.999434 -0.000528 -0.000332 0.206616 -0.000023 0.000016
    168 3.999901 0.000041 0.001011 0.033744 0.000000 -0.000060
    169 1.598000 0.000000 0.000000 0.000000 0.000000 0.000000
    170 -1.145525 0.000130 0.000668 0.000000 0.000000 0.000000
    171 2.299679 -2.499979 -0.599480 0.891953 0.221470 -0.527246
    172 21.008156 -1.663566 4.714659 0.620039 -0.129310 0.822897
    173 -9.580673 -27.862106 -37.184681 0.812879 -0.123459 -0.568477
    174 0.649933 -0.548295 0.093651 -1.665913 -0.131399 -0.112062
    175 0.657074 0.008402 0.040371 -1.665945 -0.131407 -0.000013
    176 0.665776 0.747221 -0.029190 -1.665935 -0.131408 0.094976
    177 2.300138 -2.499413 0.600155 -0.892012 -0.221518 -0.527227
    178 11.192136 0.463332 4.561009 2.348837 -0.350429 0.140427
    179 2.762354 0.116951 1.523975 1.629482 0.064153 1.743800
    180 7.228323 7.928198 -3.925648 2.328713 0.123459 -0.568477
    181 0.650394 -0.547730 -0.092979 1.665913 0.131399 -0.112062
    182 0.657069 0.008398 -0.040379 1.665945 0.131407 -0.000013
    183 0.665777 0.747220 0.029182 1.665935 0.131408 0.094976
    184 -4.481003 -0.202000 0.000000 0.000000 0.000000 0.000000
    185 -5.516998 -0.291000 -0.001000 0.000000 0.000000 0.000000
    186 -0.857700 0.104073 0.104687 0.023536 0.163924 0.013632
    187 1.899121 0.000427 -0.000439 0.027386 -0.033311 0.477848
    188 1.799659 -0.000240 0.000231 0.027386 -0.033311 0.477848
    189 1.799659 -0.000240 0.000231 0.027386 -0.033311 0.477848
    190 1.799659 -0.000240 0.000231 0.027386 -0.033311 0.477848
    191 1.900308 -0.000145 -0.000518 0.027386 -0.033311 0.477848
    192 1.899433 -0.000317 -0.000151 -0.027386 0.033311 0.477848
    193 1.799659 -0.000237 -0.000233 -0.027386 0.033311 0.477848
    194 1.799659 -0.000237 -0.000233 -0.027386 0.033311 0.477848
    195 1.799659 -0.000237 -0.000233 -0.027386 0.033311 0.477848
    196 1.900724 0.000553 -0.000072 -0.027386 0.033311 0.477848
    197 0.599884 0.400187 -0.000031 0.000000 0.000000 0.000000
    198 0.599888 0.400187 0.000031 0.000000 0.000000 -3.141592
    199 0.599503 0.400696 0.000234 0.000000 0.000000 0.000000
    200 0.600399 0.399632 -0.000466 0.000000 0.000000 -3.141592
  time 25
    0 0.000000 0.000000 0.000000 0.000000 0.000000 -1.570796
    1 -0.106323 0.000000 -0.000198 0.000000 0.000000 0.000000
    2 0.000000 0.000000 0.000000 0.000000 0.000000 0.000000
    3 -0.904000 0.000000 -11.806000 0.000000 0.000000 0.000000
    4 0.000000 0.000000 -14.313999 0.000000 -1.570796 1.570857
    5 3.533001 0.000000 0.000000 0.000000 0.000000 0.000000
    6 6.250000 0.000000 0.000000 0.000000 0.000000 0.000000
    7 4.381292 1.546947 -1.721357 -1.153277 1.547377 -1.153364
    8 9.562500 6.343750 1.773438 1.153277 -1.547377 -1.153364
    9 5.786820 0.002787 -0.000113 0.293253 1.037549 -0.022030
    10 5.999492 -0.000592 -4.000343 0.000000 0.000000 0.000000
    11 5.787410 0.002582 0.000893 0.504500 -0.459558 -1.215773
    12 5.999492 -0.000592 4.000336 0.000000 0.000000 0.000000
    13 0.500225 0.000133 -0.000088 -0.149679 0.000000 0.000000
    14 11.534559 0.008161 -0.001312 -0.000065 0.000033 -2.030802
    15 -0.829338 0.893824 0.079659 -0.148839 0.047645 0.087266
    16 0.500225 0.000132 0.000076 0.149200 -0.000012 -0.000012
    17 11.532495 0.000526 -0.000089 0.000054 0.000026 -1.599379
    18 -0.829586 0.894698 -0.079464 0.045377 -0.019621 0.087266
    19 10.599884 0.000105 -0.000553 0.254239 0.000000 0.000000
    20 0.963441 -0.595503 -0.000805 0.000000 0.000011 1.015508
    21 11.042057 0.003717 0.000798 0.254037 -0.111509 -0.148625
    22 -1.214832 0.203470 -0.477489 -0.135025 -0.078677 -0.001289
    23 10.599880 0.000105 0.000549 0.096894 -0.000048 0.000000
    24 0.506394 -0.490031 0.000801 0.000000 -0.000011 0.799665
    25 11.041742 0.003171 -0.000571 0.072575 0.514166 0.896940
    26 -1.063377 0.077663 0.150230 0.045121 0.020046 -0.012850
    27 0.610302 -0.939470 0.070343 -1.655295 -0.140102 -0.175628
    28 0.639940 -0.199121 0.060188 -1.665960 -0.131427 -0.066447
    29 0.600155 1.080261 -0.339535 -1.738023 0.020730 0.107397
    30 0.610207 0.400743 -0.010101 -1.762268 -0.061675 0.042920
    31 0.634715 -0.690090 -0.236250 0.230304 0.511569 -0.950554
    32 -0.792125 0.203736 0.461300 1.439074 -0.003453 -0.018305
    33 0.610300 -0.939469 -0.070351 1.655295 0.140079 -0.175676
    34 0.639937 -0.199121 -0.060200 1.665502 0.091303 -0.070246
    35 0.600157 1.080259 0.339531 1.764649 -0.263814 -0.039103
    36 0.610205 0.400743 0.010086 1.763129 -0.081564 -0.010304
    37 0.624002 -0.695300 0.236176 -0.356496 -0.242013 -0.933419
    38 -0.626031 -0.069983 -0.080517 -1.447153 0.086151 0.021559
    39 2.621377 -0.002532 -0.001438 -0.008637 -0.326992 0.502679
    40 2.660837 0.000397 -0.000071 -0.038169 -0.146684 0.710250
    41 2.206394 0.003368 -0.006769 -0.032397 0.046484 0.917978
    42 0.599952 0.959240 -0.300102 -0.174544 0.000000 0.000000
    43 2.557190 -0.001967 0.006359 0.073167 0.003103 0.897971
    44 2.095024 -0.003873 -0.002193 -0.558406 -0.056630 0.309164
    45 0.999380 -0.000236 -1.252340 -0.000001 0.000000 0.000000
    46 -0.122639 -0.721856 0.661690 -0.486644 0.223964 0.243056
    47 2.626019 -0.000648 0.002741 0.325838 0.349870 0.432714
    48 2.654002 0.004589 -0.000533 0.605171 -0.015757 1.366764
    49 2.200016 0.001663 0.004743 0.373045 -0.104746 0.772956
    50 0.599951 0.959244 0.300102 0.174544 0.000000 0.000000
    51 2.556570 -0.000385 0.000554 0.357168 -0.080599 1.172373
    52 2.103851 0.005614 -0.001014 0.568532 -0.341646 0.620401
    53 0.999374 -0.000237 1.166392 0.000000 0.000000 0.000001
    54 0.310846 -0.606445 -0.498005 0.308107 -0.197598 0.313976
    55 1.873069 -0.000835 -0.000994 0.000041 -0.000020 1.325339
    56 1.200941 0.399582 -0.000237 -0.009465 0.016087 0.007127
    57 0.000586 0.100342 -0.000319 -0.120035 -0.021926 -0.209617
    58 -0.161663 0.051712 0.194808 -2.941982 0.122408 -0.060194
    59 2.010092 -0.003202 -0.007284 -0.000030 0.000048 1.471351
    60 0.000240 0.099802 -0.000395 -0.018823 0.010833 -0.239219
    61 -0.203197 0.048607 0.069150 -3.093332 0.033217 -0.046722
    62 1.180428 -0.006214 0.000780 -0.000026 -0.000024 0.756294
    63 -0.000196 0.099625 -0.000034 0.000000 0.000000 -0.314102
    64 -0.088736 -0.688435 -0.145203 2.930407 -0.136130 0.513013
    65 1.712069 -0.003328 0.003818 0.000047 0.000039 1.064488
    66 -0.000580 0.100145 -0.000311 -0.010912 0.023129 -0.260841
    67 -0.146030 -0.232426 -0.014225 3.028455 -0.094299 0.113020
    68 1.290632 0.000362 -0.000032 0.000000 0.000000 -0.127233
    69 -0.658121 -0.003575 0.072645 -0.142711 0.027792 -0.077299
    70 1.868080 -0.003049 0.006083 0.000063 -0.000021 0.270138
    71 1.200079 0.399944 -0.000093 0.009465 -0.016087 0.007127
    72 0.000591 0.100342 0.000319 0.120035 0.021926 -0.209617
    73 0.068077 0.002285 -0.080050 3.111376 -0.069366 -0.060847
    74 2.011874 -0.005083 0.006086 -0.256555 0.043096 1.354283
    75 0.000229 0.099802 0.000395 0.018823 -0.010833 -0.239219
    76 -0.018673 -0.001009 0.047544 3.109244 0.002635 -0.106673
    77 1.178665 0.001595 0.000845 -0.000042 -0.000001 0.694158
    78 -0.000198 0.099628 0.000034 0.000000 0.000000 -0.314102
    79 0.036892 -0.634449 0.266284 -2.801062 0.174301 0.490914
    80 1.704350 -0.002506 -0.000686 0.000002 0.000059 0.926248
    81 -0.000576 0.100136 0.000311 0.010912 -0.023131 -0.260841
    82 -0.003952 -0.281811 0.115047 -3.059162 0.089004 0.167964
    83 1.289627 0.003949 0.000061 -0.000014 0.000003 0.803669
    84 -0.171528 -0.018148 -0.099873 0.013484 -0.062184 -0.011780
    85 0.912716 0.007240 0.001326 0.000019 0.000021 0.138648
    86 -0.342617 0.053404 -0.025571 -2.909301 -0.017248 0.075276
    87 1.100231 -0.000930 -0.002434 0.000009 0.000014 -0.388560
    88 -0.384983 0.330998 0.006848 -3.087207 -0.018765 -0.184279
    89 0.678146 0.006192 0.000002 -0.000018 -0.000019 0.000029
    90 -0.123848 0.072737 0.029507 2.898184 -0.060627 0.094834
    91 1.017166 -0.000154 -0.000252 -0.000083 -0.000026 -0.289865
    92 -0.344986 0.123129 0.143151 2.994981 0.012396 0.059140
    93 -0.730988 0.177046 0.039141 -0.123731 0.076518 -0.084310
    94 0.925900 0.001298 -0.000896 -0.000062 0.000001 0.032797
    95 -0.124027 -0.052092 0.038496 3.077813 -0.008519 0.039229
    96 1.100430 -0.007458 0.000503 -0.217299 0.000090 0.841299
    97 -0.330082 0.160641 0.042780 3.128073 0.034033 -0.171236
    98 0.679760 0.001531 0.003272 0.000014 0.000003 0.727777
    99 -0.019516 -0.016531 0.038578 -2.763781 0.050305 0.076828
    100 1.018891 0.001206 0.001121 -0.084234 -0.010371 1.032536
    101 -0.155312 0.130643 -0.021921 -3.022466 0.022433 -0.024903
    102 -0.252209 0.061937 -0.024914 -0.007671 -0.063171 -0.044392
    103 -0.085991 0.185203 -0.015180 -2.937063 -0.113970 -0.138991
    104 -0.286537 0.179852 0.024264 -3.109353 -0.049645 -0.029915
    105 -0.019489 0.147084 0.079203 2.893815 0.038585 -0.060594
    106 -0.046482 0.251898 0.129548 3.016165 0.077112 -0.042864
    107 0.039120 -0.040298 0.047739 3.084219 0.030470 -0.037414
    108 -0.233757 0.066630 0.001754 -3.133086 0.040141 -0.065413
    109 0.044266 0.020128 0.001684 -2.778763 -0.118872 -0.040488
    110 0.071495 0.074127 -0.048302 -3.035917 -0.059482 0.104366
    111 0.000000 0.000000 0.000000 0.000000 0.000000 -1.570796
    112 9.929991 -1.128941 -4.515763 -0.015834 0.005625 0.090852
    113 4.617328 11.762078 -7.726798 -0.244041 -0.798062 -1.191353
    114 -0.348999 0.000000 0.342999 0.000000 0.000000 0.000000
    115 2.394995 0.000000 0.034000 0.000000 0.000000 0.000000
    116 0.008000 0.000000 1.401997 0.000000 0.000000 0.000000
    117 1.148998 0.000000 0.626999 0.000000 0.000000 0.000000
    118 1.107998 0.000000 0.153000 0.000000 0.000000 0.000000
    119 -2.457995 0.000000 0.449999 0.000000 0.000000 0.000000
    120 0.283000 0.000000 0.659998 0.000000 0.000000 0.000000
    121 4.293992 0.000000 0.136000 0.000000 0.000000 0.000000
    122 1.511997 -0.417999 1.094998 0.000000 0.000000 -1.570755
    123 4.229991 0.000000 0.042000 0.000000 0.000000 0.000000
    124 0.240000 0.000000 -0.662999 0.000000 0.000000 0.000000
    125 1.060998 0.000000 -3.633993 0.000000 0.000000 0.000000
    126 0.193999 0.000000 -2.057996 0.000000 0.000000 0.000000
    127 -0.774998 0.000000 -2.394995 0.000000 0.000000 0.000000
    128 0.000000 0.000000 0.000000 0.000000 0.000000 0.000000
    129 -0.106000 0.000000 64.320000 0.000000 0.000000 0.000000
    130 0.000000 0.000000 0.000000 0.000000 0.000000 0.000000
    131 0.000000 0.000000 0.000000 -0.022795 0.022351 0.007922
    132 20.561951 -0.291841 5.233948 -0.016036 0.005646 0.090797
    133 0.106000 0.000000 -64.320000 0.000000 0.000000 0.000000
    134 0.000000 0.000000 0.000000 0.000000 0.000000 0.000000
    135 0.000000 0.000000 -4.867002 -3.141592 0.000000 -3.128591
    136 0.000000 0.000000 4.867000 -3.141592 0.000000 -3.128591
    137 4.000000 -6.500000 0.000000 0.000000 0.000000 0.000977
    138 -6.500000 0.000000 0.000000 0.000000 1.570796 0.000000
    139 1.000088 -0.000029 0.000000 0.000000 0.000000 0.000000
    140 17.162516 -0.000404 0.000000 0.000000 0.000000 0.119214
    141 9.999891 -0.000303 0.000000 0.000000 0.000000 0.000000
    142 1.000088 -0.000029 0.000000 0.000000 0.000000 0.000000
    143 17.162516 -0.000404 0.000000 0.000000 0.000000 0.119214
    144 9.499836 0.000212 0.000000 0.000000 0.000000 0.000000
    145 0.000000 0.000000 0.000000 0.000000 0.000000 0.000000
    146 17.749374 0.295515 0.000000 0.000000 0.000000 -1.158958
    147 0.017889 0.299792 0.000000 0.000000 0.000000 -0.059582
    148 12.283573 1.581456 -4.696000 1.462269 -0.086726 0.090185
    149 17.749376 0.295515 0.000000 0.000000 0.000000 -1.158958
    150 0.017889 0.299792 0.000000 0.000000 0.000000 -0.059582
    151 13.354000 0.000000 0.000000 0.000000 0.000000 -0.294101
    152 4.530998 0.000000 0.000000 0.000000 0.000000 0.000000
    153 0.000000 0.000000 0.000000 0.000000 0.000000 0.000000
    154 5.413524 0.000347 0.000000 0.000000 0.000000 -0.518055
    155 5.413524 0.000347 0.000000 0.000000 0.000000 -0.518055
    156 4.662002 -5.366333 4.825191 1.569713 1.561305 -3.121213
    157 3.116966 -0.000443 0.000000 0.000000 0.000000 0.294101
    158 0.000000 0.000000 0.000000 0.000000 0.000000 0.000000
    159 -2.865828 0.652364 -7.210740 0.960021 -0.035950 -0.212590
    160 -10.479433 3.164580 -56.172814 0.016549 -0.004089 -0.090865
    161 3.512001 -3.547000 -1.066000 0.000000 1.570796 0.000000
    162 3.456001 -3.517000 1.169000 0.000000 1.570796 0.000000
    163 6.233002 0.000000 0.000000 0.000000 0.000000 0.000000
    164 -0.171997 -0.106000 -0.902000 1.570713 1.029176 -3.134550
    165 6.101367 -6.512817 -0.187506 0.007922 0.022962 -0.022171
    166 0.181000 -0.064000 1.096000 0.000000 0.000000 0.000000
    167 3.999434 -0.000528 -0.000332 0.127017 -0.000023 0.000016
    168 3.999901 0.000041 0.001011 0.048479 0.000000 0.000000
    169 1.598000 0.000000 0.000000 0.000000 0.000000 0.000000
    170 -1.145525 0.000130 0.000668 0.000000 0.000000 0.000000
    171 2.299679 -2.499979 -0.599480 0.892008 0.221446 -0.527246
    172 18.965125 -4.659751 2.347399 0.856707 -0.156096 0.710244
    173 -9.580673 -27.862106 -37.184681 0.812879 -0.123459 -0.568477
    174 0.649933 -0.548295 0.093651 -1.665913 -0.131399 -0.112062
    175 0.657074 0.008402 0.040371 -1.665945 -0.131407 -0.000013
    176 0.665776 0.747221 -0.029190 -1.665935 -0.131408 0.094976
    177 2.300138 -2.499413 0.600155 -0.892039 -0.221542 -0.527275
    178 11.192136 0.463332 4.561009 2.348966 -0.350371 0.140585
    179 2.762354 0.116951 1.523975 1.629482 0.064153 1.743800
    180 7.228323 7.928198 -3.925648 2.328713 0.123459 -0.568477
    181 0.650394 -0.547730 -0.092979 1.665913 0.131399 -0.112062
    182 0.657069 0.008398 -0.040379 1.665945 0.131407 -0.000013
    183 0.665777 0.747220 0.029182 1.665935 0.131408 0.094976
    184 -4.481003 -0.202000 0.000000 0.000000 0.000000 0.000000
    185 -5.516998 -0.291000 -0.001000 0.000000 0.000000 0.000000
    186 -0.857700 0.104073 0.104687 0.023536 0.163924 0.013632
    187 1.899121 0.000427 -0.000439 0.027386 -0.033311 0.477848
    188 1.799659 -0.000240 0.000231 0.027386 -0.033311 0.477848
    189 1.799659 -0.000240 0.000231 0.027386 -0.033311 0.477848
    190 1.799659 -0.000240 0.000231 0.027386 -0.033311 0.477848
    191 1.900308 -0.000145 -0.000518 0.027386 -0.033311 0.477848
    192 1.899433 -0.000317 -0.000151 -0.027386 0.033311 0.477848
    193 1.799659 -0.000237 -0.000233 -0.027386 0.033311 0.477848
    194 1.799659 -0.000237 -0.000233 -0.027386 0.033311 0.477848
    195 1.799659 -0.000237 -0.000233 -0.027386 0.033311 0.477848
    196 1.900724 0.000553 -0.000072 -0.027386 0.033311 0.477848
    197 0.599884 0.400187 -0.000031 0.000000 0.000000 0.000000
    198 0.599888 0.400187 0.000031 0.000000 0.000000 -3.141592
    199 0.599503 0.400696 0.000234 0.000000 0.000000 0.000000
    200 0.600399 0.399632 -0.000466 0.000000 0.000000 -3.141592
  time 26
    0 0.000000 0.000000 0.000000 0.000000 0.000000 -1.570796
    1 -0.106323 0.000000 -0.000198 0.000000 0.000000 0.000000
    2 0.000000 0.000000 0.000000 0.000000 0.000000 0.000000
    3 -0.904000 0.000000 -11.806000 0.000000 0.000000 0.000000
    4 0.000000 0.000000 -14.313999 0.000000 -1.570796 1.570857
    5 3.533001 0.000000 0.000000 0.000000 0.000000 0.000000
    6 6.250000 0.000000 0.000000 0.000000 0.000000 0.000000
    7 4.381292 1.546947 -1.721357 -1.153277 1.547377 -1.153364
    8 9.562500 6.343750 1.773438 1.153277 -1.547377 -1.153364
    9 5.786820 0.002787 -0.000113 0.172199 1.126776 -0.239307
    10 5.999492 -0.000592 -4.000343 0.000000 0.000000 0.000000
    11 5.787410 0.002582 0.000893 0.506834 -0.457821 -1.221517
    12 5.999492 -0.000592 4.000336 0.000000 0.000000 0.000000
    13 0.500225 0.000133 -0.000088 -0.182881 0.000000 0.000000
    14 11.534559 0.004255 -0.001312 -0.000065 0.000045 -1.941912
    15 -0.829338 0.893824 0.079659 -0.148839 0.047645 0.087266
    16 0.500225 0.000132 0.000076 0.149421 -0.000048 0.000000
    17 11.532495 0.004432 0.003817 0.000006 -0.000022 -1.587878
    18 -0.829586 0.894698 -0.079464 0.045377 -0.019621 0.087266
    19 10.599884 0.000105 -0.000553 0.177591 0.000000 0.000000
    20 0.857969 -0.587690 -0.000805 0.000000 0.000011 0.970944
    21 11.042057 -0.000189 0.004704 0.184311 -0.297901 -0.181774
    22 -1.214832 0.203470 -0.477489 -0.135025 -0.078677 -0.001289
    23 10.599880 0.000105 0.000549 0.123924 0.000000 0.000000
    24 0.494675 -0.486125 0.000801 -0.000024 -0.000047 0.793884
    25 11.041742 0.003171 -0.000571 0.094307 0.516034 0.897235
    26 -1.063377 0.077663 0.150230 0.045121 0.020046 -0.012850
    27 0.610302 -0.939470 0.070343 -1.655295 -0.140150 -0.175664
    28 0.639940 -0.199121 0.060188 -1.665960 -0.131391 -0.066495
    29 0.600155 1.080261 -0.339535 -1.738076 0.020790 0.107373
    30 0.610207 0.400743 -0.010101 -1.762268 -0.061628 0.042968
    31 0.634715 -0.690090 -0.232343 0.230292 0.511569 -0.950595
    32 -0.792125 0.203736 0.461300 1.439074 -0.003453 -0.018305
    33 0.610300 -0.939469 -0.070351 1.655346 0.140043 -0.175544
    34 0.639937 -0.199121 -0.060200 1.665655 0.091411 -0.070246
    35 0.600157 1.080259 0.339531 1.764755 -0.263838 -0.039247
    36 0.610205 0.400743 0.010086 1.763344 -0.081612 -0.010352
    37 0.624002 -0.695300 0.232270 -0.356448 -0.241965 -0.933345
    38 -0.626031 -0.069983 -0.080517 -1.447153 0.086151 0.021559
    39 2.625284 -0.002532 -0.001438 -0.008622 -0.326943 0.502760
    40 2.660837 0.000397 -0.000071 -0.038169 -0.146684 0.710289
    41 2.206394 0.003368 -0.006769 -0.032397 0.046484 0.917866
    42 0.599952 0.959240 -0.300102 -0.174544 0.000000 0.000000
    43 2.557190 -0.005873 0.006359 0.073228 0.003079 0.897971
    44 2.095024 -0.003873 -0.006100 -0.558406 -0.056630 0.309164
    45 0.999380 -0.000236 -1.252340 -0.000001 0.000000 0.000000
    46 -0.122639 -0.721856 0.661690 -0.486644 0.223964 0.243056
    47 2.622113 -0.004555 0.006647 0.326735 0.357983 0.435263
    48 2.657909 0.004589 -0.000533 0.605154 -0.015673 1.366786
    49 2.200016 0.005570 0.004743 0.373105 -0.104746 0.772910
    50 0.599951 0.959244 0.300102 0.174544 0.000000 0.000000
    51 2.556570 -0.004291 0.000554 0.357142 -0.080539 1.172242
    52 2.103851 0.001708 -0.001014 0.568603 -0.341646 0.620380
    53 0.999374 -0.000237 1.166392 0.000000 0.000000 0.000001
    54 0.310846 -0.606445 -0.498005 0.308107 -0.197598 0.313976
    55 1.873069 -0.000835 -0.004901 -0.000055 0.000039 1.325339
    56 1.200941 0.399582 -0.000237 -0.009465 0.016087 0.007127
    57 0.000586 0.100342 -0.000319 -0.120035 -0.021926 -0.209617
    58 -0.161663 0.051712 0.194808 -2.941982 0.122408 -0.060194
    59 2.010092 -0.007109 -0.007284 0.000065 -0.000023 1.471351
    60 0.000240 0.099802 -0.000395 -0.018823 0.010833 -0.239219
    61 -0.203197 0.048607 0.069150 -3.093332 0.033217 -0.046722
    62 1.180428 -0.006214 0.000780 -0.000026 -0.000048 0.756359
    63 -0.000196 0.099625 -0.000034 0.000000 0.000000 -0.314102
    64 -0.088736 -0.688435 -0.145203 2.930407 -0.136130 0.513013
    65 1.712069 0.000578 0.003818 -0.000061 -0.000045 1.064620
    66 -0.000580 0.100145 -0.000311 -0.010912 0.023129 -0.260841
    67 -0.146030 -0.232426 -0.014225 3.028455 -0.094299 0.113020
    68 1.290632 0.000362 -0.000032 0.000000 0.000000 -0.127203
    69 -0.658121 -0.003575 0.072645 -0.142711 0.027792 -0.077299
    70 1.868080 -0.003049 0.006083 0.000015 0.000039 0.308164
    71 1.200079 0.399944 -0.000093 0.009465 -0.016087 0.007127
    72 0.000591 0.100342 0.000319 0.120035 0.021926 -0.209617
    73 0.068077 0.002285 -0.080050 3.111376 -0.069366 -0.060847
    74 2.011874 -0.005083 0.006086 -0.256603 0.043144 1.354249
    75 0.000229 0.099802 0.000395 0.018823 -0.010833 -0.239219
    76 -0.018673 -0.001009 0.047544 3.109244 0.002635 -0.106673
    77 1.178665 0.001595 0.000845 0.000018 -0.000012 0.694158
    78 -0.000198 0.099628 0.000034 0.000000 0.000000 -0.314102
    79 0.036892 -0.634449 0.266284 -2.801062 0.174301 0.490914
    80 1.704350 -0.002506 -0.000686 0.000014 0.000071 0.926224
    81 -0.000576 0.100136 0.000311 0.010912 -0.023131 -0.260841
    82 -0.003952 -0.281811 0.115047 -3.059162 0.089004 0.167964
    83 1.289627 0.003949 0.000061 -0.000026 -0.000033 0.803669
    84 -0.171528 -0.018148 -0.099873 0.013484 -0.062184 -0.011780
    85 0.912716 0.007240 0.001326 0.000066 0.000009 0.138691
    86 -0.342617 0.053404 -0.025571 -2.909301 -0.017248 0.075276
    87 1.100231 -0.000930 -0.002434 0.000009 0.000014 -0.388640
    88 -0.384983 0.330998 0.006848 -3.087207 -0.018765 -0.184279
    89 0.678146 0.006192 0.000002 -0.000018 -0.000019 0.000029
    90 -0.123848 0.072737 0.029507 2.898184 -0.060627 0.094834
    91 1.017166 -0.000154 -0.000252 -0.000047 -0.000026 -0.289865
    92 -0.344986 0.123129 0.143151 2.994981 0.012396 0.059140
    93 -0.730988 0.177046 0.039141 -0.123731 0.076518 -0.084310
    94 0.921993 0.001298 -0.000896 -0.000062 0.000001 0.047085
    95 -0.124027 -0.052092 0.038496 3.077813 -0.008519 0.039229
    96 1.100430 -0.003552 0.000503 -0.217263 0.000006 0.841299
    97 -0.330082 0.160641 0.042780 3.128073 0.034033 -0.171236
    98 0.679760 0.005438 0.003272 0.000014 0.000015 0.727681
    99 -0.019516 -0.016531 0.038578 -2.763781 0.050305 0.076828
    100 1.018891 0.001206 0.001121 -0.084341 -0.010443 1.032479
    101 -0.155312 0.130643 -0.021921 -3.022466 0.022433 -0.024903
    102 -0.252209 0.061937 -0.024914 -0.007671 -0.063171 -0.044392
    103 -0.085991 0.185203 -0.015180 -2.937063 -0.113970 -0.138991
    104 -0.286537 0.179852 0.024264 -3.109353 -0.049645 -0.029915
    105 -0.019489 0.147084 0.079203 2.893815 0.038585 -0.060594
    106 -0.046482 0.251898 0.129548 3.016165 0.077112 -0.042864
    107 0.039120 -0.040298 0.047739 3.084219 0.030470 -0.037414
    108 -0.233757 0.066630 0.001754 -3.133086 0.040141 -0.065413
    109 0.044266 0.020128 0.001684 -2.778763 -0.118872 -0.040488
    110 0.071495 0.074127 -0.048302 -3.035917 -0.059482 0.104366
    111 0.000000 0.000000 0.000000 0.000000 0.000000 -1.570796
    112 10.019837 -1.140660 -4.507950 0.003649 0.005625 0.092359
    113 4.640767 11.687857 -7.562731 -0.216707 -0.803324 -1.209673
    114 -0.348999 0.000000 0.342999 0.000000 0.000000 0.000000
    115 2.394995 0.000000 0.034000 0.000000 0.000000 0.000000
    116 0.008000 0.000000 1.401997 0.000000 0.000000 0.000000
    117 1.148998 0.000000 0.626999 0.000000 0.000000 0.000000
    118 1.107998 0.000000 0.153000 0.000000 0.000000 0.000000
    119 -2.457995 0.000000 0.449999 0.000000 0.000000 0.000000
    120 0.283000 0.000000 0.659998 0.000000 0.000000 0.000000
    121 4.293992 0.000000 0.136000 0.000000 0.000000 0.000000
    122 1.511997 -0.417999 1.094998 0.000000 0.000000 -1.570755
    123 4.229991 0.000000 0.042000 0.000000 0.000000 0.000000
    124 0.240000 0.000000 -0.662999 0.000000 0.000000 0.000000
    125 1.060998 0.000000 -3.633993 0.000000 0.000000 0.000000
    126 0.193999 0.000000 -2.057996 0.000000 0.000000 0.000000
    127 -0.774998 0.000000 -2.394995 0.000000 0.000000 0.000000
    128 0.000000 0.000000 0.000000 0.000000 0.000000 0.000000
    129 -0.106000 0.000000 64.320000 0.000000 0.000000 0.000000
    130 0.000000 0.000000 0.000000 0.000000 0.000000 0.000000
    131 0.000000 0.000000 0.000000 -0.030201 0.018768 0.006244
    132 20.647891 -0.248871 5.241761 0.003667 0.005646 0.092365
    133 0.106000 0.000000 -64.320000 0.000000 0.000000 0.000000
    134 0.000000 0.000000 0.000000 0.000000 0.000000 0.000000
    135 0.000000 0.000000 -4.867002 -3.141592 0.000000 -3.128591
    136 0.000000 0.000000 4.867000 -3.141592 0.000000 -3.128591
    137 4.000000 -6.500000 0.000000 0.000000 0.000000 0.000977
    138 -6.500000 0.000000 0.000000 0.000000 1.570796 0.000000
    139 1.000088 -0.000029 0.000000 0.000000 0.000000 0.000000
    140 17.162516 -0.000404 0.000000 0.000000 0.000000 0.119214
    141 9.999891 -0.000303 0.000000 0.000000 0.000000 0.000000
    142 1.000088 -0.000029 0.000000 0.000000 0.000000 0.000000
    143 17.162516 -0.000404 0.000000 0.000000 0.000000 0.119214
    144 9.499836 0.000212 0.000000 0.000000 0.000000 0.000000
    145 0.000000 0.000000 0.000000 0.000000 0.000000 0.000000
    146 17.749374 0.295515 0.000000 0.000000 0.000000 -1.158958
    147 0.017889 0.299792 0.000000 0.000000 0.000000 -0.059582
    148 12.283573 1.581456 -4.696000 1.462269 -0.086726 0.090185
    149 17.749376 0.295515 0.000000 0.000000 0.000000 -1.158958
    150 0.017889 0.299792 0.000000 0.000000 0.000000 -0.059582
    151 13.354000 0.000000 0.000000 0.000000 0.000000 -0.294101
    152 4.530998 0.000000 0.000000 0.000000 0.000000 0.000000
    153 0.000000 0.000000 0.000000 0.000000 0.000000 0.000000
    154 5.413524 0.000347 0.000000 0.000000 0.000000 -0.518055
    155 5.413524 0.000347 0.000000 0.000000 0.000000 -0.518055
    156 4.662002 -5.366333 4.825191 1.569713 1.561305 -3.121213
    157 3.116966 -0.000443 0.000000 0.000000 0.000000 0.294101
    158 0.000000 0.000000 0.000000 0.000000 0.000000 0.000000
    159 -2.049397 0.027345 -5.550533 0.704085 -0.072048 -0.170031
    160 -10.565373 2.016108 -56.235316 -0.003051 -0.005928 -0.092348
    161 3.512001 -3.547000 -1.066000 0.000000 1.570796 0.000000
    162 3.456001 -3.517000 1.169000 0.000000 1.570796 0.000000
    163 6.233002 0.000000 0.000000 0.000000 0.000000 0.000000
    164 -0.171997 -0.106000 -0.902000 1.570713 1.029176 -3.134550
    165 6.120899 -6.493285 -0.222663 0.006244 0.030321 -0.018564
    166 0.181000 -0.064000 1.096000 0.000000 0.000000 0.000000
    167 3.999434 -0.000528 -0.000332 0.088761 -0.000023 0.000016
    168 3.999901 0.000041 0.001011 0.062035 0.000000 0.000000
    169 1.598000 0.000000 0.000000 0.000000 0.000000 0.000000
    170 -1.145525 0.000130 0.000668 0.000000 0.000000 0.000000
    171 2.299679 -2.499979 -0.599480 0.891953 0.221470 -0.527246
    172 18.293230 -4.757410 -0.090175 1.118372 -0.139597 0.683257
    173 -9.580673 -27.862106 -37.184681 0.812879 -0.123459 -0.568477
    174 0.649933 -0.548295 0.093651 -1.665913 -0.131399 -0.112062
    175 0.657074 0.008402 0.040371 -1.665945 -0.131407 -0.000013
    176 0.665776 0.747221 -0.029190 -1.665935 -0.131408 0.094976
    177 2.300138 -2.499413 0.600155 -0.891957 -0.221542 -0.527275
    178 11.192136 0.463332 4.561009 2.348966 -0.350371 0.140444
    179 2.762354 0.116951 1.523975 1.629482 0.064153 1.743800
    180 7.228323 7.928198 -3.925648 2.328713 0.123459 -0.568477
    181 0.650394 -0.547730 -0.092979 1.665913 0.131399 -0.112062
    182 0.657069 0.008398 -0.040379 1.665945 0.131407 -0.000013
    183 0.665777 0.747220 0.029182 1.665935 0.131408 0.094976
    184 -4.481003 -0.202000 0.000000 0.000000 0.000000 0.000000
    185 -5.516998 -0.291000 -0.001000 0.000000 0.000000 0.000000
    186 -0.857700 0.104073 0.104687 0.023536 0.163924 0.013632
    187 1.899121 0.000427 -0.000439 0.027386 -0.033311 0.477848
    188 1.799659 -0.000240 0.000231 0.027386 -0.033311 0.477848
    189 1.799659 -0.000240 0.000231 0.027386 -0.033311 0.477848
    190 1.799659 -0.000240 0.000231 0.027386 -0.033311 0.477848
    191 1.900308 -0.000145 -0.000518 0.027386 -0.033311 0.477848
    192 1.899433 -0.000317 -0.000151 -0.027386 0.033311 0.477848
    193 1.799659 -0.000237 -0.000233 -0.027386 0.033311 0.477848
    194 1.799659 -0.000237 -0.000233 -0.027386 0.033311 0.477848
    195 1.799659 -0.000237 -0.000233 -0.027386 0.033311 0.477848
    196 1.900724 0.000553 -0.000072 -0.027386 0.033311 0.477848
    197 0.599884 0.400187 -0.000031 0.000000 0.000000 0.000000
    198 0.599888 0.400187 0.000031 0.000000 0.000000 -3.141592
    199 0.599503 0.400696 0.000234 0.000000 0.000000 0.000000
    200 0.600399 0.399632 -0.000466 0.000000 0.000000 -3.141592
  time 27
    0 0.000000 0.000000 0.000000 0.000000 0.000000 -1.570796
    1 -0.106323 0.000000 -0.000198 0.000000 0.000000 0.000000
    2 0.000000 0.000000 0.000000 0.000000 0.000000 0.000000
    3 -0.904000 0.000000 -11.806000 0.000000 0.000000 0.000000
    4 0.000000 0.000000 -14.313999 0.000000 -1.570796 1.570857
    5 3.533001 0.000000 0.000000 0.000000 0.000000 0.000000
    6 6.250000 0.000000 0.000000 0.000000 0.000000 0.000000
    7 4.381292 1.546947 -1.721357 -1.153277 1.547377 -1.153364
    8 9.562500 6.343750 1.773438 1.153277 -1.547377 -1.153364
    9 5.786820 0.002787 -0.000113 -0.003944 1.212295 -0.507301
    10 5.999492 -0.000592 -4.000343 0.000000 0.000000 0.000000
    11 5.787410 0.002582 0.000893 0.508200 -0.458442 -1.225620
    12 5.999492 -0.000592 4.000336 0.000000 0.000000 0.000000
    13 0.500225 0.000133 -0.000088 -0.212011 0.000000 0.000000
    14 11.534559 0.004255 -0.001312 -0.000005 -0.000075 -1.832838
    15 -0.829338 0.893824 0.079659 -0.148839 0.047645 0.087266
    16 0.500225 0.000132 0.000076 0.149717 0.000000 0.000000
    17 11.532495 0.004432 0.003817 -0.000042 -0.000058 -1.581208
    18 -0.829586 0.894698 -0.079464 0.045377 -0.019621 0.087266
    19 10.599884 0.000105 -0.000553 0.111943 0.000000 0.000000
    20 0.740778 -0.568159 -0.000805 0.000000 0.000011 0.916441
    21 11.042057 0.003717 0.004704 0.124992 -0.508565 -0.284670
    22 -1.214832 0.203470 -0.477489 -0.135025 -0.078677 -0.001289
    23 10.599880 0.000105 0.000549 0.139641 0.000000 0.000000
    24 0.486862 -0.486125 0.000801 -0.000024 -0.000047 0.790554
    25 11.041742 0.003171 -0.000571 0.108277 0.524909 0.893514
    26 -1.063377 0.077663 0.150230 0.045121 0.020046 -0.012850
    27 0.610302 -0.939470 0.070343 -1.655346 -0.140043 -0.175616
    28 0.639940 -0.199121 0.060188 -1.665960 -0.131475 -0.066483
    29 0.600155 1.080261 -0.339535 -1.738023 0.020730 0.107385
    30 0.610207 0.400743 -0.010101 -1.762268 -0.061628 0.042968
    31 0.634715 -0.690090 -0.232343 0.230280 0.511569 -0.950595
    32 -0.792125 0.203736 0.461300 1.439074 -0.003453 -0.018305
    33 0.610300 -0.939469 -0.070351 1.655295 0.139995 -0.175592
    34 0.639937 -0.199121 -0.060200 1.665502 0.091267 -0.070294
    35 0.600157 1.080259 0.339531 1.764702 -0.263850 -0.039163
    36 0.610205 0.400743 0.010086 1.763182 -0.081612 -0.010352
    37 0.624002 -0.695300 0.232270 -0.356436 -0.241989 -0.933529
    38 -0.626031 -0.069983 -0.080517 -1.447153 0.086151 0.021559
    39 2.625284 -0.002532 -0.001438 -0.008576 -0.327004 0.502679
    40 2.660837 0.000397 -0.000071 -0.038139 -0.146636 0.710289
    41 2.202488 0.003368 -0.002863 -0.032277 0.046452 0.918015
    42 0.599952 0.959240 -0.300102 -0.174544 0.000000 0.000000
    43 2.553283 -0.005873 0.006359 0.073155 0.003055 0.898010
    44 2.095024 -0.003873 -0.006100 -0.558349 -0.056587 0.309225
    45 0.999380 -0.000236 -1.252340 -0.000001 0.000000 0.000000
    46 -0.122639 -0.721856 0.661690 -0.486644 0.223964 0.243056
    47 2.622113 -0.004555 0.002741 0.327388 0.363940 0.437035
    48 2.657909 0.004589 -0.000533 0.605296 -0.015721 1.366831
    49 2.200016 0.001663 0.004743 0.373021 -0.104794 0.772941
    50 0.599951 0.959244 0.300102 0.174544 0.000000 0.000000
    51 2.556570 -0.004291 0.000554 0.357168 -0.080575 1.172280
    52 2.103851 0.005614 -0.001014 0.568461 -0.341621 0.620422
    53 0.999374 -0.000237 1.166392 0.000000 0.000000 0.000001
    54 0.310846 -0.606445 -0.498005 0.308107 -0.197598 0.313976
    55 1.873069 -0.004741 -0.000994 -0.000055 0.000039 1.325339
    56 1.200941 0.399582 -0.000237 -0.009465 0.016087 0.007127
    57 0.000586 0.100342 -0.000319 -0.120035 -0.021926 -0.209617
    58 -0.161663 0.051712 0.194808 -2.941982 0.122408 -0.060194
    59 2.010092 -0.003202 -0.003377 0.000018 0.000013 1.471266
    60 0.000240 0.099802 -0.000395 -0.018823 0.010833 -0.239219
    61 -0.203197 0.048607 0.069150 -3.093332 0.033217 -0.046722
    62 1.180428 -0.006214 0.000780 -0.000014 0.000000 0.756230
    63 -0.000196 0.099625 -0.000034 0.000000 0.000000 -0.314102
    64 -0.088736 -0.688435 -0.145203 2.930407 -0.136130 0.513013
    65 1.712069 -0.003328 -0.000088 0.000023 -0.000021 1.064488
    66 -0.000580 0.100145 -0.000311 -0.010912 0.023129 -0.260841
    67 -0.146030 -0.232426 -0.014225 3.028455 -0.094299 0.113020
    68 1.290632 0.000362 -0.000032 0.000000 0.000060 -0.127233
    69 -0.658121 -0.003575 0.072645 -0.142711 0.027792 -0.077299
    70 1.868080 -0.003049 0.006083 0.000003 -0.000021 0.335756
    71 1.200079 0.399944 -0.000093 0.009465 -0.016087 0.007127
    72 0.000591 0.100342 0.000319 0.120035 0.021926 -0.209617
    73 0.068077 0.002285 -0.080050 3.111376 -0.069366 -0.060847
    74 2.015780 -0.005083 0.006086 -0.256639 0.043096 1.354249
    75 0.000229 0.099802 0.000395 0.018823 -0.010833 -0.239219
    76 -0.018673 -0.001009 0.047544 3.109244 0.002635 -0.106673
    77 1.178665 0.001595 0.000845 -0.000006 -0.000060 0.694158
    78 -0.000198 0.099628 0.000034 0.000000 0.000000 -0.314102
    79 0.036892 -0.634449 0.266284 -2.801062 0.174301 0.490914
    80 1.704350 -0.002506 -0.004592 0.000002 0.000047 0.926248
    81 -0.000576 0.100136 0.000311 0.010912 -0.023131 -0.260841
    82 -0.003952 -0.281811 0.115047 -3.059162 0.089004 0.167964
    83 1.289627 0.003949 0.000061 -0.000014 0.000003 0.803774
    84 -0.171528 -0.018148 -0.099873 0.013484 -0.062184 -0.011780
    85 0.912716 0.007240 0.001326 0.000066 0.000009 0.138691
    86 -0.342617 0.053404 -0.025571 -2.909301 -0.017248 0.075276
    87 1.100231 -0.000930 -0.002434 0.000069 0.000026 -0.388640
    88 -0.384983 0.330998 0.006848 -3.087207 -0.018765 -0.184279
    89 0.678146 0.006192 0.000002 -0.000018 -0.000019 0.000029
    90 -0.123848 0.072737 0.029507 2.898184 -0.060627 0.094834
    91 1.017166 -0.000154 -0.000252 -0.000023 -0.000014 -0.289865
    92 -0.344986 0.123129 0.143151 2.994981 0.012396 0.059140
    93 -0.730988 0.177046 0.039141 -0.123731 0.076518 -0.084310
    94 0.925900 0.001298 -0.000896 -0.000002 -0.000011 0.057459
    95 -0.124027 -0.052092 0.038496 3.077813 -0.008519 0.039229
    96 1.100430 -0.007458 0.000503 -0.217203 -0.000018 0.841328
    97 -0.330082 0.160641 0.042780 3.128073 0.034033 -0.171236
    98 0.679760 0.005438 0.003272 0.000014 0.000015 0.727777
    99 -0.019516 -0.016531 0.038578 -2.763781 0.050305 0.076828
    100 1.014985 0.005113 0.001121 -0.084317 -0.010455 1.032536
    101 -0.155312 0.130643 -0.021921 -3.022466 0.022433 -0.024903
    102 -0.252209 0.061937 -0.024914 -0.007671 -0.063171 -0.044392
    103 -0.085991 0.185203 -0.015180 -2.937063 -0.113970 -0.138991
    104 -0.286537 0.179852 0.024264 -3.109353 -0.049645 -0.029915
    105 -0.019489 0.147084 0.079203 2.893815 0.038585 -0.060594
    106 -0.046482 0.251898 0.129548 3.016165 0.077112 -0.042864
    107 0.039120 -0.040298 0.047739 3.084219 0.030470 -0.037414
    108 -0.233757 0.066630 0.001754 -3.133086 0.040141 -0.065413
    109 0.044266 0.020128 0.001684 -2.778763 -0.118872 -0.040488
    110 0.071495 0.074127 -0.048302 -3.035917 -0.059482 0.104366
    111 0.000000 0.000000 0.000000 0.000000 0.000000 -1.570796
    112 10.051088 -1.148473 -4.504044 0.018308 -0.001482 0.093022
    113 4.672018 11.640980 -7.597888 -0.198811 -0.814253 -1.222114
    114 -0.348999 0.000000 0.342999 0.000000 0.000000 0.000000
    115 2.394995 0.000000 0.034000 0.000000 0.000000 0.000000
    116 0.008000 0.000000 1.401997 0.000000 0.000000 0.000000
    117 1.148998 0.000000 0.626999 0.000000 0.000000 0.000000
    118 1.107998 0.000000 0.153000 0.000000 0.000000 0.000000
    119 -2.457995 0.000000 0.449999 0.000000 0.000000 0.000000
    120 0.283000 0.000000 0.659998 0.000000 0.000000 0.000000
    121 4.293992 0.000000 0.136000 0.000000 0.000000 0.000000
    122 1.511997 -0.417999 1.094998 0.000000 0.000000 -1.570755
    123 4.229991 0.000000 0.042000 0.000000 0.000000 0.000000
    124 0.240000 0.000000 -0.662999 0.000000 0.000000 0.000000
    125 1.060998 0.000000 -3.633993 0.000000 0.000000 0.000000
    126 0.193999 0.000000 -2.057996 0.000000 0.000000 0.000000
    127 -0.774998 0.000000 -2.394995 0.000000 0.000000 0.000000
    128 0.000000 0.000000 0.000000 0.000000 0.000000 0.000000
    129 -0.106000 0.000000 64.320000 0.000000 0.000000 0.000000
    130 0.000000 0.000000 0.000000 0.000000 0.000000 0.000000
    131 0.000000 0.000000 0.000000 -0.036397 0.014777 0.003859
    132 20.686955 -0.217620 5.315982 0.018405 -0.001462 0.093028
    133 0.106000 0.000000 -64.320000 0.000000 0.000000 0.000000
    134 0.000000 0.000000 0.000000 0.000000 0.000000 0.000000
    135 0.000000 0.000000 -4.867002 -3.141592 0.000000 -3.128591
    136 0.000000 0.000000 4.867000 -3.141592 0.000000 -3.128591
    137 4.000000 -6.500000 0.000000 0.000000 0.000000 0.000977
    138 -6.500000 0.000000 0.000000 0.000000 1.570796 0.000000
    139 1.000088 -0.000029 0.000000 0.000000 0.000000 0.000000
    140 17.162516 -0.000404 0.000000 0.000000 0.000000 0.119214
    141 9.999891 -0.000303 0.000000 0.000000 0.000000 0.000000
    142 1.000088 -0.000029 0.000000 0.000000 0.000000 0.000000
    143 17.162516 -0.000404 0.000000 0.000000 0.000000 0.119214
    144 9.499836 0.000212 0.000000 0.000000 0.000000 0.000000
    145 0.000000 0.000000 0.000000 0.000000 0.000000 0.000000
    146 17.749374 0.295515 0.000000 0.000000 0.000000 -1.158958
    147 0.017889 0.299792 0.000000 0.000000 0.000000 -0.059582
    148 12.283573 1.581456 -4.696000 1.462269 -0.086726 0.090185
    149 17.749376 0.295515 0.000000 0.000000 0.000000 -1.158958
    150 0.017889 0.299792 0.000000 0.000000 0.000000 -0.059582
    151 13.354000 0.000000 0.000000 0.000000 0.000000 -0.294101
    152 4.530998 0.000000 0.000000 0.000000 0.000000 0.000000
    153 0.000000 0.000000 0.000000 0.000000 0.000000 0.000000
    154 5.413524 0.000347 0.000000 0.000000 0.000000 -0.518055
    155 5.413524 0.000347 0.000000 0.000000 0.000000 -0.518055
    156 4.662002 -5.366333 4.825191 1.569713 1.561305 -3.121213
    157 3.116966 -0.000443 0.000000 0.000000 0.000000 0.294101
    158 0.000000 0.000000 0.000000 0.000000 0.000000 0.000000
    159 -1.533756 0.085940 -4.124708 0.414970 -0.108370 -0.111493
    160 -11.022419 1.137174 -56.188440 -0.018548 -0.000154 -0.093046
    161 3.512001 -3.547000 -1.066000 0.000000 1.570796 0.000000
    162 3.456001 -3.517000 1.169000 0.000000 1.570796 0.000000
    163 6.233002 0.000000 0.000000 0.000000 0.000000 0.000000
    164 -0.171997 -0.106000 -0.902000 1.570713 1.029176 -3.134550
    165 6.148244 -6.469847 -0.250008 0.003871 0.036457 -0.014621
    166 0.181000 -0.064000 1.096000 0.000000 0.000000 0.000000
    167 3.999434 -0.000528 -0.000332 0.055905 -0.000023 0.000016
    168 3.999901 0.000041 0.001011 0.069924 0.000000 0.000000
    169 1.598000 0.000000 0.000000 0.000000 0.000000 0.000000
    170 -1.145525 0.000130 0.000668 0.000000 0.000000 0.000000
    171 2.299679 -2.499979 -0.599480 0.892008 0.221446 -0.527246
    172 17.734619 -4.398024 -2.711349 1.410303 -0.110714 0.668875
    173 -9.580673 -27.862106 -37.184681 0.812879 -0.123459 -0.568477
    174 0.649933 -0.548295 0.093651 -1.665913 -0.131399 -0.112062
    175 0.657074 0.008402 0.040371 -1.665945 -0.131407 -0.000013
    176 0.665776 0.747221 -0.029190 -1.665935 -0.131408 0.094976
    177 2.300138 -2.499413 0.600155 -0.891930 -0.221542 -0.527355
    178 11.192136 0.467238 4.561009 2.348772 -0.350473 0.140480
    179 2.762354 0.116951 1.523975 1.629482 0.064153 1.743800
    180 7.228323 7.928198 -3.925648 2.328713 0.123459 -0.568477
    181 0.650394 -0.547730 -0.092979 1.665913 0.131399 -0.112062
    182 0.657069 0.008398 -0.040379 1.665945 0.131407 -0.000013
    183 0.665777 0.747220 0.029182 1.665935 0.131408 0.094976
    184 -4.481003 -0.202000 0.000000 0.000000 0.000000 0.000000
    185 -5.516998 -0.291000 -0.001000 0.000000 0.000000 0.000000
    186 -0.857700 0.104073 0.104687 0.023536 0.163924 0.013632
    187 1.899121 0.000427 -0.000439 0.027386 -0.033311 0.477848
    188 1.799659 -0.000240 0.000231 0.027386 -0.033311 0.477848
    189 1.799659 -0.000240 0.000231 0.027386 -0.033311 0.477848
    190 1.799659 -0.000240 0.000231 0.027386 -0.033311 0.477848
    191 1.900308 -0.000145 -0.000518 0.027386 -0.033311 0.477848
    192 1.899433 -0.000317 -0.000151 -0.027386 0.033311 0.477848
    193 1.799659 -0.000237 -0.000233 -0.027386 0.033311 0.477848
    194 1.799659 -0.000237 -0.000233 -0.027386 0.033311 0.477848
    195 1.799659 -0.000237 -0.000233 -0.027386 0.033311 0.477848
    196 1.900724 0.000553 -0.000072 -0.027386 0.033311 0.477848
    197 0.599884 0.400187 -0.000031 0.000000 0.000000 0.000000
    198 0.599888 0.400187 0.000031 0.000000 0.000000 -3.141592
    199 0.599503 0.400696 0.000234 0.000000 0.000000 0.000000
    200 0.600399 0.399632 -0.000466 0.000000 0.000000 -3.141592
  time 28
    0 0.000000 0.000000 0.000000 0.000000 0.000000 -1.570796
    1 -0.106323 0.000000 -0.000198 0.000000 0.000000 0.000000
    2 0.000000 0.000000 0.000000 0.000000 0.000000 0.000000
    3 -0.904000 0.000000 -11.806000 0.000000 0.000000 0.000000
    4 0.000000 0.000000 -14.313999 0.000000 -1.570796 1.570857
    5 3.533001 0.000000 0.000000 0.000000 0.000000 0.000000
    6 6.250000 0.000000 0.000000 0.000000 0.000000 0.000000
    7 4.381292 1.546947 -1.721357 -1.153277 1.547377 -1.153364
    8 9.562500 6.343750 1.773438 1.153277 -1.547377 -1.153364
    9 5.786820 0.002787 -0.000113 -0.317276 1.262188 -0.899860
    10 5.999492 -0.000592 -4.000343 0.000000 0.000000 0.000000
    11 5.787410 0.002582 0.000893 0.507859 -0.462701 -1.226350
    12 5.999492 -0.000592 4.000336 0.000000 0.000000 0.000000
    13 0.500225 0.000133 -0.000088 -0.221693 0.000000 0.000000
    14 11.538465 0.004255 -0.001312 -0.000017 0.000009 -1.698701
    15 -0.829338 0.893824 0.079659 -0.148839 0.047645 0.087266
    16 0.500225 0.000132 0.000076 0.150331 0.000000 0.000060
    17 11.532495 0.004432 0.003817 0.000006 -0.000094 -1.584505
    18 -0.829586 0.894698 -0.079464 0.045377 -0.019621 0.087266
    19 10.599884 0.000105 -0.000553 0.045942 0.000000 0.000000
    20 0.600149 -0.525188 -0.000805 0.000000 0.000011 0.849361
    21 11.042057 0.003717 0.004704 0.054820 -0.668208 -0.386722
    22 -1.214832 0.203470 -0.477489 -0.135025 -0.078677 -0.001289
    23 10.599880 0.000105 0.000549 0.138173 0.000060 0.000000
    24 0.490768 -0.486125 0.000801 0.000024 0.000049 0.792313
    25 11.041742 0.003171 -0.000571 0.109243 0.541716 0.885422
    26 -1.063377 0.077663 0.150230 0.045121 0.020046 -0.012850
    27 0.610302 -0.939470 0.070343 -1.655346 -0.140150 -0.175580
    28 0.639940 -0.199121 0.060188 -1.666011 -0.131439 -0.066423
    29 0.600155 1.080261 -0.339535 -1.738023 0.020694 0.107421
    30 0.610207 0.400743 -0.010101 -1.762376 -0.061663 0.043016
    31 0.634715 -0.693997 -0.232343 0.230304 0.511569 -0.950554
    32 -0.792125 0.203736 0.461300 1.439074 -0.003453 -0.018305
    33 0.610300 -0.939469 -0.070351 1.655295 0.140031 -0.175580
    34 0.639937 -0.199121 -0.060200 1.665553 0.091351 -0.070282
    35 0.600157 1.080259 0.339531 1.764755 -0.263802 -0.039115
    36 0.610205 0.400743 0.010086 1.763182 -0.081480 -0.010292
    37 0.624002 -0.695300 0.236176 -0.356472 -0.241929 -0.933493
    38 -0.626031 -0.069983 -0.080517 -1.447153 0.086151 0.021559
    39 2.621377 -0.002532 -0.001438 -0.008576 -0.327004 0.502679
    40 2.664743 0.000397 -0.000071 -0.038169 -0.146684 0.710250
    41 2.206394 0.003368 -0.002863 -0.032397 0.046484 0.917978
    42 0.599952 0.959240 -0.300102 -0.174544 0.000000 0.000000
    43 2.553283 -0.005873 0.006359 0.073143 0.003043 0.898010
    44 2.095024 -0.003873 -0.002193 -0.558392 -0.056630 0.309164
    45 0.999380 -0.000236 -1.252340 -0.000001 0.000000 0.000000
    46 -0.122639 -0.721856 0.661690 -0.486644 0.223964 0.243056
    47 2.622113 -0.000648 0.002741 0.327551 0.366217 0.437812
    48 2.657909 0.004589 -0.000533 0.605242 -0.015769 1.366809
    49 2.200016 0.001663 0.004743 0.372985 -0.104710 0.772956
    50 0.599951 0.959244 0.300102 0.174544 0.000000 0.000000
    51 2.556570 -0.000385 0.000554 0.357155 -0.080491 1.172298
    52 2.103851 0.005614 -0.001014 0.568546 -0.341646 0.620422
    53 0.999374 -0.000237 1.166392 0.000000 0.000000 0.000001
    54 0.310846 -0.606445 -0.498005 0.308107 -0.197598 0.313976
    55 1.869163 -0.004741 -0.000994 -0.000007 0.000004 1.325470
    56 1.200941 0.399582 -0.000237 -0.009465 0.016087 0.007127
    57 0.000586 0.100342 -0.000319 -0.120035 -0.021926 -0.209617
    58 -0.161663 0.051712 0.194808 -2.941982 0.122408 -0.060194
    59 2.010092 -0.007109 -0.007284 -0.000066 0.000013 1.471266
    60 0.000240 0.099802 -0.000395 -0.018823 0.010833 -0.239219
    61 -0.203197 0.048607 0.069150 -3.093332 0.033217 -0.046722
    62 1.180428 -0.006214 0.000780 -0.000014 0.000012 0.756294
    63 -0.000196 0.099625 -0.000034 0.000000 0.000000 -0.314102
    64 -0.088736 -0.688435 -0.145203 2.930407 -0.136130 0.513013
    65 1.712069 -0.003328 -0.000088 0.000023 -0.000021 1.064488
    66 -0.000580 0.100145 -0.000311 -0.010912 0.023129 -0.260841
    67 -0.146030 -0.232426 -0.014225 3.028455 -0.094299 0.113020
    68 1.290632 0.000362 -0.000032 -0.000012 0.000024 -0.127233
    69 -0.658121 -0.003575 0.072645 -0.142711 0.027792 -0.077299
    70 1.868080 -0.003049 0.006083 0.000003 -0.000021 0.346389
    71 1.200079 0.399944 -0.000093 0.009465 -0.016087 0.007127
    72 0.000591 0.100342 0.000319 0.120035 0.021926 -0.209617
    73 0.068077 0.002285 -0.080050 3.111376 -0.069366 -0.060847
    74 2.015780 -0.005083 0.006086 -0.256627 0.043012 1.354283
    75 0.000229 0.099802 0.000395 0.018823 -0.010833 -0.239219
    76 -0.018673 -0.001009 0.047544 3.109244 0.002635 -0.106673
    77 1.178665 0.001595 0.000845 0.000018 -0.000012 0.694158
    78 -0.000198 0.099628 0.000034 0.000000 0.000000 -0.314102
    79 0.036892 -0.634449 0.266284 -2.801062 0.174301 0.490914
    80 1.704350 -0.002506 -0.000686 -0.000010 0.000023 0.926271
    81 -0.000576 0.100136 0.000311 0.010912 -0.023131 -0.260841
    82 -0.003952 -0.281811 0.115047 -3.059162 0.089004 0.167964
    83 1.289627 0.003949 0.000061 -0.000061 0.000027 0.803643
    84 -0.171528 -0.018148 -0.099873 0.013484 -0.062184 -0.011780
    85 0.916622 0.007240 0.001326 0.000019 0.000021 0.138648
    86 -0.342617 0.053404 -0.025571 -2.909301 -0.017248 0.075276
    87 1.100231 -0.000930 -0.002434 0.000057 0.000050 -0.388600
    88 -0.384983 0.330998 0.006848 -3.087207 -0.018765 -0.184279
    89 0.678146 0.006192 0.000002 -0.000018 -0.000019 0.000029
    90 -0.123848 0.072737 0.029507 2.898184 -0.060627 0.094834
    91 1.017166 -0.000154 -0.000252 -0.000023 -0.000014 -0.289865
    92 -0.344986 0.123129 0.143151 2.994981 0.012396 0.059140
    93 -0.730988 0.177046 0.039141 -0.123731 0.076518 -0.084310
    94 0.925900 0.001298 -0.000896 -0.000002 -0.000011 0.061431
    95 -0.124027 -0.052092 0.038496 3.077813 -0.008519 0.039229
    96 1.100430 -0.003552 0.000503 -0.217239 0.000066 0.841299
    97 -0.330082 0.160641 0.042780 3.128073 0.034033 -0.171236
    98 0.679760 0.005438 0.003272 0.000014 0.000003 0.727777
    99 -0.019516 -0.016531 0.038578 -2.763781 0.050305 0.076828
    100 1.014985 0.001206 0.001121 -0.084282 -0.010479 1.032536
    101 -0.155312 0.130643 -0.021921 -3.022466 0.022433 -0.024903
    102 -0.252209 0.061937 -0.024914 -0.007671 -0.063171 -0.044392
    103 -0.085991 0.185203 -0.015180 -2.937063 -0.113970 -0.138991
    104 -0.286537 0.179852 0.024264 -3.109353 -0.049645 -0.029915
    105 -0.019489 0.147084 0.079203 2.893815 0.038585 -0.060594
    106 -0.046482 0.251898 0.129548 3.016165 0.077112 -0.042864
    107 0.039120 -0.040298 0.047739 3.084219 0.030470 -0.037414
    108 -0.233757 0.066630 0.001754 -3.133086 0.040141 -0.065413
    109 0.044266 0.020128 0.001684 -2.778763 -0.118872 -0.040488
    110 0.071495 0.074127 -0.048302 -3.035917 -0.059482 0.104366
    111 0.000000 0.000000 0.000000 0.000000 0.000000 -1.570796
    112 9.972961 -1.140660 -4.504044 0.024246 -0.017636 0.092721
    113 4.703269 11.668325 -7.883053 -0.196471 -0.831210 -1.223903
    114 -0.348999 0.000000 0.342999 0.000000 0.000000 0.000000
    115 2.394995 0.000000 0.034000 0.000000 0.000000 0.000000
    116 0.008000 0.000000 1.401997 0.000000 0.000000 0.000000
    117 1.148998 0.000000 0.626999 0.000000 0.000000 0.000000
    118 1.107998 0.000000 0.153000 0.000000 0.000000 0.000000
    119 -2.457995 0.000000 0.449999 0.000000 0.000000 0.000000
    120 0.283000 0.000000 0.659998 0.000000 0.000000 0.000000
    121 4.293992 0.000000 0.136000 0.000000 0.000000 0.000000
    122 1.511997 -0.417999 1.094998 0.000000 0.000000 -1.570755
    123 4.229991 0.000000 0.042000 0.000000 0.000000 0.000000
    124 0.240000 0.000000 -0.662999 0.000000 0.000000 0.000000
    125 1.060998 0.000000 -3.633993 0.000000 0.000000 0.000000
    126 0.193999 0.000000 -2.057996 0.000000 0.000000 0.000000
    127 -0.774998 0.000000 -2.394995 0.000000 0.000000 0.000000
    128 0.000000 0.000000 0.000000 0.000000 0.000000 0.000000
    129 -0.106000 0.000000 64.320000 0.000000 0.000000 0.000000
    130 0.000000 0.000000 0.000000 0.000000 0.000000 0.000000
    131 0.000000 0.000000 0.000000 -0.040820 0.010690 0.001163
    132 20.643985 -0.198088 5.468330 0.024311 -0.017617 0.092727
    133 0.106000 0.000000 -64.320000 0.000000 0.000000 0.000000
    134 0.000000 0.000000 0.000000 0.000000 0.000000 0.000000
    135 0.000000 0.000000 -4.867002 -3.141592 0.000000 -3.128591
    136 0.000000 0.000000 4.867000 -3.141592 0.000000 -3.128591
    137 4.000000 -6.500000 0.000000 0.000000 0.000000 0.000977
    138 -6.500000 0.000000 0.000000 0.000000 1.570796 0.000000
    139 1.000088 -0.000029 0.000000 0.000000 0.000000 0.000000
    140 17.162516 -0.000404 0.000000 0.000000 0.000000 0.119214
    141 9.999891 -0.000303 0.000000 0.000000 0.000000 0.000000
    142 1.000088 -0.000029 0.000000 0.000000 0.000000 0.000000
    143 17.162516 -0.000404 0.000000 0.000000 0.000000 0.119214
    144 9.499836 0.000212 0.000000 0.000000 0.000000 0.000000
    145 0.000000 0.000000 0.000000 0.000000 0.000000 0.000000
    146 17.749374 0.295515 0.000000 0.000000 0.000000 -1.158958
    147 0.017889 0.299792 0.000000 0.000000 0.000000 -0.059582
    148 12.283573 1.581456 -4.696000 1.462269 -0.086726 0.090185
    149 17.749376 0.295515 0.000000 0.000000 0.000000 -1.158958
    150 0.017889 0.299792 0.000000 0.000000 0.000000 -0.059582
    151 13.354000 0.000000 0.000000 0.000000 0.000000 -0.294101
    152 4.530998 0.000000 0.000000 0.000000 0.000000 0.000000
    153 0.000000 0.000000 0.000000 0.000000 0.000000 0.000000
    154 5.413524 0.000347 0.000000 0.000000 0.000000 -0.518055
    155 5.413524 0.000347 0.000000 0.000000 0.000000 -0.518055
    156 4.662002 -5.366333 4.825191 1.569713 1.561305 -3.121213
    157 3.116966 -0.000443 0.000000 0.000000 0.000000 0.294101
    158 0.000000 0.000000 0.000000 0.000000 0.000000 0.000000
    159 -1.029835 0.292978 -3.405936 0.165254 -0.098768 -0.085630
    160 -11.909164 0.777789 -56.032185 -0.025835 0.015284 -0.093133
    161 3.512001 -3.547000 -1.066000 0.000000 1.570796 0.000000
    162 3.456001 -3.517000 1.169000 0.000000 1.570796 0.000000
    163 6.233002 0.000000 0.000000 0.000000 0.000000 0.000000
    164 -0.171997 -0.106000 -0.902000 1.570713 1.029176 -3.134550
    165 6.171682 -6.442502 -0.261727 0.001163 0.040832 -0.010642
    166 0.181000 -0.064000 1.096000 0.000000 0.000000 0.000000
    167 3.999434 -0.000528 -0.000332 0.022913 -0.000023 0.000016
    168 3.999901 0.000041 0.001011 0.069108 0.000000 0.000000
    169 1.598000 0.000000 0.000000 0.000000 0.000000 0.000000
    170 -1.145525 0.000130 0.000668 0.000000 0.000000 0.000000
    171 2.299679 -2.499979 -0.599480 0.892008 0.221446 -0.527246
    172 17.093974 -4.409743 -4.320773 1.660380 -0.111980 0.635053
    173 -9.580673 -27.862106 -37.184681 0.812879 -0.123459 -0.568477
    174 0.649933 -0.548295 0.093651 -1.665913 -0.131399 -0.112062
    175 0.657074 0.008402 0.040371 -1.665945 -0.131407 -0.000013
    176 0.665776 0.747221 -0.029190 -1.665935 -0.131408 0.094976
    177 2.300138 -2.499413 0.600155 -0.891930 -0.221458 -0.527307
    178 11.192136 0.467238 4.561009 2.348837 -0.350194 0.140533
    179 2.762354 0.116951 1.523975 1.629482 0.064153 1.743800
    180 7.228323 7.928198 -3.925648 2.328713 0.123459 -0.568477
    181 0.650394 -0.547730 -0.092979 1.665913 0.131399 -0.112062
    182 0.657069 0.008398 -0.040379 1.665945 0.131407 -0.000013
    183 0.665777 0.747220 0.029182 1.665935 0.131408 0.094976
    184 -4.481003 -0.202000 0.000000 0.000000 0.000000 0.000000
    185 -5.516998 -0.291000 -0.001000 0.000000 0.000000 0.000000
    186 -0.857700 0.104073 0.104687 0.023536 0.163924 0.013632
    187 1.899121 0.000427 -0.000439 0.027386 -0.033311 0.477848
    188 1.799659 -0.000240 0.000231 0.027386 -0.033311 0.477848
    189 1.799659 -0.000240 0.000231 0.027386 -0.033311 0.477848
    190 1.799659 -0.000240 0.000231 0.027386 -0.033311 0.477848
    191 1.900308 -0.000145 -0.000518 0.027386 -0.033311 0.477848
    192 1.899433 -0.000317 -0.000151 -0.027386 0.033311 0.477848
    193 1.799659 -0.000237 -0.000233 -0.027386 0.033311 0.477848
    194 1.799659 -0.000237 -0.000233 -0.027386 0.033311 0.477848
    195 1.799659 -0.000237 -0.000233 -0.027386 0.033311 0.477848
    196 1.900724 0.000553 -0.000072 -0.027386 0.033311 0.477848
    197 0.599884 0.400187 -0.000031 0.000000 0.000000 0.000000
    198 0.599888 0.400187 0.000031 0.000000 0.000000 -3.141592
    199 0.599503 0.400696 0.000234 0.000000 0.000000 0.000000
    200 0.600399 0.399632 -0.000466 0.000000 0.000000 -3.141592
  time 29
    0 0.000000 0.000000 0.000000 0.000000 0.000000 -1.570796
    1 -0.106323 0.000000 -0.000198 0.000000 0.000000 0.000000
    2 0.000000 0.000000 0.000000 0.000000 0.000000 0.000000
    3 -0.904000 0.000000 -11.806000 0.000000 0.000000 0.000000
    4 0.000000 0.000000 -14.313999 0.000000 -1.570796 1.570857
    5 3.533001 0.000000 0.000000 0.000000 0.000000 0.000000
    6 6.250000 0.000000 0.000000 0.000000 0.000000 0.000000
    7 4.381292 1.546947 -1.721357 -1.153277 1.547377 -1.153364
    8 9.562500 6.343750 1.773438 1.153277 -1.547377 -1.153364
    9 5.786820 0.002787 -0.000113 -0.650575 1.240882 -1.301520
    10 5.999492 -0.000592 -4.000343 0.000000 0.000000 0.000000
    11 5.787410 0.002582 0.000893 0.506265 -0.467705 -1.224344
    12 5.999492 -0.000592 4.000336 0.000000 0.000000 0.000000
    13 0.500225 0.000133 -0.000088 -0.211346 0.000000 0.000000
    14 11.538465 0.004255 -0.001312 0.000019 0.000045 -1.623071
    15 -0.829338 0.893824 0.079659 -0.148839 0.047645 0.087266
    16 0.500225 0.000132 0.000076 0.150700 0.000000 0.000000
    17 11.532495 0.000526 -0.000089 0.000054 -0.000058 -1.594012
    18 -0.829586 0.894698 -0.079464 0.045377 -0.019621 0.087266
    19 10.599884 0.000105 -0.000553 -0.010471 0.000000 0.000000
    20 0.525928 -0.501750 -0.000805 0.000000 0.000011 0.811529
    21 11.042057 -0.000189 0.000798 -0.013048 -0.744242 -0.388552
    22 -1.214832 0.203470 -0.477489 -0.135025 -0.078677 -0.001289
    23 10.599880 0.000105 0.000549 0.121074 0.000000 0.000000
    24 0.498581 -0.490031 0.000801 0.000000 -0.000011 0.796975
    25 11.041742 0.003171 -0.000571 0.097101 0.556940 0.876030
    26 -1.063377 0.077663 0.150230 0.045121 0.020046 -0.012850
    27 0.610302 -0.939470 0.070343 -1.655295 -0.140102 -0.175628
    28 0.639940 -0.199121 0.060188 -1.665960 -0.131391 -0.066411
    29 0.600155 1.080261 -0.339535 -1.738023 0.020730 0.107385
    30 0.610207 0.400743 -0.010101 -1.762268 -0.061628 0.042968
    31 0.634715 -0.693997 -0.232343 0.230280 0.511599 -0.950554
    32 -0.792125 0.203736 0.461300 1.439074 -0.003453 -0.018305
    33 0.610300 -0.939469 -0.070351 1.655295 0.140079 -0.175580
    34 0.639937 -0.199121 -0.060200 1.665553 0.091351 -0.070186
    35 0.600157 1.080259 0.339531 1.764702 -0.263814 -0.039115
    36 0.610205 0.400743 0.010086 1.763182 -0.081516 -0.010340
    37 0.624002 -0.695300 0.232270 -0.356448 -0.241977 -0.933456
    38 -0.626031 -0.069983 -0.080517 -1.447153 0.086151 0.021559
    39 2.621377 -0.002532 -0.005345 -0.008637 -0.326992 0.502679
    40 2.664743 0.000397 -0.000071 -0.038154 -0.146684 0.710211
    41 2.202488 0.003368 -0.006769 -0.032397 0.046484 0.917978
    42 0.599952 0.959240 -0.300102 -0.174544 0.000000 0.000000
    43 2.553283 -0.001967 0.006359 0.073228 0.003091 0.897971
    44 2.095024 -0.003873 -0.002193 -0.558406 -0.056630 0.309144
    45 0.999380 -0.000236 -1.256246 -0.000001 0.000000 0.000000
    46 -0.122639 -0.721856 0.661690 -0.486644 0.223964 0.243056
    47 2.622113 -0.000648 0.002741 0.327649 0.366337 0.437812
    48 2.657909 0.004589 -0.000533 0.605225 -0.015781 1.366719
    49 2.200016 0.001663 0.000836 0.373045 -0.104746 0.773049
    50 0.599951 0.959244 0.300102 0.174544 0.000000 0.000000
    51 2.556570 -0.000385 0.000554 0.357128 -0.080551 1.172298
    52 2.103851 0.005614 -0.001014 0.568673 -0.341621 0.620401
    53 0.999374 -0.000237 1.166392 0.000000 0.000000 0.000001
    54 0.310846 -0.606445 -0.498005 0.308107 -0.197598 0.313976
    55 1.873069 -0.000835 -0.000994 0.000077 0.000015 1.325296
    56 1.200941 0.399582 -0.000237 -0.009465 0.016087 0.007127
    57 0.000586 0.100342 -0.000319 -0.120035 -0.021926 -0.209617
    58 -0.161663 0.051712 0.194808 -2.941982 0.122408 -0.060194
    59 2.010092 -0.003202 -0.007284 -0.000018 -0.000023 1.471266
    60 0.000240 0.099802 -0.000395 -0.018823 0.010833 -0.239219
    61 -0.203197 0.048607 0.069150 -3.093332 0.033217 -0.046722
    62 1.180428 -0.006214 0.000780 0.000034 -0.000012 0.756165
    63 -0.000196 0.099625 -0.000034 0.000000 0.000000 -0.314102
    64 -0.088736 -0.688435 -0.145203 2.930407 -0.136130 0.513013
    65 1.712069 -0.003328 0.003818 0.000023 -0.000021 1.064488
    66 -0.000580 0.100145 -0.000311 -0.010912 0.023129 -0.260841
    67 -0.146030 -0.232426 -0.014225 3.028455 -0.094299 0.113020
    68 1.290632 0.000362 -0.000032 -0.000048 0.000000 -0.127203
    69 -0.658121 -0.003575 0.072645 -0.142711 0.027792 -0.077299
    70 1.868080 -0.003049 0.006083 -0.000057 -0.000009 0.405457
    71 1.200079 0.399944 -0.000093 0.009465 -0.016087 0.007127
    72 0.000591 0.100342 0.000319 0.120035 0.021926 -0.209617
    73 0.068077 0.002285 -0.080050 3.111376 -0.069366 -0.060847
    74 2.015780 -0.005083 0.006086 -0.256603 0.043132 1.354148
    75 0.000229 0.099802 0.000395 0.018823 -0.010833 -0.239219
    76 -0.018673 -0.001009 0.047544 3.109244 0.002635 -0.106673
    77 1.178665 0.001595 0.000845 0.000054 -0.000084 0.694158
    78 -0.000198 0.099628 0.000034 0.000000 0.000000 -0.314102
    79 0.036892 -0.634449 0.266284 -2.801062 0.174301 0.490914
    80 1.704350 -0.002506 -0.000686 -0.000010 0.000023 0.926201
    81 -0.000576 0.100136 0.000311 0.010912 -0.023131 -0.260841
    82 -0.003952 -0.281811 0.115047 -3.059162 0.089004 0.167964
    83 1.289627 0.003949 0.000061 -0.000014 0.000003 0.803669
    84 -0.171528 -0.018148 -0.099873 0.013484 -0.062184 -0.011780
    85 0.912716 0.007240 0.001326 0.000019 0.000021 0.138691
    86 -0.342617 0.053404 -0.025571 -2.909301 -0.017248 0.075276
    87 1.100231 -0.000930 -0.002434 0.000057 0.000074 -0.388600
    88 -0.384983 0.330998 0.006848 -3.087207 -0.018765 -0.184279
    89 0.678146 0.006192 0.000002 -0.000018 -0.000019 0.000029
    90 -0.123848 0.072737 0.029507 2.898184 -0.060627 0.094834
    91 1.017166 -0.000154 -0.000252 -0.000023 -0.000014 -0.289924
    92 -0.344986 0.123129 0.143151 2.994981 0.012396 0.059140
    93 -0.730988 0.177046 0.039141 -0.123731 0.076518 -0.084310
    94 0.925900 0.001298 -0.000896 -0.000002 -0.000011 0.001306
    95 -0.124027 -0.052092 0.038496 3.077813 -0.008519 0.039229
    96 1.100430 -0.007458 0.000503 -0.217287 -0.000054 0.841241
    97 -0.330082 0.160641 0.042780 3.128073 0.034033 -0.171236
    98 0.679760 0.005438 0.003272 0.000014 0.000003 0.727745
    99 -0.019516 -0.016531 0.038578 -2.763781 0.050305 0.076828
    100 1.018891 0.005113 0.001121 -0.084258 -0.010419 1.032536
    101 -0.155312 0.130643 -0.021921 -3.022466 0.022433 -0.024903
    102 -0.252209 0.061937 -0.024914 -0.007671 -0.063171 -0.044392
    103 -0.085991 0.185203 -0.015180 -2.937063 -0.113970 -0.138991
    104 -0.286537 0.179852 0.024264 -3.109353 -0.049645 -0.029915
    105 -0.019489 0.147084 0.079203 2.893815 0.038585 -0.060594
    106 -0.046482 0.251898 0.129548 3.016165 0.077112 -0.042864
    107 0.039120 -0.040298 0.047739 3.084219 0.030470 -0.037414
    108 -0.233757 0.066630 0.001754 -3.133086 0.040141 -0.065413
    109 0.044266 0.020128 0.001684 -2.778763 -0.118872 -0.040488
    110 0.071495 0.074127 -0.048302 -3.035917 -0.059482 0.104366
    111 0.000000 0.000000 0.000000 0.000000 0.000000 -1.570796
    112 9.847957 -1.121128 -4.504044 0.018741 -0.033714 0.092540
    113 4.714988 11.730827 -8.265877 -0.210742 -0.845287 -1.213678
    114 -0.348999 0.000000 0.342999 0.000000 0.000000 0.000000
    115 2.394995 0.000000 0.034000 0.000000 0.000000 0.000000
    116 0.008000 0.000000 1.401997 0.000000 0.000000 0.000000
    117 1.148998 0.000000 0.626999 0.000000 0.000000 0.000000
    118 1.107998 0.000000 0.153000 0.000000 0.000000 0.000000
    119 -2.457995 0.000000 0.449999 0.000000 0.000000 0.000000
    120 0.283000 0.000000 0.659998 0.000000 0.000000 0.000000
    121 4.293992 0.000000 0.136000 0.000000 0.000000 0.000000
    122 1.511997 -0.417999 1.094998 0.000000 0.000000 -1.570755
    123 4.229991 0.000000 0.042000 0.000000 0.000000 0.000000
    124 0.240000 0.000000 -0.662999 0.000000 0.000000 0.000000
    125 1.060998 0.000000 -3.633993 0.000000 0.000000 0.000000
    126 0.193999 0.000000 -2.057996 0.000000 0.000000 0.000000
    127 -0.774998 0.000000 -2.394995 0.000000 0.000000 0.000000
    128 0.000000 0.000000 0.000000 0.000000 0.000000 0.000000
    129 -0.106000 0.000000 64.320000 0.000000 0.000000 0.000000
    130 0.000000 0.000000 0.000000 0.000000 0.000000 0.000000
    131 0.000000 0.000000 0.000000 -0.042413 0.006604 -0.001462
    132 20.542419 -0.198088 5.632398 0.018823 -0.033772 0.092546
    133 0.106000 0.000000 -64.320000 0.000000 0.000000 0.000000
    134 0.000000 0.000000 0.000000 0.000000 0.000000 0.000000
    135 0.000000 0.000000 -4.867002 -3.141592 0.000000 -3.128591
    136 0.000000 0.000000 4.867000 -3.141592 0.000000 -3.128591
    137 4.000000 -6.500000 0.000000 0.000000 0.000000 0.000977
    138 -6.500000 0.000000 0.000000 0.000000 1.570796 0.000000
    139 1.000088 -0.000029 0.000000 0.000000 0.000000 0.000000
    140 17.162516 -0.000404 0.000000 0.000000 0.000000 0.119214
    141 9.999891 -0.000303 0.000000 0.000000 0.000000 0.000000
    142 1.000088 -0.000029 0.000000 0.000000 0.000000 0.000000
    143 17.162516 -0.000404 0.000000 0.000000 0.000000 0.119214
    144 9.499836 0.000212 0.000000 0.000000 0.000000 0.000000
    145 0.000000 0.000000 0.000000 0.000000 0.000000 0.000000
    146 17.749374 0.295515 0.000000 0.000000 0.000000 -1.158958
    147 0.017889 0.299792 0.000000 0.000000 0.000000 -0.059582
    148 12.283573 1.581456 -4.696000 1.462269 -0.086726 0.090185
    149 17.749376 0.295515 0.000000 0.000000 0.000000 -1.158958
    150 0.017889 0.299792 0.000000 0.000000 0.000000 -0.059582
    151 13.354000 0.000000 0.000000 0.000000 0.000000 -0.294101
    152 4.530998 0.000000 0.000000 0.000000 0.000000 0.000000
    153 0.000000 0.000000 0.000000 0.000000 0.000000 0.000000
    154 5.413524 0.000347 0.000000 0.000000 0.000000 -0.518055
    155 5.413524 0.000347 0.000000 0.000000 0.000000 -0.518055
    156 4.662002 -5.366333 4.825191 1.569713 1.561305 -3.121213
    157 3.116966 -0.000443 0.000000 0.000000 0.000000 0.294101
    158 0.000000 0.000000 0.000000 0.000000 0.000000 0.000000
    159 -0.775921 -0.039064 -2.515284 0.023847 -0.081798 -0.116563
    160 -12.745127 1.086392 -55.852492 -0.021815 0.031792 -0.093133
    161 3.512001 -3.547000 -1.066000 0.000000 1.570796 0.000000
    162 3.456001 -3.517000 1.169000 0.000000 1.570796 0.000000
    163 6.233002 0.000000 0.000000 0.000000 0.000000 0.000000
    164 -0.171997 -0.106000 -0.902000 1.570713 1.029176 -3.134550
    165 6.195120 -6.419064 -0.253914 -0.001462 0.042401 -0.006663
    166 0.181000 -0.064000 1.096000 0.000000 0.000000 0.000000
    167 3.999434 -0.000528 -0.000332 -0.005269 -0.000023 0.000052
    168 3.999901 0.000041 0.001011 0.060675 0.000000 0.000000
    169 1.598000 0.000000 0.000000 0.000000 0.000000 0.000000
    170 -1.145525 0.000130 0.000668 0.000000 0.000000 0.000000
    171 2.299679 -2.499979 -0.599480 0.891953 0.221542 -0.527230
    172 16.418173 -4.179268 -4.160612 1.803663 -0.149963 0.596880
    173 -9.580673 -27.862106 -37.184681 0.812879 -0.123459 -0.568477
    174 0.649933 -0.548295 0.093651 -1.665913 -0.131399 -0.112062
    175 0.657074 0.008402 0.040371 -1.665945 -0.131407 -0.000013
    176 0.665776 0.747221 -0.029190 -1.665935 -0.131408 0.094976
    177 2.300138 -2.499413 0.600155 -0.891930 -0.221518 -0.527275
    178 11.192136 0.467238 4.561009 2.348966 -0.350194 0.140515
    179 2.762354 0.116951 1.523975 1.629482 0.064153 1.743800
    180 7.228323 7.928198 -3.925648 2.328713 0.123459 -0.568477
    181 0.650394 -0.547730 -0.092979 1.665913 0.131399 -0.112062
    182 0.657069 0.008398 -0.040379 1.665945 0.131407 -0.000013
    183 0.665777 0.747220 0.029182 1.665935 0.131408 0.094976
    184 -4.481003 -0.202000 0.000000 0.000000 0.000000 0.000000
    185 -5.516998 -0.291000 -0.001000 0.000000 0.000000 0.000000
    186 -0.857700 0.104073 0.104687 0.023536 0.163924 0.013632
    187 1.899121 0.000427 -0.000439 0.027386 -0.033311 0.477848
    188 1.799659 -0.000240 0.000231 0.027386 -0.033311 0.477848
    189 1.799659 -0.000240 0.000231 0.027386 -0.033311 0.477848
    190 1.799659 -0.000240 0.000231 0.027386 -0.033311 0.477848
    191 1.900308 -0.000145 -0.000518 0.027386 -0.033311 0.477848
    192 1.899433 -0.000317 -0.000151 -0.027386 0.033311 0.477848
    193 1.799659 -0.000237 -0.000233 -0.027386 0.033311 0.477848
    194 1.799659 -0.000237 -0.000233 -0.027386 0.033311 0.477848
    195 1.799659 -0.000237 -0.000233 -0.027386 0.033311 0.477848
    196 1.900724 0.000553 -0.000072 -0.027386 0.033311 0.477848
    197 0.599884 0.400187 -0.000031 0.000000 0.000000 0.000000
    198 0.599888 0.400187 0.000031 0.000000 0.000000 -3.141592
    199 0.599503 0.400696 0.000234 0.000000 0.000000 0.000000
    200 0.600399 0.399632 -0.000466 0.000000 0.000000 -3.141592
  time 30
    0 0.000000 0.000000 0.000000 0.000000 0.000000 -1.570796
    1 -0.106323 0.000000 -0.000198 0.000000 0.000000 0.000000
    2 0.000000 0.000000 0.000000 0.000000 0.000000 0.000000
    3 -0.904000 0.000000 -11.806000 0.000000 0.000000 0.000000
    4 0.000000 0.000000 -14.313999 0.000000 -1.570796 1.570857
    5 3.533001 0.000000 0.000000 0.000000 0.000000 0.000000
    6 6.250000 0.000000 0.000000 0.000000 0.000000 0.000000
    7 4.381292 1.546947 -1.721357 -1.153277 1.547377 -1.153364
    8 9.562500 6.343750 1.773438 1.153277 -1.547377 -1.153364
    9 5.786820 0.002787 -0.000113 -0.782861 1.170578 -1.455282
    10 5.999492 -0.000592 -4.000343 0.000000 0.000000 0.000000
    11 5.787410 0.002582 0.000893 0.506265 -0.470600 -1.225164
    12 5.999492 -0.000592 4.000336 0.000000 0.000000 0.000000
    13 0.500225 0.000133 -0.000088 -0.176731 0.000000 0.000060
    14 11.538465 0.004255 -0.001312 -0.000065 -0.000039 -1.548607
    15 -0.829338 0.893824 0.079659 -0.148839 0.047645 0.087266
    16 0.500225 0.000132 0.000076 0.150995 0.000000 0.000000
    17 11.532495 0.004432 -0.000089 0.000102 -0.000022 -1.599533
    18 -0.829586 0.894698 -0.079464 0.045377 -0.019621 0.087266
    19 10.599884 0.000105 -0.000553 0.014883 0.000000 0.000000
    20 0.463426 -0.470499 -0.000805 0.000000 0.000011 0.774315
    21 11.045963 0.003717 0.004704 0.019288 -0.811594 -0.478568
    22 -1.214832 0.203470 -0.477489 -0.135025 -0.078677 -0.001289
    23 10.599880 0.000105 0.000549 0.109502 -0.000048 0.000000
    24 0.506394 -0.490031 0.000801 0.000024 0.000049 0.799745
    25 11.041742 0.003171 -0.000571 0.087822 0.569770 0.879397
    26 -1.063377 0.077663 0.150230 0.045121 0.020046 -0.012850
    27 0.610302 -0.939470 0.070343 -1.655346 -0.140091 -0.175580
    28 0.639940 -0.199121 0.060188 -1.665960 -0.131391 -0.066447
    29 0.600155 1.080261 -0.339535 -1.738023 0.020826 0.107337
    30 0.610207 0.400743 -0.010101 -1.762268 -0.061556 0.043040
    31 0.634715 -0.690090 -0.232343 0.230232 0.511508 -0.950554
    32 -0.792125 0.203736 0.461300 1.439074 -0.003453 -0.018305
    33 0.610300 -0.939469 -0.070351 1.655295 0.140103 -0.175604
    34 0.639937 -0.199121 -0.060200 1.665502 0.091303 -0.070258
    35 0.600157 1.080259 0.339531 1.764702 -0.263850 -0.039163
    36 0.610205 0.400743 0.010086 1.763182 -0.081696 -0.010364
    37 0.624002 -0.695300 0.236176 -0.356436 -0.242025 -0.933382
    38 -0.626031 -0.069983 -0.080517 -1.447153 0.086151 0.021559
    39 2.621377 -0.002532 -0.001438 -0.008576 -0.327004 0.502679
    40 2.660837 0.000397 -0.000071 -0.038169 -0.146684 0.710289
    41 2.202488 0.003368 -0.002863 -0.032349 0.046468 0.917978
    42 0.599952 0.959240 -0.300102 -0.174544 0.000000 0.000000
    43 2.557190 -0.001967 0.006359 0.073228 0.003091 0.897971
    44 2.095024 -0.003873 -0.002193 -0.558435 -0.056673 0.309205
    45 0.999380 -0.000236 -1.252340 -0.000001 0.000000 0.000000
    46 -0.122639 -0.721856 0.661690 -0.486644 0.223964 0.243056
    47 2.622113 -0.000648 0.002741 0.327567 0.366193 0.437885
    48 2.654002 0.004589 -0.000533 0.605171 -0.015757 1.366764
    49 2.200016 0.001663 0.004743 0.373105 -0.104782 0.773049
    50 0.599951 0.959244 0.300102 0.174544 0.000000 0.000000
    51 2.556570 -0.004291 0.000554 0.357194 -0.080575 1.172242
    52 2.103851 0.005614 -0.001014 0.568518 -0.341671 0.620464
    53 0.999374 -0.000237 1.166392 0.000000 0.000000 0.000001
    54 0.310846 -0.606445 -0.498005 0.308107 -0.197598 0.313976
    55 1.873069 -0.004741 -0.000994 -0.000055 0.000039 1.325470
    56 1.200941 0.399582 -0.000237 -0.009465 0.016087 0.007127
    57 0.000586 0.100342 -0.000319 -0.120035 -0.021926 -0.209617
    58 -0.161663 0.051712 0.194808 -2.941982 0.122408 -0.060194
    59 2.010092 -0.007109 -0.007284 -0.000030 0.000048 1.471266
    60 0.000240 0.099802 -0.000395 -0.018823 0.010833 -0.239219
    61 -0.203197 0.048607 0.069150 -3.093332 0.033217 -0.046722
    62 1.180428 -0.006214 0.000780 0.000034 -0.000012 0.756230
    63 -0.000196 0.099625 -0.000034 0.000000 0.000000 -0.314102
    64 -0.088736 -0.688435 -0.145203 2.930407 -0.136130 0.513013
    65 1.712069 -0.003328 0.003818 -0.000013 -0.000068 1.064576
    66 -0.000580 0.100145 -0.000311 -0.010912 0.023129 -0.260841
    67 -0.146030 -0.232426 -0.014225 3.028455 -0.094299 0.113020
    68 1.290632 0.000362 -0.000032 -0.000012 0.000024 -0.127233
    69 -0.658121 -0.003575 0.072645 -0.142711 0.027792 -0.077299
    70 1.868080 -0.003049 0.006083 0.000063 -0.000033 0.515176
    71 1.200079 0.399944 -0.000093 0.009465 -0.016087 0.007127
    72 0.000591 0.100342 0.000319 0.120035 0.021926 -0.209617
    73 0.068077 0.002285 -0.080050 3.111376 -0.069366 -0.060847
    74 2.015780 -0.005083 0.006086 -0.256543 0.043012 1.354249
    75 0.000229 0.099802 0.000395 0.018823 -0.010833 -0.239219
    76 -0.018673 -0.001009 0.047544 3.109244 0.002635 -0.106673
    77 1.178665 0.001595 0.000845 0.000018 -0.000012 0.694158
    78 -0.000198 0.099628 0.000034 0.000000 0.000000 -0.314102
    79 0.036892 -0.634449 0.266284 -2.801062 0.174301 0.490914
    80 1.704350 -0.002506 -0.004592 -0.000034 -0.000037 0.926271
    81 -0.000576 0.100136 0.000311 0.010912 -0.023129 -0.260841
    82 -0.003952 -0.281811 0.115047 -3.059162 0.089004 0.167964
    83 1.289627 0.003949 0.000061 -0.000026 -0.000033 0.803774
    84 -0.171528 -0.018148 -0.099873 0.013484 -0.062184 -0.011780
    85 0.912716 0.007240 0.001326 0.000019 0.000021 0.138648
    86 -0.342617 0.053404 -0.025571 -2.909301 -0.017248 0.075276
    87 1.100231 -0.000930 -0.002434 0.000057 0.000086 -0.388560
    88 -0.384983 0.330998 0.006848 -3.087207 -0.018765 -0.184279
    89 0.678146 0.006192 0.000002 -0.000018 -0.000019 0.000029
    90 -0.123848 0.072737 0.029507 2.898184 -0.060627 0.094834
    91 1.017166 -0.000154 -0.000252 -0.000023 -0.000014 -0.289953
    92 -0.344986 0.123129 0.143151 2.994981 0.012396 0.059140
    93 -0.730988 0.177046 0.039141 -0.123731 0.076518 -0.084310
    94 0.925900 0.001298 -0.000896 -0.000014 0.000061 -0.110455
    95 -0.124027 -0.052092 0.038496 3.077813 -0.008519 0.039229
    96 1.100430 -0.007458 0.000503 -0.217263 0.000006 0.841299
    97 -0.330082 0.160641 0.042780 3.128073 0.034033 -0.171236
    98 0.679760 0.005438 0.003272 0.000014 0.000015 0.727777
    99 -0.019516 -0.016531 0.038578 -2.763781 0.050305 0.076828
    100 1.018891 0.005113 0.001121 -0.084258 -0.010419 1.032536
    101 -0.155312 0.130643 -0.021921 -3.022466 0.022433 -0.024903
    102 -0.252209 0.061937 -0.024914 -0.007671 -0.063171 -0.044392
    103 -0.085991 0.185203 -0.015180 -2.937063 -0.113970 -0.138991
    104 -0.286537 0.179852 0.024264 -3.109353 -0.049645 -0.029915
    105 -0.019489 0.147084 0.079203 2.893815 0.038585 -0.060594
    106 -0.046482 0.251898 0.129548 3.016165 0.077112 -0.042864
    107 0.039120 -0.040298 0.047739 3.084219 0.030470 -0.037414
    108 -0.233757 0.066630 0.001754 -3.133086 0.040141 -0.065413
    109 0.044266 0.020128 0.001684 -2.778763 -0.118872 -0.040488
    110 0.071495 0.074127 -0.048302 -3.035917 -0.059482 0.104366
    111 0.000000 0.000000 0.000000 0.000000 0.000000 -1.570796
    112 9.781549 -1.101596 -4.496231 0.013236 -0.040898 0.083919
    113 4.906400 11.715201 -8.453383 -0.221464 -0.850864 -1.214445
    114 -0.348999 0.000000 0.342999 0.000000 0.000000 0.000000
    115 2.394995 0.000000 0.034000 0.000000 0.000000 0.000000
    116 0.008000 0.000000 1.401997 0.000000 0.000000 0.000000
    117 1.148998 0.000000 0.626999 0.000000 0.000000 0.000000
    118 1.107998 0.000000 0.153000 0.000000 0.000000 0.000000
    119 -2.457995 0.000000 0.449999 0.000000 0.000000 0.000000
    120 0.283000 0.000000 0.659998 0.000000 0.000000 0.000000
    121 4.293992 0.000000 0.136000 0.000000 0.000000 0.000000
    122 1.511997 -0.417999 1.094998 0.000000 0.000000 -1.570755
    123 4.229991 0.000000 0.042000 0.000000 0.000000 0.000000
    124 0.240000 0.000000 -0.662999 0.000000 0.000000 0.000000
    125 1.060998 0.000000 -3.633993 0.000000 0.000000 0.000000
    126 0.193999 0.000000 -2.057996 0.000000 0.000000 0.000000
    127 -0.774998 0.000000 -2.394995 0.000000 0.000000 0.000000
    128 0.000000 0.000000 0.000000 0.000000 0.000000 0.000000
    129 -0.106000 0.000000 64.320000 0.000000 0.000000 0.000000
    130 0.000000 0.000000 0.000000 0.000000 0.000000 0.000000
    131 0.000000 0.000000 0.000000 -0.038399 0.002840 -0.003823
    132 20.499449 -0.268403 5.698806 0.013283 -0.040918 0.083983
    133 0.106000 0.000000 -64.320000 0.000000 0.000000 0.000000
    134 0.000000 0.000000 0.000000 0.000000 0.000000 0.000000
    135 0.000000 0.000000 -4.867002 -3.141592 0.000000 -3.128591
    136 0.000000 0.000000 4.867000 -3.141592 0.000000 -3.128591
    137 4.000000 -6.500000 0.000000 0.000000 0.000000 0.000977
    138 -6.500000 0.000000 0.000000 0.000000 1.570796 0.000000
    139 1.000088 -0.000029 0.000000 0.000000 0.000000 0.000000
    140 17.162516 -0.000404 0.000000 0.000000 0.000000 0.119214
    141 9.999891 -0.000303 0.000000 0.000000 0.000000 0.000000
    142 1.000088 -0.000029 0.000000 0.000000 0.000000 0.000000
    143 17.162516 -0.000404 0.000000 0.000000 0.000000 0.119214
    144 9.499836 0.000212 0.000000 0.000000 0.000000 0.000000
    145 0.000000 0.000000 0.000000 0.000000 0.000000 0.000000
    146 17.749374 0.295515 0.000000 0.000000 0.000000 -1.158958
    147 0.017889 0.299792 0.000000 0.000000 0.000000 -0.059582
    148 12.283573 1.581456 -4.696000 1.462269 -0.086726 0.090185
    149 17.749376 0.295515 0.000000 0.000000 0.000000 -1.158958
    150 0.017889 0.299792 0.000000 0.000000 0.000000 -0.059582
    151 13.354000 0.000000 0.000000 0.000000 0.000000 -0.294101
    152 4.530998 0.000000 0.000000 0.000000 0.000000 0.000000
    153 0.000000 0.000000 0.000000 0.000000 0.000000 0.000000
    154 5.413524 0.000347 0.000000 0.000000 0.000000 -0.518055
    155 5.413524 0.000347 0.000000 0.000000 0.000000 -0.518055
    156 4.662002 -5.366333 4.825191 1.569713 1.561305 -3.121213
    157 3.116966 -0.000443 0.000000 0.000000 0.000000 0.294101
    158 0.000000 0.000000 0.000000 0.000000 0.000000 0.000000
    159 -0.600134 -0.019532 -1.937141 -0.031185 -0.143798 -0.062942
    160 -13.131858 1.309055 -55.762645 -0.016537 0.039704 -0.084410
    161 3.512001 -3.547000 -1.066000 0.000000 1.570796 0.000000
    162 3.456001 -3.517000 1.169000 0.000000 1.570796 0.000000
    163 6.233002 0.000000 0.000000 0.000000 0.000000 0.000000
    164 -0.171997 -0.106000 -0.902000 1.570713 1.029176 -3.134550
    165 6.226371 -6.395626 -0.210944 -0.003823 0.038387 -0.002984
    166 0.181000 -0.064000 1.096000 0.000000 0.000000 0.000000
    167 3.999434 -0.000528 -0.000332 0.007438 -0.000023 0.000016
    168 3.999901 0.000041 0.001011 0.054826 0.000000 0.000000
    169 1.598000 0.000000 0.000000 0.000000 0.000000 0.000000
    170 -1.145525 0.000130 0.000668 0.000000 0.000000 0.000000
    171 2.299679 -2.499979 -0.599480 0.891953 0.221482 -0.527246
    172 15.761903 -3.116735 -4.539530 1.854617 -0.118627 0.664792
    173 -9.580673 -27.862106 -37.184681 0.812879 -0.123459 -0.568477
    174 0.649933 -0.548295 0.093651 -1.665913 -0.131399 -0.112062
    175 0.657074 0.008402 0.040371 -1.665945 -0.131407 -0.000013
    176 0.665776 0.747221 -0.029190 -1.665935 -0.131408 0.094976
    177 2.300138 -2.499413 0.600155 -0.892039 -0.221566 -0.527211
    178 11.192136 0.463332 4.561009 2.348837 -0.350341 0.140533
    179 2.762354 0.116951 1.523975 1.629482 0.064153 1.743800
    180 7.228323 7.928198 -3.925648 2.328713 0.123459 -0.568477
    181 0.650394 -0.547730 -0.092979 1.665913 0.131399 -0.112062
    182 0.657069 0.008398 -0.040379 1.665945 0.131407 -0.000013
    183 0.665777 0.747220 0.029182 1.665935 0.131408 0.094976
    184 -4.481003 -0.202000 0.000000 0.000000 0.000000 0.000000
    185 -5.516998 -0.291000 -0.001000 0.000000 0.000000 0.000000
    186 -0.857700 0.104073 0.104687 0.023536 0.163924 0.013632
    187 1.899121 0.000427 -0.000439 0.027386 -0.033311 0.477848
    188 1.799659 -0.000240 0.000231 0.027386 -0.033311 0.477848
    189 1.799659 -0.000240 0.000231 0.027386 -0.033311 0.477848
    190 1.799659 -0.000240 0.000231 0.027386 -0.033311 0.477848
    191 1.900308 -0.000145 -0.000518 0.027386 -0.033311 0.477848
    192 1.899433 -0.000317 -0.000151 -0.027386 0.033311 0.477848
    193 1.799659 -0.000237 -0.000233 -0.027386 0.033311 0.477848
    194 1.799659 -0.000237 -0.000233 -0.027386 0.033311 0.477848
    195 1.799659 -0.000237 -0.000233 -0.027386 0.033311 0.477848
    196 1.900724 0.000553 -0.000072 -0.027386 0.033311 0.477848
    197 0.599884 0.400187 -0.000031 0.000000 0.000000 0.000000
    198 0.599888 0.400187 0.000031 0.000000 0.000000 -3.141592
    199 0.599503 0.400696 0.000234 0.000000 0.000000 0.000000
    200 0.600399 0.399632 -0.000466 0.000000 0.000000 -3.141592
  time 31
    0 0.000000 0.000000 0.000000 0.000000 0.000000 -1.570796
    1 -0.106323 0.000000 -0.000198 0.000000 0.000000 0.000000
    2 0.000000 0.000000 0.000000 0.000000 0.000000 0.000000
    3 -0.904000 0.000000 -11.806000 0.000000 0.000000 0.000000
    4 0.000000 0.000000 -14.313999 0.000000 -1.570796 1.570857
    5 3.533001 0.000000 0.000000 0.000000 0.000000 0.000000
    6 6.250000 0.000000 0.000000 0.000000 0.000000 0.000000
    7 4.381292 1.546947 -1.721357 -1.153277 1.547377 -1.153364
    8 9.562500 6.343750 1.773438 1.153277 -1.547377 -1.153364
    9 5.786820 0.002787 -0.000113 -0.815041 1.117545 -1.493296
    10 5.999492 -0.000592 -4.000343 0.000000 0.000000 0.000000
    11 5.787410 0.002582 0.000893 0.507460 -0.471303 -1.228265
    12 5.999492 -0.000592 4.000336 0.000000 0.000000 0.000000
    13 0.500225 0.000133 -0.000088 -0.152671 0.000048 0.000000
    14 11.538465 0.004255 -0.001312 0.000079 0.000009 -1.516621
    15 -0.829338 0.893824 0.079659 -0.148839 0.047645 0.087266
    16 0.500225 0.000132 0.000076 0.151192 0.000000 0.000000
    17 11.532495 0.004432 -0.000089 0.000054 -0.000058 -1.600453
    18 -0.829586 0.894698 -0.079464 0.045377 -0.019621 0.087266
    19 10.599884 0.000105 -0.000553 0.034648 0.000000 0.000000
    20 0.432175 -0.454874 -0.000805 0.000000 0.000011 0.758284
    21 11.045963 -0.000189 0.004704 0.045454 -0.833392 -0.530861
    22 -1.214832 0.203470 -0.477489 -0.135025 -0.078677 -0.001289
    23 10.599880 0.000105 0.000549 0.112784 0.000000 0.000060
    24 0.506394 -0.493937 0.000801 0.000024 0.000049 0.800172
    25 11.041742 0.003171 -0.000571 0.089443 0.579766 0.896172
    26 -1.063377 0.077663 0.150230 0.045121 0.020046 -0.012850
    27 0.610302 -0.939470 0.070343 -1.655346 -0.140114 -0.175700
    28 0.639940 -0.199121 0.060188 -1.666011 -0.131391 -0.066483
    29 0.600155 1.080261 -0.339535 -1.738023 0.020766 0.107337
    30 0.610207 0.400743 -0.010101 -1.762268 -0.061556 0.042956
    31 0.630809 -0.690090 -0.232343 0.230184 0.511447 -0.950636
    32 -0.792125 0.203736 0.461300 1.439074 -0.003453 -0.018305
    33 0.610300 -0.939469 -0.070351 1.655295 0.140103 -0.175628
    34 0.639937 -0.199121 -0.060200 1.665502 0.091351 -0.070378
    35 0.600157 1.080259 0.339531 1.764649 -0.263886 -0.039199
    36 0.610205 0.400743 0.010086 1.763129 -0.081516 -0.010340
    37 0.624002 -0.695300 0.236176 -0.356448 -0.241965 -0.933345
    38 -0.626031 -0.069983 -0.080517 -1.447153 0.086151 0.021559
    39 2.621377 -0.002532 -0.001438 -0.008607 -0.327090 0.502760
    40 2.664743 0.000397 -0.000071 -0.038169 -0.146684 0.710250
    41 2.206394 0.003368 -0.006769 -0.032349 0.046468 0.917903
    42 0.599952 0.959240 -0.300102 -0.174544 0.000000 0.000000
    43 2.557190 -0.001967 0.006359 0.073204 0.003163 0.897971
    44 2.095024 -0.003873 -0.002193 -0.558435 -0.056630 0.309205
    45 0.999380 -0.000236 -1.256246 -0.000001 0.000000 0.000000
    46 -0.122639 -0.721856 0.661690 -0.486644 0.223964 0.243056
    47 2.622113 -0.000648 0.002741 0.327616 0.366193 0.437836
    48 2.654002 0.004589 -0.000533 0.605296 -0.015721 1.366831
    49 2.200016 0.001663 0.000836 0.373105 -0.104758 0.772971
    50 0.599951 0.959244 0.300102 0.174544 0.000000 0.000000
    51 2.556570 -0.004291 0.000554 0.357221 -0.080539 1.172317
    52 2.103851 0.001708 -0.001014 0.568603 -0.341671 0.620464
    53 0.999374 -0.000237 1.166392 0.000000 0.000000 0.000001
    54 0.310846 -0.606445 -0.498005 0.308107 -0.197598 0.313976
    55 1.869163 -0.004741 -0.000994 0.000041 -0.000020 1.325296
    56 1.200941 0.399582 -0.000237 -0.009465 0.016087 0.007127
    57 0.000586 0.100342 -0.000319 -0.120035 -0.021926 -0.209617
    58 -0.161663 0.051712 0.194808 -2.941982 0.122408 -0.060194
    59 2.010092 -0.003202 -0.007284 0.000018 0.000013 1.471351
    60 0.000240 0.099802 -0.000395 -0.018823 0.010833 -0.239219
    61 -0.203197 0.048607 0.069150 -3.093332 0.033217 -0.046722
    62 1.180428 -0.006214 0.000780 0.000034 -0.000012 0.756294
    63 -0.000196 0.099625 -0.000034 0.000000 0.000000 -0.314102
    64 -0.088736 -0.688435 -0.145203 2.930407 -0.136130 0.513013
    65 1.712069 0.000578 0.003818 0.000094 0.000003 1.064532
    66 -0.000580 0.100145 -0.000311 -0.010912 0.023129 -0.260841
    67 -0.146030 -0.232426 -0.014225 3.028455 -0.094299 0.113020
    68 1.290632 0.000362 -0.000032 0.000000 0.000060 -0.127233
    69 -0.658121 -0.003575 0.072645 -0.142711 0.027792 -0.077299
    70 1.868080 -0.003049 0.006083 0.000027 0.000039 0.574319
    71 1.200079 0.399944 -0.000093 0.009465 -0.016087 0.007127
    72 0.000591 0.100342 0.000319 0.120035 0.021926 -0.209617
    73 0.068077 0.002285 -0.080050 3.111376 -0.069366 -0.060847
    74 2.011874 -0.005083 0.006086 -0.256591 0.043060 1.354350
    75 0.000229 0.099802 0.000395 0.018823 -0.010833 -0.239219
    76 -0.018673 -0.001009 0.047544 3.109244 0.002635 -0.106673
    77 1.178665 0.001595 0.000845 -0.000054 -0.000048 0.694079
    78 -0.000198 0.099628 0.000034 0.000000 0.000000 -0.314102
    79 0.036892 -0.634449 0.266284 -2.801062 0.174301 0.490914
    80 1.704350 -0.002506 -0.004592 0.000026 0.000071 0.926271
    81 -0.000576 0.100136 0.000311 0.010912 -0.023129 -0.260841
    82 -0.003952 -0.281811 0.115047 -3.059162 0.089004 0.167964
    83 1.289627 0.003949 0.000061 -0.000014 0.000003 0.803643
    84 -0.171528 -0.018148 -0.099873 0.013484 -0.062184 -0.011780
    85 0.912716 0.007240 0.001326 0.000019 -0.000039 0.138691
    86 -0.342617 0.053404 -0.025571 -2.909301 -0.017248 0.075276
    87 1.100231 -0.000930 -0.002434 -0.000051 0.000002 -0.388640
    88 -0.384983 0.330998 0.006848 -3.087207 -0.018765 -0.184279
    89 0.678146 0.006192 0.000002 -0.000018 -0.000019 0.000029
    90 -0.123848 0.072737 0.029507 2.898184 -0.060627 0.094834
    91 1.017166 -0.000154 -0.000252 -0.000083 -0.000026 -0.289865
    92 -0.344986 0.123129 0.143151 2.994981 0.012396 0.059140
    93 -0.730988 0.177046 0.039141 -0.123731 0.076518 -0.084310
    94 0.925900 0.001298 -0.000896 -0.000002 -0.000011 -0.170607
    95 -0.124027 -0.052092 0.038496 3.077813 -0.008519 0.039229
    96 1.100430 -0.007458 0.000503 -0.217179 0.000042 0.841299
    97 -0.330082 0.160641 0.042780 3.128073 0.034033 -0.171236
    98 0.679760 0.005438 0.003272 0.000014 0.000003 0.727777
    99 -0.019516 -0.016531 0.038578 -2.763781 0.050305 0.076828
    100 1.014985 0.005113 0.001121 -0.084246 -0.010503 1.032479
    101 -0.155312 0.130643 -0.021921 -3.022466 0.022433 -0.024903
    102 -0.252209 0.061937 -0.024914 -0.007671 -0.063171 -0.044392
    103 -0.085991 0.185203 -0.015180 -2.937063 -0.113970 -0.138991
    104 -0.286537 0.179852 0.024264 -3.109353 -0.049645 -0.029915
    105 -0.019489 0.147084 0.079203 2.893815 0.038585 -0.060594
    106 -0.046482 0.251898 0.129548 3.016165 0.077112 -0.042864
    107 0.039120 -0.040298 0.047739 3.084219 0.030470 -0.037414
    108 -0.233757 0.066630 0.001754 -3.133086 0.040141 -0.065413
    109 0.044266 0.020128 0.001684 -2.778763 -0.118872 -0.040488
    110 0.071495 0.074127 -0.048302 -3.035917 -0.059482 0.104366
    111 0.000000 0.000000 0.000000 0.000000 0.000000 -1.570796
    112 9.785455 -1.097690 -4.496231 0.014164 -0.039264 0.068546
    113 5.242347 11.625355 -8.414319 -0.219199 -0.849515 -1.231487
    114 -0.348999 0.000000 0.342999 0.000000 0.000000 0.000000
    115 2.394995 0.000000 0.034000 0.000000 0.000000 0.000000
    116 0.008000 0.000000 1.401997 0.000000 0.000000 0.000000
    117 1.148998 0.000000 0.626999 0.000000 0.000000 0.000000
    118 1.107998 0.000000 0.153000 0.000000 0.000000 0.000000
    119 -2.457995 0.000000 0.449999 0.000000 0.000000 0.000000
    120 0.283000 0.000000 0.659998 0.000000 0.000000 0.000000
    121 4.293992 0.000000 0.136000 0.000000 0.000000 0.000000
    122 1.511997 -0.417999 1.094998 0.000000 0.000000 -1.570755
    123 4.229991 0.000000 0.042000 0.000000 0.000000 0.000000
    124 0.240000 0.000000 -0.662999 0.000000 0.000000 0.000000
    125 1.060998 0.000000 -3.633993 0.000000 0.000000 0.000000
    126 0.193999 0.000000 -2.057996 0.000000 0.000000 0.000000
    127 -0.774998 0.000000 -2.394995 0.000000 0.000000 0.000000
    128 0.000000 0.000000 0.000000 0.000000 0.000000 0.000000
    129 -0.106000 0.000000 64.320000 0.000000 0.000000 0.000000
    130 0.000000 0.000000 0.000000 0.000000 0.000000 0.000000
    131 0.000000 0.000000 0.000000 -0.034420 0.007071 -0.000060
    132 20.507262 -0.409032 5.687087 0.014224 -0.039245 0.068606
    133 0.106000 0.000000 -64.320000 0.000000 0.000000 0.000000
    134 0.000000 0.000000 0.000000 0.000000 0.000000 0.000000
    135 0.000000 0.000000 -4.867002 -3.141592 0.000000 -3.128591
    136 0.000000 0.000000 4.867000 -3.141592 0.000000 -3.128591
    137 4.000000 -6.500000 0.000000 0.000000 0.000000 0.000977
    138 -6.500000 0.000000 0.000000 0.000000 1.570796 0.000000
    139 1.000088 -0.000029 0.000000 0.000000 0.000000 0.000000
    140 17.162516 -0.000404 0.000000 0.000000 0.000000 0.119214
    141 9.999891 -0.000303 0.000000 0.000000 0.000000 0.000000
    142 1.000088 -0.000029 0.000000 0.000000 0.000000 0.000000
    143 17.162516 -0.000404 0.000000 0.000000 0.000000 0.119214
    144 9.499836 0.000212 0.000000 0.000000 0.000000 0.000000
    145 0.000000 0.000000 0.000000 0.000000 0.000000 0.000000
    146 17.749374 0.295515 0.000000 0.000000 0.000000 -1.158958
    147 0.017889 0.299792 0.000000 0.000000 0.000000 -0.059582
    148 12.283573 1.581456 -4.696000 1.462269 -0.086726 0.090185
    149 17.749376 0.295515 0.000000 0.000000 0.000000 -1.158958
    150 0.017889 0.299792 0.000000 0.000000 0.000000 -0.059582
    151 13.354000 0.000000 0.000000 0.000000 0.000000 -0.294101
    152 4.530998 0.000000 0.000000 0.000000 0.000000 0.000000
    153 0.000000 0.000000 0.000000 0.000000 0.000000 0.000000
    154 5.413524 0.000347 0.000000 0.000000 0.000000 -0.518055
    155 5.413524 0.000347 0.000000 0.000000 0.000000 -0.518055
    156 4.662002 -5.366333 4.825191 1.569713 1.561305 -3.121213
    157 3.116966 -0.000443 0.000000 0.000000 0.000000 0.294101
    158 0.000000 0.000000 0.000000 0.000000 0.000000 0.000000
    159 -0.627479 -0.007813 -1.468377 -0.050246 -0.204235 -0.025351
    160 -13.061543 1.086392 -55.778271 -0.016956 0.038121 -0.069058
    161 3.512001 -3.547000 -1.066000 0.000000 1.570796 0.000000
    162 3.456001 -3.517000 1.169000 0.000000 1.570796 0.000000
    163 6.233002 0.000000 0.000000 0.000000 0.000000 0.000000
    164 -0.171997 -0.106000 -0.902000 1.570713 1.029176 -3.134550
    165 6.195120 -6.419064 -0.210944 -0.000060 0.034420 -0.007071
    166 0.181000 -0.064000 1.096000 0.000000 0.000000 0.000000
    167 3.999434 -0.000528 -0.000332 0.017331 -0.000023 0.000016
    168 3.999901 0.000041 0.001011 0.056413 0.000000 0.000000
    169 1.598000 0.000000 0.000000 0.000000 0.000000 0.000000
    170 -1.145525 0.000130 0.000668 0.000000 0.000000 0.000000
    171 2.299679 -2.499979 -0.599480 0.892008 0.221446 -0.527246
    172 15.246262 -2.128424 -4.605938 1.868505 -0.102959 0.731904
    173 -9.580673 -27.862106 -37.184681 0.812879 -0.123459 -0.568477
    174 0.649933 -0.548295 0.093651 -1.665913 -0.131399 -0.112062
    175 0.657074 0.008402 0.040371 -1.665945 -0.131407 -0.000013
    176 0.665776 0.747221 -0.029190 -1.665935 -0.131408 0.094976
    177 2.300138 -2.499413 0.600155 -0.891930 -0.221494 -0.527227
    178 11.192136 0.467238 4.564915 2.348772 -0.350385 0.140427
    179 2.762354 0.116951 1.523975 1.629482 0.064153 1.743800
    180 7.228323 7.928198 -3.925648 2.328713 0.123459 -0.568477
    181 0.650394 -0.547730 -0.092979 1.665913 0.131399 -0.112062
    182 0.657069 0.008398 -0.040379 1.665945 0.131407 -0.000013
    183 0.665777 0.747220 0.029182 1.665935 0.131408 0.094976
    184 -4.481003 -0.202000 0.000000 0.000000 0.000000 0.000000
    185 -5.516998 -0.291000 -0.001000 0.000000 0.000000 0.000000
    186 -0.857700 0.104073 0.104687 0.023536 0.163924 0.013632
    187 1.899121 0.000427 -0.000439 0.027386 -0.033311 0.477848
    188 1.799659 -0.000240 0.000231 0.027386 -0.033311 0.477848
    189 1.799659 -0.000240 0.000231 0.027386 -0.033311 0.477848
    190 1.799659 -0.000240 0.000231 0.027386 -0.033311 0.477848
    191 1.900308 -0.000145 -0.000518 0.027386 -0.033311 0.477848
    192 1.899433 -0.000317 -0.000151 -0.027386 0.033311 0.477848
    193 1.799659 -0.000237 -0.000233 -0.027386 0.033311 0.477848
    194 1.799659 -0.000237 -0.000233 -0.027386 0.033311 0.477848
    195 1.799659 -0.000237 -0.000233 -0.027386 0.033311 0.477848
    196 1.900724 0.000553 -0.000072 -0.027386 0.033311 0.477848
    197 0.599884 0.400187 -0.000031 0.000000 0.000000 0.000000
    198 0.599888 0.400187 0.000031 0.000000 0.000000 -3.141592
    199 0.599503 0.400696 0.000234 0.000000 0.000000 0.000000
    200 0.600399 0.399632 -0.000466 0.000000 0.000000 -3.141592
  time 32
    0 0.000000 0.000000 0.000000 0.000000 0.000000 -1.570796
    1 -0.106323 0.000000 -0.000198 0.000000 0.000000 0.000000
    2 0.000000 0.000000 0.000000 0.000000 0.000000 0.000000
    3 -0.904000 0.000000 -11.806000 0.000000 0.000000 0.000000
    4 0.000000 0.000000 -14.313999 0.000000 -1.570796 1.570857
    5 3.533001 0.000000 0.000000 0.000000 0.000000 0.000000
    6 6.250000 0.000000 0.000000 0.000000 0.000000 0.000000
    7 4.381292 1.546947 -1.721357 -1.153277 1.547377 -1.153364
    8 9.562500 6.343750 1.773438 1.153277 -1.547377 -1.153364
    9 5.786820 0.002787 -0.000113 -0.719036 1.154281 -1.383236
    10 5.999492 -0.000592 -4.000343 0.000000 0.000000 0.000000
    11 5.787410 0.002582 0.000893 0.509794 -0.468284 -1.232550
    12 5.999492 -0.000592 4.000336 0.000000 0.000000 0.000000
    13 0.500225 0.000133 -0.000088 -0.176024 0.000000 0.000060
    14 11.534559 0.008161 -0.001312 0.000067 0.000105 -1.627662
    15 -0.829338 0.893824 0.079659 -0.148839 0.047645 0.087266
    16 0.500225 0.000132 0.000076 0.150897 0.000000 0.000000
    17 11.532495 0.004432 -0.000089 -0.000042 0.000026 -1.600069
    18 -0.829586 0.894698 -0.079464 0.045377 -0.019621 0.087266
    19 10.599884 0.000105 -0.000553 -0.018412 0.000000 0.000000
    20 0.525928 -0.497844 -0.000805 -0.000048 0.000035 0.813848
    21 11.045963 0.003717 0.000798 -0.024198 -0.789279 -0.358499
    22 -1.214832 0.203470 -0.477489 -0.135025 -0.078677 -0.001289
    23 10.599880 0.000105 0.000549 0.117447 0.000000 0.000000
    24 0.506394 -0.493937 0.000801 0.000048 -0.000035 0.800038
    25 11.041742 0.003171 -0.000571 0.092168 0.582732 0.909403
    26 -1.063377 0.077663 0.150230 0.045121 0.020046 -0.012850
    27 0.610302 -0.939470 0.070343 -1.655295 -0.140079 -0.175580
    28 0.639940 -0.199121 0.060188 -1.665960 -0.131511 -0.066363
    29 0.600155 1.080261 -0.339535 -1.738023 0.020742 0.107457
    30 0.610207 0.400743 -0.010101 -1.762268 -0.061616 0.043052
    31 0.634715 -0.693997 -0.232343 0.230316 0.511508 -0.950595
    32 -0.792125 0.203736 0.461300 1.439074 -0.003453 -0.018305
    33 0.610300 -0.939469 -0.070351 1.655295 0.140103 -0.175604
    34 0.639937 -0.199121 -0.060200 1.665553 0.091351 -0.070294
    35 0.600157 1.080259 0.339531 1.764755 -0.263850 -0.039163
    36 0.610205 0.400743 0.010086 1.763344 -0.081612 -0.010352
    37 0.624002 -0.695300 0.232270 -0.356496 -0.242013 -0.933456
    38 -0.626031 -0.069983 -0.080517 -1.447153 0.086151 0.021559
    39 2.625284 -0.002532 -0.005345 -0.008637 -0.327004 0.502760
    40 2.664743 0.000397 -0.000071 -0.038169 -0.146684 0.710289
    41 2.206394 0.003368 -0.002863 -0.032373 0.046420 0.917903
    42 0.599952 0.959240 -0.300102 -0.174544 0.000000 0.000000
    43 2.557190 -0.001967 0.006359 0.073167 0.003115 0.897971
    44 2.095024 -0.003873 -0.006100 -0.558406 -0.056630 0.309164
    45 0.999380 -0.000236 -1.252340 -0.000001 0.000000 0.000000
    46 -0.122639 -0.721856 0.661690 -0.486644 0.223964 0.243056
    47 2.622113 -0.004555 0.002741 0.327551 0.366217 0.437812
    48 2.657909 0.004589 -0.000533 0.605189 -0.015721 1.366786
    49 2.200016 0.001663 0.004743 0.373009 -0.104650 0.772987
    50 0.599951 0.959244 0.300102 0.174544 0.000000 0.000000
    51 2.556570 -0.004291 0.000554 0.357168 -0.080599 1.172373
    52 2.103851 0.001708 -0.001014 0.568532 -0.341584 0.620485
    53 0.999374 -0.000237 1.166392 0.000000 0.000000 0.000001
    54 0.310846 -0.606445 -0.498005 0.308107 -0.197598 0.313976
    55 1.873069 -0.004741 -0.000994 -0.000007 0.000004 1.325296
    56 1.200941 0.399582 -0.000237 -0.009465 0.016087 0.007127
    57 0.000586 0.100342 -0.000319 -0.120035 -0.021926 -0.209617
    58 -0.161663 0.051712 0.194808 -2.941982 0.122408 -0.060194
    59 2.010092 -0.007109 -0.003377 0.000018 -0.000071 1.471266
    60 0.000240 0.099802 -0.000395 -0.018823 0.010833 -0.239219
    61 -0.203197 0.048607 0.069150 -3.093332 0.033217 -0.046722
    62 1.180428 -0.006214 0.000780 -0.000062 0.000024 0.756230
    63 -0.000196 0.099625 -0.000034 0.000000 0.000000 -0.314102
    64 -0.088736 -0.688435 -0.145203 2.930407 -0.136130 0.513013
    65 1.712069 -0.003328 0.003818 0.000023 -0.000021 1.064532
    66 -0.000580 0.100145 -0.000311 -0.010912 0.023129 -0.260841
    67 -0.146030 -0.232426 -0.014225 3.028455 -0.094299 0.113020
    68 1.290632 0.000362 -0.000032 -0.000036 -0.000060 -0.127233
    69 -0.658121 -0.003575 0.072645 -0.142711 0.027792 -0.077299
    70 1.868080 -0.003049 0.006083 -0.000069 -0.000057 0.574245
    71 1.200079 0.399944 -0.000093 0.009465 -0.016087 0.007127
    72 0.000591 0.100342 0.000319 0.120035 0.021926 -0.209617
    73 0.068077 0.002285 -0.080050 3.111376 -0.069366 -0.060847
    74 2.015780 -0.005083 0.006086 -0.256543 0.043000 1.354182
    75 0.000229 0.099802 0.000395 0.018823 -0.010833 -0.239219
    76 -0.018673 -0.001009 0.047544 3.109244 0.002635 -0.106673
    77 1.178665 0.001595 0.000845 0.000018 -0.000012 0.694079
    78 -0.000198 0.099628 0.000034 0.000000 0.000000 -0.314102
    79 0.036892 -0.634449 0.266284 -2.801062 0.174301 0.490914
    80 1.708256 -0.002506 -0.004592 0.000050 -0.000013 0.926271
    81 -0.000576 0.100136 0.000311 0.010912 -0.023129 -0.260841
    82 -0.003952 -0.281811 0.115047 -3.059162 0.089004 0.167964
    83 1.289627 0.003949 0.000061 0.000058 0.000039 0.803669
    84 -0.171528 -0.018148 -0.099873 0.013484 -0.062184 -0.011780
    85 0.912716 0.007240 0.001326 0.000019 -0.000027 0.138691
    86 -0.342617 0.053404 -0.025571 -2.909301 -0.017248 0.075276
    87 1.100231 -0.000930 -0.002434 -0.000003 0.000074 -0.388560
    88 -0.384983 0.330998 0.006848 -3.087207 -0.018765 -0.184279
    89 0.678146 0.006192 0.000002 -0.000018 -0.000019 0.000029
    90 -0.123848 0.072737 0.029507 2.898184 -0.060627 0.094834
    91 1.017166 -0.000154 -0.000252 -0.000047 -0.000026 -0.289924
    92 -0.344986 0.123129 0.143151 2.994981 0.012396 0.059140
    93 -0.730988 0.177046 0.039141 -0.123731 0.076518 -0.084310
    94 0.921993 0.001298 -0.000896 -0.000002 -0.000011 -0.170522
    95 -0.124027 -0.052092 0.038496 3.077813 -0.008519 0.039229
    96 1.100430 -0.003552 0.000503 -0.217203 -0.000018 0.841328
    97 -0.330082 0.160641 0.042780 3.128073 0.034033 -0.171236
    98 0.679760 0.005438 0.003272 0.000014 0.000003 0.727777
    99 -0.019516 -0.016531 0.038578 -2.763781 0.050305 0.076828
    100 1.018891 0.001206 0.001121 -0.084282 -0.010479 1.032536
    101 -0.155312 0.130643 -0.021921 -3.022466 0.022433 -0.024903
    102 -0.252209 0.061937 -0.024914 -0.007671 -0.063171 -0.044392
    103 -0.085991 0.185203 -0.015180 -2.937063 -0.113970 -0.138991
    104 -0.286537 0.179852 0.024264 -3.109353 -0.049645 -0.029915
    105 -0.019489 0.147084 0.079203 2.893815 0.038585 -0.060594
    106 -0.046482 0.251898 0.129548 3.016165 0.077112 -0.042864
    107 0.039120 -0.040298 0.047739 3.084219 0.030470 -0.037414
    108 -0.233757 0.066630 0.001754 -3.133086 0.040141 -0.065413
    109 0.044266 0.020128 0.001684 -2.778763 -0.118872 -0.040488
    110 0.071495 0.074127 -0.048302 -3.035917 -0.059482 0.104366
    111 0.000000 0.000000 0.000000 0.000000 0.000000 -1.570796
    112 9.785455 -1.074252 -4.441542 0.015649 -0.037591 0.060287
    113 5.449385 11.578478 -8.316660 -0.216707 -0.848346 -1.241542
    114 -0.348999 0.000000 0.342999 0.000000 0.000000 0.000000
    115 2.394995 0.000000 0.034000 0.000000 0.000000 0.000000
    116 0.008000 0.000000 1.401997 0.000000 0.000000 0.000000
    117 1.148998 0.000000 0.626999 0.000000 0.000000 0.000000
    118 1.107998 0.000000 0.153000 0.000000 0.000000 0.000000
    119 -2.457995 0.000000 0.449999 0.000000 0.000000 0.000000
    120 0.283000 0.000000 0.659998 0.000000 0.000000 0.000000
    121 4.293992 0.000000 0.136000 0.000000 0.000000 0.000000
    122 1.511997 -0.417999 1.094998 0.000000 0.000000 -1.570755
    123 4.229991 0.000000 0.042000 0.000000 0.000000 0.000000
    124 0.240000 0.000000 -0.662999 0.000000 0.000000 0.000000
    125 1.060998 0.000000 -3.633993 0.000000 0.000000 0.000000
    126 0.193999 0.000000 -2.057996 0.000000 0.000000 0.000000
    127 -0.774998 0.000000 -2.394995 0.000000 0.000000 0.000000
    128 0.000000 0.000000 0.000000 0.000000 0.000000 0.000000
    129 -0.106000 0.000000 64.320000 0.000000 0.000000 0.000000
    130 0.000000 0.000000 0.000000 0.000000 0.000000 0.000000
    131 0.000000 0.000000 0.000000 -0.043804 0.011301 0.003703
    132 20.511168 -0.459815 5.722244 0.015635 -0.037611 0.060224
    133 0.106000 0.000000 -64.320000 0.000000 0.000000 0.000000
    134 0.000000 0.000000 0.000000 0.000000 0.000000 0.000000
    135 0.000000 0.000000 -4.867002 -3.141592 0.000000 -3.128591
    136 0.000000 0.000000 4.867000 -3.141592 0.000000 -3.128591
    137 4.000000 -6.500000 0.000000 0.000000 0.000000 0.000977
    138 -6.500000 0.000000 0.000000 0.000000 1.570796 0.000000
    139 1.000088 -0.000029 0.000000 0.000000 0.000000 0.000000
    140 17.162516 -0.000404 0.000000 0.000000 0.000000 0.119214
    141 9.999891 -0.000303 0.000000 0.000000 0.000000 0.000000
    142 1.000088 -0.000029 0.000000 0.000000 0.000000 0.000000
    143 17.162516 -0.000404 0.000000 0.000000 0.000000 0.119214
    144 9.499836 0.000212 0.000000 0.000000 0.000000 0.000000
    145 0.000000 0.000000 0.000000 0.000000 0.000000 0.000000
    146 17.749374 0.295515 0.000000 0.000000 0.000000 -1.158958
    147 0.017889 0.299792 0.000000 0.000000 0.000000 -0.059582
    148 12.283573 1.581456 -4.696000 1.462269 -0.086726 0.090185
    149 17.749376 0.295515 0.000000 0.000000 0.000000 -1.158958
    150 0.017889 0.299792 0.000000 0.000000 0.000000 -0.059582
    151 13.354000 0.000000 0.000000 0.000000 0.000000 -0.294101
    152 4.530998 0.000000 0.000000 0.000000 0.000000 0.000000
    153 0.000000 0.000000 0.000000 0.000000 0.000000 0.000000
    154 5.413524 0.000347 0.000000 0.000000 0.000000 -0.518055
    155 5.413524 0.000347 0.000000 0.000000 0.000000 -0.518055
    156 4.662002 -5.366333 4.825191 1.569713 1.561305 -3.121213
    157 3.116966 -0.000443 0.000000 0.000000 0.000000 0.294101
    158 0.000000 0.000000 0.000000 0.000000 0.000000 0.000000
    159 -0.697793 -0.031251 -1.288684 0.000000 -0.139481 -0.063864
    160 -12.991229 0.898886 -55.852492 -0.017878 0.036625 -0.060946
    161 3.512001 -3.547000 -1.066000 0.000000 1.570796 0.000000
    162 3.456001 -3.517000 1.169000 0.000000 1.570796 0.000000
    163 6.233002 0.000000 0.000000 0.000000 0.000000 0.000000
    164 -0.171997 -0.106000 -0.902000 1.570713 1.029176 -3.134550
    165 6.171682 -6.442502 -0.292978 0.003703 0.043840 -0.011146
    166 0.181000 -0.064000 1.096000 0.000000 0.000000 0.000000
    167 3.999434 -0.000528 -0.000332 -0.009217 -0.000023 0.000016
    168 3.999901 0.000041 0.001011 0.058816 0.000000 0.000000
    169 1.598000 0.000000 0.000000 0.000000 0.000000 0.000000
    170 -1.145525 0.000130 0.000668 0.000000 0.000000 0.000000
    171 2.299679 -2.499979 -0.599480 0.892035 0.221506 -0.527246
    172 15.449393 -2.616720 -4.281709 1.823777 -0.114710 0.663371
    173 -9.580673 -27.862106 -37.184681 0.812879 -0.123459 -0.568477
    174 0.649933 -0.548295 0.093651 -1.665913 -0.131399 -0.112062
    175 0.657074 0.008402 0.040371 -1.665945 -0.131407 -0.000013
    176 0.665776 0.747221 -0.029190 -1.665935 -0.131408 0.094976
    177 2.300138 -2.499413 0.600155 -0.891957 -0.221542 -0.527275
    178 11.192136 0.467238 4.561009 2.348837 -0.350341 0.140533
    179 2.762354 0.116951 1.523975 1.629482 0.064153 1.743800
    180 7.228323 7.928198 -3.925648 2.328713 0.123459 -0.568477
    181 0.650394 -0.547730 -0.092979 1.665913 0.131399 -0.112062
    182 0.657069 0.008398 -0.040379 1.665945 0.131407 -0.000013
    183 0.665777 0.747220 0.029182 1.665935 0.131408 0.094976
    184 -4.481003 -0.202000 0.000000 0.000000 0.000000 0.000000
    185 -5.516998 -0.291000 -0.001000 0.000000 0.000000 0.000000
    186 -0.857700 0.104073 0.104687 0.023536 0.163924 0.013632
    187 1.899121 0.000427 -0.000439 0.027386 -0.033311 0.477848
    188 1.799659 -0.000240 0.000231 0.027386 -0.033311 0.477848
    189 1.799659 -0.000240 0.000231 0.027386 -0.033311 0.477848
    190 1.799659 -0.000240 0.000231 0.027386 -0.033311 0.477848
    191 1.900308 -0.000145 -0.000518 0.027386 -0.033311 0.477848
    192 1.899433 -0.000317 -0.000151 -0.027386 0.033311 0.477848
    193 1.799659 -0.000237 -0.000233 -0.027386 0.033311 0.477848
    194 1.799659 -0.000237 -0.000233 -0.027386 0.033311 0.477848
    195 1.799659 -0.000237 -0.000233 -0.027386 0.033311 0.477848
    196 1.900724 0.000553 -0.000072 -0.027386 0.033311 0.477848
    197 0.599884 0.400187 -0.000031 0.000000 0.000000 0.000000
    198 0.599888 0.400187 0.000031 0.000000 0.000000 -3.141592
    199 0.599503 0.400696 0.000234 0.000000 0.000000 0.000000
    200 0.600399 0.399632 -0.000466 0.000000 0.000000 -3.141592
  time 33
    0 0.000000 0.000000 0.000000 0.000000 0.000000 -1.570796
    1 -0.106323 0.000000 -0.000198 0.000000 0.000000 0.000000
    2 0.000000 0.000000 0.000000 0.000000 0.000000 0.000000
    3 -0.904000 0.000000 -11.806000 0.000000 0.000000 0.000000
    4 0.000000 0.000000 -14.313999 0.000000 -1.570796 1.570857
    5 3.533001 0.000000 0.000000 0.000000 0.000000 0.000000
    6 6.250000 0.000000 0.000000 0.000000 0.000000 0.000000
    7 4.381292 1.546947 -1.721357 -1.153277 1.547377 -1.153364
    8 9.562500 6.343750 1.773438 1.153277 -1.547377 -1.153364
    9 5.786820 0.002787 -0.000113 -0.741767 1.214975 -1.430919
    10 5.999492 -0.000592 -4.000343 0.000000 0.000000 0.000000
    11 5.787410 0.002582 0.000893 0.511844 -0.458276 -1.232915
    12 5.999492 -0.000592 4.000336 0.000000 0.000000 0.000000
    13 0.500225 0.000133 -0.000088 -0.211803 0.000000 0.000060
    14 11.534559 0.008161 -0.001312 -0.000017 0.000009 -1.676697
    15 -0.829338 0.893824 0.079659 -0.148839 0.047645 0.087266
    16 0.500225 0.000132 0.000076 0.149594 0.000000 0.000000
    17 11.532495 0.000526 -0.000089 0.000006 -0.000022 -1.599303
    18 -0.829586 0.894698 -0.079464 0.045377 -0.019621 0.087266
    19 10.599884 0.000105 -0.000553 -0.013471 0.000000 0.000000
    20 0.572804 -0.521282 -0.000805 0.000000 0.000011 0.838362
    21 11.045963 -0.000189 0.004704 -0.019069 -0.836939 -0.299591
    22 -1.214832 0.203470 -0.477489 -0.135025 -0.078677 -0.001289
    23 10.599880 0.000105 0.000549 0.081004 0.000000 0.000000
    24 0.502487 -0.490031 0.000801 0.000000 -0.000011 0.799665
    25 11.041742 0.003171 -0.000571 0.062503 0.570188 0.897885
    26 -1.063377 0.077663 0.150230 0.045121 0.020046 -0.012850
    27 0.610302 -0.939470 0.070343 -1.655295 -0.140091 -0.175580
    28 0.639940 -0.199121 0.060188 -1.665960 -0.131475 -0.066411
    29 0.600155 1.080261 -0.339535 -1.738023 0.020682 0.107421
    30 0.610207 0.400743 -0.010101 -1.762268 -0.061592 0.043004
    31 0.634715 -0.690090 -0.236250 0.230304 0.511569 -0.950554
    32 -0.792125 0.203736 0.461300 1.439074 -0.003453 -0.018305
    33 0.610300 -0.939469 -0.070351 1.655295 0.140091 -0.175580
    34 0.639937 -0.199121 -0.060200 1.665655 0.091267 -0.070294
    35 0.600157 1.080259 0.339531 1.764755 -0.263922 -0.039175
    36 0.610205 0.400743 0.010086 1.763290 -0.081600 -0.010424
    37 0.624002 -0.695300 0.232270 -0.356448 -0.241965 -0.933345
    38 -0.626031 -0.069983 -0.080517 -1.447153 0.086151 0.021559
    39 2.621377 -0.002532 -0.001438 -0.008576 -0.327029 0.502598
    40 2.660837 0.000397 -0.000071 -0.038154 -0.146624 0.710289
    41 2.206394 0.003368 -0.002863 -0.032397 0.046484 0.917978
    42 0.599952 0.959240 -0.300102 -0.174544 0.000000 0.000000
    43 2.557190 -0.001967 0.006359 0.073167 0.003115 0.897893
    44 2.095024 -0.003873 -0.002193 -0.558478 -0.056630 0.309266
    45 0.999380 -0.000236 -1.252340 -0.000001 0.000000 0.000000
    46 -0.122639 -0.721856 0.661690 -0.486644 0.223964 0.243056
    47 2.626019 -0.000648 0.002741 0.327567 0.366253 0.437812
    48 2.657909 0.004589 -0.000533 0.605242 -0.015757 1.366764
    49 2.200016 0.001663 0.000836 0.373045 -0.104734 0.772956
    50 0.599951 0.959244 0.300102 0.174544 0.000000 0.000000
    51 2.556570 -0.004291 0.000554 0.357168 -0.080575 1.172280
    52 2.103851 0.005614 -0.001014 0.568504 -0.341708 0.620443
    53 0.999374 -0.000237 1.166392 0.000000 0.000000 0.000001
    54 0.310846 -0.606445 -0.498005 0.308107 -0.197598 0.313976
    55 1.873069 -0.004741 -0.000994 -0.000007 0.000004 1.325470
    56 1.200941 0.399582 -0.000237 -0.009465 0.016087 0.007127
    57 0.000586 0.100342 -0.000319 -0.120035 -0.021926 -0.209617
    58 -0.161663 0.051712 0.194808 -2.941982 0.122408 -0.060194
    59 2.010092 -0.003202 -0.007284 0.000054 0.000048 1.471351
    60 0.000240 0.099802 -0.000395 -0.018823 0.010833 -0.239219
    61 -0.203197 0.048607 0.069150 -3.093332 0.033217 -0.046722
    62 1.180428 -0.006214 0.000780 -0.000014 0.000000 0.756294
    63 -0.000196 0.099625 -0.000034 0.000000 0.000000 -0.314102
    64 -0.088736 -0.688435 -0.145203 2.930407 -0.136130 0.513013
    65 1.712069 -0.003328 0.003818 -0.000013 -0.000068 1.064620
    66 -0.000580 0.100145 -0.000311 -0.010912 0.023129 -0.260841
    67 -0.146030 -0.232426 -0.014225 3.028455 -0.094299 0.113020
    68 1.290632 0.000362 -0.000032 0.000000 -0.000012 -0.127233
    69 -0.658121 -0.003575 0.072645 -0.142711 0.027792 -0.077299
    70 1.868080 -0.003049 0.006083 -0.000033 0.000063 0.574245
    71 1.200079 0.399944 -0.000093 0.009465 -0.016087 0.007127
    72 0.000591 0.100342 0.000319 0.120035 0.021926 -0.209617
    73 0.068077 0.002285 -0.080050 3.111376 -0.069366 -0.060847
    74 2.011874 -0.005083 0.006086 -0.256639 0.043096 1.354249
    75 0.000229 0.099802 0.000395 0.018823 -0.010833 -0.239219
    76 -0.018673 -0.001009 0.047544 3.109244 0.002635 -0.106673
    77 1.178665 0.001595 0.000845 -0.000042 -0.000001 0.694079
    78 -0.000198 0.099628 0.000034 0.000000 0.000000 -0.314102
    79 0.036892 -0.634449 0.266284 -2.801062 0.174301 0.490914
    80 1.708256 -0.002506 -0.000686 -0.000022 0.000023 0.926271
    81 -0.000576 0.100136 0.000311 0.010912 -0.023129 -0.260841
    82 -0.003952 -0.281811 0.115047 -3.059162 0.089004 0.167964
    83 1.289627 0.003949 0.000061 0.000034 -0.000009 0.803669
    84 -0.171528 -0.018148 -0.099873 0.013484 -0.062184 -0.011780
    85 0.912716 0.007240 0.001326 0.000019 -0.000003 0.138691
    86 -0.342617 0.053404 -0.025571 -2.909301 -0.017248 0.075276
    87 1.100231 -0.000930 -0.002434 0.000009 0.000014 -0.388640
    88 -0.384983 0.330998 0.006848 -3.087207 -0.018765 -0.184279
    89 0.678146 0.006192 0.000002 -0.000018 -0.000019 0.000029
    90 -0.123848 0.072737 0.029507 2.898184 -0.060627 0.094834
    91 1.017166 -0.000154 -0.000252 -0.000023 -0.000014 -0.289953
    92 -0.344986 0.123129 0.143151 2.994981 0.012396 0.059140
    93 -0.730988 0.177046 0.039141 -0.123731 0.076518 -0.084310
    94 0.925900 0.001298 -0.000896 0.000058 -0.000059 -0.170522
    95 -0.124027 -0.052092 0.038496 3.077813 -0.008519 0.039229
    96 1.100430 -0.003552 0.000503 -0.217287 -0.000042 0.841356
    97 -0.330082 0.160641 0.042780 3.128073 0.034033 -0.171236
    98 0.679760 0.005438 0.003272 0.000038 0.000075 0.727777
    99 -0.019516 -0.016531 0.038578 -2.763781 0.050305 0.076828
    100 1.018891 0.005113 0.001121 -0.084341 -0.010443 1.032536
    101 -0.155312 0.130643 -0.021921 -3.022466 0.022433 -0.024903
    102 -0.252209 0.061937 -0.024914 -0.007671 -0.063171 -0.044392
    103 -0.085991 0.185203 -0.015180 -2.937063 -0.113970 -0.138991
    104 -0.286537 0.179852 0.024264 -3.109353 -0.049645 -0.029915
    105 -0.019489 0.147084 0.079203 2.893815 0.038585 -0.060594
    106 -0.046482 0.251898 0.129548 3.016165 0.077112 -0.042864
    107 0.039120 -0.040298 0.047739 3.084219 0.030470 -0.037414
    108 -0.233757 0.066630 0.001754 -3.133086 0.040141 -0.065413
    109 0.044266 0.020128 0.001684 -2.778763 -0.118872 -0.040488
    110 0.071495 0.074127 -0.048302 -3.035917 -0.059482 0.104366
    111 0.000000 0.000000 0.000000 0.000000 0.000000 -1.570796
    112 9.781549 -1.000031 -4.328257 -0.013175 -0.039796 0.066195
    113 5.312662 11.598010 -8.472915 -0.259520 -0.842274 -1.204816
    114 -0.348999 0.000000 0.342999 0.000000 0.000000 0.000000
    115 2.394995 0.000000 0.034000 0.000000 0.000000 0.000000
    116 0.008000 0.000000 1.401997 0.000000 0.000000 0.000000
    117 1.148998 0.000000 0.626999 0.000000 0.000000 0.000000
    118 1.107998 0.000000 0.153000 0.000000 0.000000 0.000000
    119 -2.457995 0.000000 0.449999 0.000000 0.000000 0.000000
    120 0.283000 0.000000 0.659998 0.000000 0.000000 0.000000
    121 4.293992 0.000000 0.136000 0.000000 0.000000 0.000000
    122 1.511997 -0.417999 1.094998 0.000000 0.000000 -1.570755
    123 4.229991 0.000000 0.042000 0.000000 0.000000 0.000000
    124 0.240000 0.000000 -0.662999 0.000000 0.000000 0.000000
    125 1.060998 0.000000 -3.633993 0.000000 0.000000 0.000000
    126 0.193999 0.000000 -2.057996 0.000000 0.000000 0.000000
    127 -0.774998 0.000000 -2.394995 0.000000 0.000000 0.000000
    128 0.000000 0.000000 0.000000 0.000000 0.000000 0.000000
    129 -0.106000 0.000000 64.320000 0.000000 0.000000 0.000000
    130 0.000000 0.000000 0.000000 0.000000 0.000000 0.000000
    131 0.000000 0.000000 0.000000 -0.032754 0.009156 0.004974
    132 20.511168 -0.385594 5.858967 -0.013266 -0.039816 0.066194
    133 0.106000 0.000000 -64.320000 0.000000 0.000000 0.000000
    134 0.000000 0.000000 0.000000 0.000000 0.000000 0.000000
    135 0.000000 0.000000 -4.867002 -3.141592 0.000000 -3.128591
    136 0.000000 0.000000 4.867000 -3.141592 0.000000 -3.128591
    137 4.000000 -6.500000 0.000000 0.000000 0.000000 0.000977
    138 -6.500000 0.000000 0.000000 0.000000 1.570796 0.000000
    139 1.000088 -0.000029 0.000000 0.000000 0.000000 0.000000
    140 17.162516 -0.000404 0.000000 0.000000 0.000000 0.119214
    141 9.999891 -0.000303 0.000000 0.000000 0.000000 0.000000
    142 1.000088 -0.000029 0.000000 0.000000 0.000000 0.000000
    143 17.162516 -0.000404 0.000000 0.000000 0.000000 0.119214
    144 9.499836 0.000212 0.000000 0.000000 0.000000 0.000000
    145 0.000000 0.000000 0.000000 0.000000 0.000000 0.000000
    146 17.749374 0.295515 0.000000 0.000000 0.000000 -1.158958
    147 0.017889 0.299792 0.000000 0.000000 0.000000 -0.059582
    148 12.283573 1.581456 -4.696000 1.462269 -0.086726 0.090185
    149 17.749376 0.295515 0.000000 0.000000 0.000000 -1.158958
    150 0.017889 0.299792 0.000000 0.000000 0.000000 -0.059582
    151 13.354000 0.000000 0.000000 0.000000 0.000000 -0.294101
    152 4.530998 0.000000 0.000000 0.000000 0.000000 0.000000
    153 0.000000 0.000000 0.000000 0.000000 0.000000 0.000000
    154 5.413524 0.000347 0.000000 0.000000 0.000000 -0.518055
    155 5.413524 0.000347 0.000000 0.000000 0.000000 -0.518055
    156 4.662002 -5.366333 4.825191 1.569713 1.561305 -3.121213
    157 3.116966 -0.000443 0.000000 0.000000 0.000000 0.294101
    158 0.000000 0.000000 0.000000 0.000000 0.000000 0.000000
    159 -0.768108 -0.027345 -1.480096 -0.007736 -0.058688 -0.052085
    160 -13.104513 2.605969 -55.887649 0.010770 0.040516 -0.065569
    161 3.512001 -3.547000 -1.066000 0.000000 1.570796 0.000000
    162 3.456001 -3.517000 1.169000 0.000000 1.570796 0.000000
    163 6.233002 0.000000 0.000000 0.000000 0.000000 0.000000
    164 -0.171997 -0.106000 -0.902000 1.570713 1.029176 -3.134550
    165 6.183401 -6.430783 -0.230476 0.004974 0.032790 -0.009000
    166 0.181000 -0.064000 1.096000 0.000000 0.000000 0.000000
    167 3.999434 -0.000528 -0.000332 -0.006721 -0.000023 0.000016
    168 3.999901 0.000041 0.001011 0.040635 0.000000 0.000000
    169 1.598000 0.000000 0.000000 0.000000 0.000000 0.000000
    170 -1.145525 0.000130 0.000668 0.000000 0.000000 0.000000
    171 2.299679 -2.499979 -0.599480 0.891953 0.221482 -0.527246
    172 15.859562 -3.417526 -4.652814 1.834312 -0.083453 0.587204
    173 -9.580673 -27.862106 -37.184681 0.812879 -0.123459 -0.568477
    174 0.649933 -0.548295 0.093651 -1.665913 -0.131399 -0.112062
    175 0.657074 0.008402 0.040371 -1.665945 -0.131407 -0.000013
    176 0.665776 0.747221 -0.029190 -1.665935 -0.131408 0.094976
    177 2.300138 -2.499413 0.600155 -0.891930 -0.221458 -0.527291
    178 11.192136 0.463332 4.561009 2.348966 -0.350429 0.140392
    179 2.762354 0.116951 1.523975 1.629482 0.064153 1.743800
    180 7.228323 7.928198 -3.925648 2.328713 0.123459 -0.568477
    181 0.650394 -0.547730 -0.092979 1.665913 0.131399 -0.112062
    182 0.657069 0.008398 -0.040379 1.665945 0.131407 -0.000013
    183 0.665777 0.747220 0.029182 1.665935 0.131408 0.094976
    184 -4.481003 -0.202000 0.000000 0.000000 0.000000 0.000000
    185 -5.516998 -0.291000 -0.001000 0.000000 0.000000 0.000000
    186 -0.857700 0.104073 0.104687 0.023536 0.163924 0.013632
    187 1.899121 0.000427 -0.000439 0.027386 -0.033311 0.477848
    188 1.799659 -0.000240 0.000231 0.027386 -0.033311 0.477848
    189 1.799659 -0.000240 0.000231 0.027386 -0.033311 0.477848
    190 1.799659 -0.000240 0.000231 0.027386 -0.033311 0.477848
    191 1.900308 -0.000145 -0.000518 0.027386 -0.033311 0.477848
    192 1.899433 -0.000317 -0.000151 -0.027386 0.033311 0.477848
    193 1.799659 -0.000237 -0.000233 -0.027386 0.033311 0.477848
    194 1.799659 -0.000237 -0.000233 -0.027386 0.033311 0.477848
    195 1.799659 -0.000237 -0.000233 -0.027386 0.033311 0.477848
    196 1.900724 0.000553 -0.000072 -0.027386 0.033311 0.477848
    197 0.599884 0.400187 -0.000031 0.000000 0.000000 0.000000
    198 0.599888 0.400187 0.000031 0.000000 0.000000 -3.141592
    199 0.599503 0.400696 0.000234 0.000000 0.000000 0.000000
    200 0.600399 0.399632 -0.000466 0.000000 0.000000 -3.141592
  time 34
    0 0.000000 0.000000 0.000000 0.000000 0.000000 -1.570796
    1 -0.106323 0.000000 -0.000198 0.000000 0.000000 0.000000
    2 0.000000 0.000000 0.000000 0.000000 0.000000 0.000000
    3 -0.904000 0.000000 -11.806000 0.000000 0.000000 0.000000
    4 0.000000 0.000000 -14.313999 0.000000 -1.570796 1.570857
    5 3.533001 0.000000 0.000000 0.000000 0.000000 0.000000
    6 6.250000 0.000000 0.000000 0.000000 0.000000 0.000000
    7 4.381292 1.546947 -1.721357 -1.153277 1.547377 -1.153364
    8 9.562500 6.343750 1.773438 1.153277 -1.547377 -1.153364
    9 5.786820 0.002787 -0.000113 -0.862732 1.242236 -1.591697
    10 5.999492 -0.000592 -4.000343 0.000000 0.000000 0.000000
    11 5.787410 0.002582 0.000893 0.511331 -0.446076 -1.226623
    12 5.999492 -0.000592 4.000336 0.000000 0.000000 0.000000
    13 0.500225 0.000133 -0.000088 -0.234658 0.000000 0.000000
    14 11.534559 0.008161 -0.001312 -0.000065 0.000045 -1.679102
    15 -0.829338 0.893824 0.079659 -0.148839 0.047645 0.087266
    16 0.500225 0.000132 0.000076 0.147823 0.000000 0.000000
    17 11.536401 0.004432 -0.000089 0.000102 -0.000022 -1.601296
    18 -0.829586 0.894698 -0.079464 0.045377 -0.019621 0.087266
    19 10.599884 0.000105 -0.000553 0.004471 0.000000 0.000000
    20 0.580617 -0.517376 -0.000805 0.000000 0.000011 0.839545
    21 11.045963 0.003717 0.000798 0.006800 -0.900264 -0.299028
    22 -1.214832 0.203470 -0.477489 -0.135025 -0.078677 -0.001289
    23 10.599880 0.000105 0.000549 0.010881 0.000000 0.000000
    24 0.506394 -0.493937 0.000801 0.000000 -0.000011 0.800704
    25 11.041742 0.003171 -0.000571 0.008139 0.549295 0.875794
    26 -1.063377 0.077663 0.150230 0.045121 0.020046 -0.012850
    27 0.610302 -0.939470 0.070343 -1.655295 -0.140091 -0.175676
    28 0.639940 -0.199121 0.060188 -1.665960 -0.131391 -0.066495
    29 0.600155 1.080261 -0.339535 -1.738023 0.020778 0.107289
    30 0.610207 0.400743 -0.010101 -1.762268 -0.061568 0.042884
    31 0.634715 -0.690090 -0.232343 0.230232 0.511523 -0.950554
    32 -0.792125 0.203736 0.461300 1.439074 -0.003453 -0.018305
    33 0.610300 -0.939469 -0.070351 1.655295 0.139995 -0.175592
    34 0.639937 -0.199121 -0.060200 1.665553 0.091219 -0.070258
    35 0.600157 1.080259 0.339531 1.764649 -0.263922 -0.039163
    36 0.610205 0.400743 0.010086 1.763344 -0.081672 -0.010316
    37 0.624002 -0.695300 0.232270 -0.356448 -0.241977 -0.933382
    38 -0.626031 -0.069983 -0.080517 -1.447153 0.086151 0.021559
    39 2.621377 -0.006439 -0.001438 -0.008576 -0.327004 0.502679
    40 2.660837 0.000397 -0.000071 -0.038139 -0.146768 0.710289
    41 2.206394 0.003368 -0.006769 -0.032373 0.046420 0.917903
    42 0.599952 0.959240 -0.300102 -0.174544 0.000000 0.000000
    43 2.557190 -0.005873 0.006359 0.073155 0.003043 0.898010
    44 2.095024 -0.003873 -0.006100 -0.558406 -0.056544 0.309164
    45 0.999380 -0.000236 -1.256246 -0.000001 0.000000 0.000000
    46 -0.122639 -0.721856 0.661690 -0.486644 0.223964 0.243056
    47 2.626019 -0.000648 0.002741 0.327665 0.366193 0.437739
    48 2.654002 0.004589 -0.000533 0.605154 -0.015733 1.366674
    49 2.200016 0.001663 0.000836 0.373057 -0.104722 0.772910
    50 0.599951 0.959244 0.300102 0.174544 0.000000 0.000000
    51 2.556570 -0.004291 0.000554 0.357155 -0.080599 1.172280
    52 2.103851 0.001708 -0.001014 0.568603 -0.341646 0.620380
    53 0.999374 -0.000237 1.166392 0.000000 0.000000 0.000001
    54 0.310846 -0.606445 -0.498005 0.308107 -0.197598 0.313976
    55 1.873069 -0.004741 -0.000994 -0.000043 -0.000032 1.325470
    56 1.200941 0.399582 -0.000237 -0.009465 0.016087 0.007127
    57 0.000586 0.100342 -0.000319 -0.120035 -0.021926 -0.209617
    58 -0.161663 0.051712 0.194808 -2.941982 0.122408 -0.060194
    59 2.010092 -0.003202 -0.007284 -0.000018 -0.000023 1.471266
    60 0.000240 0.099802 -0.000395 -0.018823 0.010833 -0.239219
    61 -0.203197 0.048607 0.069150 -3.093332 0.033217 -0.046722
    62 1.180428 -0.006214 0.000780 -0.000038 0.000012 0.756294
    63 -0.000196 0.099625 -0.000034 0.000000 0.000000 -0.314102
    64 -0.088736 -0.688435 -0.145203 2.930407 -0.136130 0.513013
    65 1.715976 0.000578 -0.000088 0.000023 -0.000021 1.064620
    66 -0.000580 0.100145 -0.000311 -0.010912 0.023129 -0.260841
    67 -0.146030 -0.232426 -0.014225 3.028455 -0.094299 0.113020
    68 1.290632 0.000362 -0.000032 0.000060 0.000000 -0.127233
    69 -0.658121 -0.003575 0.072645 -0.142711 0.027792 -0.077299
    70 1.868080 -0.003049 0.006083 0.000003 -0.000021 0.574245
    71 1.200079 0.399944 -0.000093 0.009465 -0.016087 0.007127
    72 0.000591 0.100342 0.000319 0.120035 0.021926 -0.209617
    73 0.068077 0.002285 -0.080050 3.111376 -0.069366 -0.060847
    74 2.011874 -0.005083 0.002180 -0.256531 0.043012 1.354283
    75 0.000229 0.099802 0.000395 0.018823 -0.010833 -0.239219
    76 -0.018673 -0.001009 0.047544 3.109244 0.002635 -0.106673
    77 1.178665 0.001595 0.000845 0.000018 -0.000012 0.694079
    78 -0.000198 0.099628 0.000034 0.000000 0.000000 -0.314102
    79 0.036892 -0.634449 0.266284 -2.801062 0.174301 0.490914
    80 1.708256 -0.002506 -0.004592 0.000026 0.000071 0.926318
    81 -0.000576 0.100136 0.000311 0.010912 -0.023129 -0.260841
    82 -0.003952 -0.281811 0.115047 -3.059162 0.089004 0.167964
    83 1.289627 0.003949 0.000061 0.000010 0.000063 0.803669
    84 -0.171528 -0.018148 -0.099873 0.013484 -0.062184 -0.011780
    85 0.912716 0.007240 0.001326 0.000019 0.000021 0.138691
    86 -0.342617 0.053404 -0.025571 -2.909301 -0.017248 0.075276
    87 1.100231 -0.000930 -0.002434 -0.000003 0.000074 -0.388560
    88 -0.384983 0.330998 0.006848 -3.087207 -0.018765 -0.184279
    89 0.678146 0.006192 0.000002 -0.000018 -0.000019 0.000029
    90 -0.123848 0.072737 0.029507 2.898184 -0.060627 0.094834
    91 1.017166 -0.000154 -0.000252 -0.000011 -0.000074 -0.289953
    92 -0.344986 0.123129 0.143151 2.994981 0.012396 0.059140
    93 -0.730988 0.177046 0.039141 -0.123731 0.076518 -0.084310
    94 0.925900 0.001298 -0.000896 0.000022 -0.000035 -0.170522
    95 -0.124027 -0.052092 0.038496 3.077813 -0.008519 0.039229
    96 1.100430 -0.007458 0.000503 -0.217203 -0.000018 0.841328
    97 -0.330082 0.160641 0.042780 3.128073 0.034033 -0.171236
    98 0.679760 0.001531 0.003272 0.000014 0.000003 0.727777
    99 -0.019516 -0.016531 0.038578 -2.763781 0.050305 0.076828
    100 1.014985 0.005113 0.001121 -0.084305 -0.010395 1.032536
    101 -0.155312 0.130643 -0.021921 -3.022466 0.022433 -0.024903
    102 -0.252209 0.061937 -0.024914 -0.007671 -0.063171 -0.044392
    103 -0.085991 0.185203 -0.015180 -2.937063 -0.113970 -0.138991
    104 -0.286537 0.179852 0.024264 -3.109353 -0.049645 -0.029915
    105 -0.019489 0.147084 0.079203 2.893815 0.038585 -0.060594
    106 -0.046482 0.251898 0.129548 3.016165 0.077112 -0.042864
    107 0.039120 -0.040298 0.047739 3.084219 0.030470 -0.037414
    108 -0.233757 0.066630 0.001754 -3.133086 0.040141 -0.065413
    109 0.044266 0.020128 0.001684 -2.778763 -0.118872 -0.040488
    110 0.071495 0.074127 -0.048302 -3.035917 -0.059482 0.104366
    111 0.000000 0.000000 0.000000 0.000000 0.000000 -1.570796
    112 9.773736 -0.937529 -4.234504 -0.066925 -0.041734 0.073369
    113 5.031404 11.609729 -8.828394 -0.336311 -0.826982 -1.142953
    114 -0.348999 0.000000 0.342999 0.000000 0.000000 0.000000
    115 2.394995 0.000000 0.034000 0.000000 0.000000 0.000000
    116 0.008000 0.000000 1.401997 0.000000 0.000000 0.000000
    117 1.148998 0.000000 0.626999 0.000000 0.000000 0.000000
    118 1.107998 0.000000 0.153000 0.000000 0.000000 0.000000
    119 -2.457995 0.000000 0.449999 0.000000 0.000000 0.000000
    120 0.283000 0.000000 0.659998 0.000000 0.000000 0.000000
    121 4.293992 0.000000 0.136000 0.000000 0.000000 0.000000
    122 1.511997 -0.417999 1.094998 0.000000 0.000000 -1.570755
    123 4.229991 0.000000 0.042000 0.000000 0.000000 0.000000
    124 0.240000 0.000000 -0.662999 0.000000 0.000000 0.000000
    125 1.060998 0.000000 -3.633993 0.000000 0.000000 0.000000
    126 0.193999 0.000000 -2.057996 0.000000 0.000000 0.000000
    127 -0.774998 0.000000 -2.394995 0.000000 0.000000 0.000000
    128 0.000000 0.000000 0.000000 0.000000 0.000000 0.000000
    129 -0.106000 0.000000 64.320000 0.000000 0.000000 0.000000
    130 0.000000 0.000000 0.000000 0.000000 0.000000 0.000000
    131 0.000000 0.000000 0.000000 -0.021692 0.007023 0.006268
    132 20.511168 -0.366062 5.972252 -0.066992 -0.041716 0.073370
    133 0.106000 0.000000 -64.320000 0.000000 0.000000 0.000000
    134 0.000000 0.000000 0.000000 0.000000 0.000000 0.000000
    135 0.000000 0.000000 -4.867002 -3.141592 0.000000 -3.128591
    136 0.000000 0.000000 4.867000 -3.141592 0.000000 -3.128591
    137 4.000000 -6.500000 0.000000 0.000000 0.000000 0.000977
    138 -6.500000 0.000000 0.000000 0.000000 1.570796 0.000000
    139 1.000088 -0.000029 0.000000 0.000000 0.000000 0.000000
    140 17.162516 -0.000404 0.000000 0.000000 0.000000 0.119214
    141 9.999891 -0.000303 0.000000 0.000000 0.000000 0.000000
    142 1.000088 -0.000029 0.000000 0.000000 0.000000 0.000000
    143 17.162516 -0.000404 0.000000 0.000000 0.000000 0.119214
    144 9.499836 0.000212 0.000000 0.000000 0.000000 0.000000
    145 0.000000 0.000000 0.000000 0.000000 0.000000 0.000000
    146 17.749374 0.295515 0.000000 0.000000 0.000000 -1.158958
    147 0.017889 0.299792 0.000000 0.000000 0.000000 -0.059582
    148 12.283573 1.581456 -4.696000 1.462269 -0.086726 0.090185
    149 17.749376 0.295515 0.000000 0.000000 0.000000 -1.158958
    150 0.017889 0.299792 0.000000 0.000000 0.000000 -0.059582
    151 13.354000 0.000000 0.000000 0.000000 0.000000 -0.294101
    152 4.530998 0.000000 0.000000 0.000000 0.000000 0.000000
    153 0.000000 0.000000 0.000000 0.000000 0.000000 0.000000
    154 5.413524 0.000347 0.000000 0.000000 0.000000 -0.518055
    155 5.413524 0.000347 0.000000 0.000000 0.000000 -0.518055
    156 4.662002 -5.366333 4.825191 1.569713 1.561305 -3.121213
    157 3.116966 -0.000443 0.000000 0.000000 0.000000 0.294101
    158 0.000000 0.000000 0.000000 0.000000 0.000000 0.000000
    159 -0.861861 -0.031251 -1.515253 -0.011246 -0.008820 -0.038257
    160 -13.221704 5.813098 -55.731395 0.063960 0.046546 -0.070279
    161 3.512001 -3.547000 -1.066000 0.000000 1.570796 0.000000
    162 3.456001 -3.517000 1.169000 0.000000 1.570796 0.000000
    163 6.233002 0.000000 0.000000 0.000000 0.000000 0.000000
    164 -0.171997 -0.106000 -0.902000 1.570713 1.029176 -3.134550
    165 6.202933 -6.419064 -0.175787 0.006268 0.021728 -0.006867
    166 0.181000 -0.064000 1.096000 0.000000 0.000000 0.000000
    167 3.999434 -0.000528 -0.000332 0.002219 -0.000023 0.000052
    168 3.999901 0.000041 0.001011 0.005498 0.000060 0.000000
    169 1.598000 0.000000 0.000000 0.000000 0.000000 0.000000
    170 -1.145525 0.000130 0.000668 0.000000 0.000000 0.000000
    171 2.299679 -2.499979 -0.599480 0.891953 0.221482 -0.527246
    172 16.066599 -3.823788 -4.918447 1.838622 -0.056944 0.542551
    173 -9.580673 -27.862106 -37.184681 0.812879 -0.123459 -0.568477
    174 0.649933 -0.548295 0.093651 -1.665913 -0.131399 -0.112062
    175 0.657074 0.008402 0.040371 -1.665945 -0.131407 -0.000013
    176 0.665776 0.747221 -0.029190 -1.665935 -0.131408 0.094976
    177 2.300138 -2.499413 0.600155 -0.891930 -0.221518 -0.527275
    178 11.192136 0.467238 4.561009 2.348966 -0.350473 0.140480
    179 2.762354 0.116951 1.523975 1.629482 0.064153 1.743800
    180 7.228323 7.928198 -3.925648 2.328713 0.123459 -0.568477
    181 0.650394 -0.547730 -0.092979 1.665913 0.131399 -0.112062
    182 0.657069 0.008398 -0.040379 1.665945 0.131407 -0.000013
    183 0.665777 0.747220 0.029182 1.665935 0.131408 0.094976
    184 -4.481003 -0.202000 0.000000 0.000000 0.000000 0.000000
    185 -5.516998 -0.291000 -0.001000 0.000000 0.000000 0.000000
    186 -0.857700 0.104073 0.104687 0.023536 0.163924 0.013632
    187 1.899121 0.000427 -0.000439 0.027386 -0.033311 0.477848
    188 1.799659 -0.000240 0.000231 0.027386 -0.033311 0.477848
    189 1.799659 -0.000240 0.000231 0.027386 -0.033311 0.477848
    190 1.799659 -0.000240 0.000231 0.027386 -0.033311 0.477848
    191 1.900308 -0.000145 -0.000518 0.027386 -0.033311 0.477848
    192 1.899433 -0.000317 -0.000151 -0.027386 0.033311 0.477848
    193 1.799659 -0.000237 -0.000233 -0.027386 0.033311 0.477848
    194 1.799659 -0.000237 -0.000233 -0.027386 0.033311 0.477848
    195 1.799659 -0.000237 -0.000233 -0.027386 0.033311 0.477848
    196 1.900724 0.000553 -0.000072 -0.027386 0.033311 0.477848
    197 0.599884 0.400187 -0.000031 0.000000 0.000000 0.000000
    198 0.599888 0.400187 0.000031 0.000000 0.000000 -3.141592
    199 0.599503 0.400696 0.000234 0.000000 0.000000 0.000000
    200 0.600399 0.399632 -0.000466 0.000000 0.000000 -3.141592
  time 35
    0 0.000000 0.000000 0.000000 0.000000 0.000000 -1.570796
    1 -0.106323 0.000000 -0.000198 0.000000 0.000000 0.000000
    2 0.000000 0.000000 0.000000 0.000000 0.000000 0.000000
    3 -0.904000 0.000000 -11.806000 0.000000 0.000000 0.000000
    4 0.000000 0.000000 -14.313999 0.000000 -1.570796 1.570857
    5 3.533001 0.000000 0.000000 0.000000 0.000000 0.000000
    6 6.250000 0.000000 0.000000 0.000000 0.000000 0.000000
    7 4.381292 1.546947 -1.721357 -1.153277 1.547377 -1.153364
    8 9.562500 6.343750 1.773438 1.153277 -1.547377 -1.153364
    9 5.786820 0.002787 -0.000113 -0.851767 1.158829 -1.606011
    10 5.999492 -0.000592 -4.000343 0.000000 0.000000 0.000000
    11 5.787410 0.002582 0.000893 0.508883 -0.458442 -1.225894
    12 5.999492 -0.000592 4.000336 0.000000 0.000000 0.000000
    13 0.500225 0.000133 -0.000088 -0.208935 0.000000 0.000000
    14 11.534559 0.008161 -0.001312 -0.000029 0.000093 -1.776735
    15 -0.829338 0.893824 0.079659 -0.148839 0.047645 0.087266
    16 0.500225 0.000132 0.000076 0.149298 0.000000 0.000000
    17 11.532495 0.004432 -0.000089 0.000006 -0.000022 -1.602983
    18 -0.829586 0.894698 -0.079464 0.045377 -0.019621 0.087266
    19 10.599884 0.000105 -0.000553 -0.047530 0.000000 0.000000
    20 0.678276 -0.552533 -0.000805 0.000000 0.000011 0.888376
    21 11.045963 0.003717 0.000798 -0.084186 -0.973786 -0.054667
    22 -1.214832 0.203470 -0.477489 -0.135025 -0.078677 -0.001289
    23 10.599880 0.000105 0.000549 -0.035925 0.000000 0.000000
    24 0.510300 -0.493937 0.000801 0.000000 -0.000011 0.801424
    25 11.041742 0.003171 -0.000571 -0.026839 0.541386 0.867229
    26 -1.063377 0.077663 0.150230 0.045121 0.020046 -0.012850
    27 0.610302 -0.939470 0.070343 -1.655295 -0.140102 -0.175628
    28 0.639940 -0.199121 0.060188 -1.665909 -0.131367 -0.066459
    29 0.600155 1.080261 -0.339535 -1.738023 0.020730 0.107385
    30 0.610207 0.400743 -0.010101 -1.762268 -0.061628 0.042968
    31 0.634715 -0.690090 -0.232343 0.230364 0.511447 -0.950554
    32 -0.792125 0.203736 0.461300 1.439074 -0.003453 -0.018305
    33 0.610300 -0.939469 -0.070351 1.655295 0.140007 -0.175616
    34 0.639937 -0.199121 -0.060200 1.665502 0.091339 -0.070186
    35 0.600157 1.080259 0.339531 1.764755 -0.263850 -0.039163
    36 0.610205 0.400743 0.010086 1.763182 -0.081612 -0.010268
    37 0.624002 -0.695300 0.236176 -0.356448 -0.241977 -0.933456
    38 -0.626031 -0.069983 -0.080517 -1.447153 0.086151 0.021559
    39 2.621377 -0.002532 -0.001438 -0.008622 -0.326943 0.502679
    40 2.664743 0.000397 -0.000071 -0.038213 -0.146660 0.710250
    41 2.202488 0.003368 -0.006769 -0.032397 0.046500 0.917903
    42 0.599952 0.959240 -0.300102 -0.174544 0.000000 0.000000
    43 2.553283 -0.001967 0.006359 0.073143 0.003055 0.897971
    44 2.095024 -0.003873 -0.006100 -0.558463 -0.056544 0.309144
    45 0.999380 -0.000236 -1.256246 -0.000001 0.000000 0.000000
    46 -0.122639 -0.721856 0.661690 -0.486644 0.223964 0.243056
    47 2.622113 -0.000648 0.006647 0.327551 0.366229 0.437739
    48 2.654002 0.004589 -0.000533 0.605207 -0.015721 1.366786
    49 2.200016 0.001663 0.000836 0.373081 -0.104686 0.772987
    50 0.599951 0.959244 0.300102 0.174544 0.000000 0.000000
    51 2.556570 -0.000385 0.000554 0.357142 -0.080635 1.172280
    52 2.103851 0.005614 -0.001014 0.568532 -0.341671 0.620485
    53 0.999374 -0.000237 1.166392 0.000000 0.000000 0.000001
    54 0.310846 -0.606445 -0.498005 0.308107 -0.197598 0.313976
    55 1.873069 -0.000835 -0.000994 0.000041 -0.000020 1.325339
    56 1.200941 0.399582 -0.000237 -0.009465 0.016087 0.007127
    57 0.000586 0.100342 -0.000319 -0.120035 -0.021926 -0.209617
    58 -0.161663 0.051712 0.194808 -2.941982 0.122408 -0.060194
    59 2.010092 -0.007109 -0.007284 -0.000018 -0.000023 1.471266
    60 0.000240 0.099802 -0.000395 -0.018823 0.010833 -0.239219
    61 -0.203197 0.048607 0.069150 -3.093332 0.033217 -0.046722
    62 1.180428 -0.006214 0.000780 -0.000062 0.000024 0.756262
    63 -0.000196 0.099625 -0.000034 0.000000 0.000000 -0.314102
    64 -0.088736 -0.688435 -0.145203 2.930407 -0.136130 0.513013
    65 1.712069 -0.003328 0.003818 0.000070 -0.000045 1.064576
    66 -0.000580 0.100145 -0.000311 -0.010912 0.023129 -0.260841
    67 -0.146030 -0.232426 -0.014225 3.028455 -0.094299 0.113020
    68 1.290632 0.000362 -0.000032 0.000024 0.000000 -0.127233
    69 -0.658121 -0.003575 0.072645 -0.142711 0.027792 -0.077299
    70 1.868080 -0.003049 0.006083 0.000027 0.000039 0.574319
    71 1.200079 0.399944 -0.000093 0.009465 -0.016087 0.007127
    72 0.000591 0.100342 0.000319 0.120035 0.021926 -0.209617
    73 0.068077 0.002285 -0.080050 3.111376 -0.069366 -0.060847
    74 2.015780 -0.005083 0.006086 -0.256555 0.043096 1.354249
    75 0.000229 0.099802 0.000395 0.018823 -0.010833 -0.239219
    76 -0.018673 -0.001009 0.047544 3.109244 0.002635 -0.106673
    77 1.178665 0.001595 0.000845 0.000054 -0.000084 0.694158
    78 -0.000198 0.099628 0.000034 0.000000 0.000000 -0.314102
    79 0.036892 -0.634449 0.266284 -2.801062 0.174301 0.490914
    80 1.704350 -0.002506 -0.004592 -0.000094 -0.000013 0.926271
    81 -0.000576 0.100136 0.000311 0.010912 -0.023129 -0.260841
    82 -0.003952 -0.281811 0.115047 -3.059162 0.089004 0.167964
    83 1.289627 0.003949 0.000061 -0.000026 -0.000033 0.803643
    84 -0.171528 -0.018148 -0.099873 0.013484 -0.062184 -0.011780
    85 0.912716 0.007240 0.001326 -0.000041 0.000021 0.138691
    86 -0.342617 0.053404 -0.025571 -2.909301 -0.017248 0.075276
    87 1.100231 -0.000930 -0.002434 0.000009 0.000014 -0.388640
    88 -0.384983 0.330998 0.006848 -3.087207 -0.018765 -0.184279
    89 0.678146 0.006192 0.000002 -0.000018 -0.000019 0.000029
    90 -0.123848 0.072737 0.029507 2.898184 -0.060627 0.094834
    91 1.017166 -0.000154 -0.000252 -0.000023 -0.000014 -0.289953
    92 -0.344986 0.123129 0.143151 2.994981 0.012396 0.059140
    93 -0.730988 0.177046 0.039141 -0.123731 0.076518 -0.084310
    94 0.925900 0.001298 -0.000896 -0.000002 -0.000011 -0.170522
    95 -0.124027 -0.052092 0.038496 3.077813 -0.008519 0.039229
    96 1.100430 -0.003552 0.000503 -0.217275 0.000006 0.841299
    97 -0.330082 0.160641 0.042780 3.128073 0.034033 -0.171236
    98 0.679760 0.005438 0.003272 0.000038 0.000063 0.727777
    99 -0.019516 -0.016531 0.038578 -2.763781 0.050305 0.076828
    100 1.018891 0.001206 0.001121 -0.084282 -0.010479 1.032479
    101 -0.155312 0.130643 -0.021921 -3.022466 0.022433 -0.024903
    102 -0.252209 0.061937 -0.024914 -0.007671 -0.063171 -0.044392
    103 -0.085991 0.185203 -0.015180 -2.937063 -0.113970 -0.138991
    104 -0.286537 0.179852 0.024264 -3.109353 -0.049645 -0.029915
    105 -0.019489 0.147084 0.079203 2.893815 0.038585 -0.060594
    106 -0.046482 0.251898 0.129548 3.016165 0.077112 -0.042864
    107 0.039120 -0.040298 0.047739 3.084219 0.030470 -0.037414
    108 -0.233757 0.066630 0.001754 -3.133086 0.040141 -0.065413
    109 0.044266 0.020128 0.001684 -2.778763 -0.118872 -0.040488
    110 0.071495 0.074127 -0.048302 -3.035917 -0.059482 0.104366
    111 0.000000 0.000000 0.000000 0.000000 0.000000 -1.570796
    112 9.793268 -0.855495 -4.472793 -0.095810 -0.025314 0.074092
    113 4.980621 11.656606 -8.945585 -0.367042 -0.801345 -1.120713
    114 -0.348999 0.000000 0.342999 0.000000 0.000000 0.000000
    115 2.394995 0.000000 0.034000 0.000000 0.000000 0.000000
    116 0.008000 0.000000 1.401997 0.000000 0.000000 0.000000
    117 1.148998 0.000000 0.626999 0.000000 0.000000 0.000000
    118 1.107998 0.000000 0.153000 0.000000 0.000000 0.000000
    119 -2.457995 0.000000 0.449999 0.000000 0.000000 0.000000
    120 0.283000 0.000000 0.659998 0.000000 0.000000 0.000000
    121 4.293992 0.000000 0.136000 0.000000 0.000000 0.000000
    122 1.511997 -0.417999 1.094998 0.000000 0.000000 -1.570755
    123 4.229991 0.000000 0.042000 0.000000 0.000000 0.000000
    124 0.240000 0.000000 -0.662999 0.000000 0.000000 0.000000
    125 1.060998 0.000000 -3.633993 0.000000 0.000000 0.000000
    126 0.193999 0.000000 -2.057996 0.000000 0.000000 0.000000
    127 -0.774998 0.000000 -2.394995 0.000000 0.000000 0.000000
    128 0.000000 0.000000 0.000000 0.000000 0.000000 0.000000
    129 -0.106000 0.000000 64.320000 0.000000 0.000000 0.000000
    130 0.000000 0.000000 0.000000 0.000000 0.000000 0.000000
    131 0.000000 0.000000 0.000000 -0.037991 0.010918 0.003140
    132 20.507262 -0.334811 5.581615 -0.095841 -0.025295 0.074154
    133 0.106000 0.000000 -64.320000 0.000000 0.000000 0.000000
    134 0.000000 0.000000 0.000000 0.000000 0.000000 0.000000
    135 0.000000 0.000000 -4.867002 -3.141592 0.000000 -3.128591
    136 0.000000 0.000000 4.867000 -3.141592 0.000000 -3.128591
    137 4.000000 -6.500000 0.000000 0.000000 0.000000 0.000977
    138 -6.500000 0.000000 0.000000 0.000000 1.570796 0.000000
    139 1.000088 -0.000029 0.000000 0.000000 0.000000 0.000000
    140 17.162516 -0.000404 0.000000 0.000000 0.000000 0.119214
    141 9.999891 -0.000303 0.000000 0.000000 0.000000 0.000000
    142 1.000088 -0.000029 0.000000 0.000000 0.000000 0.000000
    143 17.162516 -0.000404 0.000000 0.000000 0.000000 0.119214
    144 9.499836 0.000212 0.000000 0.000000 0.000000 0.000000
    145 0.000000 0.000000 0.000000 0.000000 0.000000 0.000000
    146 17.749374 0.295515 0.000000 0.000000 0.000000 -1.158958
    147 0.017889 0.299792 0.000000 0.000000 0.000000 -0.059582
    148 12.283573 1.581456 -4.696000 1.462269 -0.086726 0.090185
    149 17.749376 0.295515 0.000000 0.000000 0.000000 -1.158958
    150 0.017889 0.299792 0.000000 0.000000 0.000000 -0.059582
    151 13.354000 0.000000 0.000000 0.000000 0.000000 -0.294101
    152 4.530998 0.000000 0.000000 0.000000 0.000000 0.000000
    153 0.000000 0.000000 0.000000 0.000000 0.000000 0.000000
    154 5.413524 0.000347 0.000000 0.000000 0.000000 -0.518055
    155 5.413524 0.000347 0.000000 0.000000 0.000000 -0.518055
    156 4.662002 -5.366333 4.825191 1.569713 1.561305 -3.121213
    157 3.116966 -0.000443 0.000000 0.000000 0.000000 0.294101
    158 0.000000 0.000000 0.000000 0.000000 0.000000 0.000000
    159 -0.670449 -0.070315 0.566841 -0.001994 -0.003089 -0.017208
    160 -12.252925 7.453773 -55.497012 0.093863 0.032391 -0.071326
    161 3.512001 -3.547000 -1.066000 0.000000 1.570796 0.000000
    162 3.456001 -3.517000 1.169000 0.000000 1.570796 0.000000
    163 6.233002 0.000000 0.000000 0.000000 0.000000 0.000000
    164 -0.171997 -0.106000 -0.902000 1.570713 1.029176 -3.134550
    165 6.171682 -6.442502 -0.253914 0.003152 0.038027 -0.010786
    166 0.181000 -0.064000 1.096000 0.000000 0.000000 0.000000
    167 3.999434 -0.000528 -0.000332 -0.023830 -0.000023 0.000004
    168 3.999901 0.000041 0.001011 -0.017942 0.000000 0.000000
    169 1.598000 0.000000 0.000000 0.000000 0.000000 0.000000
    170 -1.145525 0.000130 0.000668 0.000000 0.000000 0.000000
    171 2.299679 -2.499979 -0.599480 0.892008 0.221398 -0.527262
    172 14.843906 -2.229989 -4.535623 1.829140 -0.035262 0.542818
    173 -9.580673 -27.862106 -37.184681 0.812879 -0.123459 -0.568477
    174 0.649933 -0.548295 0.093651 -1.665913 -0.131399 -0.112062
    175 0.657074 0.008402 0.040371 -1.665945 -0.131407 -0.000013
    176 0.665776 0.747221 -0.029190 -1.665935 -0.131408 0.094976
    177 2.300138 -2.499413 0.600155 -0.892012 -0.221518 -0.527227
    178 11.192136 0.467238 4.564915 2.349095 -0.350547 0.140515
    179 2.762354 0.116951 1.523975 1.629482 0.064153 1.743800
    180 7.228323 7.928198 -3.925648 2.328713 0.123459 -0.568477
    181 0.650394 -0.547730 -0.092979 1.665913 0.131399 -0.112062
    182 0.657069 0.008398 -0.040379 1.665945 0.131407 -0.000013
    183 0.665777 0.747220 0.029182 1.665935 0.131408 0.094976
    184 -4.481003 -0.202000 0.000000 0.000000 0.000000 0.000000
    185 -5.516998 -0.291000 -0.001000 0.000000 0.000000 0.000000
    186 -0.857700 0.104073 0.104687 0.023536 0.163924 0.013632
    187 1.899121 0.000427 -0.000439 0.027386 -0.033311 0.477848
    188 1.799659 -0.000240 0.000231 0.027386 -0.033311 0.477848
    189 1.799659 -0.000240 0.000231 0.027386 -0.033311 0.477848
    190 1.799659 -0.000240 0.000231 0.027386 -0.033311 0.477848
    191 1.900308 -0.000145 -0.000518 0.027386 -0.033311 0.477848
    192 1.899433 -0.000317 -0.000151 -0.027386 0.033311 0.477848
    193 1.799659 -0.000237 -0.000233 -0.027386 0.033311 0.477848
    194 1.799659 -0.000237 -0.000233 -0.027386 0.033311 0.477848
    195 1.799659 -0.000237 -0.000233 -0.027386 0.033311 0.477848
    196 1.900724 0.000553 -0.000072 -0.027386 0.033311 0.477848
    197 0.599884 0.400187 -0.000031 0.000000 0.000000 0.000000
    198 0.599888 0.400187 0.000031 0.000000 0.000000 -3.141592
    199 0.599503 0.400696 0.000234 0.000000 0.000000 0.000000
    200 0.600399 0.399632 -0.000466 0.000000 0.000000 -3.141592
  time 36
    0 0.000000 0.000000 0.000000 0.000000 0.000000 -1.570796
    1 -0.106323 0.000000 -0.000198 0.000000 0.000000 0.000000
    2 0.000000 0.000000 0.000000 0.000000 0.000000 0.000000
    3 -0.904000 0.000000 -11.806000 0.000000 0.000000 0.000000
    4 0.000000 0.000000 -14.313999 0.000000 -1.570796 1.570857
    5 3.533001 0.000000 0.000000 0.000000 0.000000 0.000000
    6 6.250000 0.000000 0.000000 0.000000 0.000000 0.000000
    7 4.381292 1.546947 -1.721357 -1.153277 1.547377 -1.153364
    8 9.562500 6.343750 1.773438 1.153277 -1.547377 -1.153364
    9 5.786820 0.002787 -0.000113 -0.750681 1.020683 -1.458600
    10 5.999492 -0.000592 -4.000343 0.000000 0.000000 0.000000
    11 5.787410 0.002582 0.000893 0.506777 -0.512701 -1.244494
    12 5.999492 -0.000592 4.000336 0.000000 0.000000 0.000000
    13 0.500225 0.000133 -0.000088 -0.146729 0.000000 0.000000
    14 11.534559 0.004255 -0.001312 0.000019 0.000057 -1.818193
    15 -0.829338 0.893824 0.079659 -0.148839 0.047645 0.087266
    16 0.500225 0.000132 0.000076 0.157684 0.000000 -0.000048
    17 11.532495 0.004432 -0.000089 -0.000078 0.000062 -1.582281
    18 -0.829586 0.894698 -0.079464 0.045377 -0.019621 0.087266
    19 10.599884 0.000105 -0.000553 -0.132472 0.000000 0.000000
    20 0.721246 -0.560346 -0.000805 -0.000024 -0.000049 0.909092
    21 11.045963 0.007623 0.004704 -0.226983 -0.943971 0.155067
    22 -1.214832 0.203470 -0.477489 -0.135025 -0.078677 -0.001289
    23 10.599880 0.000105 0.000549 -0.030053 0.000000 0.000000
    24 0.490768 -0.482218 0.000801 0.000024 -0.000059 0.791194
    25 11.041742 0.003171 -0.000571 -0.025976 0.643763 0.798476
    26 -1.063377 0.077663 0.150230 0.045121 0.020046 -0.012850
    27 0.610302 -0.939470 0.070343 -1.655295 -0.140079 -0.175580
    28 0.639940 -0.199121 0.060188 -1.665960 -0.131344 -0.066435
    29 0.600155 1.080261 -0.339535 -1.738023 0.020682 0.107421
    30 0.610207 0.400743 -0.010101 -1.762268 -0.061663 0.043004
    31 0.630809 -0.690090 -0.232343 0.230220 0.511523 -0.950636
    32 -0.792125 0.203736 0.461300 1.439074 -0.003453 -0.018305
    33 0.610300 -0.939469 -0.070351 1.655295 0.140031 -0.175640
    34 0.639937 -0.199121 -0.060200 1.665502 0.091303 -0.070258
    35 0.600157 1.080259 0.339531 1.764596 -0.263922 -0.039151
    36 0.610205 0.400743 0.010086 1.763129 -0.081612 -0.010352
    37 0.624002 -0.695300 0.232270 -0.356448 -0.241989 -0.933493
    38 -0.626031 -0.069983 -0.080517 -1.447153 0.086151 0.021559
    39 2.621377 -0.002532 -0.001438 -0.008576 -0.327004 0.502679
    40 2.664743 0.000397 -0.000071 -0.038198 -0.146660 0.710211
    41 2.206394 0.003368 -0.006769 -0.032349 0.046468 0.918015
    42 0.599952 0.959240 -0.300102 -0.174544 0.000000 0.000000
    43 2.557190 -0.005873 0.006359 0.073143 0.003055 0.897893
    44 2.095024 -0.003873 -0.002193 -0.558406 -0.056587 0.309225
    45 0.999380 -0.000236 -1.252340 -0.000001 0.000000 0.000000
    46 -0.122639 -0.721856 0.661690 -0.486644 0.223964 0.243056
    47 2.622113 -0.000648 0.002741 0.327649 0.366265 0.437836
    48 2.654002 0.004589 -0.000533 0.605242 -0.015769 1.366809
    49 2.200016 0.001663 0.004743 0.373045 -0.104734 0.772956
    50 0.599951 0.959244 0.300102 0.174544 0.000000 0.000000
    51 2.556570 -0.004291 0.000554 0.357208 -0.080539 1.172373
    52 2.103851 0.005614 -0.001014 0.568532 -0.341671 0.620464
    53 0.999374 -0.000237 1.166392 0.000000 0.000000 0.000001
    54 0.310846 -0.606445 -0.498005 0.308107 -0.197598 0.313976
    55 1.873069 -0.004741 -0.000994 -0.000007 0.000004 1.325339
    56 1.200941 0.399582 -0.000237 -0.009465 0.016087 0.007127
    57 0.000586 0.100342 -0.000319 -0.120035 -0.021926 -0.209617
    58 -0.161663 0.051712 0.194808 -2.941982 0.122408 -0.060194
    59 2.010092 -0.007109 -0.007284 0.000018 0.000013 1.471351
    60 0.000240 0.099802 -0.000395 -0.018823 0.010833 -0.239219
    61 -0.203197 0.048607 0.069150 -3.093332 0.033217 -0.046722
    62 1.180428 -0.006214 0.000780 -0.000014 0.000000 0.756165
    63 -0.000196 0.099625 -0.000034 0.000000 0.000000 -0.314102
    64 -0.088736 -0.688435 -0.145203 2.930407 -0.136130 0.513013
    65 1.712069 -0.003328 0.003818 0.000023 -0.000021 1.064576
    66 -0.000580 0.100145 -0.000311 -0.010912 0.023129 -0.260841
    67 -0.146030 -0.232426 -0.014225 3.028455 -0.094299 0.113020
    68 1.290632 0.000362 -0.000032 0.000000 0.000000 -0.127233
    69 -0.658121 -0.003575 0.072645 -0.142711 0.027792 -0.077299
    70 1.868080 -0.003049 0.006083 0.000003 -0.000021 0.574245
    71 1.200079 0.399944 -0.000093 0.009465 -0.016087 0.007127
    72 0.000591 0.100342 0.000319 0.120035 0.021926 -0.209617
    73 0.068077 0.002285 -0.080050 3.111376 -0.069366 -0.060847
    74 2.011874 -0.005083 0.006086 -0.256591 0.043060 1.354249
    75 0.000229 0.099802 0.000395 0.018823 -0.010833 -0.239219
    76 -0.018673 -0.001009 0.047544 3.109244 0.002635 -0.106673
    77 1.178665 0.001595 0.000845 -0.000042 -0.000001 0.694158
    78 -0.000198 0.099628 0.000034 0.000000 0.000000 -0.314102
    79 0.036892 -0.634449 0.266284 -2.801062 0.174301 0.490914
    80 1.704350 -0.002506 -0.000686 -0.000106 -0.000013 0.926201
    81 -0.000576 0.100136 0.000311 0.010912 -0.023129 -0.260841
    82 -0.003952 -0.281811 0.115047 -3.059162 0.089004 0.167964
    83 1.289627 0.003949 0.000061 0.000034 -0.000009 0.803643
    84 -0.171528 -0.018148 -0.099873 0.013484 -0.062184 -0.011780
    85 0.912716 0.007240 0.001326 0.000066 0.000009 0.138648
    86 -0.342617 0.053404 -0.025571 -2.909301 -0.017248 0.075276
    87 1.100231 -0.000930 -0.002434 -0.000051 0.000002 -0.388560
    88 -0.384983 0.330998 0.006848 -3.087207 -0.018765 -0.184279
    89 0.678146 0.002286 0.000002 -0.000018 -0.000019 0.000029
    90 -0.123848 0.072737 0.029507 2.898184 -0.060627 0.094834
    91 1.017166 -0.000154 -0.000252 -0.000023 0.000046 -0.289953
    92 -0.344986 0.123129 0.143151 2.994981 0.012396 0.059140
    93 -0.730988 0.177046 0.039141 -0.123731 0.076518 -0.084310
    94 0.921993 0.001298 -0.000896 -0.000002 -0.000011 -0.170522
    95 -0.124027 -0.052092 0.038496 3.077813 -0.008519 0.039229
    96 1.100430 -0.003552 0.000503 -0.217263 0.000006 0.841299
    97 -0.330082 0.160641 0.042780 3.128073 0.034033 -0.171236
    98 0.679760 0.005438 0.003272 0.000050 -0.000069 0.727777
    99 -0.019516 -0.016531 0.038578 -2.763781 0.050305 0.076828
    100 1.018891 0.005113 0.001121 -0.084258 -0.010419 1.032536
    101 -0.155312 0.130643 -0.021921 -3.022466 0.022433 -0.024903
    102 -0.252209 0.061937 -0.024914 -0.007671 -0.063171 -0.044392
    103 -0.085991 0.185203 -0.015180 -2.937063 -0.113970 -0.138991
    104 -0.286537 0.179852 0.024264 -3.109353 -0.049645 -0.029915
    105 -0.019489 0.147084 0.079203 2.893815 0.038585 -0.060594
    106 -0.046482 0.251898 0.129548 3.016165 0.077112 -0.042864
    107 0.039120 -0.040298 0.047739 3.084219 0.030470 -0.037414
    108 -0.233757 0.066630 0.001754 -3.133086 0.040141 -0.065413
    109 0.044266 0.020128 0.001684 -2.778763 -0.118872 -0.040488
    110 0.071495 0.074127 -0.048302 -3.035917 -0.059482 0.104366
    111 0.000000 0.000000 0.000000 0.000000 0.000000 -1.570796
    112 9.734672 -0.761742 -5.089999 -0.049297 -0.080808 0.064507
    113 5.476730 11.414411 -10.367504 -0.331403 -0.869799 -1.154542
    114 -0.348999 0.000000 0.342999 0.000000 0.000000 0.000000
    115 2.394995 0.000000 0.034000 0.000000 0.000000 0.000000
    116 0.008000 0.000000 1.401997 0.000000 0.000000 0.000000
    117 1.148998 0.000000 0.626999 0.000000 0.000000 0.000000
    118 1.107998 0.000000 0.153000 0.000000 0.000000 0.000000
    119 -2.457995 0.000000 0.449999 0.000000 0.000000 0.000000
    120 0.283000 0.000000 0.659998 0.000000 0.000000 0.000000
    121 4.293992 0.000000 0.136000 0.000000 0.000000 0.000000
    122 1.511997 -0.417999 1.094998 0.000000 0.000000 -1.570755
    123 4.229991 0.000000 0.042000 0.000000 0.000000 0.000000
    124 0.240000 0.000000 -0.662999 0.000000 0.000000 0.000000
    125 1.060998 0.000000 -3.633993 0.000000 0.000000 0.000000
    126 0.193999 0.000000 -2.057996 0.000000 0.000000 0.000000
    127 -0.774998 0.000000 -2.394995 0.000000 0.000000 0.000000
    128 0.000000 0.000000 0.000000 0.000000 0.000000 0.000000
    129 -0.106000 0.000000 64.320000 0.000000 0.000000 0.000000
    130 0.000000 0.000000 0.000000 0.000000 0.000000 0.000000
    131 0.000000 0.000000 0.000000 -0.018181 0.022171 0.017378
    132 20.530700 -0.237152 5.499581 -0.049432 -0.080792 0.064445
    133 0.106000 0.000000 -64.320000 0.000000 0.000000 0.000000
    134 0.000000 0.000000 0.000000 0.000000 0.000000 0.000000
    135 0.000000 0.000000 -4.867002 -3.141592 0.000000 -3.128591
    136 0.000000 0.000000 4.867000 -3.141592 0.000000 -3.128591
    137 4.000000 -6.500000 0.000000 0.000000 0.000000 0.000977
    138 -6.500000 0.000000 0.000000 0.000000 1.570796 0.000000
    139 1.000088 -0.000029 0.000000 0.000000 0.000000 0.000000
    140 17.162516 -0.000404 0.000000 0.000000 0.000000 0.119214
    141 9.999891 -0.000303 0.000000 0.000000 0.000000 0.000000
    142 1.000088 -0.000029 0.000000 0.000000 0.000000 0.000000
    143 17.162516 -0.000404 0.000000 0.000000 0.000000 0.119214
    144 9.499836 0.000212 0.000000 0.000000 0.000000 0.000000
    145 0.000000 0.000000 0.000000 0.000000 0.000000 0.000000
    146 17.749374 0.295515 0.000000 0.000000 0.000000 -1.158958
    147 0.017889 0.299792 0.000000 0.000000 0.000000 -0.059582
    148 12.283573 1.581456 -4.696000 1.462269 -0.086726 0.090185
    149 17.749376 0.295515 0.000000 0.000000 0.000000 -1.158958
    150 0.017889 0.299792 0.000000 0.000000 0.000000 -0.059582
    151 13.354000 0.000000 0.000000 0.000000 0.000000 -0.294101
    152 4.530998 0.000000 0.000000 0.000000 0.000000 0.000000
    153 0.000000 0.000000 0.000000 0.000000 0.000000 0.000000
    154 5.413524 0.000347 0.000000 0.000000 0.000000 -0.518055
    155 5.413524 0.000347 0.000000 0.000000 0.000000 -0.518055
    156 4.662002 -5.366333 4.825191 1.569713 1.561305 -3.121213
    157 3.116966 -0.000443 0.000000 0.000000 0.000000 0.294101
    158 0.000000 0.000000 0.000000 0.000000 0.000000 0.000000
    159 -0.271999 0.000000 2.688000 0.000000 0.000000 0.000000
    160 -15.448335 4.434150 -54.465731 0.044108 0.083795 -0.060597
    161 3.512001 -3.547000 -1.066000 0.000000 1.570796 0.000000
    162 3.456001 -3.517000 1.169000 0.000000 1.570796 0.000000
    163 6.233002 0.000000 0.000000 0.000000 0.000000 0.000000
    164 -0.171997 -0.106000 -0.902000 1.570713 1.029176 -3.134550
    165 6.101367 -6.512817 -0.222663 0.017378 0.018540 -0.021872
    166 0.181000 -0.064000 1.096000 0.000000 0.000000 0.000000
    167 3.999434 -0.000528 -0.000332 -0.066307 -0.000023 0.000016
    168 3.999901 0.000041 0.001011 -0.014995 0.000000 0.000000
    169 1.598000 0.000000 0.000000 0.000000 0.000000 0.000000
    170 -1.145525 0.000130 0.000668 0.000000 0.000000 0.000000
    171 2.299679 -2.499979 -0.599480 0.891953 0.221482 -0.527246
    172 13.414175 -0.663535 -4.230927 1.827033 -0.017695 0.544149
    173 -9.580673 -27.862106 -37.184681 0.812879 -0.123459 -0.568477
    174 0.649933 -0.548295 0.093651 -1.665913 -0.131399 -0.112062
    175 0.657074 0.008402 0.040371 -1.665945 -0.131407 -0.000013
    176 0.665776 0.747221 -0.029190 -1.665935 -0.131408 0.094976
    177 2.300138 -2.499413 0.600155 -0.892039 -0.221506 -0.527259
    178 11.192136 0.463332 4.561009 2.348772 -0.350620 0.140480
    179 2.762354 0.116951 1.523975 1.629482 0.064153 1.743800
    180 7.228323 7.928198 -3.925648 2.328713 0.123459 -0.568477
    181 0.650394 -0.547730 -0.092979 1.665913 0.131399 -0.112062
    182 0.657069 0.008398 -0.040379 1.665945 0.131407 -0.000013
    183 0.665777 0.747220 0.029182 1.665935 0.131408 0.094976
    184 -4.481003 -0.202000 0.000000 0.000000 0.000000 0.000000
    185 -5.516998 -0.291000 -0.001000 0.000000 0.000000 0.000000
    186 -0.857700 0.104073 0.104687 0.023536 0.163924 0.013632
    187 1.899121 0.000427 -0.000439 0.027386 -0.033311 0.477848
    188 1.799659 -0.000240 0.000231 0.027386 -0.033311 0.477848
    189 1.799659 -0.000240 0.000231 0.027386 -0.033311 0.477848
    190 1.799659 -0.000240 0.000231 0.027386 -0.033311 0.477848
    191 1.900308 -0.000145 -0.000518 0.027386 -0.033311 0.477848
    192 1.899433 -0.000317 -0.000151 -0.027386 0.033311 0.477848
    193 1.799659 -0.000237 -0.000233 -0.027386 0.033311 0.477848
    194 1.799659 -0.000237 -0.000233 -0.027386 0.033311 0.477848
    195 1.799659 -0.000237 -0.000233 -0.027386 0.033311 0.477848
    196 1.900724 0.000553 -0.000072 -0.027386 0.033311 0.477848
    197 0.599884 0.400187 -0.000031 0.000000 0.000000 0.000000
    198 0.599888 0.400187 0.000031 0.000000 0.000000 -3.141592
    199 0.599503 0.400696 0.000234 0.000000 0.000000 0.000000
    200 0.600399 0.399632 -0.000466 0.000000 0.000000 -3.141592
  time 37
    0 0.000000 0.000000 0.000000 0.000000 0.000000 -1.570796
    1 -0.106323 0.000000 -0.000198 0.000000 0.000000 0.000000
    2 0.000000 0.000000 0.000000 0.000000 0.000000 0.000000
    3 -0.904000 0.000000 -11.806000 0.000000 0.000000 0.000000
    4 0.000000 0.000000 -14.313999 0.000000 -1.570796 1.570857
    5 3.533001 0.000000 0.000000 0.000000 0.000000 0.000000
    6 6.250000 0.000000 0.000000 0.000000 0.000000 0.000000
    7 4.381292 1.546947 -1.721357 -1.153277 1.547377 -1.153364
    8 9.562500 6.343750 1.773438 1.153277 -1.547377 -1.153364
    9 5.786820 0.002787 -0.000113 -0.931549 0.996400 -1.734084
    10 5.999492 -0.000592 -4.000343 0.000000 0.000000 0.000000
    11 5.787410 0.002582 0.000893 0.490608 -0.463280 -1.182948
    12 5.999492 -0.000592 4.000336 0.000000 0.000000 0.000000
    13 0.500225 0.000133 -0.000088 -0.141659 0.000000 0.000000
    14 11.534559 0.004255 -0.001312 -0.000065 0.000045 -1.730687
    15 -0.829338 0.893824 0.079659 -0.148839 0.047645 0.087266
    16 0.500225 0.000132 0.000076 0.148118 0.000000 0.000000
    17 11.532495 0.004432 -0.000089 0.000006 -0.000022 -1.617014
    18 -0.829586 0.894698 -0.079464 0.045377 -0.019621 0.087266
    19 10.599884 0.000105 -0.000553 -0.107060 0.000048 0.000048
    20 0.631400 -0.533001 -0.000805 0.000000 0.000011 0.865391
    21 11.045963 0.007623 0.004704 -0.228916 -1.081779 0.118399
    22 -1.214832 0.203470 -0.477489 -0.135025 -0.078677 -0.001289
    23 10.599880 0.000105 0.000549 -0.172889 0.000000 0.000000
    24 0.522019 -0.493937 0.000801 0.000000 -0.000011 0.808483
    25 11.041742 0.003171 -0.000571 -0.131323 0.524887 0.793632
    26 -1.063377 0.077663 0.150230 0.045121 0.020046 -0.012850
    27 0.610302 -0.939470 0.070343 -1.655295 -0.140031 -0.175544
    28 0.639940 -0.199121 0.060188 -1.665960 -0.131332 -0.066411
    29 0.600155 1.080261 -0.339535 -1.738129 0.020766 0.107421
    30 0.610207 0.400743 -0.010101 -1.762268 -0.061592 0.043088
    31 0.634715 -0.693997 -0.232343 0.230244 0.511523 -0.950554
    32 -0.792125 0.203736 0.461300 1.439074 -0.003453 -0.018305
    33 0.610300 -0.939469 -0.070351 1.655346 0.140091 -0.175580
    34 0.639937 -0.199121 -0.060200 1.665553 0.091351 -0.070294
    35 0.600157 1.080259 0.339531 1.764755 -0.263838 -0.039247
    36 0.610205 0.400743 0.010086 1.763182 -0.081600 -0.010424
    37 0.624002 -0.695300 0.236176 -0.356448 -0.241989 -0.933493
    38 -0.626031 -0.069983 -0.080517 -1.447153 0.086151 0.021559
    39 2.621377 -0.002532 -0.001438 -0.008576 -0.327004 0.502679
    40 2.660837 0.000397 -0.000071 -0.038154 -0.146684 0.710211
    41 2.202488 0.003368 -0.006769 -0.032373 0.046420 0.917978
    42 0.599952 0.959240 -0.300102 -0.174544 0.000000 0.000000
    43 2.557190 -0.005873 0.006359 0.073167 0.003115 0.897971
    44 2.095024 -0.003873 -0.006100 -0.558406 -0.056587 0.309205
    45 0.999380 -0.000236 -1.256246 -0.000001 0.000000 0.000000
    46 -0.122639 -0.721856 0.661690 -0.486644 0.223964 0.243056
    47 2.622113 -0.004555 0.006647 0.327551 0.366229 0.437739
    48 2.657909 0.004589 -0.000533 0.605171 -0.015757 1.366764
    49 2.200016 0.001663 0.000836 0.372973 -0.104770 0.772956
    50 0.599951 0.959244 0.300102 0.174544 0.000000 0.000000
    51 2.556570 -0.000385 0.000554 0.357168 -0.080575 1.172280
    52 2.103851 0.005614 -0.001014 0.568504 -0.341559 0.620443
    53 0.999374 -0.000237 1.166392 0.000000 0.000000 0.000001
    54 0.310846 -0.606445 -0.498005 0.308107 -0.197598 0.313976
    55 1.873069 -0.004741 -0.000994 -0.000007 0.000004 1.325339
    56 1.200941 0.399582 -0.000237 -0.009465 0.016087 0.007127
    57 0.000586 0.100342 -0.000319 -0.120035 -0.021926 -0.209617
    58 -0.161663 0.051712 0.194808 -2.941982 0.122408 -0.060194
    59 2.010092 -0.007109 -0.003377 0.000018 0.000096 1.471351
    60 0.000240 0.099802 -0.000395 -0.018823 0.010833 -0.239219
    61 -0.203197 0.048607 0.069150 -3.093332 0.033217 -0.046722
    62 1.180428 -0.006214 0.000780 -0.000014 0.000000 0.756230
    63 -0.000196 0.099625 -0.000034 0.000000 0.000000 -0.314102
    64 -0.088736 -0.688435 -0.145203 2.930407 -0.136130 0.513013
    65 1.715976 -0.003328 0.003818 0.000059 -0.000009 1.064532
    66 -0.000580 0.100145 -0.000311 -0.010912 0.023129 -0.260841
    67 -0.146030 -0.232426 -0.014225 3.028455 -0.094299 0.113020
    68 1.290632 0.000362 -0.000032 0.000000 0.000000 -0.127233
    69 -0.658121 -0.003575 0.072645 -0.142711 0.027792 -0.077299
    70 1.868080 -0.003049 0.006083 0.000003 -0.000021 0.574319
    71 1.200079 0.399944 -0.000093 0.009465 -0.016087 0.007127
    72 0.000591 0.100342 0.000319 0.120035 0.021926 -0.209617
    73 0.068077 0.002285 -0.080050 3.111376 -0.069366 -0.060847
    74 2.015780 -0.005083 0.006086 -0.256555 0.043108 1.354350
    75 0.000229 0.099802 0.000395 0.018823 -0.010833 -0.239219
    76 -0.018673 -0.001009 0.047544 3.109244 0.002635 -0.106673
    77 1.178665 0.001595 0.000845 0.000078 -0.000024 0.694079
    78 -0.000198 0.099628 0.000034 0.000000 0.000000 -0.314102
    79 0.036892 -0.634449 0.266284 -2.801062 0.174301 0.490914
    80 1.704350 -0.002506 -0.000686 -0.000010 0.000023 0.926271
    81 -0.000576 0.100136 0.000311 0.010912 -0.023129 -0.260841
    82 -0.003952 -0.281811 0.115047 -3.059162 0.089004 0.167964
    83 1.289627 0.003949 0.000061 -0.000014 0.000003 0.803774
    84 -0.171528 -0.018148 -0.099873 0.013484 -0.062184 -0.011780
    85 0.916622 0.007240 0.001326 0.000066 0.000009 0.138691
    86 -0.342617 0.053404 -0.025571 -2.909301 -0.017248 0.075276
    87 1.100231 -0.000930 -0.002434 -0.000027 0.000014 -0.388600
    88 -0.384983 0.330998 0.006848 -3.087207 -0.018765 -0.184279
    89 0.678146 0.006192 0.000002 -0.000018 -0.000019 0.000029
    90 -0.123848 0.072737 0.029507 2.898184 -0.060627 0.094834
    91 1.017166 -0.000154 -0.000252 -0.000023 -0.000002 -0.289865
    92 -0.344986 0.123129 0.143151 2.994981 0.012396 0.059140
    93 -0.730988 0.177046 0.039141 -0.123731 0.076518 -0.084310
    94 0.925900 0.001298 -0.000896 0.000022 0.000025 -0.170522
    95 -0.124027 -0.052092 0.038496 3.077813 -0.008519 0.039229
    96 1.100430 -0.003552 0.000503 -0.217263 0.000006 0.841299
    97 -0.330082 0.160641 0.042780 3.128073 0.034033 -0.171236
    98 0.679760 0.005438 0.003272 -0.000058 -0.000033 0.727777
    99 -0.019516 -0.016531 0.038578 -2.763781 0.050305 0.076828
    100 1.014985 0.005113 0.001121 -0.084282 -0.010479 1.032565
    101 -0.155312 0.130643 -0.021921 -3.022466 0.022433 -0.024903
    102 -0.252209 0.061937 -0.024914 -0.007671 -0.063171 -0.044392
    103 -0.085991 0.185203 -0.015180 -2.937063 -0.113970 -0.138991
    104 -0.286537 0.179852 0.024264 -3.109353 -0.049645 -0.029915
    105 -0.019489 0.147084 0.079203 2.893815 0.038585 -0.060594
    106 -0.046482 0.251898 0.129548 3.016165 0.077112 -0.042864
    107 0.039120 -0.040298 0.047739 3.084219 0.030470 -0.037414
    108 -0.233757 0.066630 0.001754 -3.133086 0.040141 -0.065413
    109 0.044266 0.020128 0.001684 -2.778763 -0.118872 -0.040488
    110 0.071495 0.074127 -0.048302 -3.035917 -0.059482 0.104366
    111 0.000000 0.000000 0.000000 0.000000 0.000000 -1.570796
    112 9.762017 -1.097690 -4.718894 -0.193785 -0.043977 0.081447
    113 4.168096 11.578478 -10.281564 -0.504542 -0.777867 -1.019057
    114 -0.348999 0.000000 0.342999 0.000000 0.000000 0.000000
    115 2.394995 0.000000 0.034000 0.000000 0.000000 0.000000
    116 0.008000 0.000000 1.401997 0.000000 0.000000 0.000000
    117 1.148998 0.000000 0.626999 0.000000 0.000000 0.000000
    118 1.107998 0.000000 0.153000 0.000000 0.000000 0.000000
    119 -2.457995 0.000000 0.449999 0.000000 0.000000 0.000000
    120 0.283000 0.000000 0.659998 0.000000 0.000000 0.000000
    121 4.293992 0.000000 0.136000 0.000000 0.000000 0.000000
    122 1.511997 -0.417999 1.094998 0.000000 0.000000 -1.570755
    123 4.229991 0.000000 0.042000 0.000000 0.000000 0.000000
    124 0.240000 0.000000 -0.662999 0.000000 0.000000 0.000000
    125 1.060998 0.000000 -3.633993 0.000000 0.000000 0.000000
    126 0.193999 0.000000 -2.057996 0.000000 0.000000 0.000000
    127 -0.774998 0.000000 -2.394995 0.000000 0.000000 0.000000
    128 0.000000 0.000000 0.000000 0.000000 0.000000 0.000000
    129 -0.106000 0.000000 64.320000 0.000000 0.000000 0.000000
    130 0.000000 0.000000 0.000000 0.000000 0.000000 0.000000
    131 0.000000 0.000000 0.000000 0.017965 0.005872 0.010487
    132 20.518981 -0.694197 5.542551 -0.193886 -0.043959 0.081450
    133 0.106000 0.000000 -64.320000 0.000000 0.000000 0.000000
    134 0.000000 0.000000 0.000000 0.000000 0.000000 0.000000
    135 0.000000 0.000000 -4.867002 -3.141592 0.000000 -3.128591
    136 0.000000 0.000000 4.867000 -3.141592 0.000000 -3.128591
    137 4.000000 -6.500000 0.000000 0.000000 0.000000 0.000977
    138 -6.500000 0.000000 0.000000 0.000000 1.570796 0.000000
    139 1.000088 -0.000029 0.000000 0.000000 0.000000 0.000000
    140 17.162516 -0.000404 0.000000 0.000000 0.000000 0.119214
    141 9.999891 -0.000303 0.000000 0.000000 0.000000 0.000000
    142 1.000088 -0.000029 0.000000 0.000000 0.000000 0.000000
    143 17.162516 -0.000404 0.000000 0.000000 0.000000 0.119214
    144 9.499836 0.000212 0.000000 0.000000 0.000000 0.000000
    145 0.000000 0.000000 0.000000 0.000000 0.000000 0.000000
    146 17.749374 0.295515 0.000000 0.000000 0.000000 -1.158958
    147 0.017889 0.299792 0.000000 0.000000 0.000000 -0.059582
    148 12.283573 1.581456 -4.696000 1.462269 -0.086726 0.090185
    149 17.749376 0.295515 0.000000 0.000000 0.000000 -1.158958
    150 0.017889 0.299792 0.000000 0.000000 0.000000 -0.059582
    151 13.354000 0.000000 0.000000 0.000000 0.000000 -0.294101
    152 4.530998 0.000000 0.000000 0.000000 0.000000 0.000000
    153 0.000000 0.000000 0.000000 0.000000 0.000000 0.000000
    154 5.413524 0.000347 0.000000 0.000000 0.000000 -0.518055
    155 5.413524 0.000347 0.000000 0.000000 0.000000 -0.518055
    156 4.662002 -5.366333 4.825191 1.569713 1.561305 -3.121213
    157 3.116966 -0.000443 0.000000 0.000000 0.000000 0.294101
    158 0.000000 0.000000 0.000000 0.000000 0.000000 0.000000
    159 -0.271999 0.000000 2.688000 0.000000 0.000000 0.000000
    160 -13.276394 13.414893 -53.973528 0.190192 0.058564 -0.071588
    161 3.512001 -3.547000 -1.066000 0.000000 1.570796 0.000000
    162 3.456001 -3.517000 1.169000 0.000000 1.570796 0.000000
    163 6.233002 0.000000 0.000000 0.000000 0.000000 0.000000
    164 -0.171997 -0.106000 -0.902000 1.570713 1.029176 -3.134550
    165 6.206839 -6.411251 0.039064 0.010487 -0.017905 -0.006052
    166 0.181000 -0.064000 1.096000 0.000000 0.000000 0.000000
    167 3.999434 -0.000528 -0.000332 -0.053691 -0.000023 0.000016
    168 3.999901 0.000041 0.001011 -0.086449 0.000000 0.000000
    169 1.598000 0.000000 0.000000 0.000000 0.000000 0.000000
    170 -1.145525 0.000130 0.000668 0.000000 0.000000 0.000000
    171 2.299679 -2.499979 -0.599480 0.891953 0.221506 -0.527262
    172 13.418081 -0.663535 -4.230927 1.827225 -0.017616 0.544060
    173 -9.580673 -27.862106 -37.184681 0.812879 -0.123459 -0.568477
    174 0.649933 -0.548295 0.093651 -1.665913 -0.131399 -0.112062
    175 0.657074 0.008402 0.040371 -1.665945 -0.131407 -0.000013
    176 0.665776 0.747221 -0.029190 -1.665935 -0.131408 0.094976
    177 2.300138 -2.499413 0.600155 -0.892039 -0.221494 -0.527291
    178 11.192136 0.467238 4.561009 2.348966 -0.350297 0.140427
    179 2.762354 0.116951 1.523975 1.629482 0.064153 1.743800
    180 7.228323 7.928198 -3.925648 2.328713 0.123459 -0.568477
    181 0.650394 -0.547730 -0.092979 1.665913 0.131399 -0.112062
    182 0.657069 0.008398 -0.040379 1.665945 0.131407 -0.000013
    183 0.665777 0.747220 0.029182 1.665935 0.131408 0.094976
    184 -4.481003 -0.202000 0.000000 0.000000 0.000000 0.000000
    185 -5.516998 -0.291000 -0.001000 0.000000 0.000000 0.000000
    186 -0.857700 0.104073 0.104687 0.023536 0.163924 0.013632
    187 1.899121 0.000427 -0.000439 0.027386 -0.033311 0.477848
    188 1.799659 -0.000240 0.000231 0.027386 -0.033311 0.477848
    189 1.799659 -0.000240 0.000231 0.027386 -0.033311 0.477848
    190 1.799659 -0.000240 0.000231 0.027386 -0.033311 0.477848
    191 1.900308 -0.000145 -0.000518 0.027386 -0.033311 0.477848
    192 1.899433 -0.000317 -0.000151 -0.027386 0.033311 0.477848
    193 1.799659 -0.000237 -0.000233 -0.027386 0.033311 0.477848
    194 1.799659 -0.000237 -0.000233 -0.027386 0.033311 0.477848
    195 1.799659 -0.000237 -0.000233 -0.027386 0.033311 0.477848
    196 1.900724 0.000553 -0.000072 -0.027386 0.033311 0.477848
    197 0.599884 0.400187 -0.000031 0.000000 0.000000 0.000000
    198 0.599888 0.400187 0.000031 0.000000 0.000000 -3.141592
    199 0.599503 0.400696 0.000234 0.000000 0.000000 0.000000
    200 0.600399 0.399632 -0.000466 0.000000 0.000000 -3.141592
  time 38
    0 0.000000 0.000000 0.000000 0.000000 0.000000 -1.570796
    1 -0.106323 0.000000 -0.000198 0.000000 0.000000 0.000000
    2 0.000000 0.000000 0.000000 0.000000 0.000000 0.000000
    3 -0.904000 0.000000 -11.806000 0.000000 0.000000 0.000000
    4 0.000000 0.000000 -14.313999 0.000000 -1.570796 1.570857
    5 3.533001 0.000000 0.000000 0.000000 0.000000 0.000000
    6 6.250000 0.000000 0.000000 0.000000 0.000000 0.000000
    7 4.381292 1.546947 -1.721357 -1.153277 1.547377 -1.153364
    8 9.562500 6.343750 1.773438 1.153277 -1.547377 -1.153364
    9 5.786820 0.002787 -0.000113 -0.797302 1.026368 -1.546288
    10 5.999492 -0.000592 -4.000343 0.000000 0.000000 0.000000
    11 5.787410 0.002582 0.000893 0.496871 -0.469897 -1.201184
    12 5.999492 -0.000592 4.000336 0.000000 0.000000 0.000000
    13 0.500225 0.000133 -0.000088 -0.159195 0.000000 0.000060
    14 11.534559 0.000348 -0.001312 -0.000137 -0.000051 -1.867083
    15 -0.829338 0.893824 0.079659 -0.148839 0.047645 0.087266
    16 0.500225 0.000132 0.000076 0.149790 0.000000 0.000000
    17 11.532495 0.000526 -0.000089 -0.000042 -0.000058 -1.615097
    18 -0.829586 0.894698 -0.079464 0.045377 -0.019621 0.087266
    19 10.599884 0.000105 -0.000553 -0.138061 0.000000 0.000000
    20 0.775935 -0.575971 -0.000805 0.000060 -0.000025 0.933532
    21 11.042057 0.003717 0.000798 -0.250696 -0.985831 0.305540
    22 -1.214832 0.203470 -0.477489 -0.135025 -0.078677 -0.001289
    23 10.599880 0.000105 0.000549 0.038516 0.000060 0.000060
    24 0.518113 -0.493937 0.000801 0.000048 -0.000035 0.807604
    25 11.041742 0.007077 -0.000571 0.028698 0.530819 0.883295
    26 -1.063377 0.077663 0.150230 0.045121 0.020046 -0.012850
    27 0.610302 -0.939470 0.070343 -1.655346 -0.140055 -0.175712
    28 0.639940 -0.199121 0.060188 -1.666011 -0.131367 -0.066447
    29 0.600155 1.080261 -0.339535 -1.738076 0.020790 0.107373
    30 0.610207 0.400743 -0.010101 -1.762268 -0.061592 0.042920
    31 0.634715 -0.690090 -0.232343 0.230244 0.511493 -0.950636
    32 -0.792125 0.203736 0.461300 1.439074 -0.003453 -0.018305
    33 0.610300 -0.939469 -0.070351 1.655295 0.140031 -0.175628
    34 0.639937 -0.199121 -0.060200 1.665604 0.091267 -0.070294
    35 0.600157 1.080259 0.339531 1.764755 -0.263886 -0.039211
    36 0.610205 0.400743 0.010086 1.763182 -0.081672 -0.010316
    37 0.624002 -0.695300 0.236176 -0.356388 -0.241941 -0.933419
    38 -0.626031 -0.069983 -0.080517 -1.447153 0.086151 0.021559
    39 2.621377 -0.002532 -0.001438 -0.008576 -0.327004 0.502679
    40 2.660837 0.000397 -0.000071 -0.038169 -0.146684 0.710289
    41 2.206394 0.003368 -0.006769 -0.032397 0.046484 0.917978
    42 0.599952 0.959240 -0.300102 -0.174544 0.000000 0.000000
    43 2.553283 -0.001967 0.006359 0.073216 0.003031 0.898010
    44 2.095024 -0.003873 -0.002193 -0.558406 -0.056608 0.309164
    45 0.999380 -0.000236 -1.252340 -0.000001 0.000000 0.000000
    46 -0.122639 -0.721856 0.661690 -0.486644 0.223964 0.243056
    47 2.622113 -0.000648 0.002741 0.327551 0.366217 0.437812
    48 2.657909 0.004589 -0.000533 0.605349 -0.015733 1.366719
    49 2.200016 0.001663 0.000836 0.373129 -0.104710 0.772956
    50 0.599951 0.959244 0.300102 0.174544 0.000000 0.000000
    51 2.556570 -0.000385 0.000554 0.357089 -0.080611 1.172373
    52 2.103851 0.001708 -0.001014 0.568532 -0.341646 0.620401
    53 0.999374 -0.000237 1.166392 0.000000 0.000000 0.000001
    54 0.310846 -0.606445 -0.498005 0.308107 -0.197598 0.313976
    55 1.873069 -0.004741 -0.004901 0.000029 0.000051 1.325296
    56 1.200941 0.399582 -0.000237 -0.009465 0.016087 0.007127
    57 0.000586 0.100342 -0.000319 -0.120035 -0.021926 -0.209617
    58 -0.161663 0.051712 0.194808 -2.941982 0.122408 -0.060194
    59 2.010092 -0.003202 -0.003377 0.000065 0.000025 1.471266
    60 0.000240 0.099802 -0.000395 -0.018823 0.010833 -0.239219
    61 -0.203197 0.048607 0.069150 -3.093332 0.033217 -0.046722
    62 1.180428 -0.006214 0.000780 -0.000014 0.000000 0.756294
    63 -0.000196 0.099625 -0.000034 0.000000 0.000000 -0.314102
    64 -0.088736 -0.688435 -0.145203 2.930407 -0.136130 0.513013
    65 1.712069 0.000578 -0.000088 0.000094 0.000003 1.064488
    66 -0.000580 0.100145 -0.000311 -0.010912 0.023129 -0.260841
    67 -0.146030 -0.232426 -0.014225 3.028455 -0.094299 0.113020
    68 1.290632 0.000362 -0.000032 -0.000048 0.000000 -0.127203
    69 -0.658121 -0.003575 0.072645 -0.142711 0.027792 -0.077299
    70 1.868080 -0.003049 0.006083 -0.000009 -0.000081 0.574245
    71 1.200079 0.399944 -0.000093 0.009465 -0.016087 0.007127
    72 0.000591 0.100342 0.000319 0.120035 0.021926 -0.209617
    73 0.068077 0.002285 -0.080050 3.111376 -0.069366 -0.060847
    74 2.015780 -0.005083 0.006086 -0.256495 0.043060 1.354249
    75 0.000229 0.099802 0.000395 0.018823 -0.010833 -0.239219
    76 -0.018673 -0.001009 0.047544 3.109244 0.002635 -0.106673
    77 1.178665 0.001595 0.000845 0.000018 -0.000012 0.694158
    78 -0.000198 0.099628 0.000034 0.000000 0.000000 -0.314102
    79 0.036892 -0.634449 0.266284 -2.801062 0.174301 0.490914
    80 1.704350 -0.002506 -0.000686 -0.000022 0.000023 0.926224
    81 -0.000576 0.100136 0.000311 0.010912 -0.023129 -0.260841
    82 -0.003952 -0.281811 0.115047 -3.059162 0.089004 0.167964
    83 1.289627 0.003949 0.000061 -0.000014 0.000003 0.803695
    84 -0.171528 -0.018148 -0.099873 0.013484 -0.062184 -0.011780
    85 0.912716 0.007240 0.001326 0.000042 0.000021 0.138691
    86 -0.342617 0.053404 -0.025571 -2.909301 -0.017248 0.075276
    87 1.100231 -0.000930 -0.002434 0.000009 0.000014 -0.388640
    88 -0.384983 0.330998 0.006848 -3.087207 -0.018765 -0.184279
    89 0.678146 0.006192 -0.003905 -0.000018 -0.000019 0.000029
    90 -0.123848 0.072737 0.029507 2.898184 -0.060627 0.094834
    91 1.017166 -0.000154 -0.000252 0.000025 -0.000014 -0.289865
    92 -0.344986 0.123129 0.143151 2.994981 0.012396 0.059140
    93 -0.730988 0.177046 0.039141 -0.123731 0.076518 -0.084310
    94 0.925900 0.001298 -0.000896 0.000046 0.000061 -0.170522
    95 -0.124027 -0.052092 0.038496 3.077813 -0.008519 0.039229
    96 1.100430 -0.003552 0.000503 -0.217203 -0.000018 0.841328
    97 -0.330082 0.160641 0.042780 3.128073 0.034033 -0.171236
    98 0.679760 0.005438 0.003272 0.000074 -0.000021 0.727777
    99 -0.019516 -0.016531 0.038578 -2.763781 0.050305 0.076828
    100 1.018891 0.005113 0.001121 -0.084270 -0.010455 1.032536
    101 -0.155312 0.130643 -0.021921 -3.022466 0.022433 -0.024903
    102 -0.252209 0.061937 -0.024914 -0.007671 -0.063171 -0.044392
    103 -0.085991 0.185203 -0.015180 -2.937063 -0.113970 -0.138991
    104 -0.286537 0.179852 0.024264 -3.109353 -0.049645 -0.029915
    105 -0.019489 0.147084 0.079203 2.893815 0.038585 -0.060594
    106 -0.046482 0.251898 0.129548 3.016165 0.077112 -0.042864
    107 0.039120 -0.040298 0.047739 3.084219 0.030470 -0.037414
    108 -0.233757 0.066630 0.001754 -3.133086 0.040141 -0.065413
    109 0.044266 0.020128 0.001684 -2.778763 -0.118872 -0.040488
    110 0.071495 0.074127 -0.048302 -3.035917 -0.059482 0.104366
    111 0.000000 0.000000 0.000000 0.000000 0.000000 -1.570796
    112 9.816706 -1.203162 -4.648579 -0.052266 -0.006804 0.077589
    113 4.718894 11.746452 -8.398694 -0.298935 -0.798961 -1.165534
    114 -0.348999 0.000000 0.342999 0.000000 0.000000 0.000000
    115 2.394995 0.000000 0.034000 0.000000 0.000000 0.000000
    116 0.008000 0.000000 1.401997 0.000000 0.000000 0.000000
    117 1.148998 0.000000 0.626999 0.000000 0.000000 0.000000
    118 1.107998 0.000000 0.153000 0.000000 0.000000 0.000000
    119 -2.457995 0.000000 0.449999 0.000000 0.000000 0.000000
    120 0.283000 0.000000 0.659998 0.000000 0.000000 0.000000
    121 4.293992 0.000000 0.136000 0.000000 0.000000 0.000000
    122 1.511997 -0.417999 1.094998 0.000000 0.000000 -1.570755
    123 4.229991 0.000000 0.042000 0.000000 0.000000 0.000000
    124 0.240000 0.000000 -0.662999 0.000000 0.000000 0.000000
    125 1.060998 0.000000 -3.633993 0.000000 0.000000 0.000000
    126 0.193999 0.000000 -2.057996 0.000000 0.000000 0.000000
    127 -0.774998 0.000000 -2.394995 0.000000 0.000000 0.000000
    128 0.000000 0.000000 0.000000 0.000000 0.000000 0.000000
    129 -0.106000 0.000000 64.320000 0.000000 0.000000 0.000000
    130 0.000000 0.000000 0.000000 0.000000 0.000000 0.000000
    131 0.000000 0.000000 0.000000 0.000395 -0.010367 0.003583
    132 20.487730 -0.557474 5.222229 -0.052411 -0.006822 0.077591
    133 0.106000 0.000000 -64.320000 0.000000 0.000000 0.000000
    134 0.000000 0.000000 0.000000 0.000000 0.000000 0.000000
    135 0.000000 0.000000 -4.867002 -3.141592 0.000000 -3.128591
    136 0.000000 0.000000 4.867000 -3.141592 0.000000 -3.128591
    137 4.000000 -6.500000 0.000000 0.000000 0.000000 0.000977
    138 -6.500000 0.000000 0.000000 0.000000 1.570796 0.000000
    139 1.000088 -0.000029 0.000000 0.000000 0.000000 0.000000
    140 17.162516 -0.000404 0.000000 0.000000 0.000000 0.119214
    141 9.999891 -0.000303 0.000000 0.000000 0.000000 0.000000
    142 1.000088 -0.000029 0.000000 0.000000 0.000000 0.000000
    143 17.162516 -0.000404 0.000000 0.000000 0.000000 0.119214
    144 9.499836 0.000212 0.000000 0.000000 0.000000 0.000000
    145 0.000000 0.000000 0.000000 0.000000 0.000000 0.000000
    146 17.749374 0.295515 0.000000 0.000000 0.000000 -1.158958
    147 0.017889 0.299792 0.000000 0.000000 0.000000 -0.059582
    148 12.283573 1.581456 -4.696000 1.462269 -0.086726 0.090185
    149 17.749376 0.295515 0.000000 0.000000 0.000000 -1.158958
    150 0.017889 0.299792 0.000000 0.000000 0.000000 -0.059582
    151 13.354000 0.000000 0.000000 0.000000 0.000000 -0.294101
    152 4.530998 0.000000 0.000000 0.000000 0.000000 0.000000
    153 0.000000 0.000000 0.000000 0.000000 0.000000 0.000000
    154 5.413524 0.000347 0.000000 0.000000 0.000000 -0.518055
    155 5.413524 0.000347 0.000000 0.000000 0.000000 -0.518055
    156 4.662002 -5.366333 4.825191 1.569713 1.561305 -3.121213
    157 3.116966 -0.000443 0.000000 0.000000 0.000000 0.294101
    158 0.000000 0.000000 0.000000 0.000000 0.000000 0.000000
    159 -0.271999 0.000000 2.688000 0.000000 0.000000 0.000000
    160 -11.135703 5.238862 -55.770458 0.051563 0.010837 -0.077083
    161 3.512001 -3.547000 -1.066000 0.000000 1.570796 0.000000
    162 3.456001 -3.517000 1.169000 0.000000 1.570796 0.000000
    163 6.233002 0.000000 0.000000 0.000000 0.000000 0.000000
    164 -0.171997 -0.106000 -0.902000 1.570713 1.029176 -3.134550
    165 6.304499 -6.317498 -0.019532 0.003583 -0.000431 0.010367
    166 0.181000 -0.064000 1.096000 0.000000 0.000000 0.000000
    167 3.999434 -0.000528 -0.000332 -0.069166 -0.000023 0.000016
    168 3.999901 0.000041 0.001011 0.019326 0.000000 0.000000
    169 1.598000 0.000000 0.000000 0.000000 0.000000 0.000000
    170 -1.145525 0.000130 0.000668 0.000000 0.000000 0.000000
    171 2.299679 -2.499979 -0.599480 0.892008 0.221446 -0.527246
    172 13.414175 -0.663535 -4.230927 1.827033 -0.017695 0.544327
    173 -9.580673 -27.862106 -37.184681 0.812879 -0.123459 -0.568477
    174 0.649933 -0.548295 0.093651 -1.665913 -0.131399 -0.112062
    175 0.657074 0.008402 0.040371 -1.665945 -0.131407 -0.000013
    176 0.665776 0.747221 -0.029190 -1.665935 -0.131408 0.094976
    177 2.300138 -2.499413 0.600155 -0.891957 -0.221446 -0.527243
    178 11.192136 0.467238 4.561009 2.348772 -0.350473 0.140480
    179 2.762354 0.116951 1.523975 1.629482 0.064153 1.743800
    180 7.228323 7.928198 -3.925648 2.328713 0.123459 -0.568477
    181 0.650394 -0.547730 -0.092979 1.665913 0.131399 -0.112062
    182 0.657069 0.008398 -0.040379 1.665945 0.131407 -0.000013
    183 0.665777 0.747220 0.029182 1.665935 0.131408 0.094976
    184 -4.481003 -0.202000 0.000000 0.000000 0.000000 0.000000
    185 -5.516998 -0.291000 -0.001000 0.000000 0.000000 0.000000
    186 -0.857700 0.104073 0.104687 0.023536 0.163924 0.013632
    187 1.899121 0.000427 -0.000439 0.027386 -0.033311 0.477848
    188 1.799659 -0.000240 0.000231 0.027386 -0.033311 0.477848
    189 1.799659 -0.000240 0.000231 0.027386 -0.033311 0.477848
    190 1.799659 -0.000240 0.000231 0.027386 -0.033311 0.477848
    191 1.900308 -0.000145 -0.000518 0.027386 -0.033311 0.477848
    192 1.899433 -0.000317 -0.000151 -0.027386 0.033311 0.477848
    193 1.799659 -0.000237 -0.000233 -0.027386 0.033311 0.477848
    194 1.799659 -0.000237 -0.000233 -0.027386 0.033311 0.477848
    195 1.799659 -0.000237 -0.000233 -0.027386 0.033311 0.477848
    196 1.900724 0.000553 -0.000072 -0.027386 0.033311 0.477848
    197 0.599884 0.400187 -0.000031 0.000000 0.000000 0.000000
    198 0.599888 0.400187 0.000031 0.000000 0.000000 -3.141592
    199 0.599503 0.400696 0.000234 0.000000 0.000000 0.000000
    200 0.600399 0.399632 -0.000466 0.000000 0.000000 -3.141592
  time 39
    0 0.000000 0.000000 0.000000 0.000000 0.000000 -1.570796
    1 -0.106323 0.000000 -0.000198 0.000000 0.000000 0.000000
    2 0.000000 0.000000 0.000000 0.000000 0.000000 0.000000
    3 -0.904000 0.000000 -11.806000 0.000000 0.000000 0.000000
    4 0.000000 0.000000 -14.313999 0.000000 -1.570796 1.570857
    5 3.533001 0.000000 0.000000 0.000000 0.000000 0.000000
    6 6.250000 0.000000 0.000000 0.000000 0.000000 0.000000
    7 4.381292 1.546947 -1.721357 -1.153277 1.547377 -1.153364
    8 9.562500 6.343750 1.773438 1.153277 -1.547377 -1.153364
    9 5.786820 0.002787 -0.000113 -0.874944 1.015350 -1.658340
    10 5.999492 -0.000592 -4.000343 0.000000 0.000000 0.000000
    11 5.787410 0.002582 0.000893 0.497953 -0.459310 -1.198722
    12 5.999492 -0.000592 4.000336 0.000000 0.000000 0.000000
    13 0.500225 0.000133 -0.000088 -0.154167 0.000000 0.000000
    14 11.534559 0.004255 -0.001312 0.000067 0.000033 -1.804641
    15 -0.829338 0.893824 0.079659 -0.148839 0.047645 0.087266
    16 0.500225 0.000132 0.000076 0.148241 0.000000 0.000000
    17 11.532495 0.004432 -0.000089 0.000102 -0.000022 -1.615941
    18 -0.829586 0.894698 -0.079464 0.045377 -0.019621 0.087266
    19 10.599884 0.000105 -0.000553 -0.133943 0.000000 0.000060
    20 0.705621 -0.560346 -0.000805 -0.000024 0.000059 0.902384
    21 11.042057 -0.000189 0.000798 -0.269577 -1.045424 0.241424
    22 -1.214832 0.203470 -0.477489 -0.135025 -0.078677 -0.001289
    23 10.599880 0.000105 0.000549 -0.092058 0.000000 0.000000
    24 0.522019 -0.497844 0.000801 -0.000060 0.000013 0.808004
    25 11.041742 0.003171 -0.000571 -0.067266 0.516495 0.853644
    26 -1.063377 0.077663 0.150230 0.045121 0.020046 -0.012850
    27 0.610302 -0.939470 0.070343 -1.655295 -0.140138 -0.175580
    28 0.639940 -0.199121 0.060188 -1.665960 -0.131475 -0.066483
    29 0.600155 1.080261 -0.339535 -1.738023 0.020682 0.107349
    30 0.610207 0.400743 -0.010101 -1.762268 -0.061675 0.042920
    31 0.634715 -0.693997 -0.232343 0.230256 0.511493 -0.950636
    32 -0.792125 0.203736 0.461300 1.439074 -0.003453 -0.018305
    33 0.610300 -0.939469 -0.070351 1.655295 0.140103 -0.175628
    34 0.639937 -0.199121 -0.060200 1.665502 0.091303 -0.070258
    35 0.600157 1.080259 0.339531 1.764543 -0.263814 -0.039091
    36 0.610205 0.400743 0.010086 1.763129 -0.081564 -0.010304
    37 0.624002 -0.695300 0.232270 -0.356472 -0.241917 -0.933382
    38 -0.626031 -0.069983 -0.080517 -1.447153 0.086151 0.021559
    39 2.625284 -0.002532 -0.001438 -0.008637 -0.326992 0.502679
    40 2.660837 0.000397 -0.000071 -0.038213 -0.146672 0.710289
    41 2.206394 0.003368 -0.006769 -0.032457 0.046516 0.917978
    42 0.599952 0.959240 -0.300102 -0.174544 0.000000 0.000000
    43 2.553283 -0.005873 0.002453 0.073155 0.003055 0.898010
    44 2.095024 -0.003873 -0.002193 -0.558320 -0.056544 0.309144
    45 0.999380 -0.000236 -1.252340 -0.000001 0.000000 0.000000
    46 -0.122639 -0.721856 0.661690 -0.486644 0.223964 0.243056
    47 2.622113 -0.000648 0.002741 0.327649 0.366265 0.437836
    48 2.657909 0.004589 -0.000533 0.605207 -0.015793 1.366764
    49 2.200016 0.001663 0.004743 0.373069 -0.104674 0.772987
    50 0.599951 0.959244 0.300102 0.174544 0.000000 0.000000
    51 2.556570 -0.004291 0.000554 0.357089 -0.080599 1.172280
    52 2.103851 0.005614 -0.001014 0.568518 -0.341683 0.620380
    53 0.999374 -0.000237 1.166392 0.000000 0.000000 0.000001
    54 0.310846 -0.606445 -0.498005 0.308107 -0.197598 0.313976
    55 1.869163 -0.004741 -0.000994 -0.000007 0.000004 1.325383
    56 1.200941 0.399582 -0.000237 -0.009465 0.016087 0.007127
    57 0.000586 0.100342 -0.000319 -0.120035 -0.021926 -0.209617
    58 -0.161663 0.051712 0.194808 -2.941982 0.122408 -0.060194
    59 2.010092 -0.003202 -0.003377 0.000101 -0.000059 1.471266
    60 0.000240 0.099802 -0.000395 -0.018823 0.010833 -0.239219
    61 -0.203197 0.048607 0.069150 -3.093332 0.033217 -0.046722
    62 1.180428 -0.006214 0.000780 0.000034 -0.000012 0.756230
    63 -0.000196 0.099625 -0.000034 0.000000 0.000000 -0.314102
    64 -0.088736 -0.688435 -0.145203 2.930407 -0.136130 0.513013
    65 1.715976 -0.003328 0.003818 -0.000037 0.000015 1.064532
    66 -0.000580 0.100145 -0.000311 -0.010912 0.023129 -0.260841
    67 -0.146030 -0.232426 -0.014225 3.028455 -0.094299 0.113020
    68 1.290632 0.000362 -0.000032 -0.000012 0.000000 -0.127233
    69 -0.658121 -0.003575 0.072645 -0.142711 0.027792 -0.077299
    70 1.868080 -0.003049 0.006083 0.000003 -0.000021 0.574245
    71 1.200079 0.399944 -0.000093 0.009465 -0.016087 0.007127
    72 0.000591 0.100342 0.000319 0.120035 0.021926 -0.209617
    73 0.068077 0.002285 -0.080050 3.111376 -0.069366 -0.060847
    74 2.015780 -0.005083 0.006086 -0.256555 0.043096 1.354182
    75 0.000229 0.099802 0.000395 0.018823 -0.010833 -0.239219
    76 -0.018673 -0.001009 0.047544 3.109244 0.002635 -0.106673
    77 1.178665 0.001595 0.000845 0.000018 -0.000012 0.694158
    78 -0.000198 0.099628 0.000034 0.000000 0.000000 -0.314102
    79 0.036892 -0.634449 0.266284 -2.801062 0.174301 0.490914
    80 1.708256 -0.002506 -0.004592 -0.000010 0.000023 0.926271
    81 -0.000576 0.100136 0.000311 0.010912 -0.023129 -0.260841
    82 -0.003952 -0.281811 0.115047 -3.059162 0.089004 0.167964
    83 1.289627 0.003949 0.000061 -0.000014 0.000003 0.803669
    84 -0.171528 -0.018148 -0.099873 0.013484 -0.062184 -0.011780
    85 0.912716 0.007240 0.001326 0.000042 0.000021 0.138691
    86 -0.342617 0.053404 -0.025571 -2.909301 -0.017248 0.075276
    87 1.100231 -0.000930 -0.002434 -0.000003 0.000074 -0.388560
    88 -0.384983 0.330998 0.006848 -3.087207 -0.018765 -0.184279
    89 0.678146 0.002286 0.000002 -0.000006 -0.000019 0.000029
    90 -0.123848 0.072737 0.029507 2.898184 -0.060627 0.094834
    91 1.017166 -0.000154 -0.000252 0.000049 -0.000014 -0.289865
    92 -0.344986 0.123129 0.143151 2.994981 0.012396 0.059140
    93 -0.730988 0.177046 0.039141 -0.123731 0.076518 -0.084310
    94 0.921993 0.001298 -0.000896 0.000058 0.000001 -0.170522
    95 -0.124027 -0.052092 0.038496 3.077813 -0.008519 0.039229
    96 1.100430 -0.003552 0.000503 -0.217263 0.000006 0.841270
    97 -0.330082 0.160641 0.042780 3.128073 0.034033 -0.171236
    98 0.679760 0.001531 0.003272 0.000014 0.000003 0.727745
    99 -0.019516 -0.016531 0.038578 -2.763781 0.050305 0.076828
    100 1.014985 0.001206 0.001121 -0.084258 -0.010419 1.032479
    101 -0.155312 0.130643 -0.021921 -3.022466 0.022433 -0.024903
    102 -0.252209 0.061937 -0.024914 -0.007671 -0.063171 -0.044392
    103 -0.085991 0.185203 -0.015180 -2.937063 -0.113970 -0.138991
    104 -0.286537 0.179852 0.024264 -3.109353 -0.049645 -0.029915
    105 -0.019489 0.147084 0.079203 2.893815 0.038585 -0.060594
    106 -0.046482 0.251898 0.129548 3.016165 0.077112 -0.042864
    107 0.039120 -0.040298 0.047739 3.084219 0.030470 -0.037414
    108 -0.233757 0.066630 0.001754 -3.133086 0.040141 -0.065413
    109 0.044266 0.020128 0.001684 -2.778763 -0.118872 -0.040488
    110 0.071495 0.074127 -0.048302 -3.035917 -0.059482 0.104366
    111 0.000000 0.000000 0.000000 0.000000 0.000000 -1.570796
    112 9.797174 -1.035188 -4.609516 -0.141705 -0.013037 0.073791
    113 4.609516 11.680044 -9.152623 -0.420049 -0.772380 -1.084243
    114 -0.348999 0.000000 0.342999 0.000000 0.000000 0.000000
    115 2.394995 0.000000 0.034000 0.000000 0.000000 0.000000
    116 0.008000 0.000000 1.401997 0.000000 0.000000 0.000000
    117 1.148998 0.000000 0.626999 0.000000 0.000000 0.000000
    118 1.107998 0.000000 0.153000 0.000000 0.000000 0.000000
    119 -2.457995 0.000000 0.449999 0.000000 0.000000 0.000000
    120 0.283000 0.000000 0.659998 0.000000 0.000000 0.000000
    121 4.293992 0.000000 0.136000 0.000000 0.000000 0.000000
    122 1.511997 -0.417999 1.094998 0.000000 0.000000 -1.570755
    123 4.229991 0.000000 0.042000 0.000000 0.000000 0.000000
    124 0.240000 0.000000 -0.662999 0.000000 0.000000 0.000000
    125 1.060998 0.000000 -3.633993 0.000000 0.000000 0.000000
    126 0.193999 0.000000 -2.057996 0.000000 0.000000 0.000000
    127 -0.774998 0.000000 -2.394995 0.000000 0.000000 0.000000
    128 0.000000 0.000000 0.000000 0.000000 0.000000 0.000000
    129 -0.106000 0.000000 64.320000 0.000000 0.000000 0.000000
    130 0.000000 0.000000 0.000000 0.000000 0.000000 0.000000
    131 0.000000 0.000000 0.000000 -0.017210 0.000719 0.007670
    132 20.499449 -0.612163 5.339420 -0.141832 -0.013056 0.073792
    133 0.106000 0.000000 -64.320000 0.000000 0.000000 0.000000
    134 0.000000 0.000000 0.000000 0.000000 0.000000 0.000000
    135 0.000000 0.000000 -4.867002 -3.141592 0.000000 -3.128591
    136 0.000000 0.000000 4.867000 -3.141592 0.000000 -3.128591
    137 4.000000 -6.500000 0.000000 0.000000 0.000000 0.000977
    138 -6.500000 0.000000 0.000000 0.000000 1.570796 0.000000
    139 1.000088 -0.000029 0.000000 0.000000 0.000000 0.000000
    140 17.162516 -0.000404 0.000000 0.000000 0.000000 0.119214
    141 9.999891 -0.000303 0.000000 0.000000 0.000000 0.000000
    142 1.000088 -0.000029 0.000000 0.000000 0.000000 0.000000
    143 17.162516 -0.000404 0.000000 0.000000 0.000000 0.119214
    144 9.499836 0.000212 0.000000 0.000000 0.000000 0.000000
    145 0.000000 0.000000 0.000000 0.000000 0.000000 0.000000
    146 17.749374 0.295515 0.000000 0.000000 0.000000 -1.158958
    147 0.017889 0.299792 0.000000 0.000000 0.000000 -0.059582
    148 12.283573 1.581456 -4.696000 1.462269 -0.086726 0.090185
    149 17.749376 0.295515 0.000000 0.000000 0.000000 -1.158958
    150 0.017889 0.299792 0.000000 0.000000 0.000000 -0.059582
    151 13.354000 0.000000 0.000000 0.000000 0.000000 -0.294101
    152 4.530998 0.000000 0.000000 0.000000 0.000000 0.000000
    153 0.000000 0.000000 0.000000 0.000000 0.000000 0.000000
    154 5.413524 0.000347 0.000000 0.000000 0.000000 -0.518055
    155 5.413524 0.000347 0.000000 0.000000 0.000000 -0.518055
    156 4.662002 -5.366333 4.825191 1.569713 1.561305 -3.121213
    157 3.116966 -0.000443 0.000000 0.000000 0.000000 0.294101
    158 0.000000 0.000000 0.000000 0.000000 0.000000 0.000000
    159 -0.271999 0.000000 2.688000 0.000000 0.000000 0.000000
    160 -11.526340 10.321048 -55.067312 0.140268 0.023453 -0.071239
    161 3.512001 -3.547000 -1.066000 0.000000 1.570796 0.000000
    162 3.456001 -3.517000 1.169000 0.000000 1.570796 0.000000
    163 6.233002 0.000000 0.000000 0.000000 0.000000 0.000000
    164 -0.171997 -0.106000 -0.902000 1.570713 1.029176 -3.134550
    165 6.238090 -6.380000 -0.156255 0.007670 0.017210 -0.000587
    166 0.181000 -0.064000 1.096000 0.000000 0.000000 0.000000
    167 3.999434 -0.000528 -0.000332 -0.067033 -0.000011 0.000016
    168 3.999901 0.000041 0.001011 -0.046007 0.000000 0.000000
    169 1.598000 0.000000 0.000000 0.000000 0.000000 0.000000
    170 -1.145525 0.000130 0.000668 0.000000 0.000000 0.000000
    171 2.299679 -2.499979 -0.599480 0.891953 0.221446 -0.527294
    172 13.414175 -0.663535 -4.230927 1.827033 -0.017656 0.544149
    173 -9.580673 -27.862106 -37.184681 0.812879 -0.123459 -0.568477
    174 0.649933 -0.548295 0.093651 -1.665913 -0.131399 -0.112062
    175 0.657074 0.008402 0.040371 -1.665945 -0.131407 -0.000013
    176 0.665776 0.747221 -0.029190 -1.665935 -0.131408 0.094976
    177 2.300138 -2.499413 0.600155 -0.891930 -0.221470 -0.527227
    178 11.192136 0.467238 4.564915 2.348708 -0.350341 0.140656
    179 2.762354 0.116951 1.523975 1.629482 0.064153 1.743800
    180 7.228323 7.928198 -3.925648 2.328713 0.123459 -0.568477
    181 0.650394 -0.547730 -0.092979 1.665913 0.131399 -0.112062
    182 0.657069 0.008398 -0.040379 1.665945 0.131407 -0.000013
    183 0.665777 0.747220 0.029182 1.665935 0.131408 0.094976
    184 -4.481003 -0.202000 0.000000 0.000000 0.000000 0.000000
    185 -5.516998 -0.291000 -0.001000 0.000000 0.000000 0.000000
    186 -0.857700 0.104073 0.104687 0.023536 0.163924 0.013632
    187 1.899121 0.000427 -0.000439 0.027386 -0.033311 0.477848
    188 1.799659 -0.000240 0.000231 0.027386 -0.033311 0.477848
    189 1.799659 -0.000240 0.000231 0.027386 -0.033311 0.477848
    190 1.799659 -0.000240 0.000231 0.027386 -0.033311 0.477848
    191 1.900308 -0.000145 -0.000518 0.027386 -0.033311 0.477848
    192 1.899433 -0.000317 -0.000151 -0.027386 0.033311 0.477848
    193 1.799659 -0.000237 -0.000233 -0.027386 0.033311 0.477848
    194 1.799659 -0.000237 -0.000233 -0.027386 0.033311 0.477848
    195 1.799659 -0.000237 -0.000233 -0.027386 0.033311 0.477848
    196 1.900724 0.000553 -0.000072 -0.027386 0.033311 0.477848
    197 0.599884 0.400187 -0.000031 0.000000 0.000000 0.000000
    198 0.599888 0.400187 0.000031 0.000000 0.000000 -3.141592
    199 0.599503 0.400696 0.000234 0.000000 0.000000 0.000000
    200 0.600399 0.399632 -0.000466 0.000000 0.000000 -3.141592
  time 40
    0 0.000000 0.000000 0.000000 0.000000 0.000000 -1.570796
    1 -0.106323 0.000000 -0.000198 0.000000 0.000000 0.000000
    2 0.000000 0.000000 0.000000 0.000000 0.000000 0.000000
    3 -0.904000 0.000000 -11.806000 0.000000 0.000000 0.000000
    4 0.000000 0.000000 -14.313999 0.000000 -1.570796 1.570857
    5 3.533001 0.000000 0.000000 0.000000 0.000000 0.000000
    6 6.250000 0.000000 0.000000 0.000000 0.000000 0.000000
    7 4.381292 1.660232 -1.725263 -1.153277 1.547377 -1.153364
    8 9.562500 6.343750 1.773438 1.153277 -1.547377 -1.153364
    9 5.790726 0.002787 -0.000113 -0.836346 1.009205 -1.597290
    10 5.999492 -0.000592 -4.000343 0.000000 0.000000 0.000000
    11 5.787410 0.002582 0.000893 0.499717 -0.468036 -1.207567
    12 5.999492 -0.000592 4.000336 0.000000 0.000000 0.000000
    13 0.500225 0.000133 -0.000088 -0.149305 0.000000 0.000000
    14 11.534559 0.004255 -0.001312 -0.000065 0.000045 -1.812365
    15 -0.829338 0.893824 0.079659 -0.148839 0.047645 0.087266
    16 0.500225 0.000132 0.000076 0.149913 0.000000 0.000000
    17 11.532495 0.004432 -0.000089 0.000006 -0.000022 -1.611417
    18 -0.829586 0.894698 -0.079464 0.045377 -0.019621 0.087266
    19 10.599884 0.000105 -0.000553 -0.139237 -0.000060 0.000000
    20 0.713433 -0.560346 -0.000805 0.000000 0.000011 0.906182
    21 11.042057 0.003717 0.004704 -0.266009 -1.014205 0.247899
    22 -1.214832 0.203470 -0.477489 -0.135025 -0.078677 -0.001289
    23 10.599880 0.000105 0.000549 -0.026685 0.000000 0.000000
    24 0.518113 -0.493937 0.000801 0.000000 -0.000011 0.805819
    25 11.041742 0.003171 -0.000571 -0.020250 0.541540 0.862858
    26 -1.063377 0.077663 0.150230 0.045121 0.020046 -0.012850
    27 0.610302 -0.939470 0.070343 -1.655295 -0.140043 -0.175628
    28 0.639940 -0.199121 0.060188 -1.665960 -0.131367 -0.066447
    29 0.600155 1.080261 -0.339535 -1.738023 0.020766 0.107421
    30 0.610207 0.400743 -0.010101 -1.762268 -0.061592 0.043004
    31 0.634715 -0.693997 -0.232343 0.230280 0.511599 -0.950554
    32 -0.792125 0.203736 0.461300 1.439074 -0.003453 -0.018305
    33 0.610300 -0.939469 -0.070351 1.655245 0.140103 -0.175628
    34 0.639937 -0.199121 -0.060200 1.665502 0.091351 -0.070294
    35 0.600157 1.080259 0.339531 1.764649 -0.263802 -0.039187
    36 0.610205 0.400743 0.010086 1.763182 -0.081600 -0.010424
    37 0.624002 -0.695300 0.236176 -0.356376 -0.241965 -0.933529
    38 -0.626031 -0.069983 -0.080517 -1.447153 0.086151 0.021559
    39 2.621377 -0.002532 -0.001438 -0.008637 -0.326992 0.502679
    40 2.664743 0.000397 -0.000071 -0.038169 -0.146684 0.710250
    41 2.206394 0.003368 -0.002863 -0.032373 0.046532 0.917866
    42 0.599952 0.959240 -0.300102 -0.174544 0.000000 0.000000
    43 2.553283 -0.001967 0.002453 0.073240 0.003091 0.897971
    44 2.095024 -0.003873 -0.002193 -0.558392 -0.056630 0.309164
    45 0.999380 -0.000236 -1.252340 -0.000001 0.000000 0.000000
    46 -0.122639 -0.721856 0.661690 -0.486644 0.223964 0.243056
    47 2.622113 -0.000648 0.002741 0.314207 0.382432 0.399238
    48 2.657909 0.004589 -0.000533 0.605207 -0.015721 1.366786
    49 2.200016 0.001663 0.000836 0.373057 -0.104722 0.772910
    50 0.599951 0.959244 0.300102 0.174544 0.000000 0.000000
    51 2.556570 -0.000385 0.000554 0.357089 -0.080599 1.172317
    52 2.103851 0.001708 -0.001014 0.568518 -0.341708 0.620485
    53 0.999374 -0.000237 1.166392 0.000000 0.000000 0.000001
    54 0.310846 -0.606445 -0.498005 0.308107 -0.197598 0.313976
    55 1.873069 -0.004741 -0.004901 -0.000043 -0.000032 1.325339
    56 1.200941 0.399582 -0.000237 -0.009465 0.016087 0.007127
    57 0.000586 0.100342 -0.000319 -0.120035 -0.021926 -0.209617
    58 -0.161663 0.051712 0.194808 -2.941982 0.122408 -0.060194
    59 2.010092 -0.003202 -0.007284 0.000065 -0.000023 1.471266
    60 0.000240 0.099802 -0.000395 -0.018823 0.010833 -0.239219
    61 -0.203197 0.048607 0.069150 -3.093332 0.033217 -0.046722
    62 1.180428 -0.006214 0.000780 -0.000014 0.000000 0.756230
    63 -0.000196 0.099625 -0.000034 0.000000 0.000000 -0.314102
    64 -0.088736 -0.688435 -0.145203 2.930407 -0.136130 0.513013
    65 1.715976 -0.003328 0.003818 -0.000013 -0.000068 1.064488
    66 -0.000580 0.100145 -0.000311 -0.010912 0.023129 -0.260841
    67 -0.146030 -0.232426 -0.014225 3.028455 -0.094299 0.113020
    68 1.290632 0.000362 -0.000032 0.000000 0.000000 -0.127233
    69 -0.658121 -0.003575 0.072645 -0.142711 0.027792 -0.077299
    70 1.868080 -0.003049 0.006083 0.000003 -0.000021 0.620065
    71 1.200079 0.399944 -0.000093 0.009465 -0.016087 0.007127
    72 0.000591 0.100342 0.000319 0.120035 0.021926 -0.209617
    73 0.068077 0.002285 -0.080050 3.111376 -0.069366 -0.060847
    74 2.015780 -0.005083 0.006086 -0.256555 0.043096 1.354182
    75 0.000229 0.099802 0.000395 0.018823 -0.010833 -0.239219
    76 -0.018673 -0.001009 0.047544 3.109244 0.002635 -0.106673
    77 1.178665 0.001595 0.000845 -0.000042 -0.000001 0.694158
    78 -0.000198 0.099628 0.000034 0.000000 0.000000 -0.314102
    79 0.036892 -0.634449 0.266284 -2.801062 0.174301 0.490914
    80 1.708256 -0.002506 -0.000686 -0.000106 -0.000013 0.926201
    81 -0.000576 0.100136 0.000311 0.010912 -0.023129 -0.260841
    82 -0.003952 -0.281811 0.115047 -3.059162 0.089004 0.167964
    83 1.289627 0.003949 0.000061 -0.000014 0.000003 0.803774
    84 -0.171528 -0.018148 -0.099873 0.013484 -0.062184 -0.011780
    85 0.912716 0.007240 0.001326 0.000019 0.000021 0.138691
    86 -0.342617 0.053404 -0.025571 -2.909301 -0.017248 0.075276
    87 1.100231 -0.000930 -0.002434 0.000009 0.000014 -0.388560
    88 -0.384983 0.330998 0.006848 -3.087207 -0.018765 -0.184279
    89 0.678146 0.002286 0.000002 -0.000018 -0.000019 0.000029
    90 -0.123848 0.072737 0.029507 2.898184 -0.060627 0.094834
    91 1.017166 -0.000154 -0.000252 -0.000023 -0.000014 -0.289865
    92 -0.344986 0.123129 0.143151 2.994981 0.012396 0.059140
    93 -0.730988 0.177046 0.039141 -0.123731 0.076518 -0.084310
    94 0.925900 0.001298 -0.000896 0.000058 0.000001 -0.156634
    95 -0.124027 -0.052092 0.038496 3.077813 -0.008519 0.039229
    96 1.100430 -0.007458 0.000503 -0.217179 0.000030 0.841241
    97 -0.330082 0.160641 0.042780 3.128073 0.034033 -0.171236
    98 0.679760 0.005438 0.003272 0.000014 0.000003 0.727777
    99 -0.019516 -0.016531 0.038578 -2.763781 0.050305 0.076828
    100 1.018891 0.005113 0.001121 -0.084341 -0.010443 1.032479
    101 -0.155312 0.130643 -0.021921 -3.022466 0.022433 -0.024903
    102 -0.252209 0.061937 -0.024914 -0.007671 -0.063171 -0.044392
    103 -0.085991 0.185203 -0.015180 -2.937063 -0.113970 -0.138991
    104 -0.286537 0.179852 0.024264 -3.109353 -0.049645 -0.029915
    105 -0.019489 0.147084 0.079203 2.893815 0.038585 -0.060594
    106 -0.046482 0.251898 0.129548 3.016165 0.077112 -0.042864
    107 0.039120 -0.040298 0.047739 3.084219 0.030470 -0.037414
    108 -0.233757 0.066630 0.001754 -3.133086 0.040141 -0.065413
    109 0.044266 0.020128 0.001684 -2.778763 -0.118872 -0.040488
    110 0.071495 0.074127 -0.048302 -3.035917 -0.059482 0.104366
    111 0.000000 0.000000 0.000000 0.000000 0.000000 -1.570796
    112 9.789361 -1.046907 -4.644673 -0.103913 -0.025124 0.076142
    113 4.836085 11.660512 -8.996368 -0.359190 -0.799681 -1.128297
    114 -0.348999 0.000000 0.342999 0.000000 0.000000 0.000000
    115 2.394995 0.000000 0.034000 0.000000 0.000000 0.000000
    116 0.008000 0.000000 1.401997 0.000000 0.000000 0.000000
    117 1.148998 0.000000 0.626999 0.000000 0.000000 0.000000
    118 1.107998 0.000000 0.153000 0.000000 0.000000 0.000000
    119 -2.457995 0.000000 0.449999 0.000000 0.000000 0.000000
    120 0.283000 0.000000 0.659998 0.000000 0.000000 0.000000
    121 4.293992 0.000000 0.136000 0.000000 0.000000 0.000000
    122 1.511997 -0.417999 1.094998 0.000000 0.000000 -1.570755
    123 4.229991 0.000000 0.042000 0.000000 0.000000 0.000000
    124 0.240000 0.000000 -0.662999 0.000000 0.000000 0.000000
    125 1.060998 0.000000 -3.633993 0.000000 0.000000 0.000000
    126 0.193999 0.000000 -2.057996 0.000000 0.000000 0.000000
    127 -0.774998 0.000000 -2.394995 0.000000 0.000000 0.000000
    128 0.000000 0.000000 0.000000 0.000000 0.000000 0.000000
    129 -0.106000 0.000000 64.320000 0.000000 0.000000 0.000000
    130 0.000000 0.000000 0.000000 0.000000 0.000000 0.000000
    131 0.000000 0.000000 0.000000 -0.014561 0.011865 0.011805
    132 20.507262 -0.526223 5.413641 -0.104099 -0.025105 0.076144
    133 0.106000 0.000000 -64.320000 0.000000 0.000000 0.000000
    134 0.000000 0.000000 0.000000 0.000000 0.000000 0.000000
    135 0.000000 0.000000 -4.867002 -3.141592 0.000000 -3.128591
    136 0.000000 0.000000 4.867000 -3.141592 0.000000 -3.128591
    137 4.000000 -6.500000 0.000000 0.000000 0.000000 0.000977
    138 -6.500000 0.000000 0.000000 0.000000 1.570796 0.000000
    139 1.000088 -0.000029 0.000000 0.000000 0.000000 0.000000
    140 17.162516 -0.000404 0.000000 0.000000 0.000000 0.119214
    141 9.999891 -0.000303 0.000000 0.000000 0.000000 0.000000
    142 1.000088 -0.000029 0.000000 0.000000 0.000000 0.000000
    143 17.162516 -0.000404 0.000000 0.000000 0.000000 0.119214
    144 9.499836 0.000212 0.000000 0.000000 0.000000 0.000000
    145 0.000000 0.000000 0.000000 0.000000 0.000000 0.000000
    146 17.749374 0.295515 0.000000 0.000000 0.000000 -1.158958
    147 0.017889 0.299792 0.000000 0.000000 0.000000 -0.059582
    148 12.283573 1.581456 -4.696000 1.462269 -0.086726 0.090185
    149 17.749376 0.295515 0.000000 0.000000 0.000000 -1.158958
    150 0.017889 0.299792 0.000000 0.000000 0.000000 -0.059582
    151 13.354000 0.000000 0.000000 0.000000 0.000000 -0.294101
    152 4.530998 0.000000 0.000000 0.000000 0.000000 0.000000
    153 0.000000 0.000000 0.000000 0.000000 0.000000 0.000000
    154 5.413524 0.000347 0.000000 0.000000 0.000000 -0.518055
    155 5.413524 0.000347 0.000000 0.000000 0.000000 -0.518055
    156 4.662002 -5.366333 4.825191 1.569713 1.561305 -3.121213
    157 3.116966 -0.000443 0.000000 0.000000 0.000000 0.294101
    158 0.000000 0.000000 0.000000 0.000000 0.000000 0.000000
    159 -0.271999 0.000000 2.688000 0.000000 0.000000 0.000000
    160 -12.209955 8.110044 -55.254817 0.101737 0.032733 -0.072983
    161 3.512001 -3.547000 -1.066000 0.000000 1.570796 0.000000
    162 3.456001 -3.517000 1.169000 0.000000 1.570796 0.000000
    163 6.233002 0.000000 0.000000 0.000000 0.000000 0.000000
    164 -0.171997 -0.106000 -0.902000 1.570713 1.029176 -3.134550
    165 6.171682 -6.450315 -0.164068 0.011817 0.014705 -0.011685
    166 0.181000 -0.064000 1.096000 0.000000 0.000000 0.000000
    167 3.999434 -0.000528 -0.000332 -0.069665 -0.000023 0.000016
    168 3.999901 0.000041 0.001011 -0.013363 0.000000 0.000000
    169 1.598000 0.000000 0.000000 0.000000 0.000000 0.000000
    170 -1.145525 0.000130 0.000668 0.000000 0.000000 0.000000
    171 2.299679 -2.499979 -0.599480 0.892008 0.221458 -0.527294
    172 13.414175 -0.663535 -4.230927 1.827033 -0.017695 0.544149
    173 -9.580673 -27.862106 -37.184681 0.812879 -0.123459 -0.568477
    174 0.649933 -0.548295 0.093651 -1.665913 -0.131399 -0.112062
    175 0.657074 0.008402 0.040371 -1.665945 -0.131407 -0.000013
    176 0.665776 0.747221 -0.029190 -1.665935 -0.131408 0.094976
    177 2.300138 -2.499413 0.600155 -0.891930 -0.221494 -0.527227
    178 11.203855 0.435987 4.564915 2.338319 -0.350561 0.134999
    179 2.762354 0.116951 1.523975 1.629482 0.064153 1.743800
    180 7.228323 7.928198 -3.925648 2.328713 0.123459 -0.568477
    181 0.650394 -0.547730 -0.092979 1.665913 0.131399 -0.112062
    182 0.657069 0.008398 -0.040379 1.665945 0.131407 -0.000013
    183 0.665777 0.747220 0.029182 1.665935 0.131408 0.094976
    184 -4.481003 -0.202000 0.000000 0.000000 0.000000 0.000000
    185 -5.516998 -0.291000 -0.001000 0.000000 0.000000 0.000000
    186 -0.857700 0.104073 0.104687 0.023536 0.163924 0.013632
    187 1.899121 0.000427 -0.000439 0.027386 -0.033311 0.477848
    188 1.799659 -0.000240 0.000231 0.027386 -0.033311 0.477848
    189 1.799659 -0.000240 0.000231 0.027386 -0.033311 0.477848
    190 1.799659 -0.000240 0.000231 0.027386 -0.033311 0.477848
    191 1.900308 -0.000145 -0.000518 0.027386 -0.033311 0.477848
    192 1.899433 -0.000317 -0.000151 -0.027386 0.033311 0.477848
    193 1.799659 -0.000237 -0.000233 -0.027386 0.033311 0.477848
    194 1.799659 -0.000237 -0.000233 -0.027386 0.033311 0.477848
    195 1.799659 -0.000237 -0.000233 -0.027386 0.033311 0.477848
    196 1.900724 0.000553 -0.000072 -0.027386 0.033311 0.477848
    197 0.599884 0.400187 -0.000031 0.000000 0.000000 0.000000
    198 0.599888 0.400187 0.000031 0.000000 0.000000 -3.141592
    199 0.599503 0.400696 0.000234 0.000000 0.000000 0.000000
    200 0.600399 0.399632 -0.000466 0.000000 0.000000 -3.141592
  time 41
    0 0.000000 0.000000 0.000000 0.000000 0.000000 -1.570796
    1 -0.106323 0.000000 -0.000198 0.000000 0.000000 0.000000
    2 0.000000 0.000000 0.000000 0.000000 0.000000 0.000000
    3 -0.904000 0.000000 -11.806000 0.000000 0.000000 0.000000
    4 0.000000 0.000000 -14.313999 0.000000 -1.570796 1.570857
    5 3.533001 0.000000 0.000000 0.000000 0.000000 0.000000
    6 6.250000 0.000000 0.000000 0.000000 0.000000 0.000000
    7 4.381292 2.578229 -1.744795 -1.153277 1.547377 -1.153364
    8 9.562500 6.343750 1.773438 1.153277 -1.547377 -1.153364
    9 5.790726 0.002787 -0.000113 -0.752999 0.947293 -1.447888
    10 5.999492 -0.000592 -4.000343 0.000000 0.000000 0.000000
    11 5.787410 0.002582 0.000893 0.502963 -0.487970 -1.223706
    12 5.999492 -0.000592 4.000336 0.000000 0.000000 0.000000
    13 0.500225 0.000133 -0.000088 -0.117059 -0.000060 0.000000
    14 11.534559 0.004255 -0.001312 -0.000113 0.000093 -1.786280
    15 -0.829338 0.893824 0.079659 -0.148839 0.047645 0.087266
    16 0.500225 0.000132 0.000076 0.153012 0.000000 0.000000
    17 11.536401 0.000526 -0.000089 0.000006 -0.000022 -1.617321
    18 -0.829586 0.894698 -0.079464 0.045377 -0.019621 0.087266
    19 10.599884 0.000105 -0.000553 -0.157826 0.000048 0.000000
    20 0.686089 -0.552533 -0.000805 -0.000024 -0.000049 0.893185
    21 11.042057 -0.000189 0.000798 -0.249952 -0.882050 0.203488
    22 -1.214832 0.203470 -0.477489 -0.135025 -0.078677 -0.001289
    23 10.599880 0.000105 0.000549 0.156740 0.000000 0.000000
    24 0.518113 -0.493937 0.000801 0.000000 -0.000011 0.808670
    25 11.041742 0.003171 -0.000571 0.118936 0.574582 0.949627
    26 -1.063377 0.077663 0.150230 0.045121 0.020046 -0.012850
    27 0.610302 -0.939470 0.070343 -1.655295 -0.139995 -0.175676
    28 0.639940 -0.199121 0.060188 -1.665909 -0.131391 -0.066411
    29 0.600155 1.080261 -0.339535 -1.738023 0.020778 0.107289
    30 0.610207 0.400743 -0.010101 -1.762268 -0.061520 0.042992
    31 0.634715 -0.693997 -0.232343 0.204741 0.421991 -0.997595
    32 -0.792125 0.203736 0.461300 1.439074 -0.003453 -0.018305
    33 0.610300 -0.939469 -0.070351 1.655295 0.140103 -0.175628
    34 0.639937 -0.199121 -0.060200 1.665502 0.091351 -0.070282
    35 0.600157 1.080259 0.339531 1.764649 -0.263838 -0.039235
    36 0.610205 0.400743 0.010086 1.763129 -0.081612 -0.010352
    37 0.624002 -0.695300 0.232270 -0.348454 -0.242072 -0.944766
    38 -0.626031 -0.069983 -0.080517 -1.447153 0.086151 0.021559
    39 2.621377 -0.002532 -0.001438 0.036376 -0.284186 0.367182
    40 2.660837 0.000397 -0.000071 -0.028805 -0.151742 0.597007
    41 2.202488 0.003368 -0.006769 -0.121898 -0.002718 0.769734
    42 0.599952 0.959240 -0.300102 -0.174544 0.000000 0.000000
    43 2.553283 -0.005873 0.006359 0.035797 -0.034625 0.737051
    44 2.095024 -0.003873 -0.002193 -0.528505 -0.062879 0.322189
    45 0.999380 -0.000236 -1.189838 -0.000001 0.000000 0.000000
    46 -0.122639 -0.721856 0.661690 -0.486644 0.223964 0.243056
    47 2.622113 -0.000648 0.002741 0.255808 0.453117 0.230912
    48 2.657909 0.004589 -0.000533 0.591525 -0.015145 1.355091
    49 2.200016 0.001663 0.000836 0.366285 -0.103835 0.765955
    50 0.599951 0.959244 0.300102 0.174544 0.000000 0.000000
    51 2.556570 -0.004291 0.000554 0.348350 -0.078250 1.157247
    52 2.103851 0.005614 -0.001014 0.570934 -0.332087 0.601994
    53 0.999374 -0.000237 1.158579 0.000000 0.000000 0.000001
    54 0.310846 -0.606445 -0.498005 0.308107 -0.197598 0.313976
    55 1.869163 -0.004741 -0.004901 -0.000007 0.000004 1.149129
    56 1.200941 0.399582 -0.000237 -0.009465 0.016087 0.007127
    57 0.000586 0.100342 -0.000319 -0.120035 -0.021926 -0.209617
    58 -0.161663 0.051712 0.194808 -2.941982 0.122408 -0.060194
    59 2.010092 -0.007109 -0.003377 -0.000018 -0.000035 1.247193
    60 0.000240 0.099802 -0.000395 -0.018823 0.010833 -0.239219
    61 -0.203197 0.048607 0.069150 -3.093332 0.033217 -0.046722
    62 1.180428 -0.006214 0.000780 -0.000062 0.000024 0.678820
    63 -0.000196 0.099625 -0.000034 0.000000 0.000000 -0.314102
    64 -0.088736 -0.688435 -0.145203 2.930407 -0.136130 0.513013
    65 1.712069 -0.003328 0.003818 0.000166 -0.000092 0.879113
    66 -0.000580 0.100145 -0.000311 -0.010912 0.023129 -0.260841
    67 -0.146030 -0.232426 -0.014225 3.028455 -0.094299 0.113020
    68 1.290632 0.000362 -0.000032 0.000000 0.000000 0.118000
    69 -0.658121 -0.003575 0.072645 -0.142711 0.027792 -0.077299
    70 1.868080 -0.003049 0.006083 -0.000045 0.000003 0.819233
    71 1.200079 0.399944 -0.000093 0.009465 -0.016087 0.007127
    72 0.000591 0.100342 0.000319 0.120035 0.021926 -0.209617
    73 0.068077 0.002285 -0.080050 3.111376 -0.069366 -0.060847
    74 2.011874 -0.005083 0.006086 -0.242317 0.040651 1.316257
    75 0.000229 0.099802 0.000395 0.018823 -0.010833 -0.239219
    76 -0.018673 -0.001009 0.047544 3.109244 0.002635 -0.106673
    77 1.178665 0.001595 0.000845 0.000018 -0.000012 0.695421
    78 -0.000198 0.099628 0.000034 0.000000 0.000000 -0.314102
    79 0.036892 -0.634449 0.266284 -2.801062 0.174301 0.490914
    80 1.708256 -0.002506 -0.004592 -0.000070 0.000047 0.914838
    81 -0.000576 0.100136 0.000311 0.010912 -0.023129 -0.260841
    82 -0.003952 -0.281811 0.115047 -3.059162 0.089004 0.167964
    83 1.289627 0.003949 0.000061 -0.000014 0.000003 0.744377
    84 -0.171528 -0.018148 -0.099873 0.013484 -0.062184 -0.011780
    85 0.912716 0.007240 0.001326 -0.001144 0.000045 0.262960
    86 -0.342617 0.053404 -0.025571 -2.909301 -0.017248 0.075276
    87 1.100231 -0.000930 -0.002434 -0.000003 0.000074 -0.152315
    88 -0.384983 0.330998 0.006848 -3.087207 -0.018765 -0.184279
    89 0.678146 0.002286 0.000002 -0.000018 -0.000019 0.098257
    90 -0.123848 0.072737 0.029507 2.898184 -0.060627 0.094834
    91 1.017166 -0.000154 -0.000252 -0.001137 -0.003106 -0.055392
    92 -0.344986 0.123129 0.143151 2.994981 0.012396 0.059140
    93 -0.730988 0.177046 0.039141 -0.123731 0.076518 -0.084310
    94 0.925900 0.001298 -0.000896 -0.000002 -0.000011 -0.037443
    95 -0.124027 -0.052092 0.038496 3.077813 -0.008519 0.039229
    96 1.100430 -0.007458 0.000503 -0.212397 0.046015 1.051312
    97 -0.330082 0.160641 0.042780 3.128073 0.034033 -0.171236
    98 0.679760 0.005438 0.003272 0.000002 -0.000057 0.717380
    99 -0.019516 -0.016531 0.038578 -2.763781 0.050305 0.076828
    100 1.018891 0.005113 0.001121 -0.079296 -0.034305 0.975819
    101 -0.155312 0.130643 -0.021921 -3.022466 0.022433 -0.024903
    102 -0.252209 0.061937 -0.024914 -0.007671 -0.063171 -0.044392
    103 -0.085991 0.185203 -0.015180 -2.937063 -0.113970 -0.138991
    104 -0.286537 0.179852 0.024264 -3.109353 -0.049645 -0.029915
    105 -0.019489 0.147084 0.079203 2.893815 0.038585 -0.060594
    106 -0.046482 0.251898 0.129548 3.016165 0.077112 -0.042864
    107 0.039120 -0.040298 0.047739 3.084219 0.030470 -0.037414
    108 -0.233757 0.066630 0.001754 -3.133086 0.040141 -0.065413
    109 0.044266 0.020128 0.001684 -2.778763 -0.118872 -0.040488
    110 0.071495 0.074127 -0.048302 -3.035917 -0.059482 0.104366
    111 0.000000 0.000000 0.000000 0.000000 0.000000 -1.570796
    112 9.734672 -1.109409 -4.761864 -0.066059 -0.031510 0.081146
    113 5.613453 11.680044 -7.664296 -0.173139 -0.818211 -1.283210
    114 -0.348999 0.000000 0.342999 0.000000 0.000000 0.000000
    115 2.394995 0.000000 0.034000 0.000000 0.000000 0.000000
    116 0.008000 0.000000 1.401997 0.000000 0.000000 0.000000
    117 1.148998 0.000000 0.626999 0.000000 0.000000 0.000000
    118 1.107998 0.000000 0.153000 0.000000 0.000000 0.000000
    119 -2.457995 0.000000 0.449999 0.000000 0.000000 0.000000
    120 0.283000 0.000000 0.659998 0.000000 0.000000 0.000000
    121 4.293992 0.000000 0.136000 0.000000 0.000000 0.000000
    122 1.511997 -0.417999 1.094998 0.000000 0.000000 -1.570755
    123 4.229991 0.000000 0.042000 0.000000 0.000000 0.000000
    124 0.240000 0.000000 -0.662999 0.000000 0.000000 0.000000
    125 1.060998 0.000000 -3.633993 0.000000 0.000000 0.000000
    126 0.193999 0.000000 -2.057996 0.000000 0.000000 0.000000
    127 -0.774998 0.000000 -2.394995 0.000000 0.000000 0.000000
    128 0.000000 0.000000 0.000000 0.000000 0.000000 0.000000
    129 -0.106000 0.000000 64.320000 0.000000 0.000000 0.000000
    130 0.000000 0.000000 0.000000 0.000000 0.000000 0.000000
    131 0.000000 0.000000 0.000000 -0.003332 0.004638 0.009504
    132 20.452573 -0.459815 5.347233 -0.066156 -0.031491 0.081149
    133 0.106000 0.000000 -64.320000 0.000000 0.000000 0.000000
    134 0.000000 0.000000 0.000000 0.000000 0.000000 0.000000
    135 0.000000 0.000000 -4.867002 -3.141592 0.000000 -3.128591
    136 0.000000 0.000000 4.867000 -3.141592 0.000000 -3.128591
    137 4.000000 -6.500000 0.000000 0.000000 0.000000 0.000977
    138 -6.500000 0.000000 0.000000 0.000000 1.570796 0.000000
    139 1.000088 -0.000029 0.000000 0.000000 0.000000 0.000000
    140 17.162516 -0.000404 0.000000 0.000000 0.000000 0.119214
    141 9.999891 -0.000303 0.000000 0.000000 0.000000 0.000000
    142 1.000088 -0.000029 0.000000 0.000000 0.000000 0.000000
    143 17.162516 -0.000404 0.000000 0.000000 0.000000 0.119214
    144 9.499836 0.000212 0.000000 0.000000 0.000000 0.000000
    145 0.000000 0.000000 0.000000 0.000000 0.000000 0.000000
    146 17.749374 0.295515 0.000000 0.000000 0.000000 -1.158958
    147 0.017889 0.299792 0.000000 0.000000 0.000000 -0.059582
    148 12.283573 1.581456 -4.696000 1.462269 -0.086726 0.090185
    149 17.749376 0.295515 0.000000 0.000000 0.000000 -1.158958
    150 0.017889 0.299792 0.000000 0.000000 0.000000 -0.059582
    151 13.354000 0.000000 0.000000 0.000000 0.000000 -0.294101
    152 4.530998 0.000000 0.000000 0.000000 0.000000 0.000000
    153 0.000000 0.000000 0.000000 0.000000 0.000000 0.000000
    154 5.413524 0.000347 0.000000 0.000000 0.000000 -0.518055
    155 5.413524 0.000347 0.000000 0.000000 0.000000 -0.518055
    156 4.662002 -5.366333 4.825191 1.569713 1.561305 -3.121213
    157 3.116966 -0.000443 0.000000 0.000000 0.000000 0.294101
    158 0.000000 0.000000 0.000000 0.000000 0.000000 0.000000
    159 -0.271999 0.000000 2.688000 0.000000 0.000000 0.000000
    160 -12.514652 5.965447 -55.313413 0.063289 0.036667 -0.078915
    161 3.512001 -3.547000 -1.066000 0.000000 1.570796 0.000000
    162 3.456001 -3.517000 1.169000 0.000000 1.570796 0.000000
    163 6.233002 0.000000 0.000000 0.000000 0.000000 0.000000
    164 -0.171997 -0.106000 -0.902000 1.570713 1.029176 -3.134550
    165 6.214652 -6.407345 -0.074221 0.009504 0.003368 -0.004602
    166 0.181000 -0.064000 1.096000 0.000000 0.000000 0.000000
    167 3.999434 -0.000528 -0.000332 -0.078968 -0.000023 -0.000056
    168 3.999901 0.000041 0.001011 0.078448 0.000000 0.000000
    169 1.598000 0.000000 0.000000 0.000000 0.000000 0.000000
    170 -1.145525 0.000130 0.000668 0.000000 0.000000 0.000000
    171 2.299679 -2.499979 -0.599480 0.891953 0.221494 -0.527278
    172 13.461051 0.195866 -3.609814 1.744281 -0.074076 0.601941
    173 -9.580673 -27.862106 -37.184681 0.812879 -0.123459 -0.568477
    174 0.649933 -0.548295 0.093651 -1.665913 -0.131399 -0.112062
    175 0.657074 0.008402 0.040371 -1.665945 -0.131407 -0.000013
    176 0.665776 0.747221 -0.029190 -1.665935 -0.131408 0.094976
    177 2.300138 -2.499413 0.600155 -0.892012 -0.221494 -0.527291
    178 11.289795 0.178167 4.529758 2.262569 -0.352146 0.094552
    179 2.762354 0.116951 1.523975 1.629482 0.064153 1.743800
    180 7.228323 7.928198 -3.925648 2.328713 0.123459 -0.568477
    181 0.650394 -0.547730 -0.092979 1.665913 0.131399 -0.112062
    182 0.657069 0.008398 -0.040379 1.665945 0.131407 -0.000013
    183 0.665777 0.747220 0.029182 1.665935 0.131408 0.094976
    184 -4.481003 -0.202000 0.000000 0.000000 0.000000 0.000000
    185 -5.516998 -0.291000 -0.001000 0.000000 0.000000 0.000000
    186 -0.857700 0.104073 0.104687 0.023536 0.163924 0.013632
    187 1.899121 0.000427 -0.000439 0.027386 -0.033311 0.477848
    188 1.799659 -0.000240 0.000231 0.027386 -0.033311 0.477848
    189 1.799659 -0.000240 0.000231 0.027386 -0.033311 0.477848
    190 1.799659 -0.000240 0.000231 0.027386 -0.033311 0.477848
    191 1.900308 -0.000145 -0.000518 0.027386 -0.033311 0.477848
    192 1.899433 -0.000317 -0.000151 -0.027386 0.033311 0.477848
    193 1.799659 -0.000237 -0.000233 -0.027386 0.033311 0.477848
    194 1.799659 -0.000237 -0.000233 -0.027386 0.033311 0.477848
    195 1.799659 -0.000237 -0.000233 -0.027386 0.033311 0.477848
    196 1.900724 0.000553 -0.000072 -0.027386 0.033311 0.477848
    197 0.599884 0.400187 -0.000031 0.000000 0.000000 0.000000
    198 0.599888 0.400187 0.000031 0.000000 0.000000 -3.141592
    199 0.599503 0.400696 0.000234 0.000000 0.000000 0.000000
    200 0.600399 0.399632 -0.000466 0.000000 0.000000 -3.141592
  time 42
    0 0.000000 0.000000 0.000000 0.000000 0.000000 -1.570796
    1 -0.106323 0.000000 -0.000198 0.000000 0.000000 0.000000
    2 0.000000 0.000000 0.000000 0.000000 0.000000 0.000000
    3 -0.904000 0.000000 -11.806000 0.000000 0.000000 0.000000
    4 0.000000 0.000000 -14.313999 0.000000 -1.570796 1.570857
    5 3.533001 0.000000 0.000000 0.000000 0.000000 0.000000
    6 6.250000 0.000000 0.000000 0.000000 0.000000 0.000000
    7 4.381292 3.132933 -1.682293 -1.153277 1.547377 -1.153364
    8 9.562500 6.343750 1.773438 1.153277 -1.547377 -1.153364
    9 5.790726 0.006694 -0.000113 -0.714579 0.879993 -1.333277
    10 5.999492 -0.000592 -4.000343 0.000000 0.000000 0.000000
    11 5.787410 0.002582 0.000893 0.504557 -0.488797 -1.228447
    12 5.999492 -0.000592 4.000336 0.000000 0.000000 0.000000
    13 0.500225 0.000133 -0.000088 -0.076044 0.000000 0.000000
    14 11.534559 0.004255 -0.001312 0.000079 0.000021 -1.770032
    15 -0.829338 0.893824 0.079659 -0.148839 0.047645 0.087266
    16 0.500225 0.000132 0.000076 0.153504 0.000000 0.000000
    17 11.532495 0.004432 -0.000089 0.000006 -0.000022 -1.605437
    18 -0.829586 0.894698 -0.079464 0.045377 -0.019621 0.087266
    19 10.599884 0.000105 -0.000553 -0.139884 0.000000 0.000000
    20 0.666557 -0.548627 -0.000805 0.000036 0.000047 0.884972
    21 11.042057 -0.000189 0.004704 -0.183200 -0.698688 0.108616
    22 -1.214832 0.203470 -0.477489 -0.135025 -0.078677 -0.001289
    23 10.599880 0.000105 0.000549 0.207691 0.000000 0.000000
    24 0.510300 -0.493937 0.000801 0.000000 -0.000011 0.802702
    25 11.041742 0.003171 -0.000571 0.157984 0.568738 0.969001
    26 -1.063377 0.077663 0.150230 0.045121 0.020046 -0.012850
    27 0.610302 -0.939470 0.070343 -1.655346 -0.140150 -0.175556
    28 0.639940 -0.199121 0.060188 -1.666011 -0.131427 -0.066363
    29 0.600155 1.080261 -0.339535 -1.738076 0.020527 0.106402
    30 0.610207 0.400743 -0.010101 -1.762376 -0.061711 0.042980
    31 0.634715 -0.690090 -0.232343 0.151601 0.263667 -1.066893
    32 -0.792125 0.203736 0.461300 1.439074 -0.003453 -0.018305
    33 0.610300 -0.939469 -0.070351 1.655295 0.140151 -0.175580
    34 0.639937 -0.199121 -0.060200 1.665553 0.091351 -0.070294
    35 0.600157 1.080259 0.339531 1.764755 -0.263802 -0.039199
    36 0.610205 0.400743 0.010086 1.763182 -0.081516 -0.010340
    37 0.624002 -0.695300 0.232270 -0.328991 -0.242348 -0.972324
    38 -0.626031 -0.069983 -0.080517 -1.447153 0.086151 0.021559
    39 2.625284 -0.002532 -0.001438 0.104622 -0.221551 0.155097
    40 2.664743 0.000397 -0.000071 -0.015406 -0.165692 0.427997
    41 2.206394 0.003368 -0.006769 -0.274366 -0.084849 0.535755
    42 0.599952 0.959240 -0.300102 -0.174544 0.000000 0.000000
    43 2.553283 -0.001967 0.006359 -0.034645 -0.098347 0.502566
    44 2.095024 -0.003873 -0.006100 -0.476332 -0.077267 0.357438
    45 0.999380 -0.000236 -1.096085 -0.000001 0.000000 0.000000
    46 -0.122639 -0.721856 0.661690 -0.486644 0.223964 0.243056
    47 2.622113 -0.000648 0.002741 0.241877 0.470087 0.190736
    48 2.654002 0.004589 -0.000533 0.549750 -0.013576 1.319491
    49 2.200016 0.001663 0.000836 0.347673 -0.101390 0.746852
    50 0.599951 0.959244 0.300102 0.174544 0.000000 0.000000
    51 2.556570 -0.004291 0.000554 0.324036 -0.071683 1.115942
    52 2.103851 0.005614 -0.001014 0.573787 -0.307886 0.574445
    53 0.999374 -0.000237 1.142954 0.000000 0.000000 0.000001
    54 0.310846 -0.606445 -0.498005 0.308107 -0.197598 0.313976
    55 1.873069 -0.004741 -0.000994 -0.000007 0.000004 0.682374
    56 1.200941 0.399582 -0.000237 -0.009465 0.016087 0.007127
    57 0.000586 0.100342 -0.000319 -0.120035 -0.021926 -0.209617
    58 -0.161663 0.051712 0.194808 -2.941982 0.122408 -0.060194
    59 2.010092 -0.003202 -0.007284 0.000018 0.000013 0.783101
    60 0.000240 0.099802 -0.000395 -0.018823 0.010833 -0.239219
    61 -0.203197 0.048607 0.069150 -3.093332 0.033217 -0.046722
    62 1.180428 -0.006214 0.000780 -0.000014 0.000000 0.543232
    63 -0.000196 0.099625 -0.000034 0.000000 0.000000 -0.314102
    64 -0.088736 -0.688435 -0.145203 2.930407 -0.136130 0.513013
    65 1.712069 0.000578 -0.000088 0.000346 -0.000356 0.554838
    66 -0.000580 0.100145 -0.000311 -0.010912 0.023129 -0.260841
    67 -0.146030 -0.232426 -0.014225 3.028455 -0.094299 0.113020
    68 1.290632 0.000362 -0.000032 0.000000 0.000000 0.518161
    69 -0.658121 -0.003575 0.072645 -0.142711 0.027792 -0.077299
    70 1.868080 -0.003049 0.006083 0.000003 -0.000021 0.866946
    71 1.200079 0.399944 -0.000093 0.009465 -0.016087 0.007127
    72 0.000591 0.100342 0.000319 0.120035 0.021926 -0.209617
    73 0.068077 0.002285 -0.080050 3.111376 -0.069366 -0.060847
    74 2.015780 -0.005083 0.006086 -0.198981 0.033400 1.249695
    75 0.000229 0.099802 0.000395 0.018823 -0.010833 -0.239219
    76 -0.018673 -0.001009 0.047544 3.109244 0.002635 -0.106673
    77 1.178665 0.001595 0.000845 -0.000054 -0.000036 0.704788
    78 -0.000198 0.099628 0.000034 0.000000 0.000000 -0.314102
    79 0.036892 -0.634449 0.266284 -2.801062 0.174301 0.490914
    80 1.704350 -0.002506 -0.004592 -0.000034 -0.000037 0.903545
    81 -0.000576 0.100136 0.000311 0.010912 -0.023129 -0.260841
    82 -0.003952 -0.281811 0.115047 -3.059162 0.089004 0.167964
    83 1.289627 0.003949 0.000061 0.000034 -0.000009 0.633086
    84 -0.171528 -0.018148 -0.099873 0.013484 -0.062184 -0.011780
    85 0.916622 0.007240 0.001326 -0.002822 -0.000327 0.284016
    86 -0.342617 0.053404 -0.025571 -2.909301 -0.017248 0.075276
    87 1.100231 -0.000930 -0.002434 0.000009 0.000074 0.232998
    88 -0.384983 0.330998 0.006848 -3.087207 -0.018765 -0.184279
    89 0.678146 0.006192 0.000002 -0.000030 -0.000079 0.270124
    90 -0.123848 0.072737 0.029507 2.898184 -0.060627 0.094834
    91 1.017166 -0.000154 -0.000252 -0.008831 -0.008487 0.343771
    92 -0.344986 0.123129 0.143151 2.994981 0.012396 0.059140
    93 -0.730988 0.177046 0.039141 -0.123731 0.076518 -0.084310
    94 0.925900 0.005205 -0.000896 -0.000002 -0.000011 0.085977
    95 -0.124027 -0.052092 0.038496 3.077813 -0.008519 0.039229
    96 1.100430 -0.007458 0.000503 -0.212565 0.025593 0.957954
    97 -0.330082 0.160641 0.042780 3.128073 0.034033 -0.171236
    98 0.679760 0.005438 0.003272 0.000014 0.000003 0.699217
    99 -0.019516 -0.016531 0.038578 -2.763781 0.050305 0.076828
    100 1.014985 0.001206 0.001121 -0.070703 -0.075867 0.876522
    101 -0.155312 0.130643 -0.021921 -3.022466 0.022433 -0.024903
    102 -0.252209 0.061937 -0.024914 -0.007671 -0.063171 -0.044392
    103 -0.085991 0.185203 -0.015180 -2.937063 -0.113970 -0.138991
    104 -0.286537 0.179852 0.024264 -3.109353 -0.049645 -0.029915
    105 -0.019489 0.147084 0.079203 2.893815 0.038585 -0.060594
    106 -0.046482 0.251898 0.129548 3.016165 0.077112 -0.042864
    107 0.039120 -0.040298 0.047739 3.084219 0.030470 -0.037414
    108 -0.233757 0.066630 0.001754 -3.133086 0.040141 -0.065413
    109 0.044266 0.020128 0.001684 -2.778763 -0.118872 -0.040488
    110 0.071495 0.074127 -0.048302 -3.035917 -0.059482 0.104366
    111 0.000000 0.000000 0.000000 0.000000 0.000000 -1.570796
    112 9.859676 -1.128941 -4.836085 -0.081893 -0.030065 0.091093
    113 5.718925 11.555040 -7.121311 -0.123606 -0.808362 -1.323259
    114 -0.348999 0.000000 0.342999 0.000000 0.000000 0.000000
    115 2.394995 0.000000 0.034000 0.000000 0.000000 0.000000
    116 0.008000 0.000000 1.401997 0.000000 0.000000 0.000000
    117 1.148998 0.000000 0.626999 0.000000 0.000000 0.000000
    118 1.107998 0.000000 0.153000 0.000000 0.000000 0.000000
    119 -2.457995 0.000000 0.449999 0.000000 0.000000 0.000000
    120 0.283000 0.000000 0.659998 0.000000 0.000000 0.000000
    121 4.293992 0.000000 0.136000 0.000000 0.000000 0.000000
    122 1.511997 -0.417999 1.094998 0.000000 0.000000 -1.570755
    123 4.229991 0.000000 0.042000 0.000000 0.000000 0.000000
    124 0.240000 0.000000 -0.662999 0.000000 0.000000 0.000000
    125 1.060998 0.000000 -3.633993 0.000000 0.000000 0.000000
    126 0.193999 0.000000 -2.057996 0.000000 0.000000 0.000000
    127 -0.774998 0.000000 -2.394995 0.000000 0.000000 0.000000
    128 0.000000 0.000000 0.000000 0.000000 0.000000 0.000000
    129 -0.106000 0.000000 64.320000 0.000000 0.000000 0.000000
    130 0.000000 0.000000 0.000000 0.000000 0.000000 0.000000
    131 0.000000 0.000000 0.000000 -0.000587 0.002181 0.007994
    132 20.573670 -0.416845 5.265199 -0.081939 -0.030123 0.091159
    133 0.106000 0.000000 -64.320000 0.000000 0.000000 0.000000
    134 0.000000 0.000000 0.000000 0.000000 0.000000 0.000000
    135 0.000000 0.000000 -4.867002 -3.141592 0.000000 -3.128591
    136 0.000000 0.000000 4.867000 -3.141592 0.000000 -3.128591
    137 4.000000 -6.500000 0.000000 0.000000 0.000000 0.000977
    138 -6.500000 0.000000 0.000000 0.000000 1.570796 0.000000
    139 1.000088 -0.000029 0.000000 0.000000 0.000000 0.000000
    140 17.162516 -0.000404 0.000000 0.000000 0.000000 0.119214
    141 9.999891 -0.000303 0.000000 0.000000 0.000000 0.000000
    142 1.000088 -0.000029 0.000000 0.000000 0.000000 0.000000
    143 17.162516 -0.000404 0.000000 0.000000 0.000000 0.119214
    144 9.499836 0.000212 0.000000 0.000000 0.000000 0.000000
    145 0.000000 0.000000 0.000000 0.000000 0.000000 0.000000
    146 17.749374 0.295515 0.000000 0.000000 0.000000 -1.158958
    147 0.017889 0.299792 0.000000 0.000000 0.000000 -0.059582
    148 12.283573 1.581456 -4.696000 1.462269 -0.086726 0.090185
    149 17.749376 0.295515 0.000000 0.000000 0.000000 -1.158958
    150 0.017889 0.299792 0.000000 0.000000 0.000000 -0.059582
    151 13.354000 0.000000 0.000000 0.000000 0.000000 -0.294101
    152 4.530998 0.000000 0.000000 0.000000 0.000000 0.000000
    153 0.000000 0.000000 0.000000 0.000000 0.000000 0.000000
    154 5.413524 0.000347 0.000000 0.000000 0.000000 -0.518055
    155 5.413524 0.000347 0.000000 0.000000 0.000000 -0.518055
    156 4.662002 -5.366333 4.825191 1.569713 1.561305 -3.121213
    157 3.116966 -0.000443 0.000000 0.000000 0.000000 0.294101
    158 0.000000 0.000000 0.000000 0.000000 0.000000 0.000000
    159 -0.271999 0.000000 2.688000 0.000000 0.000000 0.000000
    160 -12.534184 7.035792 -55.141533 0.079205 0.037180 -0.088161
    161 3.512001 -3.547000 -1.066000 0.000000 1.570796 0.000000
    162 3.456001 -3.517000 1.169000 0.000000 1.570796 0.000000
    163 6.233002 0.000000 0.000000 0.000000 0.000000 0.000000
    164 -0.171997 -0.106000 -0.902000 1.570713 1.029176 -3.134550
    165 6.234184 -6.387813 -0.050783 0.007994 0.000599 -0.002181
    166 0.181000 -0.064000 1.096000 0.000000 0.000000 0.000000
    167 3.999434 -0.000528 -0.000332 -0.070028 -0.000023 -0.000044
    168 3.999901 0.000041 0.001011 0.103974 0.000000 0.000000
    169 1.598000 0.000000 0.000000 0.000000 0.000000 0.000000
    170 -1.145525 0.000130 0.000668 0.000000 0.000000 0.000000
    171 2.299679 -2.499979 -0.599480 0.892008 0.221530 -0.527278
    172 13.332141 1.598252 -2.504311 1.563069 -0.157797 0.710244
    173 -9.580673 -27.862106 -37.184681 0.812879 -0.123459 -0.568477
    174 0.649933 -0.548295 0.093651 -1.665913 -0.131399 -0.112062
    175 0.657074 0.008402 0.040371 -1.665945 -0.131407 -0.000013
    176 0.665776 0.747221 -0.029190 -1.665935 -0.131408 0.094976
    177 2.300138 -2.499413 0.600155 -0.891957 -0.221542 -0.527275
    178 11.336672 0.021912 4.506320 2.223146 -0.353305 0.072434
    179 2.762354 0.116951 1.523975 1.629482 0.064153 1.743800
    180 7.228323 7.928198 -3.925648 2.328713 0.123459 -0.568477
    181 0.650394 -0.547730 -0.092979 1.665913 0.131399 -0.112062
    182 0.657069 0.008398 -0.040379 1.665945 0.131407 -0.000013
    183 0.665777 0.747220 0.029182 1.665935 0.131408 0.094976
    184 -4.481003 -0.202000 0.000000 0.000000 0.000000 0.000000
    185 -5.516998 -0.291000 -0.001000 0.000000 0.000000 0.000000
    186 -0.857700 0.104073 0.104687 0.023536 0.163924 0.013632
    187 1.899121 0.000427 -0.000439 0.027386 -0.033311 0.477848
    188 1.799659 -0.000240 0.000231 0.027386 -0.033311 0.477848
    189 1.799659 -0.000240 0.000231 0.027386 -0.033311 0.477848
    190 1.799659 -0.000240 0.000231 0.027386 -0.033311 0.477848
    191 1.900308 -0.000145 -0.000518 0.027386 -0.033311 0.477848
    192 1.899433 -0.000317 -0.000151 -0.027386 0.033311 0.477848
    193 1.799659 -0.000237 -0.000233 -0.027386 0.033311 0.477848
    194 1.799659 -0.000237 -0.000233 -0.027386 0.033311 0.477848
    195 1.799659 -0.000237 -0.000233 -0.027386 0.033311 0.477848
    196 1.900724 0.000553 -0.000072 -0.027386 0.033311 0.477848
    197 0.599884 0.400187 -0.000031 0.000000 0.000000 0.000000
    198 0.599888 0.400187 0.000031 0.000000 0.000000 -3.141592
    199 0.599503 0.400696 0.000234 0.000000 0.000000 0.000000
    200 0.600399 0.399632 -0.000466 0.000000 0.000000 -3.141592
  time 43
    0 0.000000 0.000000 0.000000 0.000000 0.000000 -1.570796
    1 -0.106323 0.000000 -0.000198 0.000000 0.000000 0.000000
    2 0.000000 0.000000 0.000000 0.000000 0.000000 0.000000
    3 -0.904000 0.000000 -11.806000 0.000000 0.000000 0.000000
    4 0.000000 0.000000 -14.313999 0.000000 -1.570796 1.570857
    5 3.533001 0.000000 0.000000 0.000000 0.000000 0.000000
    6 6.250000 0.000000 0.000000 0.000000 0.000000 0.000000
    7 4.381292 3.746233 -1.498694 -1.153277 1.547377 -1.153364
    8 9.562500 6.343750 1.773438 1.153277 -1.547377 -1.153364
    9 5.790726 0.002787 -0.000113 -0.772164 0.787869 -1.328537
    10 5.999492 -0.000592 -4.000343 0.000000 0.000000 0.000000
    11 5.787410 0.002582 0.000893 0.513039 -0.476308 -1.245406
    12 5.999492 -0.000592 4.000336 0.000000 0.000000 0.000000
    13 0.500225 0.000133 -0.000088 -0.014295 0.000000 0.000000
    14 11.534559 0.004255 -0.001312 0.000079 0.000009 -1.699066
    15 -0.829338 0.893824 0.079659 -0.148839 0.047645 0.087266
    16 0.500225 0.000132 0.000076 0.152791 0.000000 0.000000
    17 11.532495 0.000526 -0.000089 0.000066 -0.000058 -1.568097
    18 -0.829586 0.894698 -0.079464 0.045377 -0.019621 0.087266
    19 10.599884 0.000105 -0.000553 -0.145002 0.000000 0.000060
    20 0.596242 -0.525188 -0.000805 0.000000 0.000011 0.849533
    21 11.042057 0.003717 0.000798 -0.167887 -0.527371 0.074692
    22 -1.214832 0.203470 -0.477489 -0.135025 -0.078677 -0.001289
    23 10.599880 0.000105 0.000549 0.232044 -0.000048 0.000000
    24 0.475143 -0.474406 0.000801 0.000000 -0.000011 0.784027
    25 11.041742 0.003171 -0.000571 0.174196 0.564454 0.987312
    26 -1.063377 0.077663 0.150230 0.045121 0.020046 -0.012850
    27 0.610302 -0.939470 0.070343 -1.655295 -0.140079 -0.175580
    28 0.639940 -0.199121 0.060188 -1.665960 -0.131367 -0.066447
    29 0.600155 1.080261 -0.339535 -1.738023 0.020191 0.104041
    30 0.610207 0.400743 -0.010101 -1.762268 -0.061568 0.042956
    31 0.630809 -0.693997 -0.232343 0.102776 0.160532 -1.087524
    32 -0.792125 0.203736 0.461300 1.439074 -0.003453 -0.018305
    33 0.610300 -0.939469 -0.070351 1.655295 0.140079 -0.175592
    34 0.639937 -0.199121 -0.060200 1.665502 0.091351 -0.070294
    35 0.600157 1.080259 0.339531 1.764596 -0.263802 -0.039175
    36 0.610205 0.400743 0.010086 1.763182 -0.081564 -0.010304
    37 0.624002 -0.695300 0.232270 -0.306124 -0.242720 -1.004377
    38 -0.626031 -0.069983 -0.080517 -1.447153 0.086151 0.021559
    39 2.625284 -0.002532 -0.001438 0.128498 -0.204063 0.066046
    40 2.660837 0.000397 -0.000071 -0.012637 -0.183848 0.373513
    41 2.202488 0.003368 -0.006769 -0.363136 -0.129553 0.433291
    42 0.599952 0.959240 -0.300102 -0.174544 0.000000 0.000000
    43 2.557190 -0.005873 0.006359 -0.083125 -0.137321 0.404076
    44 2.095024 -0.003873 -0.002193 -0.443519 -0.092363 0.402048
    45 0.999380 -0.000236 -1.057021 -0.000001 0.000000 0.000000
    46 -0.122639 -0.721856 0.661690 -0.486644 0.223964 0.243056
    47 2.622113 -0.000648 0.002741 0.256150 0.421897 0.241860
    48 2.654002 0.004589 -0.000533 0.499599 -0.011670 1.276991
    49 2.200016 0.001663 0.004743 0.325346 -0.098514 0.723931
    50 0.599951 0.959244 0.300102 0.174544 0.000000 0.000000
    51 2.556570 -0.000385 0.000554 0.295088 -0.063845 1.066661
    52 2.103851 0.005614 -0.001014 0.573293 -0.249342 0.561790
    53 0.999374 -0.000237 1.123422 0.000000 0.000000 0.000001
    54 0.310846 -0.606445 -0.498005 0.308107 -0.197598 0.313976
    55 1.873069 -0.004741 -0.000994 0.000005 0.000063 0.373940
    56 1.200941 0.399582 -0.000237 -0.009465 0.016087 0.007127
    57 0.000586 0.100342 -0.000319 -0.120035 -0.021926 -0.209617
    58 -0.161663 0.051712 0.194808 -2.941982 0.122408 -0.060194
    59 2.010092 -0.003202 -0.003377 0.000030 0.000060 0.483726
    60 0.000240 0.099802 -0.000395 -0.018823 0.010833 -0.239219
    61 -0.203197 0.048607 0.069150 -3.093332 0.033217 -0.046722
    62 1.180428 -0.006214 0.000780 -0.000002 0.000060 0.457465
    63 -0.000196 0.099625 -0.000034 0.000000 0.000000 -0.314102
    64 -0.088736 -0.688435 -0.145203 2.930407 -0.136130 0.513013
    65 1.712069 0.000578 0.003818 0.000538 -0.001291 0.349570
    66 -0.000580 0.100145 -0.000311 -0.010912 0.023129 -0.260841
    67 -0.146030 -0.232426 -0.014225 3.028455 -0.094299 0.113020
    68 1.290632 0.000362 -0.000032 0.000000 0.000000 0.719696
    69 -0.658121 -0.003575 0.072645 -0.142711 0.027792 -0.077299
    70 1.868080 -0.003049 0.006083 0.000003 -0.000021 0.812036
    71 1.200079 0.399944 -0.000093 0.009465 -0.016087 0.007127
    72 0.000591 0.100342 0.000319 0.120035 0.021926 -0.209617
    73 0.068077 0.002285 -0.080050 3.111376 -0.069366 -0.060847
    74 2.015780 -0.005083 0.006086 -0.146908 0.024640 1.207752
    75 0.000229 0.099802 0.000395 0.018823 -0.010833 -0.239219
    76 -0.018673 -0.001009 0.047544 3.109244 0.002635 -0.106673
    77 1.178665 0.001595 0.000845 -0.000018 0.000059 0.732048
    78 -0.000198 0.099628 0.000034 0.000000 0.000000 -0.314102
    79 0.036892 -0.634449 0.266284 -2.801062 0.174301 0.490914
    80 1.704350 -0.002506 -0.004592 -0.000022 0.000023 0.951655
    81 -0.000576 0.100136 0.000311 0.010912 -0.023129 -0.260841
    82 -0.003952 -0.281811 0.115047 -3.059162 0.089004 0.167964
    83 1.289627 0.003949 0.000061 -0.000014 0.000003 0.498371
    84 -0.171528 -0.018148 -0.099873 0.013484 -0.062184 -0.011780
    85 0.912716 0.007240 0.001326 -0.003505 -0.000842 0.282204
    86 -0.342617 0.053404 -0.025571 -2.909301 -0.017248 0.075276
    87 1.100231 -0.000930 -0.002434 0.000009 0.000014 0.426498
    88 -0.384983 0.330998 0.006848 -3.087207 -0.018765 -0.184279
    89 0.678146 0.006192 0.000002 -0.000030 -0.000079 0.378910
    90 -0.123848 0.072737 0.029507 2.898184 -0.060627 0.094834
    91 1.017166 -0.000154 -0.000252 -0.029805 -0.011855 0.576165
    92 -0.344986 0.123129 0.143151 2.994981 0.012396 0.059140
    93 -0.730988 0.177046 0.039141 -0.123731 0.076518 -0.084310
    94 0.925900 0.001298 -0.000896 -0.000002 -0.000011 0.330332
    95 -0.124027 -0.052092 0.038496 3.077813 -0.008519 0.039229
    96 1.100430 -0.003552 0.000503 -0.213009 -0.012278 0.784693
    97 -0.330082 0.160641 0.042780 3.128073 0.034033 -0.171236
    98 0.679760 0.005438 0.003272 0.000014 0.000003 0.687743
    99 -0.019516 -0.016531 0.038578 -2.763781 0.050305 0.076828
    100 1.014985 0.005113 0.001121 -0.065214 -0.102149 0.813718
    101 -0.155312 0.130643 -0.021921 -3.022466 0.022433 -0.024903
    102 -0.252209 0.061937 -0.024914 -0.007671 -0.063171 -0.044392
    103 -0.085991 0.185203 -0.015180 -2.937063 -0.113970 -0.138991
    104 -0.286537 0.179852 0.024264 -3.109353 -0.049645 -0.029915
    105 -0.019489 0.147084 0.079203 2.893815 0.038585 -0.060594
    106 -0.046482 0.251898 0.129548 3.016165 0.077112 -0.042864
    107 0.039120 -0.040298 0.047739 3.084219 0.030470 -0.037414
    108 -0.233757 0.066630 0.001754 -3.133086 0.040141 -0.065413
    109 0.044266 0.020128 0.001684 -2.778763 -0.118872 -0.040488
    110 0.071495 0.074127 -0.048302 -3.035917 -0.059482 0.104366
    111 0.000000 0.000000 0.000000 0.000000 0.000000 -1.570796
    112 10.219062 -1.078158 -4.836085 -0.123396 -0.025884 0.083497
    113 6.238472 11.074557 -6.675985 -0.110015 -0.790506 -1.355724
    114 -0.348999 0.000000 0.342999 0.000000 0.000000 0.000000
    115 2.394995 0.000000 0.034000 0.000000 0.000000 0.000000
    116 0.008000 0.000000 1.401997 0.000000 0.000000 0.000000
    117 1.148998 0.000000 0.626999 0.000000 0.000000 0.000000
    118 1.107998 0.000000 0.153000 0.000000 0.000000 0.000000
    119 -2.457995 0.000000 0.449999 0.000000 0.000000 0.000000
    120 0.283000 0.000000 0.659998 0.000000 0.000000 0.000000
    121 4.293992 0.000000 0.136000 0.000000 0.000000 0.000000
    122 1.511997 -0.417999 1.094998 0.000000 0.000000 -1.570755
    123 4.229991 0.000000 0.042000 0.000000 0.000000 0.000000
    124 0.240000 0.000000 -0.662999 0.000000 0.000000 0.000000
    125 1.060998 0.000000 -3.633993 0.000000 0.000000 0.000000
    126 0.193999 0.000000 -2.057996 0.000000 0.000000 0.000000
    127 -0.774998 0.000000 -2.394995 0.000000 0.000000 0.000000
    128 0.000000 0.000000 0.000000 0.000000 0.000000 0.000000
    129 -0.106000 0.000000 64.320000 0.000000 0.000000 0.000000
    130 0.000000 0.000000 0.000000 0.000000 0.000000 0.000000
    131 0.000000 0.000000 0.000000 -0.000779 0.003476 0.007191
    132 20.933056 -0.522317 5.233948 -0.123593 -0.025942 0.083561
    133 0.106000 0.000000 -64.320000 0.000000 0.000000 0.000000
    134 0.000000 0.000000 0.000000 0.000000 0.000000 0.000000
    135 0.000000 0.000000 -4.867002 -3.141592 0.000000 -3.128591
    136 0.000000 0.000000 4.867000 -3.141592 0.000000 -3.128591
    137 4.000000 -6.500000 0.000000 0.000000 0.000000 0.000977
    138 -6.500000 0.000000 0.000000 0.000000 1.570796 0.000000
    139 1.000088 -0.000029 0.000000 0.000000 0.000000 0.000000
    140 17.162516 -0.000404 0.000000 0.000000 0.000000 0.119214
    141 9.999891 -0.000303 0.000000 0.000000 0.000000 0.000000
    142 1.000088 -0.000029 0.000000 0.000000 0.000000 0.000000
    143 17.162516 -0.000404 0.000000 0.000000 0.000000 0.119214
    144 9.499836 0.000212 0.000000 0.000000 0.000000 0.000000
    145 0.000000 0.000000 0.000000 0.000000 0.000000 0.000000
    146 17.749374 0.295515 0.000000 0.000000 0.000000 -1.158958
    147 0.017889 0.299792 0.000000 0.000000 0.000000 -0.059582
    148 12.283573 1.581456 -4.696000 1.462269 -0.086726 0.090185
    149 17.749376 0.295515 0.000000 0.000000 0.000000 -1.158958
    150 0.017889 0.299792 0.000000 0.000000 0.000000 -0.059582
    151 13.354000 0.000000 0.000000 0.000000 0.000000 -0.294101
    152 4.530998 0.000000 0.000000 0.000000 0.000000 0.000000
    153 0.000000 0.000000 0.000000 0.000000 0.000000 0.000000
    154 5.413524 0.000347 0.000000 0.000000 0.000000 -0.518055
    155 5.413524 0.000347 0.000000 0.000000 0.000000 -0.518055
    156 4.662002 -5.366333 4.825191 1.569713 1.561305 -3.121213
    157 3.116966 -0.000443 0.000000 0.000000 0.000000 0.294101
    158 0.000000 0.000000 0.000000 0.000000 0.000000 0.000000
    159 -0.271999 0.000000 2.688000 0.000000 0.000000 0.000000
    160 -12.674813 9.375707 -54.848555 0.121003 0.036069 -0.079700
    161 3.512001 -3.547000 -1.066000 0.000000 1.570796 0.000000
    162 3.456001 -3.517000 1.169000 0.000000 1.570796 0.000000
    163 6.233002 0.000000 0.000000 0.000000 0.000000 0.000000
    164 -0.171997 -0.106000 -0.902000 1.570713 1.029176 -3.134550
    165 6.226371 -6.395626 -0.050783 0.007191 0.000803 -0.003476
    166 0.181000 -0.064000 1.096000 0.000000 0.000000 0.000000
    167 3.999434 -0.000528 -0.000332 -0.072524 -0.000059 0.000052
    168 3.999901 0.000041 0.001011 0.116079 0.000000 0.000000
    169 1.598000 0.000000 0.000000 0.000000 0.000000 0.000000
    170 -1.145525 0.000130 0.000668 0.000000 0.000000 0.000000
    171 2.299679 -2.499979 -0.599480 0.891953 0.221506 -0.527278
    172 12.816500 2.645159 -1.551157 1.388274 -0.199381 0.778599
    173 -9.580673 -27.862106 -37.184681 0.812879 -0.123459 -0.568477
    174 0.649933 -0.548295 0.093651 -1.665913 -0.131399 -0.112062
    175 0.657074 0.008402 0.040371 -1.665945 -0.131407 -0.000013
    176 0.665776 0.747221 -0.029190 -1.665935 -0.131408 0.094976
    177 2.300138 -2.499413 0.600155 -0.892012 -0.221494 -0.527291
    178 11.387454 -0.149968 4.478975 2.183077 -0.354773 0.049752
    179 2.762354 0.116951 1.523975 1.629482 0.064153 1.743800
    180 7.228323 7.928198 -3.925648 2.328713 0.123459 -0.568477
    181 0.650394 -0.547730 -0.092979 1.665913 0.131399 -0.112062
    182 0.657069 0.008398 -0.040379 1.665945 0.131407 -0.000013
    183 0.665777 0.747220 0.029182 1.665935 0.131408 0.094976
    184 -4.481003 -0.202000 0.000000 0.000000 0.000000 0.000000
    185 -5.516998 -0.291000 -0.001000 0.000000 0.000000 0.000000
    186 -0.857700 0.104073 0.104687 0.023536 0.163924 0.013632
    187 1.899121 0.000427 -0.000439 0.027386 -0.033311 0.477848
    188 1.799659 -0.000240 0.000231 0.027386 -0.033311 0.477848
    189 1.799659 -0.000240 0.000231 0.027386 -0.033311 0.477848
    190 1.799659 -0.000240 0.000231 0.027386 -0.033311 0.477848
    191 1.900308 -0.000145 -0.000518 0.027386 -0.033311 0.477848
    192 1.899433 -0.000317 -0.000151 -0.027386 0.033311 0.477848
    193 1.799659 -0.000237 -0.000233 -0.027386 0.033311 0.477848
    194 1.799659 -0.000237 -0.000233 -0.027386 0.033311 0.477848
    195 1.799659 -0.000237 -0.000233 -0.027386 0.033311 0.477848
    196 1.900724 0.000553 -0.000072 -0.027386 0.033311 0.477848
    197 0.599884 0.400187 -0.000031 0.000000 0.000000 0.000000
    198 0.599888 0.400187 0.000031 0.000000 0.000000 -3.141592
    199 0.599503 0.400696 0.000234 0.000000 0.000000 0.000000
    200 0.600399 0.399632 -0.000466 0.000000 0.000000 -3.141592
  time 44
    0 0.000000 0.000000 0.000000 0.000000 0.000000 -1.570796
    1 -0.106323 0.000000 -0.000198 0.000000 0.000000 0.000000
    2 0.000000 0.000000 0.000000 0.000000 0.000000 0.000000
    3 -0.904000 0.000000 -11.806000 0.000000 0.000000 0.000000
    4 0.000000 0.000000 -14.313999 0.000000 -1.570796 1.570857
    5 3.533001 0.000000 0.000000 0.000000 0.000000 0.000000
    6 6.250000 0.000000 0.000000 0.000000 0.000000 0.000000
    7 4.381292 4.371252 -1.233061 -1.153277 1.547377 -1.153364
    8 9.562500 6.343750 1.773438 1.153277 -1.547377 -1.153364
    9 5.786820 0.002787 -0.000113 -0.899369 0.626090 -1.454429
    10 5.999492 -0.000592 -4.000343 0.000000 0.000000 0.000000
    11 5.787410 0.002582 0.000893 0.525223 -0.457035 -1.270116
    12 5.999492 -0.000592 4.000336 0.000000 0.000000 0.000000
    13 0.500225 0.000133 -0.000088 0.056639 0.000000 0.000000
    14 11.534559 0.004255 -0.001312 -0.000017 0.000009 -1.570612
    15 -0.829338 0.893824 0.079659 -0.148839 0.047645 0.087266
    16 0.500225 0.000132 0.000076 0.151856 0.000000 0.000000
    17 11.532495 0.004432 -0.000089 0.000006 -0.000022 -1.511665
    18 -0.829586 0.894698 -0.079464 0.045377 -0.019621 0.087266
    19 10.599884 0.000105 -0.000553 -0.287357 0.000000 0.000000
    20 0.475145 -0.482218 -0.000805 -0.000012 -0.000049 0.785314
    21 11.042057 0.003717 0.000798 -0.311353 -0.430610 0.329540
    22 -1.214832 0.203470 -0.477489 -0.135025 -0.078677 -0.001289
    23 10.599880 0.000105 0.000549 0.227899 0.000048 0.000060
    24 0.432173 -0.458780 0.000801 0.000000 -0.000011 0.755815
    25 11.041742 0.003171 -0.000571 0.168642 0.564388 0.996349
    26 -1.063377 0.077663 0.150230 0.045121 0.020046 -0.012850
    27 0.610302 -0.939470 0.070343 -1.655346 -0.140150 -0.175568
    28 0.639940 -0.199121 0.060188 -1.666011 -0.131523 -0.066435
    29 0.600155 1.080261 -0.339535 -1.738341 0.019136 0.097641
    30 0.610207 0.400743 -0.010101 -1.762376 -0.061675 0.042920
    31 0.634715 -0.693997 -0.232343 0.073593 0.164427 -1.024655
    32 -0.792125 0.203736 0.461300 1.439074 -0.003453 -0.018305
    33 0.610300 -0.939469 -0.070351 1.655346 0.140091 -0.175580
    34 0.639937 -0.199121 -0.060200 1.665706 0.091303 -0.070234
    35 0.600157 1.080259 0.339531 1.764755 -0.263838 -0.039247
    36 0.610205 0.400743 0.010086 1.763182 -0.081564 -0.010388
    37 0.624002 -0.695300 0.232270 -0.287261 -0.242971 -1.031051
    38 -0.626031 -0.069983 -0.080517 -1.447153 0.086151 0.021559
    39 2.625284 -0.002532 -0.005345 0.048222 -0.273953 0.276190
    40 2.664743 0.000397 -0.000071 -0.064623 -0.217813 0.580374
    41 2.202488 0.003368 -0.006769 -0.331328 -0.122614 0.632655
    42 0.599952 0.959240 -0.300102 -0.174544 0.000000 0.000000
    43 2.557190 -0.005873 0.006359 -0.098252 -0.152014 0.606799
    44 2.095024 -0.003873 -0.002193 -0.445455 -0.093802 0.505128
    45 0.999380 -0.000236 -1.088272 -0.000001 0.000000 0.000000
    46 -0.122639 -0.721856 0.661690 -0.486644 0.223964 0.243056
    47 2.622113 -0.000648 0.002741 0.287667 0.315690 0.354280
    48 2.654002 0.004589 -0.000533 0.448312 -0.009800 1.233191
    49 2.200016 0.001663 0.004743 0.303965 -0.095674 0.701799
    50 0.599951 0.959244 0.300102 0.174544 0.000000 0.000000
    51 2.556570 -0.000385 0.000554 0.267131 -0.056318 1.019031
    52 2.103851 0.001708 -0.001014 0.573293 -0.185727 0.553255
    53 0.999374 -0.000237 1.107796 0.000000 0.000000 0.000001
    54 0.310846 -0.606445 -0.498005 0.308107 -0.197598 0.313976
    55 1.873069 -0.004741 -0.000994 -0.000019 -0.000044 0.435687
    56 1.200941 0.399582 -0.000237 -0.009465 0.016087 0.007127
    57 0.000586 0.100342 -0.000319 -0.120035 -0.021926 -0.209617
    58 -0.161663 0.051712 0.194808 -2.941982 0.122408 -0.060194
    59 2.010092 -0.003202 -0.007284 0.000077 0.000001 0.404301
    60 0.000240 0.099802 -0.000395 -0.018823 0.010833 -0.239219
    61 -0.203197 0.048607 0.069150 -3.093332 0.033217 -0.046722
    62 1.180428 -0.006214 0.000780 -0.000026 -0.000048 0.457691
    63 -0.000196 0.099625 -0.000034 0.000000 0.000000 -0.314102
    64 -0.088736 -0.688435 -0.145203 2.930407 -0.136130 0.513013
    65 1.715976 0.000578 -0.000088 0.000838 -0.003676 0.399435
    66 -0.000580 0.100145 -0.000311 -0.010912 0.023129 -0.260841
    67 -0.146030 -0.232426 -0.014225 3.028455 -0.094299 0.113020
    68 1.290632 0.000362 -0.000032 0.000048 0.000000 0.566680
    69 -0.658121 -0.003575 0.072645 -0.142711 0.027792 -0.077299
    70 1.868080 -0.003049 0.006083 0.000027 0.000039 0.691210
    71 1.200079 0.399944 -0.000093 0.009465 -0.016087 0.007127
    72 0.000591 0.100342 0.000319 0.120035 0.021926 -0.209617
    73 0.068077 0.002285 -0.080050 3.111376 -0.069366 -0.060847
    74 2.011874 -0.005083 0.006086 -0.093672 0.015759 1.259219
    75 0.000229 0.099802 0.000395 0.018823 -0.010833 -0.239219
    76 -0.018673 -0.001009 0.047544 3.109244 0.002635 -0.106673
    77 1.178665 0.001595 0.000845 0.000018 -0.000012 0.764254
    78 -0.000198 0.099628 0.000034 0.000000 0.000000 -0.314102
    79 0.036892 -0.634449 0.266284 -2.801062 0.174301 0.490914
    80 1.704350 -0.002506 -0.000686 -0.000022 0.000023 1.057498
    81 -0.000576 0.100136 0.000311 0.010912 -0.023129 -0.260841
    82 -0.003952 -0.281811 0.115047 -3.059162 0.089004 0.167964
    83 1.289627 0.003949 0.000061 -0.000014 0.000003 0.349120
    84 -0.171528 -0.018148 -0.099873 0.013484 -0.062184 -0.011780
    85 0.912716 0.007240 0.001326 -0.002450 -0.000758 0.314738
    86 -0.342617 0.053404 -0.025571 -2.909301 -0.017248 0.075276
    87 1.100231 -0.000930 -0.002434 0.000009 0.000014 0.329407
    88 -0.384983 0.330998 0.006848 -3.087207 -0.018765 -0.184279
    89 0.678146 0.002286 0.000002 -0.000018 -0.000019 0.400614
    90 -0.123848 0.072737 0.029507 2.898184 -0.060627 0.094834
    91 1.017166 -0.000154 -0.000252 -0.089931 -0.015474 0.524714
    92 -0.344986 0.123129 0.143151 2.994981 0.012396 0.059140
    93 -0.730988 0.177046 0.039141 -0.123731 0.076518 -0.084310
    94 0.921993 0.001298 -0.000896 -0.000002 -0.000011 0.612864
    95 -0.124027 -0.052092 0.038496 3.077813 -0.008519 0.039229
    96 1.100430 -0.007458 0.000503 -0.213536 -0.032712 0.691535
    97 -0.330082 0.160641 0.042780 3.128073 0.034033 -0.171236
    98 0.679760 0.005438 0.003272 0.000014 0.000003 0.796592
    99 -0.019516 -0.016531 0.038578 -2.763781 0.050305 0.076828
    100 1.014985 0.001206 0.001121 -0.068342 -0.086234 0.867136
    101 -0.155312 0.130643 -0.021921 -3.022466 0.022433 -0.024903
    102 -0.252209 0.061937 -0.024914 -0.007671 -0.063171 -0.044392
    103 -0.085991 0.185203 -0.015180 -2.937063 -0.113970 -0.138991
    104 -0.286537 0.179852 0.024264 -3.109353 -0.049645 -0.029915
    105 -0.019489 0.147084 0.079203 2.893815 0.038585 -0.060594
    106 -0.046482 0.251898 0.129548 3.016165 0.077112 -0.042864
    107 0.039120 -0.040298 0.047739 3.084219 0.030470 -0.037414
    108 -0.233757 0.066630 0.001754 -3.133086 0.040141 -0.065413
    109 0.044266 0.020128 0.001684 -2.778763 -0.118872 -0.040488
    110 0.071495 0.074127 -0.048302 -3.035917 -0.059482 0.104366
    111 0.000000 0.000000 0.000000 0.000000 0.000000 -1.570796
    112 10.719077 -0.968780 -4.832179 -0.179930 -0.020677 0.064627
    113 6.992401 10.344066 -6.418165 -0.126400 -0.770266 -1.377368
    114 -0.348999 0.000000 0.342999 0.000000 0.000000 0.000000
    115 2.394995 0.000000 0.034000 0.000000 0.000000 0.000000
    116 0.008000 0.000000 1.401997 0.000000 0.000000 0.000000
    117 1.148998 0.000000 0.626999 0.000000 0.000000 0.000000
    118 1.107998 0.000000 0.153000 0.000000 0.000000 0.000000
    119 -2.457995 0.000000 0.449999 0.000000 0.000000 0.000000
    120 0.283000 0.000000 0.659998 0.000000 0.000000 0.000000
    121 4.293992 0.000000 0.136000 0.000000 0.000000 0.000000
    122 1.511997 -0.417999 1.094998 0.000000 0.000000 -1.570755
    123 4.229991 0.000000 0.042000 0.000000 0.000000 0.000000
    124 0.240000 0.000000 -0.662999 0.000000 0.000000 0.000000
    125 1.060998 0.000000 -3.633993 0.000000 0.000000 0.000000
    126 0.193999 0.000000 -2.057996 0.000000 0.000000 0.000000
    127 -0.774998 0.000000 -2.394995 0.000000 0.000000 0.000000
    128 0.000000 0.000000 0.000000 0.000000 0.000000 0.000000
    129 -0.106000 0.000000 64.320000 0.000000 0.000000 0.000000
    130 0.000000 0.000000 0.000000 0.000000 0.000000 0.000000
    131 0.000000 0.000000 0.000000 -0.001366 0.006292 0.006879
    132 21.436978 -0.705916 5.202697 -0.180036 -0.020696 0.064626
    133 0.106000 0.000000 -64.320000 0.000000 0.000000 0.000000
    134 0.000000 0.000000 0.000000 0.000000 0.000000 0.000000
    135 0.000000 0.000000 -4.867002 -3.141592 0.000000 -3.128591
    136 0.000000 0.000000 4.867000 -3.141592 0.000000 -3.128591
    137 4.000000 -6.500000 0.000000 0.000000 0.000000 0.000977
    138 -6.500000 0.000000 0.000000 0.000000 1.570796 0.000000
    139 1.000088 -0.000029 0.000000 0.000000 0.000000 0.000000
    140 17.162516 -0.000404 0.000000 0.000000 0.000000 0.119214
    141 9.999891 -0.000303 0.000000 0.000000 0.000000 0.000000
    142 1.000088 -0.000029 0.000000 0.000000 0.000000 0.000000
    143 17.162516 -0.000404 0.000000 0.000000 0.000000 0.119214
    144 9.499836 0.000212 0.000000 0.000000 0.000000 0.000000
    145 0.000000 0.000000 0.000000 0.000000 0.000000 0.000000
    146 17.749374 0.295515 0.000000 0.000000 0.000000 -1.158958
    147 0.017889 0.299792 0.000000 0.000000 0.000000 -0.059582
    148 12.283573 1.581456 -4.696000 1.462269 -0.086726 0.090185
    149 17.749376 0.295515 0.000000 0.000000 0.000000 -1.158958
    150 0.017889 0.299792 0.000000 0.000000 0.000000 -0.059582
    151 13.354000 0.000000 0.000000 0.000000 0.000000 -0.294101
    152 4.530998 0.000000 0.000000 0.000000 0.000000 0.000000
    153 0.000000 0.000000 0.000000 0.000000 0.000000 0.000000
    154 5.413524 0.000347 0.000000 0.000000 0.000000 -0.518055
    155 5.413524 0.000347 0.000000 0.000000 0.000000 -0.518055
    156 4.662002 -5.366333 4.825191 1.569713 1.561305 -3.121213
    157 3.116966 -0.000443 0.000000 0.000000 0.000000 0.294101
    158 0.000000 0.000000 0.000000 0.000000 0.000000 0.000000
    159 -0.271999 0.000000 2.688000 0.000000 0.000000 0.000000
    160 -12.889663 12.414862 -54.329008 0.178548 0.031706 -0.059899
    161 3.512001 -3.547000 -1.066000 0.000000 1.570796 0.000000
    162 3.456001 -3.517000 1.169000 0.000000 1.570796 0.000000
    163 6.233002 0.000000 0.000000 0.000000 0.000000 0.000000
    164 -0.171997 -0.106000 -0.902000 1.570713 1.029176 -3.134550
    165 6.202933 -6.419064 -0.050783 0.006879 0.001402 -0.006280
    166 0.181000 -0.064000 1.096000 0.000000 0.000000 0.000000
    167 3.999434 -0.000528 -0.000332 -0.143682 -0.000023 0.000004
    168 3.999901 0.000041 0.001011 0.114039 0.000000 0.000000
    169 1.598000 0.000000 0.000000 0.000000 0.000000 0.000000
    170 -1.145525 0.000130 0.000668 0.000000 0.000000 0.000000
    171 2.299679 -2.499979 -0.599480 0.892008 0.221566 -0.527230
    172 11.890691 2.180301 -0.855824 1.344504 -0.200845 0.611262
    173 -9.580673 -27.862106 -37.184681 0.812879 -0.123459 -0.568477
    174 0.649933 -0.548295 0.093651 -1.665913 -0.131399 -0.112062
    175 0.657074 0.008402 0.040371 -1.665945 -0.131407 -0.000013
    176 0.665776 0.747221 -0.029190 -1.665935 -0.131408 0.094976
    177 2.300138 -2.499413 0.600155 -0.892039 -0.221542 -0.527275
    178 11.426518 -0.302316 4.451630 2.148299 -0.355888 0.029185
    179 2.762354 0.116951 1.523975 1.629482 0.064153 1.743800
    180 7.228323 7.928198 -3.925648 2.328713 0.123459 -0.568477
    181 0.650394 -0.547730 -0.092979 1.665913 0.131399 -0.112062
    182 0.657069 0.008398 -0.040379 1.665945 0.131407 -0.000013
    183 0.665777 0.747220 0.029182 1.665935 0.131408 0.094976
    184 -4.481003 -0.202000 0.000000 0.000000 0.000000 0.000000
    185 -5.516998 -0.291000 -0.001000 0.000000 0.000000 0.000000
    186 -0.857700 0.104073 0.104687 0.023536 0.163924 0.013632
    187 1.899121 0.000427 -0.000439 0.027386 -0.033311 0.477848
    188 1.799659 -0.000240 0.000231 0.027386 -0.033311 0.477848
    189 1.799659 -0.000240 0.000231 0.027386 -0.033311 0.477848
    190 1.799659 -0.000240 0.000231 0.027386 -0.033311 0.477848
    191 1.900308 -0.000145 -0.000518 0.027386 -0.033311 0.477848
    192 1.899433 -0.000317 -0.000151 -0.027386 0.033311 0.477848
    193 1.799659 -0.000237 -0.000233 -0.027386 0.033311 0.477848
    194 1.799659 -0.000237 -0.000233 -0.027386 0.033311 0.477848
    195 1.799659 -0.000237 -0.000233 -0.027386 0.033311 0.477848
    196 1.900724 0.000553 -0.000072 -0.027386 0.033311 0.477848
    197 0.599884 0.400187 -0.000031 0.000000 0.000000 0.000000
    198 0.599888 0.400187 0.000031 0.000000 0.000000 -3.141592
    199 0.599503 0.400696 0.000234 0.000000 0.000000 0.000000
    200 0.600399 0.399632 -0.000466 0.000000 0.000000 -3.141592
  time 45
    0 0.000000 0.000000 0.000000 0.000000 0.000000 -1.570796
    1 -0.106323 0.000000 -0.000198 0.000000 0.000000 0.000000
    2 0.000000 0.000000 0.000000 0.000000 0.000000 0.000000
    3 -0.904000 0.000000 -11.806000 0.000000 0.000000 0.000000
    4 0.000000 0.000000 -14.313999 0.000000 -1.570796 1.570857
    5 3.533001 0.000000 0.000000 0.000000 0.000000 0.000000
    6 6.250000 0.000000 0.000000 0.000000 0.000000 0.000000
    7 4.373480 4.976739 -0.928364 -1.153277 1.547377 -1.153364
    8 9.562500 6.343750 1.773438 1.153277 -1.547377 -1.153364
    9 5.786820 0.002787 -0.000113 -0.991808 0.450640 -1.552071
    10 5.999492 -0.000592 -4.000343 0.000000 0.000000 0.000000
    11 5.787410 0.002582 0.000893 0.538544 -0.432635 -1.298929
    12 5.999492 -0.000592 4.000336 0.000000 0.000000 0.000000
    13 0.500225 0.000133 -0.000088 0.118846 0.000048 0.000000
    14 11.538465 0.000348 -0.001312 -0.000017 0.000009 -1.399898
    15 -0.829338 0.893824 0.079659 -0.148839 0.047645 0.087266
    16 0.500225 0.000132 0.000076 0.150749 0.000000 -0.000048
    17 11.532495 0.004432 -0.000089 0.000066 0.000026 -1.442889
    18 -0.829586 0.894698 -0.079464 0.045377 -0.019621 0.087266
    19 10.599884 0.000105 -0.000553 -0.555419 0.000000 0.000000
    20 0.342328 -0.407997 -0.000805 0.000000 0.000011 0.699861
    21 11.042057 0.003717 0.004704 -0.538074 -0.284489 0.592270
    22 -1.214832 0.203470 -0.477489 -0.135025 -0.078677 -0.001289
    23 10.599880 0.000105 0.000549 0.197242 0.000000 0.000000
    24 0.373577 -0.427529 0.000801 -0.000060 0.000013 0.721342
    25 11.041742 0.003171 -0.000571 0.143910 0.566321 0.991860
    26 -1.063377 0.077663 0.150230 0.045121 0.020046 -0.012850
    27 0.610302 -0.939470 0.070343 -1.655295 -0.140091 -0.175676
    28 0.639940 -0.199121 0.060188 -1.665960 -0.131391 -0.066483
    29 0.600155 1.080261 -0.339535 -1.738394 0.017423 0.087946
    30 0.610207 0.400743 -0.010101 -1.762268 -0.061568 0.042896
    31 0.630809 -0.693997 -0.232343 0.052920 0.181667 -0.953159
    32 -0.792125 0.203736 0.461300 1.439074 -0.003453 -0.018305
    33 0.610300 -0.939469 -0.070351 1.655295 0.140139 -0.175580
    34 0.639937 -0.199121 -0.060200 1.665553 0.091387 -0.070234
    35 0.600157 1.080259 0.339531 1.764649 -0.263850 -0.039151
    36 0.610205 0.400743 0.010086 1.763182 -0.081492 -0.010208
    37 0.624002 -0.691393 0.232270 -0.279363 -0.243103 -1.042178
    38 -0.626031 -0.069983 -0.080517 -1.447153 0.086151 0.021559
    39 2.621377 -0.002532 -0.001438 -0.072812 -0.363965 0.607872
    40 2.660837 0.000397 -0.000071 -0.162416 -0.265895 0.883418
    41 2.202488 0.003368 -0.006769 -0.283055 -0.128091 0.939038
    42 0.599952 0.959240 -0.300102 -0.174544 0.000000 0.000000
    43 2.557190 -0.005873 0.006359 -0.121381 -0.187512 0.912739
    44 2.095024 -0.003873 -0.002193 -0.442587 -0.102069 0.648891
    45 0.999380 -0.000236 -1.135149 -0.000001 0.000000 0.000000
    46 -0.122639 -0.721856 0.661690 -0.486644 0.223964 0.243056
    47 2.622113 -0.000648 0.002741 0.319166 0.209518 0.466724
    48 2.654002 0.004589 -0.000533 0.402775 -0.008015 1.194633
    49 2.200016 0.001663 0.004743 0.287750 -0.093553 0.685123
    50 0.599951 0.959244 0.300102 0.174544 0.000000 0.000000
    51 2.556570 -0.000385 0.000554 0.246024 -0.050626 0.983318
    52 2.103851 0.005614 -0.001014 0.573604 -0.155748 0.550139
    53 0.999374 -0.000237 1.103890 0.000000 0.000000 0.000001
    54 0.310846 -0.606445 -0.498005 0.308107 -0.197598 0.313976
    55 1.873069 -0.004741 -0.000994 -0.000007 0.000004 0.571081
    56 1.200941 0.399582 -0.000237 -0.009465 0.016087 0.007127
    57 0.000586 0.100342 -0.000319 -0.120035 -0.021926 -0.209617
    58 -0.161663 0.051712 0.194808 -2.941982 0.122408 -0.060194
    59 2.010092 -0.007109 -0.003377 -0.000042 0.000037 0.519357
    60 0.000240 0.099802 -0.000395 -0.018823 0.010833 -0.239219
    61 -0.203197 0.048607 0.069150 -3.093332 0.033217 -0.046722
    62 1.180428 -0.006214 0.000780 -0.000038 0.000000 0.458272
    63 -0.000196 0.099625 -0.000034 0.000000 0.000000 -0.314102
    64 -0.088736 -0.688435 -0.145203 2.930407 -0.136130 0.513013
    65 1.712069 0.000578 -0.000088 0.001605 -0.007487 0.509111
    66 -0.000580 0.100145 -0.000311 -0.010912 0.023129 -0.260841
    67 -0.146030 -0.232426 -0.014225 3.028455 -0.094299 0.113020
    68 1.290632 0.000362 -0.000032 0.000000 0.000000 0.380154
    69 -0.658121 -0.003575 0.072645 -0.142711 0.027792 -0.077299
    70 1.868080 -0.003049 0.006083 0.000027 0.000039 0.570484
    71 1.200079 0.399944 -0.000093 0.009465 -0.016087 0.007127
    72 0.000591 0.100342 0.000319 0.120035 0.021926 -0.209617
    73 0.068077 0.002285 -0.080050 3.111376 -0.069366 -0.060847
    74 2.015780 -0.005083 0.002180 -0.046573 0.007753 1.372586
    75 0.000229 0.099802 0.000395 0.018823 -0.010833 -0.239219
    76 -0.018673 -0.001009 0.047544 3.109244 0.002635 -0.106673
    77 1.178665 0.001595 0.000845 -0.000018 0.000059 0.791145
    78 -0.000198 0.099628 0.000034 0.000000 0.000000 -0.314102
    79 0.036892 -0.634449 0.266284 -2.801062 0.174301 0.490914
    80 1.704350 -0.002506 -0.004592 -0.000010 0.000023 1.163387
    81 -0.000576 0.100136 0.000311 0.010912 -0.023129 -0.260841
    82 -0.003952 -0.281811 0.115047 -3.059162 0.089004 0.167964
    83 1.289627 0.003949 0.000061 -0.000014 0.000003 0.228182
    84 -0.171528 -0.018148 -0.099873 0.013484 -0.062184 -0.011780
    85 0.916622 0.007240 0.001326 -0.001336 -0.000459 0.408846
    86 -0.342617 0.053404 -0.025571 -2.909301 -0.017248 0.075276
    87 1.100231 -0.000930 -0.002434 -0.000003 -0.000046 0.261736
    88 -0.384983 0.330998 0.006848 -3.087207 -0.018765 -0.184279
    89 0.678146 0.006192 0.000002 -0.000006 0.000029 0.448515
    90 -0.123848 0.072737 0.029507 2.898184 -0.060627 0.094834
    91 1.017166 -0.000154 -0.000252 -0.183423 -0.023384 0.469485
    92 -0.344986 0.123129 0.143151 2.994981 0.012396 0.059140
    93 -0.730988 0.177046 0.039141 -0.123731 0.076518 -0.084310
    94 0.925900 0.001298 -0.000896 -0.000026 -0.000059 0.846474
    95 -0.124027 -0.052092 0.038496 3.077813 -0.008519 0.039229
    96 1.100430 -0.007458 0.000503 -0.214471 -0.027583 0.714861
    97 -0.330082 0.160641 0.042780 3.128073 0.034033 -0.171236
    98 0.679760 0.005438 0.003272 0.000014 0.000003 1.036193
    99 -0.019516 -0.016531 0.038578 -2.763781 0.050305 0.076828
    100 1.014985 0.005113 0.001121 -0.075245 -0.051035 0.984609
    101 -0.155312 0.130643 -0.021921 -3.022466 0.022433 -0.024903
    102 -0.252209 0.061937 -0.024914 -0.007671 -0.063171 -0.044392
    103 -0.085991 0.185203 -0.015180 -2.937063 -0.113970 -0.138991
    104 -0.286537 0.179852 0.024264 -3.109353 -0.049645 -0.029915
    105 -0.019489 0.147084 0.079203 2.893815 0.038585 -0.060594
    106 -0.046482 0.251898 0.129548 3.016165 0.077112 -0.042864
    107 0.039120 -0.040298 0.047739 3.084219 0.030470 -0.037414
    108 -0.233757 0.066630 0.001754 -3.133086 0.040141 -0.065413
    109 0.044266 0.020128 0.001684 -2.778763 -0.118872 -0.040488
    110 0.071495 0.074127 -0.048302 -3.035917 -0.059482 0.104366
    111 0.000000 0.000000 0.000000 0.000000 0.000000 -1.570796
    112 11.293313 -0.832057 -4.804834 -0.241659 -0.014254 0.040332
    113 7.793207 9.492477 -6.379101 -0.166872 -0.750657 -1.384696
    114 -0.348999 0.000000 0.342999 0.000000 0.000000 0.000000
    115 2.394995 0.000000 0.034000 0.000000 0.000000 0.000000
    116 0.008000 0.000000 1.401997 0.000000 0.000000 0.000000
    117 1.148998 0.000000 0.626999 0.000000 0.000000 0.000000
    118 1.107998 0.000000 0.153000 0.000000 0.000000 0.000000
    119 -2.457995 0.000000 0.449999 0.000000 0.000000 0.000000
    120 0.283000 0.000000 0.659998 0.000000 0.000000 0.000000
    121 4.293992 0.000000 0.136000 0.000000 0.000000 0.000000
    122 1.511997 -0.417999 1.094998 0.000000 0.000000 -1.570755
    123 4.229991 0.000000 0.042000 0.000000 0.000000 0.000000
    124 0.240000 0.000000 -0.662999 0.000000 0.000000 0.000000
    125 1.060998 0.000000 -3.633993 0.000000 0.000000 0.000000
    126 0.193999 0.000000 -2.057996 0.000000 0.000000 0.000000
    127 -0.774998 0.000000 -2.394995 0.000000 0.000000 0.000000
    128 0.000000 0.000000 0.000000 0.000000 0.000000 0.000000
    129 -0.106000 0.000000 64.320000 0.000000 0.000000 0.000000
    130 0.000000 0.000000 0.000000 0.000000 0.000000 0.000000
    131 0.000000 0.000000 0.000000 -0.002145 0.009204 0.006076
    132 22.011214 -0.928579 5.198791 -0.241706 -0.014234 0.040264
    133 0.106000 0.000000 -64.320000 0.000000 0.000000 0.000000
    134 0.000000 0.000000 0.000000 0.000000 0.000000 0.000000
    135 0.000000 0.000000 -4.867002 -3.141592 0.000000 -3.128591
    136 0.000000 0.000000 4.867000 -3.141592 0.000000 -3.128591
    137 4.000000 -6.500000 0.000000 0.000000 0.000000 0.000977
    138 -6.500000 0.000000 0.000000 0.000000 1.570796 0.000000
    139 1.000088 -0.000029 0.000000 0.000000 0.000000 0.000000
    140 17.162516 -0.000404 0.000000 0.000000 0.000000 0.119214
    141 9.999891 -0.000303 0.000000 0.000000 0.000000 0.000000
    142 1.000088 -0.000029 0.000000 0.000000 0.000000 0.000000
    143 17.162516 -0.000404 0.000000 0.000000 0.000000 0.119214
    144 9.499836 0.000212 0.000000 0.000000 0.000000 0.000000
    145 0.000000 0.000000 0.000000 0.000000 0.000000 0.000000
    146 17.749374 0.295515 0.000000 0.000000 0.000000 -1.158958
    147 0.017889 0.299792 0.000000 0.000000 0.000000 -0.059582
    148 12.283573 1.581456 -4.696000 1.462269 -0.086726 0.090185
    149 17.749376 0.295515 0.000000 0.000000 0.000000 -1.158958
    150 0.017889 0.299792 0.000000 0.000000 0.000000 -0.059582
    151 13.354000 0.000000 0.000000 0.000000 0.000000 -0.294101
    152 4.530998 0.000000 0.000000 0.000000 0.000000 0.000000
    153 0.000000 0.000000 0.000000 0.000000 0.000000 0.000000
    154 5.413524 0.000347 0.000000 0.000000 0.000000 -0.518055
    155 5.413524 0.000347 0.000000 0.000000 0.000000 -0.518055
    156 4.662002 -5.366333 4.825191 1.569713 1.561305 -3.121213
    157 3.116966 -0.000443 0.000000 0.000000 0.000000 0.294101
    158 0.000000 0.000000 0.000000 0.000000 0.000000 0.000000
    159 -0.271999 0.000000 2.688000 0.000000 0.000000 0.000000
    160 -13.143577 15.629804 -53.645393 0.241036 0.023453 -0.035562
    161 3.512001 -3.547000 -1.066000 0.000000 1.570796 0.000000
    162 3.456001 -3.517000 1.169000 0.000000 1.570796 0.000000
    163 6.233002 0.000000 0.000000 0.000000 0.000000 0.000000
    164 -0.171997 -0.106000 -0.902000 1.570713 1.029176 -3.134550
    165 6.191214 -6.430783 -0.050783 0.006076 0.002205 -0.009192
    166 0.181000 -0.064000 1.096000 0.000000 0.000000 0.000000
    167 3.999434 -0.000528 -0.000332 -0.277829 -0.000023 0.000016
    168 3.999901 0.000041 0.001011 0.098533 0.000000 0.000000
    169 1.598000 0.000000 0.000000 0.000000 0.000000 0.000000
    170 -1.145525 0.000130 0.000668 0.000000 0.000000 0.000000
    171 2.299679 -2.499979 -0.599480 0.892008 0.221446 -0.527246
    172 11.339893 1.297462 -0.058924 1.406376 -0.230163 0.348760
    173 -9.580673 -27.862106 -37.184681 0.812879 -0.123459 -0.568477
    174 0.649933 -0.548295 0.093651 -1.665913 -0.131399 -0.112062
    175 0.657074 0.008402 0.040371 -1.665945 -0.131407 -0.000013
    176 0.665776 0.747221 -0.029190 -1.665935 -0.131408 0.094976
    177 2.300138 -2.499413 0.600155 -0.892012 -0.221518 -0.527227
    178 11.457769 -0.423414 4.428192 2.123522 -0.356930 0.014716
    179 2.762354 0.116951 1.523975 1.629482 0.064153 1.743800
    180 7.228323 7.928198 -3.925648 2.328713 0.123459 -0.568477
    181 0.650394 -0.547730 -0.092979 1.665913 0.131399 -0.112062
    182 0.657069 0.008398 -0.040379 1.665945 0.131407 -0.000013
    183 0.665777 0.747220 0.029182 1.665935 0.131408 0.094976
    184 -4.481003 -0.202000 0.000000 0.000000 0.000000 0.000000
    185 -5.516998 -0.291000 -0.001000 0.000000 0.000000 0.000000
    186 -0.857700 0.104073 0.104687 0.023536 0.163924 0.013632
    187 1.899121 0.000427 -0.000439 0.027386 -0.033311 0.477848
    188 1.799659 -0.000240 0.000231 0.027386 -0.033311 0.477848
    189 1.799659 -0.000240 0.000231 0.027386 -0.033311 0.477848
    190 1.799659 -0.000240 0.000231 0.027386 -0.033311 0.477848
    191 1.900308 -0.000145 -0.000518 0.027386 -0.033311 0.477848
    192 1.899433 -0.000317 -0.000151 -0.027386 0.033311 0.477848
    193 1.799659 -0.000237 -0.000233 -0.027386 0.033311 0.477848
    194 1.799659 -0.000237 -0.000233 -0.027386 0.033311 0.477848
    195 1.799659 -0.000237 -0.000233 -0.027386 0.033311 0.477848
    196 1.900724 0.000553 -0.000072 -0.027386 0.033311 0.477848
    197 0.599884 0.400187 -0.000031 0.000000 0.000000 0.000000
    198 0.599888 0.400187 0.000031 0.000000 0.000000 -3.141592
    199 0.599503 0.400696 0.000234 0.000000 0.000000 0.000000
    200 0.600399 0.399632 -0.000466 0.000000 0.000000 -3.141592
  time 46
    0 0.000000 0.000000 0.000000 0.000000 0.000000 -1.570796
    1 -0.106323 0.000000 -0.000198 0.000000 0.000000 0.000000
    2 0.000000 0.000000 0.000000 0.000000 0.000000 0.000000
    3 -0.904000 0.000000 -11.806000 0.000000 0.000000 0.000000
    4 0.000000 0.000000 -14.313999 0.000000 -1.570796 1.570857
    5 3.533001 0.000000 0.000000 0.000000 0.000000 0.000000
    6 6.250000 0.000000 0.000000 0.000000 0.000000 0.000000
    7 4.373480 5.515818 -0.619761 -1.153277 1.547377 -1.153364
    8 9.562500 6.343750 1.773438 1.153277 -1.547377 -1.153364
    9 5.786820 0.002787 -0.000113 -1.058575 0.349474 -1.612742
    10 5.999492 -0.000592 -4.000343 0.000000 0.000000 0.000000
    11 5.787410 0.002582 0.000893 0.551240 -0.404140 -1.327741
    12 5.999492 -0.000592 4.000336 0.000000 0.000000 0.000000
    13 0.500225 0.000133 -0.000088 0.165844 0.000000 0.000000
    14 11.538465 0.000348 -0.001312 -0.000065 -0.000027 -1.233192
    15 -0.829338 0.893824 0.079659 -0.148839 0.047645 0.087266
    16 0.500225 0.000132 0.000076 0.149790 0.000000 0.000000
    17 11.536401 0.000526 -0.000089 -0.000030 0.000026 -1.369435
    18 -0.829586 0.894698 -0.079464 0.045377 -0.019621 0.087266
    19 10.599884 0.000105 -0.000553 -0.873658 0.000000 0.000000
    20 0.244669 -0.345495 -0.000805 -0.000012 -0.000049 0.616577
    21 11.042057 0.007623 0.004704 -0.816457 -0.148640 0.670744
    22 -1.214832 0.203470 -0.477489 -0.135025 -0.078677 -0.001289
    23 10.599880 0.000105 0.000549 0.141541 0.000000 0.000000
    24 0.322794 -0.400185 0.000801 0.000000 -0.000011 0.684712
    25 11.041742 0.003171 -0.000571 0.102689 0.566761 0.971009
    26 -1.063377 0.077663 0.150230 0.045121 0.020046 -0.012850
    27 0.610302 -0.939470 0.070343 -1.655295 -0.140150 -0.175664
    28 0.639940 -0.199121 0.060188 -1.665960 -0.131391 -0.066423
    29 0.600155 1.080261 -0.339535 -1.738607 0.016020 0.079077
    30 0.610207 0.400743 -0.010101 -1.762268 -0.061628 0.042968
    31 0.634715 -0.693997 -0.236250 0.040660 0.200459 -0.894562
    32 -0.792125 0.203736 0.461300 1.439074 -0.003453 -0.018305
    33 0.610300 -0.939469 -0.070351 1.655295 0.140043 -0.175628
    34 0.639937 -0.199121 -0.060200 1.665502 0.091303 -0.070342
    35 0.600157 1.080259 0.339531 1.764702 -0.263886 -0.039211
    36 0.610205 0.400743 0.010086 1.763182 -0.081564 -0.010388
    37 0.624002 -0.695300 0.236176 -0.279411 -0.243019 -1.042251
    38 -0.626031 -0.069983 -0.080517 -1.447153 0.086151 0.021559
    39 2.621377 -0.002532 -0.001438 -0.183377 -0.441698 0.914187
    40 2.660837 0.000397 -0.000071 -0.257157 -0.308728 1.157433
    41 2.206394 0.003368 -0.006769 -0.239107 -0.137665 1.219880
    42 0.599952 0.959240 -0.300102 -0.174544 0.000000 0.000000
    43 2.557190 -0.001967 0.002453 -0.142288 -0.223789 1.191878
    44 2.095024 -0.003873 -0.006100 -0.437151 -0.162305 0.798087
    45 0.999380 -0.000236 -1.182025 -0.000001 0.000000 0.000000
    46 -0.122639 -0.721856 0.661690 -0.486644 0.223964 0.243056
    47 2.622113 -0.004555 0.006647 0.333521 0.161400 0.517824
    48 2.654002 0.004589 -0.000533 0.370459 -0.006816 1.166986
    49 2.200016 0.001663 0.004743 0.281374 -0.092750 0.678554
    50 0.599951 0.959244 0.300102 0.174544 0.000000 0.000000
    51 2.556570 -0.004291 0.000554 0.237761 -0.048409 0.969055
    52 2.103851 0.005614 -0.001014 0.571174 -0.165158 0.564614
    53 0.999374 -0.000237 1.103890 0.000000 0.000000 0.000001
    54 0.310846 -0.606445 -0.498005 0.308107 -0.197598 0.313976
    55 1.873069 -0.004741 -0.000994 0.000053 -0.000008 0.706778
    56 1.200941 0.399582 -0.000237 -0.009465 0.016087 0.007127
    57 0.000586 0.100342 -0.000319 -0.120035 -0.021926 -0.209617
    58 -0.161663 0.051712 0.194808 -2.941982 0.122408 -0.060194
    59 2.010092 -0.007109 -0.007284 -0.000042 0.000037 0.733269
    60 0.000240 0.099802 -0.000395 -0.018823 0.010833 -0.239219
    61 -0.203197 0.048607 0.069150 -3.093332 0.033217 -0.046722
    62 1.180428 -0.006214 0.000780 -0.000062 0.000036 0.458820
    63 -0.000196 0.099625 -0.000034 0.000000 0.000000 -0.314102
    64 -0.088736 -0.688435 -0.145203 2.930407 -0.136130 0.513013
    65 1.715976 -0.003328 -0.000088 0.002407 -0.010974 0.618831
    66 -0.000580 0.100145 -0.000311 -0.010912 0.023129 -0.260841
    67 -0.146030 -0.232426 -0.014225 3.028455 -0.094299 0.113020
    68 1.290632 0.000362 -0.000032 0.000000 0.000000 0.222498
    69 -0.658121 -0.003575 0.072645 -0.142711 0.027792 -0.077299
    70 1.868080 -0.003049 0.006083 -0.000009 -0.000081 0.515575
    71 1.200079 0.399944 -0.000093 0.009465 -0.016087 0.007127
    72 0.000591 0.100342 0.000319 0.120035 0.021926 -0.209617
    73 0.068077 0.002285 -0.080050 3.111376 -0.069366 -0.060847
    74 2.011874 -0.005083 0.006086 -0.012836 0.002085 1.485988
    75 0.000229 0.099802 0.000395 0.018823 -0.010833 -0.239219
    76 -0.018673 -0.001009 0.047544 3.109244 0.002635 -0.106673
    77 1.178665 0.001595 0.000845 0.000018 -0.000012 0.802354
    78 -0.000198 0.099628 0.000034 0.000000 0.000000 -0.314102
    79 0.036892 -0.634449 0.266284 -2.801062 0.174301 0.490914
    80 1.704350 -0.002506 -0.004592 -0.000070 0.000059 1.211450
    81 -0.000576 0.100136 0.000311 0.010912 -0.023129 -0.260841
    82 -0.003952 -0.281811 0.115047 -3.059162 0.089004 0.167964
    83 1.289627 0.003949 0.000061 -0.000014 0.000003 0.178380
    84 -0.171528 -0.018148 -0.099873 0.013484 -0.062184 -0.011780
    85 0.912716 0.007240 0.001326 -0.000341 -0.000147 0.507009
    86 -0.342617 0.053404 -0.025571 -2.909301 -0.017248 0.075276
    87 1.100231 -0.000930 -0.002434 0.000021 0.000074 0.221961
    88 -0.384983 0.330998 0.006848 -3.087207 -0.018765 -0.184279
    89 0.678146 0.006192 -0.003905 0.000006 0.000053 0.496416
    90 -0.123848 0.072737 0.029507 2.898184 -0.060627 0.094834
    91 1.017166 -0.000154 -0.000252 -0.269448 -0.031126 0.425355
    92 -0.344986 0.123129 0.143151 2.994981 0.012396 0.059140
    93 -0.730988 0.177046 0.039141 -0.123731 0.076518 -0.084310
    94 0.925900 0.001298 -0.000896 -0.000002 -0.000011 0.943604
    95 -0.124027 -0.052092 0.038496 3.077813 -0.008519 0.039229
    96 1.100430 -0.007458 0.000503 -0.215765 -0.016317 0.766388
    97 -0.330082 0.160641 0.042780 3.128073 0.034033 -0.171236
    98 0.679760 0.001531 0.003272 -0.000022 -0.000045 1.275826
    99 -0.019516 -0.016531 0.038578 -2.763781 0.050305 0.076828
    100 1.014985 0.001206 0.001121 -0.082004 -0.016016 1.102081
    101 -0.155312 0.130643 -0.021921 -3.022466 0.022433 -0.024903
    102 -0.252209 0.061937 -0.024914 -0.007671 -0.063171 -0.044392
    103 -0.085991 0.185203 -0.015180 -2.937063 -0.113970 -0.138991
    104 -0.286537 0.179852 0.024264 -3.109353 -0.049645 -0.029915
    105 -0.019489 0.147084 0.079203 2.893815 0.038585 -0.060594
    106 -0.046482 0.251898 0.129548 3.016165 0.077112 -0.042864
    107 0.039120 -0.040298 0.047739 3.084219 0.030470 -0.037414
    108 -0.233757 0.066630 0.001754 -3.133086 0.040141 -0.065413
    109 0.044266 0.020128 0.001684 -2.778763 -0.118872 -0.040488
    110 0.071495 0.074127 -0.048302 -3.035917 -0.059482 0.104366
    111 0.000000 0.000000 0.000000 0.000000 0.000000 -1.570796
    112 11.875362 -0.683615 -4.742332 -0.298378 -0.007868 0.015976
    113 8.461196 8.668233 -6.554888 -0.225466 -0.733836 -1.374045
    114 -0.348999 0.000000 0.342999 0.000000 0.000000 0.000000
    115 2.394995 0.000000 0.034000 0.000000 0.000000 0.000000
    116 0.008000 0.000000 1.401997 0.000000 0.000000 0.000000
    117 1.148998 0.000000 0.626999 0.000000 0.000000 0.000000
    118 1.107998 0.000000 0.153000 0.000000 0.000000 0.000000
    119 -2.457995 0.000000 0.449999 0.000000 0.000000 0.000000
    120 0.283000 0.000000 0.659998 0.000000 0.000000 0.000000
    121 4.293992 0.000000 0.136000 0.000000 0.000000 0.000000
    122 1.511997 -0.417999 1.094998 0.000000 0.000000 -1.570755
    123 4.229991 0.000000 0.042000 0.000000 0.000000 0.000000
    124 0.240000 0.000000 -0.662999 0.000000 0.000000 0.000000
    125 1.060998 0.000000 -3.633993 0.000000 0.000000 0.000000
    126 0.193999 0.000000 -2.057996 0.000000 0.000000 0.000000
    127 -0.774998 0.000000 -2.394995 0.000000 0.000000 0.000000
    128 0.000000 0.000000 0.000000 0.000000 0.000000 0.000000
    129 -0.106000 0.000000 64.320000 0.000000 0.000000 0.000000
    130 0.000000 0.000000 0.000000 0.000000 0.000000 0.000000
    131 0.000000 0.000000 0.000000 -0.003140 0.010499 0.004926
    132 22.581544 -1.116085 5.226135 -0.298516 -0.007848 0.015902
    133 0.106000 0.000000 -64.320000 0.000000 0.000000 0.000000
    134 0.000000 0.000000 0.000000 0.000000 0.000000 0.000000
    135 0.000000 0.000000 -4.867002 -3.141592 0.000000 -3.128591
    136 0.000000 0.000000 4.867000 -3.141592 0.000000 -3.128591
    137 4.000000 -6.500000 0.000000 0.000000 0.000000 0.000977
    138 -6.500000 0.000000 0.000000 0.000000 1.570796 0.000000
    139 1.000088 -0.000029 0.000000 0.000000 0.000000 0.000000
    140 17.162516 -0.000404 0.000000 0.000000 0.000000 0.119214
    141 9.999891 -0.000303 0.000000 0.000000 0.000000 0.000000
    142 1.000088 -0.000029 0.000000 0.000000 0.000000 0.000000
    143 17.162516 -0.000404 0.000000 0.000000 0.000000 0.119214
    144 9.499836 0.000212 0.000000 0.000000 0.000000 0.000000
    145 0.000000 0.000000 0.000000 0.000000 0.000000 0.000000
    146 17.749374 0.295515 0.000000 0.000000 0.000000 -1.158958
    147 0.017889 0.299792 0.000000 0.000000 0.000000 -0.059582
    148 12.283573 1.581456 -4.696000 1.462269 -0.086726 0.090185
    149 17.749376 0.295515 0.000000 0.000000 0.000000 -1.158958
    150 0.017889 0.299792 0.000000 0.000000 0.000000 -0.059582
    151 13.354000 0.000000 0.000000 0.000000 0.000000 -0.294101
    152 4.530998 0.000000 0.000000 0.000000 0.000000 0.000000
    153 0.000000 0.000000 0.000000 0.000000 0.000000 0.000000
    154 5.413524 0.000347 0.000000 0.000000 0.000000 -0.518055
    155 5.413524 0.000347 0.000000 0.000000 0.000000 -0.518055
    156 4.662002 -5.366333 4.825191 1.569713 1.561305 -3.121213
    157 3.116966 -0.000443 0.000000 0.000000 0.000000 0.294101
    158 0.000000 0.000000 0.000000 0.000000 0.000000 0.000000
    159 -0.271999 0.000000 2.688000 0.000000 0.000000 0.000000
    160 -13.385772 18.485360 -52.914902 0.298331 0.012291 -0.012883
    161 3.512001 -3.547000 -1.066000 0.000000 1.570796 0.000000
    162 3.456001 -3.517000 1.169000 0.000000 1.570796 0.000000
    163 6.233002 0.000000 0.000000 0.000000 0.000000 0.000000
    164 -0.171997 -0.106000 -0.902000 1.570713 1.029176 -3.134550
    165 6.175588 -6.442502 -0.050783 0.004926 0.003200 -0.010487
    166 0.181000 -0.064000 1.096000 0.000000 0.000000 0.000000
    167 3.999434 -0.000528 -0.000332 -0.436890 -0.000023 0.000016
    168 3.999901 0.000041 0.001011 0.070831 0.000000 0.000000
    169 1.598000 0.000000 0.000000 0.000000 0.000000 0.000000
    170 -1.145525 0.000130 0.000668 0.000000 0.000000 0.000000
    171 2.299679 -2.499979 -0.599480 0.892008 0.221530 -0.527278
    172 11.234421 0.113832 0.636410 1.627336 -0.270718 0.119548
    173 -9.580673 -27.862106 -37.184681 0.812879 -0.123459 -0.568477
    174 0.649933 -0.548295 0.093651 -1.665913 -0.131399 -0.112062
    175 0.657074 0.008402 0.040371 -1.665945 -0.131407 -0.000013
    176 0.665776 0.747221 -0.029190 -1.665935 -0.131408 0.094976
    177 2.300138 -2.499413 0.600155 -0.892012 -0.221482 -0.527227
    178 11.469488 -0.466384 4.428192 2.114230 -0.357444 0.009129
    179 2.762354 0.116951 1.523975 1.629482 0.064153 1.743800
    180 7.228323 7.928198 -3.925648 2.328713 0.123459 -0.568477
    181 0.650394 -0.547730 -0.092979 1.665913 0.131399 -0.112062
    182 0.657069 0.008398 -0.040379 1.665945 0.131407 -0.000013
    183 0.665777 0.747220 0.029182 1.665935 0.131408 0.094976
    184 -4.481003 -0.202000 0.000000 0.000000 0.000000 0.000000
    185 -5.516998 -0.291000 -0.001000 0.000000 0.000000 0.000000
    186 -0.857700 0.104073 0.104687 0.023536 0.163924 0.013632
    187 1.899121 0.000427 -0.000439 0.027386 -0.033311 0.477848
    188 1.799659 -0.000240 0.000231 0.027386 -0.033311 0.477848
    189 1.799659 -0.000240 0.000231 0.027386 -0.033311 0.477848
    190 1.799659 -0.000240 0.000231 0.027386 -0.033311 0.477848
    191 1.900308 -0.000145 -0.000518 0.027386 -0.033311 0.477848
    192 1.899433 -0.000317 -0.000151 -0.027386 0.033311 0.477848
    193 1.799659 -0.000237 -0.000233 -0.027386 0.033311 0.477848
    194 1.799659 -0.000237 -0.000233 -0.027386 0.033311 0.477848
    195 1.799659 -0.000237 -0.000233 -0.027386 0.033311 0.477848
    196 1.900724 0.000553 -0.000072 -0.027386 0.033311 0.477848
    197 0.599884 0.400187 -0.000031 0.000000 0.000000 0.000000
    198 0.599888 0.400187 0.000031 0.000000 0.000000 -3.141592
    199 0.599503 0.400696 0.000234 0.000000 0.000000 0.000000
    200 0.600399 0.399632 -0.000466 0.000000 0.000000 -3.141592
  time 47
    0 0.000000 0.000000 0.000000 0.000000 0.000000 -1.570796
    1 -0.106323 0.000000 -0.000198 0.000000 0.000000 0.000000
    2 0.000000 0.000000 0.000000 0.000000 0.000000 0.000000
    3 -0.904000 0.000000 -11.806000 0.000000 0.000000 0.000000
    4 0.000000 0.000000 -14.313999 0.000000 -1.570796 1.570857
    5 3.533001 0.000000 0.000000 0.000000 0.000000 0.000000
    6 6.250000 0.000000 0.000000 0.000000 0.000000 0.000000
    7 4.373480 5.949425 -0.354128 -1.153277 1.547377 -1.153364
    8 9.562500 6.343750 1.773438 1.153277 -1.547377 -1.153364
    9 5.790726 0.002787 -0.000113 -1.108048 0.288942 -1.647722
    10 5.999492 -0.000592 -4.000343 0.000000 0.000000 0.000000
    11 5.787410 0.002582 0.000893 0.561886 -0.374901 -1.353819
    12 5.999492 -0.000592 4.000336 0.000000 0.000000 0.000000
    13 0.500225 0.000133 -0.000088 0.202495 0.000000 0.000000
    14 11.538465 0.004255 -0.001312 -0.000017 0.000009 -1.094027
    15 -0.829338 0.893824 0.079659 -0.148839 0.047645 0.087266
    16 0.500225 0.000132 0.000076 0.148930 0.000060 0.000000
    17 11.532495 0.000526 -0.000089 0.000042 -0.000058 -1.301043
    18 -0.829586 0.894698 -0.079464 0.045377 -0.019621 0.087266
    19 10.599884 0.000105 -0.000553 -1.059661 0.000000 0.000000
    20 0.182167 -0.306432 -0.000805 -0.000012 -0.000049 0.547056
    21 11.042057 0.003717 0.004704 -0.996348 -0.076928 0.657724
    22 -1.214832 0.203470 -0.477489 -0.135025 -0.078677 -0.001289
    23 10.599880 0.000105 0.000549 0.087740 0.000000 0.000000
    24 0.283731 -0.372840 0.000801 0.000000 -0.000011 0.650479
    25 11.041742 0.003171 -0.000571 0.063641 0.562674 0.944252
    26 -1.063377 0.077663 0.150230 0.045121 0.020046 -0.012850
    27 0.610302 -0.939470 0.070343 -1.655295 -0.140102 -0.175544
    28 0.639940 -0.199121 0.060188 -1.665960 -0.131367 -0.066387
    29 0.600155 1.080261 -0.339535 -1.738607 0.015325 0.075362
    30 0.610207 0.400743 -0.010101 -1.762268 -0.061556 0.043040
    31 0.634715 -0.693997 -0.232343 0.036585 0.209315 -0.870350
    32 -0.792125 0.203736 0.461300 1.439074 -0.003453 -0.018305
    33 0.610300 -0.939469 -0.070351 1.655295 0.140139 -0.175592
    34 0.639937 -0.199121 -0.060200 1.665553 0.091351 -0.070294
    35 0.600157 1.080259 0.339531 1.764596 -0.263802 -0.039175
    36 0.610205 0.400743 0.010086 1.763129 -0.081468 -0.010376
    37 0.624002 -0.695300 0.232270 -0.279363 -0.242971 -1.042178
    38 -0.626031 -0.069983 -0.080517 -1.447153 0.086151 0.021559
    39 2.621377 -0.002532 -0.001438 -0.231696 -0.474700 1.049037
    40 2.660837 0.000397 -0.000071 -0.299705 -0.327268 1.276661
    41 2.202488 0.003368 -0.006769 -0.219800 -0.142741 1.343031
    42 0.599952 0.959240 -0.300102 -0.174544 0.000000 0.000000
    43 2.553283 -0.001967 0.006359 -0.151479 -0.240412 1.313965
    44 2.095024 -0.003873 -0.006100 -0.426353 -0.111282 0.840357
    45 0.999380 -0.000236 -1.193744 -0.000001 0.000000 0.000000
    46 -0.122639 -0.721856 0.661690 -0.486644 0.223964 0.243056
    47 2.626019 -0.000648 0.006647 0.333570 0.161388 0.517824
    48 2.657909 0.004589 -0.000533 0.357947 -0.006301 1.156389
    49 2.200016 0.001663 0.004743 0.281386 -0.092714 0.678616
    50 0.599951 0.959244 0.300102 0.174544 0.000000 0.000000
    51 2.556570 -0.004291 0.000554 0.237801 -0.048361 0.969130
    52 2.103851 0.005614 -0.001014 0.565438 -0.185355 0.596618
    53 0.999374 -0.000237 1.103890 0.000000 0.000000 0.000001
    54 0.310846 -0.606445 -0.498005 0.308107 -0.197598 0.313976
    55 1.869163 -0.000835 -0.000994 0.000017 0.000063 0.768265
    56 1.200941 0.399582 -0.000237 -0.009465 0.016087 0.007127
    57 0.000586 0.100342 -0.000319 -0.120035 -0.021926 -0.209617
    58 -0.161663 0.051712 0.194808 -2.941982 0.122408 -0.060194
    59 2.010092 -0.007109 -0.007284 0.000018 0.000013 0.848494
    60 0.000240 0.099802 -0.000395 -0.018823 0.010833 -0.239219
    61 -0.203197 0.048607 0.069150 -3.093332 0.033217 -0.046722
    62 1.180428 -0.006214 0.000780 -0.000014 0.000012 0.459143
    63 -0.000196 0.099625 -0.000034 0.000000 0.000000 -0.314102
    64 -0.088736 -0.688435 -0.145203 2.930407 -0.136130 0.513013
    65 1.712069 -0.003328 0.003818 0.002707 -0.012520 0.668695
    66 -0.000580 0.100145 -0.000311 -0.010912 0.023129 -0.260841
    67 -0.146030 -0.232426 -0.014225 3.028455 -0.094299 0.113020
    68 1.290632 0.000362 -0.000032 0.000000 0.000000 0.156057
    69 -0.658121 -0.003575 0.072645 -0.142711 0.027792 -0.077299
    70 1.868080 -0.003049 0.006083 -0.000009 -0.000081 0.515649
    71 1.200079 0.399944 -0.000093 0.009465 -0.016087 0.007127
    72 0.000591 0.100342 0.000319 0.120035 0.021926 -0.209617
    73 0.068077 0.002285 -0.080050 3.111376 -0.069366 -0.060847
    74 2.015780 -0.005083 0.006086 0.000023 0.000023 1.537590
    75 0.000229 0.099802 0.000395 0.018823 -0.010833 -0.239219
    76 -0.018673 -0.001009 0.047544 3.109244 0.002635 -0.106673
    77 1.178665 0.001595 0.000845 0.000018 -0.000012 0.802275
    78 -0.000198 0.099628 0.000034 0.000000 0.000000 -0.314102
    79 0.036892 -0.634449 0.266284 -2.801062 0.174301 0.490914
    80 1.704350 -0.002506 -0.004592 -0.000070 0.000059 1.211473
    81 -0.000576 0.100136 0.000311 0.010912 -0.023129 -0.260841
    82 -0.003952 -0.281811 0.115047 -3.059162 0.089004 0.167964
    83 1.289627 0.003949 0.000061 -0.000014 0.000003 0.228627
    84 -0.171528 -0.018148 -0.099873 0.013484 -0.062184 -0.011780
    85 0.916622 0.007240 0.001326 0.000019 0.000021 0.552488
    86 -0.342617 0.053404 -0.025571 -2.909301 -0.017248 0.075276
    87 1.100231 -0.000930 -0.002434 0.000009 0.000014 0.209037
    88 -0.384983 0.330998 0.006848 -3.087207 -0.018765 -0.184279
    89 0.678146 0.002286 0.000002 -0.000018 -0.000019 0.518187
    90 -0.123848 0.072737 0.029507 2.898184 -0.060627 0.094834
    91 1.017166 -0.000154 -0.000252 -0.307188 -0.034745 0.407375
    92 -0.344986 0.123129 0.143151 2.994981 0.012396 0.059140
    93 -0.730988 0.177046 0.039141 -0.123731 0.076518 -0.084310
    94 0.925900 0.001298 -0.000896 -0.000002 -0.000011 0.943690
    95 -0.124027 -0.052092 0.038496 3.077813 -0.008519 0.039229
    96 1.100430 -0.007458 0.000503 -0.216820 -0.005088 0.817888
    97 -0.330082 0.160641 0.042780 3.128073 0.034033 -0.171236
    98 0.679760 0.005438 0.003272 0.000014 0.000099 1.384675
    99 -0.019516 -0.016531 0.038578 -2.763781 0.050305 0.076828
    100 1.018891 0.001206 0.001121 -0.085180 0.000019 1.155527
    101 -0.155312 0.130643 -0.021921 -3.022466 0.022433 -0.024903
    102 -0.252209 0.061937 -0.024914 -0.007671 -0.063171 -0.044392
    103 -0.085991 0.185203 -0.015180 -2.937063 -0.113970 -0.138991
    104 -0.286537 0.179852 0.024264 -3.109353 -0.049645 -0.029915
    105 -0.019489 0.147084 0.079203 2.893815 0.038585 -0.060594
    106 -0.046482 0.251898 0.129548 3.016165 0.077112 -0.042864
    107 0.039120 -0.040298 0.047739 3.084219 0.030470 -0.037414
    108 -0.233757 0.066630 0.001754 -3.133086 0.040141 -0.065413
    109 0.044266 0.020128 0.001684 -2.778763 -0.118872 -0.040488
    110 0.071495 0.074127 -0.048302 -3.035917 -0.059482 0.104366
    111 0.000000 0.000000 0.000000 0.000000 0.000000 -1.570796
    112 12.387097 -0.546892 -4.632954 -0.339881 -0.002357 -0.002713
    113 8.898709 7.992431 -6.726768 -0.278396 -0.720163 -1.357940
    114 -0.348999 0.000000 0.342999 0.000000 0.000000 0.000000
    115 2.394995 0.000000 0.034000 0.000000 0.000000 0.000000
    116 0.008000 0.000000 1.401997 0.000000 0.000000 0.000000
    117 1.148998 0.000000 0.626999 0.000000 0.000000 0.000000
    118 1.107998 0.000000 0.153000 0.000000 0.000000 0.000000
    119 -2.457995 0.000000 0.449999 0.000000 0.000000 0.000000
    120 0.283000 0.000000 0.659998 0.000000 0.000000 0.000000
    121 4.293992 0.000000 0.136000 0.000000 0.000000 0.000000
    122 1.511997 -0.417999 1.094998 0.000000 0.000000 -1.570755
    123 4.229991 0.000000 0.042000 0.000000 0.000000 0.000000
    124 0.240000 0.000000 -0.662999 0.000000 0.000000 0.000000
    125 1.060998 0.000000 -3.633993 0.000000 0.000000 0.000000
    126 0.193999 0.000000 -2.057996 0.000000 0.000000 0.000000
    127 -0.774998 0.000000 -2.394995 0.000000 0.000000 0.000000
    128 0.000000 0.000000 0.000000 0.000000 0.000000 0.000000
    129 -0.106000 0.000000 64.320000 0.000000 0.000000 0.000000
    130 0.000000 0.000000 0.000000 0.000000 0.000000 0.000000
    131 0.000000 0.000000 0.000000 -0.004063 0.009528 0.003619
    132 23.065934 -1.241089 5.304263 -0.339856 -0.002375 -0.002731
    133 0.106000 0.000000 -64.320000 0.000000 0.000000 0.000000
    134 0.000000 0.000000 0.000000 0.000000 0.000000 0.000000
    135 0.000000 0.000000 -4.867002 -3.141592 0.000000 -3.128591
    136 0.000000 0.000000 4.867000 -3.141592 0.000000 -3.128591
    137 4.000000 -6.500000 0.000000 0.000000 0.000000 0.000977
    138 -6.500000 0.000000 0.000000 0.000000 1.570796 0.000000
    139 1.000088 -0.000029 0.000000 0.000000 0.000000 0.000000
    140 17.162516 -0.000404 0.000000 0.000000 0.000000 0.119214
    141 9.999891 -0.000303 0.000000 0.000000 0.000000 0.000000
    142 1.000088 -0.000029 0.000000 0.000000 0.000000 0.000000
    143 17.162516 -0.000404 0.000000 0.000000 0.000000 0.119214
    144 9.499836 0.000212 0.000000 0.000000 0.000000 0.000000
    145 0.000000 0.000000 0.000000 0.000000 0.000000 0.000000
    146 17.749374 0.295515 0.000000 0.000000 0.000000 -1.158958
    147 0.017889 0.299792 0.000000 0.000000 0.000000 -0.059582
    148 12.283573 1.581456 -4.696000 1.462269 -0.086726 0.090185
    149 17.749376 0.295515 0.000000 0.000000 0.000000 -1.158958
    150 0.017889 0.299792 0.000000 0.000000 0.000000 -0.059582
    151 13.354000 0.000000 0.000000 0.000000 0.000000 -0.294101
    152 4.530998 0.000000 0.000000 0.000000 0.000000 0.000000
    153 0.000000 0.000000 0.000000 0.000000 0.000000 0.000000
    154 5.413524 0.000347 0.000000 0.000000 0.000000 -0.518055
    155 5.413524 0.000347 0.000000 0.000000 0.000000 -0.518055
    156 4.662002 -5.366333 4.825191 1.569713 1.561305 -3.121213
    157 3.116966 -0.000443 0.000000 0.000000 0.000000 0.294101
    158 0.000000 0.000000 0.000000 0.000000 0.000000 0.000000
    159 -0.271999 0.000000 2.688000 0.000000 0.000000 0.000000
    160 -13.581090 20.520579 -52.379730 0.339626 0.001343 0.003516
    161 3.512001 -3.547000 -1.066000 0.000000 1.570796 0.000000
    162 3.456001 -3.517000 1.169000 0.000000 1.570796 0.000000
    163 6.233002 0.000000 0.000000 0.000000 0.000000 0.000000
    164 -0.171997 -0.106000 -0.902000 1.570713 1.029176 -3.134550
    165 6.183401 -6.438596 -0.042970 0.003619 0.004099 -0.009504
    166 0.181000 -0.064000 1.096000 0.000000 0.000000 0.000000
    167 3.999434 -0.000528 -0.000332 -0.529831 -0.000023 0.000016
    168 3.999901 0.000041 0.001011 0.044036 0.000000 0.000000
    169 1.598000 0.000000 0.000000 0.000000 0.000000 0.000000
    170 -1.145525 0.000130 0.000668 0.000000 0.000000 0.000000
    171 2.299679 -2.499979 -0.599480 0.892008 0.221530 -0.527278
    172 11.207076 -0.718225 0.644222 1.797342 -0.254298 -0.002959
    173 -9.580673 -27.862106 -37.184681 0.812879 -0.123459 -0.568477
    174 0.649933 -0.548295 0.093651 -1.665913 -0.131399 -0.112062
    175 0.657074 0.008402 0.040371 -1.665945 -0.131407 -0.000013
    176 0.665776 0.747221 -0.029190 -1.665935 -0.131408 0.094976
    177 2.300138 -2.499413 0.600155 -0.891957 -0.221446 -0.527243
    178 11.469488 -0.466384 4.428192 2.114230 -0.357370 0.009093
    179 2.762354 0.116951 1.523975 1.629482 0.064153 1.743800
    180 7.228323 7.928198 -3.925648 2.328713 0.123459 -0.568477
    181 0.650394 -0.547730 -0.092979 1.665913 0.131399 -0.112062
    182 0.657069 0.008398 -0.040379 1.665945 0.131407 -0.000013
    183 0.665777 0.747220 0.029182 1.665935 0.131408 0.094976
    184 -4.481003 -0.202000 0.000000 0.000000 0.000000 0.000000
    185 -5.516998 -0.291000 -0.001000 0.000000 0.000000 0.000000
    186 -0.857700 0.104073 0.104687 0.023536 0.163924 0.013632
    187 1.899121 0.000427 -0.000439 0.027386 -0.033311 0.477848
    188 1.799659 -0.000240 0.000231 0.027386 -0.033311 0.477848
    189 1.799659 -0.000240 0.000231 0.027386 -0.033311 0.477848
    190 1.799659 -0.000240 0.000231 0.027386 -0.033311 0.477848
    191 1.900308 -0.000145 -0.000518 0.027386 -0.033311 0.477848
    192 1.899433 -0.000317 -0.000151 -0.027386 0.033311 0.477848
    193 1.799659 -0.000237 -0.000233 -0.027386 0.033311 0.477848
    194 1.799659 -0.000237 -0.000233 -0.027386 0.033311 0.477848
    195 1.799659 -0.000237 -0.000233 -0.027386 0.033311 0.477848
    196 1.900724 0.000553 -0.000072 -0.027386 0.033311 0.477848
    197 0.599884 0.400187 -0.000031 0.000000 0.000000 0.000000
    198 0.599888 0.400187 0.000031 0.000000 0.000000 -3.141592
    199 0.599503 0.400696 0.000234 0.000000 0.000000 0.000000
    200 0.600399 0.399632 -0.000466 0.000000 0.000000 -3.141592
  time 48
    0 0.000000 0.000000 0.000000 0.000000 0.000000 -1.570796
    1 -0.106323 0.000000 -0.000198 0.000000 0.000000 0.000000
    2 0.000000 0.000000 0.000000 0.000000 0.000000 0.000000
    3 -0.904000 0.000000 -11.806000 0.000000 0.000000 0.000000
    4 0.000000 0.000000 -14.313999 0.000000 -1.570796 1.570857
    5 3.533001 0.000000 0.000000 0.000000 0.000000 0.000000
    6 6.250000 0.000000 0.000000 0.000000 0.000000 0.000000
    7 4.369573 6.238497 -0.158809 -1.153277 1.547377 -1.153364
    8 9.562500 6.343750 1.773438 1.153277 -1.547377 -1.153364
    9 5.786820 0.002787 -0.000113 -1.136039 0.248200 -1.656633
    10 5.999492 -0.000592 -4.000343 0.000000 0.000000 0.000000
    11 5.787410 0.002582 0.000893 0.569799 -0.349095 -1.374608
    12 5.999492 -0.000592 4.000336 0.000000 0.000000 0.000000
    13 0.500225 0.000133 -0.000088 0.225267 0.000000 0.000000
    14 11.538465 0.004255 -0.001312 -0.000017 0.000009 -0.996321
    15 -0.829338 0.893824 0.079659 -0.148839 0.047645 0.087266
    16 0.500225 0.000132 0.000076 0.148610 0.000024 0.000000
    17 11.536401 0.004432 -0.000089 -0.000030 0.000026 -1.248981
    18 -0.829586 0.894698 -0.079464 0.045377 -0.019621 0.087266
    19 10.599884 0.000105 -0.000553 -1.054249 0.000012 0.000048
    20 0.154822 -0.282994 -0.000805 0.000000 0.000011 0.498127
    21 11.042057 0.007623 0.000798 -0.994192 -0.052655 0.597267
    22 -1.214832 0.203470 -0.477489 -0.135025 -0.078677 -0.001289
    23 10.599880 0.000105 0.000549 0.069950 0.000060 0.000000
    24 0.252480 -0.353308 0.000801 0.000000 -0.000011 0.624478
    25 11.041742 0.003171 -0.000571 0.051085 0.553272 0.927241
    26 -1.063377 0.077663 0.150230 0.045121 0.020046 -0.012850
    27 0.610302 -0.939470 0.070343 -1.655295 -0.140102 -0.175628
    28 0.639940 -0.199121 0.060188 -1.666011 -0.131439 -0.066423
    29 0.600155 1.080261 -0.339535 -1.738660 0.015277 0.075314
    30 0.610207 0.400743 -0.010101 -1.762268 -0.061592 0.042920
    31 0.630809 -0.693997 -0.232343 0.036657 0.209330 -0.870269
    32 -0.792125 0.203736 0.461300 1.439074 -0.003453 -0.018305
    33 0.610300 -0.939469 -0.070351 1.655346 0.140079 -0.175520
    34 0.639937 -0.199121 -0.060200 1.665655 0.091351 -0.070186
    35 0.600157 1.080259 0.339531 1.764861 -0.263790 -0.039211
    36 0.610205 0.400743 0.010086 1.763182 -0.081516 -0.010340
    37 0.624002 -0.695300 0.232270 -0.279327 -0.243031 -1.042214
    38 -0.626031 -0.069983 -0.080517 -1.447153 0.086151 0.021559
    39 2.621377 -0.002532 -0.001438 -0.231665 -0.474786 1.049037
    40 2.664743 0.000397 -0.000071 -0.299675 -0.327388 1.276505
    41 2.206394 0.003368 -0.006769 -0.219872 -0.142773 1.342919
    42 0.599952 0.959240 -0.300102 -0.174544 0.000000 0.000000
    43 2.553283 -0.001967 0.006359 -0.151466 -0.240436 1.313887
    44 2.095024 -0.003873 -0.002193 -0.426410 -0.111282 0.840296
    45 0.999380 -0.000236 -1.193744 -0.000001 0.000000 0.000000
    46 -0.122639 -0.721856 0.661690 -0.486644 0.223964 0.243056
    47 2.622113 -0.000648 0.006647 0.333554 0.161328 0.517848
    48 2.657909 0.004589 -0.000533 0.358001 -0.006349 1.156479
    49 2.200016 0.001663 0.000836 0.281351 -0.092678 0.678523
    50 0.599951 0.959244 0.300102 0.174544 0.000000 0.000000
    51 2.556570 -0.004291 0.000554 0.237774 -0.048385 0.969111
    52 2.103851 0.005614 -0.001014 0.559264 -0.205366 0.628977
    53 0.999374 -0.000237 1.103890 0.000000 0.000000 0.000001
    54 0.310846 -0.606445 -0.498005 0.308107 -0.197598 0.313976
    55 1.873069 -0.000835 -0.000994 0.000017 0.000063 0.768265
    56 1.200941 0.399582 -0.000237 -0.009465 0.016087 0.007127
    57 0.000586 0.100342 -0.000319 -0.120035 -0.021926 -0.209617
    58 -0.161663 0.051712 0.194808 -2.941982 0.122408 -0.060194
    59 2.010092 -0.007109 -0.003377 0.000042 0.000013 0.848494
    60 0.000240 0.099802 -0.000395 -0.018823 0.010833 -0.239219
    61 -0.203197 0.048607 0.069150 -3.093332 0.033217 -0.046722
    62 1.180428 -0.006214 0.000780 -0.000014 0.000024 0.459175
    63 -0.000196 0.099625 -0.000034 0.000000 0.000000 -0.314102
    64 -0.088736 -0.688435 -0.145203 2.930407 -0.136130 0.513013
    65 1.712069 -0.003328 0.003818 0.002767 -0.012544 0.668783
    66 -0.000580 0.100145 -0.000311 -0.010912 0.023129 -0.260841
    67 -0.146030 -0.232426 -0.014225 3.028455 -0.094299 0.113020
    68 1.290632 0.000362 -0.000032 0.000000 0.000000 0.156057
    69 -0.658121 -0.003575 0.072645 -0.142711 0.027792 -0.077299
    70 1.868080 -0.003049 0.006083 0.000003 -0.000021 0.515575
    71 1.200079 0.399944 -0.000093 0.009465 -0.016087 0.007127
    72 0.000591 0.100342 0.000319 0.120035 0.021926 -0.209617
    73 0.068077 0.002285 -0.080050 3.111376 -0.069366 -0.060847
    74 2.011874 -0.005083 0.006086 -0.000061 -0.000061 1.537590
    75 0.000229 0.099802 0.000395 0.018823 -0.010833 -0.239219
    76 -0.018673 -0.001009 0.047544 3.109244 0.002635 -0.106673
    77 1.178665 0.001595 0.000845 0.000042 0.000035 0.802354
    78 -0.000198 0.099628 0.000034 0.000000 0.000000 -0.314102
    79 0.036892 -0.634449 0.266284 -2.801062 0.174301 0.490914
    80 1.708256 -0.002506 -0.004592 -0.000010 0.000023 1.211450
    81 -0.000576 0.100136 0.000311 0.010912 -0.023129 -0.260841
    82 -0.003952 -0.281811 0.115047 -3.059162 0.089004 0.167964
    83 1.289627 0.003949 0.000061 0.000046 -0.000009 0.339186
    84 -0.171528 -0.018148 -0.099873 0.013484 -0.062184 -0.011780
    85 0.912716 0.007240 0.001326 -0.000005 0.000021 0.552445
    86 -0.342617 0.053404 -0.025571 -2.909301 -0.017248 0.075276
    87 1.100231 -0.000930 -0.002434 0.000009 0.000014 0.208997
    88 -0.384983 0.330998 0.006848 -3.087207 -0.018765 -0.184279
    89 0.678146 0.002286 -0.003905 -0.000018 -0.000019 0.518187
    90 -0.123848 0.072737 0.029507 2.898184 -0.060627 0.094834
    91 1.017166 -0.000154 -0.000252 -0.307128 -0.034757 0.407375
    92 -0.344986 0.123129 0.143151 2.994981 0.012396 0.059140
    93 -0.730988 0.177046 0.039141 -0.123731 0.076518 -0.084310
    94 0.921993 0.001298 -0.000896 0.000022 -0.000083 0.943518
    95 -0.124027 -0.052092 0.038496 3.077813 -0.008519 0.039229
    96 1.100430 -0.007458 0.000503 -0.217203 -0.000018 0.841328
    97 -0.330082 0.160641 0.042780 3.128073 0.034033 -0.171236
    98 0.679760 0.005438 0.003272 0.000014 0.000003 1.384707
    99 -0.019516 -0.016531 0.038578 -2.763781 0.050305 0.076828
    100 1.018891 0.005113 0.001121 -0.085216 -0.000041 1.155470
    101 -0.155312 0.130643 -0.021921 -3.022466 0.022433 -0.024903
    102 -0.252209 0.061937 -0.024914 -0.007671 -0.063171 -0.044392
    103 -0.085991 0.185203 -0.015180 -2.937063 -0.113970 -0.138991
    104 -0.286537 0.179852 0.024264 -3.109353 -0.049645 -0.029915
    105 -0.019489 0.147084 0.079203 2.893815 0.038585 -0.060594
    106 -0.046482 0.251898 0.129548 3.016165 0.077112 -0.042864
    107 0.039120 -0.040298 0.047739 3.084219 0.030470 -0.037414
    108 -0.233757 0.066630 0.001754 -3.133086 0.040141 -0.065413
    109 0.044266 0.020128 0.001684 -2.778763 -0.118872 -0.040488
    110 0.071495 0.074127 -0.048302 -3.035917 -0.059482 0.104366
    111 0.000000 0.000000 0.000000 0.000000 0.000000 -1.570796
    112 12.738670 -0.453139 -4.464980 -0.355468 0.001330 -0.010309
    113 9.117466 7.566637 -6.633015 -0.297953 -0.713011 -1.352742
    114 -0.348999 0.000000 0.342999 0.000000 0.000000 0.000000
    115 2.394995 0.000000 0.034000 0.000000 0.000000 0.000000
    116 0.008000 0.000000 1.401997 0.000000 0.000000 0.000000
    117 1.148998 0.000000 0.626999 0.000000 0.000000 0.000000
    118 1.107998 0.000000 0.153000 0.000000 0.000000 0.000000
    119 -2.457995 0.000000 0.449999 0.000000 0.000000 0.000000
    120 0.283000 0.000000 0.659998 0.000000 0.000000 0.000000
    121 4.293992 0.000000 0.136000 0.000000 0.000000 0.000000
    122 1.511997 -0.417999 1.094998 0.000000 0.000000 -1.570755
    123 4.229991 0.000000 0.042000 0.000000 0.000000 0.000000
    124 0.240000 0.000000 -0.662999 0.000000 0.000000 0.000000
    125 1.060998 0.000000 -3.633993 0.000000 0.000000 0.000000
    126 0.193999 0.000000 -2.057996 0.000000 0.000000 0.000000
    127 -0.774998 0.000000 -2.394995 0.000000 0.000000 0.000000
    128 0.000000 0.000000 0.000000 0.000000 0.000000 0.000000
    129 -0.106000 0.000000 64.320000 0.000000 0.000000 0.000000
    130 0.000000 0.000000 0.000000 0.000000 0.000000 0.000000
    131 0.000000 0.000000 0.000000 -0.005046 0.007143 0.002277
    132 23.405788 -1.252808 5.444892 -0.355587 0.001312 -0.010329
    133 0.106000 0.000000 -64.320000 0.000000 0.000000 0.000000
    134 0.000000 0.000000 0.000000 0.000000 0.000000 0.000000
    135 0.000000 0.000000 -4.867002 -3.141592 0.000000 -3.128591
    136 0.000000 0.000000 4.867000 -3.141592 0.000000 -3.128591
    137 4.000000 -6.500000 0.000000 0.000000 0.000000 0.000977
    138 -6.500000 0.000000 0.000000 0.000000 1.570796 0.000000
    139 1.000088 -0.000029 0.000000 0.000000 0.000000 0.000000
    140 17.162516 -0.000404 0.000000 0.000000 0.000000 0.119214
    141 9.999891 -0.000303 0.000000 0.000000 0.000000 0.000000
    142 1.000088 -0.000029 0.000000 0.000000 0.000000 0.000000
    143 17.162516 -0.000404 0.000000 0.000000 0.000000 0.119214
    144 9.499836 0.000212 0.000000 0.000000 0.000000 0.000000
    145 0.000000 0.000000 0.000000 0.000000 0.000000 0.000000
    146 17.749374 0.295515 0.000000 0.000000 0.000000 -1.158958
    147 0.017889 0.299792 0.000000 0.000000 0.000000 -0.059582
    148 12.283573 1.581456 -4.696000 1.462269 -0.086726 0.090185
    149 17.749376 0.295515 0.000000 0.000000 0.000000 -1.158958
    150 0.017889 0.299792 0.000000 0.000000 0.000000 -0.059582
    151 13.354000 0.000000 0.000000 0.000000 0.000000 -0.294101
    152 4.530998 0.000000 0.000000 0.000000 0.000000 0.000000
    153 0.000000 0.000000 0.000000 0.000000 0.000000 0.000000
    154 5.413524 0.000347 0.000000 0.000000 0.000000 -0.518055
    155 5.413524 0.000347 0.000000 0.000000 0.000000 -0.518055
    156 4.662002 -5.366333 4.825191 1.569713 1.561305 -3.121213
    157 3.116966 -0.000443 0.000000 0.000000 0.000000 0.294101
    158 0.000000 0.000000 0.000000 0.000000 0.000000 0.000000
    159 -0.271999 0.000000 2.688000 0.000000 0.000000 0.000000
    160 -13.702188 21.313571 -52.313321 0.355709 -0.004816 0.009186
    161 3.512001 -3.547000 -1.066000 0.000000 1.570796 0.000000
    162 3.456001 -3.517000 1.169000 0.000000 1.570796 0.000000
    163 6.233002 0.000000 0.000000 0.000000 0.000000 0.000000
    164 -0.171997 -0.106000 -0.902000 1.570713 1.029176 -3.134550
    165 6.202933 -6.419064 -0.039064 0.002277 0.005057 -0.007131
    166 0.181000 -0.064000 1.096000 0.000000 0.000000 0.000000
    167 3.999434 -0.000528 -0.000332 -0.527063 0.000001 0.000052
    168 3.999901 0.000041 0.001011 0.035104 0.000000 0.000000
    169 1.598000 0.000000 0.000000 0.000000 0.000000 0.000000
    170 -1.145525 0.000130 0.000668 0.000000 0.000000 0.000000
    171 2.299679 -2.499979 -0.599480 0.892008 0.221470 -0.527294
    172 11.207076 -0.718225 0.644222 1.797438 -0.254298 -0.002959
    173 -9.580673 -27.862106 -37.184681 0.812879 -0.123459 -0.568477
    174 0.649933 -0.548295 0.093651 -1.665913 -0.131399 -0.112062
    175 0.657074 0.008402 0.040371 -1.665945 -0.131407 -0.000013
    176 0.665776 0.747221 -0.029190 -1.665935 -0.131408 0.094976
    177 2.300138 -2.499413 0.600155 -0.891957 -0.221542 -0.527275
    178 11.469488 -0.466384 4.428192 2.114360 -0.357400 0.009076
    179 2.762354 0.116951 1.523975 1.629482 0.064153 1.743800
    180 7.228323 7.928198 -3.925648 2.328713 0.123459 -0.568477
    181 0.650394 -0.547730 -0.092979 1.665913 0.131399 -0.112062
    182 0.657069 0.008398 -0.040379 1.665945 0.131407 -0.000013
    183 0.665777 0.747220 0.029182 1.665935 0.131408 0.094976
    184 -4.481003 -0.202000 0.000000 0.000000 0.000000 0.000000
    185 -5.516998 -0.291000 -0.001000 0.000000 0.000000 0.000000
    186 -0.857700 0.104073 0.104687 0.023536 0.163924 0.013632
    187 1.899121 0.000427 -0.000439 0.027386 -0.033311 0.477848
    188 1.799659 -0.000240 0.000231 0.027386 -0.033311 0.477848
    189 1.799659 -0.000240 0.000231 0.027386 -0.033311 0.477848
    190 1.799659 -0.000240 0.000231 0.027386 -0.033311 0.477848
    191 1.900308 -0.000145 -0.000518 0.027386 -0.033311 0.477848
    192 1.899433 -0.000317 -0.000151 -0.027386 0.033311 0.477848
    193 1.799659 -0.000237 -0.000233 -0.027386 0.033311 0.477848
    194 1.799659 -0.000237 -0.000233 -0.027386 0.033311 0.477848
    195 1.799659 -0.000237 -0.000233 -0.027386 0.033311 0.477848
    196 1.900724 0.000553 -0.000072 -0.027386 0.033311 0.477848
    197 0.599884 0.400187 -0.000031 0.000000 0.000000 0.000000
    198 0.599888 0.400187 0.000031 0.000000 0.000000 -3.141592
    199 0.599503 0.400696 0.000234 0.000000 0.000000 0.000000
    200 0.600399 0.399632 -0.000466 0.000000 0.000000 -3.141592
  time 49
    0 0.000000 0.000000 0.000000 0.000000 0.000000 -1.570796
    1 -0.106323 0.000000 -0.000198 0.000000 0.000000 0.000000
    2 0.000000 0.000000 0.000000 0.000000 0.000000 0.000000
    3 -0.904000 0.000000 -11.806000 0.000000 0.000000 0.000000
    4 0.000000 0.000000 -14.313999 0.000000 -1.570796 1.570857
    5 3.533001 0.000000 0.000000 0.000000 0.000000 0.000000
    6 6.250000 0.000000 0.000000 0.000000 0.000000 0.000000
    7 4.369573 6.343969 -0.084588 -1.153277 1.547377 -1.153364
    8 9.562500 6.343750 1.773438 1.153277 -1.547377 -1.153364
    9 5.786820 0.002787 -0.000113 -1.142279 0.223078 -1.655022
    10 5.999492 -0.000592 -4.000343 0.000000 0.000000 0.000000
    11 5.787410 0.002582 0.000893 0.573955 -0.331932 -1.385640
    12 5.999492 -0.000592 4.000336 0.000000 0.000000 0.000000
    13 0.500225 0.000133 -0.000088 0.231707 0.000000 0.000000
    14 11.538465 0.000348 -0.001312 -0.000017 0.000009 -0.957048
    15 -0.829338 0.893824 0.079659 -0.148839 0.047645 0.087266
    16 0.500225 0.000132 0.000076 0.148315 0.000000 0.000000
    17 11.532495 0.000526 -0.000089 0.000006 -0.000022 -1.225826
    18 -0.829586 0.894698 -0.079464 0.045377 -0.019621 0.087266
    19 10.599884 0.000105 -0.000553 -1.044661 -0.000048 0.000024
    20 0.139197 -0.275181 -0.000805 0.000000 0.000011 0.478570
    21 11.045963 -0.000189 0.004704 -0.981035 -0.040684 0.585232
    22 -1.214832 0.203470 -0.477489 -0.135025 -0.078677 -0.001289
    23 10.599880 0.000105 0.000549 0.090417 0.000000 0.000060
    24 0.240761 -0.345495 0.000801 0.000000 -0.000011 0.612916
    25 11.041742 0.003171 -0.000571 0.066435 0.540420 0.924583
    26 -1.063377 0.077663 0.150230 0.045121 0.020046 -0.012850
    27 0.610302 -0.939470 0.070343 -1.655346 -0.140091 -0.175664
    28 0.639940 -0.199121 0.060188 -1.665960 -0.131332 -0.066495
    29 0.600155 1.080261 -0.339535 -1.738607 0.015313 0.075266
    30 0.610207 0.400743 -0.010101 -1.762268 -0.061628 0.042968
    31 0.634715 -0.690090 -0.232343 0.036597 0.209315 -0.870269
    32 -0.792125 0.203736 0.461300 1.439074 -0.003453 -0.018305
    33 0.610300 -0.939469 -0.070351 1.655295 0.140043 -0.175628
    34 0.639937 -0.199121 -0.060200 1.665553 0.091267 -0.070198
    35 0.600157 1.080259 0.339531 1.764702 -0.263957 -0.039211
    36 0.610205 0.400743 0.010086 1.763344 -0.081648 -0.010400
    37 0.624002 -0.695300 0.236176 -0.279291 -0.243007 -1.042251
    38 -0.626031 -0.069983 -0.080517 -1.447153 0.086151 0.021559
    39 2.625284 -0.002532 -0.001438 -0.231665 -0.474786 1.049037
    40 2.664743 0.000397 -0.000071 -0.299645 -0.327328 1.276622
    41 2.206394 0.003368 -0.006769 -0.219788 -0.142757 1.342919
    42 0.599952 0.959240 -0.300102 -0.174544 0.000000 0.000000
    43 2.553283 -0.005873 0.006359 -0.151479 -0.240412 1.313965
    44 2.095024 -0.003873 -0.002193 -0.426310 -0.111239 0.840296
    45 0.999380 -0.000236 -1.193744 -0.000001 0.000000 0.000000
    46 -0.122639 -0.721856 0.661690 -0.486644 0.223964 0.243056
    47 2.622113 -0.000648 0.002741 0.333587 0.161376 0.517921
    48 2.657909 0.004589 -0.000533 0.358001 -0.006337 1.156389
    49 2.200016 0.001663 0.004743 0.281386 -0.092714 0.678585
    50 0.599951 0.959244 0.300102 0.174544 0.000000 0.000000
    51 2.556570 -0.000385 0.000554 0.237761 -0.048409 0.969055
    52 2.103851 0.005614 -0.001014 0.556340 -0.214305 0.643871
    53 0.999374 -0.000237 1.103890 0.000000 0.000000 0.000001
    54 0.310846 -0.606445 -0.498005 0.308107 -0.197598 0.313976
    55 1.873069 -0.000835 -0.000994 -0.000007 0.000004 0.768265
    56 1.200941 0.399582 -0.000237 -0.009465 0.016087 0.007127
    57 0.000586 0.100342 -0.000319 -0.120035 -0.021926 -0.209617
    58 -0.161663 0.051712 0.194808 -2.941982 0.122408 -0.060194
    59 2.010092 -0.007109 -0.003377 0.000054 0.000001 0.848494
    60 0.000240 0.099802 -0.000395 -0.018823 0.010833 -0.239219
    61 -0.203197 0.048607 0.069150 -3.093332 0.033217 -0.046722
    62 1.180428 -0.006214 0.000780 -0.000014 0.000060 0.459143
    63 -0.000196 0.099625 -0.000034 0.000000 0.000000 -0.314102
    64 -0.088736 -0.688435 -0.145203 2.930407 -0.136130 0.513013
    65 1.712069 -0.003328 0.003818 0.002647 -0.012497 0.668695
    66 -0.000580 0.100145 -0.000311 -0.010912 0.023129 -0.260841
    67 -0.146030 -0.232426 -0.014225 3.028455 -0.094299 0.113020
    68 1.290632 0.000362 -0.000032 0.000000 0.000000 0.156057
    69 -0.658121 -0.003575 0.072645 -0.142711 0.027792 -0.077299
    70 1.868080 -0.003049 0.006083 0.000003 -0.000021 0.515649
    71 1.200079 0.399944 -0.000093 0.009465 -0.016087 0.007127
    72 0.000591 0.100342 0.000319 0.120035 0.021926 -0.209617
    73 0.068077 0.002285 -0.080050 3.111376 -0.069366 -0.060847
    74 2.015780 -0.005083 0.006086 0.000023 0.000023 1.537387
    75 0.000229 0.099802 0.000395 0.018823 -0.010833 -0.239219
    76 -0.018673 -0.001009 0.047544 3.109244 0.002635 -0.106673
    77 1.178665 0.001595 0.000845 -0.000006 -0.000060 0.802275
    78 -0.000198 0.099628 0.000034 0.000000 0.000000 -0.314102
    79 0.036892 -0.634449 0.266284 -2.801062 0.174301 0.490914
    80 1.704350 -0.002506 -0.004592 -0.000010 0.000023 1.211497
    81 -0.000576 0.100136 0.000311 0.010912 -0.023129 -0.260841
    82 -0.003952 -0.281811 0.115047 -3.059162 0.089004 0.167964
    83 1.289627 0.003949 0.000061 -0.000049 0.000074 0.449666
    84 -0.171528 -0.018148 -0.099873 0.013484 -0.062184 -0.011780
    85 0.912716 0.007240 0.001326 -0.000041 0.000033 0.552402
    86 -0.342617 0.053404 -0.025571 -2.909301 -0.017248 0.075276
    87 1.100231 -0.000930 -0.002434 0.000009 0.000014 0.208957
    88 -0.384983 0.330998 0.006848 -3.087207 -0.018765 -0.184279
    89 0.678146 0.006192 -0.003905 -0.000018 -0.000007 0.518187
    90 -0.123848 0.072737 0.029507 2.898184 -0.060627 0.094834
    91 1.017166 -0.000154 -0.000252 -0.307188 -0.034805 0.407375
    92 -0.344986 0.123129 0.143151 2.994981 0.012396 0.059140
    93 -0.730988 0.177046 0.039141 -0.123731 0.076518 -0.084310
    94 0.925900 0.005205 -0.000896 -0.000062 0.000025 0.943690
    95 -0.124027 -0.052092 0.038496 3.077813 -0.008519 0.039229
    96 1.100430 -0.007458 0.000503 -0.217215 0.000006 0.841299
    97 -0.330082 0.160641 0.042780 3.128073 0.034033 -0.171236
    98 0.679760 0.005438 0.003272 -0.000034 0.000039 1.384707
    99 -0.019516 -0.016531 0.038578 -2.763781 0.050305 0.076828
    100 1.014985 0.005113 0.001121 -0.085180 0.000007 1.155470
    101 -0.155312 0.130643 -0.021921 -3.022466 0.022433 -0.024903
    102 -0.252209 0.061937 -0.024914 -0.007671 -0.063171 -0.044392
    103 -0.085991 0.185203 -0.015180 -2.937063 -0.113970 -0.138991
    104 -0.286537 0.179852 0.024264 -3.109353 -0.049645 -0.029915
    105 -0.019489 0.147084 0.079203 2.893815 0.038585 -0.060594
    106 -0.046482 0.251898 0.129548 3.016165 0.077112 -0.042864
    107 0.039120 -0.040298 0.047739 3.084219 0.030470 -0.037414
    108 -0.233757 0.066630 0.001754 -3.133086 0.040141 -0.065413
    109 0.044266 0.020128 0.001684 -2.778763 -0.118872 -0.040488
    110 0.071495 0.074127 -0.048302 -3.035917 -0.059482 0.104366
    111 0.000000 0.000000 0.000000 0.000000 0.000000 -1.570796
    112 12.875393 -0.398450 -4.273568 -0.343901 0.002927 -0.005004
    113 9.090121 7.488510 -6.293161 -0.282323 -0.714136 -1.357599
    114 -0.348999 0.000000 0.342999 0.000000 0.000000 0.000000
    115 2.394995 0.000000 0.034000 0.000000 0.000000 0.000000
    116 0.008000 0.000000 1.401997 0.000000 0.000000 0.000000
    117 1.148998 0.000000 0.626999 0.000000 0.000000 0.000000
    118 1.107998 0.000000 0.153000 0.000000 0.000000 0.000000
    119 -2.457995 0.000000 0.449999 0.000000 0.000000 0.000000
    120 0.283000 0.000000 0.659998 0.000000 0.000000 0.000000
    121 4.293992 0.000000 0.136000 0.000000 0.000000 0.000000
    122 1.511997 -0.417999 1.094998 0.000000 0.000000 -1.570755
    123 4.229991 0.000000 0.042000 0.000000 0.000000 0.000000
    124 0.240000 0.000000 -0.662999 0.000000 0.000000 0.000000
    125 1.060998 0.000000 -3.633993 0.000000 0.000000 0.000000
    126 0.193999 0.000000 -2.057996 0.000000 0.000000 0.000000
    127 -0.774998 0.000000 -2.394995 0.000000 0.000000 0.000000
    128 0.000000 0.000000 0.000000 0.000000 0.000000 0.000000
    129 -0.106000 0.000000 64.320000 0.000000 0.000000 0.000000
    130 0.000000 0.000000 0.000000 0.000000 0.000000 0.000000
    131 0.000000 0.000000 0.000000 -0.005836 0.004027 0.001139
    132 23.542511 -1.123898 5.616772 -0.343932 0.002947 -0.005083
    133 0.106000 0.000000 -64.320000 0.000000 0.000000 0.000000
    134 0.000000 0.000000 0.000000 0.000000 0.000000 0.000000
    135 0.000000 0.000000 -4.867002 -3.141592 0.000000 -3.128591
    136 0.000000 0.000000 4.867000 -3.141592 0.000000 -3.128591
    137 4.000000 -6.500000 0.000000 0.000000 0.000000 0.000977
    138 -6.500000 0.000000 0.000000 0.000000 1.570796 0.000000
    139 1.000088 -0.000029 0.000000 0.000000 0.000000 0.000000
    140 17.162516 -0.000404 0.000000 0.000000 0.000000 0.119214
    141 9.999891 -0.000303 0.000000 0.000000 0.000000 0.000000
    142 1.000088 -0.000029 0.000000 0.000000 0.000000 0.000000
    143 17.162516 -0.000404 0.000000 0.000000 0.000000 0.119214
    144 9.499836 0.000212 0.000000 0.000000 0.000000 0.000000
    145 0.000000 0.000000 0.000000 0.000000 0.000000 0.000000
    146 17.749374 0.295515 0.000000 0.000000 0.000000 -1.158958
    147 0.017889 0.299792 0.000000 0.000000 0.000000 -0.059582
    148 12.283573 1.581456 -4.696000 1.462269 -0.086726 0.090185
    149 17.749376 0.295515 0.000000 0.000000 0.000000 -1.158958
    150 0.017889 0.299792 0.000000 0.000000 0.000000 -0.059582
    151 13.354000 0.000000 0.000000 0.000000 0.000000 -0.294101
    152 4.530998 0.000000 0.000000 0.000000 0.000000 0.000000
    153 0.000000 0.000000 0.000000 0.000000 0.000000 0.000000
    154 5.413524 0.000347 0.000000 0.000000 0.000000 -0.518055
    155 5.413524 0.000347 0.000000 0.000000 0.000000 -0.518055
    156 4.662002 -5.366333 4.825191 1.569713 1.561305 -3.121213
    157 3.116966 -0.000443 0.000000 0.000000 0.000000 0.294101
    158 0.000000 0.000000 0.000000 0.000000 0.000000 0.000000
    159 -0.271999 0.000000 2.688000 0.000000 0.000000 0.000000
    160 -13.745158 20.731522 -52.762554 0.343814 -0.004474 0.003778
    161 3.512001 -3.547000 -1.066000 0.000000 1.570796 0.000000
    162 3.456001 -3.517000 1.169000 0.000000 1.570796 0.000000
    163 6.233002 0.000000 0.000000 0.000000 0.000000 0.000000
    164 -0.171997 -0.106000 -0.902000 1.570713 1.029176 -3.134550
    165 6.222465 -6.399532 -0.039064 0.001139 0.005848 -0.004015
    166 0.181000 -0.064000 1.096000 0.000000 0.000000 0.000000
    167 3.999434 -0.000528 -0.000332 -0.522388 -0.000059 0.000064
    168 3.999901 0.000041 0.001011 0.045305 0.000000 0.000000
    169 1.598000 0.000000 0.000000 0.000000 0.000000 0.000000
    170 -1.145525 0.000130 0.000668 0.000000 0.000000 0.000000
    171 2.299679 -2.499979 -0.599480 0.891953 0.221458 -0.527294
    172 11.207076 -0.718225 0.644222 1.797342 -0.254298 -0.002959
    173 -9.580673 -27.862106 -37.184681 0.812879 -0.123459 -0.568477
    174 0.649933 -0.548295 0.093651 -1.665913 -0.131399 -0.112062
    175 0.657074 0.008402 0.040371 -1.665945 -0.131407 -0.000013
    176 0.665776 0.747221 -0.029190 -1.665935 -0.131408 0.094976
    177 2.300138 -2.499413 0.600155 -0.891957 -0.221542 -0.527211
    178 11.469488 -0.466384 4.428192 2.114295 -0.357488 0.009076
    179 2.762354 0.116951 1.523975 1.629482 0.064153 1.743800
    180 7.228323 7.928198 -3.925648 2.328713 0.123459 -0.568477
    181 0.650394 -0.547730 -0.092979 1.665913 0.131399 -0.112062
    182 0.657069 0.008398 -0.040379 1.665945 0.131407 -0.000013
    183 0.665777 0.747220 0.029182 1.665935 0.131408 0.094976
    184 -4.481003 -0.202000 0.000000 0.000000 0.000000 0.000000
    185 -5.516998 -0.291000 -0.001000 0.000000 0.000000 0.000000
    186 -0.857700 0.104073 0.104687 0.023536 0.163924 0.013632
    187 1.899121 0.000427 -0.000439 0.027386 -0.033311 0.477848
    188 1.799659 -0.000240 0.000231 0.027386 -0.033311 0.477848
    189 1.799659 -0.000240 0.000231 0.027386 -0.033311 0.477848
    190 1.799659 -0.000240 0.000231 0.027386 -0.033311 0.477848
    191 1.900308 -0.000145 -0.000518 0.027386 -0.033311 0.477848
    192 1.899433 -0.000317 -0.000151 -0.027386 0.033311 0.477848
    193 1.799659 -0.000237 -0.000233 -0.027386 0.033311 0.477848
    194 1.799659 -0.000237 -0.000233 -0.027386 0.033311 0.477848
    195 1.799659 -0.000237 -0.000233 -0.027386 0.033311 0.477848
    196 1.900724 0.000553 -0.000072 -0.027386 0.033311 0.477848
    197 0.599884 0.400187 -0.000031 0.000000 0.000000 0.000000
    198 0.599888 0.400187 0.000031 0.000000 0.000000 -3.141592
    199 0.599503 0.400696 0.000234 0.000000 0.000000 0.000000
    200 0.600399 0.399632 -0.000466 0.000000 0.000000 -3.141592
  time 50
    0 0.000000 0.000000 0.000000 0.000000 0.000000 -1.570796
    1 -0.106323 0.000000 -0.000198 0.000000 0.000000 0.000000
    2 0.000000 0.000000 0.000000 0.000000 0.000000 0.000000
    3 -0.904000 0.000000 -11.806000 0.000000 0.000000 0.000000
    4 0.000000 0.000000 -14.313999 0.000000 -1.570796 1.570857
    5 3.533001 0.000000 0.000000 0.000000 0.000000 0.000000
    6 6.250000 0.000000 0.000000 0.000000 0.000000 0.000000
    7 4.369573 6.343969 -0.084588 -1.153277 1.547377 -1.153364
    8 9.562500 6.343750 1.773438 1.153277 -1.547377 -1.153364
    9 5.786820 0.002787 -0.000113 -1.136841 0.213738 -1.646869
    10 5.999492 -0.000592 -4.000343 0.000000 0.000000 0.000000
    11 5.787410 0.002582 0.000893 0.575549 -0.323702 -1.388649
    12 5.999492 -0.000592 4.000336 0.000000 0.000000 0.000000
    13 0.500225 0.000133 -0.000088 0.229173 -0.000060 0.000000
    14 11.538465 0.000348 -0.001312 0.000031 0.000033 -0.963314
    15 -0.829338 0.893824 0.079659 -0.148839 0.047645 0.087266
    16 0.500225 0.000132 0.000076 0.147946 0.000000 0.000000
    17 11.532495 0.000526 -0.000089 0.000006 -0.000022 -1.228279
    18 -0.829586 0.894698 -0.079464 0.045377 -0.019621 0.087266
    19 10.599884 0.000105 -0.000553 -1.039013 0.000012 0.000036
    20 0.139197 -0.275181 -0.000805 0.000000 0.000011 0.481628
    21 11.045963 -0.000189 0.004704 -0.966316 -0.032445 0.601279
    22 -1.214832 0.203470 -0.477489 -0.135025 -0.078677 -0.001289
    23 10.599880 0.000105 0.000549 0.125392 -0.000048 0.000000
    24 0.244667 -0.345495 0.000801 0.000000 -0.000011 0.614168
    25 11.041742 0.003171 -0.000571 0.091685 0.532489 0.938109
    26 -1.063377 0.077663 0.150230 0.045121 0.020046 -0.012850
    27 0.610302 -0.939470 0.070343 -1.655295 -0.140055 -0.175712
    28 0.639940 -0.199121 0.060188 -1.666062 -0.131439 -0.066531
    29 0.600155 1.080261 -0.339535 -1.738660 0.015265 0.075230
    30 0.610207 0.400743 -0.010101 -1.762268 -0.061675 0.042920
    31 0.634715 -0.693997 -0.232343 0.036597 0.209315 -0.870269
    32 -0.792125 0.203736 0.461300 1.439074 -0.003453 -0.018305
    33 0.610300 -0.939469 -0.070351 1.655295 0.140031 -0.175640
    34 0.639937 -0.199121 -0.060200 1.665553 0.091267 -0.070378
    35 0.600157 1.080259 0.339531 1.764702 -0.263874 -0.039283
    36 0.610205 0.400743 0.010086 1.763129 -0.081564 -0.010388
    37 0.624002 -0.691393 0.232270 -0.279255 -0.242995 -1.042251
    38 -0.626031 -0.069983 -0.080517 -1.447153 0.086151 0.021559
    39 2.625284 -0.002532 -0.001438 -0.231742 -0.474774 1.048956
    40 2.664743 0.000397 -0.000071 -0.299705 -0.327280 1.276622
    41 2.206394 0.003368 -0.006769 -0.219824 -0.142805 1.342956
    42 0.599952 0.959240 -0.300102 -0.174544 0.000000 0.000000
    43 2.557190 -0.005873 0.006359 -0.151418 -0.240460 1.313965
    44 2.095024 -0.003873 -0.002193 -0.426353 -0.111282 0.840316
    45 0.999380 -0.000236 -1.193744 -0.000001 0.000000 0.000000
    46 -0.122639 -0.721856 0.661690 -0.486644 0.223964 0.243056
    47 2.622113 -0.004555 0.006647 0.333554 0.161316 0.517897
    48 2.654002 0.004589 -0.000533 0.358001 -0.006265 1.156456
    49 2.200016 0.001663 0.004743 0.281351 -0.092702 0.678647
    50 0.599951 0.959244 0.300102 0.174544 0.000000 0.000000
    51 2.556570 -0.000385 0.000554 0.237761 -0.048409 0.969111
    52 2.103851 0.005614 -0.001014 0.556297 -0.214280 0.643829
    53 0.999374 -0.000237 1.103890 0.000000 0.000000 0.000001
    54 0.310846 -0.606445 -0.498005 0.308107 -0.197598 0.313976
    55 1.873069 -0.004741 -0.000994 0.000017 0.000063 0.768352
    56 1.200941 0.399582 -0.000237 -0.009465 0.016087 0.007127
    57 0.000586 0.100342 -0.000319 -0.120035 -0.021926 -0.209617
    58 -0.161663 0.051712 0.194808 -2.941982 0.122408 -0.060194
    59 2.010092 -0.007109 -0.007284 0.000077 -0.000011 0.848494
    60 0.000240 0.099802 -0.000395 -0.018823 0.010833 -0.239219
    61 -0.203197 0.048607 0.069150 -3.093332 0.033217 -0.046722
    62 1.180428 -0.006214 0.000780 -0.000002 0.000060 0.459143
    63 -0.000196 0.099625 -0.000034 0.000000 0.000000 -0.314102
    64 -0.088736 -0.688435 -0.145203 2.930407 -0.136130 0.513013
    65 1.712069 -0.003328 0.003818 0.002671 -0.012449 0.668783
    66 -0.000580 0.100145 -0.000311 -0.010912 0.023129 -0.260841
    67 -0.146030 -0.232426 -0.014225 3.028455 -0.094299 0.113020
    68 1.290632 0.000362 -0.000032 0.000000 0.000000 0.156057
    69 -0.658121 -0.003575 0.072645 -0.142711 0.027792 -0.077299
    70 1.868080 -0.003049 0.006083 0.000003 -0.000021 0.515575
    71 1.200079 0.399944 -0.000093 0.009465 -0.016087 0.007127
    72 0.000591 0.100342 0.000319 0.120035 0.021926 -0.209617
    73 0.068077 0.002285 -0.080050 3.111376 -0.069366 -0.060847
    74 2.015780 -0.005083 0.006086 0.000023 0.000023 1.537387
    75 0.000229 0.099802 0.000395 0.018823 -0.010833 -0.239219
    76 -0.018673 -0.001009 0.047544 3.109244 0.002635 -0.106673
    77 1.178665 0.001595 0.000845 0.000018 -0.000012 0.802275
    78 -0.000198 0.099628 0.000034 0.000000 0.000000 -0.314102
    79 0.036892 -0.634449 0.266284 -2.801062 0.174301 0.490914
    80 1.704350 -0.002506 -0.004592 0.000074 0.000035 1.211473
    81 -0.000576 0.100136 0.000311 0.010912 -0.023129 -0.260841
    82 -0.003952 -0.281811 0.115047 -3.059162 0.089004 0.167964
    83 1.289627 0.003949 0.000061 -0.000002 0.000063 0.499913
    84 -0.171528 -0.018148 -0.099873 0.013484 -0.062184 -0.011780
    85 0.912716 0.007240 0.001326 0.000019 0.000021 0.552402
    86 -0.342617 0.053404 -0.025571 -2.909301 -0.017248 0.075276
    87 1.100231 -0.000930 -0.002434 0.000009 0.000014 0.208916
    88 -0.384983 0.330998 0.006848 -3.087207 -0.018765 -0.184279
    89 0.678146 0.006192 0.000002 -0.000018 -0.000019 0.518187
    90 -0.123848 0.072737 0.029507 2.898184 -0.060627 0.094834
    91 1.017166 -0.000154 -0.000252 -0.307128 -0.034817 0.407375
    92 -0.344986 0.123129 0.143151 2.994981 0.012396 0.059140
    93 -0.730988 0.177046 0.039141 -0.123731 0.076518 -0.084310
    94 0.921993 0.001298 -0.000896 -0.000002 -0.000011 0.943690
    95 -0.124027 -0.052092 0.038496 3.077813 -0.008519 0.039229
    96 1.100430 -0.007458 0.000503 -0.217227 0.000042 0.841299
    97 -0.330082 0.160641 0.042780 3.128073 0.034033 -0.171236
    98 0.679760 0.005438 0.003272 0.000014 0.000003 1.384738
    99 -0.019516 -0.016531 0.038578 -2.763781 0.050305 0.076828
    100 1.014985 0.001206 0.001121 -0.085192 0.000091 1.155470
    101 -0.155312 0.130643 -0.021921 -3.022466 0.022433 -0.024903
    102 -0.252209 0.061937 -0.024914 -0.007671 -0.063171 -0.044392
    103 -0.085991 0.185203 -0.015180 -2.937063 -0.113970 -0.138991
    104 -0.286537 0.179852 0.024264 -3.109353 -0.049645 -0.029915
    105 -0.019489 0.147084 0.079203 2.893815 0.038585 -0.060594
    106 -0.046482 0.251898 0.129548 3.016165 0.077112 -0.042864
    107 0.039120 -0.040298 0.047739 3.084219 0.030470 -0.037414
    108 -0.233757 0.066630 0.001754 -3.133086 0.040141 -0.065413
    109 0.044266 0.020128 0.001684 -2.778763 -0.118872 -0.040488
    110 0.071495 0.074127 -0.048302 -3.035917 -0.059482 0.104366
    111 0.000000 0.000000 0.000000 0.000000 0.000000 -1.570796
    112 12.828516 -0.378918 -4.086062 -0.322129 0.001786 0.000121
    113 9.047151 7.586169 -5.922056 -0.254008 -0.719758 -1.370977
    114 -0.348999 0.000000 0.342999 0.000000 0.000000 0.000000
    115 2.394995 0.000000 0.034000 0.000000 0.000000 0.000000
    116 0.008000 0.000000 1.401997 0.000000 0.000000 0.000000
    117 1.148998 0.000000 0.626999 0.000000 0.000000 0.000000
    118 1.107998 0.000000 0.153000 0.000000 0.000000 0.000000
    119 -2.457995 0.000000 0.449999 0.000000 0.000000 0.000000
    120 0.283000 0.000000 0.659998 0.000000 0.000000 0.000000
    121 4.293992 0.000000 0.136000 0.000000 0.000000 0.000000
    122 1.511997 -0.417999 1.094998 0.000000 0.000000 -1.570755
    123 4.229991 0.000000 0.042000 0.000000 0.000000 0.000000
    124 0.240000 0.000000 -0.662999 0.000000 0.000000 0.000000
    125 1.060998 0.000000 -3.633993 0.000000 0.000000 0.000000
    126 0.193999 0.000000 -2.057996 0.000000 0.000000 0.000000
    127 -0.774998 0.000000 -2.394995 0.000000 0.000000 0.000000
    128 0.000000 0.000000 0.000000 0.000000 0.000000 0.000000
    129 -0.106000 0.000000 64.320000 0.000000 0.000000 0.000000
    130 0.000000 0.000000 0.000000 0.000000 0.000000 0.000000
    131 0.000000 0.000000 0.000000 -0.006400 0.000911 0.000300
    132 23.491728 -1.006707 5.804278 -0.322034 0.001845 0.000103
    133 0.106000 0.000000 -64.320000 0.000000 0.000000 0.000000
    134 0.000000 0.000000 0.000000 0.000000 0.000000 0.000000
    135 0.000000 0.000000 -4.867002 -3.141592 0.000000 -3.128591
    136 0.000000 0.000000 4.867000 -3.141592 0.000000 -3.128591
    137 4.000000 -6.500000 0.000000 0.000000 0.000000 0.000977
    138 -6.500000 0.000000 0.000000 0.000000 1.570796 0.000000
    139 1.000088 -0.000029 0.000000 0.000000 0.000000 0.000000
    140 17.162516 -0.000404 0.000000 0.000000 0.000000 0.119214
    141 9.999891 -0.000303 0.000000 0.000000 0.000000 0.000000
    142 1.000088 -0.000029 0.000000 0.000000 0.000000 0.000000
    143 17.162516 -0.000404 0.000000 0.000000 0.000000 0.119214
    144 9.499836 0.000212 0.000000 0.000000 0.000000 0.000000
    145 0.000000 0.000000 0.000000 0.000000 0.000000 0.000000
    146 17.749374 0.295515 0.000000 0.000000 0.000000 -1.158958
    147 0.017889 0.299792 0.000000 0.000000 0.000000 -0.059582
    148 12.283573 1.581456 -4.696000 1.462269 -0.086726 0.090185
    149 17.749376 0.295515 0.000000 0.000000 0.000000 -1.158958
    150 0.017889 0.299792 0.000000 0.000000 0.000000 -0.059582
    151 13.354000 0.000000 0.000000 0.000000 0.000000 -0.294101
    152 4.530998 0.000000 0.000000 0.000000 0.000000 0.000000
    153 0.000000 0.000000 0.000000 0.000000 0.000000 0.000000
    154 5.413524 0.000347 0.000000 0.000000 0.000000 -0.518055
    155 5.413524 0.000347 0.000000 0.000000 0.000000 -0.518055
    156 4.662002 -5.366333 4.825191 1.569713 1.561305 -3.121213
    157 3.116966 -0.000443 0.000000 0.000000 0.000000 0.294101
    158 0.000000 0.000000 0.000000 0.000000 0.000000 0.000000
    159 -0.271999 0.000000 2.688000 0.000000 0.000000 0.000000
    160 -13.752971 19.586956 -53.356322 0.321868 -0.001608 -0.000671
    161 3.512001 -3.547000 -1.066000 0.000000 1.570796 0.000000
    162 3.456001 -3.517000 1.169000 0.000000 1.570796 0.000000
    163 6.233002 0.000000 0.000000 0.000000 0.000000 0.000000
    164 -0.171997 -0.106000 -0.902000 1.570713 1.029176 -3.134550
    165 6.238090 -6.380000 -0.039064 0.000300 0.006400 -0.000911
    166 0.181000 -0.064000 1.096000 0.000000 0.000000 0.000000
    167 3.999434 -0.000528 -0.000332 -0.519529 -0.000023 0.000016
    168 3.999901 0.000041 0.001011 0.062806 0.000000 0.000000
    169 1.598000 0.000000 0.000000 0.000000 0.000000 0.000000
    170 -1.145525 0.000130 0.000668 0.000000 0.000000 0.000000
    171 2.299679 -2.499979 -0.599480 0.891953 0.221482 -0.527246
    172 11.207076 -0.718225 0.644222 1.797438 -0.254298 -0.002959
    173 -9.580673 -27.862106 -37.184681 0.812879 -0.123459 -0.568477
    174 0.649933 -0.548295 0.093651 -1.665913 -0.131399 -0.112062
    175 0.657074 0.008402 0.040371 -1.665945 -0.131407 -0.000013
    176 0.665776 0.747221 -0.029190 -1.665935 -0.131408 0.094976
    177 2.300138 -2.499413 0.600155 -0.891930 -0.221458 -0.527291
    178 11.469488 -0.466384 4.428192 2.114166 -0.357414 0.009076
    179 2.762354 0.116951 1.523975 1.629482 0.064153 1.743800
    180 7.228323 7.928198 -3.925648 2.328713 0.123459 -0.568477
    181 0.650394 -0.547730 -0.092979 1.665913 0.131399 -0.112062
    182 0.657069 0.008398 -0.040379 1.665945 0.131407 -0.000013
    183 0.665777 0.747220 0.029182 1.665935 0.131408 0.094976
    184 -4.481003 -0.202000 0.000000 0.000000 0.000000 0.000000
    185 -5.516998 -0.291000 -0.001000 0.000000 0.000000 0.000000
    186 -0.857700 0.104073 0.104687 0.023536 0.163924 0.013632
    187 1.899121 0.000427 -0.000439 0.027386 -0.033311 0.477848
    188 1.799659 -0.000240 0.000231 0.027386 -0.033311 0.477848
    189 1.799659 -0.000240 0.000231 0.027386 -0.033311 0.477848
    190 1.799659 -0.000240 0.000231 0.027386 -0.033311 0.477848
    191 1.900308 -0.000145 -0.000518 0.027386 -0.033311 0.477848
    192 1.899433 -0.000317 -0.000151 -0.027386 0.033311 0.477848
    193 1.799659 -0.000237 -0.000233 -0.027386 0.033311 0.477848
    194 1.799659 -0.000237 -0.000233 -0.027386 0.033311 0.477848
    195 1.799659 -0.000237 -0.000233 -0.027386 0.033311 0.477848
    196 1.900724 0.000553 -0.000072 -0.027386 0.033311 0.477848
    197 0.599884 0.400187 -0.000031 0.000000 0.000000 0.000000
    198 0.599888 0.400187 0.000031 0.000000 0.000000 -3.141592
    199 0.599503 0.400696 0.000234 0.000000 0.000000 0.000000
    200 0.600399 0.399632 -0.000466 0.000000 0.000000 -3.141592
  time 51
    0 0.000000 0.000000 0.000000 0.000000 0.000000 -1.570796
    1 -0.106323 0.000000 -0.000198 0.000000 0.000000 0.000000
    2 0.000000 0.000000 0.000000 0.000000 0.000000 0.000000
    3 -0.904000 0.000000 -11.806000 0.000000 0.000000 0.000000
    4 0.000000 0.000000 -14.313999 0.000000 -1.570796 1.570857
    5 3.533001 0.000000 0.000000 0.000000 0.000000 0.000000
    6 6.250000 0.000000 0.000000 0.000000 0.000000 0.000000
    7 4.369573 6.343969 -0.084588 -1.153277 1.547377 -1.153364
    8 9.562500 6.343750 1.773438 1.153277 -1.547377 -1.153364
    9 5.786820 0.002787 -0.000113 -1.133186 0.210950 -1.640992
    10 5.999492 -0.000592 -4.000343 0.000000 0.000000 0.000000
    11 5.787410 0.002582 0.000893 0.575606 -0.320435 -1.387646
    12 5.999492 -0.000592 4.000336 0.000000 0.000000 0.000000
    13 0.500225 0.000133 -0.000088 0.227136 0.000000 -0.000060
    14 11.538465 0.004255 -0.001312 -0.000017 0.000009 -0.977304
    15 -0.829338 0.893824 0.079659 -0.148839 0.047645 0.087266
    16 0.500225 0.000132 0.000076 0.147577 0.000000 0.000000
    17 11.532495 0.000526 -0.000089 0.000042 -0.000058 -1.240317
    18 -0.829586 0.894698 -0.079464 0.045377 -0.019621 0.087266
    19 10.599884 0.000105 -0.000553 -1.039308 0.000036 -0.000012
    20 0.147010 -0.279087 -0.000805 0.000000 0.000011 0.488656
    21 11.045963 0.003717 0.000798 -0.958883 -0.025463 0.614862
    22 -1.214832 0.203470 -0.477489 -0.135025 -0.078677 -0.001289
    23 10.599880 0.000105 0.000549 0.146118 0.000000 0.000000
    24 0.248573 -0.353308 0.000801 0.000000 -0.000011 0.620188
    25 11.041742 0.003171 -0.000571 0.105483 0.531105 0.955002
    26 -1.063377 0.077663 0.150230 0.045121 0.020046 -0.012850
    27 0.610302 -0.939470 0.070343 -1.655346 -0.140043 -0.175616
    28 0.639940 -0.199121 0.060188 -1.665960 -0.131427 -0.066447
    29 0.600155 1.080261 -0.339535 -1.738607 0.015313 0.075266
    30 0.610207 0.400743 -0.010101 -1.762268 -0.061628 0.042968
    31 0.634715 -0.693997 -0.232343 0.036585 0.209315 -0.870350
    32 -0.792125 0.203736 0.461300 1.439074 -0.003453 -0.018305
    33 0.610300 -0.939469 -0.070351 1.655346 0.140043 -0.175616
    34 0.639937 -0.199121 -0.060200 1.665553 0.091219 -0.070342
    35 0.600157 1.080259 0.339531 1.764755 -0.263838 -0.039247
    36 0.610205 0.400743 0.010086 1.763290 -0.081648 -0.010400
    37 0.624002 -0.691393 0.236176 -0.279255 -0.243007 -1.042288
    38 -0.626031 -0.069983 -0.080517 -1.447153 0.086151 0.021559
    39 2.621377 -0.002532 -0.001438 -0.231742 -0.474774 1.048956
    40 2.660837 0.000397 -0.000071 -0.299734 -0.327328 1.276699
    41 2.206394 0.003368 -0.006769 -0.219728 -0.142789 1.342919
    42 0.599952 0.959240 -0.300102 -0.174544 0.000000 0.000000
    43 2.553283 -0.005873 0.006359 -0.151418 -0.240376 1.313926
    44 2.095024 -0.003873 -0.002193 -0.426353 -0.111282 0.840316
    45 0.999380 -0.000236 -1.193744 -0.000001 0.000000 0.000000
    46 -0.122639 -0.721856 0.661690 -0.486644 0.223964 0.243056
    47 2.622113 -0.000648 0.006647 0.333505 0.161340 0.517897
    48 2.657909 0.004589 -0.000533 0.358001 -0.006349 1.156479
    49 2.200016 0.001663 0.004743 0.281374 -0.092750 0.678554
    50 0.599951 0.959244 0.300102 0.174544 0.000000 0.000000
    51 2.556570 -0.004291 0.000554 0.237761 -0.048409 0.969130
    52 2.103851 0.005614 -0.001014 0.556297 -0.214305 0.643933
    53 0.999374 -0.000237 1.103890 0.000000 0.000000 0.000001
    54 0.310846 -0.606445 -0.498005 0.308107 -0.197598 0.313976
    55 1.873069 -0.004741 -0.000994 -0.000007 0.000004 0.768265
    56 1.200941 0.399582 -0.000237 -0.009465 0.016087 0.007127
    57 0.000586 0.100342 -0.000319 -0.120035 -0.021926 -0.209617
    58 -0.161663 0.051712 0.194808 -2.941982 0.122408 -0.060194
    59 2.010092 -0.003202 -0.003377 0.000030 -0.000023 0.848494
    60 0.000240 0.099802 -0.000395 -0.018823 0.010833 -0.239219
    61 -0.203197 0.048607 0.069150 -3.093332 0.033217 -0.046722
    62 1.180428 -0.006214 0.000780 -0.000014 0.000012 0.459143
    63 -0.000196 0.099625 -0.000034 0.000000 0.000000 -0.314102
    64 -0.088736 -0.688435 -0.145203 2.930407 -0.136130 0.513013
    65 1.712069 -0.003328 0.003818 0.002707 -0.012520 0.668695
    66 -0.000580 0.100145 -0.000311 -0.010912 0.023129 -0.260841
    67 -0.146030 -0.232426 -0.014225 3.028455 -0.094299 0.113020
    68 1.290632 0.000362 -0.000032 0.000000 0.000000 0.156148
    69 -0.658121 -0.003575 0.072645 -0.142711 0.027792 -0.077299
    70 1.868080 -0.003049 0.006083 -0.000009 -0.000081 0.515649
    71 1.200079 0.399944 -0.000093 0.009465 -0.016087 0.007127
    72 0.000591 0.100342 0.000319 0.120035 0.021926 -0.209617
    73 0.068077 0.002285 -0.080050 3.111376 -0.069366 -0.060847
    74 2.015780 -0.005083 0.006086 -0.000013 -0.000013 1.537522
    75 0.000229 0.099802 0.000395 0.018823 -0.010833 -0.239219
    76 -0.018673 -0.001009 0.047544 3.109244 0.002635 -0.106673
    77 1.178665 0.001595 0.000845 0.000018 -0.000012 0.802354
    78 -0.000198 0.099628 0.000034 0.000000 0.000000 -0.314102
    79 0.036892 -0.634449 0.266284 -2.801062 0.174301 0.490914
    80 1.704350 -0.002506 -0.004592 -0.000022 0.000023 1.211497
    81 -0.000576 0.100136 0.000311 0.010912 -0.023129 -0.260841
    82 -0.003952 -0.281811 0.115047 -3.059162 0.089004 0.167964
    83 1.289627 0.003949 0.000061 -0.000014 0.000039 0.499939
    84 -0.171528 -0.018148 -0.099873 0.013484 -0.062184 -0.011780
    85 0.912716 0.007240 0.001326 0.000019 0.000021 0.552402
    86 -0.342617 0.053404 -0.025571 -2.909301 -0.017248 0.075276
    87 1.100231 -0.000930 -0.002434 0.000009 0.000014 0.208997
    88 -0.384983 0.330998 0.006848 -3.087207 -0.018765 -0.184279
    89 0.678146 0.006192 0.000002 -0.000018 -0.000019 0.518187
    90 -0.123848 0.072737 0.029507 2.898184 -0.060627 0.094834
    91 1.017166 -0.000154 -0.000252 -0.307140 -0.034829 0.407287
    92 -0.344986 0.123129 0.143151 2.994981 0.012396 0.059140
    93 -0.730988 0.177046 0.039141 -0.123731 0.076518 -0.084310
    94 0.925900 0.001298 -0.000896 0.000010 0.000025 0.943604
    95 -0.124027 -0.052092 0.038496 3.077813 -0.008519 0.039229
    96 1.100430 -0.007458 0.000503 -0.217239 0.000066 0.841299
    97 -0.330082 0.160641 0.042780 3.128073 0.034033 -0.171236
    98 0.679760 0.005438 0.003272 0.000014 0.000003 1.384707
    99 -0.019516 -0.016531 0.038578 -2.763781 0.050305 0.076828
    100 1.014985 0.005113 0.001121 -0.085132 -0.000017 1.155556
    101 -0.155312 0.130643 -0.021921 -3.022466 0.022433 -0.024903
    102 -0.252209 0.061937 -0.024914 -0.007671 -0.063171 -0.044392
    103 -0.085991 0.185203 -0.015180 -2.937063 -0.113970 -0.138991
    104 -0.286537 0.179852 0.024264 -3.109353 -0.049645 -0.029915
    105 -0.019489 0.147084 0.079203 2.893815 0.038585 -0.060594
    106 -0.046482 0.251898 0.129548 3.016165 0.077112 -0.042864
    107 0.039120 -0.040298 0.047739 3.084219 0.030470 -0.037414
    108 -0.233757 0.066630 0.001754 -3.133086 0.040141 -0.065413
    109 0.044266 0.020128 0.001684 -2.778763 -0.118872 -0.040488
    110 0.071495 0.074127 -0.048302 -3.035917 -0.059482 0.104366
    111 0.000000 0.000000 0.000000 0.000000 0.000000 -1.570796
    112 12.723045 -0.367199 -3.945433 -0.310191 -0.000456 -0.000121
    113 9.090121 7.679922 -5.722831 -0.239435 -0.724301 -1.381032
    114 -0.348999 0.000000 0.342999 0.000000 0.000000 0.000000
    115 2.394995 0.000000 0.034000 0.000000 0.000000 0.000000
    116 0.008000 0.000000 1.401997 0.000000 0.000000 0.000000
    117 1.148998 0.000000 0.626999 0.000000 0.000000 0.000000
    118 1.107998 0.000000 0.153000 0.000000 0.000000 0.000000
    119 -2.457995 0.000000 0.449999 0.000000 0.000000 0.000000
    120 0.283000 0.000000 0.659998 0.000000 0.000000 0.000000
    121 4.293992 0.000000 0.136000 0.000000 0.000000 0.000000
    122 1.511997 -0.417999 1.094998 0.000000 0.000000 -1.570755
    123 4.229991 0.000000 0.042000 0.000000 0.000000 0.000000
    124 0.240000 0.000000 -0.662999 0.000000 0.000000 0.000000
    125 1.060998 0.000000 -3.633993 0.000000 0.000000 0.000000
    126 0.193999 0.000000 -2.057996 0.000000 0.000000 0.000000
    127 -0.774998 0.000000 -2.394995 0.000000 0.000000 0.000000
    128 0.000000 0.000000 0.000000 0.000000 0.000000 0.000000
    129 -0.106000 0.000000 64.320000 0.000000 0.000000 0.000000
    130 0.000000 0.000000 0.000000 0.000000 0.000000 0.000000
    131 0.000000 0.000000 0.000000 -0.006592 -0.001510 0.000000
    132 23.397975 -0.975456 5.952720 -0.310327 -0.000474 -0.000198
    133 0.106000 0.000000 -64.320000 0.000000 0.000000 0.000000
    134 0.000000 0.000000 0.000000 0.000000 0.000000 0.000000
    135 0.000000 0.000000 -4.867002 -3.141592 0.000000 -3.128591
    136 0.000000 0.000000 4.867000 -3.141592 0.000000 -3.128591
    137 4.000000 -6.500000 0.000000 0.000000 0.000000 0.000977
    138 -6.500000 0.000000 0.000000 0.000000 1.570796 0.000000
    139 1.000088 -0.000029 0.000000 0.000000 0.000000 0.000000
    140 17.162516 -0.000404 0.000000 0.000000 0.000000 0.119214
    141 9.999891 -0.000303 0.000000 0.000000 0.000000 0.000000
    142 1.000088 -0.000029 0.000000 0.000000 0.000000 0.000000
    143 17.162516 -0.000404 0.000000 0.000000 0.000000 0.119214
    144 9.499836 0.000212 0.000000 0.000000 0.000000 0.000000
    145 0.000000 0.000000 0.000000 0.000000 0.000000 0.000000
    146 17.749374 0.295515 0.000000 0.000000 0.000000 -1.158958
    147 0.017889 0.299792 0.000000 0.000000 0.000000 -0.059582
    148 12.283573 1.581456 -4.696000 1.462269 -0.086726 0.090185
    149 17.749376 0.295515 0.000000 0.000000 0.000000 -1.158958
    150 0.017889 0.299792 0.000000 0.000000 0.000000 -0.059582
    151 13.354000 0.000000 0.000000 0.000000 0.000000 -0.294101
    152 4.530998 0.000000 0.000000 0.000000 0.000000 0.000000
    153 0.000000 0.000000 0.000000 0.000000 0.000000 0.000000
    154 5.413524 0.000347 0.000000 0.000000 0.000000 -0.518055
    155 5.413524 0.000347 0.000000 0.000000 0.000000 -0.518055
    156 4.662002 -5.366333 4.825191 1.569713 1.561305 -3.121213
    157 3.116966 -0.000443 0.000000 0.000000 0.000000 0.294101
    158 0.000000 0.000000 0.000000 0.000000 0.000000 0.000000
    159 -0.271999 0.000000 2.688000 0.000000 0.000000 0.000000
    160 -13.799847 18.938499 -53.680551 0.310225 0.000444 0.000463
    161 3.512001 -3.547000 -1.066000 0.000000 1.570796 0.000000
    162 3.456001 -3.517000 1.169000 0.000000 1.570796 0.000000
    163 6.233002 0.000000 0.000000 0.000000 0.000000 0.000000
    164 -0.171997 -0.106000 -0.902000 1.570713 1.029176 -3.134550
    165 6.249810 -6.372187 -0.039064 0.000000 0.006592 0.001510
    166 0.181000 -0.064000 1.096000 0.000000 0.000000 0.000000
    167 3.999434 -0.000528 -0.000332 -0.519665 -0.000023 0.000016
    168 3.999901 0.000041 0.001011 0.072962 0.000000 -0.000060
    169 1.598000 0.000000 0.000000 0.000000 0.000000 0.000000
    170 -1.145525 0.000130 0.000668 0.000000 0.000000 0.000000
    171 2.299679 -2.499979 -0.599480 0.892008 0.221530 -0.527278
    172 11.207076 -0.718225 0.644222 1.797438 -0.254338 -0.002959
    173 -9.580673 -27.862106 -37.184681 0.812879 -0.123459 -0.568477
    174 0.649933 -0.548295 0.093651 -1.665913 -0.131399 -0.112062
    175 0.657074 0.008402 0.040371 -1.665945 -0.131407 -0.000013
    176 0.665776 0.747221 -0.029190 -1.665935 -0.131408 0.094976
    177 2.300138 -2.499413 0.600155 -0.891930 -0.221482 -0.527259
    178 11.469488 -0.466384 4.428192 2.114295 -0.357444 0.009005
    179 2.762354 0.116951 1.523975 1.629482 0.064153 1.743800
    180 7.228323 7.928198 -3.925648 2.328713 0.123459 -0.568477
    181 0.650394 -0.547730 -0.092979 1.665913 0.131399 -0.112062
    182 0.657069 0.008398 -0.040379 1.665945 0.131407 -0.000013
    183 0.665777 0.747220 0.029182 1.665935 0.131408 0.094976
    184 -4.481003 -0.202000 0.000000 0.000000 0.000000 0.000000
    185 -5.516998 -0.291000 -0.001000 0.000000 0.000000 0.000000
    186 -0.857700 0.104073 0.104687 0.023536 0.163924 0.013632
    187 1.899121 0.000427 -0.000439 0.027386 -0.033311 0.477848
    188 1.799659 -0.000240 0.000231 0.027386 -0.033311 0.477848
    189 1.799659 -0.000240 0.000231 0.027386 -0.033311 0.477848
    190 1.799659 -0.000240 0.000231 0.027386 -0.033311 0.477848
    191 1.900308 -0.000145 -0.000518 0.027386 -0.033311 0.477848
    192 1.899433 -0.000317 -0.000151 -0.027386 0.033311 0.477848
    193 1.799659 -0.000237 -0.000233 -0.027386 0.033311 0.477848
    194 1.799659 -0.000237 -0.000233 -0.027386 0.033311 0.477848
    195 1.799659 -0.000237 -0.000233 -0.027386 0.033311 0.477848
    196 1.900724 0.000553 -0.000072 -0.027386 0.033311 0.477848
    197 0.599884 0.400187 -0.000031 0.000000 0.000000 0.000000
    198 0.599888 0.400187 0.000031 0.000000 0.000000 -3.141592
    199 0.599503 0.400696 0.000234 0.000000 0.000000 0.000000
    200 0.600399 0.399632 -0.000466 0.000000 0.000000 -3.141592
  time 52
    0 0.000000 0.000000 0.000000 0.000000 0.000000 -1.570796
    1 -0.106323 0.000000 -0.000198 0.000000 0.000000 0.000000
    2 0.000000 0.000000 0.000000 0.000000 0.000000 0.000000
    3 -0.904000 0.000000 -11.806000 0.000000 0.000000 0.000000
    4 0.000000 0.000000 -14.313999 0.000000 -1.570796 1.570857
    5 3.533001 0.000000 0.000000 0.000000 0.000000 0.000000
    6 6.250000 0.000000 0.000000 0.000000 0.000000 0.000000
    7 4.369573 6.343969 -0.084588 -1.153277 1.547377 -1.153364
    8 9.562500 6.343750 1.773438 1.153277 -1.547377 -1.153364
    9 5.786820 0.002787 -0.000113 -1.131938 0.214171 -1.638906
    10 5.999492 -0.000592 -4.000343 0.000000 0.000000 0.000000
    11 5.787410 0.002582 0.000893 0.574809 -0.321262 -1.384181
    12 5.999492 -0.000592 4.000336 0.000000 0.000000 0.000000
    13 0.500225 0.000133 -0.000088 0.226305 0.000000 0.000000
    14 11.538465 0.004255 -0.001312 0.000031 0.000033 -0.992095
    15 -0.829338 0.893824 0.079659 -0.148839 0.047645 0.087266
    16 0.500225 0.000132 0.000076 0.147331 0.000000 0.000000
    17 11.532495 0.000526 -0.000089 0.000006 -0.000022 -1.254118
    18 -0.829586 0.894698 -0.079464 0.045377 -0.019621 0.087266
    19 10.599884 0.000105 -0.000553 -1.044955 0.000000 0.000000
    20 0.150916 -0.282994 -0.000805 -0.000048 0.000023 0.496080
    21 11.042057 -0.000189 0.004704 -0.963120 -0.026497 0.623096
    22 -1.214832 0.203470 -0.477489 -0.135025 -0.078677 -0.001289
    23 10.599880 0.000105 0.000549 0.141541 0.000000 0.000000
    24 0.252480 -0.357215 0.000801 0.000012 0.000049 0.627008
    25 11.041742 0.003171 -0.000571 0.100999 0.532247 0.962917
    26 -1.063377 0.077663 0.150230 0.045121 0.020046 -0.012850
    27 0.610302 -0.939470 0.070343 -1.655295 -0.140150 -0.175664
    28 0.639940 -0.199121 0.060188 -1.665960 -0.131403 -0.066423
    29 0.600155 1.080261 -0.339535 -1.738607 0.015229 0.075278
    30 0.610207 0.400743 -0.010101 -1.762268 -0.061628 0.042956
    31 0.630809 -0.693997 -0.232343 0.036585 0.209376 -0.870228
    32 -0.792125 0.203736 0.461300 1.439074 -0.003453 -0.018305
    33 0.610300 -0.939469 -0.070351 1.655295 0.140103 -0.175628
    34 0.639937 -0.199121 -0.060200 1.665655 0.091351 -0.070270
    35 0.600157 1.080259 0.339531 1.764649 -0.263850 -0.039235
    36 0.610205 0.400743 0.010086 1.763182 -0.081564 -0.010388
    37 0.624002 -0.695300 0.236176 -0.279375 -0.242971 -1.042141
    38 -0.626031 -0.069983 -0.080517 -1.447153 0.086151 0.021559
    39 2.621377 -0.002532 -0.005345 -0.231757 -0.474774 1.049037
    40 2.664743 0.000397 -0.000071 -0.299764 -0.327304 1.276583
    41 2.206394 0.003368 -0.006769 -0.219752 -0.142805 1.343031
    42 0.599952 0.959240 -0.300102 -0.174544 0.000000 0.000000
    43 2.553283 -0.005873 0.006359 -0.151430 -0.240376 1.314004
    44 2.095024 -0.003873 -0.006100 -0.426353 -0.111282 0.840296
    45 0.999380 -0.000236 -1.193744 -0.000001 0.000000 0.000000
    46 -0.122639 -0.721856 0.661690 -0.486644 0.223964 0.243056
    47 2.622113 -0.000648 0.006647 0.333570 0.161388 0.517848
    48 2.654002 0.004589 -0.000533 0.358001 -0.006409 1.156456
    49 2.200016 0.001663 0.000836 0.281386 -0.092714 0.678616
    50 0.599951 0.959244 0.300102 0.174544 0.000000 0.000000
    51 2.556570 -0.004291 0.000554 0.237761 -0.048409 0.969055
    52 2.103851 0.005614 -0.001014 0.556269 -0.214317 0.643787
    53 0.999374 -0.000237 1.103890 0.000000 0.000000 0.000001
    54 0.310846 -0.606445 -0.498005 0.308107 -0.197598 0.313976
    55 1.873069 -0.004741 -0.000994 -0.000007 0.000004 0.768265
    56 1.200941 0.399582 -0.000237 -0.009465 0.016087 0.007127
    57 0.000586 0.100342 -0.000319 -0.120035 -0.021926 -0.209617
    58 -0.161663 0.051712 0.194808 -2.941982 0.122408 -0.060194
    59 2.010092 -0.007109 -0.003377 -0.000006 -0.000035 0.848537
    60 0.000240 0.099802 -0.000395 -0.018823 0.010833 -0.239219
    61 -0.203197 0.048607 0.069150 -3.093332 0.033217 -0.046722
    62 1.180428 -0.006214 0.000780 -0.000014 0.000012 0.459240
    63 -0.000196 0.099625 -0.000034 0.000000 0.000000 -0.314102
    64 -0.088736 -0.688435 -0.145203 2.930407 -0.136130 0.513013
    65 1.712069 0.000578 0.003818 0.002647 -0.012497 0.668695
    66 -0.000580 0.100145 -0.000311 -0.010912 0.023129 -0.260841
    67 -0.146030 -0.232426 -0.014225 3.028455 -0.094299 0.113020
    68 1.290632 0.000362 -0.000032 0.000000 0.000000 0.156027
    69 -0.658121 -0.003575 0.072645 -0.142711 0.027792 -0.077299
    70 1.868080 -0.003049 0.006083 0.000003 -0.000021 0.515649
    71 1.200079 0.399944 -0.000093 0.009465 -0.016087 0.007127
    72 0.000591 0.100342 0.000319 0.120035 0.021926 -0.209617
    73 0.068077 0.002285 -0.080050 3.111376 -0.069366 -0.060847
    74 2.015780 -0.005083 0.006086 -0.000061 0.000023 1.537455
    75 0.000229 0.099802 0.000395 0.018823 -0.010833 -0.239219
    76 -0.018673 -0.001009 0.047544 3.109244 0.002635 -0.106673
    77 1.178665 0.001595 0.000845 0.000054 -0.000084 0.802275
    78 -0.000198 0.099628 0.000034 0.000000 0.000000 -0.314102
    79 0.036892 -0.634449 0.266284 -2.801062 0.174301 0.490914
    80 1.704350 -0.002506 -0.004592 -0.000010 0.000023 1.211403
    81 -0.000576 0.100136 0.000311 0.010912 -0.023129 -0.260841
    82 -0.003952 -0.281811 0.115047 -3.059162 0.089004 0.167964
    83 1.289627 0.003949 0.000061 -0.000014 0.000003 0.500018
    84 -0.171528 -0.018148 -0.099873 0.013484 -0.062184 -0.011780
    85 0.912716 0.007240 0.001326 0.000019 0.000021 0.552402
    86 -0.342617 0.053404 -0.025571 -2.909301 -0.017248 0.075276
    87 1.100231 -0.000930 -0.002434 0.000009 0.000014 0.208916
    88 -0.384983 0.330998 0.006848 -3.087207 -0.018765 -0.184279
    89 0.678146 0.006192 0.000002 -0.000018 -0.000019 0.518088
    90 -0.123848 0.072737 0.029507 2.898184 -0.060627 0.094834
    91 1.017166 -0.000154 -0.000252 -0.307164 -0.034781 0.407316
    92 -0.344986 0.123129 0.143151 2.994981 0.012396 0.059140
    93 -0.730988 0.177046 0.039141 -0.123731 0.076518 -0.084310
    94 0.925900 0.001298 -0.000896 0.000022 0.000049 0.943547
    95 -0.124027 -0.052092 0.038496 3.077813 -0.008519 0.039229
    96 1.100430 -0.003552 0.000503 -0.217203 -0.000018 0.841328
    97 -0.330082 0.160641 0.042780 3.128073 0.034033 -0.171236
    98 0.679760 0.005438 0.003272 0.000062 -0.000033 1.384738
    99 -0.019516 -0.016531 0.038578 -2.763781 0.050305 0.076828
    100 1.018891 0.001206 0.001121 -0.085132 -0.000017 1.155470
    101 -0.155312 0.130643 -0.021921 -3.022466 0.022433 -0.024903
    102 -0.252209 0.061937 -0.024914 -0.007671 -0.063171 -0.044392
    103 -0.085991 0.185203 -0.015180 -2.937063 -0.113970 -0.138991
    104 -0.286537 0.179852 0.024264 -3.109353 -0.049645 -0.029915
    105 -0.019489 0.147084 0.079203 2.893815 0.038585 -0.060594
    106 -0.046482 0.251898 0.129548 3.016165 0.077112 -0.042864
    107 0.039120 -0.040298 0.047739 3.084219 0.030470 -0.037414
    108 -0.233757 0.066630 0.001754 -3.133086 0.040141 -0.065413
    109 0.044266 0.020128 0.001684 -2.778763 -0.118872 -0.040488
    110 0.071495 0.074127 -0.048302 -3.035917 -0.059482 0.104366
    111 0.000000 0.000000 0.000000 0.000000 0.000000 -1.570796
    112 12.617573 -0.355480 -3.894650 -0.313964 -0.002927 -0.000543
    113 9.105747 7.777581 -5.757988 -0.244947 -0.725965 -1.377794
    114 -0.348999 0.000000 0.342999 0.000000 0.000000 0.000000
    115 2.394995 0.000000 0.034000 0.000000 0.000000 0.000000
    116 0.008000 0.000000 1.401997 0.000000 0.000000 0.000000
    117 1.148998 0.000000 0.626999 0.000000 0.000000 0.000000
    118 1.107998 0.000000 0.153000 0.000000 0.000000 0.000000
    119 -2.457995 0.000000 0.449999 0.000000 0.000000 0.000000
    120 0.283000 0.000000 0.659998 0.000000 0.000000 0.000000
    121 4.293992 0.000000 0.136000 0.000000 0.000000 0.000000
    122 1.511997 -0.417999 1.094998 0.000000 0.000000 -1.570755
    123 4.229991 0.000000 0.042000 0.000000 0.000000 0.000000
    124 0.240000 0.000000 -0.662999 0.000000 0.000000 0.000000
    125 1.060998 0.000000 -3.633993 0.000000 0.000000 0.000000
    126 0.193999 0.000000 -2.057996 0.000000 0.000000 0.000000
    127 -0.774998 0.000000 -2.394995 0.000000 0.000000 0.000000
    128 0.000000 0.000000 0.000000 0.000000 0.000000 0.000000
    129 -0.106000 0.000000 64.320000 0.000000 0.000000 0.000000
    130 0.000000 0.000000 0.000000 0.000000 0.000000 0.000000
    131 0.000000 0.000000 0.000000 -0.005968 -0.002373 0.000000
    132 23.292503 -0.975456 6.023035 -0.314090 -0.002945 -0.000500
    133 0.106000 0.000000 -64.320000 0.000000 0.000000 0.000000
    134 0.000000 0.000000 0.000000 0.000000 0.000000 0.000000
    135 0.000000 0.000000 -4.867002 -3.141592 0.000000 -3.128591
    136 0.000000 0.000000 4.867000 -3.141592 0.000000 -3.128591
    137 4.000000 -6.500000 0.000000 0.000000 0.000000 0.000977
    138 -6.500000 0.000000 0.000000 0.000000 1.570796 0.000000
    139 1.000088 -0.000029 0.000000 0.000000 0.000000 0.000000
    140 17.162516 -0.000404 0.000000 0.000000 0.000000 0.119214
    141 9.999891 -0.000303 0.000000 0.000000 0.000000 0.000000
    142 1.000088 -0.000029 0.000000 0.000000 0.000000 0.000000
    143 17.162516 -0.000404 0.000000 0.000000 0.000000 0.119214
    144 9.499836 0.000212 0.000000 0.000000 0.000000 0.000000
    145 0.000000 0.000000 0.000000 0.000000 0.000000 0.000000
    146 17.749374 0.295515 0.000000 0.000000 0.000000 -1.158958
    147 0.017889 0.299792 0.000000 0.000000 0.000000 -0.059582
    148 12.283573 1.581456 -4.696000 1.462269 -0.086726 0.090185
    149 17.749376 0.295515 0.000000 0.000000 0.000000 -1.158958
    150 0.017889 0.299792 0.000000 0.000000 0.000000 -0.059582
    151 13.354000 0.000000 0.000000 0.000000 0.000000 -0.294101
    152 4.530998 0.000000 0.000000 0.000000 0.000000 0.000000
    153 0.000000 0.000000 0.000000 0.000000 0.000000 0.000000
    154 5.413524 0.000347 0.000000 0.000000 0.000000 -0.518055
    155 5.413524 0.000347 0.000000 0.000000 0.000000 -0.518055
    156 4.662002 -5.366333 4.825191 1.569713 1.561305 -3.121213
    157 3.116966 -0.000443 0.000000 0.000000 0.000000 0.294101
    158 0.000000 0.000000 0.000000 0.000000 0.000000 0.000000
    159 -0.271999 0.000000 2.688000 0.000000 0.000000 0.000000
    160 -13.831098 19.145537 -53.641487 0.314162 0.002497 0.001597
    161 3.512001 -3.547000 -1.066000 0.000000 1.570796 0.000000
    162 3.456001 -3.517000 1.169000 0.000000 1.570796 0.000000
    163 6.233002 0.000000 0.000000 0.000000 0.000000 0.000000
    164 -0.171997 -0.106000 -0.902000 1.570713 1.029176 -3.134550
    165 6.253716 -6.368281 -0.031251 0.000000 0.005968 0.002373
    166 0.181000 -0.064000 1.096000 0.000000 0.000000 0.000000
    167 3.999434 -0.000528 -0.000332 -0.522479 -0.000023 0.000016
    168 3.999901 0.000041 0.001011 0.070786 0.000000 0.000000
    169 1.598000 0.000000 0.000000 0.000000 0.000000 0.000000
    170 -1.145525 0.000130 0.000668 0.000000 0.000000 0.000000
    171 2.299679 -2.499979 -0.599480 0.892008 0.221518 -0.527262
    172 11.207076 -0.718225 0.644222 1.797438 -0.254298 -0.002959
    173 -9.580673 -27.862106 -37.184681 0.812879 -0.123459 -0.568477
    174 0.649933 -0.548295 0.093651 -1.665913 -0.131399 -0.112062
    175 0.657074 0.008402 0.040371 -1.665945 -0.131407 -0.000013
    176 0.665776 0.747221 -0.029190 -1.665935 -0.131408 0.094976
    177 2.300138 -2.499413 0.600155 -0.891930 -0.221494 -0.527227
    178 11.469488 -0.466384 4.428192 2.114295 -0.357444 0.009005
    179 2.762354 0.116951 1.523975 1.629482 0.064153 1.743800
    180 7.228323 7.928198 -3.925648 2.328713 0.123459 -0.568477
    181 0.650394 -0.547730 -0.092979 1.665913 0.131399 -0.112062
    182 0.657069 0.008398 -0.040379 1.665945 0.131407 -0.000013
    183 0.665777 0.747220 0.029182 1.665935 0.131408 0.094976
    184 -4.481003 -0.202000 0.000000 0.000000 0.000000 0.000000
    185 -5.516998 -0.291000 -0.001000 0.000000 0.000000 0.000000
    186 -0.857700 0.104073 0.104687 0.023536 0.163924 0.013632
    187 1.899121 0.000427 -0.000439 0.027386 -0.033311 0.477848
    188 1.799659 -0.000240 0.000231 0.027386 -0.033311 0.477848
    189 1.799659 -0.000240 0.000231 0.027386 -0.033311 0.477848
    190 1.799659 -0.000240 0.000231 0.027386 -0.033311 0.477848
    191 1.900308 -0.000145 -0.000518 0.027386 -0.033311 0.477848
    192 1.899433 -0.000317 -0.000151 -0.027386 0.033311 0.477848
    193 1.799659 -0.000237 -0.000233 -0.027386 0.033311 0.477848
    194 1.799659 -0.000237 -0.000233 -0.027386 0.033311 0.477848
    195 1.799659 -0.000237 -0.000233 -0.027386 0.033311 0.477848
    196 1.900724 0.000553 -0.000072 -0.027386 0.033311 0.477848
    197 0.599884 0.400187 -0.000031 0.000000 0.000000 0.000000
    198 0.599888 0.400187 0.000031 0.000000 0.000000 -3.141592
    199 0.599503 0.400696 0.000234 0.000000 0.000000 0.000000
    200 0.600399 0.399632 -0.000466 0.000000 0.000000 -3.141592
  time 53
    0 0.000000 0.000000 0.000000 0.000000 0.000000 -1.570796
    1 -0.106323 0.000000 -0.000198 0.000000 0.000000 0.000000
    2 0.000000 0.000000 0.000000 0.000000 0.000000 0.000000
    3 -0.904000 0.000000 -11.806000 0.000000 0.000000 0.000000
    4 0.000000 0.000000 -14.313999 0.000000 -1.570796 1.570857
    5 3.533001 0.000000 0.000000 0.000000 0.000000 0.000000
    6 6.250000 0.000000 0.000000 0.000000 0.000000 0.000000
    7 4.369573 6.343969 -0.084588 -1.153277 1.547377 -1.153364
    8 9.562500 6.343750 1.773438 1.153277 -1.547377 -1.153364
    9 5.786820 0.002787 -0.000113 -1.132295 0.217826 -1.638811
    10 5.999492 -0.000592 -4.000343 0.000000 0.000000 0.000000
    11 5.787410 0.002582 0.000893 0.574183 -0.323123 -1.382267
    12 5.999492 -0.000592 4.000336 0.000000 0.000000 0.000000
    13 0.500225 0.000133 -0.000088 0.226264 0.000000 0.000000
    14 11.538465 0.008161 -0.001312 -0.000017 0.000009 -0.999454
    15 -0.829338 0.893824 0.079659 -0.148839 0.047645 0.087266
    16 0.500225 0.000132 0.000076 0.147306 0.000000 0.000000
    17 11.532495 0.004432 -0.000089 0.000018 0.000062 -1.260636
    18 -0.829586 0.894698 -0.079464 0.045377 -0.019621 0.087266
    19 10.599884 0.000105 -0.000553 -1.049543 0.000000 0.000000
    20 0.150916 -0.282994 -0.000805 0.000000 0.000011 0.499730
    21 11.042057 -0.000189 0.004704 -0.969067 -0.029490 0.624856
    22 -1.214832 0.203470 -0.477489 -0.135025 -0.078677 -0.001289
    23 10.599880 0.000105 0.000549 0.130228 0.000000 0.000000
    24 0.256386 -0.357215 0.000801 -0.000024 -0.000047 0.630312
    25 11.041742 0.003171 -0.000571 0.092375 0.534114 0.963449
    26 -1.063377 0.077663 0.150230 0.045121 0.020046 -0.012850
    27 0.610302 -0.939470 0.070343 -1.655295 -0.140007 -0.175676
    28 0.639940 -0.199121 0.060188 -1.665960 -0.131391 -0.066411
    29 0.600155 1.080261 -0.339535 -1.738713 0.015313 0.075266
    30 0.610207 0.400743 -0.010101 -1.762268 -0.061628 0.042968
    31 0.634715 -0.693997 -0.232343 0.036549 0.209269 -0.870269
    32 -0.792125 0.203736 0.461300 1.439074 -0.003453 -0.018305
    33 0.610300 -0.939469 -0.070351 1.655295 0.139995 -0.175592
    34 0.639937 -0.199121 -0.060200 1.665553 0.091267 -0.070294
    35 0.600157 1.080259 0.339531 1.764808 -0.263886 -0.039127
    36 0.610205 0.400743 0.010086 1.763182 -0.081660 -0.010316
    37 0.624002 -0.695300 0.232270 -0.279171 -0.243019 -1.042251
    38 -0.626031 -0.069983 -0.080517 -1.447153 0.086151 0.021559
    39 2.621377 -0.002532 -0.001438 -0.231757 -0.474835 1.048956
    40 2.664743 0.000397 -0.000071 -0.299660 -0.327304 1.276661
    41 2.202488 0.003368 -0.006769 -0.219800 -0.142741 1.343031
    42 0.599952 0.959240 -0.300102 -0.174544 0.000000 0.000000
    43 2.557190 -0.001967 0.002453 -0.151503 -0.240460 1.313965
    44 2.095024 -0.003873 -0.006100 -0.426310 -0.111239 0.840296
    45 0.999380 -0.000236 -1.193744 -0.000001 0.000000 0.000000
    46 -0.122639 -0.721856 0.661690 -0.486644 0.223964 0.243056
    47 2.622113 -0.004555 0.002741 0.333587 0.161376 0.517921
    48 2.654002 0.004589 -0.000533 0.357983 -0.006325 1.156479
    49 2.200016 0.001663 0.000836 0.281339 -0.092702 0.678647
    50 0.599951 0.959244 0.300102 0.174544 0.000000 0.000000
    51 2.556570 -0.004291 0.000554 0.237748 -0.048457 0.969074
    52 2.103851 0.005614 -0.001014 0.556227 -0.214280 0.643933
    53 0.999374 -0.000237 1.103890 0.000000 0.000000 0.000001
    54 0.310846 -0.606445 -0.498005 0.308107 -0.197598 0.313976
    55 1.869163 -0.000835 -0.000994 -0.000007 0.000004 0.768352
    56 1.200941 0.399582 -0.000237 -0.009465 0.016087 0.007127
    57 0.000586 0.100342 -0.000319 -0.120035 -0.021926 -0.209617
    58 -0.161663 0.051712 0.194808 -2.941982 0.122408 -0.060194
    59 2.010092 -0.003202 -0.007284 0.000042 0.000060 0.848494
    60 0.000240 0.099802 -0.000395 -0.018823 0.010833 -0.239219
    61 -0.203197 0.048607 0.069150 -3.093332 0.033217 -0.046722
    62 1.180428 -0.006214 0.000780 -0.000002 0.000072 0.459143
    63 -0.000196 0.099625 -0.000034 0.000000 0.000000 -0.314102
    64 -0.088736 -0.688435 -0.145203 2.930407 -0.136130 0.513013
    65 1.712069 -0.003328 0.003818 0.002683 -0.012485 0.668695
    66 -0.000580 0.100145 -0.000311 -0.010912 0.023129 -0.260841
    67 -0.146030 -0.232426 -0.014225 3.028455 -0.094299 0.113020
    68 1.290632 0.000362 -0.000032 0.000000 0.000000 0.156027
    69 -0.658121 -0.003575 0.072645 -0.142711 0.027792 -0.077299
    70 1.868080 -0.003049 0.006083 -0.000009 -0.000081 0.515649
    71 1.200079 0.399944 -0.000093 0.009465 -0.016087 0.007127
    72 0.000591 0.100342 0.000319 0.120035 0.021926 -0.209617
    73 0.068077 0.002285 -0.080050 3.111376 -0.069366 -0.060847
    74 2.011874 -0.005083 0.006086 0.000023 0.000023 1.537455
    75 0.000229 0.099802 0.000395 0.018823 -0.010833 -0.239219
    76 -0.018673 -0.001009 0.047544 3.109244 0.002635 -0.106673
    77 1.178665 0.001595 0.000845 0.000018 -0.000012 0.802354
    78 -0.000198 0.099628 0.000034 0.000000 0.000000 -0.314102
    79 0.036892 -0.634449 0.266284 -2.801062 0.174301 0.490914
    80 1.704350 -0.002506 -0.004592 -0.000010 0.000023 1.211450
    81 -0.000576 0.100136 0.000311 0.010912 -0.023129 -0.260841
    82 -0.003952 -0.281811 0.115047 -3.059162 0.089004 0.167964
    83 1.289627 0.003949 0.000061 -0.000014 0.000003 0.499913
    84 -0.171528 -0.018148 -0.099873 0.013484 -0.062184 -0.011780
    85 0.912716 0.007240 0.001326 0.000019 0.000021 0.552445
    86 -0.342617 0.053404 -0.025571 -2.909301 -0.017248 0.075276
    87 1.100231 -0.000930 -0.002434 0.000009 0.000014 0.208997
    88 -0.384983 0.330998 0.006848 -3.087207 -0.018765 -0.184279
    89 0.678146 0.006192 0.000002 -0.000078 -0.000007 0.518187
    90 -0.123848 0.072737 0.029507 2.898184 -0.060627 0.094834
    91 1.017166 -0.000154 -0.000252 -0.307176 -0.034745 0.407375
    92 -0.344986 0.123129 0.143151 2.994981 0.012396 0.059140
    93 -0.730988 0.177046 0.039141 -0.123731 0.076518 -0.084310
    94 0.925900 0.001298 -0.000896 -0.000002 -0.000011 0.943604
    95 -0.124027 -0.052092 0.038496 3.077813 -0.008519 0.039229
    96 1.100430 -0.007458 0.000503 -0.217191 0.000030 0.841241
    97 -0.330082 0.160641 0.042780 3.128073 0.034033 -0.171236
    98 0.679760 0.005438 0.003272 -0.000022 -0.000045 1.384707
    99 -0.019516 -0.016531 0.038578 -2.763781 0.050305 0.076828
    100 1.014985 0.005113 0.001121 -0.085216 -0.000041 1.155556
    101 -0.155312 0.130643 -0.021921 -3.022466 0.022433 -0.024903
    102 -0.252209 0.061937 -0.024914 -0.007671 -0.063171 -0.044392
    103 -0.085991 0.185203 -0.015180 -2.937063 -0.113970 -0.138991
    104 -0.286537 0.179852 0.024264 -3.109353 -0.049645 -0.029915
    105 -0.019489 0.147084 0.079203 2.893815 0.038585 -0.060594
    106 -0.046482 0.251898 0.129548 3.016165 0.077112 -0.042864
    107 0.039120 -0.040298 0.047739 3.084219 0.030470 -0.037414
    108 -0.233757 0.066630 0.001754 -3.133086 0.040141 -0.065413
    109 0.044266 0.020128 0.001684 -2.778763 -0.118872 -0.040488
    110 0.071495 0.074127 -0.048302 -3.035917 -0.059482 0.104366
    111 0.000000 0.000000 0.000000 0.000000 0.000000 -1.570796
    112 12.570696 -0.339854 -3.902463 -0.321325 -0.003915 -0.000965
    113 9.109653 7.816645 -5.851741 -0.254914 -0.725605 -1.371744
    114 -0.348999 0.000000 0.342999 0.000000 0.000000 0.000000
    115 2.394995 0.000000 0.034000 0.000000 0.000000 0.000000
    116 0.008000 0.000000 1.401997 0.000000 0.000000 0.000000
    117 1.148998 0.000000 0.626999 0.000000 0.000000 0.000000
    118 1.107998 0.000000 0.153000 0.000000 0.000000 0.000000
    119 -2.457995 0.000000 0.449999 0.000000 0.000000 0.000000
    120 0.283000 0.000000 0.659998 0.000000 0.000000 0.000000
    121 4.293992 0.000000 0.136000 0.000000 0.000000 0.000000
    122 1.511997 -0.417999 1.094998 0.000000 0.000000 -1.570755
    123 4.229991 0.000000 0.042000 0.000000 0.000000 0.000000
    124 0.240000 0.000000 -0.662999 0.000000 0.000000 0.000000
    125 1.060998 0.000000 -3.633993 0.000000 0.000000 0.000000
    126 0.193999 0.000000 -2.057996 0.000000 0.000000 0.000000
    127 -0.774998 0.000000 -2.394995 0.000000 0.000000 0.000000
    128 0.000000 0.000000 0.000000 0.000000 0.000000 0.000000
    129 -0.106000 0.000000 64.320000 0.000000 0.000000 0.000000
    130 0.000000 0.000000 0.000000 0.000000 0.000000 0.000000
    131 0.000000 0.000000 0.000000 -0.004494 -0.002061 0.000000
    132 23.257346 -0.979362 6.030848 -0.321355 -0.003895 -0.000862
    133 0.106000 0.000000 -64.320000 0.000000 0.000000 0.000000
    134 0.000000 0.000000 0.000000 0.000000 0.000000 0.000000
    135 0.000000 0.000000 -4.867002 -3.141592 0.000000 -3.128591
    136 0.000000 0.000000 4.867000 -3.141592 0.000000 -3.128591
    137 4.000000 -6.500000 0.000000 0.000000 0.000000 0.000977
    138 -6.500000 0.000000 0.000000 0.000000 1.570796 0.000000
    139 1.000088 -0.000029 0.000000 0.000000 0.000000 0.000000
    140 17.162516 -0.000404 0.000000 0.000000 0.000000 0.119214
    141 9.999891 -0.000303 0.000000 0.000000 0.000000 0.000000
    142 1.000088 -0.000029 0.000000 0.000000 0.000000 0.000000
    143 17.162516 -0.000404 0.000000 0.000000 0.000000 0.119214
    144 9.499836 0.000212 0.000000 0.000000 0.000000 0.000000
    145 0.000000 0.000000 0.000000 0.000000 0.000000 0.000000
    146 17.749374 0.295515 0.000000 0.000000 0.000000 -1.158958
    147 0.017889 0.299792 0.000000 0.000000 0.000000 -0.059582
    148 12.283573 1.581456 -4.696000 1.462269 -0.086726 0.090185
    149 17.749376 0.295515 0.000000 0.000000 0.000000 -1.158958
    150 0.017889 0.299792 0.000000 0.000000 0.000000 -0.059582
    151 13.354000 0.000000 0.000000 0.000000 0.000000 -0.294101
    152 4.530998 0.000000 0.000000 0.000000 0.000000 0.000000
    153 0.000000 0.000000 0.000000 0.000000 0.000000 0.000000
    154 5.413524 0.000347 0.000000 0.000000 0.000000 -0.518055
    155 5.413524 0.000347 0.000000 0.000000 0.000000 -0.518055
    156 4.662002 -5.366333 4.825191 1.569713 1.561305 -3.121213
    157 3.116966 -0.000443 0.000000 0.000000 0.000000 0.294101
    158 0.000000 0.000000 0.000000 0.000000 0.000000 0.000000
    159 -0.271999 0.000000 2.688000 0.000000 0.000000 0.000000
    160 -13.850630 19.536173 -53.485232 0.321366 0.003395 0.002208
    161 3.512001 -3.547000 -1.066000 0.000000 1.570796 0.000000
    162 3.456001 -3.517000 1.169000 0.000000 1.570796 0.000000
    163 6.233002 0.000000 0.000000 0.000000 0.000000 0.000000
    164 -0.171997 -0.106000 -0.902000 1.570713 1.029176 -3.134550
    165 6.253716 -6.368281 -0.027345 0.000000 0.004494 0.002061
    166 0.181000 -0.064000 1.096000 0.000000 0.000000 0.000000
    167 3.999434 -0.000528 -0.000332 -0.524794 -0.000023 0.000004
    168 3.999901 0.000041 0.001011 0.065209 0.000000 0.000000
    169 1.598000 0.000000 0.000000 0.000000 0.000000 0.000000
    170 -1.145525 0.000130 0.000668 0.000000 0.000000 0.000000
    171 2.299679 -2.499979 -0.599480 0.892008 0.221518 -0.527262
    172 11.207076 -0.718225 0.644222 1.797438 -0.254298 -0.002959
    173 -9.580673 -27.862106 -37.184681 0.812879 -0.123459 -0.568477
    174 0.649933 -0.548295 0.093651 -1.665913 -0.131399 -0.112062
    175 0.657074 0.008402 0.040371 -1.665945 -0.131407 -0.000013
    176 0.665776 0.747221 -0.029190 -1.665935 -0.131408 0.094976
    177 2.300138 -2.499413 0.600155 -0.891930 -0.221494 -0.527227
    178 11.469488 -0.466384 4.428192 2.114295 -0.357576 0.009041
    179 2.762354 0.116951 1.523975 1.629482 0.064153 1.743800
    180 7.228323 7.928198 -3.925648 2.328713 0.123459 -0.568477
    181 0.650394 -0.547730 -0.092979 1.665913 0.131399 -0.112062
    182 0.657069 0.008398 -0.040379 1.665945 0.131407 -0.000013
    183 0.665777 0.747220 0.029182 1.665935 0.131408 0.094976
    184 -4.481003 -0.202000 0.000000 0.000000 0.000000 0.000000
    185 -5.516998 -0.291000 -0.001000 0.000000 0.000000 0.000000
    186 -0.857700 0.104073 0.104687 0.023536 0.163924 0.013632
    187 1.899121 0.000427 -0.000439 0.027386 -0.033311 0.477848
    188 1.799659 -0.000240 0.000231 0.027386 -0.033311 0.477848
    189 1.799659 -0.000240 0.000231 0.027386 -0.033311 0.477848
    190 1.799659 -0.000240 0.000231 0.027386 -0.033311 0.477848
    191 1.900308 -0.000145 -0.000518 0.027386 -0.033311 0.477848
    192 1.899433 -0.000317 -0.000151 -0.027386 0.033311 0.477848
    193 1.799659 -0.000237 -0.000233 -0.027386 0.033311 0.477848
    194 1.799659 -0.000237 -0.000233 -0.027386 0.033311 0.477848
    195 1.799659 -0.000237 -0.000233 -0.027386 0.033311 0.477848
    196 1.900724 0.000553 -0.000072 -0.027386 0.033311 0.477848
    197 0.599884 0.400187 -0.000031 0.000000 0.000000 0.000000
    198 0.599888 0.400187 0.000031 0.000000 0.000000 -3.141592
    199 0.599503 0.400696 0.000234 0.000000 0.000000 0.000000
    200 0.600399 0.399632 -0.000466 0.000000 0.000000 -3.141592
  time 54
    0 0.000000 0.000000 0.000000 0.000000 0.000000 -1.570796
    1 -0.106323 0.000000 -0.000198 0.000000 0.000000 0.000000
    2 0.000000 0.000000 0.000000 0.000000 0.000000 0.000000
    3 -0.904000 0.000000 -11.806000 0.000000 0.000000 0.000000
    4 0.000000 0.000000 -14.313999 0.000000 -1.570796 1.570857
    5 3.533001 0.000000 0.000000 0.000000 0.000000 0.000000
    6 6.250000 0.000000 0.000000 0.000000 0.000000 0.000000
    7 4.369573 6.343969 -0.084588 -1.153277 1.547377 -1.153364
    8 9.562500 6.343750 1.773438 1.153277 -1.547377 -1.153364
    9 5.786820 0.002787 -0.000113 -1.132473 0.218421 -1.639380
    10 5.999492 -0.000592 -4.000343 0.000000 0.000000 0.000000
    11 5.787410 0.002582 0.000893 0.574240 -0.323247 -1.382267
    12 5.999492 -0.000592 4.000336 0.000000 0.000000 0.000000
    13 0.500225 0.000133 -0.000088 0.226472 0.000000 0.000000
    14 11.534559 0.008161 -0.001312 -0.000017 0.000009 -0.999308
    15 -0.829338 0.893824 0.079659 -0.148839 0.047645 0.087266
    16 0.500225 0.000132 0.000076 0.147282 0.000000 0.000000
    17 11.532495 0.000526 -0.000089 0.000006 -0.000022 -1.260099
    18 -0.829586 0.894698 -0.079464 0.045377 -0.019621 0.087266
    19 10.599884 0.000105 -0.000553 -1.051955 0.000000 0.000000
    20 0.150916 -0.282994 -0.000805 -0.000012 -0.000049 0.499606
    21 11.042057 0.003717 0.004704 -0.972635 -0.030635 0.624574
    22 -1.214832 0.203470 -0.477489 -0.135025 -0.078677 -0.001289
    23 10.599880 0.000105 0.000549 0.124183 0.000000 0.000000
    24 0.256386 -0.357215 0.000801 0.000000 -0.000011 0.630045
    25 11.041742 0.003171 -0.000571 0.088029 0.533499 0.961854
    26 -1.063377 0.077663 0.150230 0.045121 0.020046 -0.012850
    27 0.610302 -0.939470 0.070343 -1.655295 -0.140102 -0.175712
    28 0.639940 -0.199121 0.060188 -1.665909 -0.131427 -0.066543
    29 0.600155 1.080261 -0.339535 -1.738500 0.015349 0.075230
    30 0.610207 0.400743 -0.010101 -1.762268 -0.061568 0.042956
    31 0.634715 -0.693997 -0.232343 0.036621 0.209254 -0.870269
    32 -0.792125 0.203736 0.461300 1.439074 -0.003453 -0.018305
    33 0.610300 -0.939469 -0.070351 1.655295 0.140043 -0.175628
    34 0.639937 -0.199121 -0.060200 1.665553 0.091315 -0.070330
    35 0.600157 1.080259 0.339531 1.764702 -0.263922 -0.039259
    36 0.610205 0.400743 0.010086 1.763182 -0.081696 -0.010435
    37 0.624002 -0.695300 0.232270 -0.279327 -0.243043 -1.042251
    38 -0.626031 -0.069983 -0.080517 -1.447153 0.086151 0.021559
    39 2.621377 -0.002532 -0.005345 -0.231696 -0.474786 1.049037
    40 2.664743 0.000397 -0.000071 -0.299734 -0.327244 1.276622
    41 2.206394 0.003368 -0.006769 -0.219800 -0.142741 1.343031
    42 0.599952 0.959240 -0.300102 -0.174544 0.000000 0.000000
    43 2.557190 -0.001967 0.006359 -0.151479 -0.240412 1.313965
    44 2.095024 -0.003873 -0.002193 -0.426310 -0.111239 0.840296
    45 0.999380 -0.000236 -1.193744 -0.000001 0.000000 0.000000
    46 -0.122639 -0.721856 0.661690 -0.486644 0.223964 0.243056
    47 2.622113 -0.000648 0.002741 0.333554 0.161316 0.517897
    48 2.654002 0.004589 -0.000533 0.357930 -0.006373 1.156456
    49 2.200016 0.001663 0.004743 0.281362 -0.092809 0.678508
    50 0.599951 0.959244 0.300102 0.174544 0.000000 0.000000
    51 2.552663 -0.000385 0.000554 0.237761 -0.048409 0.969074
    52 2.103851 0.005614 -0.001014 0.556340 -0.214305 0.643871
    53 0.999374 -0.000237 1.103890 0.000000 0.000000 0.000001
    54 0.310846 -0.606445 -0.498005 0.308107 -0.197598 0.313976
    55 1.873069 -0.000835 -0.000994 0.000053 -0.000008 0.768265
    56 1.200941 0.399582 -0.000237 -0.009465 0.016087 0.007127
    57 0.000586 0.100342 -0.000319 -0.120035 -0.021926 -0.209617
    58 -0.161663 0.051712 0.194808 -2.941982 0.122408 -0.060194
    59 2.010092 -0.003202 -0.003377 0.000042 0.000001 0.848494
    60 0.000240 0.099802 -0.000395 -0.018823 0.010833 -0.239219
    61 -0.203197 0.048607 0.069150 -3.093332 0.033217 -0.046722
    62 1.180428 -0.006214 0.000780 -0.000014 0.000012 0.459240
    63 -0.000196 0.099625 -0.000034 0.000000 0.000000 -0.314102
    64 -0.088736 -0.688435 -0.145203 2.930407 -0.136130 0.513013
    65 1.712069 -0.003328 0.003818 0.002731 -0.012461 0.668695
    66 -0.000580 0.100145 -0.000311 -0.010912 0.023129 -0.260841
    67 -0.146030 -0.232426 -0.014225 3.028455 -0.094299 0.113020
    68 1.290632 0.000362 -0.000032 0.000000 0.000000 0.156057
    69 -0.658121 -0.003575 0.072645 -0.142711 0.027792 -0.077299
    70 1.868080 -0.003049 0.006083 0.000003 -0.000021 0.515649
    71 1.200079 0.399944 -0.000093 0.009465 -0.016087 0.007127
    72 0.000591 0.100342 0.000319 0.120035 0.021926 -0.209617
    73 0.068077 0.002285 -0.080050 3.111376 -0.069366 -0.060847
    74 2.015780 -0.005083 0.006086 -0.000061 -0.000061 1.537455
    75 0.000229 0.099802 0.000395 0.018823 -0.010833 -0.239219
    76 -0.018673 -0.001009 0.047544 3.109244 0.002635 -0.106673
    77 1.178665 0.001595 0.000845 0.000018 -0.000012 0.802433
    78 -0.000198 0.099628 0.000034 0.000000 0.000000 -0.314102
    79 0.036892 -0.634449 0.266284 -2.801062 0.174301 0.490914
    80 1.704350 -0.002506 -0.004592 -0.000010 0.000023 1.211473
    81 -0.000576 0.100136 0.000311 0.010912 -0.023129 -0.260841
    82 -0.003952 -0.281811 0.115047 -3.059162 0.089004 0.167964
    83 1.289627 0.003949 0.000061 -0.000061 0.000027 0.500018
    84 -0.171528 -0.018148 -0.099873 0.013484 -0.062184 -0.011780
    85 0.912716 0.007240 0.001326 0.000031 0.000069 0.552402
    86 -0.342617 0.053404 -0.025571 -2.909301 -0.017248 0.075276
    87 1.100231 -0.000930 -0.002434 0.000009 0.000014 0.208997
    88 -0.384983 0.330998 0.006848 -3.087207 -0.018765 -0.184279
    89 0.678146 0.002286 -0.003905 -0.000066 -0.000007 0.518187
    90 -0.123848 0.072737 0.029507 2.898184 -0.060627 0.094834
    91 1.017166 -0.000154 -0.000252 -0.307176 -0.034757 0.407316
    92 -0.344986 0.123129 0.143151 2.994981 0.012396 0.059140
    93 -0.730988 0.177046 0.039141 -0.123731 0.076518 -0.084310
    94 0.921993 0.005205 -0.000896 -0.000038 0.000073 0.943690
    95 -0.124027 -0.052092 0.038496 3.077813 -0.008519 0.039229
    96 1.100430 -0.003552 0.000503 -0.217179 0.000042 0.841299
    97 -0.330082 0.160641 0.042780 3.128073 0.034033 -0.171236
    98 0.679760 0.005438 0.003272 0.000026 -0.000081 1.384802
    99 -0.019516 -0.016531 0.038578 -2.763781 0.050305 0.076828
    100 1.014985 0.001206 0.001121 -0.085216 -0.000041 1.155527
    101 -0.155312 0.130643 -0.021921 -3.022466 0.022433 -0.024903
    102 -0.252209 0.061937 -0.024914 -0.007671 -0.063171 -0.044392
    103 -0.085991 0.185203 -0.015180 -2.937063 -0.113970 -0.138991
    104 -0.286537 0.179852 0.024264 -3.109353 -0.049645 -0.029915
    105 -0.019489 0.147084 0.079203 2.893815 0.038585 -0.060594
    106 -0.046482 0.251898 0.129548 3.016165 0.077112 -0.042864
    107 0.039120 -0.040298 0.047739 3.084219 0.030470 -0.037414
    108 -0.233757 0.066630 0.001754 -3.133086 0.040141 -0.065413
    109 0.044266 0.020128 0.001684 -2.778763 -0.118872 -0.040488
    110 0.071495 0.074127 -0.048302 -3.035917 -0.059482 0.104366
    111 0.000000 0.000000 0.000000 0.000000 0.000000 -1.570796
    112 12.578509 -0.328135 -3.914182 -0.325283 -0.003117 -0.000784
    113 9.109653 7.816645 -5.882992 -0.259671 -0.723896 -1.368421
    114 -0.348999 0.000000 0.342999 0.000000 0.000000 0.000000
    115 2.394995 0.000000 0.034000 0.000000 0.000000 0.000000
    116 0.008000 0.000000 1.401997 0.000000 0.000000 0.000000
    117 1.148998 0.000000 0.626999 0.000000 0.000000 0.000000
    118 1.107998 0.000000 0.153000 0.000000 0.000000 0.000000
    119 -2.457995 0.000000 0.449999 0.000000 0.000000 0.000000
    120 0.283000 0.000000 0.659998 0.000000 0.000000 0.000000
    121 4.293992 0.000000 0.136000 0.000000 0.000000 0.000000
    122 1.511997 -0.417999 1.094998 0.000000 0.000000 -1.570755
    123 4.229991 0.000000 0.042000 0.000000 0.000000 0.000000
    124 0.240000 0.000000 -0.662999 0.000000 0.000000 0.000000
    125 1.060998 0.000000 -3.633993 0.000000 0.000000 0.000000
    126 0.193999 0.000000 -2.057996 0.000000 0.000000 0.000000
    127 -0.774998 0.000000 -2.394995 0.000000 0.000000 0.000000
    128 0.000000 0.000000 0.000000 0.000000 0.000000 0.000000
    129 -0.106000 0.000000 64.320000 0.000000 0.000000 0.000000
    130 0.000000 0.000000 0.000000 0.000000 0.000000 0.000000
    131 0.000000 0.000000 0.000000 -0.002625 -0.001258 0.000000
    132 23.261252 -0.979362 6.015222 -0.325379 -0.003097 -0.000862
    133 0.106000 0.000000 -64.320000 0.000000 0.000000 0.000000
    134 0.000000 0.000000 0.000000 0.000000 0.000000 0.000000
    135 0.000000 0.000000 -4.867002 -3.141592 0.000000 -3.128591
    136 0.000000 0.000000 4.867000 -3.141592 0.000000 -3.128591
    137 4.000000 -6.500000 0.000000 0.000000 0.000000 0.000977
    138 -6.500000 0.000000 0.000000 0.000000 1.570796 0.000000
    139 1.000088 -0.000029 0.000000 0.000000 0.000000 0.000000
    140 17.162516 -0.000404 0.000000 0.000000 0.000000 0.119214
    141 9.999891 -0.000303 0.000000 0.000000 0.000000 0.000000
    142 1.000088 -0.000029 0.000000 0.000000 0.000000 0.000000
    143 17.162516 -0.000404 0.000000 0.000000 0.000000 0.119214
    144 9.499836 0.000212 0.000000 0.000000 0.000000 0.000000
    145 0.000000 0.000000 0.000000 0.000000 0.000000 0.000000
    146 17.749374 0.295515 0.000000 0.000000 0.000000 -1.158958
    147 0.017889 0.299792 0.000000 0.000000 0.000000 -0.059582
    148 12.283573 1.581456 -4.696000 1.462269 -0.086726 0.090185
    149 17.749376 0.295515 0.000000 0.000000 0.000000 -1.158958
    150 0.017889 0.299792 0.000000 0.000000 0.000000 -0.059582
    151 13.354000 0.000000 0.000000 0.000000 0.000000 -0.294101
    152 4.530998 0.000000 0.000000 0.000000 0.000000 0.000000
    153 0.000000 0.000000 0.000000 0.000000 0.000000 0.000000
    154 5.413524 0.000347 0.000000 0.000000 0.000000 -0.518055
    155 5.413524 0.000347 0.000000 0.000000 0.000000 -0.518055
    156 4.662002 -5.366333 4.825191 1.569713 1.561305 -3.121213
    157 3.116966 -0.000443 0.000000 0.000000 0.000000 0.294101
    158 0.000000 0.000000 0.000000 0.000000 0.000000 0.000000
    159 -0.271999 0.000000 2.688000 0.000000 0.000000 0.000000
    160 -13.811566 19.754930 -53.403198 0.325303 0.002668 0.001859
    161 3.512001 -3.547000 -1.066000 0.000000 1.570796 0.000000
    162 3.456001 -3.517000 1.169000 0.000000 1.570796 0.000000
    163 6.233002 0.000000 0.000000 0.000000 0.000000 0.000000
    164 -0.171997 -0.106000 -0.902000 1.570713 1.029176 -3.134550
    165 6.249810 -6.372187 -0.011719 0.000000 0.002625 0.001258
    166 0.181000 -0.064000 1.096000 0.000000 0.000000 0.000000
    167 3.999434 -0.000528 -0.000332 -0.526019 0.000037 0.000004
    168 3.999901 0.000041 0.001011 0.062171 0.000000 0.000000
    169 1.598000 0.000000 0.000000 0.000000 0.000000 0.000000
    170 -1.145525 0.000130 0.000668 0.000000 0.000000 0.000000
    171 2.299679 -2.499979 -0.599480 0.892035 0.221410 -0.527278
    172 11.207076 -0.718225 0.644222 1.797342 -0.254298 -0.002959
    173 -9.580673 -27.862106 -37.184681 0.812879 -0.123459 -0.568477
    174 0.649933 -0.548295 0.093651 -1.665913 -0.131399 -0.112062
    175 0.657074 0.008402 0.040371 -1.665945 -0.131407 -0.000013
    176 0.665776 0.747221 -0.029190 -1.665935 -0.131408 0.094976
    177 2.300138 -2.499413 0.600155 -0.891957 -0.221542 -0.527323
    178 11.469488 -0.466384 4.428192 2.114230 -0.357400 0.009005
    179 2.762354 0.116951 1.523975 1.629482 0.064153 1.743800
    180 7.228323 7.928198 -3.925648 2.328713 0.123459 -0.568477
    181 0.650394 -0.547730 -0.092979 1.665913 0.131399 -0.112062
    182 0.657069 0.008398 -0.040379 1.665945 0.131407 -0.000013
    183 0.665777 0.747220 0.029182 1.665935 0.131408 0.094976
    184 -4.481003 -0.202000 0.000000 0.000000 0.000000 0.000000
    185 -5.516998 -0.291000 -0.001000 0.000000 0.000000 0.000000
    186 -0.857700 0.104073 0.104687 0.023536 0.163924 0.013632
    187 1.899121 0.000427 -0.000439 0.027386 -0.033311 0.477848
    188 1.799659 -0.000240 0.000231 0.027386 -0.033311 0.477848
    189 1.799659 -0.000240 0.000231 0.027386 -0.033311 0.477848
    190 1.799659 -0.000240 0.000231 0.027386 -0.033311 0.477848
    191 1.900308 -0.000145 -0.000518 0.027386 -0.033311 0.477848
    192 1.899433 -0.000317 -0.000151 -0.027386 0.033311 0.477848
    193 1.799659 -0.000237 -0.000233 -0.027386 0.033311 0.477848
    194 1.799659 -0.000237 -0.000233 -0.027386 0.033311 0.477848
    195 1.799659 -0.000237 -0.000233 -0.027386 0.033311 0.477848
    196 1.900724 0.000553 -0.000072 -0.027386 0.033311 0.477848
    197 0.599884 0.400187 -0.000031 0.000000 0.000000 0.000000
    198 0.599888 0.400187 0.000031 0.000000 0.000000 -3.141592
    199 0.599503 0.400696 0.000234 0.000000 0.000000 0.000000
    200 0.600399 0.399632 -0.000466 0.000000 0.000000 -3.141592
  time 55
    0 0.000000 0.000000 0.000000 0.000000 0.000000 -1.570796
    1 -0.106323 0.000000 -0.000198 0.000000 0.000000 0.000000
    2 0.000000 0.000000 0.000000 0.000000 0.000000 0.000000
    3 -0.904000 0.000000 -11.806000 0.000000 0.000000 0.000000
    4 0.000000 0.000000 -14.313999 0.000000 -1.570796 1.570857
    5 3.533001 0.000000 0.000000 0.000000 0.000000 0.000000
    6 6.250000 0.000000 0.000000 0.000000 0.000000 0.000000
    7 4.369573 6.343969 -0.084588 -1.153277 1.547377 -1.153364
    8 9.562500 6.343750 1.773438 1.153277 -1.547377 -1.153364
    9 5.786820 0.002787 -0.000113 -1.132473 0.218665 -1.638906
    10 5.999492 -0.000592 -4.000343 0.000000 0.000000 0.000000
    11 5.787410 0.002582 0.000893 0.574525 -0.323454 -1.382905
    12 5.999492 -0.000592 4.000336 0.000000 0.000000 0.000000
    13 0.500225 0.000133 -0.000088 0.226472 0.000000 0.000000
    14 11.534559 0.008161 -0.001312 -0.000077 -0.000027 -0.999016
    15 -0.829338 0.893824 0.079659 -0.148839 0.047645 0.087266
    16 0.500225 0.000132 0.000076 0.147257 0.000000 0.000000
    17 11.532495 0.004432 -0.000089 -0.000078 -0.000010 -1.258795
    18 -0.829586 0.894698 -0.079464 0.045377 -0.019621 0.087266
    19 10.599884 0.000105 -0.000553 -1.051072 0.000000 0.000000
    20 0.150916 -0.282994 -0.000805 0.000060 -0.000013 0.499557
    21 11.042057 0.007623 0.004704 -0.970405 -0.029268 0.626334
    22 -1.214832 0.203470 -0.477489 -0.135025 -0.078677 -0.001289
    23 10.599880 0.000105 0.000549 0.128760 0.000000 0.000000
    24 0.260293 -0.357215 0.000801 0.000048 -0.000023 0.629379
    25 11.041742 0.003171 -0.000571 0.091306 0.532225 0.962917
    26 -1.063377 0.077663 0.150230 0.045121 0.020046 -0.012850
    27 0.610302 -0.939470 0.070343 -1.655346 -0.140091 -0.175580
    28 0.639940 -0.199121 0.060188 -1.666011 -0.131391 -0.066411
    29 0.600155 1.080261 -0.339535 -1.738713 0.015313 0.075266
    30 0.610207 0.400743 -0.010101 -1.762268 -0.061616 0.043052
    31 0.634715 -0.693997 -0.232343 0.036585 0.209376 -0.870228
    32 -0.792125 0.203736 0.461300 1.439074 -0.003453 -0.018305
    33 0.610300 -0.939469 -0.070351 1.655295 0.140091 -0.175760
    34 0.639937 -0.199121 -0.060200 1.665553 0.091315 -0.070426
    35 0.600157 1.080259 0.339531 1.764702 -0.263922 -0.039259
    36 0.610205 0.400743 0.010086 1.763182 -0.081564 -0.010388
    37 0.624002 -0.695300 0.232270 -0.279327 -0.243043 -1.042251
    38 -0.626031 -0.069983 -0.080517 -1.447153 0.086151 0.021559
    39 2.621377 -0.002532 -0.001438 -0.231742 -0.474774 1.048956
    40 2.664743 0.000397 -0.000071 -0.299705 -0.327292 1.276622
    41 2.206394 0.003368 -0.006769 -0.219788 -0.142837 1.343031
    42 0.599952 0.959240 -0.300102 -0.174544 0.000000 0.000000
    43 2.557190 -0.005873 0.002453 -0.151491 -0.240328 1.314004
    44 2.095024 -0.003873 -0.002193 -0.426396 -0.111282 0.840255
    45 0.999380 -0.000236 -1.193744 -0.000001 0.000000 0.000000
    46 -0.122639 -0.721856 0.661690 -0.486644 0.223964 0.243056
    47 2.622113 -0.000648 0.002741 0.333521 0.161388 0.517921
    48 2.654002 0.004589 -0.000533 0.357983 -0.006325 1.156479
    49 2.200016 0.001663 0.000836 0.281374 -0.092750 0.678554
    50 0.599951 0.959244 0.300102 0.174544 0.000000 0.000000
    51 2.556570 -0.004291 0.000554 0.237708 -0.048385 0.969130
    52 2.103851 0.005614 -0.001014 0.556425 -0.214342 0.643871
    53 0.999374 -0.000237 1.103890 0.000000 0.000000 0.000001
    54 0.310846 -0.606445 -0.498005 0.308107 -0.197598 0.313976
    55 1.873069 -0.004741 -0.000994 0.000017 0.000063 0.768265
    56 1.200941 0.399582 -0.000237 -0.009465 0.016087 0.007127
    57 0.000586 0.100342 -0.000319 -0.120035 -0.021926 -0.209617
    58 -0.161663 0.051712 0.194808 -2.941982 0.122408 -0.060194
    59 2.010092 -0.007109 -0.003377 0.000054 -0.000059 0.848494
    60 0.000240 0.099802 -0.000395 -0.018823 0.010833 -0.239219
    61 -0.203197 0.048607 0.069150 -3.093332 0.033217 -0.046722
    62 1.180428 -0.006214 0.000780 -0.000014 0.000000 0.459046
    63 -0.000196 0.099625 -0.000034 0.000000 0.000000 -0.314102
    64 -0.088736 -0.688435 -0.145203 2.930407 -0.136130 0.513013
    65 1.712069 0.000578 0.003818 0.002743 -0.012592 0.668695
    66 -0.000580 0.100145 -0.000311 -0.010912 0.023129 -0.260841
    67 -0.146030 -0.232426 -0.014225 3.028455 -0.094299 0.113020
    68 1.290632 0.000362 -0.000032 0.000000 0.000000 0.156057
    69 -0.658121 -0.003575 0.072645 -0.142711 0.027792 -0.077299
    70 1.868080 -0.003049 0.006083 0.000003 -0.000021 0.515525
    71 1.200079 0.399944 -0.000093 0.009465 -0.016087 0.007127
    72 0.000591 0.100342 0.000319 0.120035 0.021926 -0.209617
    73 0.068077 0.002285 -0.080050 3.111376 -0.069366 -0.060847
    74 2.011874 -0.005083 0.006086 -0.000013 -0.000013 1.537387
    75 0.000229 0.099802 0.000395 0.018823 -0.010833 -0.239219
    76 -0.018673 -0.001009 0.047544 3.109244 0.002635 -0.106673
    77 1.178665 0.001595 0.000845 0.000018 -0.000012 0.802275
    78 -0.000198 0.099628 0.000034 0.000000 0.000000 -0.314102
    79 0.036892 -0.634449 0.266284 -2.801062 0.174301 0.490914
    80 1.704350 -0.002506 -0.000686 -0.000010 0.000023 1.211450
    81 -0.000576 0.100136 0.000311 0.010912 -0.023129 -0.260841
    82 -0.003952 -0.281811 0.115047 -3.059162 0.089004 0.167964
    83 1.289627 0.003949 0.000061 -0.000014 0.000003 0.499913
    84 -0.171528 -0.018148 -0.099873 0.013484 -0.062184 -0.011780
    85 0.912716 0.007240 0.001326 0.000019 0.000021 0.552445
    86 -0.342617 0.053404 -0.025571 -2.909301 -0.017248 0.075276
    87 1.100231 -0.000930 -0.002434 -0.000051 0.000026 0.209037
    88 -0.384983 0.330998 0.006848 -3.087207 -0.018765 -0.184279
    89 0.678146 0.006192 0.000002 -0.000078 -0.000007 0.518219
    90 -0.123848 0.072737 0.029507 2.898184 -0.060627 0.094834
    91 1.017166 -0.000154 -0.000252 -0.307188 -0.034745 0.407375
    92 -0.344986 0.123129 0.143151 2.994981 0.012396 0.059140
    93 -0.730988 0.177046 0.039141 -0.123731 0.076518 -0.084310
    94 0.921993 0.001298 -0.000896 -0.000050 0.000049 0.943604
    95 -0.124027 -0.052092 0.038496 3.077813 -0.008519 0.039229
    96 1.100430 -0.003552 0.000503 -0.217179 0.000030 0.841213
    97 -0.330082 0.160641 0.042780 3.128073 0.034033 -0.171236
    98 0.679760 0.005438 0.003272 0.000014 0.000003 1.384802
    99 -0.019516 -0.016531 0.038578 -2.763781 0.050305 0.076828
    100 1.014985 0.001206 0.001121 -0.085216 -0.000041 1.155470
    101 -0.155312 0.130643 -0.021921 -3.022466 0.022433 -0.024903
    102 -0.252209 0.061937 -0.024914 -0.007671 -0.063171 -0.044392
    103 -0.085991 0.185203 -0.015180 -2.937063 -0.113970 -0.138991
    104 -0.286537 0.179852 0.024264 -3.109353 -0.049645 -0.029915
    105 -0.019489 0.147084 0.079203 2.893815 0.038585 -0.060594
    106 -0.046482 0.251898 0.129548 3.016165 0.077112 -0.042864
    107 0.039120 -0.040298 0.047739 3.084219 0.030470 -0.037414
    108 -0.233757 0.066630 0.001754 -3.133086 0.040141 -0.065413
    109 0.044266 0.020128 0.001684 -2.778763 -0.118872 -0.040488
    110 0.071495 0.074127 -0.048302 -3.035917 -0.059482 0.104366
    111 0.000000 0.000000 0.000000 0.000000 0.000000 -1.570796
    112 12.590228 -0.335948 -3.925901 -0.322376 -0.001330 -0.000603
    113 9.109653 7.808832 -5.828303 -0.255518 -0.722726 -1.370892
    114 -0.348999 0.000000 0.342999 0.000000 0.000000 0.000000
    115 2.394995 0.000000 0.034000 0.000000 0.000000 0.000000
    116 0.008000 0.000000 1.401997 0.000000 0.000000 0.000000
    117 1.148998 0.000000 0.626999 0.000000 0.000000 0.000000
    118 1.107998 0.000000 0.153000 0.000000 0.000000 0.000000
    119 -2.457995 0.000000 0.449999 0.000000 0.000000 0.000000
    120 0.283000 0.000000 0.659998 0.000000 0.000000 0.000000
    121 4.293992 0.000000 0.136000 0.000000 0.000000 0.000000
    122 1.511997 -0.417999 1.094998 0.000000 0.000000 -1.570755
    123 4.229991 0.000000 0.042000 0.000000 0.000000 0.000000
    124 0.240000 0.000000 -0.662999 0.000000 0.000000 0.000000
    125 1.060998 0.000000 -3.633993 0.000000 0.000000 0.000000
    126 0.193999 0.000000 -2.057996 0.000000 0.000000 0.000000
    127 -0.774998 0.000000 -2.394995 0.000000 0.000000 0.000000
    128 0.000000 0.000000 0.000000 0.000000 0.000000 0.000000
    129 -0.106000 0.000000 64.320000 0.000000 0.000000 0.000000
    130 0.000000 0.000000 0.000000 0.000000 0.000000 0.000000
    131 0.000000 0.000000 0.000000 -0.000587 -0.000407 0.000000
    132 23.272972 -0.975456 5.983971 -0.322400 -0.001348 -0.000621
    133 0.106000 0.000000 -64.320000 0.000000 0.000000 0.000000
    134 0.000000 0.000000 0.000000 0.000000 0.000000 0.000000
    135 0.000000 0.000000 -4.867002 -3.141592 0.000000 -3.128591
    136 0.000000 0.000000 4.867000 -3.141592 0.000000 -3.128591
    137 4.000000 -6.500000 0.000000 0.000000 0.000000 0.000977
    138 -6.500000 0.000000 0.000000 0.000000 1.570796 0.000000
    139 1.000088 -0.000029 0.000000 0.000000 0.000000 0.000000
    140 17.162516 -0.000404 0.000000 0.000000 0.000000 0.119214
    141 9.999891 -0.000303 0.000000 0.000000 0.000000 0.000000
    142 1.000088 -0.000029 0.000000 0.000000 0.000000 0.000000
    143 17.162516 -0.000404 0.000000 0.000000 0.000000 0.119214
    144 9.499836 0.000212 0.000000 0.000000 0.000000 0.000000
    145 0.000000 0.000000 0.000000 0.000000 0.000000 0.000000
    146 17.749374 0.295515 0.000000 0.000000 0.000000 -1.158958
    147 0.017889 0.299792 0.000000 0.000000 0.000000 -0.059582
    148 12.283573 1.581456 -4.696000 1.462269 -0.086726 0.090185
    149 17.749376 0.295515 0.000000 0.000000 0.000000 -1.158958
    150 0.017889 0.299792 0.000000 0.000000 0.000000 -0.059582
    151 13.354000 0.000000 0.000000 0.000000 0.000000 -0.294101
    152 4.530998 0.000000 0.000000 0.000000 0.000000 0.000000
    153 0.000000 0.000000 0.000000 0.000000 0.000000 0.000000
    154 5.413524 0.000347 0.000000 0.000000 0.000000 -0.518055
    155 5.413524 0.000347 0.000000 0.000000 0.000000 -0.518055
    156 4.662002 -5.366333 4.825191 1.569713 1.561305 -3.121213
    157 3.116966 -0.000443 0.000000 0.000000 0.000000 0.294101
    158 0.000000 0.000000 0.000000 0.000000 0.000000 0.000000
    159 -0.271999 0.000000 2.688000 0.000000 0.000000 0.000000
    160 -13.702188 19.602582 -53.477419 0.322371 0.000958 0.000812
    161 3.512001 -3.547000 -1.066000 0.000000 1.570796 0.000000
    162 3.456001 -3.517000 1.169000 0.000000 1.570796 0.000000
    163 6.233002 0.000000 0.000000 0.000000 0.000000 0.000000
    164 -0.171997 -0.106000 -0.902000 1.570713 1.029176 -3.134550
    165 6.241997 -6.380000 0.000000 0.000000 0.000587 0.000407
    166 0.181000 -0.064000 1.096000 0.000000 0.000000 0.000000
    167 3.999434 -0.000528 -0.000332 -0.525429 -0.000023 0.000016
    168 3.999901 0.000041 0.001011 0.064529 0.000000 0.000000
    169 1.598000 0.000000 0.000000 0.000000 0.000000 0.000000
    170 -1.145525 0.000130 0.000668 0.000000 0.000000 0.000000
    171 2.299679 -2.499979 -0.599480 0.891953 0.221494 -0.527278
    172 11.207076 -0.718225 0.644222 1.797438 -0.254219 -0.002959
    173 -9.580673 -27.862106 -37.184681 0.812879 -0.123459 -0.568477
    174 0.649933 -0.548295 0.093651 -1.665913 -0.131399 -0.112062
    175 0.657074 0.008402 0.040371 -1.665945 -0.131407 -0.000013
    176 0.665776 0.747221 -0.029190 -1.665935 -0.131408 0.094976
    177 2.300138 -2.499413 0.600155 -0.891930 -0.221518 -0.527275
    178 11.469488 -0.466384 4.428192 2.114295 -0.357400 0.008970
    179 2.762354 0.116951 1.523975 1.629482 0.064153 1.743800
    180 7.228323 7.928198 -3.925648 2.328713 0.123459 -0.568477
    181 0.650394 -0.547730 -0.092979 1.665913 0.131399 -0.112062
    182 0.657069 0.008398 -0.040379 1.665945 0.131407 -0.000013
    183 0.665777 0.747220 0.029182 1.665935 0.131408 0.094976
    184 -4.481003 -0.202000 0.000000 0.000000 0.000000 0.000000
    185 -5.516998 -0.291000 -0.001000 0.000000 0.000000 0.000000
    186 -0.857700 0.104073 0.104687 0.023536 0.163924 0.013632
    187 1.899121 0.000427 -0.000439 0.027386 -0.033311 0.477848
    188 1.799659 -0.000240 0.000231 0.027386 -0.033311 0.477848
    189 1.799659 -0.000240 0.000231 0.027386 -0.033311 0.477848
    190 1.799659 -0.000240 0.000231 0.027386 -0.033311 0.477848
    191 1.900308 -0.000145 -0.000518 0.027386 -0.033311 0.477848
    192 1.899433 -0.000317 -0.000151 -0.027386 0.033311 0.477848
    193 1.799659 -0.000237 -0.000233 -0.027386 0.033311 0.477848
    194 1.799659 -0.000237 -0.000233 -0.027386 0.033311 0.477848
    195 1.799659 -0.000237 -0.000233 -0.027386 0.033311 0.477848
    196 1.900724 0.000553 -0.000072 -0.027386 0.033311 0.477848
    197 0.599884 0.400187 -0.000031 0.000000 0.000000 0.000000
    198 0.599888 0.400187 0.000031 0.000000 0.000000 -3.141592
    199 0.599503 0.400696 0.000234 0.000000 0.000000 0.000000
    200 0.600399 0.399632 -0.000466 0.000000 0.000000 -3.141592
  time 56
    0 0.000000 0.000000 0.000000 0.000000 0.000000 -1.570796
    1 -0.106323 0.000000 -0.000198 0.000000 0.000000 0.000000
    2 0.000000 0.000000 0.000000 0.000000 0.000000 0.000000
    3 -0.904000 0.000000 -11.806000 0.000000 0.000000 0.000000
    4 0.000000 0.000000 -14.313999 0.000000 -1.570796 1.570857
    5 3.533001 0.000000 0.000000 0.000000 0.000000 0.000000
    6 6.250000 0.000000 0.000000 0.000000 0.000000 0.000000
    7 4.369573 6.343969 -0.084588 -1.153277 1.547377 -1.153364
    8 9.562500 6.343750 1.773438 1.153277 -1.547377 -1.153364
    9 5.786820 0.002787 -0.000113 -1.132295 0.218530 -1.637958
    10 5.999492 -0.000592 -4.000343 0.000000 0.000000 0.000000
    11 5.787410 0.002582 0.000893 0.574752 -0.323702 -1.383817
    12 5.999492 -0.000592 4.000336 0.000000 0.000000 0.000000
    13 0.500225 0.000133 -0.000088 0.226388 0.000000 -0.000060
    14 11.534559 0.008161 -0.001312 0.000043 0.000033 -0.998579
    15 -0.829338 0.893824 0.079659 -0.148839 0.047645 0.087266
    16 0.500225 0.000132 0.000076 0.147331 0.000000 0.000000
    17 11.536401 0.000526 -0.000089 0.000006 -0.000022 -1.256955
    18 -0.829586 0.894698 -0.079464 0.045377 -0.019621 0.087266
    19 10.599884 0.000105 -0.000553 -1.048661 0.000012 0.000048
    20 0.150916 -0.279087 -0.000805 0.000000 0.000011 0.499360
    21 11.042057 0.007623 0.000798 -0.965870 -0.027051 0.628164
    22 -1.214832 0.203470 -0.477489 -0.135025 -0.078677 -0.001289
    23 10.599880 0.000105 0.000549 0.137223 -0.000048 0.000000
    24 0.260293 -0.353308 0.000801 0.000000 -0.000011 0.628500
    25 11.041742 0.003171 -0.000571 0.097377 0.530973 0.964630
    26 -1.063377 0.077663 0.150230 0.045121 0.020046 -0.012850
    27 0.610302 -0.939470 0.070343 -1.655346 -0.140043 -0.175616
    28 0.639940 -0.199121 0.060188 -1.665960 -0.131367 -0.066447
    29 0.600155 1.080261 -0.339535 -1.738713 0.015361 0.075314
    30 0.610207 0.400743 -0.010101 -1.762268 -0.061568 0.042956
    31 0.634715 -0.693997 -0.232343 0.036549 0.209269 -0.870269
    32 -0.792125 0.203736 0.461300 1.439074 -0.003453 -0.018305
    33 0.610300 -0.939469 -0.070351 1.655295 0.140079 -0.175580
    34 0.639937 -0.199121 -0.060200 1.665502 0.091303 -0.070258
    35 0.600157 1.080259 0.339531 1.764596 -0.263850 -0.039151
    36 0.610205 0.400743 0.010086 1.763075 -0.081564 -0.010304
    37 0.624002 -0.695300 0.232270 -0.279243 -0.243043 -1.042178
    38 -0.626031 -0.069983 -0.080517 -1.447153 0.086151 0.021559
    39 2.621377 -0.002532 -0.001438 -0.231742 -0.474774 1.048956
    40 2.664743 0.000397 -0.000071 -0.299660 -0.327304 1.276661
    41 2.206394 0.003368 -0.006769 -0.219836 -0.142789 1.343031
    42 0.599952 0.959240 -0.300102 -0.174544 0.000000 0.000000
    43 2.553283 -0.005873 0.006359 -0.151430 -0.240364 1.314004
    44 2.095024 -0.003873 -0.002193 -0.426310 -0.111239 0.840296
    45 0.999380 -0.000236 -1.193744 -0.000001 0.000000 0.000000
    46 -0.122639 -0.721856 0.661690 -0.486644 0.223964 0.243056
    47 2.622113 -0.000648 0.002741 0.333521 0.161400 0.517824
    48 2.654002 0.004589 -0.000533 0.357947 -0.006313 1.156434
    49 2.200016 0.005570 0.000836 0.281374 -0.092762 0.678616
    50 0.599951 0.959244 0.300102 0.174544 0.000000 0.000000
    51 2.556570 -0.004291 0.000554 0.237748 -0.048397 0.969130
    52 2.103851 0.005614 -0.001014 0.556312 -0.214243 0.643892
    53 0.999374 -0.000237 1.103890 0.000000 0.000000 0.000001
    54 0.310846 -0.606445 -0.498005 0.308107 -0.197598 0.313976
    55 1.873069 -0.000835 -0.000994 -0.000007 0.000004 0.768265
    56 1.200941 0.399582 -0.000237 -0.009465 0.016087 0.007127
    57 0.000586 0.100342 -0.000319 -0.120035 -0.021926 -0.209617
    58 -0.161663 0.051712 0.194808 -2.941982 0.122408 -0.060194
    59 2.010092 -0.007109 -0.003377 0.000030 -0.000023 0.848494
    60 0.000240 0.099802 -0.000395 -0.018823 0.010833 -0.239219
    61 -0.203197 0.048607 0.069150 -3.093332 0.033217 -0.046722
    62 1.180428 -0.006214 0.000780 -0.000014 0.000000 0.459240
    63 -0.000196 0.099625 -0.000034 0.000000 0.000000 -0.314102
    64 -0.088736 -0.688435 -0.145203 2.930407 -0.136130 0.513013
    65 1.712069 -0.003328 -0.000088 0.002647 -0.012497 0.668695
    66 -0.000580 0.100145 -0.000311 -0.010912 0.023129 -0.260841
    67 -0.146030 -0.232426 -0.014225 3.028455 -0.094299 0.113020
    68 1.290632 0.000362 -0.000032 0.000000 0.000000 0.156057
    69 -0.658121 -0.003575 0.072645 -0.142711 0.027792 -0.077299
    70 1.868080 -0.003049 0.006083 0.000051 -0.000093 0.515575
    71 1.200079 0.399944 -0.000093 0.009465 -0.016087 0.007127
    72 0.000591 0.100342 0.000319 0.120035 0.021926 -0.209617
    73 0.068077 0.002285 -0.080050 3.111376 -0.069366 -0.060847
    74 2.011874 -0.005083 0.006086 -0.000061 -0.000061 1.537522
    75 0.000229 0.099802 0.000395 0.018823 -0.010833 -0.239219
    76 -0.018673 -0.001009 0.047544 3.109244 0.002635 -0.106673
    77 1.178665 0.001595 0.000845 0.000018 -0.000012 0.802275
    78 -0.000198 0.099628 0.000034 0.000000 0.000000 -0.314102
    79 0.036892 -0.634449 0.266284 -2.801062 0.174301 0.490914
    80 1.704350 -0.002506 -0.000686 -0.000058 -0.000037 1.211520
    81 -0.000576 0.100136 0.000311 0.010912 -0.023129 -0.260841
    82 -0.003952 -0.281811 0.115047 -3.059162 0.089004 0.167964
    83 1.289627 0.003949 0.000061 -0.000014 0.000003 0.499913
    84 -0.171528 -0.018148 -0.099873 0.013484 -0.062184 -0.011780
    85 0.912716 0.007240 0.001326 0.000031 0.000069 0.552488
    86 -0.342617 0.053404 -0.025571 -2.909301 -0.017248 0.075276
    87 1.100231 -0.000930 -0.002434 -0.000027 0.000026 0.209037
    88 -0.384983 0.330998 0.006848 -3.087207 -0.018765 -0.184279
    89 0.678146 0.006192 0.000002 -0.000018 -0.000019 0.518219
    90 -0.123848 0.072737 0.029507 2.898184 -0.060627 0.094834
    91 1.017166 -0.000154 -0.000252 -0.307188 -0.034817 0.407316
    92 -0.344986 0.123129 0.143151 2.994981 0.012396 0.059140
    93 -0.730988 0.177046 0.039141 -0.123731 0.076518 -0.084310
    94 0.925900 0.001298 -0.000896 -0.000062 0.000025 0.943547
    95 -0.124027 -0.052092 0.038496 3.077813 -0.008519 0.039229
    96 1.100430 -0.007458 0.000503 -0.217203 0.000042 0.841241
    97 -0.330082 0.160641 0.042780 3.128073 0.034033 -0.171236
    98 0.679760 0.005438 0.003272 -0.000070 0.000003 1.384770
    99 -0.019516 -0.016531 0.038578 -2.763781 0.050305 0.076828
    100 1.018891 0.005113 0.001121 -0.085180 -0.000029 1.155470
    101 -0.155312 0.130643 -0.021921 -3.022466 0.022433 -0.024903
    102 -0.252209 0.061937 -0.024914 -0.007671 -0.063171 -0.044392
    103 -0.085991 0.185203 -0.015180 -2.937063 -0.113970 -0.138991
    104 -0.286537 0.179852 0.024264 -3.109353 -0.049645 -0.029915
    105 -0.019489 0.147084 0.079203 2.893815 0.038585 -0.060594
    106 -0.046482 0.251898 0.129548 3.016165 0.077112 -0.042864
    107 0.039120 -0.040298 0.047739 3.084219 0.030470 -0.037414
    108 -0.233757 0.066630 0.001754 -3.133086 0.040141 -0.065413
    109 0.044266 0.020128 0.001684 -2.778763 -0.118872 -0.040488
    110 0.071495 0.074127 -0.048302 -3.035917 -0.059482 0.104366
    111 0.000000 0.000000 0.000000 0.000000 0.000000 -1.570796
    112 12.601947 -0.335948 -3.933714 -0.316933 0.000570 -0.000181
    113 9.105747 7.801019 -5.746269 -0.247816 -0.721872 -1.375493
    114 -0.348999 0.000000 0.342999 0.000000 0.000000 0.000000
    115 2.394995 0.000000 0.034000 0.000000 0.000000 0.000000
    116 0.008000 0.000000 1.401997 0.000000 0.000000 0.000000
    117 1.148998 0.000000 0.626999 0.000000 0.000000 0.000000
    118 1.107998 0.000000 0.153000 0.000000 0.000000 0.000000
    119 -2.457995 0.000000 0.449999 0.000000 0.000000 0.000000
    120 0.283000 0.000000 0.659998 0.000000 0.000000 0.000000
    121 4.293992 0.000000 0.136000 0.000000 0.000000 0.000000
    122 1.511997 -0.417999 1.094998 0.000000 0.000000 -1.570755
    123 4.229991 0.000000 0.042000 0.000000 0.000000 0.000000
    124 0.240000 0.000000 -0.662999 0.000000 0.000000 0.000000
    125 1.060998 0.000000 -3.633993 0.000000 0.000000 0.000000
    126 0.193999 0.000000 -2.057996 0.000000 0.000000 0.000000
    127 -0.774998 0.000000 -2.394995 0.000000 0.000000 0.000000
    128 0.000000 0.000000 0.000000 0.000000 0.000000 0.000000
    129 -0.106000 0.000000 64.320000 0.000000 0.000000 0.000000
    130 0.000000 0.000000 0.000000 0.000000 0.000000 0.000000
    131 0.000000 0.000000 0.000000 0.000911 0.000587 0.000000
    132 23.284691 -0.967643 5.964439 -0.316965 0.000590 -0.000319
    133 0.106000 0.000000 -64.320000 0.000000 0.000000 0.000000
    134 0.000000 0.000000 0.000000 0.000000 0.000000 0.000000
    135 0.000000 0.000000 -4.867002 -3.141592 0.000000 -3.128591
    136 0.000000 0.000000 4.867000 -3.141592 0.000000 -3.128591
    137 4.000000 -6.500000 0.000000 0.000000 0.000000 0.000977
    138 -6.500000 0.000000 0.000000 0.000000 1.570796 0.000000
    139 1.000088 -0.000029 0.000000 0.000000 0.000000 0.000000
    140 17.162516 -0.000404 0.000000 0.000000 0.000000 0.119214
    141 9.999891 -0.000303 0.000000 0.000000 0.000000 0.000000
    142 1.000088 -0.000029 0.000000 0.000000 0.000000 0.000000
    143 17.162516 -0.000404 0.000000 0.000000 0.000000 0.119214
    144 9.499836 0.000212 0.000000 0.000000 0.000000 0.000000
    145 0.000000 0.000000 0.000000 0.000000 0.000000 0.000000
    146 17.749374 0.295515 0.000000 0.000000 0.000000 -1.158958
    147 0.017889 0.299792 0.000000 0.000000 0.000000 -0.059582
    148 12.283573 1.581456 -4.696000 1.462269 -0.086726 0.090185
    149 17.749376 0.295515 0.000000 0.000000 0.000000 -1.158958
    150 0.017889 0.299792 0.000000 0.000000 0.000000 -0.059582
    151 13.354000 0.000000 0.000000 0.000000 0.000000 -0.294101
    152 4.530998 0.000000 0.000000 0.000000 0.000000 0.000000
    153 0.000000 0.000000 0.000000 0.000000 0.000000 0.000000
    154 5.413524 0.000347 0.000000 0.000000 0.000000 -0.518055
    155 5.413524 0.000347 0.000000 0.000000 0.000000 -0.518055
    156 4.662002 -5.366333 4.825191 1.569713 1.561305 -3.121213
    157 3.116966 -0.000443 0.000000 0.000000 0.000000 0.294101
    158 0.000000 0.000000 0.000000 0.000000 0.000000 0.000000
    159 -0.271999 0.000000 2.688000 0.000000 0.000000 0.000000
    160 -13.612341 19.297885 -53.598517 0.317010 -0.000625 0.000114
    161 3.512001 -3.547000 -1.066000 0.000000 1.570796 0.000000
    162 3.456001 -3.517000 1.169000 0.000000 1.570796 0.000000
    163 6.233002 0.000000 0.000000 0.000000 0.000000 0.000000
    164 -0.171997 -0.106000 -0.902000 1.570713 1.029176 -3.134550
    165 6.241997 -6.380000 0.000000 0.000000 -0.000911 -0.000587
    166 0.181000 -0.064000 1.096000 0.000000 0.000000 0.000000
    167 3.999434 -0.000528 -0.000332 -0.524249 0.000001 0.000052
    168 3.999901 0.000041 0.001011 0.068700 0.000000 0.000000
    169 1.598000 0.000000 0.000000 0.000000 0.000000 0.000000
    170 -1.145525 0.000130 0.000668 0.000000 0.000000 0.000000
    171 2.299679 -2.499979 -0.599480 0.892008 0.221590 -0.527262
    172 11.207076 -0.718225 0.644222 1.797438 -0.254298 -0.002959
    173 -9.580673 -27.862106 -37.184681 0.812879 -0.123459 -0.568477
    174 0.649933 -0.548295 0.093651 -1.665913 -0.131399 -0.112062
    175 0.657074 0.008402 0.040371 -1.665945 -0.131407 -0.000013
    176 0.665776 0.747221 -0.029190 -1.665935 -0.131408 0.094976
    177 2.300138 -2.499413 0.600155 -0.891930 -0.221494 -0.527227
    178 11.469488 -0.466384 4.428192 2.114295 -0.357414 0.009041
    179 2.762354 0.116951 1.523975 1.629482 0.064153 1.743800
    180 7.228323 7.928198 -3.925648 2.328713 0.123459 -0.568477
    181 0.650394 -0.547730 -0.092979 1.665913 0.131399 -0.112062
    182 0.657069 0.008398 -0.040379 1.665945 0.131407 -0.000013
    183 0.665777 0.747220 0.029182 1.665935 0.131408 0.094976
    184 -4.481003 -0.202000 0.000000 0.000000 0.000000 0.000000
    185 -5.516998 -0.291000 -0.001000 0.000000 0.000000 0.000000
    186 -0.857700 0.104073 0.104687 0.023536 0.163924 0.013632
    187 1.899121 0.000427 -0.000439 0.027386 -0.033311 0.477848
    188 1.799659 -0.000240 0.000231 0.027386 -0.033311 0.477848
    189 1.799659 -0.000240 0.000231 0.027386 -0.033311 0.477848
    190 1.799659 -0.000240 0.000231 0.027386 -0.033311 0.477848
    191 1.900308 -0.000145 -0.000518 0.027386 -0.033311 0.477848
    192 1.899433 -0.000317 -0.000151 -0.027386 0.033311 0.477848
    193 1.799659 -0.000237 -0.000233 -0.027386 0.033311 0.477848
    194 1.799659 -0.000237 -0.000233 -0.027386 0.033311 0.477848
    195 1.799659 -0.000237 -0.000233 -0.027386 0.033311 0.477848
    196 1.900724 0.000553 -0.000072 -0.027386 0.033311 0.477848
    197 0.599884 0.400187 -0.000031 0.000000 0.000000 0.000000
    198 0.599888 0.400187 0.000031 0.000000 0.000000 -3.141592
    199 0.599503 0.400696 0.000234 0.000000 0.000000 0.000000
    200 0.600399 0.399632 -0.000466 0.000000 0.000000 -3.141592
  time 57
    0 0.000000 0.000000 0.000000 0.000000 0.000000 -1.570796
    1 -0.106323 0.000000 -0.000198 0.000000 0.000000 0.000000
    2 0.000000 0.000000 0.000000 0.000000 0.000000 0.000000
    3 -0.904000 0.000000 -11.806000 0.000000 0.000000 0.000000
    4 0.000000 0.000000 -14.313999 0.000000 -1.570796 1.570857
    5 3.533001 0.000000 0.000000 0.000000 0.000000 0.000000
    6 6.250000 0.000000 0.000000 0.000000 0.000000 0.000000
    7 4.369573 6.343969 -0.084588 -1.153277 1.547377 -1.153364
    8 9.562500 6.343750 1.773438 1.153277 -1.547377 -1.153364
    9 5.786820 0.002787 -0.000113 -1.132295 0.218367 -1.637674
    10 5.999492 -0.000592 -4.000343 0.000000 0.000000 0.000000
    11 5.787410 0.002582 0.000893 0.574923 -0.323909 -1.384455
    12 5.999492 -0.000592 4.000336 0.000000 0.000000 0.000000
    13 0.500225 0.000133 -0.000088 0.226472 0.000000 0.000000
    14 11.534559 0.008161 -0.001312 -0.000017 0.000009 -0.997851
    15 -0.829338 0.893824 0.079659 -0.148839 0.047645 0.087266
    16 0.500225 0.000132 0.000076 0.147405 0.000000 0.000000
    17 11.532495 0.004432 -0.000089 0.000006 -0.000022 -1.255422
    18 -0.829586 0.894698 -0.079464 0.045377 -0.019621 0.087266
    19 10.599884 0.000105 -0.000553 -1.047014 0.000000 0.000000
    20 0.150916 -0.282994 -0.000805 0.000000 0.000011 0.498866
    21 11.042057 0.003717 0.004704 -0.963343 -0.025832 0.628516
    22 -1.214832 0.203470 -0.477489 -0.135025 -0.078677 -0.001289
    23 10.599880 0.000105 0.000549 0.141541 0.000000 0.000000
    24 0.260293 -0.357215 0.000801 0.000012 0.000049 0.627728
    25 11.041742 0.003171 -0.000571 0.100654 0.530621 0.965102
    26 -1.063377 0.077663 0.150230 0.045121 0.020046 -0.012850
    27 0.610302 -0.939470 0.070343 -1.655346 -0.140102 -0.175616
    28 0.639940 -0.199121 0.060188 -1.666011 -0.131439 -0.066435
    29 0.600155 1.080261 -0.339535 -1.738607 0.015229 0.075278
    30 0.610207 0.400743 -0.010101 -1.762376 -0.061663 0.043016
    31 0.634715 -0.693997 -0.232343 0.036585 0.209315 -0.870309
    32 -0.792125 0.203736 0.461300 1.439074 -0.003453 -0.018305
    33 0.610300 -0.939469 -0.070351 1.655295 0.140091 -0.175604
    34 0.639937 -0.199121 -0.060200 1.665502 0.091339 -0.070186
    35 0.600157 1.080259 0.339531 1.764649 -0.263802 -0.039187
    36 0.610205 0.400743 0.010086 1.763182 -0.081528 -0.010256
    37 0.624002 -0.695300 0.236176 -0.279387 -0.243067 -1.042251
    38 -0.626031 -0.069983 -0.080517 -1.447153 0.086151 0.021559
    39 2.621377 -0.002532 -0.005345 -0.231803 -0.474737 1.049037
    40 2.660837 0.000397 -0.000071 -0.299586 -0.327364 1.276583
    41 2.202488 0.003368 -0.006769 -0.219728 -0.142869 1.343031
    42 0.599952 0.959240 -0.300102 -0.174544 0.000000 0.000000
    43 2.557190 -0.001967 0.002453 -0.151466 -0.240424 1.313926
    44 2.095024 -0.003873 -0.006100 -0.426353 -0.111282 0.840296
    45 0.999380 -0.000236 -1.193744 -0.000001 0.000000 0.000000
    46 -0.122639 -0.721856 0.661690 -0.486644 0.223964 0.243056
    47 2.622113 -0.000648 0.006647 0.333570 0.161388 0.517824
    48 2.657909 0.004589 -0.000533 0.357947 -0.006313 1.156412
    49 2.200016 0.001663 0.004743 0.281386 -0.092714 0.678554
    50 0.599951 0.959244 0.300102 0.174544 0.000000 0.000000
    51 2.556570 -0.000385 0.000554 0.237761 -0.048409 0.969130
    52 2.103851 0.005614 -0.001014 0.556326 -0.214379 0.643913
    53 0.999374 -0.000237 1.103890 0.000000 0.000000 0.000001
    54 0.310846 -0.606445 -0.498005 0.308107 -0.197598 0.313976
    55 1.873069 -0.000835 -0.000994 -0.000007 0.000004 0.768265
    56 1.200941 0.399582 -0.000237 -0.009465 0.016087 0.007127
    57 0.000586 0.100342 -0.000319 -0.120035 -0.021926 -0.209617
    58 -0.161663 0.051712 0.194808 -2.941982 0.122408 -0.060194
    59 2.010092 -0.003202 -0.003377 0.000018 0.000013 0.848494
    60 0.000240 0.099802 -0.000395 -0.018823 0.010833 -0.239219
    61 -0.203197 0.048607 0.069150 -3.093332 0.033217 -0.046722
    62 1.180428 -0.006214 0.000780 -0.000002 0.000000 0.459143
    63 -0.000196 0.099625 -0.000034 0.000000 0.000000 -0.314102
    64 -0.088736 -0.688435 -0.145203 2.930407 -0.136130 0.513013
    65 1.715976 -0.003328 0.003818 0.002671 -0.012508 0.668695
    66 -0.000580 0.100145 -0.000311 -0.010912 0.023129 -0.260841
    67 -0.146030 -0.232426 -0.014225 3.028455 -0.094299 0.113020
    68 1.290632 0.000362 -0.000032 0.000000 0.000000 0.156057
    69 -0.658121 -0.003575 0.072645 -0.142711 0.027792 -0.077299
    70 1.868080 -0.003049 0.006083 0.000003 -0.000021 0.515649
    71 1.200079 0.399944 -0.000093 0.009465 -0.016087 0.007127
    72 0.000591 0.100342 0.000319 0.120035 0.021926 -0.209617
    73 0.068077 0.002285 -0.080050 3.111376 -0.069366 -0.060847
    74 2.015780 -0.005083 0.006086 -0.000061 0.000023 1.537590
    75 0.000229 0.099802 0.000395 0.018823 -0.010833 -0.239219
    76 -0.018673 -0.001009 0.047544 3.109244 0.002635 -0.106673
    77 1.178665 0.001595 0.000845 0.000078 -0.000024 0.802433
    78 -0.000198 0.099628 0.000034 0.000000 0.000000 -0.314102
    79 0.036892 -0.634449 0.266284 -2.801062 0.174301 0.490914
    80 1.704350 -0.002506 -0.000686 -0.000058 -0.000037 1.211497
    81 -0.000576 0.100136 0.000311 0.010912 -0.023129 -0.260841
    82 -0.003952 -0.281811 0.115047 -3.059162 0.089004 0.167964
    83 1.289627 0.003949 0.000061 -0.000014 0.000003 0.499887
    84 -0.171528 -0.018148 -0.099873 0.013484 -0.062184 -0.011780
    85 0.912716 0.007240 0.001326 0.000019 0.000021 0.552402
    86 -0.342617 0.053404 -0.025571 -2.909301 -0.017248 0.075276
    87 1.100231 -0.000930 -0.002434 0.000009 0.000014 0.209037
    88 -0.384983 0.330998 0.006848 -3.087207 -0.018765 -0.184279
    89 0.678146 0.006192 0.000002 -0.000018 -0.000019 0.518187
    90 -0.123848 0.072737 0.029507 2.898184 -0.060627 0.094834
    91 1.017166 -0.000154 -0.000252 -0.307128 -0.034757 0.407375
    92 -0.344986 0.123129 0.143151 2.994981 0.012396 0.059140
    93 -0.730988 0.177046 0.039141 -0.123731 0.076518 -0.084310
    94 0.925900 0.001298 -0.000896 -0.000002 -0.000011 0.943604
    95 -0.124027 -0.052092 0.038496 3.077813 -0.008519 0.039229
    96 1.100430 -0.003552 0.000503 -0.217251 0.000054 0.841241
    97 -0.330082 0.160641 0.042780 3.128073 0.034033 -0.171236
    98 0.679760 0.005438 0.003272 -0.000022 -0.000045 1.384612
    99 -0.019516 -0.016531 0.038578 -2.763781 0.050305 0.076828
    100 1.014985 0.001206 0.001121 -0.085156 -0.000029 1.155470
    101 -0.155312 0.130643 -0.021921 -3.022466 0.022433 -0.024903
    102 -0.252209 0.061937 -0.024914 -0.007671 -0.063171 -0.044392
    103 -0.085991 0.185203 -0.015180 -2.937063 -0.113970 -0.138991
    104 -0.286537 0.179852 0.024264 -3.109353 -0.049645 -0.029915
    105 -0.019489 0.147084 0.079203 2.893815 0.038585 -0.060594
    106 -0.046482 0.251898 0.129548 3.016165 0.077112 -0.042864
    107 0.039120 -0.040298 0.047739 3.084219 0.030470 -0.037414
    108 -0.233757 0.066630 0.001754 -3.133086 0.040141 -0.065413
    109 0.044266 0.020128 0.001684 -2.778763 -0.118872 -0.040488
    110 0.071495 0.074127 -0.048302 -3.035917 -0.059482 0.104366
    111 0.000000 0.000000 0.000000 0.000000 0.000000 -1.570796
    112 12.609760 -0.335948 -3.945433 -0.313903 0.001482 -0.000181
    113 9.105747 7.793207 -5.711112 -0.243738 -0.721602 -1.378135
    114 -0.348999 0.000000 0.342999 0.000000 0.000000 0.000000
    115 2.394995 0.000000 0.034000 0.000000 0.000000 0.000000
    116 0.008000 0.000000 1.401997 0.000000 0.000000 0.000000
    117 1.148998 0.000000 0.626999 0.000000 0.000000 0.000000
    118 1.107998 0.000000 0.153000 0.000000 0.000000 0.000000
    119 -2.457995 0.000000 0.449999 0.000000 0.000000 0.000000
    120 0.283000 0.000000 0.659998 0.000000 0.000000 0.000000
    121 4.293992 0.000000 0.136000 0.000000 0.000000 0.000000
    122 1.511997 -0.417999 1.094998 0.000000 0.000000 -1.570755
    123 4.229991 0.000000 0.042000 0.000000 0.000000 0.000000
    124 0.240000 0.000000 -0.662999 0.000000 0.000000 0.000000
    125 1.060998 0.000000 -3.633993 0.000000 0.000000 0.000000
    126 0.193999 0.000000 -2.057996 0.000000 0.000000 0.000000
    127 -0.774998 0.000000 -2.394995 0.000000 0.000000 0.000000
    128 0.000000 0.000000 0.000000 0.000000 0.000000 0.000000
    129 -0.106000 0.000000 64.320000 0.000000 0.000000 0.000000
    130 0.000000 0.000000 0.000000 0.000000 0.000000 0.000000
    131 0.000000 0.000000 0.000000 0.001510 0.001390 0.000000
    132 23.292503 -0.967643 5.941001 -0.314038 0.001502 -0.000319
    133 0.106000 0.000000 -64.320000 0.000000 0.000000 0.000000
    134 0.000000 0.000000 0.000000 0.000000 0.000000 0.000000
    135 0.000000 0.000000 -4.867002 -3.141592 0.000000 -3.128591
    136 0.000000 0.000000 4.867000 -3.141592 0.000000 -3.128591
    137 4.000000 -6.500000 0.000000 0.000000 0.000000 0.000977
    138 -6.500000 0.000000 0.000000 0.000000 1.570796 0.000000
    139 1.000088 -0.000029 0.000000 0.000000 0.000000 0.000000
    140 17.162516 -0.000404 0.000000 0.000000 0.000000 0.119214
    141 9.999891 -0.000303 0.000000 0.000000 0.000000 0.000000
    142 1.000088 -0.000029 0.000000 0.000000 0.000000 0.000000
    143 17.162516 -0.000404 0.000000 0.000000 0.000000 0.119214
    144 9.499836 0.000212 0.000000 0.000000 0.000000 0.000000
    145 0.000000 0.000000 0.000000 0.000000 0.000000 0.000000
    146 17.749374 0.295515 0.000000 0.000000 0.000000 -1.158958
    147 0.017889 0.299792 0.000000 0.000000 0.000000 -0.059582
    148 12.283573 1.581456 -4.696000 1.462269 -0.086726 0.090185
    149 17.749376 0.295515 0.000000 0.000000 0.000000 -1.158958
    150 0.017889 0.299792 0.000000 0.000000 0.000000 -0.059582
    151 13.354000 0.000000 0.000000 0.000000 0.000000 -0.294101
    152 4.530998 0.000000 0.000000 0.000000 0.000000 0.000000
    153 0.000000 0.000000 0.000000 0.000000 0.000000 0.000000
    154 5.413524 0.000347 0.000000 0.000000 0.000000 -0.518055
    155 5.413524 0.000347 0.000000 0.000000 0.000000 -0.518055
    156 4.662002 -5.366333 4.825191 1.569713 1.561305 -3.121213
    157 3.116966 -0.000443 0.000000 0.000000 0.000000 0.294101
    158 0.000000 0.000000 0.000000 0.000000 0.000000 0.000000
    159 -0.271999 0.000000 2.688000 0.000000 0.000000 0.000000
    160 -13.577184 19.145537 -53.645393 0.314162 -0.001352 -0.000235
    161 3.512001 -3.547000 -1.066000 0.000000 1.570796 0.000000
    162 3.456001 -3.517000 1.169000 0.000000 1.570796 0.000000
    163 6.233002 0.000000 0.000000 0.000000 0.000000 0.000000
    164 -0.171997 -0.106000 -0.902000 1.570713 1.029176 -3.134550
    165 6.234184 -6.387813 0.007813 0.000000 -0.001510 -0.001390
    166 0.181000 -0.064000 1.096000 0.000000 0.000000 0.000000
    167 3.999434 -0.000528 -0.000332 -0.523478 -0.000023 0.000016
    168 3.999901 0.000041 0.001011 0.070786 0.000000 0.000000
    169 1.598000 0.000000 0.000000 0.000000 0.000000 0.000000
    170 -1.145525 0.000130 0.000668 0.000000 0.000000 0.000000
    171 2.299679 -2.499979 -0.599480 0.892008 0.221446 -0.527246
    172 11.207076 -0.718225 0.644222 1.797342 -0.254298 -0.002959
    173 -9.580673 -27.862106 -37.184681 0.812879 -0.123459 -0.568477
    174 0.649933 -0.548295 0.093651 -1.665913 -0.131399 -0.112062
    175 0.657074 0.008402 0.040371 -1.665945 -0.131407 -0.000013
    176 0.665776 0.747221 -0.029190 -1.665935 -0.131408 0.094976
    177 2.300138 -2.499413 0.600155 -0.891957 -0.221542 -0.527323
    178 11.469488 -0.466384 4.428192 2.114295 -0.357385 0.009129
    179 2.762354 0.116951 1.523975 1.629482 0.064153 1.743800
    180 7.228323 7.928198 -3.925648 2.328713 0.123459 -0.568477
    181 0.650394 -0.547730 -0.092979 1.665913 0.131399 -0.112062
    182 0.657069 0.008398 -0.040379 1.665945 0.131407 -0.000013
    183 0.665777 0.747220 0.029182 1.665935 0.131408 0.094976
    184 -4.481003 -0.202000 0.000000 0.000000 0.000000 0.000000
    185 -5.516998 -0.291000 -0.001000 0.000000 0.000000 0.000000
    186 -0.857700 0.104073 0.104687 0.023536 0.163924 0.013632
    187 1.899121 0.000427 -0.000439 0.027386 -0.033311 0.477848
    188 1.799659 -0.000240 0.000231 0.027386 -0.033311 0.477848
    189 1.799659 -0.000240 0.000231 0.027386 -0.033311 0.477848
    190 1.799659 -0.000240 0.000231 0.027386 -0.033311 0.477848
    191 1.900308 -0.000145 -0.000518 0.027386 -0.033311 0.477848
    192 1.899433 -0.000317 -0.000151 -0.027386 0.033311 0.477848
    193 1.799659 -0.000237 -0.000233 -0.027386 0.033311 0.477848
    194 1.799659 -0.000237 -0.000233 -0.027386 0.033311 0.477848
    195 1.799659 -0.000237 -0.000233 -0.027386 0.033311 0.477848
    196 1.900724 0.000553 -0.000072 -0.027386 0.033311 0.477848
    197 0.599884 0.400187 -0.000031 0.000000 0.000000 0.000000
    198 0.599888 0.400187 0.000031 0.000000 0.000000 -3.141592
    199 0.599503 0.400696 0.000234 0.000000 0.000000 0.000000
    200 0.600399 0.399632 -0.000466 0.000000 0.000000 -3.141592
  time 58
    0 0.000000 0.000000 0.000000 0.000000 0.000000 -1.570796
    1 -0.106323 0.000000 -0.000198 0.000000 0.000000 0.000000
    2 0.000000 0.000000 0.000000 0.000000 0.000000 0.000000
    3 -0.904000 0.000000 -11.806000 0.000000 0.000000 0.000000
    4 0.000000 0.000000 -14.313999 0.000000 -1.570796 1.570857
    5 3.533001 0.000000 0.000000 0.000000 0.000000 0.000000
    6 6.250000 0.000000 0.000000 0.000000 0.000000 0.000000
    7 4.369573 6.343969 -0.084588 -1.153277 1.547377 -1.153364
    8 9.562500 6.343750 1.773438 1.153277 -1.547377 -1.153364
    9 5.786820 0.002787 -0.000113 -1.132295 0.218448 -1.637958
    10 5.999492 -0.000592 -4.000343 0.000000 0.000000 0.000000
    11 5.787410 0.002582 0.000893 0.574923 -0.323909 -1.384637
    12 5.999492 -0.000592 4.000336 0.000000 0.000000 0.000000
    13 0.500225 0.000133 -0.000088 0.226555 0.000000 0.000000
    14 11.534559 0.008161 -0.001312 -0.000017 0.000009 -0.996976
    15 -0.829338 0.893824 0.079659 -0.148839 0.047645 0.087266
    16 0.500225 0.000132 0.000076 0.147331 0.000060 0.000000
    17 11.532495 0.000526 -0.000089 -0.000006 -0.000094 -1.254885
    18 -0.829586 0.894698 -0.079464 0.045377 -0.019621 0.087266
    19 10.599884 0.000105 -0.000553 -1.047131 0.000012 0.000048
    20 0.150916 -0.282994 -0.000805 0.000060 -0.000013 0.498570
    21 11.042057 0.003717 0.000798 -0.964012 -0.026202 0.627390
    22 -1.214832 0.203470 -0.477489 -0.135025 -0.078677 -0.001289
    23 10.599880 0.000105 0.000549 0.139900 0.000000 0.000000
    24 0.252480 -0.353308 0.000801 0.000000 -0.000011 0.627435
    25 11.041742 0.003171 -0.000571 0.099550 0.531061 0.964216
    26 -1.063377 0.077663 0.150230 0.045121 0.020046 -0.012850
    27 0.610302 -0.939470 0.070343 -1.655295 -0.140043 -0.175628
    28 0.639940 -0.199121 0.060188 -1.665960 -0.131391 -0.066447
    29 0.600155 1.080261 -0.339535 -1.738607 0.015433 0.075218
    30 0.610207 0.400743 -0.010101 -1.762268 -0.061520 0.042920
    31 0.634715 -0.693997 -0.232343 0.036585 0.209315 -0.870269
    32 -0.792125 0.203736 0.461300 1.439074 -0.003453 -0.018305
    33 0.610300 -0.939469 -0.070351 1.655295 0.140103 -0.175628
    34 0.639937 -0.199121 -0.060200 1.665553 0.091387 -0.070234
    35 0.600157 1.080259 0.339531 1.764755 -0.263850 -0.039163
    36 0.610205 0.400743 0.010086 1.763182 -0.081612 -0.010352
    37 0.624002 -0.695300 0.236176 -0.279387 -0.243055 -1.042214
    38 -0.626031 -0.069983 -0.080517 -1.447153 0.086151 0.021559
    39 2.621377 -0.002532 -0.005345 -0.231665 -0.474786 1.049037
    40 2.660837 0.000397 -0.000071 -0.299645 -0.327316 1.276622
    41 2.202488 0.003368 -0.006769 -0.219764 -0.142725 1.342956
    42 0.599952 0.959240 -0.300102 -0.174544 0.000000 0.000000
    43 2.553283 -0.001967 0.006359 -0.151503 -0.240376 1.313926
    44 2.095024 -0.003873 -0.006100 -0.426353 -0.111282 0.840296
    45 0.999380 -0.000236 -1.197651 -0.000001 0.000000 0.000000
    46 -0.122639 -0.721856 0.661690 -0.486644 0.223964 0.243056
    47 2.622113 -0.000648 0.006647 0.333521 0.161400 0.517824
    48 2.657909 0.004589 -0.000533 0.357983 -0.006325 1.156479
    49 2.200016 0.001663 0.000836 0.281315 -0.092750 0.678616
    50 0.599951 0.959244 0.300102 0.174544 0.000000 0.000000
    51 2.556570 -0.000385 0.000554 0.237761 -0.048409 0.969111
    52 2.103851 0.001708 -0.001014 0.556340 -0.214305 0.643871
    53 0.999374 -0.000237 1.103890 0.000000 0.000000 0.000001
    54 0.310846 -0.606445 -0.498005 0.308107 -0.197598 0.313976
    55 1.873069 -0.000835 -0.000994 -0.000043 0.000087 0.768265
    56 1.200941 0.399582 -0.000237 -0.009465 0.016087 0.007127
    57 0.000586 0.100342 -0.000319 -0.120035 -0.021926 -0.209617
    58 -0.161663 0.051712 0.194808 -2.941982 0.122408 -0.060194
    59 2.010092 -0.007109 -0.003377 0.000018 0.000013 0.848494
    60 0.000240 0.099802 -0.000395 -0.018823 0.010833 -0.239219
    61 -0.203197 0.048607 0.069150 -3.093332 0.033217 -0.046722
    62 1.180428 -0.006214 0.000780 0.000022 0.000000 0.459143
    63 -0.000196 0.099625 -0.000034 0.000000 0.000000 -0.314102
    64 -0.088736 -0.688435 -0.145203 2.930407 -0.136130 0.513013
    65 1.712069 -0.003328 0.003818 0.002707 -0.012520 0.668695
    66 -0.000580 0.100145 -0.000311 -0.010912 0.023129 -0.260841
    67 -0.146030 -0.232426 -0.014225 3.028455 -0.094299 0.113020
    68 1.290632 0.000362 -0.000032 0.000000 0.000000 0.156057
    69 -0.658121 -0.003575 0.072645 -0.142711 0.027792 -0.077299
    70 1.868080 -0.003049 0.006083 0.000003 -0.000021 0.515575
    71 1.200079 0.399944 -0.000093 0.009465 -0.016087 0.007127
    72 0.000591 0.100342 0.000319 0.120035 0.021926 -0.209617
    73 0.068077 0.002285 -0.080050 3.111376 -0.069366 -0.060847
    74 2.015780 -0.005083 0.006086 -0.000013 -0.000013 1.537590
    75 0.000229 0.099802 0.000395 0.018823 -0.010833 -0.239219
    76 -0.018673 -0.001009 0.047544 3.109244 0.002635 -0.106673
    77 1.178665 0.001595 0.000845 0.000018 -0.000012 0.802275
    78 -0.000198 0.099628 0.000034 0.000000 0.000000 -0.314102
    79 0.036892 -0.634449 0.266284 -2.801062 0.174301 0.490914
    80 1.704350 -0.002506 -0.004592 -0.000046 0.000035 1.211473
    81 -0.000576 0.100136 0.000311 0.010912 -0.023129 -0.260841
    82 -0.003952 -0.281811 0.115047 -3.059162 0.089004 0.167964
    83 1.289627 0.003949 0.000061 -0.000014 0.000003 0.499861
    84 -0.171528 -0.018148 -0.099873 0.013484 -0.062184 -0.011780
    85 0.912716 0.007240 0.001326 0.000019 0.000021 0.552445
    86 -0.342617 0.053404 -0.025571 -2.909301 -0.017248 0.075276
    87 1.100231 -0.000930 -0.002434 0.000009 0.000014 0.208997
    88 -0.384983 0.330998 0.006848 -3.087207 -0.018765 -0.184279
    89 0.678146 0.002286 -0.003905 -0.000018 -0.000019 0.518088
    90 -0.123848 0.072737 0.029507 2.898184 -0.060627 0.094834
    91 1.017166 -0.000154 -0.000252 -0.307164 -0.034757 0.407316
    92 -0.344986 0.123129 0.143151 2.994981 0.012396 0.059140
    93 -0.730988 0.177046 0.039141 -0.123731 0.076518 -0.084310
    94 0.921993 0.001298 -0.000896 -0.000002 -0.000011 0.943690
    95 -0.124027 -0.052092 0.038496 3.077813 -0.008519 0.039229
    96 1.100430 -0.003552 0.000503 -0.217263 0.000006 0.841299
    97 -0.330082 0.160641 0.042780 3.128073 0.034033 -0.171236
    98 0.679760 0.005438 0.003272 0.000014 0.000003 1.384802
    99 -0.019516 -0.016531 0.038578 -2.763781 0.050305 0.076828
    100 1.018891 0.005113 0.001121 -0.085132 -0.000017 1.155470
    101 -0.155312 0.130643 -0.021921 -3.022466 0.022433 -0.024903
    102 -0.252209 0.061937 -0.024914 -0.007671 -0.063171 -0.044392
    103 -0.085991 0.185203 -0.015180 -2.937063 -0.113970 -0.138991
    104 -0.286537 0.179852 0.024264 -3.109353 -0.049645 -0.029915
    105 -0.019489 0.147084 0.079203 2.893815 0.038585 -0.060594
    106 -0.046482 0.251898 0.129548 3.016165 0.077112 -0.042864
    107 0.039120 -0.040298 0.047739 3.084219 0.030470 -0.037414
    108 -0.233757 0.066630 0.001754 -3.133086 0.040141 -0.065413
    109 0.044266 0.020128 0.001684 -2.778763 -0.118872 -0.040488
    110 0.071495 0.074127 -0.048302 -3.035917 -0.059482 0.104366
    111 0.000000 0.000000 0.000000 0.000000 0.000000 -1.570796
    112 12.617573 -0.335948 -3.945433 -0.315078 0.001064 -0.000362
    113 9.109653 7.789300 -5.730644 -0.245249 -0.721692 -1.377368
    114 -0.348999 0.000000 0.342999 0.000000 0.000000 0.000000
    115 2.394995 0.000000 0.034000 0.000000 0.000000 0.000000
    116 0.008000 0.000000 1.401997 0.000000 0.000000 0.000000
    117 1.148998 0.000000 0.626999 0.000000 0.000000 0.000000
    118 1.107998 0.000000 0.153000 0.000000 0.000000 0.000000
    119 -2.457995 0.000000 0.449999 0.000000 0.000000 0.000000
    120 0.283000 0.000000 0.659998 0.000000 0.000000 0.000000
    121 4.293992 0.000000 0.136000 0.000000 0.000000 0.000000
    122 1.511997 -0.417999 1.094998 0.000000 0.000000 -1.570755
    123 4.229991 0.000000 0.042000 0.000000 0.000000 0.000000
    124 0.240000 0.000000 -0.662999 0.000000 0.000000 0.000000
    125 1.060998 0.000000 -3.633993 0.000000 0.000000 0.000000
    126 0.193999 0.000000 -2.057996 0.000000 0.000000 0.000000
    127 -0.774998 0.000000 -2.394995 0.000000 0.000000 0.000000
    128 0.000000 0.000000 0.000000 0.000000 0.000000 0.000000
    129 -0.106000 0.000000 64.320000 0.000000 0.000000 0.000000
    130 0.000000 0.000000 0.000000 0.000000 0.000000 0.000000
    131 0.000000 0.000000 0.000000 0.001510 0.001702 0.000000
    132 23.292503 -0.967643 5.941001 -0.315031 0.001046 -0.000500
    133 0.106000 0.000000 -64.320000 0.000000 0.000000 0.000000
    134 0.000000 0.000000 0.000000 0.000000 0.000000 0.000000
    135 0.000000 0.000000 -4.867002 -3.141592 0.000000 -3.128591
    136 0.000000 0.000000 4.867000 -3.141592 0.000000 -3.128591
    137 4.000000 -6.500000 0.000000 0.000000 0.000000 0.000977
    138 -6.500000 0.000000 0.000000 0.000000 1.570796 0.000000
    139 1.000088 -0.000029 0.000000 0.000000 0.000000 0.000000
    140 17.162516 -0.000404 0.000000 0.000000 0.000000 0.119214
    141 9.999891 -0.000303 0.000000 0.000000 0.000000 0.000000
    142 1.000088 -0.000029 0.000000 0.000000 0.000000 0.000000
    143 17.162516 -0.000404 0.000000 0.000000 0.000000 0.119214
    144 9.499836 0.000212 0.000000 0.000000 0.000000 0.000000
    145 0.000000 0.000000 0.000000 0.000000 0.000000 0.000000
    146 17.749374 0.295515 0.000000 0.000000 0.000000 -1.158958
    147 0.017889 0.299792 0.000000 0.000000 0.000000 -0.059582
    148 12.283573 1.581456 -4.696000 1.462269 -0.086726 0.090185
    149 17.749376 0.295515 0.000000 0.000000 0.000000 -1.158958
    150 0.017889 0.299792 0.000000 0.000000 0.000000 -0.059582
    151 13.354000 0.000000 0.000000 0.000000 0.000000 -0.294101
    152 4.530998 0.000000 0.000000 0.000000 0.000000 0.000000
    153 0.000000 0.000000 0.000000 0.000000 0.000000 0.000000
    154 5.413524 0.000347 0.000000 0.000000 0.000000 -0.518055
    155 5.413524 0.000347 0.000000 0.000000 0.000000 -0.518055
    156 4.662002 -5.366333 4.825191 1.569713 1.561305 -3.121213
    157 3.116966 -0.000443 0.000000 0.000000 0.000000 0.294101
    158 0.000000 0.000000 0.000000 0.000000 0.000000 0.000000
    159 -0.271999 0.000000 2.688000 0.000000 0.000000 0.000000
    160 -13.600622 19.188507 -53.629768 0.314916 -0.001138 0.000027
    161 3.512001 -3.547000 -1.066000 0.000000 1.570796 0.000000
    162 3.456001 -3.517000 1.169000 0.000000 1.570796 0.000000
    163 6.233002 0.000000 0.000000 0.000000 0.000000 0.000000
    164 -0.171997 -0.106000 -0.902000 1.570713 1.029176 -3.134550
    165 6.234184 -6.387813 0.007813 0.000000 -0.001510 -0.001702
    166 0.181000 -0.064000 1.096000 0.000000 0.000000 0.000000
    167 3.999434 -0.000528 -0.000332 -0.523523 0.000001 0.000052
    168 3.999901 0.000041 0.001011 0.070060 0.000000 0.000060
    169 1.598000 0.000000 0.000000 0.000000 0.000000 0.000000
    170 -1.145525 0.000130 0.000668 0.000000 0.000000 0.000000
    171 2.299679 -2.499979 -0.599480 0.892008 0.221566 -0.527230
    172 11.207076 -0.718225 0.644222 1.797438 -0.254219 -0.002959
    173 -9.580673 -27.862106 -37.184681 0.812879 -0.123459 -0.568477
    174 0.649933 -0.548295 0.093651 -1.665913 -0.131399 -0.112062
    175 0.657074 0.008402 0.040371 -1.665945 -0.131407 -0.000013
    176 0.665776 0.747221 -0.029190 -1.665935 -0.131408 0.094976
    177 2.300138 -2.499413 0.600155 -0.892012 -0.221470 -0.527243
    178 11.469488 -0.466384 4.428192 2.114295 -0.357326 0.009041
    179 2.762354 0.116951 1.523975 1.629482 0.064153 1.743800
    180 7.228323 7.928198 -3.925648 2.328713 0.123459 -0.568477
    181 0.650394 -0.547730 -0.092979 1.665913 0.131399 -0.112062
    182 0.657069 0.008398 -0.040379 1.665945 0.131407 -0.000013
    183 0.665777 0.747220 0.029182 1.665935 0.131408 0.094976
    184 -4.481003 -0.202000 0.000000 0.000000 0.000000 0.000000
    185 -5.516998 -0.291000 -0.001000 0.000000 0.000000 0.000000
    186 -0.857700 0.104073 0.104687 0.023536 0.163924 0.013632
    187 1.899121 0.000427 -0.000439 0.027386 -0.033311 0.477848
    188 1.799659 -0.000240 0.000231 0.027386 -0.033311 0.477848
    189 1.799659 -0.000240 0.000231 0.027386 -0.033311 0.477848
    190 1.799659 -0.000240 0.000231 0.027386 -0.033311 0.477848
    191 1.900308 -0.000145 -0.000518 0.027386 -0.033311 0.477848
    192 1.899433 -0.000317 -0.000151 -0.027386 0.033311 0.477848
    193 1.799659 -0.000237 -0.000233 -0.027386 0.033311 0.477848
    194 1.799659 -0.000237 -0.000233 -0.027386 0.033311 0.477848
    195 1.799659 -0.000237 -0.000233 -0.027386 0.033311 0.477848
    196 1.900724 0.000553 -0.000072 -0.027386 0.033311 0.477848
    197 0.599884 0.400187 -0.000031 0.000000 0.000000 0.000000
    198 0.599888 0.400187 0.000031 0.000000 0.000000 -3.141592
    199 0.599503 0.400696 0.000234 0.000000 0.000000 0.000000
    200 0.600399 0.399632 -0.000466 0.000000 0.000000 -3.141592
  time 59
    0 0.000000 0.000000 0.000000 0.000000 0.000000 -1.570796
    1 -0.106323 0.000000 -0.000198 0.000000 0.000000 0.000000
    2 0.000000 0.000000 0.000000 0.000000 0.000000 0.000000
    3 -0.904000 0.000000 -11.806000 0.000000 0.000000 0.000000
    4 0.000000 0.000000 -14.313999 0.000000 -1.570796 1.570857
    5 3.533001 0.000000 0.000000 0.000000 0.000000 0.000000
    6 6.250000 0.000000 0.000000 0.000000 0.000000 0.000000
    7 4.369573 6.343969 -0.084588 -1.153277 1.547377 -1.153364
    8 9.562500 6.343750 1.773438 1.153277 -1.547377 -1.153364
    9 5.786820 0.002787 -0.000113 -1.132473 0.218340 -1.638337
    10 5.999492 -0.000592 -4.000343 0.000000 0.000000 0.000000
    11 5.787410 0.002582 0.000893 0.574923 -0.323909 -1.384455
    12 5.999492 -0.000592 4.000336 0.000000 0.000000 0.000000
    13 0.500225 0.000133 -0.000088 0.226555 0.000000 0.000000
    14 11.534559 0.008161 -0.001312 -0.000017 0.000009 -0.996393
    15 -0.829338 0.893824 0.079659 -0.148839 0.047645 0.087266
    16 0.500225 0.000132 0.000076 0.147405 0.000000 -0.000048
    17 11.532495 0.004432 -0.000089 0.000006 -0.000022 -1.254885
    18 -0.829586 0.894698 -0.079464 0.045377 -0.019621 0.087266
    19 10.599884 0.000105 -0.000553 -1.047837 -0.000024 -0.000048
    20 0.150916 -0.282994 -0.000805 0.000000 0.000011 0.498274
    21 11.042057 -0.000189 0.004704 -0.965647 -0.026904 0.626123
    22 -1.214832 0.203470 -0.477489 -0.135025 -0.078677 -0.001289
    23 10.599880 0.000105 0.000549 0.136964 0.000000 0.000060
    24 0.252480 -0.357215 0.000801 0.000012 0.000049 0.627435
    25 11.041742 0.003171 -0.000571 0.097377 0.531808 0.963153
    26 -1.063377 0.077663 0.150230 0.045121 0.020046 -0.012850
    27 0.610302 -0.939470 0.070343 -1.655245 -0.140079 -0.175676
    28 0.639940 -0.199121 0.060188 -1.665960 -0.131367 -0.066447
    29 0.600155 1.080261 -0.339535 -1.738447 0.015349 0.075314
    30 0.610207 0.400743 -0.010101 -1.762214 -0.061592 0.042920
    31 0.630809 -0.693997 -0.232343 0.036633 0.209391 -0.870269
    32 -0.792125 0.203736 0.461300 1.439074 -0.003453 -0.018305
    33 0.610300 -0.939469 -0.070351 1.655295 0.140079 -0.175676
    34 0.639937 -0.199121 -0.060200 1.665553 0.091351 -0.070294
    35 0.600157 1.080259 0.339531 1.764649 -0.263802 -0.039187
    36 0.610205 0.400743 0.010086 1.763182 -0.081564 -0.010304
    37 0.624002 -0.695300 0.232270 -0.279387 -0.243055 -1.042178
    38 -0.626031 -0.069983 -0.080517 -1.447153 0.086151 0.021559
    39 2.621377 -0.002532 -0.001438 -0.231757 -0.474774 1.049037
    40 2.664743 0.000397 -0.000071 -0.299705 -0.327280 1.276622
    41 2.206394 0.003368 -0.006769 -0.219800 -0.142741 1.343031
    42 0.599952 0.959240 -0.300102 -0.174544 0.000000 0.000000
    43 2.557190 -0.005873 0.006359 -0.151430 -0.240364 1.313965
    44 2.095024 -0.003873 -0.006100 -0.426353 -0.111282 0.840255
    45 0.999380 -0.000236 -1.193744 -0.000001 0.000000 0.000000
    46 -0.122639 -0.721856 0.661690 -0.486644 0.223964 0.243056
    47 2.622113 -0.000648 0.006647 0.333570 0.161388 0.517824
    48 2.657909 0.004589 -0.000533 0.357947 -0.006301 1.156389
    49 2.200016 0.005570 0.004743 0.281362 -0.092642 0.678647
    50 0.599951 0.959244 0.300102 0.174544 0.000000 0.000000
    51 2.556570 -0.000385 0.000554 0.237761 -0.048409 0.969055
    52 2.103851 0.005614 -0.001014 0.556340 -0.214305 0.643871
    53 0.999374 -0.000237 1.103890 0.000000 0.000000 0.000001
    54 0.310846 -0.606445 -0.498005 0.308107 -0.197598 0.313976
    55 1.873069 -0.004741 -0.000994 -0.000007 0.000004 0.768178
    56 1.200941 0.399582 -0.000237 -0.009465 0.016087 0.007127
    57 0.000586 0.100342 -0.000319 -0.120035 -0.021926 -0.209617
    58 -0.161663 0.051712 0.194808 -2.941982 0.122408 -0.060194
    59 2.010092 -0.003202 -0.007284 0.000018 0.000013 0.848494
    60 0.000240 0.099802 -0.000395 -0.018823 0.010833 -0.239219
    61 -0.203197 0.048607 0.069150 -3.093332 0.033217 -0.046722
    62 1.180428 -0.006214 0.000780 0.000046 -0.000012 0.459046
    63 -0.000196 0.099625 -0.000034 0.000000 0.000000 -0.314102
    64 -0.088736 -0.688435 -0.145203 2.930407 -0.136130 0.513013
    65 1.712069 -0.003328 0.003818 0.002707 -0.012520 0.668783
    66 -0.000580 0.100145 -0.000311 -0.010912 0.023129 -0.260841
    67 -0.146030 -0.232426 -0.014225 3.028455 -0.094299 0.113020
    68 1.290632 0.000362 -0.000032 0.000060 0.000000 0.156057
    69 -0.658121 -0.003575 0.072645 -0.142711 0.027792 -0.077299
    70 1.868080 -0.003049 0.006083 0.000003 -0.000021 0.515575
    71 1.200079 0.399944 -0.000093 0.009465 -0.016087 0.007127
    72 0.000591 0.100342 0.000319 0.120035 0.021926 -0.209617
    73 0.068077 0.002285 -0.080050 3.111376 -0.069366 -0.060847
    74 2.011874 -0.005083 0.006086 -0.000061 -0.000061 1.537590
    75 0.000229 0.099802 0.000395 0.018823 -0.010833 -0.239219
    76 -0.018673 -0.001009 0.047544 3.109244 0.002635 -0.106673
    77 1.178665 0.001595 0.000845 0.000078 -0.000024 0.802275
    78 -0.000198 0.099628 0.000034 0.000000 0.000000 -0.314102
    79 0.036892 -0.634449 0.266284 -2.801062 0.174301 0.490914
    80 1.704350 -0.002506 -0.004592 -0.000034 0.000106 1.211497
    81 -0.000576 0.100136 0.000311 0.010912 -0.023129 -0.260841
    82 -0.003952 -0.281811 0.115047 -3.059162 0.089004 0.167964
    83 1.289627 0.003949 0.000061 -0.000014 0.000003 0.499913
    84 -0.171528 -0.018148 -0.099873 0.013484 -0.062184 -0.011780
    85 0.912716 0.007240 0.001326 0.000019 0.000021 0.552488
    86 -0.342617 0.053404 -0.025571 -2.909301 -0.017248 0.075276
    87 1.100231 -0.000930 -0.002434 0.000009 0.000014 0.209037
    88 -0.384983 0.330998 0.006848 -3.087207 -0.018765 -0.184279
    89 0.678146 0.006192 -0.003905 -0.000018 -0.000019 0.518219
    90 -0.123848 0.072737 0.029507 2.898184 -0.060627 0.094834
    91 1.017166 -0.000154 -0.000252 -0.307188 -0.034757 0.407316
    92 -0.344986 0.123129 0.143151 2.994981 0.012396 0.059140
    93 -0.730988 0.177046 0.039141 -0.123731 0.076518 -0.084310
    94 0.925900 0.001298 -0.000896 -0.000002 -0.000011 0.943661
    95 -0.124027 -0.052092 0.038496 3.077813 -0.008519 0.039229
    96 1.100430 -0.003552 0.000503 -0.217179 0.000030 0.841241
    97 -0.330082 0.160641 0.042780 3.128073 0.034033 -0.171236
    98 0.679760 0.005438 0.003272 -0.000022 -0.000045 1.384675
    99 -0.019516 -0.016531 0.038578 -2.763781 0.050305 0.076828
    100 1.014985 0.005113 0.001121 -0.085228 0.000043 1.155556
    101 -0.155312 0.130643 -0.021921 -3.022466 0.022433 -0.024903
    102 -0.252209 0.061937 -0.024914 -0.007671 -0.063171 -0.044392
    103 -0.085991 0.185203 -0.015180 -2.937063 -0.113970 -0.138991
    104 -0.286537 0.179852 0.024264 -3.109353 -0.049645 -0.029915
    105 -0.019489 0.147084 0.079203 2.893815 0.038585 -0.060594
    106 -0.046482 0.251898 0.129548 3.016165 0.077112 -0.042864
    107 0.039120 -0.040298 0.047739 3.084219 0.030470 -0.037414
    108 -0.233757 0.066630 0.001754 -3.133086 0.040141 -0.065413
    109 0.044266 0.020128 0.001684 -2.778763 -0.118872 -0.040488
    110 0.071495 0.074127 -0.048302 -3.035917 -0.059482 0.104366
    111 0.000000 0.000000 0.000000 0.000000 0.000000 -1.570796
    112 12.617573 -0.335948 -3.945433 -0.316871 0.000380 -0.000663
    113 9.109653 7.785394 -5.761895 -0.247816 -0.721962 -1.375919
    114 -0.348999 0.000000 0.342999 0.000000 0.000000 0.000000
    115 2.394995 0.000000 0.034000 0.000000 0.000000 0.000000
    116 0.008000 0.000000 1.401997 0.000000 0.000000 0.000000
    117 1.148998 0.000000 0.626999 0.000000 0.000000 0.000000
    118 1.107998 0.000000 0.153000 0.000000 0.000000 0.000000
    119 -2.457995 0.000000 0.449999 0.000000 0.000000 0.000000
    120 0.283000 0.000000 0.659998 0.000000 0.000000 0.000000
    121 4.293992 0.000000 0.136000 0.000000 0.000000 0.000000
    122 1.511997 -0.417999 1.094998 0.000000 0.000000 -1.570755
    123 4.229991 0.000000 0.042000 0.000000 0.000000 0.000000
    124 0.240000 0.000000 -0.662999 0.000000 0.000000 0.000000
    125 1.060998 0.000000 -3.633993 0.000000 0.000000 0.000000
    126 0.193999 0.000000 -2.057996 0.000000 0.000000 0.000000
    127 -0.774998 0.000000 -2.394995 0.000000 0.000000 0.000000
    128 0.000000 0.000000 0.000000 0.000000 0.000000 0.000000
    129 -0.106000 0.000000 64.320000 0.000000 0.000000 0.000000
    130 0.000000 0.000000 0.000000 0.000000 0.000000 0.000000
    131 0.000000 0.000000 0.000000 0.001258 0.001582 0.000000
    132 23.292503 -0.967643 5.952720 -0.316965 0.000400 -0.000681
    133 0.106000 0.000000 -64.320000 0.000000 0.000000 0.000000
    134 0.000000 0.000000 0.000000 0.000000 0.000000 0.000000
    135 0.000000 0.000000 -4.867002 -3.141592 0.000000 -3.128591
    136 0.000000 0.000000 4.867000 -3.141592 0.000000 -3.128591
    137 4.000000 -6.500000 0.000000 0.000000 0.000000 0.000977
    138 -6.500000 0.000000 0.000000 0.000000 1.570796 0.000000
    139 1.000088 -0.000029 0.000000 0.000000 0.000000 0.000000
    140 17.162516 -0.000404 0.000000 0.000000 0.000000 0.119214
    141 9.999891 -0.000303 0.000000 0.000000 0.000000 0.000000
    142 1.000088 -0.000029 0.000000 0.000000 0.000000 0.000000
    143 17.162516 -0.000404 0.000000 0.000000 0.000000 0.119214
    144 9.499836 0.000212 0.000000 0.000000 0.000000 0.000000
    145 0.000000 0.000000 0.000000 0.000000 0.000000 0.000000
    146 17.749374 0.295515 0.000000 0.000000 0.000000 -1.158958
    147 0.017889 0.299792 0.000000 0.000000 0.000000 -0.059582
    148 12.283573 1.581456 -4.696000 1.462269 -0.086726 0.090185
    149 17.749376 0.295515 0.000000 0.000000 0.000000 -1.158958
    150 0.017889 0.299792 0.000000 0.000000 0.000000 -0.059582
    151 13.354000 0.000000 0.000000 0.000000 0.000000 -0.294101
    152 4.530998 0.000000 0.000000 0.000000 0.000000 0.000000
    153 0.000000 0.000000 0.000000 0.000000 0.000000 0.000000
    154 5.413524 0.000347 0.000000 0.000000 0.000000 -0.518055
    155 5.413524 0.000347 0.000000 0.000000 0.000000 -0.518055
    156 4.662002 -5.366333 4.825191 1.569713 1.561305 -3.121213
    157 3.116966 -0.000443 0.000000 0.000000 0.000000 0.294101
    158 0.000000 0.000000 0.000000 0.000000 0.000000 0.000000
    159 -0.271999 0.000000 2.688000 0.000000 0.000000 0.000000
    160 -13.639686 19.290072 -53.586798 0.316759 -0.000496 0.000463
    161 3.512001 -3.547000 -1.066000 0.000000 1.570796 0.000000
    162 3.456001 -3.517000 1.169000 0.000000 1.570796 0.000000
    163 6.233002 0.000000 0.000000 0.000000 0.000000 0.000000
    164 -0.171997 -0.106000 -0.902000 1.570713 1.029176 -3.134550
    165 6.234184 -6.387813 0.007813 0.000000 -0.001258 -0.001582
    166 0.181000 -0.064000 1.096000 0.000000 0.000000 0.000000
    167 3.999434 -0.000528 -0.000332 -0.523886 -0.000035 -0.000044
    168 3.999901 0.000041 0.001011 0.068564 0.000000 0.000000
    169 1.598000 0.000000 0.000000 0.000000 0.000000 0.000000
    170 -1.145525 0.000130 0.000668 0.000000 0.000000 0.000000
    171 2.299679 -2.499979 -0.599480 0.892008 0.221590 -0.527262
    172 11.207076 -0.718225 0.644222 1.797438 -0.254219 -0.002959
    173 -9.580673 -27.862106 -37.184681 0.812879 -0.123459 -0.568477
    174 0.649933 -0.548295 0.093651 -1.665913 -0.131399 -0.112062
    175 0.657074 0.008402 0.040371 -1.665945 -0.131407 -0.000013
    176 0.665776 0.747221 -0.029190 -1.665935 -0.131408 0.094976
    177 2.300138 -2.499413 0.600155 -0.891957 -0.221506 -0.527291
    178 11.469488 -0.466384 4.428192 2.114295 -0.357326 0.009041
    179 2.762354 0.116951 1.523975 1.629482 0.064153 1.743800
    180 7.228323 7.928198 -3.925648 2.328713 0.123459 -0.568477
    181 0.650394 -0.547730 -0.092979 1.665913 0.131399 -0.112062
    182 0.657069 0.008398 -0.040379 1.665945 0.131407 -0.000013
    183 0.665777 0.747220 0.029182 1.665935 0.131408 0.094976
    184 -4.481003 -0.202000 0.000000 0.000000 0.000000 0.000000
    185 -5.516998 -0.291000 -0.001000 0.000000 0.000000 0.000000
    186 -0.857700 0.104073 0.104687 0.023536 0.163924 0.013632
    187 1.899121 0.000427 -0.000439 0.027386 -0.033311 0.477848
    188 1.799659 -0.000240 0.000231 0.027386 -0.033311 0.477848
    189 1.799659 -0.000240 0.000231 0.027386 -0.033311 0.477848
    190 1.799659 -0.000240 0.000231 0.027386 -0.033311 0.477848
    191 1.900308 -0.000145 -0.000518 0.027386 -0.033311 0.477848
    192 1.899433 -0.000317 -0.000151 -0.027386 0.033311 0.477848
    193 1.799659 -0.000237 -0.000233 -0.027386 0.033311 0.477848
    194 1.799659 -0.000237 -0.000233 -0.027386 0.033311 0.477848
    195 1.799659 -0.000237 -0.000233 -0.027386 0.033311 0.477848
    196 1.900724 0.000553 -0.000072 -0.027386 0.033311 0.477848
    197 0.599884 0.400187 -0.000031 0.000000 0.000000 0.000000
    198 0.599888 0.400187 0.000031 0.000000 0.000000 -3.141592
    199 0.599503 0.400696 0.000234 0.000000 0.000000 0.000000
    200 0.600399 0.399632 -0.000466 0.000000 0.000000 -3.141592
  time 60
    0 0.000000 0.000000 0.000000 0.000000 0.000000 -1.570796
    1 -0.106323 0.000000 -0.000198 0.000000 0.000000 0.000000
    2 0.000000 0.000000 0.000000 0.000000 0.000000 0.000000
    3 -0.904000 0.000000 -11.806000 0.000000 0.000000 0.000000
    4 0.000000 0.000000 -14.313999 0.000000 -1.570796 1.570857
    5 3.533001 0.000000 0.000000 0.000000 0.000000 0.000000
    6 6.250000 0.000000 0.000000 0.000000 0.000000 0.000000
    7 4.363281 6.343750 -0.083313 -1.153277 1.547377 -1.153364
    8 9.562500 6.343750 1.773438 1.153277 -1.547377 -1.153364
    9 5.790726 0.002787 -0.000113 -1.132562 0.218232 -1.638622
    10 5.999492 -0.000592 -4.000343 0.000000 0.000000 0.000000
    11 5.787410 0.002582 0.000893 0.574809 -0.323619 -1.384455
    12 5.999492 -0.000592 4.000336 0.000000 0.000000 0.000000
    13 0.500225 0.000133 -0.000088 0.226638 0.000000 0.000000
    14 11.534559 0.004255 -0.001312 -0.000017 0.000009 -0.995883
    15 -0.829338 0.893824 0.079659 -0.148839 0.047645 0.087266
    16 0.500225 0.000132 0.000076 0.147405 -0.000048 0.000000
    17 11.532495 0.004432 -0.000089 0.000066 0.000014 -1.254962
    18 -0.829586 0.894698 -0.079464 0.045377 -0.019621 0.087266
    19 10.599884 0.000105 -0.000553 -1.048484 0.000000 0.000000
    20 0.150916 -0.282994 -0.000805 0.000000 0.000011 0.497979
    21 11.042057 0.007623 0.004704 -0.967060 -0.027642 0.624645
    22 -1.214832 0.203470 -0.477489 -0.135025 -0.078677 -0.001289
    23 10.599880 0.000105 0.000549 0.133769 0.000000 0.000000
    24 0.256386 -0.357215 0.000801 0.000000 -0.000011 0.627435
    25 11.041742 0.003171 -0.000571 0.095169 0.532445 0.962031
    26 -1.063377 0.077663 0.150230 0.045121 0.020046 -0.012850
    27 0.610302 -0.939470 0.070343 -1.655295 -0.140079 -0.175580
    28 0.639940 -0.199121 0.060188 -1.665960 -0.131391 -0.066423
    29 0.600155 1.080261 -0.339535 -1.738607 0.015361 0.075314
    30 0.610207 0.400743 -0.010101 -1.762322 -0.061592 0.043004
    31 0.634715 -0.690090 -0.232343 0.036573 0.209376 -0.870228
    32 -0.792125 0.203736 0.461300 1.439074 -0.003453 -0.018305
    33 0.610300 -0.939469 -0.070351 1.655295 0.140043 -0.175628
    34 0.639937 -0.199121 -0.060200 1.665502 0.091351 -0.070294
    35 0.600157 1.080259 0.339531 1.764649 -0.263838 -0.039235
    36 0.610205 0.400743 0.010086 1.763182 -0.081564 -0.010388
    37 0.624002 -0.695300 0.232270 -0.279339 -0.243019 -1.042178
    38 -0.626031 -0.069983 -0.080517 -1.447153 0.086151 0.021559
    39 2.625284 -0.002532 -0.001438 -0.231696 -0.474798 1.049037
    40 2.664743 0.000397 -0.000071 -0.299690 -0.327376 1.276622
    41 2.206394 0.003368 -0.002863 -0.219836 -0.142789 1.343031
    42 0.599952 0.959240 -0.300102 -0.174544 0.000000 0.000000
    43 2.553283 -0.005873 0.006359 -0.151418 -0.240376 1.313926
    44 2.095024 -0.003873 -0.006100 -0.426353 -0.111325 0.840255
    45 1.000000 0.000600 -1.192383 -0.000001 0.000000 0.000000
    46 -0.122639 -0.721856 0.661690 -0.486644 0.223964 0.243056
    47 2.622113 -0.000648 0.002741 0.333554 0.161328 0.517824
    48 2.654002 0.004589 -0.000533 0.357947 -0.006313 1.156434
    49 2.200016 0.001663 0.004743 0.281374 -0.092750 0.678554
    50 0.599951 0.959244 0.300102 0.174544 0.000000 0.000000
    51 2.556570 -0.000385 0.000554 0.237682 -0.048445 0.969130
    52 2.103851 0.005614 -0.001014 0.556326 -0.214367 0.643850
    53 0.999512 -0.000048 1.096680 0.000000 0.000000 0.000001
    54 0.310846 -0.606445 -0.498005 0.308107 -0.197598 0.313976
    55 1.873069 -0.000835 -0.000994 -0.000007 0.000004 0.768265
    56 1.200941 0.399582 -0.000237 -0.009465 0.016087 0.007127
    57 0.000586 0.100342 -0.000319 -0.120035 -0.021926 -0.209617
    58 -0.161663 0.051712 0.194808 -2.941982 0.122408 -0.060194
    59 2.010092 -0.003202 -0.003377 0.000018 0.000013 0.848494
    60 0.000240 0.099802 -0.000395 -0.018823 0.010833 -0.239219
    61 -0.203197 0.048607 0.069150 -3.093332 0.033217 -0.046722
    62 1.180428 -0.006214 0.000780 -0.000014 0.000000 0.459143
    63 -0.000196 0.099625 -0.000034 0.000000 0.000000 -0.314102
    64 -0.088736 -0.688435 -0.145203 2.930407 -0.136130 0.513013
    65 1.712069 -0.003328 0.003818 0.002707 -0.012520 0.668739
    66 -0.000580 0.100145 -0.000311 -0.010912 0.023129 -0.260841
    67 -0.146030 -0.232426 -0.014225 3.028455 -0.094299 0.113020
    68 1.290632 0.000362 -0.000032 0.000000 0.000000 0.156027
    69 -0.658121 -0.003575 0.072645 -0.142711 0.027792 -0.077299
    70 1.868080 -0.003049 0.006083 0.000003 -0.000021 0.515575
    71 1.200079 0.399944 -0.000093 0.009465 -0.016087 0.007127
    72 0.000591 0.100342 0.000319 0.120035 0.021926 -0.209617
    73 0.068077 0.002285 -0.080050 3.111376 -0.069366 -0.060847
    74 2.011874 -0.005083 0.006086 -0.000061 -0.000061 1.537590
    75 0.000229 0.099802 0.000395 0.018823 -0.010833 -0.239219
    76 -0.018673 -0.001009 0.047544 3.109244 0.002635 -0.106673
    77 1.178665 0.001595 0.000845 0.000018 -0.000012 0.802354
    78 -0.000198 0.099628 0.000034 0.000000 0.000000 -0.314102
    79 0.036892 -0.634449 0.266284 -2.801062 0.174301 0.490914
    80 1.704350 -0.002506 -0.004592 -0.000022 0.000023 1.211497
    81 -0.000576 0.100136 0.000311 0.010912 -0.023131 -0.260841
    82 -0.003952 -0.281811 0.115047 -3.059162 0.089004 0.167964
    83 1.289627 0.003949 0.000061 -0.000038 0.000015 0.499913
    84 -0.171528 -0.018148 -0.099873 0.013484 -0.062184 -0.011780
    85 0.916622 0.007240 0.001326 0.000019 0.000021 0.552488
    86 -0.342617 0.053404 -0.025571 -2.909301 -0.017248 0.075276
    87 1.100231 -0.000930 -0.002434 0.000009 0.000014 0.209037
    88 -0.384983 0.330998 0.006848 -3.087207 -0.018765 -0.184279
    89 0.678146 0.006192 0.000002 0.000054 0.000029 0.518187
    90 -0.123848 0.072737 0.029507 2.898184 -0.060627 0.094834
    91 1.017166 -0.000154 -0.000252 -0.307200 -0.034805 0.407375
    92 -0.344986 0.123129 0.143151 2.994981 0.012396 0.059140
    93 -0.730988 0.177046 0.039141 -0.123731 0.076518 -0.084310
    94 0.925900 0.001298 -0.000896 -0.000002 -0.000011 0.943633
    95 -0.124027 -0.052092 0.038496 3.077813 -0.008519 0.039229
    96 1.100430 -0.003552 0.000503 -0.217263 -0.000006 0.841241
    97 -0.330082 0.160641 0.042780 3.128073 0.034033 -0.171236
    98 0.679760 0.005438 0.003272 -0.000034 0.000051 1.384738
    99 -0.019516 -0.016531 0.038578 -2.763781 0.050305 0.076828
    100 1.014985 0.001206 0.001121 -0.085216 -0.000041 1.155470
    101 -0.155312 0.130643 -0.021921 -3.022466 0.022433 -0.024903
    102 -0.252209 0.061937 -0.024914 -0.007671 -0.063171 -0.044392
    103 -0.085991 0.185203 -0.015180 -2.937063 -0.113970 -0.138991
    104 -0.286537 0.179852 0.024264 -3.109353 -0.049645 -0.029915
    105 -0.019489 0.147084 0.079203 2.893815 0.038585 -0.060594
    106 -0.046482 0.251898 0.129548 3.016165 0.077112 -0.042864
    107 0.039120 -0.040298 0.047739 3.084219 0.030470 -0.037414
    108 -0.233757 0.066630 0.001754 -3.133086 0.040141 -0.065413
    109 0.044266 0.020128 0.001684 -2.778763 -0.118872 -0.040488
    110 0.071495 0.074127 -0.048302 -3.035917 -0.059482 0.104366
    111 0.000000 0.000000 0.000000 0.000000 0.000000 -1.570796
    112 12.617573 -0.335948 -3.945433 -0.318913 -0.000342 -0.000784
    113 9.117466 7.781487 -5.793146 -0.250459 -0.722546 -1.374215
    114 -0.348999 0.000000 0.342999 0.000000 0.000000 0.000000
    115 2.394995 0.000000 0.034000 0.000000 0.000000 0.000000
    116 0.008000 0.000000 1.401997 0.000000 0.000000 0.000000
    117 1.148998 0.000000 0.626999 0.000000 0.000000 0.000000
    118 1.107998 0.000000 0.153000 0.000000 0.000000 0.000000
    119 -2.457995 0.000000 0.449999 0.000000 0.000000 0.000000
    120 0.283000 0.000000 0.659998 0.000000 0.000000 0.000000
    121 4.293992 0.000000 0.136000 0.000000 0.000000 0.000000
    122 1.511997 -0.417999 1.094998 0.000000 0.000000 -1.570755
    123 4.229991 0.000000 0.042000 0.000000 0.000000 0.000000
    124 0.240000 0.000000 -0.662999 0.000000 0.000000 0.000000
    125 1.060998 0.000000 -3.633993 0.000000 0.000000 0.000000
    126 0.193999 0.000000 -2.057996 0.000000 0.000000 0.000000
    127 -0.774998 0.000000 -2.394995 0.000000 0.000000 0.000000
    128 0.000000 0.000000 0.000000 0.000000 0.000000 0.000000
    129 -0.106000 0.000000 64.320000 0.000000 0.000000 0.000000
    130 0.000000 0.000000 0.000000 0.000000 0.000000 0.000000
    131 0.000000 0.000000 0.000000 0.001198 0.001510 0.000000
    132 23.292503 -0.967643 5.964439 -0.318846 -0.000360 -0.000802
    133 0.106000 0.000000 -64.320000 0.000000 0.000000 0.000000
    134 0.000000 0.000000 0.000000 0.000000 0.000000 0.000000
    135 0.000000 0.000000 -4.867002 -3.141592 0.000000 -3.128591
    136 0.000000 0.000000 4.867000 -3.141592 0.000000 -3.128591
    137 4.000000 -6.500000 0.000000 0.000000 0.000000 0.000977
    138 -6.500000 0.000000 0.000000 0.000000 1.570796 0.000000
    139 1.000088 -0.000029 0.000000 0.000000 0.000000 0.000000
    140 17.162516 -0.000404 0.000000 0.000000 0.000000 0.119214
    141 9.999891 -0.000303 0.000000 0.000000 0.000000 0.000000
    142 1.000088 -0.000029 0.000000 0.000000 0.000000 0.000000
    143 17.162516 -0.000404 0.000000 0.000000 0.000000 0.119214
    144 9.499836 0.000212 0.000000 0.000000 0.000000 0.000000
    145 0.000000 0.000000 0.000000 0.000000 0.000000 0.000000
    146 17.749374 0.295515 0.000000 0.000000 0.000000 -1.158958
    147 0.017889 0.299792 0.000000 0.000000 0.000000 -0.059582
    148 12.283573 1.581456 -4.696000 1.462269 -0.086726 0.090185
    149 17.749376 0.295515 0.000000 0.000000 0.000000 -1.158958
    150 0.017889 0.299792 0.000000 0.000000 0.000000 -0.059582
    151 13.354000 0.000000 0.000000 0.000000 0.000000 -0.294101
    152 4.530998 0.000000 0.000000 0.000000 0.000000 0.000000
    153 0.000000 0.000000 0.000000 0.000000 0.000000 0.000000
    154 5.413524 0.000347 0.000000 0.000000 0.000000 -0.518055
    155 5.413524 0.000347 0.000000 0.000000 0.000000 -0.518055
    156 4.662002 -5.366333 4.825191 1.569713 1.561305 -3.121213
    157 3.116966 -0.000443 0.000000 0.000000 0.000000 0.294101
    158 0.000000 0.000000 0.000000 0.000000 0.000000 0.000000
    159 -0.271999 0.000000 2.688000 0.000000 0.000000 0.000000
    160 -13.682656 19.391638 -53.539921 0.318853 0.000060 0.000812
    161 3.512001 -3.547000 -1.066000 0.000000 1.570796 0.000000
    162 3.456001 -3.517000 1.169000 0.000000 1.570796 0.000000
    163 6.233002 0.000000 0.000000 0.000000 0.000000 0.000000
    164 -0.171997 -0.106000 -0.902000 1.570713 1.029176 -3.134550
    165 6.234184 -6.387813 0.000000 0.000000 -0.001198 -0.001510
    166 0.181000 -0.064000 1.096000 0.000000 0.000000 0.000000
    167 3.999434 -0.000528 -0.000332 -0.524249 0.000073 0.000040
    168 3.999901 0.000041 0.001011 0.066977 0.000000 0.000000
    169 1.598000 0.000000 0.000000 0.000000 0.000000 0.000000
    170 -1.145525 0.000130 0.000668 0.000000 0.000000 0.000000
    171 2.299679 -2.499979 -0.599480 0.892008 0.221530 -0.527278
    172 11.207076 -0.718225 0.644222 1.797342 -0.254298 -0.002959
    173 -9.580673 -27.862106 -37.184681 0.812879 -0.123459 -0.568477
    174 0.649933 -0.548295 0.093651 -1.665913 -0.131399 -0.112062
    175 0.657074 0.008402 0.040371 -1.665945 -0.131407 -0.000013
    176 0.665776 0.747221 -0.029190 -1.665935 -0.131408 0.094976
    177 2.300138 -2.499413 0.600155 -0.891930 -0.221542 -0.527355
    178 11.469488 -0.466384 4.428192 2.114230 -0.357370 0.009093
    179 2.762354 0.116951 1.523975 1.629482 0.064153 1.743800
    180 7.228323 7.928198 -3.925648 2.328713 0.123459 -0.568477
    181 0.650394 -0.547730 -0.092979 1.665913 0.131399 -0.112062
    182 0.657069 0.008398 -0.040379 1.665945 0.131407 -0.000013
    183 0.665777 0.747220 0.029182 1.665935 0.131408 0.094976
    184 -4.481003 -0.202000 0.000000 0.000000 0.000000 0.000000
    185 -5.516998 -0.291000 -0.001000 0.000000 0.000000 0.000000
    186 -0.857700 0.104073 0.104687 0.023536 0.163924 0.013632
    187 1.899121 0.000427 -0.000439 0.027386 -0.033311 0.477848
    188 1.799659 -0.000240 0.000231 0.027386 -0.033311 0.477848
    189 1.799659 -0.000240 0.000231 0.027386 -0.033311 0.477848
    190 1.799659 -0.000240 0.000231 0.027386 -0.033311 0.477848
    191 1.900308 -0.000145 -0.000518 0.027386 -0.033311 0.477848
    192 1.899433 -0.000317 -0.000151 -0.027386 0.033311 0.477848
    193 1.799659 -0.000237 -0.000233 -0.027386 0.033311 0.477848
    194 1.799659 -0.000237 -0.000233 -0.027386 0.033311 0.477848
    195 1.799659 -0.000237 -0.000233 -0.027386 0.033311 0.477848
    196 1.900724 0.000553 -0.000072 -0.027386 0.033311 0.477848
    197 0.599884 0.400187 -0.000031 0.000000 0.000000 0.000000
    198 0.599888 0.400187 0.000031 0.000000 0.000000 -3.141592
    199 0.599503 0.400696 0.000234 0.000000 0.000000 0.000000
    200 0.600399 0.399632 -0.000466 0.000000 0.000000 -3.141592
  time 61
    0 0.000000 0.000000 0.000000 0.000000 0.000000 -1.570796
    1 -0.106323 0.000000 -0.000198 0.000000 0.000000 0.000000
    2 0.000000 0.000000 0.000000 0.000000 0.000000 0.000000
    3 -0.904000 0.000000 -11.806000 0.000000 0.000000 0.000000
    4 0.000000 0.000000 -14.313999 0.000000 -1.570796 1.570857
    5 3.533001 0.000000 0.000000 0.000000 0.000000 0.000000
    6 6.250000 0.000000 0.000000 0.000000 0.000000 0.000000
    7 4.363281 6.343750 -0.083313 -1.153277 1.547377 -1.153364
    8 9.562500 6.343750 1.773438 1.153277 -1.547377 -1.153364
    9 5.790726 0.002787 -0.000113 -1.132562 0.217961 -1.638906
    10 5.999492 -0.000592 -4.000343 0.000000 0.000000 0.000000
    11 5.787410 0.002582 0.000893 0.574866 -0.323454 -1.384455
    12 5.999492 -0.000592 4.000336 0.000000 0.000000 0.000000
    13 0.500225 0.000133 -0.000088 0.226638 0.000000 0.000000
    14 11.534559 0.000348 -0.001312 -0.000017 0.000009 -0.995373
    15 -0.829338 0.893824 0.079659 -0.148839 0.047645 0.087266
    16 0.500225 0.000132 0.000076 0.147331 0.000000 0.000000
    17 11.532495 0.000526 -0.000089 -0.000042 -0.000058 -1.254732
    18 -0.829586 0.894698 -0.079464 0.045377 -0.019621 0.087266
    19 10.599884 0.000105 -0.000553 -1.048484 0.000000 0.000000
    20 0.150916 -0.282994 -0.000805 0.000000 0.000011 0.497683
    21 11.042057 0.003717 0.004704 -0.967803 -0.028234 0.623660
    22 -1.214832 0.203470 -0.477489 -0.135025 -0.078677 -0.001289
    23 10.599880 0.000105 0.000549 0.132214 0.000000 0.000000
    24 0.252480 -0.353308 0.000801 0.000000 -0.000011 0.627355
    25 11.041742 0.003171 -0.000571 0.094169 0.532862 0.961204
    26 -1.063377 0.077663 0.150230 0.045121 0.020046 -0.012850
    27 0.610302 -0.939470 0.070343 -1.655295 -0.140043 -0.175628
    28 0.639940 -0.199121 0.060188 -1.665960 -0.131391 -0.066411
    29 0.600155 1.080261 -0.339535 -1.738607 0.015313 0.075266
    30 0.610207 0.400743 -0.010101 -1.762268 -0.061663 0.043004
    31 0.634715 -0.693997 -0.232343 0.036621 0.209254 -0.870269
    32 -0.792125 0.203736 0.461300 1.439074 -0.003453 -0.018305
    33 0.610300 -0.939469 -0.070351 1.655295 0.140043 -0.175628
    34 0.639937 -0.199121 -0.060200 1.665553 0.091303 -0.070234
    35 0.600157 1.080259 0.339531 1.764649 -0.263886 -0.039199
    36 0.610205 0.400743 0.010086 1.763182 -0.081672 -0.010316
    37 0.624002 -0.695300 0.232270 -0.279207 -0.243103 -1.042178
    38 -0.626031 -0.069983 -0.080517 -1.447153 0.086151 0.021559
    39 2.621377 -0.002532 -0.001438 -0.231665 -0.474786 1.049037
    40 2.664743 0.000397 -0.000071 -0.299645 -0.327328 1.276622
    41 2.206394 0.003368 -0.006769 -0.219752 -0.142789 1.343031
    42 0.599952 0.959240 -0.300102 -0.174544 0.000000 0.000000
    43 2.557190 -0.005873 0.006359 -0.151418 -0.240376 1.313926
    44 2.095024 -0.003873 -0.006100 -0.426353 -0.111282 0.840316
    45 1.000000 0.000600 -1.192383 -0.000001 0.000000 0.000000
    46 -0.122639 -0.721856 0.661690 -0.486644 0.223964 0.243056
    47 2.622113 -0.000648 0.006647 0.333521 0.161388 0.517921
    48 2.657909 0.004589 -0.000533 0.358001 -0.006337 1.156389
    49 2.200016 0.005570 0.004743 0.281386 -0.092714 0.678569
    50 0.599951 0.959244 0.300102 0.174544 0.000000 0.000000
    51 2.556570 -0.004291 0.000554 0.237735 -0.048421 0.969111
    52 2.103851 0.005614 -0.001014 0.556269 -0.214280 0.643871
    53 0.999512 -0.000048 1.096680 0.000000 0.000000 0.000001
    54 0.310846 -0.606445 -0.498005 0.308107 -0.197598 0.313976
    55 1.873069 -0.000835 -0.000994 -0.000007 0.000004 0.768265
    56 1.200941 0.399582 -0.000237 -0.009465 0.016087 0.007127
    57 0.000586 0.100342 -0.000319 -0.120035 -0.021926 -0.209617
    58 -0.161663 0.051712 0.194808 -2.941982 0.122408 -0.060194
    59 2.010092 -0.003202 -0.003377 0.000018 0.000013 0.848494
    60 0.000240 0.099802 -0.000395 -0.018823 0.010833 -0.239219
    61 -0.203197 0.048607 0.069150 -3.093332 0.033217 -0.046722
    62 1.180428 -0.006214 0.000780 -0.000014 0.000012 0.459143
    63 -0.000196 0.099625 -0.000034 0.000000 0.000000 -0.314102
    64 -0.088736 -0.688435 -0.145203 2.930407 -0.136130 0.513013
    65 1.715976 -0.003328 0.003818 0.002707 -0.012520 0.668695
    66 -0.000580 0.100145 -0.000311 -0.010912 0.023129 -0.260841
    67 -0.146030 -0.232426 -0.014225 3.028455 -0.094299 0.113020
    68 1.290632 0.000362 -0.000032 0.000000 0.000000 0.156057
    69 -0.658121 -0.003575 0.072645 -0.142711 0.027792 -0.077299
    70 1.868080 -0.003049 0.006083 0.000003 -0.000021 0.515575
    71 1.200079 0.399944 -0.000093 0.009465 -0.016087 0.007127
    72 0.000591 0.100342 0.000319 0.120035 0.021926 -0.209617
    73 0.068077 0.002285 -0.080050 3.111376 -0.069366 -0.060847
    74 2.015780 -0.005083 0.002180 -0.000096 -0.000025 1.537590
    75 0.000229 0.099802 0.000395 0.018823 -0.010833 -0.239219
    76 -0.018673 -0.001009 0.047544 3.109244 0.002635 -0.106673
    77 1.178665 0.001595 0.000845 0.000018 -0.000012 0.802354
    78 -0.000198 0.099628 0.000034 0.000000 0.000000 -0.314102
    79 0.036892 -0.634449 0.266284 -2.801062 0.174301 0.490914
    80 1.704350 -0.002506 -0.000686 -0.000010 0.000023 1.211497
    81 -0.000576 0.100136 0.000311 0.010912 -0.023131 -0.260841
    82 -0.003952 -0.281811 0.115047 -3.059162 0.089004 0.167964
    83 1.289627 0.003949 0.000061 -0.000061 0.000027 0.499913
    84 -0.171528 -0.018148 -0.099873 0.013484 -0.062184 -0.011780
    85 0.912716 0.007240 0.001326 0.000019 0.000021 0.552445
    86 -0.342617 0.053404 -0.025571 -2.909301 -0.017248 0.075276
    87 1.100231 -0.000930 -0.002434 0.000009 0.000014 0.208997
    88 -0.384983 0.330998 0.006848 -3.087207 -0.018765 -0.184279
    89 0.678146 0.006192 0.000002 -0.000018 -0.000019 0.518187
    90 -0.123848 0.072737 0.029507 2.898184 -0.060627 0.094834
    91 1.017166 -0.000154 -0.000252 -0.307200 -0.034829 0.407228
    92 -0.344986 0.123129 0.143151 2.994981 0.012396 0.059140
    93 -0.730988 0.177046 0.039141 -0.123731 0.076518 -0.084310
    94 0.921993 0.001298 -0.000896 -0.000002 -0.000011 0.943604
    95 -0.124027 -0.052092 0.038496 3.077813 -0.008519 0.039229
    96 1.100430 -0.003552 0.000503 -0.217263 0.000006 0.841299
    97 -0.330082 0.160641 0.042780 3.128073 0.034033 -0.171236
    98 0.679760 0.005438 0.003272 0.000110 0.000015 1.384802
    99 -0.019516 -0.016531 0.038578 -2.763781 0.050305 0.076828
    100 1.014985 0.005113 0.001121 -0.085144 0.000067 1.155470
    101 -0.155312 0.130643 -0.021921 -3.022466 0.022433 -0.024903
    102 -0.252209 0.061937 -0.024914 -0.007671 -0.063171 -0.044392
    103 -0.085991 0.185203 -0.015180 -2.937063 -0.113970 -0.138991
    104 -0.286537 0.179852 0.024264 -3.109353 -0.049645 -0.029915
    105 -0.019489 0.147084 0.079203 2.893815 0.038585 -0.060594
    106 -0.046482 0.251898 0.129548 3.016165 0.077112 -0.042864
    107 0.039120 -0.040298 0.047739 3.084219 0.030470 -0.037414
    108 -0.233757 0.066630 0.001754 -3.133086 0.040141 -0.065413
    109 0.044266 0.020128 0.001684 -2.778763 -0.118872 -0.040488
    110 0.071495 0.074127 -0.048302 -3.035917 -0.059482 0.104366
    111 0.000000 0.000000 0.000000 0.000000 0.000000 -1.570796
    112 12.617573 -0.328135 -3.941527 -0.319779 -0.001102 -0.000784
    113 9.117466 7.781487 -5.816584 -0.251969 -0.722996 -1.373363
    114 -0.348999 0.000000 0.342999 0.000000 0.000000 0.000000
    115 2.394995 0.000000 0.034000 0.000000 0.000000 0.000000
    116 0.008000 0.000000 1.401997 0.000000 0.000000 0.000000
    117 1.148998 0.000000 0.626999 0.000000 0.000000 0.000000
    118 1.107998 0.000000 0.153000 0.000000 0.000000 0.000000
    119 -2.457995 0.000000 0.449999 0.000000 0.000000 0.000000
    120 0.283000 0.000000 0.659998 0.000000 0.000000 0.000000
    121 4.293992 0.000000 0.136000 0.000000 0.000000 0.000000
    122 1.511997 -0.417999 1.094998 0.000000 0.000000 -1.570755
    123 4.229991 0.000000 0.042000 0.000000 0.000000 0.000000
    124 0.240000 0.000000 -0.662999 0.000000 0.000000 0.000000
    125 1.060998 0.000000 -3.633993 0.000000 0.000000 0.000000
    126 0.193999 0.000000 -2.057996 0.000000 0.000000 0.000000
    127 -0.774998 0.000000 -2.394995 0.000000 0.000000 0.000000
    128 0.000000 0.000000 0.000000 0.000000 0.000000 0.000000
    129 -0.106000 0.000000 64.320000 0.000000 0.000000 0.000000
    130 0.000000 0.000000 0.000000 0.000000 0.000000 0.000000
    131 0.000000 0.000000 0.000000 0.000971 0.001258 0.000000
    132 23.292503 -0.967643 5.968346 -0.319839 -0.001082 -0.000681
    133 0.106000 0.000000 -64.320000 0.000000 0.000000 0.000000
    134 0.000000 0.000000 0.000000 0.000000 0.000000 0.000000
    135 0.000000 0.000000 -4.867002 -3.141592 0.000000 -3.128591
    136 0.000000 0.000000 4.867000 -3.141592 0.000000 -3.128591
    137 4.000000 -6.500000 0.000000 0.000000 0.000000 0.000977
    138 -6.500000 0.000000 0.000000 0.000000 1.570796 0.000000
    139 1.000088 -0.000029 0.000000 0.000000 0.000000 0.000000
    140 17.162516 -0.000404 0.000000 0.000000 0.000000 0.119214
    141 9.999891 -0.000303 0.000000 0.000000 0.000000 0.000000
    142 1.000088 -0.000029 0.000000 0.000000 0.000000 0.000000
    143 17.162516 -0.000404 0.000000 0.000000 0.000000 0.119214
    144 9.499836 0.000212 0.000000 0.000000 0.000000 0.000000
    145 0.000000 0.000000 0.000000 0.000000 0.000000 0.000000
    146 17.749374 0.295515 0.000000 0.000000 0.000000 -1.158958
    147 0.017889 0.299792 0.000000 0.000000 0.000000 -0.059582
    148 12.283573 1.581456 -4.696000 1.462269 -0.086726 0.090185
    149 17.749376 0.295515 0.000000 0.000000 0.000000 -1.158958
    150 0.017889 0.299792 0.000000 0.000000 0.000000 -0.059582
    151 13.354000 0.000000 0.000000 0.000000 0.000000 -0.294101
    152 4.530998 0.000000 0.000000 0.000000 0.000000 0.000000
    153 0.000000 0.000000 0.000000 0.000000 0.000000 0.000000
    154 5.413524 0.000347 0.000000 0.000000 0.000000 -0.518055
    155 5.413524 0.000347 0.000000 0.000000 0.000000 -0.518055
    156 4.662002 -5.366333 4.825191 1.569713 1.561305 -3.121213
    157 3.116966 -0.000443 0.000000 0.000000 0.000000 0.294101
    158 0.000000 0.000000 0.000000 0.000000 0.000000 0.000000
    159 -0.271999 0.000000 2.688000 0.000000 0.000000 0.000000
    160 -13.717813 19.442421 -53.520390 0.319607 0.000787 0.000899
    161 3.512001 -3.547000 -1.066000 0.000000 1.570796 0.000000
    162 3.456001 -3.517000 1.169000 0.000000 1.570796 0.000000
    163 6.233002 0.000000 0.000000 0.000000 0.000000 0.000000
    164 -0.171997 -0.106000 -0.902000 1.570713 1.029176 -3.134550
    165 6.238090 -6.380000 0.000000 0.000000 -0.000971 -0.001258
    166 0.181000 -0.064000 1.096000 0.000000 0.000000 0.000000
    167 3.999434 -0.000528 -0.000332 -0.524249 -0.000023 0.000016
    168 3.999901 0.000041 0.001011 0.066161 0.000000 0.000000
    169 1.598000 0.000000 0.000000 0.000000 0.000000 0.000000
    170 -1.145525 0.000130 0.000668 0.000000 0.000000 0.000000
    171 2.299679 -2.499979 -0.599480 0.892008 0.221446 -0.527246
    172 11.207076 -0.718225 0.644222 1.797342 -0.254338 -0.002959
    173 -9.580673 -27.862106 -37.184681 0.812879 -0.123459 -0.568477
    174 0.649933 -0.548295 0.093651 -1.665913 -0.131399 -0.112062
    175 0.657074 0.008402 0.040371 -1.665945 -0.131407 -0.000013
    176 0.665776 0.747221 -0.029190 -1.665935 -0.131408 0.094976
    177 2.300138 -2.499413 0.600155 -0.891930 -0.221554 -0.527259
    178 11.469488 -0.466384 4.428192 2.114230 -0.357385 0.009023
    179 2.762354 0.116951 1.523975 1.629482 0.064153 1.743800
    180 7.228323 7.928198 -3.925648 2.328713 0.123459 -0.568477
    181 0.650394 -0.547730 -0.092979 1.665913 0.131399 -0.112062
    182 0.657069 0.008398 -0.040379 1.665945 0.131407 -0.000013
    183 0.665777 0.747220 0.029182 1.665935 0.131408 0.094976
    184 -4.481003 -0.202000 0.000000 0.000000 0.000000 0.000000
    185 -5.516998 -0.291000 -0.001000 0.000000 0.000000 0.000000
    186 -0.857700 0.104073 0.104687 0.023536 0.163924 0.013632
    187 1.899121 0.000427 -0.000439 0.027386 -0.033311 0.477848
    188 1.799659 -0.000240 0.000231 0.027386 -0.033311 0.477848
    189 1.799659 -0.000240 0.000231 0.027386 -0.033311 0.477848
    190 1.799659 -0.000240 0.000231 0.027386 -0.033311 0.477848
    191 1.900308 -0.000145 -0.000518 0.027386 -0.033311 0.477848
    192 1.899433 -0.000317 -0.000151 -0.027386 0.033311 0.477848
    193 1.799659 -0.000237 -0.000233 -0.027386 0.033311 0.477848
    194 1.799659 -0.000237 -0.000233 -0.027386 0.033311 0.477848
    195 1.799659 -0.000237 -0.000233 -0.027386 0.033311 0.477848
    196 1.900724 0.000553 -0.000072 -0.027386 0.033311 0.477848
    197 0.599884 0.400187 -0.000031 0.000000 0.000000 0.000000
    198 0.599888 0.400187 0.000031 0.000000 0.000000 -3.141592
    199 0.599503 0.400696 0.000234 0.000000 0.000000 0.000000
    200 0.600399 0.399632 -0.000466 0.000000 0.000000 -3.141592
  time 62
    0 0.000000 0.000000 0.000000 0.000000 0.000000 -1.570796
    1 -0.106323 0.000000 -0.000198 0.000000 0.000000 0.000000
    2 0.000000 0.000000 0.000000 0.000000 0.000000 0.000000
    3 -0.904000 0.000000 -11.806000 0.000000 0.000000 0.000000
    4 0.000000 0.000000 -14.313999 0.000000 -1.570796 1.570857
    5 3.533001 0.000000 0.000000 0.000000 0.000000 0.000000
    6 6.250000 0.000000 0.000000 0.000000 0.000000 0.000000
    7 4.363281 6.343750 -0.083313 -1.153277 1.547377 -1.153364
    8 9.562500 6.343750 1.773438 1.153277 -1.547377 -1.153364
    9 5.790726 0.002787 -0.000113 -1.132562 0.217636 -1.638811
    10 5.999492 -0.000592 -4.000343 0.000000 0.000000 0.000000
    11 5.787410 0.002582 0.000893 0.574866 -0.323247 -1.384455
    12 5.999492 -0.000592 4.000336 0.000000 0.000000 0.000000
    13 0.500225 0.000133 -0.000088 0.226638 0.000000 0.000000
    14 11.534559 0.004255 -0.001312 -0.000017 0.000009 -0.995228
    15 -0.829338 0.893824 0.079659 -0.148839 0.047645 0.087266
    16 0.500225 0.000132 0.000076 0.147405 0.000000 0.000000
    17 11.532495 0.004432 -0.000089 0.000006 -0.000022 -1.254732
    18 -0.829586 0.894698 -0.079464 0.045377 -0.019621 0.087266
    19 10.599884 0.000105 -0.000553 -1.048249 0.000000 0.000000
    20 0.150916 -0.282994 -0.000805 0.000000 0.000011 0.497609
    21 11.042057 0.003717 0.004704 -0.967431 -0.028197 0.623660
    22 -1.214832 0.203470 -0.477489 -0.135025 -0.078677 -0.001289
    23 10.599880 0.000105 0.000549 0.132905 0.000000 0.000000
    24 0.256386 -0.357215 0.000801 0.000000 -0.000011 0.627301
    25 11.041742 0.003171 -0.000571 0.094617 0.532774 0.961204
    26 -1.063377 0.077663 0.150230 0.045121 0.020046 -0.012850
    27 0.610302 -0.939470 0.070343 -1.655295 -0.140186 -0.175544
    28 0.639940 -0.199121 0.060188 -1.665960 -0.131475 -0.066411
    29 0.600155 1.080261 -0.339535 -1.738607 0.015409 0.075350
    30 0.610207 0.400743 -0.010101 -1.762268 -0.061699 0.043064
    31 0.634715 -0.693997 -0.232343 0.036657 0.209330 -0.870269
    32 -0.792125 0.203736 0.461300 1.439074 -0.003453 -0.018305
    33 0.610300 -0.939469 -0.070351 1.655295 0.140103 -0.175628
    34 0.639937 -0.199121 -0.060200 1.665502 0.091351 -0.070282
    35 0.600157 1.080259 0.339531 1.764702 -0.263850 -0.039163
    36 0.610205 0.400743 0.010086 1.763129 -0.081612 -0.010352
    37 0.624002 -0.695300 0.236176 -0.279351 -0.242971 -1.042251
    38 -0.626031 -0.069983 -0.080517 -1.447153 0.086151 0.021559
    39 2.621377 -0.002532 -0.005345 -0.231696 -0.474847 1.048956
    40 2.664743 0.000397 -0.000071 -0.299690 -0.327364 1.276622
    41 2.202488 0.003368 -0.006769 -0.219740 -0.142789 1.342919
    42 0.599952 0.959240 -0.300102 -0.174544 0.000000 0.000000
    43 2.557190 -0.005873 0.006359 -0.151394 -0.240400 1.313965
    44 2.095024 -0.003873 -0.006100 -0.426367 -0.111196 0.840296
    45 1.000000 0.000600 -1.192383 -0.000001 0.000000 0.000000
    46 -0.122639 -0.721856 0.661690 -0.486644 0.223964 0.243056
    47 2.622113 -0.000648 0.002741 0.333587 0.161448 0.517848
    48 2.657909 0.004589 -0.000533 0.358001 -0.006337 1.156389
    49 2.200016 0.001663 0.004743 0.281470 -0.092690 0.678647
    50 0.599951 0.959244 0.300102 0.174544 0.000000 0.000000
    51 2.556570 -0.004291 0.000554 0.237761 -0.048409 0.969055
    52 2.103851 0.005614 -0.001014 0.556241 -0.214367 0.643913
    53 0.999512 -0.000048 1.096680 0.000000 0.000000 0.000001
    54 0.310846 -0.606445 -0.498005 0.308107 -0.197598 0.313976
    55 1.869163 -0.000835 -0.000994 -0.000007 0.000004 0.768352
    56 1.200941 0.399582 -0.000237 -0.009465 0.016087 0.007127
    57 0.000586 0.100342 -0.000319 -0.120035 -0.021926 -0.209617
    58 -0.161663 0.051712 0.194808 -2.941982 0.122408 -0.060194
    59 2.010092 -0.007109 -0.007284 0.000042 0.000060 0.848494
    60 0.000240 0.099802 -0.000395 -0.018823 0.010833 -0.239219
    61 -0.203197 0.048607 0.069150 -3.093332 0.033217 -0.046722
    62 1.180428 -0.006214 0.000780 -0.000014 0.000000 0.459240
    63 -0.000196 0.099625 -0.000034 0.000000 0.000000 -0.314102
    64 -0.088736 -0.688435 -0.145203 2.930407 -0.136130 0.513013
    65 1.712069 -0.003328 0.003818 0.002707 -0.012520 0.668695
    66 -0.000580 0.100145 -0.000311 -0.010912 0.023129 -0.260841
    67 -0.146030 -0.232426 -0.014225 3.028455 -0.094299 0.113020
    68 1.290632 0.000362 -0.000032 -0.000048 0.000000 0.156057
    69 -0.658121 -0.003575 0.072645 -0.142711 0.027792 -0.077299
    70 1.868080 -0.003049 0.006083 -0.000057 0.000003 0.515649
    71 1.200079 0.399944 -0.000093 0.009465 -0.016087 0.007127
    72 0.000591 0.100342 0.000319 0.120035 0.021926 -0.209617
    73 0.068077 0.002285 -0.080050 3.111376 -0.069366 -0.060847
    74 2.011874 -0.005083 0.006086 -0.000013 -0.000013 1.537421
    75 0.000229 0.099802 0.000395 0.018823 -0.010833 -0.239219
    76 -0.018673 -0.001009 0.047544 3.109244 0.002635 -0.106673
    77 1.178665 0.001595 0.000845 0.000018 -0.000012 0.802275
    78 -0.000198 0.099628 0.000034 0.000000 0.000000 -0.314102
    79 0.036892 -0.634449 0.266284 -2.801062 0.174301 0.490914
    80 1.708256 -0.002506 -0.004592 -0.000010 0.000023 1.211497
    81 -0.000576 0.100136 0.000311 0.010912 -0.023131 -0.260841
    82 -0.003952 -0.281811 0.115047 -3.059162 0.089004 0.167964
    83 1.289627 0.007855 0.000061 -0.000038 0.000039 0.499887
    84 -0.171528 -0.018148 -0.099873 0.013484 -0.062184 -0.011780
    85 0.912716 0.007240 0.001326 0.000019 0.000021 0.552402
    86 -0.342617 0.053404 -0.025571 -2.909301 -0.017248 0.075276
    87 1.100231 -0.000930 -0.002434 0.000009 0.000014 0.208997
    88 -0.384983 0.330998 0.006848 -3.087207 -0.018765 -0.184279
    89 0.678146 0.006192 0.000002 0.000042 -0.000031 0.518088
    90 -0.123848 0.072737 0.029507 2.898184 -0.060627 0.094834
    91 1.017166 -0.000154 -0.000252 -0.307188 -0.034757 0.407316
    92 -0.344986 0.123129 0.143151 2.994981 0.012396 0.059140
    93 -0.730988 0.177046 0.039141 -0.123731 0.076518 -0.084310
    94 0.925900 0.001298 -0.000896 -0.000002 -0.000011 0.943604
    95 -0.124027 -0.052092 0.038496 3.077813 -0.008519 0.039229
    96 1.100430 -0.007458 0.000503 -0.217263 0.000018 0.841328
    97 -0.330082 0.160641 0.042780 3.128073 0.034033 -0.171236
    98 0.679760 0.005438 0.003272 0.000062 -0.000033 1.384738
    99 -0.019516 -0.016531 0.038578 -2.763781 0.050305 0.076828
    100 1.018891 0.005113 0.001121 -0.085180 0.000007 1.155470
    101 -0.155312 0.130643 -0.021921 -3.022466 0.022433 -0.024903
    102 -0.252209 0.061937 -0.024914 -0.007671 -0.063171 -0.044392
    103 -0.085991 0.185203 -0.015180 -2.937063 -0.113970 -0.138991
    104 -0.286537 0.179852 0.024264 -3.109353 -0.049645 -0.029915
    105 -0.019489 0.147084 0.079203 2.893815 0.038585 -0.060594
    106 -0.046482 0.251898 0.129548 3.016165 0.077112 -0.042864
    107 0.039120 -0.040298 0.047739 3.084219 0.030470 -0.037414
    108 -0.233757 0.066630 0.001754 -3.133086 0.040141 -0.065413
    109 0.044266 0.020128 0.001684 -2.778763 -0.118872 -0.040488
    110 0.071495 0.074127 -0.048302 -3.035917 -0.059482 0.104366
    111 0.000000 0.000000 0.000000 0.000000 0.000000 -1.570796
    112 12.609760 -0.328135 -3.933714 -0.319407 -0.001330 -0.000422
    113 9.109653 7.785394 -5.808771 -0.251365 -0.723311 -1.373363
    114 -0.348999 0.000000 0.342999 0.000000 0.000000 0.000000
    115 2.394995 0.000000 0.034000 0.000000 0.000000 0.000000
    116 0.008000 0.000000 1.401997 0.000000 0.000000 0.000000
    117 1.148998 0.000000 0.626999 0.000000 0.000000 0.000000
    118 1.107998 0.000000 0.153000 0.000000 0.000000 0.000000
    119 -2.457995 0.000000 0.449999 0.000000 0.000000 0.000000
    120 0.283000 0.000000 0.659998 0.000000 0.000000 0.000000
    121 4.293992 0.000000 0.136000 0.000000 0.000000 0.000000
    122 1.511997 -0.417999 1.094998 0.000000 0.000000 -1.570755
    123 4.229991 0.000000 0.042000 0.000000 0.000000 0.000000
    124 0.240000 0.000000 -0.662999 0.000000 0.000000 0.000000
    125 1.060998 0.000000 -3.633993 0.000000 0.000000 0.000000
    126 0.193999 0.000000 -2.057996 0.000000 0.000000 0.000000
    127 -0.774998 0.000000 -2.394995 0.000000 0.000000 0.000000
    128 0.000000 0.000000 0.000000 0.000000 0.000000 0.000000
    129 -0.106000 0.000000 64.320000 0.000000 0.000000 0.000000
    130 0.000000 0.000000 0.000000 0.000000 0.000000 0.000000
    131 0.000000 0.000000 0.000000 0.000791 0.000971 0.000000
    132 23.292503 -0.967643 5.972252 -0.319421 -0.001310 -0.000500
    133 0.106000 0.000000 -64.320000 0.000000 0.000000 0.000000
    134 0.000000 0.000000 0.000000 0.000000 0.000000 0.000000
    135 0.000000 0.000000 -4.867002 -3.141592 0.000000 -3.128591
    136 0.000000 0.000000 4.867000 -3.141592 0.000000 -3.128591
    137 4.000000 -6.500000 0.000000 0.000000 0.000000 0.000977
    138 -6.500000 0.000000 0.000000 0.000000 1.570796 0.000000
    139 1.000088 -0.000029 0.000000 0.000000 0.000000 0.000000
    140 17.162516 -0.000404 0.000000 0.000000 0.000000 0.119214
    141 9.999891 -0.000303 0.000000 0.000000 0.000000 0.000000
    142 1.000088 -0.000029 0.000000 0.000000 0.000000 0.000000
    143 17.162516 -0.000404 0.000000 0.000000 0.000000 0.119214
    144 9.499836 0.000212 0.000000 0.000000 0.000000 0.000000
    145 0.000000 0.000000 0.000000 0.000000 0.000000 0.000000
    146 17.749374 0.295515 0.000000 0.000000 0.000000 -1.158958
    147 0.017889 0.299792 0.000000 0.000000 0.000000 -0.059582
    148 12.283573 1.581456 -4.696000 1.462269 -0.086726 0.090185
    149 17.749376 0.295515 0.000000 0.000000 0.000000 -1.158958
    150 0.017889 0.299792 0.000000 0.000000 0.000000 -0.059582
    151 13.354000 0.000000 0.000000 0.000000 0.000000 -0.294101
    152 4.530998 0.000000 0.000000 0.000000 0.000000 0.000000
    153 0.000000 0.000000 0.000000 0.000000 0.000000 0.000000
    154 5.413524 0.000347 0.000000 0.000000 0.000000 -0.518055
    155 5.413524 0.000347 0.000000 0.000000 0.000000 -0.518055
    156 4.662002 -5.366333 4.825191 1.569713 1.561305 -3.121213
    157 3.116966 -0.000443 0.000000 0.000000 0.000000 0.294101
    158 0.000000 0.000000 0.000000 0.000000 0.000000 0.000000
    159 -0.271999 0.000000 2.688000 0.000000 0.000000 0.000000
    160 -13.741252 19.415076 -53.520390 0.319272 0.001129 0.000899
    161 3.512001 -3.547000 -1.066000 0.000000 1.570796 0.000000
    162 3.456001 -3.517000 1.169000 0.000000 1.570796 0.000000
    163 6.233002 0.000000 0.000000 0.000000 0.000000 0.000000
    164 -0.171997 -0.106000 -0.902000 1.570713 1.029176 -3.134550
    165 6.238090 -6.380000 0.000000 0.000000 -0.000791 -0.000971
    166 0.181000 -0.064000 1.096000 0.000000 0.000000 0.000000
    167 3.999434 -0.000528 -0.000332 -0.524113 -0.000023 0.000016
    168 3.999901 0.000041 0.001011 0.066569 0.000000 0.000000
    169 1.598000 0.000000 0.000000 0.000000 0.000000 0.000000
    170 -1.145525 0.000130 0.000668 0.000000 0.000000 0.000000
    171 2.299679 -2.499979 -0.599480 0.891953 0.221470 -0.527246
    172 11.207076 -0.718225 0.644222 1.797342 -0.254298 -0.002959
    173 -9.580673 -27.862106 -37.184681 0.812879 -0.123459 -0.568477
    174 0.649933 -0.548295 0.093651 -1.665913 -0.131399 -0.112062
    175 0.657074 0.008402 0.040371 -1.665945 -0.131407 -0.000013
    176 0.665776 0.747221 -0.029190 -1.665935 -0.131408 0.094976
    177 2.300138 -2.499413 0.600155 -0.892012 -0.221470 -0.527243
    178 11.469488 -0.466384 4.428192 2.114166 -0.357385 0.009041
    179 2.762354 0.116951 1.523975 1.629482 0.064153 1.743800
    180 7.228323 7.928198 -3.925648 2.328713 0.123459 -0.568477
    181 0.650394 -0.547730 -0.092979 1.665913 0.131399 -0.112062
    182 0.657069 0.008398 -0.040379 1.665945 0.131407 -0.000013
    183 0.665777 0.747220 0.029182 1.665935 0.131408 0.094976
    184 -4.481003 -0.202000 0.000000 0.000000 0.000000 0.000000
    185 -5.516998 -0.291000 -0.001000 0.000000 0.000000 0.000000
    186 -0.857700 0.104073 0.104687 0.023536 0.163924 0.013632
    187 1.899121 0.000427 -0.000439 0.027386 -0.033311 0.477848
    188 1.799659 -0.000240 0.000231 0.027386 -0.033311 0.477848
    189 1.799659 -0.000240 0.000231 0.027386 -0.033311 0.477848
    190 1.799659 -0.000240 0.000231 0.027386 -0.033311 0.477848
    191 1.900308 -0.000145 -0.000518 0.027386 -0.033311 0.477848
    192 1.899433 -0.000317 -0.000151 -0.027386 0.033311 0.477848
    193 1.799659 -0.000237 -0.000233 -0.027386 0.033311 0.477848
    194 1.799659 -0.000237 -0.000233 -0.027386 0.033311 0.477848
    195 1.799659 -0.000237 -0.000233 -0.027386 0.033311 0.477848
    196 1.900724 0.000553 -0.000072 -0.027386 0.033311 0.477848
    197 0.599884 0.400187 -0.000031 0.000000 0.000000 0.000000
    198 0.599888 0.400187 0.000031 0.000000 0.000000 -3.141592
    199 0.599503 0.400696 0.000234 0.000000 0.000000 0.000000
    200 0.600399 0.399632 -0.000466 0.000000 0.000000 -3.141592
  time 63
    0 0.000000 0.000000 0.000000 0.000000 0.000000 -1.570796
    1 -0.106323 0.000000 -0.000198 0.000000 0.000000 0.000000
    2 0.000000 0.000000 0.000000 0.000000 0.000000 0.000000
    3 -0.904000 0.000000 -11.806000 0.000000 0.000000 0.000000
    4 0.000000 0.000000 -14.313999 0.000000 -1.570796 1.570857
    5 3.533001 0.000000 0.000000 0.000000 0.000000 0.000000
    6 6.250000 0.000000 0.000000 0.000000 0.000000 0.000000
    7 4.363281 6.343750 -0.083313 -1.153277 1.547377 -1.153364
    8 9.562500 6.343750 1.773438 1.153277 -1.547377 -1.153364
    9 5.790726 0.002787 -0.000113 -1.132384 0.217311 -1.638622
    10 5.999492 -0.000592 -4.000343 0.000000 0.000000 0.000000
    11 5.787410 0.002582 0.000893 0.574980 -0.323123 -1.384455
    12 5.999492 -0.000592 4.000336 0.000000 0.000000 0.000000
    13 0.500225 0.000133 -0.000088 0.226555 0.000000 0.000000
    14 11.534559 0.000348 -0.001312 -0.000017 0.000009 -0.995301
    15 -0.829338 0.893824 0.079659 -0.148839 0.047645 0.087266
    16 0.500225 0.000132 0.000076 0.147331 0.000000 0.000000
    17 11.532495 0.004432 -0.000089 0.000018 0.000062 -1.254655
    18 -0.829586 0.894698 -0.079464 0.045377 -0.019621 0.087266
    19 10.599884 0.000105 -0.000553 -1.047778 0.000012 0.000048
    20 0.150916 -0.282994 -0.000805 -0.000048 0.000023 0.497609
    21 11.042057 0.003717 0.004704 -0.966614 -0.027753 0.624223
    22 -1.214832 0.203470 -0.477489 -0.135025 -0.078677 -0.001289
    23 10.599880 0.000105 0.000549 0.134546 0.000000 0.000060
    24 0.252480 -0.357215 0.000801 -0.000072 -0.000047 0.627355
    25 11.041742 0.003171 -0.000571 0.095721 0.532577 0.961736
    26 -1.063377 0.077663 0.150230 0.045121 0.020046 -0.012850
    27 0.610302 -0.939470 0.070343 -1.655295 -0.139995 -0.175580
    28 0.639940 -0.199121 0.060188 -1.665960 -0.131391 -0.066483
    29 0.600155 1.080261 -0.339535 -1.738607 0.015313 0.075266
    30 0.610207 0.400743 -0.010101 -1.762268 -0.061568 0.042956
    31 0.634715 -0.693997 -0.232343 0.036549 0.209269 -0.870269
    32 -0.792125 0.203736 0.461300 1.439074 -0.003453 -0.018305
    33 0.610300 -0.939469 -0.070351 1.655295 0.140079 -0.175628
    34 0.639937 -0.199121 -0.060200 1.665553 0.091267 -0.070294
    35 0.600157 1.080259 0.339531 1.764702 -0.263969 -0.039127
    36 0.610205 0.400743 0.010086 1.763182 -0.081612 -0.010352
    37 0.624002 -0.691393 0.236176 -0.279267 -0.242995 -1.042178
    38 -0.626031 -0.069983 -0.080517 -1.447153 0.086151 0.021559
    39 2.625284 -0.002532 -0.001438 -0.231742 -0.474774 1.048956
    40 2.664743 0.000397 -0.000071 -0.299690 -0.327376 1.276622
    41 2.206394 0.003368 -0.006769 -0.219836 -0.142789 1.343031
    42 0.599952 0.959240 -0.300102 -0.174544 0.000000 0.000000
    43 2.557190 -0.005873 0.006359 -0.151515 -0.240376 1.313965
    44 2.095024 -0.003873 -0.006100 -0.426353 -0.111282 0.840316
    45 1.000000 0.000600 -1.192383 -0.000001 0.000000 0.000000
    46 -0.122639 -0.721856 0.661690 -0.486644 0.223964 0.243056
    47 2.622113 -0.004555 0.002741 0.333587 0.161376 0.517921
    48 2.654002 0.004589 -0.000533 0.358054 -0.006301 1.156434
    49 2.200016 0.001663 0.000836 0.281339 -0.092690 0.678569
    50 0.599951 0.959244 0.300102 0.174544 0.000000 0.000000
    51 2.556570 -0.004291 0.000554 0.237748 -0.048457 0.969074
    52 2.103851 0.005614 -0.001014 0.556241 -0.214367 0.643913
    53 0.999512 -0.000048 1.096680 0.000000 0.000000 0.000001
    54 0.310846 -0.606445 -0.498005 0.308107 -0.197598 0.313976
    55 1.873069 -0.004741 -0.000994 -0.000007 0.000004 0.768265
    56 1.200941 0.399582 -0.000237 -0.009465 0.016087 0.007127
    57 0.000586 0.100342 -0.000319 -0.120035 -0.021926 -0.209617
    58 -0.161663 0.051712 0.194808 -2.941982 0.122408 -0.060194
    59 2.010092 -0.007109 -0.003377 0.000030 0.000048 0.848494
    60 0.000240 0.099802 -0.000395 -0.018823 0.010833 -0.239219
    61 -0.203197 0.048607 0.069150 -3.093332 0.033217 -0.046722
    62 1.180428 -0.006214 0.000780 -0.000002 0.000060 0.459175
    63 -0.000196 0.099625 -0.000034 0.000000 0.000000 -0.314102
    64 -0.088736 -0.688435 -0.145203 2.930407 -0.136130 0.513013
    65 1.712069 0.000578 0.003818 0.002671 -0.012508 0.668695
    66 -0.000580 0.100145 -0.000311 -0.010912 0.023129 -0.260841
    67 -0.146030 -0.232426 -0.014225 3.028455 -0.094299 0.113020
    68 1.290632 0.000362 -0.000032 0.000000 0.000000 0.156148
    69 -0.658121 -0.003575 0.072645 -0.142711 0.027792 -0.077299
    70 1.868080 -0.003049 0.006083 -0.000009 -0.000081 0.515575
    71 1.200079 0.399944 -0.000093 0.009465 -0.016087 0.007127
    72 0.000591 0.100342 0.000319 0.120035 0.021926 -0.209617
    73 0.068077 0.002285 -0.080050 3.111376 -0.069366 -0.060847
    74 2.015780 -0.005083 0.006086 -0.000013 -0.000013 1.537455
    75 0.000229 0.099802 0.000395 0.018823 -0.010833 -0.239219
    76 -0.018673 -0.001009 0.047544 3.109244 0.002635 -0.106673
    77 1.178665 0.001595 0.000845 0.000042 0.000035 0.802354
    78 -0.000198 0.099628 0.000034 0.000000 0.000000 -0.314102
    79 0.036892 -0.634449 0.266284 -2.801062 0.174301 0.490914
    80 1.704350 -0.002506 -0.004592 -0.000010 0.000023 1.211497
    81 -0.000576 0.100136 0.000311 0.010912 -0.023131 -0.260841
    82 -0.003952 -0.281811 0.115047 -3.059162 0.089004 0.167964
    83 1.289627 0.003949 0.000061 -0.000026 0.000051 0.499887
    84 -0.171528 -0.018148 -0.099873 0.013484 -0.062184 -0.011780
    85 0.912716 0.007240 0.001326 -0.000041 0.000033 0.552445
    86 -0.342617 0.053404 -0.025571 -2.909301 -0.017248 0.075276
    87 1.100231 -0.000930 -0.002434 0.000009 0.000014 0.209037
    88 -0.384983 0.330998 0.006848 -3.087207 -0.018765 -0.184279
    89 0.678146 0.006192 0.000002 -0.000018 -0.000019 0.518187
    90 -0.123848 0.072737 0.029507 2.898184 -0.060627 0.094834
    91 1.017166 -0.000154 -0.000252 -0.307128 -0.034817 0.407375
    92 -0.344986 0.123129 0.143151 2.994981 0.012396 0.059140
    93 -0.730988 0.177046 0.039141 -0.123731 0.076518 -0.084310
    94 0.925900 0.001298 -0.000896 -0.000002 -0.000011 0.943604
    95 -0.124027 -0.052092 0.038496 3.077813 -0.008519 0.039229
    96 1.100430 -0.007458 0.000503 -0.217179 0.000042 0.841328
    97 -0.330082 0.160641 0.042780 3.128073 0.034033 -0.171236
    98 0.679760 0.005438 0.003272 0.000062 -0.000033 1.384707
    99 -0.019516 -0.016531 0.038578 -2.763781 0.050305 0.076828
    100 1.014985 0.005113 0.001121 -0.085168 -0.000065 1.155556
    101 -0.155312 0.130643 -0.021921 -3.022466 0.022433 -0.024903
    102 -0.252209 0.061937 -0.024914 -0.007671 -0.063171 -0.044392
    103 -0.085991 0.185203 -0.015180 -2.937063 -0.113970 -0.138991
    104 -0.286537 0.179852 0.024264 -3.109353 -0.049645 -0.029915
    105 -0.019489 0.147084 0.079203 2.893815 0.038585 -0.060594
    106 -0.046482 0.251898 0.129548 3.016165 0.077112 -0.042864
    107 0.039120 -0.040298 0.047739 3.084219 0.030470 -0.037414
    108 -0.233757 0.066630 0.001754 -3.133086 0.040141 -0.065413
    109 0.044266 0.020128 0.001684 -2.778763 -0.118872 -0.040488
    110 0.071495 0.074127 -0.048302 -3.035917 -0.059482 0.104366
    111 0.000000 0.000000 0.000000 0.000000 0.000000 -1.570796
    112 12.617573 -0.335948 -3.925901 -0.318170 -0.001216 -0.000422
    113 9.109653 7.781487 -5.797052 -0.250006 -0.723536 -1.374471
    114 -0.348999 0.000000 0.342999 0.000000 0.000000 0.000000
    115 2.394995 0.000000 0.034000 0.000000 0.000000 0.000000
    116 0.008000 0.000000 1.401997 0.000000 0.000000 0.000000
    117 1.148998 0.000000 0.626999 0.000000 0.000000 0.000000
    118 1.107998 0.000000 0.153000 0.000000 0.000000 0.000000
    119 -2.457995 0.000000 0.449999 0.000000 0.000000 0.000000
    120 0.283000 0.000000 0.659998 0.000000 0.000000 0.000000
    121 4.293992 0.000000 0.136000 0.000000 0.000000 0.000000
    122 1.511997 -0.417999 1.094998 0.000000 0.000000 -1.570755
    123 4.229991 0.000000 0.042000 0.000000 0.000000 0.000000
    124 0.240000 0.000000 -0.662999 0.000000 0.000000 0.000000
    125 1.060998 0.000000 -3.633993 0.000000 0.000000 0.000000
    126 0.193999 0.000000 -2.057996 0.000000 0.000000 0.000000
    127 -0.774998 0.000000 -2.394995 0.000000 0.000000 0.000000
    128 0.000000 0.000000 0.000000 0.000000 0.000000 0.000000
    129 -0.106000 0.000000 64.320000 0.000000 0.000000 0.000000
    130 0.000000 0.000000 0.000000 0.000000 0.000000 0.000000
    131 0.000000 0.000000 0.000000 0.000467 0.000647 0.000000
    132 23.292503 -0.967643 5.980065 -0.318167 -0.001234 -0.000500
    133 0.106000 0.000000 -64.320000 0.000000 0.000000 0.000000
    134 0.000000 0.000000 0.000000 0.000000 0.000000 0.000000
    135 0.000000 0.000000 -4.867002 -3.141592 0.000000 -3.128591
    136 0.000000 0.000000 4.867000 -3.141592 0.000000 -3.128591
    137 4.000000 -6.500000 0.000000 0.000000 0.000000 0.000977
    138 -6.500000 0.000000 0.000000 0.000000 1.570796 0.000000
    139 1.000088 -0.000029 0.000000 0.000000 0.000000 0.000000
    140 17.162516 -0.000404 0.000000 0.000000 0.000000 0.119214
    141 9.999891 -0.000303 0.000000 0.000000 0.000000 0.000000
    142 1.000088 -0.000029 0.000000 0.000000 0.000000 0.000000
    143 17.162516 -0.000404 0.000000 0.000000 0.000000 0.119214
    144 9.499836 0.000212 0.000000 0.000000 0.000000 0.000000
    145 0.000000 0.000000 0.000000 0.000000 0.000000 0.000000
    146 17.749374 0.295515 0.000000 0.000000 0.000000 -1.158958
    147 0.017889 0.299792 0.000000 0.000000 0.000000 -0.059582
    148 12.283573 1.581456 -4.696000 1.462269 -0.086726 0.090185
    149 17.749376 0.295515 0.000000 0.000000 0.000000 -1.158958
    150 0.017889 0.299792 0.000000 0.000000 0.000000 -0.059582
    151 13.354000 0.000000 0.000000 0.000000 0.000000 -0.294101
    152 4.530998 0.000000 0.000000 0.000000 0.000000 0.000000
    153 0.000000 0.000000 0.000000 0.000000 0.000000 0.000000
    154 5.413524 0.000347 0.000000 0.000000 0.000000 -0.518055
    155 5.413524 0.000347 0.000000 0.000000 0.000000 -0.518055
    156 4.662002 -5.366333 4.825191 1.569713 1.561305 -3.121213
    157 3.116966 -0.000443 0.000000 0.000000 0.000000 0.294101
    158 0.000000 0.000000 0.000000 0.000000 0.000000 0.000000
    159 -0.271999 0.000000 2.688000 0.000000 0.000000 0.000000
    160 -13.725626 19.364293 -53.555547 0.318183 0.000958 0.000812
    161 3.512001 -3.547000 -1.066000 0.000000 1.570796 0.000000
    162 3.456001 -3.517000 1.169000 0.000000 1.570796 0.000000
    163 6.233002 0.000000 0.000000 0.000000 0.000000 0.000000
    164 -0.171997 -0.106000 -0.902000 1.570713 1.029176 -3.134550
    165 6.241997 -6.380000 0.000000 0.000000 -0.000467 -0.000647
    166 0.181000 -0.064000 1.096000 0.000000 0.000000 0.000000
    167 3.999434 -0.000528 -0.000332 -0.523977 0.000001 0.000052
    168 3.999901 0.000041 0.001011 0.067340 0.000000 0.000000
    169 1.598000 0.000000 0.000000 0.000000 0.000000 0.000000
    170 -1.145525 0.000130 0.000668 0.000000 0.000000 0.000000
    171 2.299679 -2.499979 -0.599480 0.891926 0.221446 -0.527310
    172 11.207076 -0.718225 0.644222 1.797438 -0.254298 -0.002959
    173 -9.580673 -27.862106 -37.184681 0.812879 -0.123459 -0.568477
    174 0.649933 -0.548295 0.093651 -1.665913 -0.131399 -0.112062
    175 0.657074 0.008402 0.040371 -1.665945 -0.131407 -0.000013
    176 0.665776 0.747221 -0.029190 -1.665935 -0.131408 0.094976
    177 2.300138 -2.499413 0.600155 -0.891903 -0.221506 -0.527291
    178 11.469488 -0.466384 4.428192 2.114295 -0.357444 0.009005
    179 2.762354 0.116951 1.523975 1.629482 0.064153 1.743800
    180 7.228323 7.928198 -3.925648 2.328713 0.123459 -0.568477
    181 0.650394 -0.547730 -0.092979 1.665913 0.131399 -0.112062
    182 0.657069 0.008398 -0.040379 1.665945 0.131407 -0.000013
    183 0.665777 0.747220 0.029182 1.665935 0.131408 0.094976
    184 -4.481003 -0.202000 0.000000 0.000000 0.000000 0.000000
    185 -5.516998 -0.291000 -0.001000 0.000000 0.000000 0.000000
    186 -0.857700 0.104073 0.104687 0.023536 0.163924 0.013632
    187 1.899121 0.000427 -0.000439 0.027386 -0.033311 0.477848
    188 1.799659 -0.000240 0.000231 0.027386 -0.033311 0.477848
    189 1.799659 -0.000240 0.000231 0.027386 -0.033311 0.477848
    190 1.799659 -0.000240 0.000231 0.027386 -0.033311 0.477848
    191 1.900308 -0.000145 -0.000518 0.027386 -0.033311 0.477848
    192 1.899433 -0.000317 -0.000151 -0.027386 0.033311 0.477848
    193 1.799659 -0.000237 -0.000233 -0.027386 0.033311 0.477848
    194 1.799659 -0.000237 -0.000233 -0.027386 0.033311 0.477848
    195 1.799659 -0.000237 -0.000233 -0.027386 0.033311 0.477848
    196 1.900724 0.000553 -0.000072 -0.027386 0.033311 0.477848
    197 0.599884 0.400187 -0.000031 0.000000 0.000000 0.000000
    198 0.599888 0.400187 0.000031 0.000000 0.000000 -3.141592
    199 0.599503 0.400696 0.000234 0.000000 0.000000 0.000000
    200 0.600399 0.399632 -0.000466 0.000000 0.000000 -3.141592
  time 64
    0 0.000000 0.000000 0.000000 0.000000 0.000000 -1.570796
    1 -0.106323 0.000000 -0.000198 0.000000 0.000000 0.000000
    2 0.000000 0.000000 0.000000 0.000000 0.000000 0.000000
    3 -0.904000 0.000000 -11.806000 0.000000 0.000000 0.000000
    4 0.000000 0.000000 -14.313999 0.000000 -1.570796 1.570857
    5 3.533001 0.000000 0.000000 0.000000 0.000000 0.000000
    6 6.250000 0.000000 0.000000 0.000000 0.000000 0.000000
    7 4.363281 6.343750 -0.083313 -1.153277 1.547377 -1.153364
    8 9.562500 6.343750 1.773438 1.153277 -1.547377 -1.153364
    9 5.790726 0.002787 -0.000113 -1.132295 0.217149 -1.638337
    10 5.999492 -0.000592 -4.000343 0.000000 0.000000 0.000000
    11 5.787410 0.002582 0.000893 0.574923 -0.322999 -1.384637
    12 5.999492 -0.000592 4.000336 0.000000 0.000000 0.000000
    13 0.500225 0.000133 -0.000088 0.226555 0.000000 0.000000
    14 11.534559 0.000348 -0.001312 -0.000017 0.000009 -0.995446
    15 -0.829338 0.893824 0.079659 -0.148839 0.047645 0.087266
    16 0.500225 0.000132 0.000076 0.147356 0.000000 -0.000012
    17 11.532495 0.004432 -0.000089 0.000042 -0.000058 -1.254655
    18 -0.829586 0.894698 -0.079464 0.045377 -0.019621 0.087266
    19 10.599884 0.000105 -0.000553 -1.047308 0.000000 0.000000
    20 0.150916 -0.282994 -0.000805 0.000000 0.000011 0.497757
    21 11.045963 0.003717 0.000798 -0.965499 -0.027125 0.624856
    22 -1.214832 0.203470 -0.477489 -0.135025 -0.078677 -0.001289
    23 10.599880 0.000105 0.000549 0.136705 0.000000 0.000000
    24 0.252480 -0.357215 0.000801 0.000000 -0.000011 0.627222
    25 11.041742 0.003171 -0.000571 0.097377 0.532203 0.962622
    26 -1.063377 0.077663 0.150230 0.045121 0.020046 -0.012850
    27 0.610302 -0.939470 0.070343 -1.655346 -0.140091 -0.175664
    28 0.639940 -0.199121 0.060188 -1.665960 -0.131391 -0.066447
    29 0.600155 1.080261 -0.339535 -1.738713 0.015313 0.075266
    30 0.610207 0.400743 -0.010101 -1.762376 -0.061628 0.042968
    31 0.634715 -0.693997 -0.232343 0.036597 0.209315 -0.870269
    32 -0.792125 0.203736 0.461300 1.439074 -0.003453 -0.018305
    33 0.610300 -0.939469 -0.070351 1.655295 0.140043 -0.175628
    34 0.639937 -0.199121 -0.060200 1.665553 0.091351 -0.070282
    35 0.600157 1.080259 0.339531 1.764702 -0.263850 -0.039163
    36 0.610205 0.400743 0.010086 1.763182 -0.081564 -0.010304
    37 0.624002 -0.695300 0.236176 -0.279303 -0.243007 -1.042178
    38 -0.626031 -0.069983 -0.080517 -1.447153 0.086151 0.021559
    39 2.621377 -0.002532 -0.001438 -0.231757 -0.474798 1.049037
    40 2.664743 0.000397 -0.000071 -0.299705 -0.327280 1.276661
    41 2.206394 0.003368 -0.006769 -0.219836 -0.142789 1.343031
    42 0.599952 0.959240 -0.300102 -0.174544 0.000000 0.000000
    43 2.557190 -0.005873 0.006359 -0.151418 -0.240364 1.313926
    44 2.095024 -0.003873 -0.006100 -0.426324 -0.111239 0.840296
    45 1.000000 0.000600 -1.192383 -0.000001 0.000000 0.000000
    46 -0.122639 -0.721856 0.661690 -0.486644 0.223964 0.243056
    47 2.622113 -0.004555 0.002741 0.333554 0.161328 0.517824
    48 2.657909 0.004589 -0.000533 0.357983 -0.006325 1.156456
    49 2.200016 0.001663 0.000836 0.281446 -0.092750 0.678709
    50 0.599951 0.959244 0.300102 0.174544 0.000000 0.000000
    51 2.556570 -0.000385 0.000554 0.237801 -0.048481 0.969130
    52 2.103851 0.005614 -0.001014 0.556269 -0.214280 0.643871
    53 0.999512 -0.000048 1.096680 0.000000 0.000000 0.000001
    54 0.310846 -0.606445 -0.498005 0.308107 -0.197598 0.313976
    55 1.873069 -0.004741 -0.000994 -0.000031 -0.000044 0.768265
    56 1.200941 0.399582 -0.000237 -0.009465 0.016087 0.007127
    57 0.000586 0.100342 -0.000319 -0.120035 -0.021926 -0.209617
    58 -0.161663 0.051712 0.194808 -2.941982 0.122408 -0.060194
    59 2.010092 -0.007109 -0.007284 0.000018 0.000013 0.848494
    60 0.000240 0.099802 -0.000395 -0.018823 0.010833 -0.239219
    61 -0.203197 0.048607 0.069150 -3.093332 0.033217 -0.046722
    62 1.180428 -0.006214 0.000780 -0.000014 0.000036 0.459175
    63 -0.000196 0.099625 -0.000034 0.000000 0.000000 -0.314102
    64 -0.088736 -0.688435 -0.145203 2.930407 -0.136130 0.513013
    65 1.712069 -0.003328 -0.000088 0.002647 -0.012497 0.668695
    66 -0.000580 0.100145 -0.000311 -0.010912 0.023129 -0.260841
    67 -0.146030 -0.232426 -0.014225 3.028455 -0.094299 0.113020
    68 1.290632 0.000362 -0.000032 0.000000 0.000000 0.156057
    69 -0.658121 -0.003575 0.072645 -0.142711 0.027792 -0.077299
    70 1.868080 -0.003049 0.006083 0.000003 -0.000021 0.515649
    71 1.200079 0.399944 -0.000093 0.009465 -0.016087 0.007127
    72 0.000591 0.100342 0.000319 0.120035 0.021926 -0.209617
    73 0.068077 0.002285 -0.080050 3.111376 -0.069366 -0.060847
    74 2.015780 -0.005083 0.006086 0.000023 0.000023 1.537455
    75 0.000229 0.099802 0.000395 0.018823 -0.010833 -0.239219
    76 -0.018673 -0.001009 0.047544 3.109244 0.002635 -0.106673
    77 1.178665 0.001595 0.000845 0.000042 0.000035 0.802196
    78 -0.000198 0.099628 0.000034 0.000000 0.000000 -0.314102
    79 0.036892 -0.634449 0.266284 -2.801062 0.174301 0.490914
    80 1.704350 -0.002506 -0.004592 -0.000010 0.000023 1.211497
    81 -0.000576 0.100136 0.000311 0.010912 -0.023131 -0.260841
    82 -0.003952 -0.281811 0.115047 -3.059162 0.089004 0.167964
    83 1.289627 0.007855 0.000061 -0.000002 0.000063 0.499887
    84 -0.171528 -0.018148 -0.099873 0.013484 -0.062184 -0.011780
    85 0.912716 0.007240 0.001326 0.000066 -0.000003 0.552402
    86 -0.342617 0.053404 -0.025571 -2.909301 -0.017248 0.075276
    87 1.100231 -0.000930 -0.002434 0.000009 0.000014 0.208997
    88 -0.384983 0.330998 0.006848 -3.087207 -0.018765 -0.184279
    89 0.678146 0.002286 0.000002 -0.000018 -0.000019 0.518088
    90 -0.123848 0.072737 0.029507 2.898184 -0.060627 0.094834
    91 1.017166 -0.000154 -0.000252 -0.307128 -0.034757 0.407375
    92 -0.344986 0.123129 0.143151 2.994981 0.012396 0.059140
    93 -0.730988 0.177046 0.039141 -0.123731 0.076518 -0.084310
    94 0.925900 0.001298 -0.000896 -0.000002 -0.000011 0.943661
    95 -0.124027 -0.052092 0.038496 3.077813 -0.008519 0.039229
    96 1.100430 -0.003552 0.000503 -0.217179 0.000030 0.841241
    97 -0.330082 0.160641 0.042780 3.128073 0.034033 -0.171236
    98 0.679760 0.001531 0.003272 0.000014 0.000003 1.384802
    99 -0.019516 -0.016531 0.038578 -2.763781 0.050305 0.076828
    100 1.014985 0.005113 0.001121 -0.085192 -0.000053 1.155527
    101 -0.155312 0.130643 -0.021921 -3.022466 0.022433 -0.024903
    102 -0.252209 0.061937 -0.024914 -0.007671 -0.063171 -0.044392
    103 -0.085991 0.185203 -0.015180 -2.937063 -0.113970 -0.138991
    104 -0.286537 0.179852 0.024264 -3.109353 -0.049645 -0.029915
    105 -0.019489 0.147084 0.079203 2.893815 0.038585 -0.060594
    106 -0.046482 0.251898 0.129548 3.016165 0.077112 -0.042864
    107 0.039120 -0.040298 0.047739 3.084219 0.030470 -0.037414
    108 -0.233757 0.066630 0.001754 -3.133086 0.040141 -0.065413
    109 0.044266 0.020128 0.001684 -2.778763 -0.118872 -0.040488
    110 0.071495 0.074127 -0.048302 -3.035917 -0.059482 0.104366
    111 0.000000 0.000000 0.000000 0.000000 0.000000 -1.570796
    112 12.617573 -0.335948 -3.933714 -0.316810 -0.000836 -0.000422
    113 9.109653 7.785394 -5.773614 -0.248193 -0.723311 -1.375493
    114 -0.348999 0.000000 0.342999 0.000000 0.000000 0.000000
    115 2.394995 0.000000 0.034000 0.000000 0.000000 0.000000
    116 0.008000 0.000000 1.401997 0.000000 0.000000 0.000000
    117 1.148998 0.000000 0.626999 0.000000 0.000000 0.000000
    118 1.107998 0.000000 0.153000 0.000000 0.000000 0.000000
    119 -2.457995 0.000000 0.449999 0.000000 0.000000 0.000000
    120 0.283000 0.000000 0.659998 0.000000 0.000000 0.000000
    121 4.293992 0.000000 0.136000 0.000000 0.000000 0.000000
    122 1.511997 -0.417999 1.094998 0.000000 0.000000 -1.570755
    123 4.229991 0.000000 0.042000 0.000000 0.000000 0.000000
    124 0.240000 0.000000 -0.662999 0.000000 0.000000 0.000000
    125 1.060998 0.000000 -3.633993 0.000000 0.000000 0.000000
    126 0.193999 0.000000 -2.057996 0.000000 0.000000 0.000000
    127 -0.774998 0.000000 -2.394995 0.000000 0.000000 0.000000
    128 0.000000 0.000000 0.000000 0.000000 0.000000 0.000000
    129 -0.106000 0.000000 64.320000 0.000000 0.000000 0.000000
    130 0.000000 0.000000 0.000000 0.000000 0.000000 0.000000
    131 0.000000 0.000000 0.000000 0.000300 0.000407 0.000000
    132 23.292503 -0.967643 5.972252 -0.316808 -0.000854 -0.000500
    133 0.106000 0.000000 -64.320000 0.000000 0.000000 0.000000
    134 0.000000 0.000000 0.000000 0.000000 0.000000 0.000000
    135 0.000000 0.000000 -4.867002 -3.141592 0.000000 -3.128591
    136 0.000000 0.000000 4.867000 -3.141592 0.000000 -3.128591
    137 4.000000 -6.500000 0.000000 0.000000 0.000000 0.000977
    138 -6.500000 0.000000 0.000000 0.000000 1.570796 0.000000
    139 1.000088 -0.000029 0.000000 0.000000 0.000000 0.000000
    140 17.162516 -0.000404 0.000000 0.000000 0.000000 0.119214
    141 9.999891 -0.000303 0.000000 0.000000 0.000000 0.000000
    142 1.000088 -0.000029 0.000000 0.000000 0.000000 0.000000
    143 17.162516 -0.000404 0.000000 0.000000 0.000000 0.119214
    144 9.499836 0.000212 0.000000 0.000000 0.000000 0.000000
    145 0.000000 0.000000 0.000000 0.000000 0.000000 0.000000
    146 17.749374 0.295515 0.000000 0.000000 0.000000 -1.158958
    147 0.017889 0.299792 0.000000 0.000000 0.000000 -0.059582
    148 12.283573 1.581456 -4.696000 1.462269 -0.086726 0.090185
    149 17.749376 0.295515 0.000000 0.000000 0.000000 -1.158958
    150 0.017889 0.299792 0.000000 0.000000 0.000000 -0.059582
    151 13.354000 0.000000 0.000000 0.000000 0.000000 -0.294101
    152 4.530998 0.000000 0.000000 0.000000 0.000000 0.000000
    153 0.000000 0.000000 0.000000 0.000000 0.000000 0.000000
    154 5.413524 0.000347 0.000000 0.000000 0.000000 -0.518055
    155 5.413524 0.000347 0.000000 0.000000 0.000000 -0.518055
    156 4.662002 -5.366333 4.825191 1.569713 1.561305 -3.121213
    157 3.116966 -0.000443 0.000000 0.000000 0.000000 0.294101
    158 0.000000 0.000000 0.000000 0.000000 0.000000 0.000000
    159 -0.271999 0.000000 2.688000 0.000000 0.000000 0.000000
    160 -13.710001 19.293979 -53.578985 0.317010 0.000616 0.000725
    161 3.512001 -3.547000 -1.066000 0.000000 1.570796 0.000000
    162 3.456001 -3.517000 1.169000 0.000000 1.570796 0.000000
    163 6.233002 0.000000 0.000000 0.000000 0.000000 0.000000
    164 -0.171997 -0.106000 -0.902000 1.570713 1.029176 -3.134550
    165 6.241997 -6.380000 0.000000 0.000000 -0.000300 -0.000407
    166 0.181000 -0.064000 1.096000 0.000000 0.000000 0.000000
    167 3.999434 -0.000528 -0.000332 -0.523659 -0.000023 0.000016
    168 3.999901 0.000041 0.001011 0.068428 0.000000 0.000000
    169 1.598000 0.000000 0.000000 0.000000 0.000000 0.000000
    170 -1.145525 0.000130 0.000668 0.000000 0.000000 0.000000
    171 2.299679 -2.499979 -0.599480 0.892008 0.221590 -0.527262
    172 11.207076 -0.718225 0.644222 1.797438 -0.254298 -0.002959
    173 -9.580673 -27.862106 -37.184681 0.812879 -0.123459 -0.568477
    174 0.649933 -0.548295 0.093651 -1.665913 -0.131399 -0.112062
    175 0.657074 0.008402 0.040371 -1.665945 -0.131407 -0.000013
    176 0.665776 0.747221 -0.029190 -1.665935 -0.131408 0.094976
    177 2.300138 -2.499413 0.600155 -0.891957 -0.221542 -0.527211
    178 11.469488 -0.466384 4.428192 2.114295 -0.357370 0.009041
    179 2.762354 0.116951 1.523975 1.629482 0.064153 1.743800
    180 7.228323 7.928198 -3.925648 2.328713 0.123459 -0.568477
    181 0.650394 -0.547730 -0.092979 1.665913 0.131399 -0.112062
    182 0.657069 0.008398 -0.040379 1.665945 0.131407 -0.000013
    183 0.665777 0.747220 0.029182 1.665935 0.131408 0.094976
    184 -4.481003 -0.202000 0.000000 0.000000 0.000000 0.000000
    185 -5.516998 -0.291000 -0.001000 0.000000 0.000000 0.000000
    186 -0.857700 0.104073 0.104687 0.023536 0.163924 0.013632
    187 1.899121 0.000427 -0.000439 0.027386 -0.033311 0.477848
    188 1.799659 -0.000240 0.000231 0.027386 -0.033311 0.477848
    189 1.799659 -0.000240 0.000231 0.027386 -0.033311 0.477848
    190 1.799659 -0.000240 0.000231 0.027386 -0.033311 0.477848
    191 1.900308 -0.000145 -0.000518 0.027386 -0.033311 0.477848
    192 1.899433 -0.000317 -0.000151 -0.027386 0.033311 0.477848
    193 1.799659 -0.000237 -0.000233 -0.027386 0.033311 0.477848
    194 1.799659 -0.000237 -0.000233 -0.027386 0.033311 0.477848
    195 1.799659 -0.000237 -0.000233 -0.027386 0.033311 0.477848
    196 1.900724 0.000553 -0.000072 -0.027386 0.033311 0.477848
    197 0.599884 0.400187 -0.000031 0.000000 0.000000 0.000000
    198 0.599888 0.400187 0.000031 0.000000 0.000000 -3.141592
    199 0.599503 0.400696 0.000234 0.000000 0.000000 0.000000
    200 0.600399 0.399632 -0.000466 0.000000 0.000000 -3.141592
  time 65
    0 0.000000 0.000000 0.000000 0.000000 0.000000 -1.570796
    1 -0.106323 0.000000 -0.000198 0.000000 0.000000 0.000000
    2 0.000000 0.000000 0.000000 0.000000 0.000000 0.000000
    3 -0.904000 0.000000 -11.806000 0.000000 0.000000 0.000000
    4 0.000000 0.000000 -14.313999 0.000000 -1.570796 1.570857
    5 3.533001 0.000000 0.000000 0.000000 0.000000 0.000000
    6 6.250000 0.000000 0.000000 0.000000 0.000000 0.000000
    7 4.363281 6.343750 -0.083313 -1.153277 1.547377 -1.153364
    8 9.562500 6.343750 1.773438 1.153277 -1.547377 -1.153364
    9 5.790726 0.002787 -0.000113 -1.132295 0.217176 -1.638148
    10 5.999492 -0.000592 -4.000343 0.000000 0.000000 0.000000
    11 5.787410 0.002582 0.000893 0.574923 -0.323040 -1.384729
    12 5.999492 -0.000592 4.000336 0.000000 0.000000 0.000000
    13 0.500225 0.000133 -0.000088 0.226388 0.000000 0.000000
    14 11.534559 0.004255 -0.001312 -0.000017 0.000009 -0.995738
    15 -0.829338 0.893824 0.079659 -0.148839 0.047645 0.087266
    16 0.500225 0.000132 0.000076 0.147405 0.000000 -0.000048
    17 11.532495 0.004432 -0.000089 0.000042 -0.000058 -1.254655
    18 -0.829586 0.894698 -0.079464 0.045377 -0.019621 0.087266
    19 10.599884 0.000105 -0.000553 -1.046896 0.000000 0.000000
    20 0.150916 -0.279087 -0.000805 0.000024 0.000047 0.497781
    21 11.045963 -0.000189 0.004704 -0.964458 -0.026460 0.625701
    22 -1.214832 0.203470 -0.477489 -0.135025 -0.078677 -0.001289
    23 10.599880 0.000105 0.000549 0.138864 0.000000 0.000000
    24 0.256386 -0.357215 0.000801 0.000000 -0.000011 0.627301
    25 11.041742 0.003171 -0.000571 0.098998 0.531939 0.963449
    26 -1.063377 0.077663 0.150230 0.045121 0.020046 -0.012850
    27 0.610302 -0.939470 0.070343 -1.655295 -0.140043 -0.175628
    28 0.639940 -0.199121 0.060188 -1.665960 -0.131391 -0.066411
    29 0.600155 1.080261 -0.339535 -1.738607 0.015361 0.075314
    30 0.610207 0.400743 -0.010101 -1.762268 -0.061628 0.042968
    31 0.634715 -0.693997 -0.232343 0.036537 0.209269 -0.870269
    32 -0.792125 0.203736 0.461300 1.439074 -0.003453 -0.018305
    33 0.610300 -0.939469 -0.070351 1.655295 0.140103 -0.175544
    34 0.639937 -0.199121 -0.060200 1.665553 0.091267 -0.070294
    35 0.600157 1.080259 0.339531 1.764649 -0.263850 -0.039151
    36 0.610205 0.400743 0.010086 1.763182 -0.081564 -0.010304
    37 0.624002 -0.695300 0.232270 -0.279315 -0.243019 -1.042178
    38 -0.626031 -0.069983 -0.080517 -1.447153 0.086151 0.021559
    39 2.621377 -0.002532 -0.005345 -0.231604 -0.474749 1.048875
    40 2.660837 0.000397 -0.000071 -0.299705 -0.327268 1.276661
    41 2.206394 0.003368 -0.006769 -0.219800 -0.142757 1.343031
    42 0.599952 0.959240 -0.300102 -0.174544 0.000000 0.000000
    43 2.553283 -0.001967 0.006359 -0.151479 -0.240412 1.313965
    44 2.095024 -0.003873 -0.002193 -0.426324 -0.111282 0.840296
    45 1.000000 0.000600 -1.192383 -0.000001 0.000000 0.000000
    46 -0.122639 -0.721856 0.661690 -0.486644 0.223964 0.243056
    47 2.622113 -0.000648 0.002741 0.333521 0.161388 0.517921
    48 2.657909 0.004589 -0.000533 0.357930 -0.006361 1.156412
    49 2.200016 0.001663 0.000836 0.281374 -0.092750 0.678554
    50 0.599951 0.959244 0.300102 0.174544 0.000000 0.000000
    51 2.556570 -0.000385 0.000554 0.237801 -0.048361 0.969130
    52 2.103851 0.005614 -0.001014 0.556241 -0.214367 0.643913
    53 0.999512 -0.000048 1.096680 0.000000 0.000000 0.000001
    54 0.310846 -0.606445 -0.498005 0.308107 -0.197598 0.313976
    55 1.873069 -0.000835 -0.000994 -0.000007 0.000004 0.768352
    56 1.200941 0.399582 -0.000237 -0.009465 0.016087 0.007127
    57 0.000586 0.100342 -0.000319 -0.120035 -0.021926 -0.209617
    58 -0.161663 0.051712 0.194808 -2.941982 0.122408 -0.060194
    59 2.010092 -0.007109 -0.007284 0.000030 0.000048 0.848494
    60 0.000240 0.099802 -0.000395 -0.018823 0.010833 -0.239219
    61 -0.203197 0.048607 0.069150 -3.093332 0.033217 -0.046722
    62 1.180428 -0.006214 0.000780 -0.000014 0.000000 0.459240
    63 -0.000196 0.099625 -0.000034 0.000000 0.000000 -0.314102
    64 -0.088736 -0.688435 -0.145203 2.930407 -0.136130 0.513013
    65 1.712069 -0.003328 0.003818 0.002659 -0.012473 0.668739
    66 -0.000580 0.100145 -0.000311 -0.010912 0.023129 -0.260841
    67 -0.146030 -0.232426 -0.014225 3.028455 -0.094299 0.113020
    68 1.290632 0.000362 -0.000032 0.000000 0.000000 0.156118
    69 -0.658121 -0.003575 0.072645 -0.142711 0.027792 -0.077299
    70 1.868080 -0.003049 0.006083 0.000003 -0.000021 0.515575
    71 1.200079 0.399944 -0.000093 0.009465 -0.016087 0.007127
    72 0.000591 0.100342 0.000319 0.120035 0.021926 -0.209617
    73 0.068077 0.002285 -0.080050 3.111376 -0.069366 -0.060847
    74 2.011874 -0.005083 0.006086 0.000071 -0.000013 1.537455
    75 0.000229 0.099802 0.000395 0.018823 -0.010833 -0.239219
    76 -0.018673 -0.001009 0.047544 3.109244 0.002635 -0.106673
    77 1.178665 0.001595 0.000845 0.000102 0.000011 0.802275
    78 -0.000198 0.099628 0.000034 0.000000 0.000000 -0.314102
    79 0.036892 -0.634449 0.266284 -2.801062 0.174301 0.490914
    80 1.708256 -0.002506 -0.004592 -0.000022 0.000023 1.211473
    81 -0.000576 0.100136 0.000311 0.010912 -0.023131 -0.260841
    82 -0.003952 -0.281811 0.115047 -3.059162 0.089004 0.167964
    83 1.289627 0.003949 0.000061 -0.000014 0.000003 0.499887
    84 -0.171528 -0.018148 -0.099873 0.013484 -0.062184 -0.011780
    85 0.916622 0.007240 0.001326 0.000066 -0.000003 0.552402
    86 -0.342617 0.053404 -0.025571 -2.909301 -0.017248 0.075276
    87 1.100231 -0.000930 -0.002434 0.000009 0.000014 0.208997
    88 -0.384983 0.330998 0.006848 -3.087207 -0.018765 -0.184279
    89 0.678146 0.002286 0.000002 -0.000018 -0.000019 0.518088
    90 -0.123848 0.072737 0.029507 2.898184 -0.060627 0.094834
    91 1.017166 -0.000154 -0.000252 -0.307200 -0.034817 0.407287
    92 -0.344986 0.123129 0.143151 2.994981 0.012396 0.059140
    93 -0.730988 0.177046 0.039141 -0.123731 0.076518 -0.084310
    94 0.921993 0.001298 -0.000896 -0.000002 -0.000011 0.943547
    95 -0.124027 -0.052092 0.038496 3.077813 -0.008519 0.039229
    96 1.100430 -0.007458 0.000503 -0.217215 -0.000018 0.841328
    97 -0.330082 0.160641 0.042780 3.128073 0.034033 -0.171236
    98 0.679760 0.005438 0.003272 -0.000022 -0.000045 1.384770
    99 -0.019516 -0.016531 0.038578 -2.763781 0.050305 0.076828
    100 1.014985 0.001206 0.001121 -0.085216 -0.000041 1.155470
    101 -0.155312 0.130643 -0.021921 -3.022466 0.022433 -0.024903
    102 -0.252209 0.061937 -0.024914 -0.007671 -0.063171 -0.044392
    103 -0.085991 0.185203 -0.015180 -2.937063 -0.113970 -0.138991
    104 -0.286537 0.179852 0.024264 -3.109353 -0.049645 -0.029915
    105 -0.019489 0.147084 0.079203 2.893815 0.038585 -0.060594
    106 -0.046482 0.251898 0.129548 3.016165 0.077112 -0.042864
    107 0.039120 -0.040298 0.047739 3.084219 0.030470 -0.037414
    108 -0.233757 0.066630 0.001754 -3.133086 0.040141 -0.065413
    109 0.044266 0.020128 0.001684 -2.778763 -0.118872 -0.040488
    110 0.071495 0.074127 -0.048302 -3.035917 -0.059482 0.104366
    111 0.000000 0.000000 0.000000 0.000000 0.000000 -1.570796
    112 12.617573 -0.335948 -3.925901 -0.315573 -0.000342 -0.000422
    113 9.109653 7.785394 -5.754082 -0.246306 -0.723176 -1.376686
    114 -0.348999 0.000000 0.342999 0.000000 0.000000 0.000000
    115 2.394995 0.000000 0.034000 0.000000 0.000000 0.000000
    116 0.008000 0.000000 1.401997 0.000000 0.000000 0.000000
    117 1.148998 0.000000 0.626999 0.000000 0.000000 0.000000
    118 1.107998 0.000000 0.153000 0.000000 0.000000 0.000000
    119 -2.457995 0.000000 0.449999 0.000000 0.000000 0.000000
    120 0.283000 0.000000 0.659998 0.000000 0.000000 0.000000
    121 4.293992 0.000000 0.136000 0.000000 0.000000 0.000000
    122 1.511997 -0.417999 1.094998 0.000000 0.000000 -1.570755
    123 4.229991 0.000000 0.042000 0.000000 0.000000 0.000000
    124 0.240000 0.000000 -0.662999 0.000000 0.000000 0.000000
    125 1.060998 0.000000 -3.633993 0.000000 0.000000 0.000000
    126 0.193999 0.000000 -2.057996 0.000000 0.000000 0.000000
    127 -0.774998 0.000000 -2.394995 0.000000 0.000000 0.000000
    128 0.000000 0.000000 0.000000 0.000000 0.000000 0.000000
    129 -0.106000 0.000000 64.320000 0.000000 0.000000 0.000000
    130 0.000000 0.000000 0.000000 0.000000 0.000000 0.000000
    131 0.000000 0.000000 0.000000 0.000180 0.000180 0.000000
    132 23.292503 -0.967643 5.968346 -0.315554 -0.000360 -0.000500
    133 0.106000 0.000000 -64.320000 0.000000 0.000000 0.000000
    134 0.000000 0.000000 0.000000 0.000000 0.000000 0.000000
    135 0.000000 0.000000 -4.867002 -3.141592 0.000000 -3.128591
    136 0.000000 0.000000 4.867000 -3.141592 0.000000 -3.128591
    137 4.000000 -6.500000 0.000000 0.000000 0.000000 0.000977
    138 -6.500000 0.000000 0.000000 0.000000 1.570796 0.000000
    139 1.000088 -0.000029 0.000000 0.000000 0.000000 0.000000
    140 17.162516 -0.000404 0.000000 0.000000 0.000000 0.119214
    141 9.999891 -0.000303 0.000000 0.000000 0.000000 0.000000
    142 1.000088 -0.000029 0.000000 0.000000 0.000000 0.000000
    143 17.162516 -0.000404 0.000000 0.000000 0.000000 0.119214
    144 9.499836 0.000212 0.000000 0.000000 0.000000 0.000000
    145 0.000000 0.000000 0.000000 0.000000 0.000000 0.000000
    146 17.749374 0.295515 0.000000 0.000000 0.000000 -1.158958
    147 0.017889 0.299792 0.000000 0.000000 0.000000 -0.059582
    148 12.283573 1.581456 -4.696000 1.462269 -0.086726 0.090185
    149 17.749376 0.295515 0.000000 0.000000 0.000000 -1.158958
    150 0.017889 0.299792 0.000000 0.000000 0.000000 -0.059582
    151 13.354000 0.000000 0.000000 0.000000 0.000000 -0.294101
    152 4.530998 0.000000 0.000000 0.000000 0.000000 0.000000
    153 0.000000 0.000000 0.000000 0.000000 0.000000 0.000000
    154 5.413524 0.000347 0.000000 0.000000 0.000000 -0.518055
    155 5.413524 0.000347 0.000000 0.000000 0.000000 -0.518055
    156 4.662002 -5.366333 4.825191 1.569713 1.561305 -3.121213
    157 3.116966 -0.000443 0.000000 0.000000 0.000000 0.294101
    158 0.000000 0.000000 0.000000 0.000000 0.000000 0.000000
    159 -0.271999 0.000000 2.688000 0.000000 0.000000 0.000000
    160 -13.682656 19.215851 -53.610236 0.315502 0.000273 0.000463
    161 3.512001 -3.547000 -1.066000 0.000000 1.570796 0.000000
    162 3.456001 -3.517000 1.169000 0.000000 1.570796 0.000000
    163 6.233002 0.000000 0.000000 0.000000 0.000000 0.000000
    164 -0.171997 -0.106000 -0.902000 1.570713 1.029176 -3.134550
    165 6.241997 -6.380000 0.000000 0.000000 -0.000180 -0.000180
    166 0.181000 -0.064000 1.096000 0.000000 0.000000 0.000000
    167 3.999434 -0.000528 -0.000332 -0.523478 -0.000023 0.000016
    168 3.999901 0.000041 0.001011 0.069516 0.000000 0.000000
    169 1.598000 0.000000 0.000000 0.000000 0.000000 0.000000
    170 -1.145525 0.000130 0.000668 0.000000 0.000000 0.000000
    171 2.299679 -2.499979 -0.599480 0.892008 0.221530 -0.527278
    172 11.207076 -0.718225 0.644222 1.797342 -0.254298 -0.002959
    173 -9.580673 -27.862106 -37.184681 0.812879 -0.123459 -0.568477
    174 0.649933 -0.548295 0.093651 -1.665913 -0.131399 -0.112062
    175 0.657074 0.008402 0.040371 -1.665945 -0.131407 -0.000013
    176 0.665776 0.747221 -0.029190 -1.665935 -0.131408 0.094976
    177 2.300138 -2.499413 0.600155 -0.891930 -0.221530 -0.527291
    178 11.469488 -0.466384 4.428192 2.114295 -0.357400 0.009093
    179 2.762354 0.116951 1.523975 1.629482 0.064153 1.743800
    180 7.228323 7.928198 -3.925648 2.328713 0.123459 -0.568477
    181 0.650394 -0.547730 -0.092979 1.665913 0.131399 -0.112062
    182 0.657069 0.008398 -0.040379 1.665945 0.131407 -0.000013
    183 0.665777 0.747220 0.029182 1.665935 0.131408 0.094976
    184 -4.481003 -0.202000 0.000000 0.000000 0.000000 0.000000
    185 -5.516998 -0.291000 -0.001000 0.000000 0.000000 0.000000
    186 -0.857700 0.104073 0.104687 0.023536 0.163924 0.013632
    187 1.899121 0.000427 -0.000439 0.027386 -0.033311 0.477848
    188 1.799659 -0.000240 0.000231 0.027386 -0.033311 0.477848
    189 1.799659 -0.000240 0.000231 0.027386 -0.033311 0.477848
    190 1.799659 -0.000240 0.000231 0.027386 -0.033311 0.477848
    191 1.900308 -0.000145 -0.000518 0.027386 -0.033311 0.477848
    192 1.899433 -0.000317 -0.000151 -0.027386 0.033311 0.477848
    193 1.799659 -0.000237 -0.000233 -0.027386 0.033311 0.477848
    194 1.799659 -0.000237 -0.000233 -0.027386 0.033311 0.477848
    195 1.799659 -0.000237 -0.000233 -0.027386 0.033311 0.477848
    196 1.900724 0.000553 -0.000072 -0.027386 0.033311 0.477848
    197 0.599884 0.400187 -0.000031 0.000000 0.000000 0.000000
    198 0.599888 0.400187 0.000031 0.000000 0.000000 -3.141592
    199 0.599503 0.400696 0.000234 0.000000 0.000000 0.000000
    200 0.600399 0.399632 -0.000466 0.000000 0.000000 -3.141592
  time 66
    0 0.000000 0.000000 0.000000 0.000000 0.000000 -1.570796
    1 -0.106323 0.000000 -0.000198 0.000000 0.000000 0.000000
    2 0.000000 0.000000 0.000000 0.000000 0.000000 0.000000
    3 -0.904000 0.000000 -11.806000 0.000000 0.000000 0.000000
    4 0.000000 0.000000 -14.313999 0.000000 -1.570796 1.570857
    5 3.533001 0.000000 0.000000 0.000000 0.000000 0.000000
    6 6.250000 0.000000 0.000000 0.000000 0.000000 0.000000
    7 4.363281 6.343750 -0.083313 -1.153277 1.547377 -1.153364
    8 9.562500 6.343750 1.773438 1.153277 -1.547377 -1.153364
    9 5.790726 0.002787 -0.000113 -1.132027 0.217149 -1.637863
    10 5.999492 -0.000592 -4.000343 0.000000 0.000000 0.000000
    11 5.787410 0.002582 0.000893 0.574980 -0.322999 -1.384820
    12 5.999492 -0.000592 4.000336 0.000000 0.000000 0.000000
    13 0.500225 0.000133 -0.000088 0.226388 0.000000 0.000000
    14 11.534559 0.004255 -0.001312 0.000007 0.000093 -0.995883
    15 -0.829338 0.893824 0.079659 -0.148839 0.047645 0.087266
    16 0.500225 0.000132 0.000076 0.147356 0.000000 -0.000012
    17 11.532495 0.004432 -0.000089 0.000006 -0.000022 -1.254655
    18 -0.829586 0.894698 -0.079464 0.045377 -0.019621 0.087266
    19 10.599884 0.000105 -0.000553 -1.046719 -0.000048 0.000024
    20 0.154822 -0.279087 -0.000805 0.000000 0.000011 0.497979
    21 11.045963 0.003717 0.004704 -0.963715 -0.026017 0.626264
    22 -1.214832 0.203470 -0.477489 -0.135025 -0.078677 -0.001289
    23 10.599880 0.000105 0.000549 0.140591 0.000000 0.000000
    24 0.252480 -0.357215 0.000801 -0.000060 0.000013 0.627355
    25 11.041742 0.003171 -0.000571 0.100033 0.531610 0.964039
    26 -1.063377 0.077663 0.150230 0.045121 0.020046 -0.012850
    27 0.610302 -0.939470 0.070343 -1.655295 -0.140031 -0.175544
    28 0.639940 -0.199121 0.060188 -1.665960 -0.131427 -0.066387
    29 0.600155 1.080261 -0.339535 -1.738553 0.015361 0.075314
    30 0.610207 0.400743 -0.010101 -1.762268 -0.061628 0.042968
    31 0.634715 -0.693997 -0.232343 0.036585 0.209376 -0.870228
    32 -0.792125 0.203736 0.461300 1.439074 -0.003453 -0.018305
    33 0.610300 -0.939469 -0.070351 1.655295 0.140043 -0.175628
    34 0.639937 -0.199121 -0.060200 1.665604 0.091219 -0.070342
    35 0.600157 1.080259 0.339531 1.764649 -0.263886 -0.039199
    36 0.610205 0.400743 0.010086 1.763182 -0.081612 -0.010352
    37 0.624002 -0.691393 0.232270 -0.279339 -0.243019 -1.042178
    38 -0.626031 -0.069983 -0.080517 -1.447153 0.086151 0.021559
    39 2.621377 -0.002532 -0.001438 -0.231772 -0.474737 1.048956
    40 2.664743 0.000397 -0.000071 -0.299600 -0.327340 1.276661
    41 2.206394 0.003368 -0.006769 -0.219848 -0.142709 1.343031
    42 0.599952 0.959240 -0.300102 -0.174544 0.000000 0.000000
    43 2.557190 -0.001967 0.006359 -0.151479 -0.240412 1.314004
    44 2.095024 -0.003873 -0.006100 -0.426353 -0.111282 0.840296
    45 1.000000 0.000600 -1.192383 -0.000001 0.000000 0.000000
    46 -0.122639 -0.721856 0.661690 -0.486644 0.223964 0.243056
    47 2.622113 -0.000648 0.006647 0.333440 0.161352 0.517897
    48 2.654002 0.004589 -0.000533 0.358001 -0.006349 1.156479
    49 2.200016 0.001663 0.000836 0.281386 -0.092714 0.678585
    50 0.599951 0.959244 0.300102 0.174544 0.000000 0.000000
    51 2.556570 -0.000385 0.000554 0.237708 -0.048397 0.969187
    52 2.103851 0.005614 -0.001014 0.556269 -0.214305 0.643913
    53 0.999512 -0.000048 1.096680 0.000000 0.000000 0.000001
    54 0.310846 -0.606445 -0.498005 0.308107 -0.197598 0.313976
    55 1.873069 -0.000835 -0.004901 -0.000031 -0.000044 0.768265
    56 1.200941 0.399582 -0.000237 -0.009465 0.016087 0.007127
    57 0.000586 0.100342 -0.000319 -0.120035 -0.021926 -0.209617
    58 -0.161663 0.051712 0.194808 -2.941982 0.122408 -0.060194
    59 2.010092 -0.003202 -0.003377 0.000042 0.000060 0.848494
    60 0.000240 0.099802 -0.000395 -0.018823 0.010833 -0.239219
    61 -0.203197 0.048607 0.069150 -3.093332 0.033217 -0.046722
    62 1.180428 -0.006214 0.000780 -0.000014 0.000012 0.459240
    63 -0.000196 0.099625 -0.000034 0.000000 0.000000 -0.314102
    64 -0.088736 -0.688435 -0.145203 2.930407 -0.136130 0.513013
    65 1.712069 -0.003328 0.003818 0.002671 -0.012449 0.668783
    66 -0.000580 0.100145 -0.000311 -0.010912 0.023129 -0.260841
    67 -0.146030 -0.232426 -0.014225 3.028455 -0.094299 0.113020
    68 1.290632 0.000362 -0.000032 0.000000 0.000000 0.156027
    69 -0.658121 -0.003575 0.072645 -0.142711 0.027792 -0.077299
    70 1.868080 -0.003049 0.006083 0.000003 -0.000021 0.515575
    71 1.200079 0.399944 -0.000093 0.009465 -0.016087 0.007127
    72 0.000591 0.100342 0.000319 0.120035 0.021926 -0.209617
    73 0.068077 0.002285 -0.080050 3.111376 -0.069366 -0.060847
    74 2.015780 -0.005083 0.002180 -0.000013 -0.000109 1.537455
    75 0.000229 0.099802 0.000395 0.018823 -0.010833 -0.239219
    76 -0.018673 -0.001009 0.047544 3.109244 0.002635 -0.106673
    77 1.178665 0.001595 0.000845 0.000018 -0.000012 0.802275
    78 -0.000198 0.099628 0.000034 0.000000 0.000000 -0.314102
    79 0.036892 -0.634449 0.266284 -2.801062 0.174301 0.490914
    80 1.704350 -0.002506 -0.000686 -0.000010 0.000023 1.211497
    81 -0.000576 0.100136 0.000311 0.010912 -0.023131 -0.260841
    82 -0.003952 -0.281811 0.115047 -3.059162 0.089004 0.167964
    83 1.289627 0.003949 0.000061 -0.000014 0.000003 0.499887
    84 -0.171528 -0.018148 -0.099873 0.013484 -0.062184 -0.011780
    85 0.912716 0.007240 0.001326 0.000019 0.000021 0.552402
    86 -0.342617 0.053404 -0.025571 -2.909301 -0.017248 0.075276
    87 1.100231 -0.000930 -0.002434 -0.000003 -0.000046 0.208997
    88 -0.384983 0.330998 0.006848 -3.087207 -0.018765 -0.184279
    89 0.678146 0.006192 0.000002 -0.000018 -0.000079 0.518187
    90 -0.123848 0.072737 0.029507 2.898184 -0.060627 0.094834
    91 1.017166 -0.000154 -0.000252 -0.307188 -0.034781 0.407316
    92 -0.344986 0.123129 0.143151 2.994981 0.012396 0.059140
    93 -0.730988 0.177046 0.039141 -0.123731 0.076518 -0.084310
    94 0.925900 0.001298 -0.000896 -0.000062 0.000025 0.943661
    95 -0.124027 -0.052092 0.038496 3.077813 -0.008519 0.039229
    96 1.100430 -0.007458 0.000503 -0.217263 0.000018 0.841328
    97 -0.330082 0.160641 0.042780 3.128073 0.034033 -0.171236
    98 0.679760 0.005438 0.003272 -0.000070 0.000003 1.384738
    99 -0.019516 -0.016531 0.038578 -2.763781 0.050305 0.076828
    100 1.014985 0.005113 0.001121 -0.085180 0.000019 1.155556
    101 -0.155312 0.130643 -0.021921 -3.022466 0.022433 -0.024903
    102 -0.252209 0.061937 -0.024914 -0.007671 -0.063171 -0.044392
    103 -0.085991 0.185203 -0.015180 -2.937063 -0.113970 -0.138991
    104 -0.286537 0.179852 0.024264 -3.109353 -0.049645 -0.029915
    105 -0.019489 0.147084 0.079203 2.893815 0.038585 -0.060594
    106 -0.046482 0.251898 0.129548 3.016165 0.077112 -0.042864
    107 0.039120 -0.040298 0.047739 3.084219 0.030470 -0.037414
    108 -0.233757 0.066630 0.001754 -3.133086 0.040141 -0.065413
    109 0.044266 0.020128 0.001684 -2.778763 -0.118872 -0.040488
    110 0.071495 0.074127 -0.048302 -3.035917 -0.059482 0.104366
    111 0.000000 0.000000 0.000000 0.000000 0.000000 -1.570796
    112 12.617573 -0.335948 -3.925901 -0.314707 0.000000 -0.000241
    113 9.109653 7.785394 -5.734550 -0.245098 -0.723041 -1.377538
    114 -0.348999 0.000000 0.342999 0.000000 0.000000 0.000000
    115 2.394995 0.000000 0.034000 0.000000 0.000000 0.000000
    116 0.008000 0.000000 1.401997 0.000000 0.000000 0.000000
    117 1.148998 0.000000 0.626999 0.000000 0.000000 0.000000
    118 1.107998 0.000000 0.153000 0.000000 0.000000 0.000000
    119 -2.457995 0.000000 0.449999 0.000000 0.000000 0.000000
    120 0.283000 0.000000 0.659998 0.000000 0.000000 0.000000
    121 4.293992 0.000000 0.136000 0.000000 0.000000 0.000000
    122 1.511997 -0.417999 1.094998 0.000000 0.000000 -1.570755
    123 4.229991 0.000000 0.042000 0.000000 0.000000 0.000000
    124 0.240000 0.000000 -0.662999 0.000000 0.000000 0.000000
    125 1.060998 0.000000 -3.633993 0.000000 0.000000 0.000000
    126 0.193999 0.000000 -2.057996 0.000000 0.000000 0.000000
    127 -0.774998 0.000000 -2.394995 0.000000 0.000000 0.000000
    128 0.000000 0.000000 0.000000 0.000000 0.000000 0.000000
    129 -0.106000 0.000000 64.320000 0.000000 0.000000 0.000000
    130 0.000000 0.000000 0.000000 0.000000 0.000000 0.000000
    131 0.000000 0.000000 0.000000 0.000000 0.000120 0.000000
    132 23.292503 -0.967643 5.968346 -0.314770 -0.000056 -0.000379
    133 0.106000 0.000000 -64.320000 0.000000 0.000000 0.000000
    134 0.000000 0.000000 0.000000 0.000000 0.000000 0.000000
    135 0.000000 0.000000 -4.867002 -3.141592 0.000000 -3.128591
    136 0.000000 0.000000 4.867000 -3.141592 0.000000 -3.128591
    137 4.000000 -6.500000 0.000000 0.000000 0.000000 0.000977
    138 -6.500000 0.000000 0.000000 0.000000 1.570796 0.000000
    139 1.000088 -0.000029 0.000000 0.000000 0.000000 0.000000
    140 17.162516 -0.000404 0.000000 0.000000 0.000000 0.119214
    141 9.999891 -0.000303 0.000000 0.000000 0.000000 0.000000
    142 1.000088 -0.000029 0.000000 0.000000 0.000000 0.000000
    143 17.162516 -0.000404 0.000000 0.000000 0.000000 0.119214
    144 9.499836 0.000212 0.000000 0.000000 0.000000 0.000000
    145 0.000000 0.000000 0.000000 0.000000 0.000000 0.000000
    146 17.749374 0.295515 0.000000 0.000000 0.000000 -1.158958
    147 0.017889 0.299792 0.000000 0.000000 0.000000 -0.059582
    148 12.283573 1.581456 -4.696000 1.462269 -0.086726 0.090185
    149 17.749376 0.295515 0.000000 0.000000 0.000000 -1.158958
    150 0.017889 0.299792 0.000000 0.000000 0.000000 -0.059582
    151 13.354000 0.000000 0.000000 0.000000 0.000000 -0.294101
    152 4.530998 0.000000 0.000000 0.000000 0.000000 0.000000
    153 0.000000 0.000000 0.000000 0.000000 0.000000 0.000000
    154 5.413524 0.000347 0.000000 0.000000 0.000000 -0.518055
    155 5.413524 0.000347 0.000000 0.000000 0.000000 -0.518055
    156 4.662002 -5.366333 4.825191 1.569713 1.561305 -3.121213
    157 3.116966 -0.000443 0.000000 0.000000 0.000000 0.294101
    158 0.000000 0.000000 0.000000 0.000000 0.000000 0.000000
    159 -0.271999 0.000000 2.688000 0.000000 0.000000 0.000000
    160 -13.659218 19.165068 -53.637581 0.314413 -0.000069 0.000463
    161 3.512001 -3.547000 -1.066000 0.000000 1.570796 0.000000
    162 3.456001 -3.517000 1.169000 0.000000 1.570796 0.000000
    163 6.233002 0.000000 0.000000 0.000000 0.000000 0.000000
    164 -0.171997 -0.106000 -0.902000 1.570713 1.029176 -3.134550
    165 6.241997 -6.380000 0.000000 0.000000 0.000000 -0.000120
    166 0.181000 -0.064000 1.096000 0.000000 0.000000 0.000000
    167 3.999434 -0.000528 -0.000332 -0.523296 -0.000023 0.000016
    168 3.999901 0.000041 0.001011 0.070332 0.000000 0.000000
    169 1.598000 0.000000 0.000000 0.000000 0.000000 0.000000
    170 -1.145525 0.000130 0.000668 0.000000 0.000000 0.000000
    171 2.299679 -2.499979 -0.599480 0.892008 0.221542 -0.527230
    172 11.207076 -0.718225 0.644222 1.797342 -0.254298 -0.002959
    173 -9.580673 -27.862106 -37.184681 0.812879 -0.123459 -0.568477
    174 0.649933 -0.548295 0.093651 -1.665913 -0.131399 -0.112062
    175 0.657074 0.008402 0.040371 -1.665945 -0.131407 -0.000013
    176 0.665776 0.747221 -0.029190 -1.665935 -0.131408 0.094976
    177 2.300138 -2.499413 0.600155 -0.891957 -0.221506 -0.527211
    178 11.469488 -0.466384 4.428192 2.114230 -0.357532 0.009005
    179 2.762354 0.116951 1.523975 1.629482 0.064153 1.743800
    180 7.228323 7.928198 -3.925648 2.328713 0.123459 -0.568477
    181 0.650394 -0.547730 -0.092979 1.665913 0.131399 -0.112062
    182 0.657069 0.008398 -0.040379 1.665945 0.131407 -0.000013
    183 0.665777 0.747220 0.029182 1.665935 0.131408 0.094976
    184 -4.481003 -0.202000 0.000000 0.000000 0.000000 0.000000
    185 -5.516998 -0.291000 -0.001000 0.000000 0.000000 0.000000
    186 -0.857700 0.104073 0.104687 0.023536 0.163924 0.013632
    187 1.899121 0.000427 -0.000439 0.027386 -0.033311 0.477848
    188 1.799659 -0.000240 0.000231 0.027386 -0.033311 0.477848
    189 1.799659 -0.000240 0.000231 0.027386 -0.033311 0.477848
    190 1.799659 -0.000240 0.000231 0.027386 -0.033311 0.477848
    191 1.900308 -0.000145 -0.000518 0.027386 -0.033311 0.477848
    192 1.899433 -0.000317 -0.000151 -0.027386 0.033311 0.477848
    193 1.799659 -0.000237 -0.000233 -0.027386 0.033311 0.477848
    194 1.799659 -0.000237 -0.000233 -0.027386 0.033311 0.477848
    195 1.799659 -0.000237 -0.000233 -0.027386 0.033311 0.477848
    196 1.900724 0.000553 -0.000072 -0.027386 0.033311 0.477848
    197 0.599884 0.400187 -0.000031 0.000000 0.000000 0.000000
    198 0.599888 0.400187 0.000031 0.000000 0.000000 -3.141592
    199 0.599503 0.400696 0.000234 0.000000 0.000000 0.000000
    200 0.600399 0.399632 -0.000466 0.000000 0.000000 -3.141592
  time 67
    0 0.000000 0.000000 0.000000 0.000000 0.000000 -1.570796
    1 -0.106323 0.000000 -0.000198 0.000000 0.000000 0.000000
    2 0.000000 0.000000 0.000000 0.000000 0.000000 0.000000
    3 -0.904000 0.000000 -11.806000 0.000000 0.000000 0.000000
    4 0.000000 0.000000 -14.313999 0.000000 -1.570796 1.570857
    5 3.533001 0.000000 0.000000 0.000000 0.000000 0.000000
    6 6.250000 0.000000 0.000000 0.000000 0.000000 0.000000
    7 4.363281 6.343750 -0.083313 -1.153277 1.547377 -1.153364
    8 9.562500 6.343750 1.773438 1.153277 -1.547377 -1.153364
    9 5.790726 0.002787 -0.000113 -1.132027 0.217122 -1.637769
    10 5.999492 -0.000592 -4.000343 0.000000 0.000000 0.000000
    11 5.787410 0.002582 0.000893 0.574980 -0.322999 -1.384820
    12 5.999492 -0.000592 4.000336 0.000000 0.000000 0.000000
    13 0.500225 0.000133 -0.000088 0.226388 0.000000 -0.000060
    14 11.534559 0.004255 -0.001312 -0.000017 0.000009 -0.995956
    15 -0.829338 0.893824 0.079659 -0.148839 0.047645 0.087266
    16 0.500225 0.000132 0.000076 0.147331 0.000000 0.000000
    17 11.532495 0.004432 -0.000089 0.000006 -0.000022 -1.254655
    18 -0.829586 0.894698 -0.079464 0.045377 -0.019621 0.087266
    19 10.599884 0.000105 -0.000553 -1.046484 -0.000048 0.000024
    20 0.150916 -0.279087 -0.000805 0.000000 0.000011 0.497979
    21 11.045963 0.003717 0.000798 -0.963492 -0.025721 0.626475
    22 -1.214832 0.203470 -0.477489 -0.135025 -0.078677 -0.001289
    23 10.599880 0.000105 0.000549 0.141368 0.000000 0.000000
    24 0.252480 -0.357215 0.000801 0.000000 -0.000011 0.627355
    25 11.041742 0.003171 -0.000571 0.100516 0.531478 0.964394
    26 -1.063377 0.077663 0.150230 0.045121 0.020046 -0.012850
    27 0.610302 -0.939470 0.070343 -1.655295 -0.140043 -0.175628
    28 0.639940 -0.199121 0.060188 -1.665960 -0.131367 -0.066375
    29 0.600155 1.080261 -0.339535 -1.738500 0.015361 0.075314
    30 0.610207 0.400743 -0.010101 -1.762268 -0.061628 0.042956
    31 0.634715 -0.693997 -0.232343 0.036585 0.209315 -0.870269
    32 -0.792125 0.203736 0.461300 1.439074 -0.003453 -0.018305
    33 0.610300 -0.939469 -0.070351 1.655295 0.140043 -0.175640
    34 0.639937 -0.199121 -0.060200 1.665502 0.091267 -0.070294
    35 0.600157 1.080259 0.339531 1.764596 -0.263910 -0.039235
    36 0.610205 0.400743 0.010086 1.763129 -0.081576 -0.010304
    37 0.624002 -0.695300 0.232270 -0.279303 -0.243079 -1.042178
    38 -0.626031 -0.069983 -0.080517 -1.447153 0.086151 0.021559
    39 2.621377 -0.002532 -0.001438 -0.231742 -0.474774 1.048956
    40 2.664743 0.000397 -0.000071 -0.299690 -0.327376 1.276622
    41 2.206394 0.003368 -0.006769 -0.219800 -0.142773 1.342956
    42 0.599952 0.959240 -0.300102 -0.174544 0.000000 0.000000
    43 2.553283 -0.001967 0.006359 -0.151479 -0.240412 1.313965
    44 2.095024 -0.003873 -0.002193 -0.426324 -0.111239 0.840357
    45 1.000000 0.000600 -1.192383 -0.000001 0.000000 0.000000
    46 -0.122639 -0.721856 0.661690 -0.486644 0.223964 0.243056
    47 2.622113 -0.000648 0.006647 0.333636 0.161364 0.517921
    48 2.657909 0.004589 -0.000533 0.358001 -0.006349 1.156456
    49 2.200016 0.001663 0.000836 0.281470 -0.092666 0.678508
    50 0.599951 0.959244 0.300102 0.174544 0.000000 0.000000
    51 2.556570 -0.000385 0.000554 0.237827 -0.048433 0.969074
    52 2.103851 0.001708 -0.001014 0.556269 -0.214280 0.643871
    53 0.999512 -0.000048 1.096680 0.000000 0.000000 0.000001
    54 0.310846 -0.606445 -0.498005 0.308107 -0.197598 0.313976
    55 1.873069 -0.004741 -0.000994 -0.000007 0.000004 0.768265
    56 1.200941 0.399582 -0.000237 -0.009465 0.016087 0.007127
    57 0.000586 0.100342 -0.000319 -0.120035 -0.021926 -0.209617
    58 -0.161663 0.051712 0.194808 -2.941982 0.122408 -0.060194
    59 2.010092 -0.007109 -0.003377 0.000018 0.000013 0.848494
    60 0.000240 0.099802 -0.000395 -0.018823 0.010833 -0.239219
    61 -0.203197 0.048607 0.069150 -3.093332 0.033217 -0.046722
    62 1.180428 -0.006214 0.000780 -0.000014 0.000000 0.459240
    63 -0.000196 0.099625 -0.000034 0.000000 0.000000 -0.314102
    64 -0.088736 -0.688435 -0.145203 2.930407 -0.136130 0.513013
    65 1.712069 -0.003328 -0.000088 0.002767 -0.012544 0.668783
    66 -0.000580 0.100145 -0.000311 -0.010912 0.023129 -0.260841
    67 -0.146030 -0.232426 -0.014225 3.028455 -0.094299 0.113020
    68 1.290632 0.000362 -0.000032 0.000000 0.000000 0.156027
    69 -0.658121 -0.003575 0.072645 -0.142711 0.027792 -0.077299
    70 1.868080 -0.003049 0.006083 0.000003 -0.000021 0.515649
    71 1.200079 0.399944 -0.000093 0.009465 -0.016087 0.007127
    72 0.000591 0.100342 0.000319 0.120035 0.021926 -0.209617
    73 0.068077 0.002285 -0.080050 3.111376 -0.069366 -0.060847
    74 2.015780 -0.005083 0.006086 -0.000061 -0.000061 1.537522
    75 0.000229 0.099802 0.000395 0.018823 -0.010833 -0.239219
    76 -0.018673 -0.001009 0.047544 3.109244 0.002635 -0.106673
    77 1.178665 0.001595 0.000845 0.000018 -0.000012 0.802275
    78 -0.000198 0.099628 0.000034 0.000000 0.000000 -0.314102
    79 0.036892 -0.634449 0.266284 -2.801062 0.174301 0.490914
    80 1.704350 -0.002506 -0.004592 -0.000010 0.000023 1.211567
    81 -0.000576 0.100136 0.000311 0.010912 -0.023131 -0.260841
    82 -0.003952 -0.281811 0.115047 -3.059162 0.089004 0.167964
    83 1.289627 0.003949 0.000061 -0.000014 0.000003 0.499913
    84 -0.171528 -0.018148 -0.099873 0.013484 -0.062184 -0.011780
    85 0.912716 0.007240 0.001326 0.000019 0.000021 0.552445
    86 -0.342617 0.053404 -0.025571 -2.909301 -0.017248 0.075276
    87 1.100231 -0.000930 -0.002434 0.000009 0.000014 0.209037
    88 -0.384983 0.330998 0.006848 -3.087207 -0.018765 -0.184279
    89 0.678146 0.006192 0.000002 -0.000018 -0.000019 0.518187
    90 -0.123848 0.072737 0.029507 2.898184 -0.060627 0.094834
    91 1.017166 -0.000154 -0.000252 -0.307188 -0.034745 0.407375
    92 -0.344986 0.123129 0.143151 2.994981 0.012396 0.059140
    93 -0.730988 0.177046 0.039141 -0.123731 0.076518 -0.084310
    94 0.921993 0.005205 -0.000896 -0.000002 -0.000011 0.943547
    95 -0.124027 -0.052092 0.038496 3.077813 -0.008519 0.039229
    96 1.100430 -0.003552 0.000503 -0.217215 -0.000018 0.841241
    97 -0.330082 0.160641 0.042780 3.128073 0.034033 -0.171236
    98 0.679760 0.005438 0.003272 0.000062 0.000063 1.384707
    99 -0.019516 -0.016531 0.038578 -2.763781 0.050305 0.076828
    100 1.014985 0.001206 0.001121 -0.085156 -0.000077 1.155470
    101 -0.155312 0.130643 -0.021921 -3.022466 0.022433 -0.024903
    102 -0.252209 0.061937 -0.024914 -0.007671 -0.063171 -0.044392
    103 -0.085991 0.185203 -0.015180 -2.937063 -0.113970 -0.138991
    104 -0.286537 0.179852 0.024264 -3.109353 -0.049645 -0.029915
    105 -0.019489 0.147084 0.079203 2.893815 0.038585 -0.060594
    106 -0.046482 0.251898 0.129548 3.016165 0.077112 -0.042864
    107 0.039120 -0.040298 0.047739 3.084219 0.030470 -0.037414
    108 -0.233757 0.066630 0.001754 -3.133086 0.040141 -0.065413
    109 0.044266 0.020128 0.001684 -2.778763 -0.118872 -0.040488
    110 0.071495 0.074127 -0.048302 -3.035917 -0.059482 0.104366
    111 0.000000 0.000000 0.000000 0.000000 0.000000 -1.570796
    112 12.617573 -0.335948 -3.925901 -0.314212 0.000000 -0.000422
    113 9.109653 7.785394 -5.730644 -0.244494 -0.722996 -1.378135
    114 -0.348999 0.000000 0.342999 0.000000 0.000000 0.000000
    115 2.394995 0.000000 0.034000 0.000000 0.000000 0.000000
    116 0.008000 0.000000 1.401997 0.000000 0.000000 0.000000
    117 1.148998 0.000000 0.626999 0.000000 0.000000 0.000000
    118 1.107998 0.000000 0.153000 0.000000 0.000000 0.000000
    119 -2.457995 0.000000 0.449999 0.000000 0.000000 0.000000
    120 0.283000 0.000000 0.659998 0.000000 0.000000 0.000000
    121 4.293992 0.000000 0.136000 0.000000 0.000000 0.000000
    122 1.511997 -0.417999 1.094998 0.000000 0.000000 -1.570755
    123 4.229991 0.000000 0.042000 0.000000 0.000000 0.000000
    124 0.240000 0.000000 -0.662999 0.000000 0.000000 0.000000
    125 1.060998 0.000000 -3.633993 0.000000 0.000000 0.000000
    126 0.193999 0.000000 -2.057996 0.000000 0.000000 0.000000
    127 -0.774998 0.000000 -2.394995 0.000000 0.000000 0.000000
    128 0.000000 0.000000 0.000000 0.000000 0.000000 0.000000
    129 -0.106000 0.000000 64.320000 0.000000 0.000000 0.000000
    130 0.000000 0.000000 0.000000 0.000000 0.000000 0.000000
    131 0.000000 0.000000 0.000000 0.000000 0.000000 0.000000
    132 23.292503 -0.967643 5.968346 -0.314247 -0.000056 -0.000500
    133 0.106000 0.000000 -64.320000 0.000000 0.000000 0.000000
    134 0.000000 0.000000 0.000000 0.000000 0.000000 0.000000
    135 0.000000 0.000000 -4.867002 -3.141592 0.000000 -3.128591
    136 0.000000 0.000000 4.867000 -3.141592 0.000000 -3.128591
    137 4.000000 -6.500000 0.000000 0.000000 0.000000 0.000977
    138 -6.500000 0.000000 0.000000 0.000000 1.570796 0.000000
    139 1.000088 -0.000029 0.000000 0.000000 0.000000 0.000000
    140 17.162516 -0.000404 0.000000 0.000000 0.000000 0.119214
    141 9.999891 -0.000303 0.000000 0.000000 0.000000 0.000000
    142 1.000088 -0.000029 0.000000 0.000000 0.000000 0.000000
    143 17.162516 -0.000404 0.000000 0.000000 0.000000 0.119214
    144 9.499836 0.000212 0.000000 0.000000 0.000000 0.000000
    145 0.000000 0.000000 0.000000 0.000000 0.000000 0.000000
    146 17.749374 0.295515 0.000000 0.000000 0.000000 -1.158958
    147 0.017889 0.299792 0.000000 0.000000 0.000000 -0.059582
    148 12.283573 1.581456 -4.696000 1.462269 -0.086726 0.090185
    149 17.749376 0.295515 0.000000 0.000000 0.000000 -1.158958
    150 0.017889 0.299792 0.000000 0.000000 0.000000 -0.059582
    151 13.354000 0.000000 0.000000 0.000000 0.000000 -0.294101
    152 4.530998 0.000000 0.000000 0.000000 0.000000 0.000000
    153 0.000000 0.000000 0.000000 0.000000 0.000000 0.000000
    154 5.413524 0.000347 0.000000 0.000000 0.000000 -0.518055
    155 5.413524 0.000347 0.000000 0.000000 0.000000 -0.518055
    156 4.662002 -5.366333 4.825191 1.569713 1.561305 -3.121213
    157 3.116966 -0.000443 0.000000 0.000000 0.000000 0.294101
    158 0.000000 0.000000 0.000000 0.000000 0.000000 0.000000
    159 -0.271999 0.000000 2.688000 0.000000 0.000000 0.000000
    160 -13.659218 19.141630 -53.645393 0.314162 -0.000197 0.000463
    161 3.512001 -3.547000 -1.066000 0.000000 1.570796 0.000000
    162 3.456001 -3.517000 1.169000 0.000000 1.570796 0.000000
    163 6.233002 0.000000 0.000000 0.000000 0.000000 0.000000
    164 -0.171997 -0.106000 -0.902000 1.570713 1.029176 -3.134550
    165 6.241997 -6.380000 0.000000 0.000000 0.000000 0.000000
    166 0.181000 -0.064000 1.096000 0.000000 0.000000 0.000000
    167 3.999434 -0.000528 -0.000332 -0.523296 -0.000059 0.000016
    168 3.999901 0.000041 0.001011 0.070695 0.000000 0.000000
    169 1.598000 0.000000 0.000000 0.000000 0.000000 0.000000
    170 -1.145525 0.000130 0.000668 0.000000 0.000000 0.000000
    171 2.299679 -2.499979 -0.599480 0.892008 0.221446 -0.527246
    172 11.207076 -0.718225 0.644222 1.797438 -0.254338 -0.002959
    173 -9.580673 -27.862106 -37.184681 0.812879 -0.123459 -0.568477
    174 0.649933 -0.548295 0.093651 -1.665913 -0.131399 -0.112062
    175 0.657074 0.008402 0.040371 -1.665945 -0.131407 -0.000013
    176 0.665776 0.747221 -0.029190 -1.665935 -0.131408 0.094976
    177 2.300138 -2.499413 0.600155 -0.891930 -0.221542 -0.527211
    178 11.469488 -0.466384 4.428192 2.114295 -0.357385 0.009023
    179 2.762354 0.116951 1.523975 1.629482 0.064153 1.743800
    180 7.228323 7.928198 -3.925648 2.328713 0.123459 -0.568477
    181 0.650394 -0.547730 -0.092979 1.665913 0.131399 -0.112062
    182 0.657069 0.008398 -0.040379 1.665945 0.131407 -0.000013
    183 0.665777 0.747220 0.029182 1.665935 0.131408 0.094976
    184 -4.481003 -0.202000 0.000000 0.000000 0.000000 0.000000
    185 -5.516998 -0.291000 -0.001000 0.000000 0.000000 0.000000
    186 -0.857700 0.104073 0.104687 0.023536 0.163924 0.013632
    187 1.899121 0.000427 -0.000439 0.027386 -0.033311 0.477848
    188 1.799659 -0.000240 0.000231 0.027386 -0.033311 0.477848
    189 1.799659 -0.000240 0.000231 0.027386 -0.033311 0.477848
    190 1.799659 -0.000240 0.000231 0.027386 -0.033311 0.477848
    191 1.900308 -0.000145 -0.000518 0.027386 -0.033311 0.477848
    192 1.899433 -0.000317 -0.000151 -0.027386 0.033311 0.477848
    193 1.799659 -0.000237 -0.000233 -0.027386 0.033311 0.477848
    194 1.799659 -0.000237 -0.000233 -0.027386 0.033311 0.477848
    195 1.799659 -0.000237 -0.000233 -0.027386 0.033311 0.477848
    196 1.900724 0.000553 -0.000072 -0.027386 0.033311 0.477848
    197 0.599884 0.400187 -0.000031 0.000000 0.000000 0.000000
    198 0.599888 0.400187 0.000031 0.000000 0.000000 -3.141592
    199 0.599503 0.400696 0.000234 0.000000 0.000000 0.000000
    200 0.600399 0.399632 -0.000466 0.000000 0.000000 -3.141592
end
