// Created by Crowbar 0.74
version 1
nodes
  0 "tag_origin" -1
  1 "tag_view" 0
  2 "tag_ads" 1
  3 "tag_torso" 2
  4 "j_mainroot" 3
  5 "j_spinelower" 4
  6 "j_spineupper" 5
  7 "j_clavicle_le" 6
  8 "j_clavicle_ri" 6
  9 "j_shoulder_le" 7
  10 "j_teres_le" 7
  11 "j_shoulder_ri" 8
  12 "j_teres_ri" 8
  13 "j_shouldertwist_le" 9
  14 "j_elbow_le" 9
  15 "ValveBiped.Bip01_L_UpperArm" 9
  16 "j_shouldertwist_ri" 11
  17 "j_elbow_ri" 11
  18 "ValveBiped.Bip01_R_UpperArm" 11
  19 "j_wristfronttwist1_le" 14
  20 "j_elbowdq_le" 14
  21 "j_wrist_le" 14
  22 "ValveBiped.Bip01_L_Forearm" 14
  23 "j_wristfronttwist1_ri" 17
  24 "j_elbowdq_ri" 17
  25 "j_wrist_ri" 17
  26 "ValveBiped.Bip01_R_Forearm" 17
  27 "j_metaindex_le_1" 21
  28 "j_metamid_le_1" 21
  29 "j_metapinky_le_1" 21
  30 "j_metaring_le_1" 21
  31 "j_thumb_le_1" 21
  32 "ValveBiped.Bip01_L_Hand" 21
  33 "j_metaindex_ri_1" 25
  34 "j_metamid_ri_1" 25
  35 "j_metapinky_ri_1" 25
  36 "j_metaring_ri_1" 25
  37 "j_thumb_ri_1" 25
  38 "ValveBiped.Bip01_R_Hand" 25
  39 "j_index_le_1" 27
  40 "j_mid_le_1" 28
  41 "j_pinky_le_1" 29
  42 "j_webbing_le_3" 29
  43 "j_ring_le_1" 30
  44 "j_thumb_le_2" 31
  45 "j_webbing_le_2" 31
  46 "ValveBiped.Bip01_L_Finger0" 31
  47 "j_index_ri_1" 33
  48 "j_mid_ri_1" 34
  49 "j_pinky_ri_1" 35
  50 "j_webbing_ri_3" 35
  51 "j_ring_ri_1" 36
  52 "j_thumb_ri_2" 37
  53 "j_webbing_ri_2" 37
  54 "ValveBiped.Bip01_R_Finger0" 37
  55 "j_index_le_2" 39
  56 "j_indexbulge_le_1" 39
  57 "j_proc_index_le_1" 39
  58 "ValveBiped.Bip01_L_Finger1" 39
  59 "j_mid_le_2" 40
  60 "j_proc_mid_le_1" 40
  61 "ValveBiped.Bip01_L_Finger2" 40
  62 "j_pinky_le_2" 41
  63 "j_proc_pinky_le_1" 41
  64 "ValveBiped.Bip01_L_Finger4" 41
  65 "j_ring_le_2" 43
  66 "j_proc_ring_le_1" 43
  67 "ValveBiped.Bip01_L_Finger3" 43
  68 "j_thumb_le_3" 44
  69 "ValveBiped.Bip01_L_Finger01" 44
  70 "j_index_ri_2" 47
  71 "j_indexbulge_ri_1" 47
  72 "j_proc_index_ri_1" 47
  73 "ValveBiped.Bip01_R_Finger1" 47
  74 "j_mid_ri_2" 48
  75 "j_proc_mid_ri_1" 48
  76 "ValveBiped.Bip01_R_Finger2" 48
  77 "j_pinky_ri_2" 49
  78 "j_proc_pinky_ri_1" 49
  79 "ValveBiped.Bip01_R_Finger4" 49
  80 "j_ring_ri_2" 51
  81 "j_proc_ring_ri_1" 51
  82 "ValveBiped.Bip01_R_Finger3" 51
  83 "j_thumb_ri_3" 52
  84 "ValveBiped.Bip01_R_Finger01" 52
  85 "j_index_le_3" 55
  86 "ValveBiped.Bip01_L_Finger11" 55
  87 "j_mid_le_3" 59
  88 "ValveBiped.Bip01_L_Finger21" 59
  89 "j_pinky_le_3" 62
  90 "ValveBiped.Bip01_L_Finger41" 62
  91 "j_ring_le_3" 65
  92 "ValveBiped.Bip01_L_Finger31" 65
  93 "ValveBiped.Bip01_L_Finger02" 68
  94 "j_index_ri_3" 70
  95 "ValveBiped.Bip01_R_Finger11" 70
  96 "j_mid_ri_3" 74
  97 "ValveBiped.Bip01_R_Finger21" 74
  98 "j_pinky_ri_3" 77
  99 "ValveBiped.Bip01_R_Finger41" 77
  100 "j_ring_ri_3" 80
  101 "ValveBiped.Bip01_R_Finger31" 80
  102 "ValveBiped.Bip01_R_Finger02" 83
  103 "ValveBiped.Bip01_L_Finger12" 85
  104 "ValveBiped.Bip01_L_Finger22" 87
  105 "ValveBiped.Bip01_L_Finger42" 89
  106 "ValveBiped.Bip01_L_Finger32" 91
  107 "ValveBiped.Bip01_R_Finger12" 94
  108 "ValveBiped.Bip01_R_Finger22" 96
  109 "ValveBiped.Bip01_R_Finger42" 98
  110 "ValveBiped.Bip01_R_Finger32" 100
  111 "tag_pistol_offset" -1
  112 "j_gun" -1
  113 "j_hammer" 111
  114 "tag_align_gun" 111
  115 "tag_brass" 111
  116 "tag_grip_hide" 111
  117 "tag_laser_attach" 111
  118 "tag_mag_attach" 111
  119 "tag_rail_attach" 111
  120 "tag_stock_attach" 111
  121 "j_trigger" 120
  122 "tag_trigger_hide" 121
  123 "j_magrel" 111
  124 "j_safety" 111
  125 "j_sliderelease" 111
  126 "tag_sync" 0
  127 "tag_camera_scripted" 0
  128 "tag_cambone" 1
  129 "tag_camera" 128
  130 "tag_weapon" 3
  131 "tag_player" 129
  132 "tag_playerhelmet" 129
  133 "j_hip_le" 4
  134 "j_hip_ri" 4
  135 "j_groinprotector" 4
  136 "j_crotch" 4
  137 "j_hiptwist_le" 133
  138 "j_knee_le" 133
  139 "j_hip_proc_le" 133
  140 "j_hiptwist_ri" 134
  141 "j_knee_ri" 134
  142 "j_hip_proc_ri" 134
  143 "j_proc_spinelower" 5
  144 "j_ankle_le" 138
  145 "j_kneedq_le" 138
  146 "tag_stowed_thigh" 140
  147 "j_ankle_ri" 141
  148 "j_kneedq_ri" 141
  149 "j_neck" 6
  150 "j_spine4" 6
  151 "j_proc_spineupper" 6
  152 "j_ball_le" 144
  153 "j_ball_ri" 147
  154 "tag_carry_attach" 7
  155 "j_head" 149
  156 "j_chest" 150
  157 "j_mag1" 118
  158 "j_mag2" 118
  159 "j_bullet" 118
  160 "j_bullet2" 118
  161 "j_slide" 119
  162 "tag_flash" 119
  163 "j_eyeball_le" 155
  164 "j_eyeball_ri" 155
  165 "j_head_end" 155
  166 "j_jaw" 155
  167 "j_nvg" 155
  168 "tag_reflex" 161
  169 "tag_scope" 161
  170 "tag_sight_on" 161
  171 "j_shield_le" 14
  172 "j_shield_ri" 17
  173 "j_helmet" 165
  174 "j_proc_wristfronttwist1_le" 19
  175 "j_webbing_le_1" 21
  176 "tag_weapon_left" 21
  177 "tag_accessory_left" 21
  178 "j_proc_metaindex_le_1" 21
  179 "j_proc_metaknuckle_le_1" 21
  180 "j_proc_metapinky_le_1" 21
  181 "j_webbing_ri_1" 25
  182 "tag_weapon_right" 25
  183 "tag_knife_attach2" 25
  184 "tag_accessory_right" 25
  185 "j_proc_metaindex_ri_1" 25
  186 "j_proc_metaknuckle_ri_1" 25
  187 "j_proc_metapinky_ri_1" 25
  188 "j_visor" 173
  189 "j_visor_inner" 173
  190 "tag_wrist_attach_le" 174
  191 "j_proc_metaindex_le_2" 178
  192 "j_proc_knuckle_le_1" 179
  193 "j_proc_idle_knuckle_le_1" 179
  194 "j_proc_orient_knuckle_le_1" 179
  195 "j_proc_metapinky_le_2" 180
  196 "j_proc_metaindex_ri_2" 185
  197 "j_proc_knuckle_ri_1" 186
  198 "j_proc_idle_knuckle_ri_1" 186
  199 "j_proc_orient_knuckle_ri_1" 186
  200 "j_proc_metapinky_ri_2" 187
  201 "j_thumb_le_4" 68
  202 "j_thumb_ri_4" 83
  203 "j_index_le_4" 85
  204 "j_index_ri_4" 94
end
skeleton
  time 0
    0 0.000000 0.000000 0.000000 0.000000 0.000000 -1.570796
    1 -0.106323 0.000000 -0.000198 0.000000 0.000000 0.000000
    2 0.000000 0.000000 0.000000 0.000000 0.000000 0.000000
    3 -0.904000 0.000000 -11.806000 0.000000 0.000000 0.000000
    4 0.000000 0.000000 -14.313999 0.000000 -1.570796 1.570857
    5 3.533001 0.000000 0.000000 0.000000 0.000000 0.000000
    6 6.250000 0.000000 0.000000 0.000000 0.000000 0.000000
    7 4.123472 8.804981 -0.252562 -1.153277 1.547377 -1.153364
    8 10.979150 9.125304 5.436326 0.056545 -1.182306 -0.052625
    9 5.790726 0.006694 -0.000113 -0.940616 0.001769 -1.686534
    10 5.999492 -0.000592 -4.000343 0.000000 0.000000 0.000000
    11 5.791316 0.006489 0.004799 1.199608 -0.231932 -1.913446
    12 5.999492 -0.000592 4.000336 0.000000 0.000000 0.000000
    13 0.500225 0.000133 -0.000088 0.083619 0.000000 0.000000
    14 11.534559 0.000348 -0.001312 -0.000017 0.000009 -0.541962
    15 -0.829338 0.893824 0.079659 -0.148839 0.047645 0.087266
    16 0.500225 0.000132 0.000076 -0.255635 0.000000 0.000000
    17 11.532495 0.000526 -0.000089 0.000006 -0.000022 -0.476364
    18 -0.829586 0.894698 -0.079464 0.045377 -0.019621 0.087266
    19 10.599884 0.000105 -0.000553 -1.146665 -0.000060 -0.000096
    20 0.080601 -0.286900 -0.000805 0.000000 -0.000049 0.270979
    21 11.042057 0.003717 0.004704 -1.014450 0.121055 0.592907
    22 -1.214832 0.203470 -0.477489 -0.135025 -0.078677 -0.001289
    23 10.599880 0.000105 0.000549 0.078509 -0.000048 0.000000
    24 0.076693 -0.290806 0.000801 0.000000 -0.000011 0.238272
    25 11.041742 0.003171 -0.000571 0.102289 0.705697 0.206052
    26 -1.063377 0.077663 0.150230 0.045121 0.020046 -0.012850
    27 0.610302 -0.939470 0.070343 -1.654689 -0.083607 -0.180410
    28 0.639940 -0.199121 0.060188 -1.665350 -0.069911 -0.072307
    29 0.600155 1.080261 -0.339535 -1.744017 0.106085 0.045616
    30 0.610207 0.400743 -0.010101 -1.761945 0.010568 0.029006
    31 0.634715 -0.693997 -0.232343 0.059936 -0.073969 -0.756819
    32 -0.792125 0.203736 0.461300 1.439074 -0.003453 -0.018305
    33 0.610300 -0.939469 -0.070351 1.655337 0.139988 -0.175676
    34 0.639937 -0.199121 -0.060200 1.665952 0.131308 -0.066502
    35 0.600586 1.130859 0.033752 1.738057 -0.020761 0.107329
    36 0.610205 0.400743 0.010086 1.762348 0.061543 0.042962
    37 0.629883 -0.689453 0.230347 -0.750747 -0.567048 -0.967115
    38 -0.626031 -0.069983 -0.080517 -1.447153 0.086151 0.021559
    39 2.625284 -0.002532 -0.005345 -0.312987 -0.065154 1.007849
    40 2.664743 0.000397 -0.000071 -0.262320 0.075990 1.167226
    41 2.206394 0.003368 -0.006769 -0.279004 0.180737 0.987580
    42 0.599952 0.959240 -0.300102 -0.174544 0.000000 0.000000
    43 2.557190 -0.005873 0.006359 -0.096495 0.126352 1.152693
    44 2.095024 -0.003873 -0.002193 -0.235205 0.301109 0.566366
    45 0.999380 -0.000236 -1.240621 -0.000001 0.000000 0.000000
    46 -0.122639 -0.721856 0.661690 -0.486644 0.223964 0.243056
    47 2.619141 0.000141 -0.000401 0.055589 0.402473 0.372937
    48 2.658203 0.000781 0.000162 0.351904 0.247667 1.152005
    49 2.199219 0.000516 -0.000122 0.245882 -0.018377 1.177006
    50 0.599951 0.959244 0.300102 0.174544 0.000000 0.000000
    51 2.558594 -0.000149 -0.000031 0.273469 0.149728 1.224778
    52 2.095703 -0.000095 -0.000401 0.482182 -0.410387 0.684474
    53 0.999512 0.000054 1.119141 0.000000 0.000000 0.000001
    54 0.310846 -0.606445 -0.498005 0.308107 -0.197598 0.313976
    55 1.873069 -0.004741 -0.004901 -0.000007 0.000004 0.761286
    56 1.200941 0.399582 -0.000237 -0.009465 0.016087 0.007127
    57 0.000586 0.100342 -0.000319 -0.120035 -0.021926 -0.209617
    58 -0.161663 0.051712 0.194808 -2.941982 0.122408 -0.060194
    59 2.010092 -0.003202 -0.003377 0.000077 -0.000011 0.941481
    60 0.000240 0.099802 -0.000395 -0.018823 0.010833 -0.239219
    61 -0.203197 0.048607 0.069150 -3.093332 0.033217 -0.046722
    62 1.180428 -0.006214 0.000780 -0.000014 0.000012 0.570627
    63 -0.000196 0.099625 -0.000034 0.000000 0.000000 -0.314102
    64 -0.088736 -0.688435 -0.145203 2.930407 -0.136130 0.513013
    65 1.712069 0.000578 0.003818 0.000023 -0.000021 0.696580
    66 -0.000580 0.100145 -0.000311 -0.010912 0.023131 -0.260841
    67 -0.146030 -0.232426 -0.014225 3.028455 -0.094299 0.113020
    68 1.290632 0.000362 -0.000032 -0.000048 0.000000 -0.148127
    69 -0.658121 -0.003575 0.072645 -0.142711 0.027792 -0.077299
    70 1.868080 -0.003049 0.006083 0.000003 -0.000021 0.941346
    71 1.200079 0.399944 -0.000093 0.009465 -0.016087 0.007127
    72 0.000591 0.100342 0.000319 0.120035 0.021926 -0.209617
    73 0.068077 0.002285 -0.080050 3.111376 -0.069366 -0.060847
    74 2.007813 -0.000883 -0.000381 -0.000044 0.000040 1.464654
    75 0.000229 0.099802 0.000395 0.018823 -0.010833 -0.239219
    76 -0.018673 -0.001009 0.047544 3.109244 0.002635 -0.106673
    77 1.178665 0.001595 0.000845 -0.000022 -0.000053 0.807088
    78 -0.000198 0.099628 0.000034 0.000000 0.000000 -0.314102
    79 0.036892 -0.634449 0.266284 -2.801062 0.174301 0.490914
    80 1.707031 0.000723 0.000200 -0.000035 -0.000050 1.238445
    81 -0.000576 0.100136 0.000311 0.010912 -0.023131 -0.260841
    82 -0.003952 -0.281811 0.115047 -3.059162 0.089004 0.167964
    83 1.290039 0.000364 -0.000046 -0.000058 0.000014 0.465379
    84 -0.171528 -0.018148 -0.099873 0.013484 -0.062184 -0.011780
    85 0.912716 0.007240 0.001326 0.000019 0.000021 0.884313
    86 -0.342617 0.053404 -0.025571 -2.909301 -0.017248 0.075276
    87 1.100231 -0.000930 -0.002434 0.000009 0.000014 0.361689
    88 -0.384983 0.330998 0.006848 -3.087207 -0.018765 -0.184279
    89 0.678146 0.002286 -0.003905 -0.000018 -0.000019 0.352200
    90 -0.123848 0.072737 0.029507 2.898184 -0.060627 0.094834
    91 1.017166 -0.000154 -0.000252 -0.000023 -0.000014 0.325859
    92 -0.344986 0.123129 0.143151 2.994981 0.012396 0.059140
    93 -0.730988 0.177046 0.039141 -0.123731 0.076518 -0.084310
    94 0.921993 0.001298 -0.000896 0.000058 -0.000023 0.484929
    95 -0.124027 -0.052092 0.038496 3.077813 -0.008519 0.039229
    96 1.098633 0.000008 0.000469 0.000000 0.000000 0.904169
    97 -0.330082 0.160641 0.042780 3.128073 0.034033 -0.171236
    98 0.678711 -0.000813 0.000175 0.000000 0.000000 0.937064
    99 -0.019516 -0.016531 0.038578 -2.763781 0.050305 0.076828
    100 1.018891 0.005113 0.001121 0.000054 -0.000029 0.984570
    101 -0.155312 0.130643 -0.021921 -3.022466 0.022433 -0.024903
    102 -0.252209 0.061937 -0.024914 -0.007671 -0.063171 -0.044392
    103 -0.085991 0.185203 -0.015180 -2.937063 -0.113970 -0.138991
    104 -0.286537 0.179852 0.024264 -3.109353 -0.049645 -0.029915
    105 -0.019489 0.147084 0.079203 2.893815 0.038585 -0.060594
    106 -0.046482 0.251898 0.129548 3.016165 0.077112 -0.042864
    107 0.039120 -0.040298 0.047739 3.084219 0.030470 -0.037414
    108 -0.233757 0.066630 0.001754 -3.133086 0.040141 -0.065413
    109 0.044266 0.020128 0.001684 -2.778763 -0.118872 -0.040488
    110 0.071495 0.074127 -0.048302 -3.035917 -0.059482 0.104366
    111 -0.714866 -13.098056 -4.570452 -0.356758 0.000094 -1.570796
    112 4.449355 9.859676 -6.015809 0.072817 -0.852543 -1.396138
    113 -1.142999 -0.001000 0.273999 -1.006101 -0.000004 1.570789
    114 -0.943998 0.000000 1.776996 0.000000 0.000000 0.000000
    115 2.039996 -0.296999 1.310997 0.000000 0.000000 -1.570817
    116 -0.653999 0.000000 -1.549997 0.000000 0.000000 0.000000
    117 4.078125 0.000000 -0.139893 0.000000 0.000000 0.000000
    118 1.636719 0.000000 -0.501953 0.000000 0.000000 0.000000
    119 2.437500 0.000000 0.764160 0.000000 0.000000 0.000000
    120 -0.898998 0.000000 -1.088998 0.000000 0.000000 0.000000
    121 2.025996 -0.001000 0.680999 0.000000 0.000000 1.570816
    122 0.000000 0.000000 0.000000 0.000000 0.000000 -1.570816
    123 0.711998 0.439999 -0.805998 0.000000 0.000000 1.570815
    124 -1.474998 0.000000 0.073000 0.000000 0.000000 1.570816
    125 1.889997 0.409999 0.284999 1.570922 0.000000 0.000000
    126 0.000000 0.000000 0.000000 0.000000 0.000000 0.000000
    127 -0.106000 0.000000 64.320000 0.000000 0.000000 0.000000
    128 0.000000 0.000000 0.000000 0.000000 0.000000 0.000000
    129 0.000000 0.000000 0.000000 0.000000 0.000000 0.000000
    130 23.844723 -1.308148 5.653595 -0.356894 0.000112 0.000050
    131 0.106000 0.000000 -64.320000 0.000000 0.000000 0.000000
    132 0.000000 0.000000 0.000000 0.000000 0.000000 0.000000
    133 0.000000 0.000000 -4.867002 -3.141592 0.000000 -3.128591
    134 0.000000 0.000000 4.867000 -3.141592 0.000000 -3.128591
    135 4.000000 -6.500000 0.000000 0.000000 0.000000 0.000977
    136 -6.500000 0.000000 0.000000 0.000000 1.570796 0.000000
    137 1.000088 -0.000029 0.000000 0.000000 0.000000 0.000000
    138 17.162516 -0.000404 0.000000 0.000000 0.000000 0.119214
    139 9.999891 -0.000303 0.000000 0.000000 0.000000 0.000000
    140 1.000088 -0.000029 0.000000 0.000000 0.000000 0.000000
    141 17.162516 -0.000404 0.000000 0.000000 0.000000 0.119214
    142 9.499836 0.000212 0.000000 0.000000 0.000000 0.000000
    143 0.000000 0.000000 0.000000 0.000000 0.000000 0.000000
    144 17.749374 0.295515 0.000000 0.000000 0.000000 -1.158958
    145 0.017889 0.299792 0.000000 0.000000 0.000000 -0.059582
    146 12.283573 1.581456 -4.696000 1.462269 -0.086726 0.090185
    147 17.749376 0.295515 0.000000 0.000000 0.000000 -1.158958
    148 0.017889 0.299792 0.000000 0.000000 0.000000 -0.059582
    149 13.354000 0.000000 0.000000 0.000000 0.000000 -0.294101
    150 4.530998 0.000000 0.000000 0.000000 0.000000 0.000000
    151 0.000000 0.000000 0.000000 0.000000 0.000000 0.000000
    152 5.413524 0.000347 0.000000 0.000000 0.000000 -0.518055
    153 5.413524 0.000347 0.000000 0.000000 0.000000 -0.518055
    154 4.662002 -5.366333 4.825191 1.569713 1.561305 -3.121213
    155 3.116966 -0.000443 0.000000 0.000000 0.000000 0.294101
    156 4.531197 0.000000 0.000000 0.000000 0.000000 0.000000
    157 -14.927719 21.711600 -55.194514 0.356944 0.000003 0.000000
    158 -1.614686 0.003904 0.562248 0.000008 0.314056 0.000000
    159 -14.908408 22.035829 -56.062152 -1.148037 -0.356956 1.570754
    160 -1.532227 0.000000 1.129883 -0.262470 -0.000006 1.570749
    161 0.000000 -0.001000 0.000000 0.000000 0.000000 0.000000
    162 3.867000 0.000000 0.228000 0.000000 0.000000 0.000000
    163 3.512001 -3.547000 -1.066000 0.000000 1.570796 0.000000
    164 3.456001 -3.517000 1.169000 0.000000 1.570796 0.000000
    165 6.233002 0.000000 0.000000 0.000000 0.000000 0.000000
    166 -0.171997 -0.106000 -0.902000 1.570713 1.029176 -3.134550
    167 6.241997 -6.380000 0.000000 0.000000 0.000000 0.000000
    168 -3.106999 0.000000 0.669000 0.000000 0.000000 0.000000
    169 -3.106999 0.000000 0.741000 0.000000 0.000000 0.000000
    170 -3.252000 0.000000 0.540000 0.000000 0.000000 0.000000
    171 3.999434 -0.000528 -0.000332 -0.573326 -0.000017 -0.000059
    172 3.999901 0.000038 0.001011 0.039249 -0.000061 -0.000001
    173 1.598000 0.000000 0.000000 0.000000 0.000000 0.000000
    174 -1.145525 0.000130 0.000668 0.000000 0.000000 0.000000
    175 2.299681 -2.499979 -0.599480 0.892021 0.221512 -0.527234
    176 11.970850 -3.105564 -0.100452 1.597558 -0.146651 -0.183948
    177 -9.580679 -27.862110 -37.184673 0.812879 -0.123459 -0.568477
    178 0.649933 -0.548295 0.093651 -1.665913 -0.131399 -0.112062
    179 0.657077 0.008401 0.040371 -1.665945 -0.131407 -0.000013
    180 0.665776 0.747221 -0.029190 -1.665935 -0.131408 0.094976
    181 2.300139 -2.499414 0.600159 -0.891995 -0.221560 -0.527344
    182 12.509592 1.698235 3.564709 1.764030 -0.255070 0.216942
    183 2.762354 0.116951 1.523975 1.629482 0.064153 1.743800
    184 7.228323 7.928203 -3.925652 2.328713 0.123459 -0.568477
    185 0.650394 -0.547730 -0.092979 1.665913 0.131399 -0.112062
    186 0.657069 0.008399 -0.040379 1.665945 0.131407 -0.000013
    187 0.665772 0.747219 0.029182 1.665935 0.131408 0.094976
    188 -4.481003 -0.202000 0.000000 0.000000 0.000000 0.000000
    189 -5.516998 -0.291000 -0.001000 0.000000 0.000000 0.000000
    190 -0.857697 0.104070 0.104687 0.023536 0.163924 0.013632
    191 1.899121 0.000427 -0.000439 0.027386 -0.033311 0.477848
    192 1.799658 -0.000240 0.000231 0.027386 -0.033311 0.477848
    193 1.799658 -0.000240 0.000231 0.027386 -0.033311 0.477848
    194 1.799658 -0.000240 0.000231 0.027386 -0.033311 0.477848
    195 1.900312 -0.000137 -0.000517 0.027386 -0.033311 0.477848
    196 1.899436 -0.000320 -0.000151 -0.027386 0.033311 0.477848
    197 1.799664 -0.000233 -0.000233 -0.027386 0.033311 0.477848
    198 1.799664 -0.000233 -0.000233 -0.027386 0.033311 0.477848
    199 1.799664 -0.000233 -0.000233 -0.027386 0.033311 0.477848
    200 1.900729 0.000549 -0.000072 -0.027386 0.033311 0.477848
    201 0.599884 0.400188 -0.000027 0.000000 0.000000 0.000000
    202 0.599888 0.400187 0.000031 0.000000 0.000000 -3.141592
    203 0.599503 0.400696 0.000234 0.000000 0.000000 0.000000
    204 0.600399 0.399632 -0.000466 0.000000 0.000000 -3.141592
  time 1
    0 0.000000 0.000000 0.000000 0.000000 0.000000 -1.570796
    1 -0.106323 0.000000 -0.000198 0.000000 0.000000 0.000000
    2 0.000000 0.000000 0.000000 0.000000 0.000000 0.000000
    3 -0.904000 0.000000 -11.806000 0.000000 0.000000 0.000000
    4 0.000000 0.000000 -14.313999 0.000000 -1.570796 1.570857
    5 3.533001 0.000000 0.000000 0.000000 0.000000 0.000000
    6 6.250000 0.000000 0.000000 0.000000 0.000000 0.000000
    7 4.736772 8.039333 -0.432255 -0.748577 1.539349 -0.748520
    8 10.830708 8.363562 5.049596 -0.195192 -1.182306 0.198573
    9 5.786820 0.006694 -0.000113 -0.832031 0.793310 -1.314785
    10 5.999492 -0.000592 -4.000343 0.000000 0.000000 0.000000
    11 5.787410 0.006489 0.004799 1.114443 -0.573731 -1.825812
    12 5.999492 -0.000592 4.000336 0.000000 0.000000 0.000000
    13 0.500225 0.000133 -0.000088 0.035571 0.000000 0.000000
    14 11.534559 0.004255 -0.001312 -0.000017 0.000009 -1.825842
    15 -0.829338 0.893824 0.079659 -0.148839 0.047645 0.087266
    16 0.500225 0.000132 0.000076 -0.122985 0.000000 0.000000
    17 11.536401 0.000526 -0.000089 0.000066 0.000014 -1.288484
    18 -0.829586 0.894698 -0.079464 0.045377 -0.019621 0.087266
    19 10.599884 0.000105 -0.000553 -0.834548 -0.000048 0.000024
    20 0.729059 -0.564252 -0.000805 0.000000 0.000011 0.912965
    21 11.042057 -0.000189 0.004704 -0.366209 -0.279419 1.337468
    22 -1.214832 0.203470 -0.477489 -0.135025 -0.078677 -0.001289
    23 10.599880 0.000105 0.000549 0.188921 0.000000 0.000000
    24 0.275918 -0.368934 0.000801 0.000000 -0.000023 0.644261
    25 11.041742 0.003171 -0.000571 0.224141 0.728080 0.645216
    26 -1.063377 0.077663 0.150230 0.045121 0.020046 -0.012850
    27 0.610302 -0.939470 0.070343 -1.654436 -0.002903 -0.187133
    28 0.639940 -0.199121 0.060188 -1.665146 0.008708 -0.079714
    29 0.600155 1.080261 -0.339535 -1.745078 0.174241 0.052388
    30 0.610207 0.400743 -0.010101 -1.762483 0.083566 0.014888
    31 0.634715 -0.693997 -0.232343 0.092442 0.155743 -0.951694
    32 -0.792125 0.203736 0.461300 1.439074 -0.003453 -0.018305
    33 0.610300 -0.939469 -0.070351 1.655337 0.139988 -0.175676
    34 0.639937 -0.199121 -0.060200 1.665952 0.131308 -0.066502
    35 0.600586 1.130859 0.033752 1.738057 -0.020761 0.107329
    36 0.610205 0.400743 0.010086 1.762348 0.061543 0.042962
    37 0.629883 -0.689453 0.230347 -0.750747 -0.567048 -0.967115
    38 -0.626031 -0.069983 -0.080517 -1.447153 0.086151 0.021559
    39 2.621377 -0.002532 -0.001438 -0.052249 -0.013377 0.610583
    40 2.660837 0.000397 -0.000071 -0.146553 0.045117 0.752843
    41 2.206394 0.003368 -0.006769 -0.312381 -0.056694 0.710237
    42 0.599952 0.959240 -0.300102 -0.174544 0.000000 0.000000
    43 2.557190 -0.005873 0.006359 -0.091759 0.044498 0.749201
    44 2.095024 -0.003873 -0.002193 -0.253805 0.270959 0.500610
    45 0.999380 -0.000236 -1.131242 -0.000001 0.000000 0.000000
    46 -0.122639 -0.721856 0.661690 -0.486644 0.223964 0.243056
    47 2.619141 0.000141 -0.000401 0.055589 0.402473 0.372937
    48 2.658203 0.000781 0.000162 0.351904 0.247667 1.152005
    49 2.199219 0.000516 -0.000122 0.245882 -0.018377 1.177006
    50 0.599951 0.959244 0.300102 0.174544 0.000000 0.000000
    51 2.558594 -0.000149 -0.000031 0.273469 0.149728 1.224778
    52 2.095703 -0.000095 -0.000401 0.482182 -0.410387 0.684474
    53 0.999512 0.000054 1.119141 0.000000 0.000000 0.000001
    54 0.310846 -0.606445 -0.498005 0.308107 -0.197598 0.313976
    55 1.873069 -0.004741 -0.004901 -0.000007 0.000004 0.617082
    56 1.200941 0.399582 -0.000237 -0.009465 0.016087 0.007127
    57 0.000586 0.100342 -0.000319 -0.120035 -0.021926 -0.209617
    58 -0.161663 0.051712 0.194808 -2.941982 0.122408 -0.060194
    59 2.010092 -0.003202 -0.007284 -0.000018 0.000084 0.705371
    60 0.000240 0.099802 -0.000395 -0.018823 0.010833 -0.239219
    61 -0.203197 0.048607 0.069150 -3.093332 0.033217 -0.046722
    62 1.180428 -0.006214 0.000780 -0.000014 0.000000 0.439202
    63 -0.000196 0.099625 -0.000034 0.000000 0.000000 -0.314102
    64 -0.088736 -0.688435 -0.145203 2.930407 -0.136130 0.513013
    65 1.712069 -0.003328 0.003818 0.000023 -0.000021 0.484260
    66 -0.000580 0.100145 -0.000311 -0.010912 0.023131 -0.260841
    67 -0.146030 -0.232426 -0.014225 3.028455 -0.094299 0.113020
    68 1.290632 0.000362 -0.000032 -0.000012 0.000024 -0.159937
    69 -0.658121 -0.003575 0.072645 -0.142711 0.027792 -0.077299
    70 1.868080 -0.003049 0.006083 -0.000057 0.000003 0.751863
    71 1.200079 0.399944 -0.000093 0.009465 -0.016087 0.007127
    72 0.000591 0.100342 0.000319 0.120035 0.021926 -0.209617
    73 0.068077 0.002285 -0.080050 3.111376 -0.069366 -0.060847
    74 2.007813 -0.000883 -0.000381 -0.000044 0.000040 1.464654
    75 0.000229 0.099802 0.000395 0.018823 -0.010833 -0.239219
    76 -0.018673 -0.001009 0.047544 3.109244 0.002635 -0.106673
    77 1.178665 0.001595 0.000845 -0.000022 -0.000053 0.807088
    78 -0.000198 0.099628 0.000034 0.000000 0.000000 -0.314102
    79 0.036892 -0.634449 0.266284 -2.801062 0.174301 0.490914
    80 1.707031 0.000723 0.000200 -0.000035 -0.000050 1.238445
    81 -0.000576 0.100136 0.000311 0.010912 -0.023131 -0.260841
    82 -0.003952 -0.281811 0.115047 -3.059162 0.089004 0.167964
    83 1.290039 0.000364 -0.000046 -0.000058 0.000014 0.465379
    84 -0.171528 -0.018148 -0.099873 0.013484 -0.062184 -0.011780
    85 0.912716 0.007240 0.001326 0.000066 -0.000003 0.551145
    86 -0.342617 0.053404 -0.025571 -2.909301 -0.017248 0.075276
    87 1.100231 -0.000930 -0.002434 -0.000027 0.000026 0.238159
    88 -0.384983 0.330998 0.006848 -3.087207 -0.018765 -0.184279
    89 0.678146 0.002286 0.000002 -0.000018 -0.000019 0.200248
    90 -0.123848 0.072737 0.029507 2.898184 -0.060627 0.094834
    91 1.017166 -0.000154 -0.000252 0.000049 -0.000026 0.167150
    92 -0.344986 0.123129 0.143151 2.994981 0.012396 0.059140
    93 -0.730988 0.177046 0.039141 -0.123731 0.076518 -0.084310
    94 0.921993 0.001298 -0.000896 0.000058 -0.000011 0.318016
    95 -0.124027 -0.052092 0.038496 3.077813 -0.008519 0.039229
    96 1.098633 0.000008 0.000469 0.000000 0.000000 0.904169
    97 -0.330082 0.160641 0.042780 3.128073 0.034033 -0.171236
    98 0.678711 -0.000813 0.000175 0.000000 0.000000 0.937064
    99 -0.019516 -0.016531 0.038578 -2.763781 0.050305 0.076828
    100 1.014985 0.005113 0.001121 0.000054 -0.000029 0.984570
    101 -0.155312 0.130643 -0.021921 -3.022466 0.022433 -0.024903
    102 -0.252209 0.061937 -0.024914 -0.007671 -0.063171 -0.044392
    103 -0.085991 0.185203 -0.015180 -2.937063 -0.113970 -0.138991
    104 -0.286537 0.179852 0.024264 -3.109353 -0.049645 -0.029915
    105 -0.019489 0.147084 0.079203 2.893815 0.038585 -0.060594
    106 -0.046482 0.251898 0.129548 3.016165 0.077112 -0.042864
    107 0.039120 -0.040298 0.047739 3.084219 0.030470 -0.037414
    108 -0.233757 0.066630 0.001754 -3.133086 0.040141 -0.065413
    109 0.044266 0.020128 0.001684 -2.778763 -0.118872 -0.040488
    110 0.071495 0.074127 -0.048302 -3.035917 -0.059482 0.104366
    111 -2.156316 -9.789361 -3.808710 -0.248650 -0.020411 -1.566314
    112 3.031343 13.172277 -5.152501 0.235763 -0.885285 -1.515127
    113 -1.142999 -0.001000 0.273999 -1.006101 -0.000004 1.570789
    114 -0.943998 0.000000 1.776996 0.000000 0.000000 0.000000
    115 2.039996 -0.296999 1.310997 0.000000 0.000000 -1.570817
    116 -0.653999 0.000000 -1.549997 0.000000 0.000000 0.000000
    117 4.078125 0.000000 -0.139893 0.000000 0.000000 0.000000
    118 1.636719 0.000000 -0.501953 0.000000 0.000000 0.000000
    119 2.437500 0.000000 0.764160 0.000000 0.000000 0.000000
    120 -0.898998 0.000000 -1.088998 0.000000 0.000000 0.000000
    121 2.025996 -0.001000 0.680999 0.000000 0.000000 1.570816
    122 0.000000 0.000000 0.000000 0.000000 0.000000 -1.570816
    123 0.711998 0.439999 -0.805998 0.000000 0.000000 1.570815
    124 -1.474998 0.000000 0.073000 0.000000 0.000000 1.570816
    125 1.889997 0.409999 0.284999 1.570922 0.000000 0.000000
    126 0.000000 0.000000 0.000000 0.000000 0.000000 0.000000
    127 -0.106000 0.000000 64.320000 0.000000 0.000000 0.000000
    128 0.000000 0.000000 0.000000 0.000000 0.000000 0.000000
    129 0.000000 0.000000 0.000000 0.030836 0.025084 -0.108748
    130 20.571185 -2.530842 6.559873 -0.248767 -0.020438 0.004439
    131 0.106000 0.000000 -64.320000 0.000000 0.000000 0.000000
    132 0.000000 0.000000 0.000000 0.000000 0.000000 0.000000
    133 0.000000 0.000000 -4.867002 -3.141592 0.000000 -3.128591
    134 0.000000 0.000000 4.867000 -3.141592 0.000000 -3.128591
    135 4.000000 -6.500000 0.000000 0.000000 0.000000 0.000977
    136 -6.500000 0.000000 0.000000 0.000000 1.570796 0.000000
    137 1.000088 -0.000029 0.000000 0.000000 0.000000 0.000000
    138 17.162516 -0.000404 0.000000 0.000000 0.000000 0.119214
    139 9.999891 -0.000303 0.000000 0.000000 0.000000 0.000000
    140 1.000088 -0.000029 0.000000 0.000000 0.000000 0.000000
    141 17.162516 -0.000404 0.000000 0.000000 0.000000 0.119214
    142 9.499836 0.000212 0.000000 0.000000 0.000000 0.000000
    143 0.000000 0.000000 0.000000 0.000000 0.000000 0.000000
    144 17.749374 0.295515 0.000000 0.000000 0.000000 -1.158958
    145 0.017889 0.299792 0.000000 0.000000 0.000000 -0.059582
    146 12.283573 1.581456 -4.696000 1.462269 -0.086726 0.090185
    147 17.749376 0.295515 0.000000 0.000000 0.000000 -1.158958
    148 0.017889 0.299792 0.000000 0.000000 0.000000 -0.059582
    149 13.354000 0.000000 0.000000 0.000000 0.000000 -0.294101
    150 4.530998 0.000000 0.000000 0.000000 0.000000 0.000000
    151 0.000000 0.000000 0.000000 0.000000 0.000000 0.000000
    152 5.413524 0.000347 0.000000 0.000000 0.000000 -0.518055
    153 5.413524 0.000347 0.000000 0.000000 0.000000 -0.518055
    154 4.662002 -5.366333 4.825191 1.569713 1.561305 -3.121213
    155 3.116966 -0.000443 0.000000 0.000000 0.000000 0.294101
    156 4.531197 0.000000 0.000000 0.000000 0.000000 0.000000
    157 -12.822186 17.156774 -57.382081 0.248667 0.020842 0.000584
    158 -1.610780 0.003904 0.562248 0.000008 0.314056 0.000000
    159 -12.822407 17.387249 -58.277063 -1.126476 -0.248667 1.566247
    160 -1.532227 0.000000 1.129883 -0.262470 -0.000006 1.570749
    161 0.000000 -0.001000 0.000000 0.000000 0.000000 0.000000
    162 3.867000 0.000000 0.228000 0.000000 0.000000 0.000000
    163 3.512001 -3.547000 -1.066000 0.000000 1.570796 0.000000
    164 3.456001 -3.517000 1.169000 0.000000 1.570796 0.000000
    165 6.233002 0.000000 0.000000 0.000000 0.000000 0.000000
    166 -0.171997 -0.106000 -0.902000 1.570713 1.029176 -3.134550
    167 6.077929 -6.473753 0.898465 -0.108772 -0.033377 -0.021584
    168 -3.106999 0.000000 0.669000 0.000000 0.000000 0.000000
    169 -3.106999 0.000000 0.741000 0.000000 0.000000 0.000000
    170 -3.252000 0.000000 0.540000 0.000000 0.000000 0.000000
    171 3.999434 -0.000528 -0.000332 -0.417426 -0.000017 -0.000023
    172 3.999901 0.000038 0.001011 0.094502 -0.000001 -0.000001
    173 1.598000 0.000000 0.000000 0.000000 0.000000 0.000000
    174 -1.145525 0.000130 0.000668 0.000000 0.000000 0.000000
    175 2.299681 -2.499979 -0.599480 0.892021 0.221512 -0.527234
    176 12.474772 -11.754265 -3.866192 1.055743 0.058788 -0.285468
    177 -9.580679 -27.862110 -37.184673 0.812879 -0.123459 -0.568477
    178 0.649933 -0.548295 0.093651 -1.665913 -0.131399 -0.112062
    179 0.657077 0.008401 0.040371 -1.665945 -0.131407 -0.000013
    180 0.665776 0.747221 -0.029190 -1.665935 -0.131408 0.094976
    181 2.300139 -2.499414 0.600159 -0.891995 -0.221560 -0.527344
    182 12.509592 1.698235 3.564709 1.764030 -0.255070 0.216942
    183 2.762354 0.116951 1.523975 1.629482 0.064153 1.743800
    184 7.228323 7.928203 -3.925652 2.328713 0.123459 -0.568477
    185 0.650394 -0.547730 -0.092979 1.665913 0.131399 -0.112062
    186 0.657069 0.008399 -0.040379 1.665945 0.131407 -0.000013
    187 0.665772 0.747219 0.029182 1.665935 0.131408 0.094976
    188 -4.481003 -0.202000 0.000000 0.000000 0.000000 0.000000
    189 -5.516998 -0.291000 -0.001000 0.000000 0.000000 0.000000
    190 -0.857697 0.104070 0.104687 0.023536 0.163924 0.013632
    191 1.899121 0.000427 -0.000439 0.027386 -0.033311 0.477848
    192 1.799658 -0.000240 0.000231 0.027386 -0.033311 0.477848
    193 1.799658 -0.000240 0.000231 0.027386 -0.033311 0.477848
    194 1.799658 -0.000240 0.000231 0.027386 -0.033311 0.477848
    195 1.900312 -0.000137 -0.000517 0.027386 -0.033311 0.477848
    196 1.899436 -0.000320 -0.000151 -0.027386 0.033311 0.477848
    197 1.799664 -0.000233 -0.000233 -0.027386 0.033311 0.477848
    198 1.799664 -0.000233 -0.000233 -0.027386 0.033311 0.477848
    199 1.799664 -0.000233 -0.000233 -0.027386 0.033311 0.477848
    200 1.900729 0.000549 -0.000072 -0.027386 0.033311 0.477848
    201 0.599884 0.400188 -0.000027 0.000000 0.000000 0.000000
    202 0.599888 0.400187 0.000031 0.000000 0.000000 -3.141592
    203 0.599503 0.400696 0.000234 0.000000 0.000000 0.000000
    204 0.600399 0.399632 -0.000466 0.000000 0.000000 -3.141592
  time 2
    0 0.000000 0.000000 0.000000 0.000000 0.000000 -1.570796
    1 -0.106323 0.000000 -0.000198 0.000000 0.000000 0.000000
    2 0.000000 0.000000 0.000000 0.000000 0.000000 0.000000
    3 -0.904000 0.000000 -11.806000 0.000000 0.000000 0.000000
    4 0.000000 0.000000 -14.313999 0.000000 -1.570796 1.570857
    5 3.533001 0.000000 0.000000 0.000000 0.000000 0.000000
    6 6.250000 0.000000 0.000000 0.000000 0.000000 0.000000
    7 6.162597 6.242403 -0.842424 -0.370302 1.511488 -0.369975
    8 10.479135 6.578351 4.155037 -0.704198 -1.094995 0.709891
    9 5.786820 0.002787 -0.000113 -0.887685 0.789963 -1.338416
    10 5.999492 -0.000592 -4.000343 0.000000 0.000000 0.000000
    11 5.791316 0.002582 0.004799 0.863126 -0.844391 -1.675682
    12 5.999492 -0.000592 4.000336 0.000000 0.000000 0.000000
    13 0.500225 0.000133 -0.000088 0.067819 0.000000 -0.000048
    14 11.534559 0.004255 -0.001312 -0.000017 -0.000075 -1.648555
    15 -0.829338 0.893824 0.079659 -0.148839 0.047645 0.087266
    16 0.500225 0.000132 0.000076 0.103901 -0.000048 0.000000
    17 11.532495 0.004432 -0.000089 0.000018 0.000122 -2.061128
    18 -0.829586 0.894698 -0.079464 0.045377 -0.019621 0.087266
    19 10.599884 0.000105 -0.000553 1.721321 0.000024 -0.000036
    20 0.549366 -0.509563 -0.000805 0.000024 0.000047 0.824276
    21 11.042057 -0.000189 0.004704 1.646284 -0.479856 0.129395
    22 -1.214832 0.203470 -0.477489 -0.135025 -0.078677 -0.001289
    23 10.599880 0.000105 0.000549 0.307728 0.000000 0.000000
    24 0.998596 -0.599409 0.000801 -0.000036 -0.000047 1.030604
    25 11.041742 0.003171 -0.000571 0.328682 0.753344 0.932961
    26 -1.063377 0.077663 0.150230 0.045121 0.020046 -0.012850
    27 0.610302 -0.939470 0.070343 -1.654790 0.077813 -0.193880
    28 0.639940 -0.199121 0.060188 -1.665502 0.087315 -0.087096
    29 0.600155 1.080261 -0.339535 -1.745555 0.242385 0.059159
    30 0.610207 0.400743 -0.010101 -1.764204 0.156516 0.000566
    31 0.630809 -0.693997 -0.236250 0.125745 0.391757 -1.152144
    32 -0.792125 0.203736 0.461300 1.439074 -0.003453 -0.018305
    33 0.610300 -0.939469 -0.070351 1.655337 0.139988 -0.175676
    34 0.639937 -0.199121 -0.060200 1.665952 0.131308 -0.066502
    35 0.600586 1.130859 0.033752 1.738057 -0.020761 0.107329
    36 0.610205 0.400743 0.010086 1.762348 0.061543 0.042962
    37 0.629883 -0.689453 0.230347 -0.750747 -0.567048 -0.967115
    38 -0.626031 -0.069983 -0.080517 -1.447153 0.086151 0.021559
    39 2.625284 -0.006439 -0.001438 0.192404 0.028976 0.147935
    40 2.660837 0.000397 -0.000071 -0.034409 -0.004403 0.298121
    41 2.206394 0.003368 -0.006769 -0.312417 -0.326598 0.426535
    42 0.599952 0.959240 -0.300102 -0.174544 0.000000 0.000000
    43 2.553283 -0.005873 0.002453 -0.067881 -0.059600 0.316525
    44 2.095024 -0.003873 -0.006100 -0.270140 0.239714 0.435974
    45 0.999380 -0.000236 -1.107804 -0.000001 0.000000 0.000000
    46 -0.122639 -0.721856 0.661690 -0.486644 0.223964 0.243056
    47 2.619141 0.000141 -0.000401 0.055589 0.402473 0.372937
    48 2.658203 0.000781 0.000162 0.351904 0.247667 1.152005
    49 2.199219 0.000516 -0.000122 0.245882 -0.018377 1.177006
    50 0.599951 0.959244 0.300102 0.174544 0.000000 0.000000
    51 2.558594 -0.000149 -0.000031 0.273469 0.149728 1.224778
    52 2.095703 -0.000095 -0.000401 0.482182 -0.410387 0.684474
    53 0.999512 0.000054 1.119141 0.000000 0.000000 0.000001
    54 0.310846 -0.606445 -0.498005 0.308107 -0.197598 0.313976
    55 1.873069 -0.000835 -0.000994 -0.000007 0.000004 0.445056
    56 1.200941 0.399582 -0.000237 -0.009465 0.016087 0.007127
    57 0.000586 0.100342 -0.000319 -0.120035 -0.021926 -0.209617
    58 -0.161663 0.051712 0.194808 -2.941982 0.122408 -0.060194
    59 2.010092 -0.007109 -0.003377 0.000018 0.000013 0.462979
    60 0.000240 0.099802 -0.000395 -0.018823 0.010833 -0.239219
    61 -0.203197 0.048607 0.069150 -3.093332 0.033217 -0.046722
    62 1.180428 -0.006214 0.000780 -0.000014 0.000000 0.314423
    63 -0.000196 0.099625 -0.000034 0.000000 0.000000 -0.314102
    64 -0.088736 -0.688435 -0.145203 2.930407 -0.136130 0.513013
    65 1.712069 -0.003328 0.003818 0.000023 -0.000021 0.287264
    66 -0.000580 0.100145 -0.000311 -0.010912 0.023131 -0.260841
    67 -0.146030 -0.232426 -0.014225 3.028455 -0.094299 0.113020
    68 1.290632 0.000362 -0.000032 0.000000 0.000060 -0.171746
    69 -0.658121 -0.003575 0.072645 -0.142711 0.027792 -0.077299
    70 1.868080 -0.003049 0.006083 0.000003 -0.000021 0.399974
    71 1.200079 0.399944 -0.000093 0.009465 -0.016087 0.007127
    72 0.000591 0.100342 0.000319 0.120035 0.021926 -0.209617
    73 0.068077 0.002285 -0.080050 3.111376 -0.069366 -0.060847
    74 2.007813 -0.000883 -0.000381 -0.000044 0.000040 1.464654
    75 0.000229 0.099802 0.000395 0.018823 -0.010833 -0.239219
    76 -0.018673 -0.001009 0.047544 3.109244 0.002635 -0.106673
    77 1.178665 0.001595 0.000845 -0.000022 -0.000053 0.807088
    78 -0.000198 0.099628 0.000034 0.000000 0.000000 -0.314102
    79 0.036892 -0.634449 0.266284 -2.801062 0.174301 0.490914
    80 1.707031 0.000723 0.000200 -0.000035 -0.000050 1.238445
    81 -0.000576 0.100136 0.000311 0.010912 -0.023131 -0.260841
    82 -0.003952 -0.281811 0.115047 -3.059162 0.089004 0.167964
    83 1.290039 0.000364 -0.000046 -0.000058 0.000014 0.465379
    84 -0.171528 -0.018148 -0.099873 0.013484 -0.062184 -0.011780
    85 0.912716 0.007240 0.001326 0.000066 0.000009 0.208648
    86 -0.342617 0.053404 -0.025571 -2.909301 -0.017248 0.075276
    87 1.100231 -0.000930 -0.002434 -0.000051 0.000026 0.114590
    88 -0.384983 0.330998 0.006848 -3.087207 -0.018765 -0.184279
    89 0.678146 0.002286 0.000002 -0.000018 -0.000019 0.054731
    90 -0.123848 0.072737 0.029507 2.898184 -0.060627 0.094834
    91 1.017166 -0.000154 -0.000252 0.000049 -0.000026 0.049436
    92 -0.344986 0.123129 0.143151 2.994981 0.012396 0.059140
    93 -0.730988 0.177046 0.039141 -0.123731 0.076518 -0.084310
    94 0.921993 0.001298 -0.000896 -0.000002 -0.000011 0.007908
    95 -0.124027 -0.052092 0.038496 3.077813 -0.008519 0.039229
    96 1.098633 0.000008 0.000469 0.000000 0.000000 0.904169
    97 -0.330082 0.160641 0.042780 3.128073 0.034033 -0.171236
    98 0.678711 -0.000813 0.000175 0.000000 0.000000 0.937064
    99 -0.019516 -0.016531 0.038578 -2.763781 0.050305 0.076828
    100 1.018891 0.001206 0.001121 0.000054 -0.000029 0.984570
    101 -0.155312 0.130643 -0.021921 -3.022466 0.022433 -0.024903
    102 -0.252209 0.061937 -0.024914 -0.007671 -0.063171 -0.044392
    103 -0.085991 0.185203 -0.015180 -2.937063 -0.113970 -0.138991
    104 -0.286537 0.179852 0.024264 -3.109353 -0.049645 -0.029915
    105 -0.019489 0.147084 0.079203 2.893815 0.038585 -0.060594
    106 -0.046482 0.251898 0.129548 3.016165 0.077112 -0.042864
    107 0.039120 -0.040298 0.047739 3.084219 0.030470 -0.037414
    108 -0.233757 0.066630 0.001754 -3.133086 0.040141 -0.065413
    109 0.044266 0.020128 0.001684 -2.778763 -0.118872 -0.040488
    110 0.071495 0.074127 -0.048302 -3.035917 -0.059482 0.104366
    111 -4.472793 -4.351695 -2.636799 -0.140350 -0.150792 -1.535315
    112 0.078127 18.473220 -6.383007 0.426119 -1.013648 -1.629968
    113 -1.142999 -0.001000 0.273999 -1.006101 -0.000004 1.570789
    114 -0.943998 0.000000 1.776996 0.000000 0.000000 0.000000
    115 2.039996 -0.296999 1.310997 0.000000 0.000000 -1.570817
    116 -0.653999 0.000000 -1.549997 0.000000 0.000000 0.000000
    117 4.078125 0.000000 -0.139893 0.000000 0.000000 0.000000
    118 1.636719 0.000000 -0.501953 0.000000 0.000000 0.000000
    119 2.437500 0.000000 0.764160 0.000000 0.000000 0.000000
    120 -0.898998 0.000000 -1.088998 0.000000 0.000000 0.000000
    121 2.025996 -0.001000 0.680999 0.000000 0.000000 1.570816
    122 0.000000 0.000000 0.000000 0.000000 0.000000 -1.570816
    123 0.711998 0.439999 -0.805998 0.000000 0.000000 1.570815
    124 -1.474998 0.000000 0.073000 0.000000 0.000000 1.570816
    125 1.889997 0.409999 0.284999 1.570922 0.000000 0.000000
    126 0.000000 0.000000 0.000000 0.000000 0.000000 0.000000
    127 -0.106000 0.000000 64.320000 0.000000 0.000000 0.000000
    128 0.000000 0.000000 0.000000 0.000000 0.000000 0.000000
    129 0.000000 0.000000 0.000000 0.061721 0.060055 -0.103067
    130 15.242898 -4.355116 8.981822 -0.140469 -0.150856 0.035532
    131 0.106000 0.000000 -64.320000 0.000000 0.000000 0.000000
    132 0.000000 0.000000 0.000000 0.000000 0.000000 0.000000
    133 0.000000 0.000000 -4.867002 -3.141592 0.000000 -3.128591
    134 0.000000 0.000000 4.867000 -3.141592 0.000000 -3.128591
    135 4.000000 -6.500000 0.000000 0.000000 0.000000 0.000977
    136 -6.500000 0.000000 0.000000 0.000000 1.570796 0.000000
    137 1.000088 -0.000029 0.000000 0.000000 0.000000 0.000000
    138 17.162516 -0.000404 0.000000 0.000000 0.000000 0.119214
    139 9.999891 -0.000303 0.000000 0.000000 0.000000 0.000000
    140 1.000088 -0.000029 0.000000 0.000000 0.000000 0.000000
    141 17.162516 -0.000404 0.000000 0.000000 0.000000 0.119214
    142 9.499836 0.000212 0.000000 0.000000 0.000000 0.000000
    143 0.000000 0.000000 0.000000 0.000000 0.000000 0.000000
    144 17.749374 0.295515 0.000000 0.000000 0.000000 -1.158958
    145 0.017889 0.299792 0.000000 0.000000 0.000000 -0.059582
    146 12.283573 1.581456 -4.696000 1.462269 -0.086726 0.090185
    147 17.749376 0.295515 0.000000 0.000000 0.000000 -1.158958
    148 0.017889 0.299792 0.000000 0.000000 0.000000 -0.059582
    149 13.354000 0.000000 0.000000 0.000000 0.000000 -0.294101
    150 4.530998 0.000000 0.000000 0.000000 0.000000 0.000000
    151 0.000000 0.000000 0.000000 0.000000 0.000000 0.000000
    152 5.413524 0.000347 0.000000 0.000000 0.000000 -0.518055
    153 5.413524 0.000347 0.000000 0.000000 0.000000 -0.518055
    154 4.662002 -5.366333 4.825191 1.569713 1.561305 -3.121213
    155 3.116966 -0.000443 0.000000 0.000000 0.000000 0.294101
    156 4.531197 0.000000 0.000000 0.000000 0.000000 0.000000
    157 -15.232416 13.211341 -58.612587 0.136781 0.154335 -0.014179
    158 -1.610780 0.003904 0.562248 0.000008 0.314056 0.000000
    159 -15.349828 13.340251 -59.523195 -0.992223 -0.135266 1.535336
    160 -1.532227 0.000000 1.129883 -0.262470 -0.000006 1.570749
    161 0.000000 -0.001000 0.000000 0.000000 0.000000 0.000000
    162 3.867000 0.000000 0.228000 0.000000 0.000000 0.000000
    163 3.512001 -3.547000 -1.066000 0.000000 1.570796 0.000000
    164 3.456001 -3.517000 1.169000 0.000000 1.570796 0.000000
    165 6.233002 0.000000 0.000000 0.000000 0.000000 0.000000
    166 -0.171997 -0.106000 -0.902000 1.570713 1.029176 -3.134550
    167 5.843547 -6.661259 1.074252 -0.103127 -0.067557 -0.053367
    168 -3.106999 0.000000 0.669000 0.000000 0.000000 0.000000
    169 -3.106999 0.000000 0.741000 0.000000 0.000000 0.000000
    170 -3.252000 0.000000 0.540000 0.000000 0.000000 0.000000
    171 3.999434 -0.000528 -0.000332 0.860731 -0.000017 -0.000023
    172 3.999901 0.000038 0.001011 0.153882 -0.000001 -0.000001
    173 1.598000 0.000000 0.000000 0.000000 0.000000 0.000000
    174 -1.145525 0.000130 0.000668 0.000000 0.000000 0.000000
    175 2.299681 -2.499979 -0.599480 0.892021 0.221512 -0.527234
    176 11.345831 -5.621265 4.087175 -0.459178 0.571884 -0.065508
    177 -9.580679 -27.862110 -37.184673 0.812879 -0.123459 -0.568477
    178 0.649933 -0.548295 0.093651 -1.665913 -0.131399 -0.112062
    179 0.657077 0.008401 0.040371 -1.665945 -0.131407 -0.000013
    180 0.665776 0.747221 -0.029190 -1.665935 -0.131408 0.094976
    181 2.300139 -2.499414 0.600159 -0.891995 -0.221560 -0.527344
    182 12.509592 1.698235 3.564709 1.764030 -0.255070 0.216942
    183 2.762354 0.116951 1.523975 1.629482 0.064153 1.743800
    184 7.228323 7.928203 -3.925652 2.328713 0.123459 -0.568477
    185 0.650394 -0.547730 -0.092979 1.665913 0.131399 -0.112062
    186 0.657069 0.008399 -0.040379 1.665945 0.131407 -0.000013
    187 0.665772 0.747219 0.029182 1.665935 0.131408 0.094976
    188 -4.481003 -0.202000 0.000000 0.000000 0.000000 0.000000
    189 -5.516998 -0.291000 -0.001000 0.000000 0.000000 0.000000
    190 -0.857697 0.104070 0.104687 0.023536 0.163924 0.013632
    191 1.899121 0.000427 -0.000439 0.027386 -0.033311 0.477848
    192 1.799658 -0.000240 0.000231 0.027386 -0.033311 0.477848
    193 1.799658 -0.000240 0.000231 0.027386 -0.033311 0.477848
    194 1.799658 -0.000240 0.000231 0.027386 -0.033311 0.477848
    195 1.900312 -0.000137 -0.000517 0.027386 -0.033311 0.477848
    196 1.899436 -0.000320 -0.000151 -0.027386 0.033311 0.477848
    197 1.799664 -0.000233 -0.000233 -0.027386 0.033311 0.477848
    198 1.799664 -0.000233 -0.000233 -0.027386 0.033311 0.477848
    199 1.799664 -0.000233 -0.000233 -0.027386 0.033311 0.477848
    200 1.900729 0.000549 -0.000072 -0.027386 0.033311 0.477848
    201 0.599884 0.400188 -0.000027 0.000000 0.000000 0.000000
    202 0.599888 0.400187 0.000031 0.000000 0.000000 -3.141592
    203 0.599503 0.400696 0.000234 0.000000 0.000000 0.000000
    204 0.600399 0.399632 -0.000466 0.000000 0.000000 -3.141592
  time 3
    0 0.000000 0.000000 0.000000 0.000000 0.000000 -1.570796
    1 -0.106323 0.000000 -0.000198 0.000000 0.000000 0.000000
    2 0.000000 0.000000 0.000000 0.000000 0.000000 0.000000
    3 -0.904000 0.000000 -11.806000 0.000000 0.000000 0.000000
    4 0.000000 0.000000 -14.313999 0.000000 -1.570796 1.570857
    5 3.533001 0.000000 0.000000 0.000000 0.000000 0.000000
    6 6.250000 0.000000 0.000000 0.000000 0.000000 0.000000
    7 7.873586 4.109525 -1.330720 -0.224960 1.474655 -0.224199
    8 10.065060 4.465005 3.092505 -1.048759 -0.893415 1.069276
    9 5.790726 0.002787 -0.000113 -1.022886 0.123983 -1.603308
    10 5.999492 -0.000592 -4.000343 0.000000 0.000000 0.000000
    11 5.787410 0.006489 0.004799 0.444781 -0.901960 -1.293680
    12 5.999492 -0.000592 4.000336 0.000000 0.000000 0.000000
    13 0.500225 0.000133 -0.000088 0.150367 0.000000 0.000000
    14 11.534559 0.004255 -0.001312 -0.000017 0.000009 -0.718917
    15 -0.829338 0.893824 0.079659 -0.148839 0.047645 0.087266
    16 0.500225 0.000132 0.000076 0.264365 0.000000 0.000000
    17 11.532495 0.000526 -0.000089 0.000042 -0.000082 -2.371487
    18 -0.829586 0.894698 -0.079464 0.045377 -0.019621 0.087266
    19 10.599884 0.000105 -0.000553 1.648276 0.000000 0.000000
    20 0.107946 -0.275181 -0.000805 -0.000060 0.000011 0.359519
    21 11.042057 0.003717 0.004704 1.582893 0.133357 -0.523376
    22 -1.214832 0.203470 -0.477489 -0.135025 -0.078677 -0.001289
    23 10.599880 0.000105 0.000549 0.129926 0.000000 0.000000
    24 1.369701 -0.556439 0.000801 0.000000 -0.000011 1.185742
    25 11.041742 0.007077 -0.000571 0.184735 0.801019 0.299647
    26 -1.063377 0.077663 0.150230 0.045121 0.020046 -0.012850
    27 0.610302 -0.939470 0.070343 -1.655093 0.119855 -0.197572
    28 0.639940 -0.199121 0.060188 -1.665909 0.128315 -0.091195
    29 0.600155 1.080261 -0.339535 -1.744600 0.277896 0.062694
    30 0.610207 0.400743 -0.010101 -1.765603 0.194483 -0.007128
    31 0.634715 -0.693997 -0.236250 0.142988 0.513402 -1.255339
    32 -0.792125 0.203736 0.461300 1.439074 -0.003453 -0.018305
    33 0.610300 -0.939469 -0.070351 1.655337 0.139988 -0.175676
    34 0.639937 -0.199121 -0.060200 1.665952 0.131308 -0.066502
    35 0.600586 1.130859 0.033752 1.738057 -0.020761 0.107329
    36 0.610205 0.400743 0.010086 1.762348 0.061543 0.042962
    37 0.629883 -0.689453 0.230347 -0.750747 -0.567048 -0.967115
    38 -0.626031 -0.069983 -0.080517 -1.447153 0.086151 0.021559
    39 2.621377 -0.006439 -0.001438 0.290123 0.053449 -0.132526
    40 2.664743 0.000397 -0.000071 0.017456 -0.043581 0.038058
    41 2.206394 0.003368 -0.002863 -0.284289 -0.488601 0.281314
    42 0.599952 0.959240 -0.300102 -0.174544 0.000000 0.000000
    43 2.553283 -0.005873 0.006359 -0.038030 -0.131316 0.076610
    44 2.095024 -0.003873 -0.002193 -0.277750 0.223050 0.402557
    45 0.999380 -0.000236 -1.127336 -0.000001 0.000000 0.000000
    46 -0.122639 -0.721856 0.661690 -0.486644 0.223964 0.243056
    47 2.619141 0.000141 -0.000401 0.055589 0.402473 0.372937
    48 2.658203 0.000781 0.000162 0.351904 0.247667 1.152005
    49 2.199219 0.000516 -0.000122 0.245882 -0.018377 1.177006
    50 0.599951 0.959244 0.300102 0.174544 0.000000 0.000000
    51 2.558594 -0.000149 -0.000031 0.273469 0.149728 1.224778
    52 2.095703 -0.000095 -0.000401 0.482182 -0.410387 0.684474
    53 0.999512 0.000054 1.119141 0.000000 0.000000 0.000001
    54 0.310846 -0.606445 -0.498005 0.308107 -0.197598 0.313976
    55 1.873069 -0.004741 -0.000994 -0.000007 0.000004 0.334856
    56 1.200941 0.399582 -0.000237 -0.009465 0.016087 0.007127
    57 0.000586 0.100342 -0.000319 -0.120035 -0.021926 -0.209617
    58 -0.161663 0.051712 0.194808 -2.941982 0.122408 -0.060194
    59 2.010092 -0.003202 -0.003377 0.000018 0.000013 0.337896
    60 0.000240 0.099802 -0.000395 -0.018823 0.010833 -0.239219
    61 -0.203197 0.048607 0.069150 -3.093332 0.033217 -0.046722
    62 1.180428 -0.006214 0.000780 -0.000026 -0.000060 0.259827
    63 -0.000196 0.099625 -0.000034 0.000000 0.000000 -0.314102
    64 -0.088736 -0.688435 -0.145203 2.930407 -0.136130 0.513013
    65 1.712069 0.000578 0.003818 0.000023 -0.000021 0.204804
    66 -0.000580 0.100145 -0.000311 -0.010912 0.023131 -0.260841
    67 -0.146030 -0.232426 -0.014225 3.028455 -0.094299 0.113020
    68 1.290632 0.000362 -0.000032 0.000000 0.000000 -0.177860
    69 -0.658121 -0.003575 0.072645 -0.142711 0.027792 -0.077299
    70 1.868080 -0.003049 0.006083 0.000015 0.000039 0.210518
    71 1.200079 0.399944 -0.000093 0.009465 -0.016087 0.007127
    72 0.000591 0.100342 0.000319 0.120035 0.021926 -0.209617
    73 0.068077 0.002285 -0.080050 3.111376 -0.069366 -0.060847
    74 2.007813 -0.000883 -0.000381 -0.000044 0.000040 1.464654
    75 0.000229 0.099802 0.000395 0.018823 -0.010833 -0.239219
    76 -0.018673 -0.001009 0.047544 3.109244 0.002635 -0.106673
    77 1.178665 0.001595 0.000845 -0.000022 -0.000053 0.807088
    78 -0.000198 0.099628 0.000034 0.000000 0.000000 -0.314102
    79 0.036892 -0.634449 0.266284 -2.801062 0.174301 0.490914
    80 1.707031 0.000723 0.000200 -0.000035 -0.000050 1.238445
    81 -0.000576 0.100136 0.000311 0.010912 -0.023131 -0.260841
    82 -0.003952 -0.281811 0.115047 -3.059162 0.089004 0.167964
    83 1.290039 0.000364 -0.000046 -0.000058 0.000014 0.465379
    84 -0.171528 -0.018148 -0.099873 0.013484 -0.062184 -0.011780
    85 0.916622 0.007240 0.001326 0.000019 0.000021 0.032048
    86 -0.342617 0.053404 -0.025571 -2.909301 -0.017248 0.075276
    87 1.100231 -0.000930 -0.002434 0.000009 0.000014 0.050056
    88 -0.384983 0.330998 0.006848 -3.087207 -0.018765 -0.184279
    89 0.678146 0.006192 0.000002 -0.000078 -0.000019 -0.010722
    90 -0.123848 0.072737 0.029507 2.898184 -0.060627 0.094834
    91 1.017166 -0.000154 -0.000252 -0.000023 -0.000074 0.030168
    92 -0.344986 0.123129 0.143151 2.994981 0.012396 0.059140
    93 -0.730988 0.177046 0.039141 -0.123731 0.076518 -0.084310
    94 0.921993 0.001298 -0.000896 -0.000002 -0.000011 -0.159463
    95 -0.124027 -0.052092 0.038496 3.077813 -0.008519 0.039229
    96 1.098633 0.000008 0.000469 0.000000 0.000000 0.904169
    97 -0.330082 0.160641 0.042780 3.128073 0.034033 -0.171236
    98 0.678711 -0.000813 0.000175 0.000000 0.000000 0.937064
    99 -0.019516 -0.016531 0.038578 -2.763781 0.050305 0.076828
    100 1.014985 0.001206 0.001121 0.000066 -0.000029 0.984570
    101 -0.155312 0.130643 -0.021921 -3.022466 0.022433 -0.024903
    102 -0.252209 0.061937 -0.024914 -0.007671 -0.063171 -0.044392
    103 -0.085991 0.185203 -0.015180 -2.937063 -0.113970 -0.138991
    104 -0.286537 0.179852 0.024264 -3.109353 -0.049645 -0.029915
    105 -0.019489 0.147084 0.079203 2.893815 0.038585 -0.060594
    106 -0.046482 0.251898 0.129548 3.016165 0.077112 -0.042864
    107 0.039120 -0.040298 0.047739 3.084219 0.030470 -0.037414
    108 -0.233757 0.066630 0.001754 -3.133086 0.040141 -0.065413
    109 0.044266 0.020128 0.001684 -2.778763 -0.118872 -0.040488
    110 0.071495 0.074127 -0.048302 -3.035917 -0.059482 0.104366
    111 -5.840022 -0.453139 -2.156316 -0.252477 -0.660658 -1.291054
    112 -5.605640 17.902890 -16.957549 -0.395671 -1.513751 -0.621557
    113 -1.142999 -0.001000 0.273999 -1.006101 -0.000004 1.570789
    114 -0.943998 0.000000 1.776996 0.000000 0.000000 0.000000
    115 2.039996 -0.296999 1.310997 0.000000 0.000000 -1.570817
    116 -0.653999 0.000000 -1.549997 0.000000 0.000000 0.000000
    117 4.078125 0.000000 -0.139893 0.000000 0.000000 0.000000
    118 1.636719 0.000000 -0.501953 0.000000 0.000000 0.000000
    119 2.437500 0.000000 0.764160 0.000000 0.000000 0.000000
    120 -0.898998 0.000000 -1.088998 0.000000 0.000000 0.000000
    121 2.025996 -0.001000 0.680999 0.000000 0.000000 1.570816
    122 0.000000 0.000000 0.000000 0.000000 0.000000 -1.570816
    123 0.711998 0.439999 -0.805998 0.000000 0.000000 1.570815
    124 -1.474998 0.000000 0.073000 0.000000 0.000000 1.570816
    125 1.889997 0.409999 0.284999 1.570922 0.000000 0.000000
    126 0.000000 0.000000 0.000000 0.000000 0.000000 0.000000
    127 -0.106000 0.000000 64.320000 0.000000 0.000000 0.000000
    128 0.000000 0.000000 0.000000 0.000000 0.000000 0.000000
    129 0.000000 0.000000 0.000000 0.057682 0.072878 -0.119606
    130 9.930236 -3.843382 14.329641 -0.252712 -0.660638 0.279797
    131 0.106000 0.000000 -64.320000 0.000000 0.000000 0.000000
    132 0.000000 0.000000 0.000000 0.000000 0.000000 0.000000
    133 0.000000 0.000000 -4.867002 -3.141592 0.000000 -3.128591
    134 0.000000 0.000000 4.867000 -3.141592 0.000000 -3.128591
    135 4.000000 -6.500000 0.000000 0.000000 0.000000 0.000977
    136 -6.500000 0.000000 0.000000 0.000000 1.570796 0.000000
    137 1.000088 -0.000029 0.000000 0.000000 0.000000 0.000000
    138 17.162516 -0.000404 0.000000 0.000000 0.000000 0.119214
    139 9.999891 -0.000303 0.000000 0.000000 0.000000 0.000000
    140 1.000088 -0.000029 0.000000 0.000000 0.000000 0.000000
    141 17.162516 -0.000404 0.000000 0.000000 0.000000 0.119214
    142 9.499836 0.000212 0.000000 0.000000 0.000000 0.000000
    143 0.000000 0.000000 0.000000 0.000000 0.000000 0.000000
    144 17.749374 0.295515 0.000000 0.000000 0.000000 -1.158958
    145 0.017889 0.299792 0.000000 0.000000 0.000000 -0.059582
    146 12.283573 1.581456 -4.696000 1.462269 -0.086726 0.090185
    147 17.749376 0.295515 0.000000 0.000000 0.000000 -1.158958
    148 0.017889 0.299792 0.000000 0.000000 0.000000 -0.059582
    149 13.354000 0.000000 0.000000 0.000000 0.000000 -0.294101
    150 4.530998 0.000000 0.000000 0.000000 0.000000 0.000000
    151 0.000000 0.000000 0.000000 0.000000 0.000000 0.000000
    152 5.413524 0.000347 0.000000 0.000000 0.000000 -0.518055
    153 5.413524 0.000347 0.000000 0.000000 0.000000 -0.518055
    154 4.662002 -5.366333 4.825191 1.569713 1.561305 -3.121213
    155 3.116966 -0.000443 0.000000 0.000000 0.000000 0.294101
    156 4.531197 0.000000 0.000000 0.000000 0.000000 0.000000
    157 -39.033923 18.156804 -46.307524 0.098930 0.694782 -0.156970
    158 -1.610780 0.003904 0.562248 0.000008 0.314056 0.000000
    159 -39.581036 18.332591 -47.022813 -0.450662 -0.075896 1.350345
    160 -1.532227 0.000000 1.129883 -0.262470 -0.000006 1.570749
    161 0.000000 -0.001000 0.000000 0.000000 0.000000 0.000000
    162 3.867000 0.000000 0.228000 0.000000 0.000000 0.000000
    163 3.512001 -3.547000 -1.066000 0.000000 1.570796 0.000000
    164 3.456001 -3.517000 1.169000 0.000000 1.570796 0.000000
    165 6.233002 0.000000 0.000000 0.000000 0.000000 0.000000
    166 -0.171997 -0.106000 -0.902000 1.570713 1.029176 -3.134550
    167 5.757607 -6.723761 1.164098 -0.119546 -0.065951 -0.065496
    168 -3.106999 0.000000 0.669000 0.000000 0.000000 0.000000
    169 -3.106999 0.000000 0.741000 0.000000 0.000000 0.000000
    170 -3.252000 0.000000 0.540000 0.000000 0.000000 0.000000
    171 3.999434 -0.000528 -0.000332 0.824101 -0.000017 -0.000023
    172 3.999901 0.000038 0.001011 0.064952 -0.000001 -0.000001
    173 1.598000 0.000000 0.000000 0.000000 0.000000 0.000000
    174 -1.145525 0.000130 0.000668 0.000000 0.000000 0.000000
    175 2.299681 -2.499979 -0.599480 0.892021 0.221512 -0.527234
    176 6.294896 -0.308603 9.395931 -0.141154 0.529046 0.926992
    177 -9.580679 -27.862110 -37.184673 0.812879 -0.123459 -0.568477
    178 0.649933 -0.548295 0.093651 -1.665913 -0.131399 -0.112062
    179 0.657077 0.008401 0.040371 -1.665945 -0.131407 -0.000013
    180 0.665776 0.747221 -0.029190 -1.665935 -0.131408 0.094976
    181 2.300139 -2.499414 0.600159 -0.891995 -0.221560 -0.527344
    182 12.509592 1.698235 3.564709 1.764030 -0.255070 0.216942
    183 2.762354 0.116951 1.523975 1.629482 0.064153 1.743800
    184 7.228323 7.928203 -3.925652 2.328713 0.123459 -0.568477
    185 0.650394 -0.547730 -0.092979 1.665913 0.131399 -0.112062
    186 0.657069 0.008399 -0.040379 1.665945 0.131407 -0.000013
    187 0.665772 0.747219 0.029182 1.665935 0.131408 0.094976
    188 -4.481003 -0.202000 0.000000 0.000000 0.000000 0.000000
    189 -5.516998 -0.291000 -0.001000 0.000000 0.000000 0.000000
    190 -0.857697 0.104070 0.104687 0.023536 0.163924 0.013632
    191 1.899121 0.000427 -0.000439 0.027386 -0.033311 0.477848
    192 1.799658 -0.000240 0.000231 0.027386 -0.033311 0.477848
    193 1.799658 -0.000240 0.000231 0.027386 -0.033311 0.477848
    194 1.799658 -0.000240 0.000231 0.027386 -0.033311 0.477848
    195 1.900312 -0.000137 -0.000517 0.027386 -0.033311 0.477848
    196 1.899436 -0.000320 -0.000151 -0.027386 0.033311 0.477848
    197 1.799664 -0.000233 -0.000233 -0.027386 0.033311 0.477848
    198 1.799664 -0.000233 -0.000233 -0.027386 0.033311 0.477848
    199 1.799664 -0.000233 -0.000233 -0.027386 0.033311 0.477848
    200 1.900729 0.000549 -0.000072 -0.027386 0.033311 0.477848
    201 0.599884 0.400188 -0.000027 0.000000 0.000000 0.000000
    202 0.599888 0.400187 0.000031 0.000000 0.000000 -3.141592
    203 0.599503 0.400696 0.000234 0.000000 0.000000 0.000000
    204 0.600399 0.399632 -0.000466 0.000000 0.000000 -3.141592
  time 4
    0 0.000000 0.000000 0.000000 0.000000 0.000000 -1.570796
    1 -0.106323 0.000000 -0.000198 0.000000 0.000000 0.000000
    2 0.000000 0.000000 0.000000 0.000000 0.000000 0.000000
    3 -0.904000 0.000000 -11.806000 0.000000 0.000000 0.000000
    4 0.000000 0.000000 -14.313999 0.000000 -1.570796 1.570857
    5 3.533001 0.000000 0.000000 0.000000 0.000000 0.000000
    6 6.250000 0.000000 0.000000 0.000000 0.000000 0.000000
    7 9.299411 2.316502 -1.744795 -0.168959 1.442921 -0.167770
    8 9.717393 2.687607 2.197946 -1.212559 -0.691289 1.270083
    9 5.790726 0.002787 -0.000113 -0.993245 0.316820 -1.377112
    10 5.999492 -0.000592 -4.000343 0.000000 0.000000 0.000000
    11 5.791316 0.006489 0.004799 0.619962 -0.454889 -1.291513
    12 5.999492 -0.000592 4.000336 0.000000 0.000000 0.000000
    13 0.500225 0.000133 -0.000088 0.168082 0.000000 0.000000
    14 11.534559 0.004255 -0.001312 -0.000017 0.000009 -0.955605
    15 -0.829338 0.893824 0.079659 -0.148839 0.047645 0.087266
    16 0.500225 0.000132 0.000076 0.087523 0.000000 0.000000
    17 11.532495 0.000526 -0.000089 0.000102 0.000014 -2.259125
    18 -0.829586 0.894698 -0.079464 0.045377 -0.019621 0.087266
    19 10.599884 0.000105 -0.000553 1.449784 0.000000 0.000000
    20 0.139197 -0.275181 -0.000805 -0.000012 -0.000049 0.477829
    21 11.042057 0.003717 0.004704 1.413936 0.129657 -0.254041
    22 -1.214832 0.203470 -0.477489 -0.135025 -0.078677 -0.001289
    23 10.599880 0.000105 0.000549 0.589681 0.000000 0.000048
    24 1.240791 -0.583784 0.000801 -0.000060 0.000025 1.129610
    25 11.041742 0.003171 -0.000571 0.803273 0.694751 0.456568
    26 -1.063377 0.077663 0.150230 0.045121 0.020046 -0.012850
    27 0.610302 -0.939470 0.070343 -1.655093 0.119532 -0.197548
    28 0.639940 -0.199121 0.060188 -1.665909 0.127979 -0.091159
    29 0.600155 1.080261 -0.339535 -1.744653 0.277620 0.062599
    30 0.610207 0.400743 -0.010101 -1.765603 0.194184 -0.007056
    31 0.634715 -0.693997 -0.232343 0.142963 0.513457 -1.255257
    32 -0.792125 0.203736 0.461300 1.439074 -0.003453 -0.018305
    33 0.610300 -0.939469 -0.070351 1.655337 0.139988 -0.175676
    34 0.639937 -0.199121 -0.060200 1.665952 0.131308 -0.066502
    35 0.600586 1.130859 0.033752 1.738057 -0.020761 0.107329
    36 0.610205 0.400743 0.010086 1.762348 0.061543 0.042962
    37 0.629883 -0.689453 0.230347 -0.750747 -0.567048 -0.967115
    38 -0.626031 -0.069983 -0.080517 -1.447153 0.086151 0.021559
    39 2.625284 -0.002532 -0.001438 0.266205 0.044699 -0.162385
    40 2.664743 0.000397 -0.000071 0.011803 -0.059628 0.017850
    41 2.206394 0.003368 -0.006769 -0.258618 -0.510071 0.280514
    42 0.599952 0.959240 -0.300102 -0.174544 0.000000 0.000000
    43 2.557190 -0.001967 0.006359 -0.023282 -0.148191 0.060632
    44 2.095024 -0.003873 -0.002193 -0.277774 0.222943 0.402577
    45 0.999380 -0.000236 -1.154680 -0.000001 0.000000 0.000000
    46 -0.122639 -0.721856 0.661690 -0.486644 0.223964 0.243056
    47 2.619141 0.000141 -0.000401 0.055589 0.402473 0.372937
    48 2.658203 0.000781 0.000162 0.351904 0.247667 1.152005
    49 2.199219 0.000516 -0.000122 0.245882 -0.018377 1.177006
    50 0.599951 0.959244 0.300102 0.174544 0.000000 0.000000
    51 2.558594 -0.000149 -0.000031 0.273469 0.149728 1.224778
    52 2.095703 -0.000095 -0.000401 0.482182 -0.410387 0.684474
    53 0.999512 0.000054 1.119141 0.000000 0.000000 0.000001
    54 0.310846 -0.606445 -0.498005 0.308107 -0.197598 0.313976
    55 1.869163 -0.004741 -0.000994 0.000053 0.000004 0.314470
    56 1.200941 0.399582 -0.000237 -0.009465 0.016087 0.007127
    57 0.000586 0.100342 -0.000319 -0.120035 -0.021926 -0.209617
    58 -0.161663 0.051712 0.194808 -2.941982 0.122408 -0.060194
    59 2.010092 -0.007109 -0.007284 0.000018 0.000013 0.337896
    60 0.000240 0.099802 -0.000395 -0.018823 0.010833 -0.239219
    61 -0.203197 0.048607 0.069150 -3.093332 0.033217 -0.046722
    62 1.180428 -0.006214 0.000780 -0.000014 0.000072 0.268765
    63 -0.000196 0.099625 -0.000034 0.000000 0.000000 -0.314102
    64 -0.088736 -0.688435 -0.145203 2.930407 -0.136130 0.513013
    65 1.715976 -0.003328 0.003818 0.000023 -0.000021 0.222782
    66 -0.000580 0.100145 -0.000311 -0.010912 0.023131 -0.260841
    67 -0.146030 -0.232426 -0.014225 3.028455 -0.094299 0.113020
    68 1.290632 0.000362 -0.000032 0.000000 0.000060 -0.177944
    69 -0.658121 -0.003575 0.072645 -0.142711 0.027792 -0.077299
    70 1.868080 -0.003049 0.006083 0.000015 0.000039 0.210518
    71 1.200079 0.399944 -0.000093 0.009465 -0.016087 0.007127
    72 0.000591 0.100342 0.000319 0.120035 0.021926 -0.209617
    73 0.068077 0.002285 -0.080050 3.111376 -0.069366 -0.060847
    74 2.007813 -0.000883 -0.000381 -0.000044 0.000040 1.464654
    75 0.000229 0.099802 0.000395 0.018823 -0.010833 -0.239219
    76 -0.018673 -0.001009 0.047544 3.109244 0.002635 -0.106673
    77 1.178665 0.001595 0.000845 -0.000022 -0.000053 0.807088
    78 -0.000198 0.099628 0.000034 0.000000 0.000000 -0.314102
    79 0.036892 -0.634449 0.266284 -2.801062 0.174301 0.490914
    80 1.707031 0.000723 0.000200 -0.000035 -0.000050 1.238445
    81 -0.000576 0.100136 0.000311 0.010912 -0.023131 -0.260841
    82 -0.003952 -0.281811 0.115047 -3.059162 0.089004 0.167964
    83 1.290039 0.000364 -0.000046 -0.000058 0.000014 0.465379
    84 -0.171528 -0.018148 -0.099873 0.013484 -0.062184 -0.011780
    85 0.912716 0.007240 0.001326 0.000019 0.000021 0.032154
    86 -0.342617 0.053404 -0.025571 -2.909301 -0.017248 0.075276
    87 1.100231 -0.000930 -0.002434 0.000009 0.000014 0.050136
    88 -0.384983 0.330998 0.006848 -3.087207 -0.018765 -0.184279
    89 0.678146 0.006192 0.000002 -0.000078 -0.000079 -0.001783
    90 -0.123848 0.072737 0.029507 2.898184 -0.060627 0.094834
    91 1.017166 -0.000154 -0.000252 -0.000023 -0.000014 0.068967
    92 -0.344986 0.123129 0.143151 2.994981 0.012396 0.059140
    93 -0.730988 0.177046 0.039141 -0.123731 0.076518 -0.084310
    94 0.921993 0.001298 -0.000896 -0.000014 -0.000011 -0.159749
    95 -0.124027 -0.052092 0.038496 3.077813 -0.008519 0.039229
    96 1.098633 0.000008 0.000469 0.000000 0.000000 0.904169
    97 -0.330082 0.160641 0.042780 3.128073 0.034033 -0.171236
    98 0.678711 -0.000813 0.000175 0.000000 0.000000 0.937064
    99 -0.019516 -0.016531 0.038578 -2.763781 0.050305 0.076828
    100 1.014985 0.001206 0.001121 0.000054 -0.000029 0.984570
    101 -0.155312 0.130643 -0.021921 -3.022466 0.022433 -0.024903
    102 -0.252209 0.061937 -0.024914 -0.007671 -0.063171 -0.044392
    103 -0.085991 0.185203 -0.015180 -2.937063 -0.113970 -0.138991
    104 -0.286537 0.179852 0.024264 -3.109353 -0.049645 -0.029915
    105 -0.019489 0.147084 0.079203 2.893815 0.038585 -0.060594
    106 -0.046482 0.251898 0.129548 3.016165 0.077112 -0.042864
    107 0.039120 -0.040298 0.047739 3.084219 0.030470 -0.037414
    108 -0.233757 0.066630 0.001754 -3.133086 0.040141 -0.065413
    109 0.044266 0.020128 0.001684 -2.778763 -0.118872 -0.040488
    110 0.071495 0.074127 -0.048302 -3.035917 -0.059482 0.104366
    111 -6.211127 -0.941435 1.171911 -0.401437 -0.837012 -1.055197
    112 -8.738548 13.867611 -16.992706 -2.090200 -1.378505 1.201343
    113 -1.142999 -0.001000 0.273999 -1.006101 -0.000004 1.570789
    114 -0.943998 0.000000 1.776996 0.000000 0.000000 0.000000
    115 2.039996 -0.296999 1.310997 0.000000 0.000000 -1.570817
    116 -0.653999 0.000000 -1.549997 0.000000 0.000000 0.000000
    117 4.078125 0.000000 -0.139893 0.000000 0.000000 0.000000
    118 1.636719 0.000000 -0.501953 0.000000 0.000000 0.000000
    119 2.437500 0.000000 0.764160 0.000000 0.000000 0.000000
    120 -0.898998 0.000000 -1.088998 0.000000 0.000000 0.000000
    121 2.025996 -0.001000 0.680999 0.000000 0.000000 1.570816
    122 0.000000 0.000000 0.000000 0.000000 0.000000 -1.570816
    123 0.711998 0.439999 -0.805998 0.000000 0.000000 1.570815
    124 -1.474998 0.000000 0.073000 0.000000 0.000000 1.570816
    125 1.889997 0.409999 0.284999 1.570922 0.000000 0.000000
    126 0.000000 0.000000 0.000000 0.000000 0.000000 0.000000
    127 -0.106000 0.000000 64.320000 0.000000 0.000000 0.000000
    128 0.000000 0.000000 0.000000 0.000000 0.000000 0.000000
    129 0.000000 0.000000 0.000000 0.050491 0.078379 -0.145769
    130 8.953643 -2.999606 19.169632 -0.401397 -0.836932 0.515472
    131 0.106000 0.000000 -64.320000 0.000000 0.000000 0.000000
    132 0.000000 0.000000 0.000000 0.000000 0.000000 0.000000
    133 0.000000 0.000000 -4.867002 -3.141592 0.000000 -3.128591
    134 0.000000 0.000000 4.867000 -3.141592 0.000000 -3.128591
    135 4.000000 -6.500000 0.000000 0.000000 0.000000 0.000977
    136 -6.500000 0.000000 0.000000 0.000000 1.570796 0.000000
    137 1.000088 -0.000029 0.000000 0.000000 0.000000 0.000000
    138 17.162516 -0.000404 0.000000 0.000000 0.000000 0.119214
    139 9.999891 -0.000303 0.000000 0.000000 0.000000 0.000000
    140 1.000088 -0.000029 0.000000 0.000000 0.000000 0.000000
    141 17.162516 -0.000404 0.000000 0.000000 0.000000 0.119214
    142 9.499836 0.000212 0.000000 0.000000 0.000000 0.000000
    143 0.000000 0.000000 0.000000 0.000000 0.000000 0.000000
    144 17.749374 0.295515 0.000000 0.000000 0.000000 -1.158958
    145 0.017889 0.299792 0.000000 0.000000 0.000000 -0.059582
    146 12.283573 1.581456 -4.696000 1.462269 -0.086726 0.090185
    147 17.749376 0.295515 0.000000 0.000000 0.000000 -1.158958
    148 0.017889 0.299792 0.000000 0.000000 0.000000 -0.059582
    149 13.354000 0.000000 0.000000 0.000000 0.000000 -0.294101
    150 4.530998 0.000000 0.000000 0.000000 0.000000 0.000000
    151 0.000000 0.000000 0.000000 0.000000 0.000000 0.000000
    152 5.413524 0.000347 0.000000 0.000000 0.000000 -0.518055
    153 5.413524 0.000347 0.000000 0.000000 0.000000 -0.518055
    154 4.662002 -5.366333 4.825191 1.569713 1.561305 -3.121213
    155 3.116966 -0.000443 0.000000 0.000000 0.000000 0.294101
    156 4.531197 0.000000 0.000000 0.000000 0.000000 0.000000
    157 -48.932663 23.352275 -39.135430 0.004720 0.906670 -0.332623
    158 -1.610780 0.003904 0.562248 0.000008 0.314056 0.000000
    159 -49.604779 23.586657 -39.721809 -0.241395 -0.002927 1.234282
    160 -1.532227 0.000000 1.129883 -0.262470 -0.000006 1.570749
    161 0.000000 -0.001000 0.000000 0.000000 0.000000 0.000000
    162 3.867000 0.000000 0.228000 0.000000 0.000000 0.000000
    163 3.512001 -3.547000 -1.066000 0.000000 1.570796 0.000000
    164 3.456001 -3.517000 1.169000 0.000000 1.570796 0.000000
    165 6.233002 0.000000 0.000000 0.000000 0.000000 0.000000
    166 -0.171997 -0.106000 -0.902000 1.570713 1.029176 -3.134550
    167 5.718543 -6.723761 1.308634 -0.145601 -0.061325 -0.070230
    168 -3.106999 0.000000 0.669000 0.000000 0.000000 0.000000
    169 -3.106999 0.000000 0.741000 0.000000 0.000000 0.000000
    170 -3.252000 0.000000 0.540000 0.000000 0.000000 0.000000
    171 3.999434 -0.000528 -0.000332 0.724904 0.000043 0.000001
    172 3.999901 0.000038 0.001011 0.294820 -0.000001 -0.000001
    173 1.598000 0.000000 0.000000 0.000000 0.000000 0.000000
    174 -1.145525 0.000130 0.000668 0.000000 0.000000 0.000000
    175 2.299681 -2.499979 -0.599480 0.892021 0.221512 -0.527234
    176 5.615187 -1.589892 16.579744 -0.285487 0.050328 0.981466
    177 -9.580679 -27.862110 -37.184673 0.812879 -0.123459 -0.568477
    178 0.649933 -0.548295 0.093651 -1.665913 -0.131399 -0.112062
    179 0.657077 0.008401 0.040371 -1.665945 -0.131407 -0.000013
    180 0.665776 0.747221 -0.029190 -1.665935 -0.131408 0.094976
    181 2.300139 -2.499414 0.600159 -0.891995 -0.221560 -0.527344
    182 12.509592 1.698235 3.564709 1.764030 -0.255070 0.216942
    183 2.762354 0.116951 1.523975 1.629482 0.064153 1.743800
    184 7.228323 7.928203 -3.925652 2.328713 0.123459 -0.568477
    185 0.650394 -0.547730 -0.092979 1.665913 0.131399 -0.112062
    186 0.657069 0.008399 -0.040379 1.665945 0.131407 -0.000013
    187 0.665772 0.747219 0.029182 1.665935 0.131408 0.094976
    188 -4.481003 -0.202000 0.000000 0.000000 0.000000 0.000000
    189 -5.516998 -0.291000 -0.001000 0.000000 0.000000 0.000000
    190 -0.857697 0.104070 0.104687 0.023536 0.163924 0.013632
    191 1.899121 0.000427 -0.000439 0.027386 -0.033311 0.477848
    192 1.799658 -0.000240 0.000231 0.027386 -0.033311 0.477848
    193 1.799658 -0.000240 0.000231 0.027386 -0.033311 0.477848
    194 1.799658 -0.000240 0.000231 0.027386 -0.033311 0.477848
    195 1.900312 -0.000137 -0.000517 0.027386 -0.033311 0.477848
    196 1.899436 -0.000320 -0.000151 -0.027386 0.033311 0.477848
    197 1.799664 -0.000233 -0.000233 -0.027386 0.033311 0.477848
    198 1.799664 -0.000233 -0.000233 -0.027386 0.033311 0.477848
    199 1.799664 -0.000233 -0.000233 -0.027386 0.033311 0.477848
    200 1.900729 0.000549 -0.000072 -0.027386 0.033311 0.477848
    201 0.599884 0.400188 -0.000027 0.000000 0.000000 0.000000
    202 0.599888 0.400187 0.000031 0.000000 0.000000 -3.141592
    203 0.599503 0.400696 0.000234 0.000000 0.000000 0.000000
    204 0.600399 0.399632 -0.000466 0.000000 0.000000 -3.141592
  time 5
    0 0.000000 0.000000 0.000000 0.000000 0.000000 -1.570796
    1 -0.106323 0.000000 -0.000198 0.000000 0.000000 0.000000
    2 0.000000 0.000000 0.000000 0.000000 0.000000 0.000000
    3 -0.904000 0.000000 -11.806000 0.000000 0.000000 0.000000
    4 0.000000 0.000000 -14.313999 0.000000 -1.570796 1.570857
    5 3.533001 0.000000 0.000000 0.000000 0.000000 0.000000
    6 6.250000 0.000000 0.000000 0.000000 0.000000 0.000000
    7 9.908805 1.546947 -1.920582 -0.152683 1.429652 -0.151399
    8 9.568951 1.921959 1.819028 -1.302432 -0.607470 1.419644
    9 5.790726 0.002787 -0.000113 -0.744089 0.754340 -0.869335
    10 5.999492 -0.000592 -4.000343 0.000000 0.000000 0.000000
    11 5.787410 0.002582 0.004799 0.807338 0.021545 -1.280072
    12 5.999492 -0.000592 4.000336 0.000000 0.000000 0.000000
    13 0.500225 0.000133 -0.000088 0.175067 0.000000 0.000000
    14 11.534559 0.004255 -0.001312 -0.000065 0.000045 -1.719918
    15 -0.829338 0.893824 0.079659 -0.148839 0.047645 0.087266
    16 0.500225 0.000132 0.000076 -0.016575 0.000000 0.000000
    17 11.532495 0.000526 -0.000089 -0.000006 0.000062 -1.948854
    18 -0.829586 0.894698 -0.079464 0.045377 -0.019621 0.087266
    19 10.599884 0.000105 -0.000553 1.526652 0.000000 0.000000
    20 0.619680 -0.533001 -0.000805 -0.000024 -0.000049 0.860002
    21 11.042057 -0.000189 0.000798 1.558955 0.220924 0.143568
    22 -1.214832 0.203470 -0.477489 -0.135025 -0.078677 -0.001289
    23 10.599880 0.000105 0.000549 0.972288 -0.000036 0.000108
    24 0.865780 -0.591597 0.000801 -0.000036 -0.000047 0.974440
    25 11.041742 0.003171 -0.000571 1.215169 0.564025 0.479914
    26 -1.063377 0.077663 0.150230 0.045121 0.020046 -0.012850
    27 0.610302 -0.939470 0.070343 -1.655093 0.119196 -0.197512
    28 0.639940 -0.199121 0.060188 -1.665858 0.127631 -0.091111
    29 0.600155 1.080261 -0.339535 -1.744706 0.277344 0.062503
    30 0.610207 0.400743 -0.010101 -1.765603 0.193896 -0.006972
    31 0.634715 -0.693997 -0.236250 0.109984 0.585165 -1.254240
    32 -0.792125 0.203736 0.461300 1.439074 -0.003453 -0.018305
    33 0.610300 -0.939469 -0.070351 1.655337 0.139988 -0.175676
    34 0.639937 -0.199121 -0.060200 1.665952 0.131308 -0.066502
    35 0.600586 1.130859 0.033752 1.738057 -0.020761 0.107329
    36 0.610205 0.400743 0.010086 1.762348 0.061543 0.042962
    37 0.629883 -0.689453 0.230347 -0.750747 -0.567048 -0.967115
    38 -0.626031 -0.069983 -0.080517 -1.447153 0.086151 0.021559
    39 2.621377 -0.006439 -0.001438 0.249473 0.084650 -0.122897
    40 2.660837 0.000397 -0.000071 0.011382 -0.054007 0.075210
    41 2.202488 0.003368 -0.006769 -0.290137 -0.417562 0.293781
    42 0.599952 0.959240 -0.300102 -0.174544 0.000000 0.000000
    43 2.557190 -0.001967 0.006359 -0.035299 -0.139849 0.107864
    44 2.095024 -0.003873 -0.002193 -0.264675 0.250859 0.458462
    45 0.999380 -0.000236 -1.178119 -0.000001 0.000000 0.000000
    46 -0.122639 -0.721856 0.661690 -0.486644 0.223964 0.243056
    47 2.619141 0.000141 -0.000401 0.055589 0.402473 0.372937
    48 2.658203 0.000781 0.000162 0.351904 0.247667 1.152005
    49 2.199219 0.000516 -0.000122 0.245882 -0.018377 1.177006
    50 0.599951 0.959244 0.300102 0.174544 0.000000 0.000000
    51 2.558594 -0.000149 -0.000031 0.273469 0.149728 1.224778
    52 2.095703 -0.000095 -0.000401 0.482182 -0.410387 0.684474
    53 0.999512 0.000054 1.119141 0.000000 0.000000 0.000001
    54 0.310846 -0.606445 -0.498005 0.308107 -0.197598 0.313976
    55 1.873069 -0.000835 -0.000994 0.000017 0.000063 0.602628
    56 1.200941 0.399582 -0.000237 -0.009465 0.016087 0.007127
    57 0.000586 0.100342 -0.000319 -0.120035 -0.021926 -0.209617
    58 -0.161663 0.051712 0.194808 -2.941982 0.122408 -0.060194
    59 2.010092 -0.003202 -0.007284 0.000018 0.000013 0.601771
    60 0.000240 0.099802 -0.000395 -0.018823 0.010833 -0.239219
    61 -0.203197 0.048607 0.069150 -3.093332 0.033217 -0.046722
    62 1.180428 -0.006214 0.000780 -0.000014 0.000012 0.531422
    63 -0.000196 0.099625 -0.000034 0.000000 0.000000 -0.314102
    64 -0.088736 -0.688435 -0.145203 2.930407 -0.136130 0.513013
    65 1.715976 0.000578 0.003818 0.000023 -0.000021 0.448735
    66 -0.000580 0.100145 -0.000311 -0.010912 0.023131 -0.260841
    67 -0.146030 -0.232426 -0.014225 3.028455 -0.094299 0.113020
    68 1.290632 0.000362 -0.000032 0.000048 -0.000048 0.084632
    69 -0.658121 -0.003575 0.072645 -0.142711 0.027792 -0.077299
    70 1.868080 -0.006956 0.006083 0.000015 0.000039 0.210491
    71 1.200079 0.399944 -0.000093 0.009465 -0.016087 0.007127
    72 0.000591 0.100342 0.000319 0.120035 0.021926 -0.209617
    73 0.068077 0.002285 -0.080050 3.111376 -0.069366 -0.060847
    74 2.007813 -0.000883 -0.000381 -0.000044 0.000040 1.464654
    75 0.000229 0.099802 0.000395 0.018823 -0.010833 -0.239219
    76 -0.018673 -0.001009 0.047544 3.109244 0.002635 -0.106673
    77 1.178665 0.001595 0.000845 -0.000022 -0.000053 0.807088
    78 -0.000198 0.099628 0.000034 0.000000 0.000000 -0.314102
    79 0.036892 -0.634449 0.266284 -2.801062 0.174301 0.490914
    80 1.707031 0.000723 0.000200 -0.000035 -0.000050 1.238445
    81 -0.000576 0.100136 0.000311 0.010912 -0.023131 -0.260841
    82 -0.003952 -0.281811 0.115047 -3.059162 0.089004 0.167964
    83 1.290039 0.000364 -0.000046 -0.000058 0.000014 0.465379
    84 -0.171528 -0.018148 -0.099873 0.013484 -0.062184 -0.011780
    85 0.912716 0.007240 0.001326 0.000019 0.000021 0.341223
    86 -0.342617 0.053404 -0.025571 -2.909301 -0.017248 0.075276
    87 1.100231 -0.000930 -0.002434 0.000009 0.000014 0.394196
    88 -0.384983 0.330998 0.006848 -3.087207 -0.018765 -0.184279
    89 0.678146 0.002286 -0.003905 -0.000018 -0.000019 0.320979
    90 -0.123848 0.072737 0.029507 2.898184 -0.060627 0.094834
    91 1.017166 -0.000154 -0.000252 -0.000023 -0.000014 0.436955
    92 -0.344986 0.123129 0.143151 2.994981 0.012396 0.059140
    93 -0.730988 0.177046 0.039141 -0.123731 0.076518 -0.084310
    94 0.921993 0.001298 -0.000896 -0.000014 -0.000011 -0.160006
    95 -0.124027 -0.052092 0.038496 3.077813 -0.008519 0.039229
    96 1.098633 0.000008 0.000469 0.000000 0.000000 0.904169
    97 -0.330082 0.160641 0.042780 3.128073 0.034033 -0.171236
    98 0.678711 -0.000813 0.000175 0.000000 0.000000 0.937064
    99 -0.019516 -0.016531 0.038578 -2.763781 0.050305 0.076828
    100 1.018891 0.001206 0.001121 0.000054 -0.000029 0.984570
    101 -0.155312 0.130643 -0.021921 -3.022466 0.022433 -0.024903
    102 -0.252209 0.061937 -0.024914 -0.007671 -0.063171 -0.044392
    103 -0.085991 0.185203 -0.015180 -2.937063 -0.113970 -0.138991
    104 -0.286537 0.179852 0.024264 -3.109353 -0.049645 -0.029915
    105 -0.019489 0.147084 0.079203 2.893815 0.038585 -0.060594
    106 -0.046482 0.251898 0.129548 3.016165 0.077112 -0.042864
    107 0.039120 -0.040298 0.047739 3.084219 0.030470 -0.037414
    108 -0.233757 0.066630 0.001754 -3.133086 0.040141 -0.065413
    109 0.044266 0.020128 0.001684 -2.778763 -0.118872 -0.040488
    110 0.071495 0.074127 -0.048302 -3.035917 -0.059482 0.104366
    111 -6.093936 -0.359386 6.101749 -0.684432 -0.938414 -0.777789
    112 -10.910489 10.594073 -14.211371 -2.057322 -1.173915 1.226874
    113 -1.142999 -0.001000 0.273999 -1.006101 -0.000004 1.570789
    114 -0.943998 0.000000 1.776996 0.000000 0.000000 0.000000
    115 2.039996 -0.296999 1.310997 0.000000 0.000000 -1.570817
    116 -0.653999 0.000000 -1.549997 0.000000 0.000000 0.000000
    117 4.078125 0.000000 -0.139893 0.000000 0.000000 0.000000
    118 1.636719 0.000000 -0.501953 0.000000 0.000000 0.000000
    119 2.437500 0.000000 0.764160 0.000000 0.000000 0.000000
    120 -0.898998 0.000000 -1.088998 0.000000 0.000000 0.000000
    121 2.025996 -0.001000 0.680999 0.000000 0.000000 1.570816
    122 0.000000 0.000000 0.000000 0.000000 0.000000 -1.570816
    123 0.711998 0.439999 -0.805998 0.000000 0.000000 1.570815
    124 -1.474998 0.000000 0.073000 0.000000 0.000000 1.570816
    125 1.889997 0.409999 0.284999 1.570922 0.000000 0.000000
    126 0.000000 0.000000 0.000000 0.000000 0.000000 0.000000
    127 -0.106000 0.000000 64.320000 0.000000 0.000000 0.000000
    128 0.000000 0.000000 0.000000 0.000000 0.000000 0.000000
    129 0.000000 0.000000 0.000000 0.042557 0.080045 -0.160677
    130 6.910612 -1.991763 24.990123 -0.684533 -0.938421 0.792977
    131 0.106000 0.000000 -64.320000 0.000000 0.000000 0.000000
    132 0.000000 0.000000 0.000000 0.000000 0.000000 0.000000
    133 0.000000 0.000000 -4.867002 -3.141592 0.000000 -3.128591
    134 0.000000 0.000000 4.867000 -3.141592 0.000000 -3.128591
    135 4.000000 -6.500000 0.000000 0.000000 0.000000 0.000977
    136 -6.500000 0.000000 0.000000 0.000000 1.570796 0.000000
    137 1.000088 -0.000029 0.000000 0.000000 0.000000 0.000000
    138 17.162516 -0.000404 0.000000 0.000000 0.000000 0.119214
    139 9.999891 -0.000303 0.000000 0.000000 0.000000 0.000000
    140 1.000088 -0.000029 0.000000 0.000000 0.000000 0.000000
    141 17.162516 -0.000404 0.000000 0.000000 0.000000 0.119214
    142 9.499836 0.000212 0.000000 0.000000 0.000000 0.000000
    143 0.000000 0.000000 0.000000 0.000000 0.000000 0.000000
    144 17.749374 0.295515 0.000000 0.000000 0.000000 -1.158958
    145 0.017889 0.299792 0.000000 0.000000 0.000000 -0.059582
    146 12.283573 1.581456 -4.696000 1.462269 -0.086726 0.090185
    147 17.749376 0.295515 0.000000 0.000000 0.000000 -1.158958
    148 0.017889 0.299792 0.000000 0.000000 0.000000 -0.059582
    149 13.354000 0.000000 0.000000 0.000000 0.000000 -0.294101
    150 4.530998 0.000000 0.000000 0.000000 0.000000 0.000000
    151 0.000000 0.000000 0.000000 0.000000 0.000000 0.000000
    152 5.413524 0.000347 0.000000 0.000000 0.000000 -0.518055
    153 5.413524 0.000347 0.000000 0.000000 0.000000 -0.518055
    154 4.662002 -5.366333 4.825191 1.569713 1.561305 -3.121213
    155 3.116966 -0.000443 0.000000 0.000000 0.000000 0.294101
    156 4.531197 0.000000 0.000000 0.000000 0.000000 0.000000
    157 -56.167259 32.055666 -31.475040 -0.002961 1.095120 -0.437047
    158 -1.610780 0.003904 0.562248 0.000008 0.314056 0.000000
    159 -56.901877 32.399426 -31.912977 -0.052930 0.001409 1.136352
    160 -1.532227 0.000000 1.129883 -0.262470 -0.000006 1.570749
    161 0.000000 -0.001000 0.000000 0.000000 0.000000 0.000000
    162 3.867000 0.000000 0.228000 0.000000 0.000000 0.000000
    163 3.512001 -3.547000 -1.066000 0.000000 1.570796 0.000000
    164 3.456001 -3.517000 1.169000 0.000000 1.570796 0.000000
    165 6.233002 0.000000 0.000000 0.000000 0.000000 0.000000
    166 -0.171997 -0.106000 -0.902000 1.570713 1.029176 -3.134550
    167 5.706824 -6.723761 1.355510 -0.160414 -0.054830 -0.072219
    168 -3.106999 0.000000 0.669000 0.000000 0.000000 0.000000
    169 -3.106999 0.000000 0.741000 0.000000 0.000000 0.000000
    170 -3.252000 0.000000 0.540000 0.000000 0.000000 0.000000
    171 3.999434 -0.000528 -0.000332 0.763317 -0.000017 -0.000023
    172 3.999901 0.000038 0.001011 0.486133 -0.000001 -0.000001
    173 1.598000 0.000000 0.000000 0.000000 0.000000 0.000000
    174 -1.145525 0.000130 0.000668 0.000000 0.000000 0.000000
    175 2.299681 -2.499979 -0.599480 0.892021 0.221512 -0.527234
    176 6.884757 5.683767 22.165852 -0.655599 -0.035264 1.196886
    177 -9.580679 -27.862110 -37.184673 0.812879 -0.123459 -0.568477
    178 0.649933 -0.548295 0.093651 -1.665913 -0.131399 -0.112062
    179 0.657077 0.008401 0.040371 -1.665945 -0.131407 -0.000013
    180 0.665776 0.747221 -0.029190 -1.665935 -0.131408 0.094976
    181 2.300139 -2.499414 0.600159 -0.891995 -0.221560 -0.527344
    182 12.509592 1.698235 3.564709 1.764030 -0.255070 0.216942
    183 2.762354 0.116951 1.523975 1.629482 0.064153 1.743800
    184 7.228323 7.928203 -3.925652 2.328713 0.123459 -0.568477
    185 0.650394 -0.547730 -0.092979 1.665913 0.131399 -0.112062
    186 0.657069 0.008399 -0.040379 1.665945 0.131407 -0.000013
    187 0.665772 0.747219 0.029182 1.665935 0.131408 0.094976
    188 -4.481003 -0.202000 0.000000 0.000000 0.000000 0.000000
    189 -5.516998 -0.291000 -0.001000 0.000000 0.000000 0.000000
    190 -0.857697 0.104070 0.104687 0.023536 0.163924 0.013632
    191 1.899121 0.000427 -0.000439 0.027386 -0.033311 0.477848
    192 1.799658 -0.000240 0.000231 0.027386 -0.033311 0.477848
    193 1.799658 -0.000240 0.000231 0.027386 -0.033311 0.477848
    194 1.799658 -0.000240 0.000231 0.027386 -0.033311 0.477848
    195 1.900312 -0.000137 -0.000517 0.027386 -0.033311 0.477848
    196 1.899436 -0.000320 -0.000151 -0.027386 0.033311 0.477848
    197 1.799664 -0.000233 -0.000233 -0.027386 0.033311 0.477848
    198 1.799664 -0.000233 -0.000233 -0.027386 0.033311 0.477848
    199 1.799664 -0.000233 -0.000233 -0.027386 0.033311 0.477848
    200 1.900729 0.000549 -0.000072 -0.027386 0.033311 0.477848
    201 0.599884 0.400188 -0.000027 0.000000 0.000000 0.000000
    202 0.599888 0.400187 0.000031 0.000000 0.000000 -3.141592
    203 0.599503 0.400696 0.000234 0.000000 0.000000 0.000000
    204 0.600399 0.399632 -0.000466 0.000000 0.000000 -3.141592
  time 6
    0 0.000000 0.000000 0.000000 0.000000 0.000000 -1.570796
    1 -0.106323 0.000000 -0.000198 0.000000 0.000000 0.000000
    2 0.000000 0.000000 0.000000 0.000000 0.000000 0.000000
    3 -0.904000 0.000000 -11.806000 0.000000 0.000000 0.000000
    4 0.000000 0.000000 -14.313999 0.000000 -1.570796 1.570857
    5 3.533001 0.000000 0.000000 0.000000 0.000000 0.000000
    6 6.250000 0.000000 0.000000 0.000000 0.000000 0.000000
    7 9.908805 1.546947 -1.920582 -0.152946 1.429841 -0.151573
    8 9.568951 1.941491 1.819028 -1.867206 -1.088774 -4.263028
    9 5.790726 0.002787 -0.000113 -0.048269 0.897089 0.131080
    10 5.999492 -0.000592 -4.000343 0.000000 0.000000 0.000000
    11 5.791316 0.006489 0.004799 0.700208 0.660496 -0.984058
    12 5.999492 -0.000592 4.000336 0.000000 0.000000 0.000000
    13 0.500225 0.000133 -0.000088 0.189261 -0.000060 0.000000
    14 11.534559 0.000348 -0.001312 -0.000077 0.000033 -2.226193
    15 -0.829338 0.893824 0.079659 -0.148839 0.047645 0.087266
    16 0.500225 0.000132 0.000076 0.354372 0.000060 0.000000
    17 11.536401 0.004432 -0.000089 0.000042 0.000026 -1.731075
    18 -0.829586 0.894698 -0.079464 0.045377 -0.019621 0.087266
    19 10.599884 0.000105 -0.000553 1.739318 0.000000 0.000000
    20 1.197823 -0.587690 -0.000805 0.000000 0.000011 1.113206
    21 11.042057 -0.000189 0.004704 1.775455 0.245428 0.164090
    22 -1.214832 0.203470 -0.477489 -0.135025 -0.078677 -0.001289
    23 10.599880 0.000105 0.000549 1.183672 -0.000096 0.000060
    24 0.631398 -0.536908 0.000801 0.000000 -0.000011 0.865563
    25 11.041742 0.003171 -0.000571 1.356437 0.364740 0.599106
    26 -1.063377 0.077663 0.150230 0.045121 0.020046 -0.012850
    27 0.610302 -0.939470 0.070343 -1.655093 0.118873 -0.197476
    28 0.639940 -0.199121 0.060188 -1.665858 0.127308 -0.091075
    29 0.600155 1.080261 -0.339535 -1.744759 0.277093 0.062395
    30 0.610207 0.400743 -0.010101 -1.765549 0.193584 -0.006888
    31 0.630809 -0.693997 -0.236250 0.048570 0.718311 -1.247404
    32 -0.792125 0.203736 0.461300 1.439074 -0.003453 -0.018305
    33 0.610300 -0.939469 -0.070351 1.655337 0.139988 -0.175676
    34 0.639937 -0.199121 -0.060200 1.665952 0.131308 -0.066502
    35 0.600586 1.130859 0.033752 1.738057 -0.020761 0.107329
    36 0.610205 0.400743 0.010086 1.762348 0.061543 0.042962
    37 0.629883 -0.689453 0.230347 -0.750747 -0.567048 -0.967115
    38 -0.626031 -0.069983 -0.080517 -1.447153 0.086151 0.021559
    39 2.621377 -0.006439 -0.001438 0.212332 0.158792 -0.046025
    40 2.664743 0.000397 -0.000071 0.008382 -0.043653 0.185616
    41 2.206394 0.003368 -0.006769 -0.348574 -0.244015 0.318462
    42 0.599952 0.959240 -0.300102 -0.174544 0.000000 0.000000
    43 2.557190 -0.001967 0.006359 -0.057798 -0.122735 0.199244
    44 2.095024 -0.003873 -0.002193 -0.235780 0.300443 0.564575
    45 0.999380 -0.000236 -1.244527 -0.000001 0.000000 0.000000
    46 -0.122639 -0.721856 0.661690 -0.486644 0.223964 0.243056
    47 2.619141 0.000141 -0.000401 0.055589 0.402473 0.372937
    48 2.658203 0.000781 0.000162 0.351904 0.247667 1.152005
    49 2.199219 0.000516 -0.000122 0.245882 -0.018377 1.177006
    50 0.599951 0.959244 0.300102 0.174544 0.000000 0.000000
    51 2.558594 -0.000149 -0.000031 0.273469 0.149728 1.224778
    52 2.095703 -0.000095 -0.000401 0.482182 -0.410387 0.684474
    53 0.999512 0.000054 1.119141 0.000000 0.000000 0.000001
    54 0.310846 -0.606445 -0.498005 0.308107 -0.197598 0.313976
    55 1.873069 -0.000835 -0.000994 -0.000007 0.000004 1.137880
    56 1.200941 0.399582 -0.000237 -0.009465 0.016087 0.007127
    57 0.000586 0.100342 -0.000319 -0.120035 -0.021926 -0.209617
    58 -0.161663 0.051712 0.194808 -2.941982 0.122408 -0.060194
    59 2.010092 -0.003202 -0.003377 -0.000030 0.000048 1.091969
    60 0.000240 0.099802 -0.000395 -0.018823 0.010833 -0.239219
    61 -0.203197 0.048607 0.069150 -3.093332 0.033217 -0.046722
    62 1.180428 -0.006214 0.000780 -0.000014 0.000000 1.019113
    63 -0.000196 0.099625 -0.000034 0.000000 0.000000 -0.314102
    64 -0.088736 -0.688435 -0.145203 2.930407 -0.136130 0.513013
    65 1.712069 -0.003328 0.003818 0.000023 -0.000021 0.868466
    66 -0.000580 0.100145 -0.000311 -0.010912 0.023131 -0.260841
    67 -0.146030 -0.232426 -0.014225 3.028455 -0.094299 0.113020
    68 1.290632 0.000362 -0.000032 0.000000 0.000000 0.572346
    69 -0.658121 -0.003575 0.072645 -0.142711 0.027792 -0.077299
    70 1.868080 -0.003049 0.006083 0.000015 0.000039 0.210491
    71 1.200079 0.399944 -0.000093 0.009465 -0.016087 0.007127
    72 0.000591 0.100342 0.000319 0.120035 0.021926 -0.209617
    73 0.068077 0.002285 -0.080050 3.111376 -0.069366 -0.060847
    74 2.007813 -0.000883 -0.000381 -0.000044 0.000040 1.464654
    75 0.000229 0.099802 0.000395 0.018823 -0.010833 -0.239219
    76 -0.018673 -0.001009 0.047544 3.109244 0.002635 -0.106673
    77 1.178665 0.001595 0.000845 -0.000022 -0.000053 0.807088
    78 -0.000198 0.099628 0.000034 0.000000 0.000000 -0.314102
    79 0.036892 -0.634449 0.266284 -2.801062 0.174301 0.490914
    80 1.707031 0.000723 0.000200 -0.000035 -0.000050 1.238445
    81 -0.000576 0.100136 0.000311 0.010912 -0.023131 -0.260841
    82 -0.003952 -0.281811 0.115047 -3.059162 0.089004 0.167964
    83 1.290039 0.000364 -0.000046 -0.000058 0.000014 0.465379
    84 -0.171528 -0.018148 -0.099873 0.013484 -0.062184 -0.011780
    85 0.912716 0.007240 0.001326 0.000042 0.000069 0.915389
    86 -0.342617 0.053404 -0.025571 -2.909301 -0.017248 0.075276
    87 1.100231 -0.000930 -0.002434 0.000009 0.000014 1.033394
    88 -0.384983 0.330998 0.006848 -3.087207 -0.018765 -0.184279
    89 0.678146 0.006192 -0.003905 -0.000018 -0.000019 0.920544
    90 -0.123848 0.072737 0.029507 2.898184 -0.060627 0.094834
    91 1.017166 -0.000154 -0.000252 -0.000071 0.000010 1.120576
    92 -0.344986 0.123129 0.143151 2.994981 0.012396 0.059140
    93 -0.730988 0.177046 0.039141 -0.123731 0.076518 -0.084310
    94 0.921993 0.001298 -0.000896 -0.000014 -0.000011 -0.160292
    95 -0.124027 -0.052092 0.038496 3.077813 -0.008519 0.039229
    96 1.098633 0.000008 0.000469 0.000000 0.000000 0.904169
    97 -0.330082 0.160641 0.042780 3.128073 0.034033 -0.171236
    98 0.678711 -0.000813 0.000175 0.000000 0.000000 0.937064
    99 -0.019516 -0.016531 0.038578 -2.763781 0.050305 0.076828
    100 1.018891 0.001206 0.001121 0.000066 -0.000029 0.984570
    101 -0.155312 0.130643 -0.021921 -3.022466 0.022433 -0.024903
    102 -0.252209 0.061937 -0.024914 -0.007671 -0.063171 -0.044392
    103 -0.085991 0.185203 -0.015180 -2.937063 -0.113970 -0.138991
    104 -0.286537 0.179852 0.024264 -3.109353 -0.049645 -0.029915
    105 -0.019489 0.147084 0.079203 2.893815 0.038585 -0.060594
    106 -0.046482 0.251898 0.129548 3.016165 0.077112 -0.042864
    107 0.039120 -0.040298 0.047739 3.084219 0.030470 -0.037414
    108 -0.233757 0.066630 0.001754 -3.133086 0.040141 -0.065413
    109 0.044266 0.020128 0.001684 -2.778763 -0.118872 -0.040488
    110 0.071495 0.074127 -0.048302 -3.035917 -0.059482 0.104366
    111 -5.406415 0.210944 8.636982 -0.865156 -0.985697 -0.613734
    112 -10.996429 8.820582 -12.590228 -2.073343 -1.060714 1.256828
    113 -1.142999 -0.001000 0.273999 -1.006101 -0.000004 1.570789
    114 -0.943998 0.000000 1.776996 0.000000 0.000000 0.000000
    115 2.039996 -0.296999 1.310997 0.000000 0.000000 -1.570817
    116 -0.653999 0.000000 -1.549997 0.000000 0.000000 0.000000
    117 4.078125 0.000000 -0.139893 0.000000 0.000000 0.000000
    118 1.636719 0.000000 -0.501953 0.000000 0.000000 0.000000
    119 2.437500 0.000000 0.764160 0.000000 0.000000 0.000000
    120 -0.898998 0.000000 -1.088998 0.000000 0.000000 0.000000
    121 2.025996 -0.001000 0.680999 0.000000 0.000000 1.570816
    122 0.000000 0.000000 0.000000 0.000000 0.000000 -1.570816
    123 0.711998 0.439999 -0.805998 0.000000 0.000000 1.570815
    124 -1.474998 0.000000 0.073000 0.000000 0.000000 1.570816
    125 1.889997 0.409999 0.284999 1.570922 0.000000 0.000000
    126 0.000000 0.000000 0.000000 0.000000 0.000000 0.000000
    127 -0.106000 0.000000 64.320000 0.000000 0.000000 0.000000
    128 0.000000 0.000000 0.000000 0.000000 0.000000 0.000000
    129 0.000000 0.000000 0.000000 0.035139 0.038003 -0.136864
    130 5.461349 -1.011264 27.955057 -0.865115 -0.985747 0.957035
    131 0.106000 0.000000 -64.320000 0.000000 0.000000 0.000000
    132 0.000000 0.000000 0.000000 0.000000 0.000000 0.000000
    133 0.000000 0.000000 -4.867002 -3.141592 0.000000 -3.128591
    134 0.000000 0.000000 4.867000 -3.141592 0.000000 -3.128591
    135 4.000000 -6.500000 0.000000 0.000000 0.000000 0.000977
    136 -6.500000 0.000000 0.000000 0.000000 1.570796 0.000000
    137 1.000088 -0.000029 0.000000 0.000000 0.000000 0.000000
    138 17.162516 -0.000404 0.000000 0.000000 0.000000 0.119214
    139 9.999891 -0.000303 0.000000 0.000000 0.000000 0.000000
    140 1.000088 -0.000029 0.000000 0.000000 0.000000 0.000000
    141 17.162516 -0.000404 0.000000 0.000000 0.000000 0.119214
    142 9.499836 0.000212 0.000000 0.000000 0.000000 0.000000
    143 0.000000 0.000000 0.000000 0.000000 0.000000 0.000000
    144 17.749374 0.295515 0.000000 0.000000 0.000000 -1.158958
    145 0.017889 0.299792 0.000000 0.000000 0.000000 -0.059582
    146 12.283573 1.581456 -4.696000 1.462269 -0.086726 0.090185
    147 17.749376 0.295515 0.000000 0.000000 0.000000 -1.158958
    148 0.017889 0.299792 0.000000 0.000000 0.000000 -0.059582
    149 13.354000 0.000000 0.000000 0.000000 0.000000 -0.294101
    150 4.530998 0.000000 0.000000 0.000000 0.000000 0.000000
    151 0.000000 0.000000 0.000000 0.000000 0.000000 0.000000
    152 5.413524 0.000347 0.000000 0.000000 0.000000 -0.518055
    153 5.413524 0.000347 0.000000 0.000000 0.000000 -0.518055
    154 4.662002 -5.366333 4.825191 1.569713 1.561305 -3.121213
    155 3.116966 -0.000443 0.000000 0.000000 0.000000 0.294101
    156 4.531197 0.000000 0.000000 0.000000 0.000000 0.000000
    157 -60.077534 35.598743 -25.900651 -0.009810 1.204513 -0.477499
    158 -1.610780 0.003904 0.562248 0.000008 0.314056 0.000000
    159 -60.839497 35.985473 -26.248742 0.056457 0.003417 1.102524
    160 -1.532227 0.000000 1.129883 -0.262470 -0.000006 1.570749
    161 0.000000 -0.001000 0.000000 0.000000 0.000000 0.000000
    162 3.867000 0.000000 0.228000 0.000000 0.000000 0.000000
    163 3.512001 -3.547000 -1.066000 0.000000 1.570796 0.000000
    164 3.456001 -3.517000 1.169000 0.000000 1.570796 0.000000
    165 6.233002 0.000000 0.000000 0.000000 0.000000 0.000000
    166 -0.171997 -0.106000 -0.902000 1.570713 1.029176 -3.134550
    167 5.999802 -6.516723 1.117222 -0.136876 -0.040005 -0.032862
    168 -3.106999 0.000000 0.669000 0.000000 0.000000 0.000000
    169 -3.106999 0.000000 0.741000 0.000000 0.000000 0.000000
    170 -3.252000 0.000000 0.540000 0.000000 0.000000 0.000000
    171 3.999434 -0.000528 -0.000332 0.869642 0.000007 -0.000059
    172 3.999901 0.000038 0.001011 0.591783 -0.000001 -0.000001
    173 1.598000 0.000000 0.000000 0.000000 0.000000 0.000000
    174 -1.145525 0.000130 0.000668 0.000000 0.000000 0.000000
    175 2.299681 -2.499979 -0.599480 0.892021 0.221512 -0.527234
    176 8.345739 15.855953 21.771309 -0.993321 0.159507 1.289987
    177 -9.580679 -27.862110 -37.184673 0.812879 -0.123459 -0.568477
    178 0.649933 -0.548295 0.093651 -1.665913 -0.131399 -0.112062
    179 0.657077 0.008401 0.040371 -1.665945 -0.131407 -0.000013
    180 0.665776 0.747221 -0.029190 -1.665935 -0.131408 0.094976
    181 2.300139 -2.499414 0.600159 -0.891995 -0.221560 -0.527344
    182 12.509592 1.698235 3.564709 1.764030 -0.255070 0.216942
    183 2.762354 0.116951 1.523975 1.629482 0.064153 1.743800
    184 7.228323 7.928203 -3.925652 2.328713 0.123459 -0.568477
    185 0.650394 -0.547730 -0.092979 1.665913 0.131399 -0.112062
    186 0.657069 0.008399 -0.040379 1.665945 0.131407 -0.000013
    187 0.665772 0.747219 0.029182 1.665935 0.131408 0.094976
    188 -4.481003 -0.202000 0.000000 0.000000 0.000000 0.000000
    189 -5.516998 -0.291000 -0.001000 0.000000 0.000000 0.000000
    190 -0.857697 0.104070 0.104687 0.023536 0.163924 0.013632
    191 1.899121 0.000427 -0.000439 0.027386 -0.033311 0.477848
    192 1.799658 -0.000240 0.000231 0.027386 -0.033311 0.477848
    193 1.799658 -0.000240 0.000231 0.027386 -0.033311 0.477848
    194 1.799658 -0.000240 0.000231 0.027386 -0.033311 0.477848
    195 1.900312 -0.000137 -0.000517 0.027386 -0.033311 0.477848
    196 1.899436 -0.000320 -0.000151 -0.027386 0.033311 0.477848
    197 1.799664 -0.000233 -0.000233 -0.027386 0.033311 0.477848
    198 1.799664 -0.000233 -0.000233 -0.027386 0.033311 0.477848
    199 1.799664 -0.000233 -0.000233 -0.027386 0.033311 0.477848
    200 1.900729 0.000549 -0.000072 -0.027386 0.033311 0.477848
    201 0.599884 0.400188 -0.000027 0.000000 0.000000 0.000000
    202 0.599888 0.400187 0.000031 0.000000 0.000000 -3.141592
    203 0.599503 0.400696 0.000234 0.000000 0.000000 0.000000
    204 0.600399 0.399632 -0.000466 0.000000 0.000000 -3.141592
  time 7
    0 0.000000 0.000000 0.000000 0.000000 0.000000 -1.570796
    1 -0.106323 0.000000 -0.000198 0.000000 0.000000 0.000000
    2 0.000000 0.000000 0.000000 0.000000 0.000000 0.000000
    3 -0.904000 0.000000 -11.806000 0.000000 0.000000 0.000000
    4 0.000000 0.000000 -14.313999 0.000000 -1.570796 1.570857
    5 3.533001 0.000000 0.000000 0.000000 0.000000 0.000000
    6 6.250000 0.000000 0.000000 0.000000 0.000000 0.000000
    7 9.900992 1.554760 -1.920582 -0.153208 1.430077 -0.151921
    8 9.568951 1.957116 1.819028 2.983284 -1.093194 -2.974864
    9 5.790726 0.002787 -0.000113 0.324066 0.754964 0.695498
    10 5.999492 -0.000592 -4.000343 0.000000 0.000000 0.000000
    11 5.791316 0.002582 0.004799 0.708024 0.069990 -1.794607
    12 5.999492 -0.000592 4.000336 0.000000 0.000000 0.000000
    13 0.500225 0.000133 -0.000088 0.196584 0.000000 0.000000
    14 11.534559 0.004255 -0.001312 0.000055 -0.000015 -2.350643
    15 -0.829338 0.893824 0.079659 -0.148839 0.047645 0.087266
    16 0.500225 0.000132 0.000076 0.088507 0.000000 0.000000
    17 11.536401 0.004432 -0.000089 0.000006 -0.000022 -0.411039
    18 -0.829586 0.894698 -0.079464 0.045377 -0.019621 0.087266
    19 10.599884 0.000105 -0.000553 1.874939 -0.000084 -0.000012
    20 1.346265 -0.564252 -0.000805 -0.000048 0.000035 1.175308
    21 11.042057 -0.000189 0.004704 1.872665 0.167114 0.010912
    22 -1.214832 0.203470 -0.477489 -0.135025 -0.078677 -0.001289
    23 10.599880 0.000105 0.000549 0.534043 0.000000 0.000000
    24 0.064974 -0.290806 0.000801 0.000000 -0.000011 0.205528
    25 11.041742 0.003171 -0.000571 0.611026 0.637886 -0.103371
    26 -1.063377 0.077663 0.150230 0.045121 0.020046 -0.012850
    27 0.610302 -0.939470 0.070343 -1.655093 0.118537 -0.197452
    28 0.639940 -0.199121 0.060188 -1.665858 0.126960 -0.091027
    29 0.600155 1.080261 -0.339535 -1.744759 0.276805 0.062287
    30 0.610207 0.400743 -0.010101 -1.765549 0.193297 -0.006816
    31 0.634715 -0.690090 -0.236250 0.015566 0.789964 -1.228238
    32 -0.792125 0.203736 0.461300 1.439074 -0.003453 -0.018305
    33 0.610300 -0.939469 -0.070351 1.655337 0.139988 -0.175676
    34 0.639937 -0.199121 -0.060200 1.665952 0.131308 -0.066502
    35 0.600586 1.130859 0.033752 1.738057 -0.020761 0.107329
    36 0.610205 0.400743 0.010086 1.762348 0.061543 0.042962
    37 0.629883 -0.689453 0.230347 -0.750747 -0.567048 -0.967115
    38 -0.626031 -0.069983 -0.080517 -1.447153 0.086151 0.021559
    39 2.621377 -0.002532 -0.001438 0.174502 0.198694 0.005803
    40 2.660837 0.000397 -0.000071 -0.000015 -0.038116 0.256578
    41 2.202488 0.003368 -0.006769 -0.380130 -0.145632 0.331687
    42 0.599952 0.959240 -0.300102 -0.174544 0.000000 0.000000
    43 2.557190 -0.001967 0.002453 -0.069801 -0.108354 0.259174
    44 2.095024 -0.003873 -0.006100 -0.217683 0.325697 0.623024
    45 0.999380 -0.000236 -1.322654 -0.000001 0.000000 0.000000
    46 -0.122639 -0.721856 0.661690 -0.486644 0.223964 0.243056
    47 2.619141 0.000141 -0.000401 0.055589 0.402473 0.372937
    48 2.658203 0.000781 0.000162 0.351904 0.247667 1.152005
    49 2.199219 0.000516 -0.000122 0.245882 -0.018377 1.177006
    50 0.599951 0.959244 0.300102 0.174544 0.000000 0.000000
    51 2.558594 -0.000149 -0.000031 0.273469 0.149728 1.224778
    52 2.095703 -0.000095 -0.000401 0.482182 -0.410387 0.684474
    53 0.999512 0.000054 1.119141 0.000000 0.000000 0.000001
    54 0.310846 -0.606445 -0.498005 0.308107 -0.197598 0.313976
    55 1.873069 -0.000835 -0.000994 -0.000007 0.000004 1.425955
    56 1.200941 0.399582 -0.000237 -0.009465 0.016087 0.007127
    57 0.000586 0.100342 -0.000319 -0.120035 -0.021926 -0.209617
    58 -0.161663 0.051712 0.194808 -2.941982 0.122408 -0.060194
    59 2.010092 -0.007109 -0.003377 0.000006 0.000096 1.355879
    60 0.000240 0.099802 -0.000395 -0.018823 0.010833 -0.239219
    61 -0.203197 0.048607 0.069150 -3.093332 0.033217 -0.046722
    62 1.180428 -0.006214 0.000780 -0.000038 -0.000048 1.281673
    63 -0.000196 0.099625 -0.000034 0.000000 0.000000 -0.314102
    64 -0.088736 -0.688435 -0.145203 2.930407 -0.136130 0.513013
    65 1.712069 0.000578 0.003818 -0.000121 -0.000009 1.094419
    66 -0.000580 0.100145 -0.000311 -0.010912 0.023131 -0.260841
    67 -0.146030 -0.232426 -0.014225 3.028455 -0.094299 0.113020
    68 1.290632 0.000362 -0.000032 0.000024 -0.000072 0.834951
    69 -0.658121 -0.003575 0.072645 -0.142711 0.027792 -0.077299
    70 1.868080 -0.003049 0.006083 0.000015 0.000027 0.210518
    71 1.200079 0.399944 -0.000093 0.009465 -0.016087 0.007127
    72 0.000591 0.100342 0.000319 0.120035 0.021926 -0.209617
    73 0.068077 0.002285 -0.080050 3.111376 -0.069366 -0.060847
    74 2.007813 -0.000883 -0.000381 -0.000044 0.000040 1.464654
    75 0.000229 0.099802 0.000395 0.018823 -0.010833 -0.239219
    76 -0.018673 -0.001009 0.047544 3.109244 0.002635 -0.106673
    77 1.178665 0.001595 0.000845 -0.000022 -0.000053 0.807088
    78 -0.000198 0.099628 0.000034 0.000000 0.000000 -0.314102
    79 0.036892 -0.634449 0.266284 -2.801062 0.174301 0.490914
    80 1.707031 0.000723 0.000200 -0.000035 -0.000050 1.238445
    81 -0.000576 0.100136 0.000311 0.010912 -0.023131 -0.260841
    82 -0.003952 -0.281811 0.115047 -3.059162 0.089004 0.167964
    83 1.290039 0.000364 -0.000046 -0.000058 0.000014 0.465379
    84 -0.171528 -0.018148 -0.099873 0.013484 -0.062184 -0.011780
    85 0.912716 0.007240 0.001326 0.000031 -0.000063 1.224458
    86 -0.342617 0.053404 -0.025571 -2.909301 -0.017248 0.075276
    87 1.100231 -0.000930 -0.002434 -0.000039 0.000062 1.377494
    88 -0.384983 0.330998 0.006848 -3.087207 -0.018765 -0.184279
    89 0.678146 0.006192 -0.003905 -0.000030 0.000065 1.243275
    90 -0.123848 0.072737 0.029507 2.898184 -0.060627 0.094834
    91 1.017166 -0.000154 -0.000252 0.000025 0.000022 1.488769
    92 -0.344986 0.123129 0.143151 2.994981 0.012396 0.059140
    93 -0.730988 0.177046 0.039141 -0.123731 0.076518 -0.084310
    94 0.925900 0.001298 -0.000896 -0.000014 -0.000011 -0.160606
    95 -0.124027 -0.052092 0.038496 3.077813 -0.008519 0.039229
    96 1.098633 0.000008 0.000469 0.000000 0.000000 0.904169
    97 -0.330082 0.160641 0.042780 3.128073 0.034033 -0.171236
    98 0.678711 -0.000813 0.000175 0.000000 0.000000 0.937064
    99 -0.019516 -0.016531 0.038578 -2.763781 0.050305 0.076828
    100 1.014985 0.001206 0.001121 0.000054 -0.000029 0.984570
    101 -0.155312 0.130643 -0.021921 -3.022466 0.022433 -0.024903
    102 -0.252209 0.061937 -0.024914 -0.007671 -0.063171 -0.044392
    103 -0.085991 0.185203 -0.015180 -2.937063 -0.113970 -0.138991
    104 -0.286537 0.179852 0.024264 -3.109353 -0.049645 -0.029915
    105 -0.019489 0.147084 0.079203 2.893815 0.038585 -0.060594
    106 -0.046482 0.251898 0.129548 3.016165 0.077112 -0.042864
    107 0.039120 -0.040298 0.047739 3.084219 0.030470 -0.037414
    108 -0.233757 0.066630 0.001754 -3.133086 0.040141 -0.065413
    109 0.044266 0.020128 0.001684 -2.778763 -0.118872 -0.040488
    110 0.071495 0.074127 -0.048302 -3.035917 -0.059482 0.104366
    111 -1.335978 -17.848201 2.738365 0.583691 -0.744551 -1.467620
    112 0.875027 1.617237 -10.371410 2.207132 -0.984998 -2.832117
    113 -1.142999 -0.001000 0.273999 -1.006101 -0.000004 1.570789
    114 -0.943998 0.000000 1.776996 0.000000 0.000000 0.000000
    115 2.039996 -0.296999 1.310997 0.000000 0.000000 -1.570817
    116 -0.653999 0.000000 -1.549997 0.000000 0.000000 0.000000
    117 4.078125 0.000000 -0.139893 0.000000 0.000000 0.000000
    118 1.636719 0.000000 -0.501953 0.000000 0.000000 0.000000
    119 2.437500 0.000000 0.764160 0.000000 0.000000 0.000000
    120 -0.898998 0.000000 -1.088998 0.000000 0.000000 0.000000
    121 2.025996 -0.001000 0.680999 0.000000 0.000000 1.570816
    122 0.000000 0.000000 0.000000 0.000000 0.000000 -1.570816
    123 0.711998 0.439999 -0.805998 0.000000 0.000000 1.570815
    124 -1.474998 0.000000 0.073000 0.000000 0.000000 1.570816
    125 1.889997 0.409999 0.284999 1.570922 0.000000 0.000000
    126 0.000000 0.000000 0.000000 0.000000 0.000000 0.000000
    127 -0.106000 0.000000 64.320000 0.000000 0.000000 0.000000
    128 0.000000 0.000000 0.000000 0.000000 0.000000 0.000000
    129 0.000000 0.000000 0.000000 0.058197 -0.016419 -0.080045
    130 26.829189 0.414561 20.107161 0.583834 -0.744525 0.103041
    131 0.106000 0.000000 -64.320000 0.000000 0.000000 0.000000
    132 0.000000 0.000000 0.000000 0.000000 0.000000 0.000000
    133 0.000000 0.000000 -4.867002 -3.141592 0.000000 -3.128591
    134 0.000000 0.000000 4.867000 -3.141592 0.000000 -3.128591
    135 4.000000 -6.500000 0.000000 0.000000 0.000000 0.000977
    136 -6.500000 0.000000 0.000000 0.000000 1.570796 0.000000
    137 1.000088 -0.000029 0.000000 0.000000 0.000000 0.000000
    138 17.162516 -0.000404 0.000000 0.000000 0.000000 0.119214
    139 9.999891 -0.000303 0.000000 0.000000 0.000000 0.000000
    140 1.000088 -0.000029 0.000000 0.000000 0.000000 0.000000
    141 17.162516 -0.000404 0.000000 0.000000 0.000000 0.119214
    142 9.499836 0.000212 0.000000 0.000000 0.000000 0.000000
    143 0.000000 0.000000 0.000000 0.000000 0.000000 0.000000
    144 17.749374 0.295515 0.000000 0.000000 0.000000 -1.158958
    145 0.017889 0.299792 0.000000 0.000000 0.000000 -0.059582
    146 12.283573 1.581456 -4.696000 1.462269 -0.086726 0.090185
    147 17.749376 0.295515 0.000000 0.000000 0.000000 -1.158958
    148 0.017889 0.299792 0.000000 0.000000 0.000000 -0.059582
    149 13.354000 0.000000 0.000000 0.000000 0.000000 -0.294101
    150 4.530998 0.000000 0.000000 0.000000 0.000000 0.000000
    151 0.000000 0.000000 0.000000 0.000000 0.000000 0.000000
    152 5.413524 0.000347 0.000000 0.000000 0.000000 -0.518055
    153 5.413524 0.000347 0.000000 0.000000 0.000000 -0.518055
    154 4.662002 -5.366333 4.825191 1.569713 1.561305 -3.121213
    155 3.116966 -0.000443 0.000000 0.000000 0.000000 0.294101
    156 4.531197 0.000000 0.000000 0.000000 0.000000 0.000000
    157 -60.202538 -17.832575 -32.588355 -0.779502 0.529912 -0.558736
    158 -1.614686 -0.000003 0.562248 0.000008 0.314056 0.000000
    159 -60.812153 -18.219306 -33.166922 -0.458790 0.651787 1.475475
    160 -1.532227 0.000000 1.129883 -0.262470 -0.000006 1.570749
    161 0.000000 -0.001000 0.000000 0.000000 0.000000 0.000000
    162 3.867000 0.000000 0.228000 0.000000 0.000000 0.000000
    163 3.512001 -3.547000 -1.066000 0.000000 1.570796 0.000000
    164 3.456001 -3.517000 1.169000 0.000000 1.570796 0.000000
    165 6.233002 0.000000 0.000000 0.000000 0.000000 0.000000
    166 -0.171997 -0.106000 -0.902000 1.570713 1.029176 -3.134550
    167 6.327937 -6.231558 0.867214 -0.080177 -0.056687 0.021033
    168 -3.106999 0.000000 0.669000 0.000000 0.000000 0.000000
    169 -3.106999 0.000000 0.741000 0.000000 0.000000 0.000000
    170 -3.252000 0.000000 0.540000 0.000000 0.000000 0.000000
    171 3.999434 -0.000528 -0.000332 0.937415 -0.000017 -0.000023
    172 3.999901 0.000038 0.001011 0.267075 -0.000001 -0.000037
    173 1.598000 0.000000 0.000000 0.000000 0.000000 0.000000
    174 -1.145525 0.000130 0.000668 0.000000 0.000000 0.000000
    175 2.299681 -2.499979 -0.599480 0.892021 0.221512 -0.527234
    176 28.119780 10.367504 11.130359 -0.514297 0.078790 0.650000
    177 -9.580679 -27.862110 -37.184673 0.812879 -0.123459 -0.568477
    178 0.649933 -0.548295 0.093651 -1.665913 -0.131399 -0.112062
    179 0.657077 0.008401 0.040371 -1.665945 -0.131407 -0.000013
    180 0.665776 0.747221 -0.029190 -1.665935 -0.131408 0.094976
    181 2.300139 -2.499414 0.600159 -0.891995 -0.221560 -0.527344
    182 12.509592 1.698235 3.564709 1.764030 -0.255070 0.216942
    183 2.762354 0.116951 1.523975 1.629482 0.064153 1.743800
    184 7.228323 7.928203 -3.925652 2.328713 0.123459 -0.568477
    185 0.650394 -0.547730 -0.092979 1.665913 0.131399 -0.112062
    186 0.657069 0.008399 -0.040379 1.665945 0.131407 -0.000013
    187 0.665772 0.747219 0.029182 1.665935 0.131408 0.094976
    188 -4.481003 -0.202000 0.000000 0.000000 0.000000 0.000000
    189 -5.516998 -0.291000 -0.001000 0.000000 0.000000 0.000000
    190 -0.857697 0.104070 0.104687 0.023536 0.163924 0.013632
    191 1.899121 0.000427 -0.000439 0.027386 -0.033311 0.477848
    192 1.799658 -0.000240 0.000231 0.027386 -0.033311 0.477848
    193 1.799658 -0.000240 0.000231 0.027386 -0.033311 0.477848
    194 1.799658 -0.000240 0.000231 0.027386 -0.033311 0.477848
    195 1.900312 -0.000137 -0.000517 0.027386 -0.033311 0.477848
    196 1.899436 -0.000320 -0.000151 -0.027386 0.033311 0.477848
    197 1.799664 -0.000233 -0.000233 -0.027386 0.033311 0.477848
    198 1.799664 -0.000233 -0.000233 -0.027386 0.033311 0.477848
    199 1.799664 -0.000233 -0.000233 -0.027386 0.033311 0.477848
    200 1.900729 0.000549 -0.000072 -0.027386 0.033311 0.477848
    201 0.599884 0.400188 -0.000027 0.000000 0.000000 0.000000
    202 0.599888 0.400187 0.000031 0.000000 0.000000 -3.141592
    203 0.599503 0.400696 0.000234 0.000000 0.000000 0.000000
    204 0.600399 0.399632 -0.000466 0.000000 0.000000 -3.141592
  time 8
    0 0.000000 0.000000 0.000000 0.000000 0.000000 -1.570796
    1 -0.106323 0.000000 -0.000198 0.000000 0.000000 0.000000
    2 0.000000 0.000000 0.000000 0.000000 0.000000 0.000000
    3 -0.904000 0.000000 -11.806000 0.000000 0.000000 0.000000
    4 0.000000 0.000000 -14.313999 0.000000 -1.570796 1.570857
    5 3.533001 0.000000 0.000000 0.000000 0.000000 0.000000
    6 6.250000 0.000000 0.000000 0.000000 0.000000 0.000000
    7 9.900992 1.554760 -1.920582 -0.153471 1.430313 -0.152183
    8 9.568951 1.976648 1.819028 2.934798 -1.089647 -2.936429
    9 5.790726 0.002787 -0.000113 0.324671 0.763785 0.684790
    10 5.999492 -0.000592 -4.000343 0.000000 0.000000 0.000000
    11 5.787410 0.002582 0.004799 0.840555 -0.243650 -1.676809
    12 5.999492 -0.000592 4.000336 0.000000 0.000000 0.000000
    13 0.500225 0.000133 -0.000088 0.191486 -0.000048 -0.000060
    14 11.534559 0.000348 -0.001312 0.000031 0.000021 -2.349065
    15 -0.829338 0.893824 0.079659 -0.148839 0.047645 0.087266
    16 0.500225 0.000132 0.000076 -0.001500 0.000000 0.000000
    17 11.532495 0.000526 -0.000089 0.000018 -0.000022 -0.552327
    18 -0.829586 0.894698 -0.079464 0.045377 -0.019621 0.087266
    19 10.599884 0.000105 -0.000553 1.858236 0.000036 -0.000024
    20 1.334546 -0.560346 -0.000805 -0.000036 0.000047 1.173701
    21 11.042057 0.003717 0.000798 1.876843 0.113754 0.161452
    22 -1.214832 0.203470 -0.477489 -0.135025 -0.078677 -0.001289
    23 10.599880 0.000105 0.000549 0.249187 0.000000 0.000060
    24 0.088412 -0.282994 0.000801 0.000000 -0.000011 0.276242
    25 11.041742 0.003171 -0.000571 0.245279 0.146758 -0.198967
    26 -1.063377 0.077663 0.150230 0.045121 0.020046 -0.012850
    27 0.610302 -0.939470 0.070343 -1.655093 0.118201 -0.197416
    28 0.639940 -0.199121 0.060188 -1.665858 0.126637 -0.090979
    29 0.600155 1.080261 -0.339535 -1.744812 0.276529 0.062167
    30 0.610207 0.400743 -0.010101 -1.765441 0.192985 -0.006732
    31 0.634715 -0.690090 -0.232343 0.016350 0.775358 -1.199672
    32 -0.792125 0.203736 0.461300 1.439074 -0.003453 -0.018305
    33 0.610300 -0.939469 -0.070351 1.655337 0.139988 -0.175676
    34 0.639937 -0.199121 -0.060200 1.665952 0.131308 -0.066502
    35 0.600586 1.130859 0.033752 1.738057 -0.020761 0.107329
    36 0.610205 0.400743 0.010086 1.762348 0.061543 0.042962
    37 0.629883 -0.689453 0.230347 -0.750747 -0.567048 -0.967115
    38 -0.626031 -0.069983 -0.080517 -1.447153 0.086151 0.021559
    39 2.621377 -0.002532 -0.001438 0.127063 0.191427 0.077375
    40 2.660837 0.000397 -0.000071 -0.015218 -0.038104 0.326840
    41 2.202488 0.003368 -0.006769 -0.377038 -0.112721 0.378774
    42 0.599952 0.959240 -0.300102 -0.174544 0.000000 0.000000
    43 2.553283 -0.001967 0.006359 -0.069531 -0.097304 0.325316
    44 2.095024 -0.003873 -0.006100 -0.217899 0.325461 0.622373
    45 0.999380 -0.000236 -1.299216 -0.000001 0.000000 0.000000
    46 -0.122639 -0.721856 0.661690 -0.486644 0.223964 0.243056
    47 2.619141 0.000141 -0.000401 0.055589 0.402473 0.372937
    48 2.658203 0.000781 0.000162 0.351904 0.247667 1.152005
    49 2.199219 0.000516 -0.000122 0.245882 -0.018377 1.177006
    50 0.599951 0.959244 0.300102 0.174544 0.000000 0.000000
    51 2.558594 -0.000149 -0.000031 0.273469 0.149728 1.224778
    52 2.095703 -0.000095 -0.000401 0.482182 -0.410387 0.684474
    53 0.999512 0.000054 1.119141 0.000000 0.000000 0.000001
    54 0.310846 -0.606445 -0.498005 0.308107 -0.197598 0.313976
    55 1.869163 -0.004741 -0.000994 -0.000007 0.000087 1.417642
    56 1.200941 0.399582 -0.000237 -0.009465 0.016087 0.007127
    57 0.000586 0.100342 -0.000319 -0.120035 -0.021926 -0.209617
    58 -0.161663 0.051712 0.194808 -2.941982 0.122408 -0.060194
    59 2.010092 -0.007109 -0.003377 -0.000018 -0.000035 1.352652
    60 0.000240 0.099802 -0.000395 -0.018823 0.010833 -0.239219
    61 -0.203197 0.048607 0.069150 -3.093332 0.033217 -0.046722
    62 1.180428 -0.006214 0.000780 0.000022 0.000060 1.273703
    63 -0.000196 0.099625 -0.000034 0.000000 0.000000 -0.314102
    64 -0.088736 -0.688435 -0.145203 2.930407 -0.136130 0.513013
    65 1.715976 0.000578 -0.000088 0.000023 -0.000021 1.091666
    66 -0.000580 0.100145 -0.000311 -0.010912 0.023131 -0.260841
    67 -0.146030 -0.232426 -0.014225 3.028455 -0.094299 0.113020
    68 1.290632 0.000362 -0.000032 0.000048 -0.000012 0.823281
    69 -0.658121 -0.003575 0.072645 -0.142711 0.027792 -0.077299
    70 1.868080 -0.006956 0.006083 0.000015 0.000027 0.210491
    71 1.200079 0.399944 -0.000093 0.009465 -0.016087 0.007127
    72 0.000591 0.100342 0.000319 0.120035 0.021926 -0.209617
    73 0.068077 0.002285 -0.080050 3.111376 -0.069366 -0.060847
    74 2.007813 -0.000883 -0.000381 -0.000044 0.000040 1.464654
    75 0.000229 0.099802 0.000395 0.018823 -0.010833 -0.239219
    76 -0.018673 -0.001009 0.047544 3.109244 0.002635 -0.106673
    77 1.178665 0.001595 0.000845 -0.000022 -0.000053 0.807088
    78 -0.000198 0.099628 0.000034 0.000000 0.000000 -0.314102
    79 0.036892 -0.634449 0.266284 -2.801062 0.174301 0.490914
    80 1.707031 0.000723 0.000200 -0.000035 -0.000050 1.238445
    81 -0.000576 0.100136 0.000311 0.010912 -0.023131 -0.260841
    82 -0.003952 -0.281811 0.115047 -3.059162 0.089004 0.167964
    83 1.290039 0.000364 -0.000046 -0.000058 0.000014 0.465379
    84 -0.171528 -0.018148 -0.099873 0.013484 -0.062184 -0.011780
    85 0.912716 0.007240 0.001326 0.000019 0.000021 1.222714
    86 -0.342617 0.053404 -0.025571 -2.909301 -0.017248 0.075276
    87 1.100231 -0.000930 -0.002434 0.000009 0.000014 1.365534
    88 -0.384983 0.330998 0.006848 -3.087207 -0.018765 -0.184279
    89 0.678146 0.002286 0.000002 -0.000006 -0.000103 1.233385
    90 -0.123848 0.072737 0.029507 2.898184 -0.060627 0.094834
    91 1.017166 -0.000154 -0.000252 0.000025 0.000022 1.478139
    92 -0.344986 0.123129 0.143151 2.994981 0.012396 0.059140
    93 -0.730988 0.177046 0.039141 -0.123731 0.076518 -0.084310
    94 0.921993 0.001298 -0.000896 -0.000026 -0.000011 -0.160892
    95 -0.124027 -0.052092 0.038496 3.077813 -0.008519 0.039229
    96 1.098633 0.000008 0.000469 0.000000 0.000000 0.904169
    97 -0.330082 0.160641 0.042780 3.128073 0.034033 -0.171236
    98 0.678711 -0.000813 0.000175 0.000000 0.000000 0.937064
    99 -0.019516 -0.016531 0.038578 -2.763781 0.050305 0.076828
    100 1.014985 0.001206 0.001121 0.000054 -0.000029 0.984570
    101 -0.155312 0.130643 -0.021921 -3.022466 0.022433 -0.024903
    102 -0.252209 0.061937 -0.024914 -0.007671 -0.063171 -0.044392
    103 -0.085991 0.185203 -0.015180 -2.937063 -0.113970 -0.138991
    104 -0.286537 0.179852 0.024264 -3.109353 -0.049645 -0.029915
    105 -0.019489 0.147084 0.079203 2.893815 0.038585 -0.060594
    106 -0.046482 0.251898 0.129548 3.016165 0.077112 -0.042864
    107 0.039120 -0.040298 0.047739 3.084219 0.030470 -0.037414
    108 -0.233757 0.066630 0.001754 -3.133086 0.040141 -0.065413
    109 0.044266 0.020128 0.001684 -2.778763 -0.118872 -0.040488
    110 0.071495 0.074127 -0.048302 -3.035917 -0.059482 0.104366
    111 2.168035 -19.270119 -3.195410 0.116623 -0.390487 -0.947726
    112 -6.179876 1.371136 -10.945647 1.114956 -1.154475 -1.588308
    113 -1.142999 -0.001000 0.273999 -1.006101 -0.000004 1.570789
    114 -0.943998 0.000000 1.776996 0.000000 0.000000 0.000000
    115 2.039996 -0.296999 1.310997 0.000000 0.000000 -1.570817
    116 -0.653999 0.000000 -1.549997 0.000000 0.000000 0.000000
    117 4.078125 0.000000 -0.139893 0.000000 0.000000 0.000000
    118 1.636719 0.000000 -0.501953 0.000000 0.000000 0.000000
    119 2.437500 0.000000 0.764160 0.000000 0.000000 0.000000
    120 -0.898998 0.000000 -1.088998 0.000000 0.000000 0.000000
    121 2.025996 -0.001000 0.680999 0.000000 0.000000 1.570816
    122 0.000000 0.000000 0.000000 0.000000 0.000000 -1.570816
    123 0.711998 0.439999 -0.805998 0.000000 0.000000 1.570815
    124 -1.474998 0.000000 0.073000 0.000000 0.000000 1.570816
    125 1.889997 0.409999 0.284999 1.570922 0.000000 0.000000
    126 0.000000 0.000000 0.000000 0.000000 0.000000 0.000000
    127 -0.106000 0.000000 64.320000 0.000000 0.000000 0.000000
    128 0.000000 0.000000 0.000000 0.000000 0.000000 0.000000
    129 0.000000 0.000000 0.000000 0.021836 -0.037080 -0.012164
    130 27.985474 7.949947 10.763126 0.116686 -0.390487 0.623038
    131 0.106000 0.000000 -64.320000 0.000000 0.000000 0.000000
    132 0.000000 0.000000 0.000000 0.000000 0.000000 0.000000
    133 0.000000 0.000000 -4.867002 -3.141592 0.000000 -3.128591
    134 0.000000 0.000000 4.867000 -3.141592 0.000000 -3.128591
    135 4.000000 -6.500000 0.000000 0.000000 0.000000 0.000977
    136 -6.500000 0.000000 0.000000 0.000000 1.570796 0.000000
    137 1.000088 -0.000029 0.000000 0.000000 0.000000 0.000000
    138 17.162516 -0.000404 0.000000 0.000000 0.000000 0.119214
    139 9.999891 -0.000303 0.000000 0.000000 0.000000 0.000000
    140 1.000088 -0.000029 0.000000 0.000000 0.000000 0.000000
    141 17.162516 -0.000404 0.000000 0.000000 0.000000 0.119214
    142 9.499836 0.000212 0.000000 0.000000 0.000000 0.000000
    143 0.000000 0.000000 0.000000 0.000000 0.000000 0.000000
    144 17.749374 0.295515 0.000000 0.000000 0.000000 -1.158958
    145 0.017889 0.299792 0.000000 0.000000 0.000000 -0.059582
    146 12.283573 1.581456 -4.696000 1.462269 -0.086726 0.090185
    147 17.749376 0.295515 0.000000 0.000000 0.000000 -1.158958
    148 0.017889 0.299792 0.000000 0.000000 0.000000 -0.059582
    149 13.354000 0.000000 0.000000 0.000000 0.000000 -0.294101
    150 4.530998 0.000000 0.000000 0.000000 0.000000 0.000000
    151 0.000000 0.000000 0.000000 0.000000 0.000000 0.000000
    152 5.413524 0.000347 0.000000 0.000000 0.000000 -0.518055
    153 5.413524 0.000347 0.000000 0.000000 0.000000 -0.518055
    154 4.662002 -5.366333 4.825191 1.569713 1.561305 -3.121213
    155 3.116966 -0.000443 0.000000 0.000000 0.000000 0.294101
    156 4.531197 0.000000 0.000000 0.000000 0.000000 0.000000
    157 -40.647254 3.691519 -50.420931 -0.330939 0.240858 -0.687931
    158 -1.610780 0.003904 0.562248 0.000008 0.314056 0.000000
    159 -40.975610 3.574328 -51.276849 -0.893857 0.321076 0.964670
    160 -1.532227 0.000000 1.129883 -0.262470 -0.000006 1.570749
    161 0.000000 -0.001000 0.000000 0.000000 0.000000 0.000000
    162 3.867000 0.000000 0.228000 0.000000 0.000000 0.000000
    163 3.512001 -3.547000 -1.066000 0.000000 1.570796 0.000000
    164 3.456001 -3.517000 1.169000 0.000000 1.570796 0.000000
    165 6.233002 0.000000 0.000000 0.000000 0.000000 0.000000
    166 -0.171997 -0.106000 -0.902000 1.570713 1.029176 -3.134550
    167 6.472473 -6.145618 0.207038 -0.012164 -0.021381 0.037368
    168 -3.106999 0.000000 0.669000 0.000000 0.000000 0.000000
    169 -3.106999 0.000000 0.741000 0.000000 0.000000 0.000000
    170 -3.252000 0.000000 0.540000 0.000000 0.000000 0.000000
    171 3.999434 -0.000528 -0.000332 0.929113 0.000031 0.000025
    172 3.999901 0.000038 0.001011 0.124654 -0.000001 -0.000001
    173 1.598000 0.000000 0.000000 0.000000 0.000000 0.000000
    174 -1.145525 0.000130 0.000668 0.000000 0.000000 0.000000
    175 2.299681 -2.499979 -0.599480 0.892021 0.221512 -0.527234
    176 25.416573 3.597766 5.044236 -0.776633 0.501335 0.572003
    177 -9.580679 -27.862110 -37.184673 0.812879 -0.123459 -0.568477
    178 0.649933 -0.548295 0.093651 -1.665913 -0.131399 -0.112062
    179 0.657077 0.008401 0.040371 -1.665945 -0.131407 -0.000013
    180 0.665776 0.747221 -0.029190 -1.665935 -0.131408 0.094976
    181 2.300139 -2.499414 0.600159 -0.891995 -0.221560 -0.527344
    182 12.509592 1.698235 3.564709 1.764030 -0.255070 0.216942
    183 2.762354 0.116951 1.523975 1.629482 0.064153 1.743800
    184 7.228323 7.928203 -3.925652 2.328713 0.123459 -0.568477
    185 0.650394 -0.547730 -0.092979 1.665913 0.131399 -0.112062
    186 0.657069 0.008399 -0.040379 1.665945 0.131407 -0.000013
    187 0.665772 0.747219 0.029182 1.665935 0.131408 0.094976
    188 -4.481003 -0.202000 0.000000 0.000000 0.000000 0.000000
    189 -5.516998 -0.291000 -0.001000 0.000000 0.000000 0.000000
    190 -0.857697 0.104070 0.104687 0.023536 0.163924 0.013632
    191 1.899121 0.000427 -0.000439 0.027386 -0.033311 0.477848
    192 1.799658 -0.000240 0.000231 0.027386 -0.033311 0.477848
    193 1.799658 -0.000240 0.000231 0.027386 -0.033311 0.477848
    194 1.799658 -0.000240 0.000231 0.027386 -0.033311 0.477848
    195 1.900312 -0.000137 -0.000517 0.027386 -0.033311 0.477848
    196 1.899436 -0.000320 -0.000151 -0.027386 0.033311 0.477848
    197 1.799664 -0.000233 -0.000233 -0.027386 0.033311 0.477848
    198 1.799664 -0.000233 -0.000233 -0.027386 0.033311 0.477848
    199 1.799664 -0.000233 -0.000233 -0.027386 0.033311 0.477848
    200 1.900729 0.000549 -0.000072 -0.027386 0.033311 0.477848
    201 0.599884 0.400188 -0.000027 0.000000 0.000000 0.000000
    202 0.599888 0.400187 0.000031 0.000000 0.000000 -3.141592
    203 0.599503 0.400696 0.000234 0.000000 0.000000 0.000000
    204 0.600399 0.399632 -0.000466 0.000000 0.000000 -3.141592
  time 9
    0 0.000000 0.000000 0.000000 0.000000 0.000000 -1.570796
    1 -0.106323 0.000000 -0.000198 0.000000 0.000000 0.000000
    2 0.000000 0.000000 0.000000 0.000000 0.000000 0.000000
    3 -0.904000 0.000000 -11.806000 0.000000 0.000000 0.000000
    4 0.000000 0.000000 -14.313999 0.000000 -1.570796 1.570857
    5 3.533001 0.000000 0.000000 0.000000 0.000000 0.000000
    6 6.250000 0.000000 0.000000 0.000000 0.000000 0.000000
    7 9.900992 1.562573 -1.920582 -0.153733 1.430502 -0.152531
    8 9.568951 1.976648 1.819028 2.886866 -1.085227 -2.898659
    9 5.790726 0.002787 -0.000113 0.325276 0.789226 0.653183
    10 5.999492 -0.000592 -4.000343 0.000000 0.000000 0.000000
    11 5.787410 0.002582 0.000893 0.852009 -0.501481 -1.444851
    12 5.999492 -0.000592 4.000336 0.000000 0.000000 0.000000
    13 0.500225 0.000133 -0.000088 0.177066 -0.000060 0.000000
    14 11.534559 0.004255 -0.001312 0.000007 0.000057 -2.347486
    15 -0.829338 0.893824 0.079659 -0.148839 0.047645 0.087266
    16 0.500225 0.000132 0.000076 -0.037700 0.000000 0.000000
    17 11.536401 0.000526 -0.000089 -0.000018 0.000038 -0.746015
    18 -0.829586 0.894698 -0.079464 0.045377 -0.019621 0.087266
    19 10.599884 0.000105 -0.000553 1.812128 -0.000096 0.000072
    20 1.322827 -0.568159 -0.000805 -0.000024 0.000047 1.172034
    21 11.042057 0.003717 0.004704 1.841301 0.045141 0.343378
    22 -1.214832 0.203470 -0.477489 -0.135025 -0.078677 -0.001289
    23 10.599880 0.000105 0.000549 -0.140908 0.000060 0.000000
    24 0.111851 -0.275181 0.000801 -0.000012 -0.000047 0.373150
    25 11.041742 0.003171 -0.000571 -0.143902 -0.269040 -0.136724
    26 -1.063377 0.077663 0.150230 0.045121 0.020046 -0.012850
    27 0.610302 -0.939470 0.070343 -1.654992 0.111370 -0.196829
    28 0.639940 -0.199121 0.060188 -1.665807 0.120033 -0.090344
    29 0.600155 1.080261 -0.339535 -1.745343 0.271053 0.060298
    30 0.610207 0.400743 -0.010101 -1.765226 0.187089 -0.005558
    31 0.634715 -0.693997 -0.232343 0.018367 0.734865 -1.167891
    32 -0.792125 0.203736 0.461300 1.439074 -0.003453 -0.018305
    33 0.610300 -0.939469 -0.070351 1.655337 0.139988 -0.175676
    34 0.639937 -0.199121 -0.060200 1.665952 0.131308 -0.066502
    35 0.600586 1.130859 0.033752 1.738057 -0.020761 0.107329
    36 0.610205 0.400743 0.010086 1.762348 0.061543 0.042962
    37 0.629883 -0.689453 0.230347 -0.750747 -0.567048 -0.967115
    38 -0.626031 -0.069983 -0.080517 -1.447153 0.086151 0.021559
    39 2.621377 -0.002532 -0.001438 0.073273 0.171243 0.157646
    40 2.660837 0.000397 -0.000071 -0.036092 -0.038188 0.403709
    41 2.202488 0.003368 -0.006769 -0.368636 -0.083600 0.433021
    42 0.599952 0.959240 -0.300102 -0.174544 0.000000 0.000000
    43 2.557190 -0.001967 0.006359 -0.068706 -0.085343 0.398138
    44 2.095024 -0.003873 -0.002193 -0.218139 0.325181 0.621742
    45 0.999380 -0.000236 -1.271872 -0.000001 0.000000 0.000000
    46 -0.122639 -0.721856 0.661690 -0.486644 0.223964 0.243056
    47 2.619141 0.000141 -0.000401 0.055589 0.402473 0.372937
    48 2.658203 0.000781 0.000162 0.351904 0.247667 1.152005
    49 2.199219 0.000516 -0.000122 0.245882 -0.018377 1.177006
    50 0.599951 0.959244 0.300102 0.174544 0.000000 0.000000
    51 2.558594 -0.000149 -0.000031 0.273469 0.149728 1.224778
    52 2.095703 -0.000095 -0.000401 0.482182 -0.410387 0.684474
    53 0.999512 0.000054 1.119141 0.000000 0.000000 0.000001
    54 0.310846 -0.606445 -0.498005 0.308107 -0.197598 0.313976
    55 1.873069 -0.000835 -0.000994 0.000041 -0.000020 1.393956
    56 1.200941 0.399582 -0.000237 -0.009465 0.016087 0.007127
    57 0.000586 0.100342 -0.000319 -0.120035 -0.021926 -0.209617
    58 -0.161663 0.051712 0.194808 -2.941982 0.122408 -0.060194
    59 2.010092 -0.007109 -0.007284 0.000089 0.000025 1.343489
    60 0.000240 0.099802 -0.000395 -0.018823 0.010833 -0.239219
    61 -0.203197 0.048607 0.069150 -3.093332 0.033217 -0.046722
    62 1.180428 -0.006214 0.000780 -0.000014 0.000000 1.250826
    63 -0.000196 0.099625 -0.000034 0.000000 0.000000 -0.314102
    64 -0.088736 -0.688435 -0.145203 2.930407 -0.136130 0.513013
    65 1.712069 -0.003328 -0.000088 0.000035 -0.000104 1.083937
    66 -0.000580 0.100145 -0.000311 -0.010912 0.023131 -0.260841
    67 -0.146030 -0.232426 -0.014225 3.028455 -0.094299 0.113020
    68 1.290632 0.000362 -0.000032 0.000000 -0.000048 0.790169
    69 -0.658121 -0.003575 0.072645 -0.142711 0.027792 -0.077299
    70 1.868080 -0.006956 0.002176 0.000015 0.000027 0.210491
    71 1.200079 0.399944 -0.000093 0.009465 -0.016087 0.007127
    72 0.000591 0.100342 0.000319 0.120035 0.021926 -0.209617
    73 0.068077 0.002285 -0.080050 3.111376 -0.069366 -0.060847
    74 2.007813 -0.000883 -0.000381 -0.000044 0.000040 1.464654
    75 0.000229 0.099802 0.000395 0.018823 -0.010833 -0.239219
    76 -0.018673 -0.001009 0.047544 3.109244 0.002635 -0.106673
    77 1.178665 0.001595 0.000845 -0.000022 -0.000053 0.807088
    78 -0.000198 0.099628 0.000034 0.000000 0.000000 -0.314102
    79 0.036892 -0.634449 0.266284 -2.801062 0.174301 0.490914
    80 1.707031 0.000723 0.000200 -0.000035 -0.000050 1.238445
    81 -0.000576 0.100136 0.000311 0.010912 -0.023131 -0.260841
    82 -0.003952 -0.281811 0.115047 -3.059162 0.089004 0.167964
    83 1.290039 0.000364 -0.000046 -0.000058 0.000014 0.465379
    84 -0.171528 -0.018148 -0.099873 0.013484 -0.062184 -0.011780
    85 0.912716 0.007240 0.001326 0.000019 0.000021 1.217324
    86 -0.342617 0.053404 -0.025571 -2.909301 -0.017248 0.075276
    87 1.100231 -0.000930 -0.002434 -0.000027 -0.000034 1.331622
    88 -0.384983 0.330998 0.006848 -3.087207 -0.018765 -0.184279
    89 0.678146 0.006192 0.000002 -0.000054 -0.000067 1.205239
    90 -0.123848 0.072737 0.029507 2.898184 -0.060627 0.094834
    91 1.017166 -0.000154 -0.000252 -0.000023 -0.000002 1.448272
    92 -0.344986 0.123129 0.143151 2.994981 0.012396 0.059140
    93 -0.730988 0.177046 0.039141 -0.123731 0.076518 -0.084310
    94 0.921993 0.005205 -0.000896 -0.000026 -0.000011 -0.161149
    95 -0.124027 -0.052092 0.038496 3.077813 -0.008519 0.039229
    96 1.098633 0.000008 0.000469 0.000000 0.000000 0.904169
    97 -0.330082 0.160641 0.042780 3.128073 0.034033 -0.171236
    98 0.678711 -0.000813 0.000175 0.000000 0.000000 0.937064
    99 -0.019516 -0.016531 0.038578 -2.763781 0.050305 0.076828
    100 1.018891 0.005113 0.001121 0.000054 -0.000029 0.984570
    101 -0.155312 0.130643 -0.021921 -3.022466 0.022433 -0.024903
    102 -0.252209 0.061937 -0.024914 -0.007671 -0.063171 -0.044392
    103 -0.085991 0.185203 -0.015180 -2.937063 -0.113970 -0.138991
    104 -0.286537 0.179852 0.024264 -3.109353 -0.049645 -0.029915
    105 -0.019489 0.147084 0.079203 2.893815 0.038585 -0.060594
    106 -0.046482 0.251898 0.129548 3.016165 0.077112 -0.042864
    107 0.039120 -0.040298 0.047739 3.084219 0.030470 -0.037414
    108 -0.233757 0.066630 0.001754 -3.133086 0.040141 -0.065413
    109 0.044266 0.020128 0.001684 -2.778763 -0.118872 -0.040488
    110 0.071495 0.074127 -0.048302 -3.035917 -0.059482 0.104366
    111 2.734458 -18.895108 -9.406537 -0.223392 -0.026497 -0.737732
    112 -10.656575 0.464858 -10.762047 0.275474 -0.892261 -0.716767
    113 -1.142999 -0.001000 0.273999 -1.006101 -0.000004 1.570789
    114 -0.943998 0.000000 1.776996 0.000000 0.000000 0.000000
    115 2.039996 -0.296999 1.310997 0.000000 0.000000 -1.570817
    116 -0.653999 0.000000 -1.549997 0.000000 0.000000 0.000000
    117 4.078125 0.000000 -0.139893 0.000000 0.000000 0.000000
    118 1.636719 0.000000 -0.501953 0.000000 0.000000 0.000000
    119 2.437500 0.000000 0.764160 0.000000 0.000000 0.000000
    120 -0.898998 0.000000 -1.088998 0.000000 0.000000 0.000000
    121 2.025996 -0.001000 0.680999 0.000000 0.000000 1.570816
    122 0.000000 0.000000 0.000000 0.000000 0.000000 -1.570816
    123 0.711998 0.439999 -0.805998 0.000000 0.000000 1.570815
    124 -1.474998 0.000000 0.073000 0.000000 0.000000 1.570816
    125 1.889997 0.409999 0.284999 1.570922 0.000000 0.000000
    126 0.000000 0.000000 0.000000 0.000000 0.000000 0.000000
    127 -0.106000 0.000000 64.320000 0.000000 0.000000 0.000000
    128 0.000000 0.000000 0.000000 0.000000 0.000000 0.000000
    129 0.000000 0.000000 0.000000 -0.014513 -0.035678 0.044523
    130 26.747155 9.711720 1.020641 -0.223643 -0.026571 0.833035
    131 0.106000 0.000000 -64.320000 0.000000 0.000000 0.000000
    132 0.000000 0.000000 0.000000 0.000000 0.000000 0.000000
    133 0.000000 0.000000 -4.867002 -3.141592 0.000000 -3.128591
    134 0.000000 0.000000 4.867000 -3.141592 0.000000 -3.128591
    135 4.000000 -6.500000 0.000000 0.000000 0.000000 0.000977
    136 -6.500000 0.000000 0.000000 0.000000 1.570796 0.000000
    137 1.000088 -0.000029 0.000000 0.000000 0.000000 0.000000
    138 17.162516 -0.000404 0.000000 0.000000 0.000000 0.119214
    139 9.999891 -0.000303 0.000000 0.000000 0.000000 0.000000
    140 1.000088 -0.000029 0.000000 0.000000 0.000000 0.000000
    141 17.162516 -0.000404 0.000000 0.000000 0.000000 0.119214
    142 9.499836 0.000212 0.000000 0.000000 0.000000 0.000000
    143 0.000000 0.000000 0.000000 0.000000 0.000000 0.000000
    144 17.749374 0.295515 0.000000 0.000000 0.000000 -1.158958
    145 0.017889 0.299792 0.000000 0.000000 0.000000 -0.059582
    146 12.283573 1.581456 -4.696000 1.462269 -0.086726 0.090185
    147 17.749376 0.295515 0.000000 0.000000 0.000000 -1.158958
    148 0.017889 0.299792 0.000000 0.000000 0.000000 -0.059582
    149 13.354000 0.000000 0.000000 0.000000 0.000000 -0.294101
    150 4.530998 0.000000 0.000000 0.000000 0.000000 0.000000
    151 0.000000 0.000000 0.000000 0.000000 0.000000 0.000000
    152 5.413524 0.000347 0.000000 0.000000 0.000000 -0.518055
    153 5.413524 0.000347 0.000000 0.000000 0.000000 -0.518055
    154 4.662002 -5.366333 4.825191 1.569713 1.561305 -3.121213
    155 3.116966 -0.000443 0.000000 0.000000 0.000000 0.294101
    156 4.531197 0.000000 0.000000 0.000000 0.000000 0.000000
    157 -17.908279 24.024171 -49.959979 0.132338 0.182735 -0.817878
    158 -1.614686 0.003904 0.562248 0.000008 0.314056 0.000000
    159 -17.920219 24.211676 -50.862774 -0.963636 -0.130155 0.728673
    160 -1.532227 0.000000 1.129883 -0.262470 -0.000006 1.570749
    161 0.000000 -0.001000 0.000000 0.000000 0.000000 0.000000
    162 3.867000 0.000000 0.228000 0.000000 0.000000 0.000000
    163 3.512001 -3.547000 -1.066000 0.000000 1.570796 0.000000
    164 3.456001 -3.517000 1.169000 0.000000 1.570796 0.000000
    165 6.233002 0.000000 0.000000 0.000000 0.000000 0.000000
    166 -0.171997 -0.106000 -0.902000 1.570713 1.029176 -3.134550
    167 6.464660 -6.145618 -0.359386 0.044487 0.012907 0.036289
    168 -3.106999 0.000000 0.669000 0.000000 0.000000 0.000000
    169 -3.106999 0.000000 0.741000 0.000000 0.000000 0.000000
    170 -3.252000 0.000000 0.540000 0.000000 0.000000 0.000000
    171 3.999434 -0.000528 -0.000332 0.906084 -0.000017 0.000049
    172 3.999901 0.000038 0.001011 -0.070441 -0.000001 -0.000001
    173 1.598000 0.000000 0.000000 0.000000 0.000000 0.000000
    174 -1.145525 0.000130 0.000668 0.000000 0.000000 0.000000
    175 2.299681 -2.499979 -0.599480 0.892021 0.221512 -0.527234
    176 22.213350 -5.054842 3.548096 -1.199308 0.704148 0.350723
    177 -9.580679 -27.862110 -37.184673 0.812879 -0.123459 -0.568477
    178 0.649933 -0.548295 0.093651 -1.665913 -0.131399 -0.112062
    179 0.657077 0.008401 0.040371 -1.665945 -0.131407 -0.000013
    180 0.665776 0.747221 -0.029190 -1.665935 -0.131408 0.094976
    181 2.300139 -2.499414 0.600159 -0.891995 -0.221560 -0.527344
    182 12.509592 1.698235 3.564709 1.764030 -0.255070 0.216942
    183 2.762354 0.116951 1.523975 1.629482 0.064153 1.743800
    184 7.228323 7.928203 -3.925652 2.328713 0.123459 -0.568477
    185 0.650394 -0.547730 -0.092979 1.665913 0.131399 -0.112062
    186 0.657069 0.008399 -0.040379 1.665945 0.131407 -0.000013
    187 0.665772 0.747219 0.029182 1.665935 0.131408 0.094976
    188 -4.481003 -0.202000 0.000000 0.000000 0.000000 0.000000
    189 -5.516998 -0.291000 -0.001000 0.000000 0.000000 0.000000
    190 -0.857697 0.104070 0.104687 0.023536 0.163924 0.013632
    191 1.899121 0.000427 -0.000439 0.027386 -0.033311 0.477848
    192 1.799658 -0.000240 0.000231 0.027386 -0.033311 0.477848
    193 1.799658 -0.000240 0.000231 0.027386 -0.033311 0.477848
    194 1.799658 -0.000240 0.000231 0.027386 -0.033311 0.477848
    195 1.900312 -0.000137 -0.000517 0.027386 -0.033311 0.477848
    196 1.899436 -0.000320 -0.000151 -0.027386 0.033311 0.477848
    197 1.799664 -0.000233 -0.000233 -0.027386 0.033311 0.477848
    198 1.799664 -0.000233 -0.000233 -0.027386 0.033311 0.477848
    199 1.799664 -0.000233 -0.000233 -0.027386 0.033311 0.477848
    200 1.900729 0.000549 -0.000072 -0.027386 0.033311 0.477848
    201 0.599884 0.400188 -0.000027 0.000000 0.000000 0.000000
    202 0.599888 0.400187 0.000031 0.000000 0.000000 -3.141592
    203 0.599503 0.400696 0.000234 0.000000 0.000000 0.000000
    204 0.600399 0.399632 -0.000466 0.000000 0.000000 -3.141592
  time 10
    0 0.000000 0.000000 0.000000 0.000000 0.000000 -1.570796
    1 -0.106323 0.000000 -0.000198 0.000000 0.000000 0.000000
    2 0.000000 0.000000 0.000000 0.000000 0.000000 0.000000
    3 -0.904000 0.000000 -11.806000 0.000000 0.000000 0.000000
    4 0.000000 0.000000 -14.313999 0.000000 -1.570796 1.570857
    5 3.533001 0.000000 0.000000 0.000000 0.000000 0.000000
    6 6.250000 0.000000 0.000000 0.000000 0.000000 0.000000
    7 9.900992 1.562573 -1.920582 -0.153996 1.430738 -0.152705
    8 9.568951 1.976648 1.819028 2.850916 -1.082389 -2.870095
    9 5.790726 0.002787 -0.000113 0.323158 0.829359 0.600456
    10 5.999492 -0.000592 -4.000343 0.000000 0.000000 0.000000
    11 5.787410 0.002582 0.004799 0.877477 -0.651261 -1.322458
    12 5.999492 -0.000592 4.000336 0.000000 0.000000 0.000000
    13 0.500225 0.000133 -0.000088 0.154986 0.000048 0.000000
    14 11.534559 0.004255 -0.001312 0.000115 -0.000183 -2.340674
    15 -0.829338 0.893824 0.079659 -0.148839 0.047645 0.087266
    16 0.500225 0.000132 0.000076 -0.084277 -0.000048 0.000000
    17 11.532495 0.004432 -0.000089 0.000006 -0.000022 -0.667063
    18 -0.829586 0.894698 -0.079464 0.045377 -0.019621 0.087266
    19 10.599884 0.000105 -0.000553 1.745199 -0.000036 -0.000024
    20 1.315014 -0.572065 -0.000805 -0.000012 0.000071 1.170426
    21 11.042057 0.003717 0.004704 1.760735 -0.023722 0.550745
    22 -1.214832 0.203470 -0.477489 -0.135025 -0.078677 -0.001289
    23 10.599880 0.000105 0.000549 -0.493836 -0.000036 0.000012
    24 0.119663 -0.279087 0.000801 0.000000 0.000049 0.333664
    25 11.041742 0.003171 -0.000571 -0.541547 -0.497622 -0.057096
    26 -1.063377 0.077663 0.150230 0.045121 0.020046 -0.012850
    27 0.610302 -0.939470 0.070343 -1.654992 0.104527 -0.196217
    28 0.639940 -0.199121 0.060188 -1.665807 0.113442 -0.089721
    29 0.600155 1.080261 -0.339535 -1.745873 0.265564 0.058404
    30 0.610207 0.400743 -0.010101 -1.765011 0.181156 -0.004359
    31 0.630809 -0.693997 -0.236250 0.021579 0.673114 -1.133384
    32 -0.792125 0.203736 0.461300 1.439074 -0.003453 -0.018305
    33 0.610300 -0.939469 -0.070351 1.655337 0.139988 -0.175676
    34 0.639937 -0.199121 -0.060200 1.665952 0.131308 -0.066502
    35 0.600586 1.130859 0.033752 1.738057 -0.020761 0.107329
    36 0.610205 0.400743 0.010086 1.762348 0.061543 0.042962
    37 0.629883 -0.689453 0.230347 -0.750747 -0.567048 -0.967115
    38 -0.626031 -0.069983 -0.080517 -1.447153 0.086151 0.021559
    39 2.625284 -0.006439 -0.001438 0.014930 0.140385 0.244268
    40 2.664743 0.000397 -0.000071 -0.061631 -0.038415 0.485046
    41 2.202488 0.003368 -0.006769 -0.355405 -0.057962 0.492870
    42 0.599952 0.959240 -0.300102 -0.174544 0.000000 0.000000
    43 2.557190 -0.005873 0.002453 -0.067511 -0.072364 0.477250
    44 2.095024 -0.003873 -0.006100 -0.218343 0.324881 0.621070
    45 0.999380 -0.000236 -1.252340 -0.000001 0.000000 0.000000
    46 -0.122639 -0.721856 0.661690 -0.486644 0.223964 0.243056
    47 2.619141 0.000141 -0.000401 0.055589 0.402473 0.372937
    48 2.658203 0.000781 0.000162 0.351904 0.247667 1.152005
    49 2.199219 0.000516 -0.000122 0.245882 -0.018377 1.177006
    50 0.599951 0.959244 0.300102 0.174544 0.000000 0.000000
    51 2.558594 -0.000149 -0.000031 0.273469 0.149728 1.224778
    52 2.095703 -0.000095 -0.000401 0.482182 -0.410387 0.684474
    53 0.999512 0.000054 1.119141 0.000000 0.000000 0.000001
    54 0.310846 -0.606445 -0.498005 0.308107 -0.197598 0.313976
    55 1.869163 -0.004741 -0.000994 -0.000043 -0.000032 1.356526
    56 1.200941 0.399582 -0.000237 -0.009465 0.016087 0.007127
    57 0.000586 0.100342 -0.000319 -0.120035 -0.021926 -0.209617
    58 -0.161663 0.051712 0.194808 -2.941982 0.122408 -0.060194
    59 2.010092 -0.003202 -0.007284 0.000018 0.000013 1.328635
    60 0.000240 0.099802 -0.000395 -0.018823 0.010833 -0.239219
    61 -0.203197 0.048607 0.069150 -3.093332 0.033217 -0.046722
    62 1.180428 -0.006214 0.000780 0.000022 0.000072 1.215364
    63 -0.000196 0.099625 -0.000034 0.000000 0.000000 -0.314102
    64 -0.088736 -0.688435 -0.145203 2.930407 -0.136130 0.513013
    65 1.712069 -0.003328 0.003818 -0.000013 -0.000068 1.071598
    66 -0.000580 0.100145 -0.000311 -0.010912 0.023131 -0.260841
    67 -0.146030 -0.232426 -0.014225 3.028455 -0.094299 0.113020
    68 1.290632 0.000362 -0.000032 0.000012 0.000048 0.738603
    69 -0.658121 -0.003575 0.072645 -0.142711 0.027792 -0.077299
    70 1.868080 -0.003049 0.006083 0.000015 0.000027 0.210491
    71 1.200079 0.399944 -0.000093 0.009465 -0.016087 0.007127
    72 0.000591 0.100342 0.000319 0.120035 0.021926 -0.209617
    73 0.068077 0.002285 -0.080050 3.111376 -0.069366 -0.060847
    74 2.007813 -0.000883 -0.000381 -0.000044 0.000040 1.464654
    75 0.000229 0.099802 0.000395 0.018823 -0.010833 -0.239219
    76 -0.018673 -0.001009 0.047544 3.109244 0.002635 -0.106673
    77 1.178665 0.001595 0.000845 -0.000022 -0.000053 0.807088
    78 -0.000198 0.099628 0.000034 0.000000 0.000000 -0.314102
    79 0.036892 -0.634449 0.266284 -2.801062 0.174301 0.490914
    80 1.707031 0.000723 0.000200 -0.000035 -0.000050 1.238445
    81 -0.000576 0.100136 0.000311 0.010912 -0.023131 -0.260841
    82 -0.003952 -0.281811 0.115047 -3.059162 0.089004 0.167964
    83 1.290039 0.000364 -0.000046 -0.000058 0.000014 0.465379
    84 -0.171528 -0.018148 -0.099873 0.013484 -0.062184 -0.011780
    85 0.916622 0.007240 0.001326 0.000042 0.000069 1.208286
    86 -0.342617 0.053404 -0.025571 -2.909301 -0.017248 0.075276
    87 1.100231 -0.000930 -0.002434 -0.000027 -0.000034 1.278646
    88 -0.384983 0.330998 0.006848 -3.087207 -0.018765 -0.184279
    89 0.678146 0.006192 0.000002 -0.000054 -0.000067 1.161340
    90 -0.123848 0.072737 0.029507 2.898184 -0.060627 0.094834
    91 1.017166 -0.000154 -0.000252 -0.000071 0.000022 1.401655
    92 -0.344986 0.123129 0.143151 2.994981 0.012396 0.059140
    93 -0.730988 0.177046 0.039141 -0.123731 0.076518 -0.084310
    94 0.921993 0.005205 -0.000896 -0.000026 -0.000011 -0.161435
    95 -0.124027 -0.052092 0.038496 3.077813 -0.008519 0.039229
    96 1.098633 0.000008 0.000469 0.000000 0.000000 0.904169
    97 -0.330082 0.160641 0.042780 3.128073 0.034033 -0.171236
    98 0.678711 -0.000813 0.000175 0.000000 0.000000 0.937064
    99 -0.019516 -0.016531 0.038578 -2.763781 0.050305 0.076828
    100 1.018891 0.005113 0.001121 0.000054 -0.000029 0.984570
    101 -0.155312 0.130643 -0.021921 -3.022466 0.022433 -0.024903
    102 -0.252209 0.061937 -0.024914 -0.007671 -0.063171 -0.044392
    103 -0.085991 0.185203 -0.015180 -2.937063 -0.113970 -0.138991
    104 -0.286537 0.179852 0.024264 -3.109353 -0.049645 -0.029915
    105 -0.019489 0.147084 0.079203 2.893815 0.038585 -0.060594
    106 -0.046482 0.251898 0.129548 3.016165 0.077112 -0.042864
    107 0.039120 -0.040298 0.047739 3.084219 0.030470 -0.037414
    108 -0.233757 0.066630 0.001754 -3.133086 0.040141 -0.065413
    109 0.044266 0.020128 0.001684 -2.778763 -0.118872 -0.040488
    110 0.071495 0.074127 -0.048302 -3.035917 -0.059482 0.104366
    111 2.863369 -18.191961 -15.422346 -0.400289 0.310994 -0.664622
    112 -11.594104 -0.375011 -9.980773 0.087244 -0.538845 -0.492522
    113 -1.142999 -0.001000 0.273999 -1.006101 -0.000004 1.570789
    114 -0.943998 0.000000 1.776996 0.000000 0.000000 0.000000
    115 2.039996 -0.296999 1.310997 0.000000 0.000000 -1.570817
    116 -0.653999 0.000000 -1.549997 0.000000 0.000000 0.000000
    117 4.078125 0.000000 -0.139893 0.000000 0.000000 0.000000
    118 1.636719 0.000000 -0.501953 0.000000 0.000000 0.000000
    119 2.437500 0.000000 0.764160 0.000000 0.000000 0.000000
    120 -0.898998 0.000000 -1.088998 0.000000 0.000000 0.000000
    121 2.025996 -0.001000 0.680999 0.000000 0.000000 1.570816
    122 0.000000 0.000000 0.000000 0.000000 0.000000 -1.570816
    123 0.711998 0.439999 -0.805998 0.000000 0.000000 1.570815
    124 -1.474998 0.000000 0.073000 0.000000 0.000000 1.570816
    125 1.889997 0.409999 0.284999 1.570922 0.000000 0.000000
    126 0.000000 0.000000 0.000000 0.000000 0.000000 0.000000
    127 -0.106000 0.000000 64.320000 0.000000 0.000000 0.000000
    128 0.000000 0.000000 0.000000 0.000000 0.000000 0.000000
    129 0.000000 0.000000 0.000000 -0.010499 -0.032071 0.068348
    130 25.141637 9.379678 -8.069480 -0.400368 0.311037 0.906053
    131 0.106000 0.000000 -64.320000 0.000000 0.000000 0.000000
    132 0.000000 0.000000 0.000000 0.000000 0.000000 0.000000
    133 0.000000 0.000000 -4.867002 -3.141592 0.000000 -3.128591
    134 0.000000 0.000000 4.867000 -3.141592 0.000000 -3.128591
    135 4.000000 -6.500000 0.000000 0.000000 0.000000 0.000977
    136 -6.500000 0.000000 0.000000 0.000000 1.570796 0.000000
    137 1.000088 -0.000029 0.000000 0.000000 0.000000 0.000000
    138 17.162516 -0.000404 0.000000 0.000000 0.000000 0.119214
    139 9.999891 -0.000303 0.000000 0.000000 0.000000 0.000000
    140 1.000088 -0.000029 0.000000 0.000000 0.000000 0.000000
    141 17.162516 -0.000404 0.000000 0.000000 0.000000 0.119214
    142 9.499836 0.000212 0.000000 0.000000 0.000000 0.000000
    143 0.000000 0.000000 0.000000 0.000000 0.000000 0.000000
    144 17.749374 0.295515 0.000000 0.000000 0.000000 -1.158958
    145 0.017889 0.299792 0.000000 0.000000 0.000000 -0.059582
    146 12.283573 1.581456 -4.696000 1.462269 -0.086726 0.090185
    147 17.749376 0.295515 0.000000 0.000000 0.000000 -1.158958
    148 0.017889 0.299792 0.000000 0.000000 0.000000 -0.059582
    149 13.354000 0.000000 0.000000 0.000000 0.000000 -0.294101
    150 4.530998 0.000000 0.000000 0.000000 0.000000 0.000000
    151 0.000000 0.000000 0.000000 0.000000 0.000000 0.000000
    152 5.413524 0.000347 0.000000 0.000000 0.000000 -0.518055
    153 5.413524 0.000347 0.000000 0.000000 0.000000 -0.518055
    154 4.662002 -5.366333 4.825191 1.569713 1.561305 -3.121213
    155 3.116966 -0.000443 0.000000 0.000000 0.000000 0.294101
    156 4.531197 0.000000 0.000000 0.000000 0.000000 0.000000
    157 0.408687 31.356426 -41.229244 0.484562 0.133969 -0.937899
    158 -1.614686 0.003904 0.562248 0.000008 0.314056 0.000000
    159 0.701443 31.680654 -42.046099 -0.996976 -0.479895 0.562663
    160 -1.532227 0.000000 1.129883 -0.262470 -0.000006 1.570749
    161 0.000000 -0.001000 0.000000 0.000000 0.000000 0.000000
    162 3.867000 0.000000 0.228000 0.000000 0.000000 0.000000
    163 3.512001 -3.547000 -1.066000 0.000000 1.570796 0.000000
    164 3.456001 -3.517000 1.169000 0.000000 1.570796 0.000000
    165 6.233002 0.000000 0.000000 0.000000 0.000000 0.000000
    166 -0.171997 -0.106000 -0.902000 1.570713 1.029176 -3.134550
    167 6.441222 -6.161243 -0.484390 0.068324 0.008269 0.032706
    168 -3.106999 0.000000 0.669000 0.000000 0.000000 0.000000
    169 -3.106999 0.000000 0.741000 0.000000 0.000000 0.000000
    170 -3.252000 0.000000 0.540000 0.000000 0.000000 0.000000
    171 3.999434 -0.000528 -0.000332 0.872644 -0.000017 -0.000011
    172 3.999901 0.000038 0.001011 -0.246882 -0.000061 -0.000001
    173 1.598000 0.000000 0.000000 0.000000 0.000000 0.000000
    174 -1.145525 0.000130 0.000668 0.000000 0.000000 0.000000
    175 2.299681 -2.499979 -0.599480 0.892021 0.221512 -0.527234
    176 19.373420 -13.148839 1.551942 -1.505777 0.745110 0.077775
    177 -9.580679 -27.862110 -37.184673 0.812879 -0.123459 -0.568477
    178 0.649933 -0.548295 0.093651 -1.665913 -0.131399 -0.112062
    179 0.657077 0.008401 0.040371 -1.665945 -0.131407 -0.000013
    180 0.665776 0.747221 -0.029190 -1.665935 -0.131408 0.094976
    181 2.300139 -2.499414 0.600159 -0.891995 -0.221560 -0.527344
    182 12.509592 1.698235 3.564709 1.764030 -0.255070 0.216942
    183 2.762354 0.116951 1.523975 1.629482 0.064153 1.743800
    184 7.228323 7.928203 -3.925652 2.328713 0.123459 -0.568477
    185 0.650394 -0.547730 -0.092979 1.665913 0.131399 -0.112062
    186 0.657069 0.008399 -0.040379 1.665945 0.131407 -0.000013
    187 0.665772 0.747219 0.029182 1.665935 0.131408 0.094976
    188 -4.481003 -0.202000 0.000000 0.000000 0.000000 0.000000
    189 -5.516998 -0.291000 -0.001000 0.000000 0.000000 0.000000
    190 -0.857697 0.104070 0.104687 0.023536 0.163924 0.013632
    191 1.899121 0.000427 -0.000439 0.027386 -0.033311 0.477848
    192 1.799658 -0.000240 0.000231 0.027386 -0.033311 0.477848
    193 1.799658 -0.000240 0.000231 0.027386 -0.033311 0.477848
    194 1.799658 -0.000240 0.000231 0.027386 -0.033311 0.477848
    195 1.900312 -0.000137 -0.000517 0.027386 -0.033311 0.477848
    196 1.899436 -0.000320 -0.000151 -0.027386 0.033311 0.477848
    197 1.799664 -0.000233 -0.000233 -0.027386 0.033311 0.477848
    198 1.799664 -0.000233 -0.000233 -0.027386 0.033311 0.477848
    199 1.799664 -0.000233 -0.000233 -0.027386 0.033311 0.477848
    200 1.900729 0.000549 -0.000072 -0.027386 0.033311 0.477848
    201 0.599884 0.400188 -0.000027 0.000000 0.000000 0.000000
    202 0.599888 0.400187 0.000031 0.000000 0.000000 -3.141592
    203 0.599503 0.400696 0.000234 0.000000 0.000000 0.000000
    204 0.600399 0.399632 -0.000466 0.000000 0.000000 -3.141592
  time 11
    0 0.000000 0.000000 0.000000 0.000000 0.000000 -1.570796
    1 -0.106323 0.000000 -0.000198 0.000000 0.000000 0.000000
    2 0.000000 0.000000 0.000000 0.000000 0.000000 0.000000
    3 -0.904000 0.000000 -11.806000 0.000000 0.000000 0.000000
    4 0.000000 0.000000 -14.313999 0.000000 -1.570796 1.570857
    5 3.533001 0.000000 0.000000 0.000000 0.000000 0.000000
    6 6.250000 0.000000 0.000000 0.000000 0.000000 0.000000
    7 9.897086 1.562573 -1.912769 -0.154258 1.430927 -0.152966
    8 9.568951 1.976648 1.819028 2.815336 -1.079006 -2.842004
    9 5.790726 0.002787 -0.000113 0.313253 0.882057 0.525722
    10 5.999492 -0.000592 -4.000343 0.000000 0.000000 0.000000
    11 5.787410 0.002582 0.004799 0.866293 -0.901080 -1.223383
    12 5.999492 -0.000592 4.000336 0.000000 0.000000 0.000000
    13 0.500225 0.000133 -0.000088 0.125864 0.000024 0.000000
    14 11.534559 0.000348 -0.001312 -0.000173 -0.000195 -2.326966
    15 -0.829338 0.893824 0.079659 -0.148839 0.047645 0.087266
    16 0.500225 0.000132 0.000076 -0.084548 -0.000048 0.000000
    17 11.536401 0.000526 -0.000089 -0.000018 0.000038 -0.876050
    18 -0.829586 0.894698 -0.079464 0.045377 -0.019621 0.087266
    19 10.599884 0.000105 -0.000553 1.667390 -0.000024 -0.000048
    20 1.307201 -0.568159 -0.000805 0.000060 -0.000025 1.163489
    21 11.042057 -0.000189 0.004704 1.633221 -0.075981 0.773268
    22 -1.214832 0.203470 -0.477489 -0.135025 -0.078677 -0.001289
    23 10.599880 0.000105 0.000549 -0.262121 0.000000 -0.000048
    24 0.135289 -0.279087 0.000801 0.000000 -0.000011 0.438057
    25 11.041742 0.007077 -0.000571 -0.258245 -0.101470 0.231817
    26 -1.063377 0.077663 0.150230 0.045121 0.020046 -0.012850
    27 0.610302 -0.939470 0.070343 -1.654790 0.092123 -0.195211
    28 0.639940 -0.199121 0.060188 -1.665655 0.101469 -0.088559
    29 0.600155 1.080261 -0.339535 -1.746457 0.255425 0.055492
    30 0.610207 0.400743 -0.010101 -1.764634 0.170214 -0.002226
    31 0.634715 -0.693997 -0.236250 0.025650 0.594829 -1.096680
    32 -0.792125 0.203736 0.461300 1.439074 -0.003453 -0.018305
    33 0.610300 -0.939469 -0.070351 1.655337 0.139988 -0.175676
    34 0.639937 -0.199121 -0.060200 1.665952 0.131308 -0.066502
    35 0.600586 1.130859 0.033752 1.738057 -0.020761 0.107329
    36 0.610205 0.400743 0.010086 1.762348 0.061543 0.042962
    37 0.629883 -0.689453 0.230347 -0.750747 -0.567048 -0.967115
    38 -0.626031 -0.069983 -0.080517 -1.447153 0.086151 0.021559
    39 2.625284 -0.002532 -0.001438 -0.046191 0.101329 0.334572
    40 2.664743 0.000397 -0.000071 -0.091579 -0.040165 0.568793
    41 2.206394 0.003368 -0.006769 -0.337153 -0.036653 0.556804
    42 0.599952 0.959240 -0.300102 -0.174544 0.000000 0.000000
    43 2.553283 -0.005873 0.006359 -0.065307 -0.059529 0.556284
    44 2.095024 -0.003873 -0.002193 -0.218570 0.324602 0.620460
    45 0.999380 -0.000236 -1.232808 -0.000001 0.000000 0.000000
    46 -0.122639 -0.721856 0.661690 -0.486644 0.223964 0.243056
    47 2.619141 0.000141 -0.000401 0.055589 0.402473 0.372937
    48 2.658203 0.000781 0.000162 0.351904 0.247667 1.152005
    49 2.199219 0.000516 -0.000122 0.245882 -0.018377 1.177006
    50 0.599951 0.959244 0.300102 0.174544 0.000000 0.000000
    51 2.558594 -0.000149 -0.000031 0.273469 0.149728 1.224778
    52 2.095703 -0.000095 -0.000401 0.482182 -0.410387 0.684474
    53 0.999512 0.000054 1.119141 0.000000 0.000000 0.000001
    54 0.310846 -0.606445 -0.498005 0.308107 -0.197598 0.313976
    55 1.873069 -0.000835 -0.000994 -0.000043 -0.000032 1.307316
    56 1.200941 0.399582 -0.000237 -0.009465 0.016087 0.007127
    57 0.000586 0.100342 -0.000319 -0.120035 -0.021926 -0.209617
    58 -0.161663 0.051712 0.194808 -2.941982 0.122408 -0.060194
    59 2.010092 -0.003202 -0.003377 0.000018 0.000013 1.308435
    60 0.000240 0.099802 -0.000395 -0.018823 0.010833 -0.239219
    61 -0.203197 0.048607 0.069150 -3.093332 0.033217 -0.046722
    62 1.180428 -0.006214 0.000780 -0.000026 0.000108 1.169382
    63 -0.000196 0.099625 -0.000034 0.000000 0.000000 -0.314102
    64 -0.088736 -0.688435 -0.145203 2.930407 -0.136130 0.513013
    65 1.715976 0.000578 0.003818 0.000023 -0.000021 1.055212
    66 -0.000580 0.100145 -0.000311 -0.010912 0.023131 -0.260841
    67 -0.146030 -0.232426 -0.014225 3.028455 -0.094299 0.113020
    68 1.290632 0.000362 -0.000032 0.000000 0.000000 0.671542
    69 -0.658121 -0.003575 0.072645 -0.142711 0.027792 -0.077299
    70 1.868080 -0.003049 0.006083 0.000015 0.000027 0.210491
    71 1.200079 0.399944 -0.000093 0.009465 -0.016087 0.007127
    72 0.000591 0.100342 0.000319 0.120035 0.021926 -0.209617
    73 0.068077 0.002285 -0.080050 3.111376 -0.069366 -0.060847
    74 2.007813 -0.000883 -0.000381 -0.000044 0.000040 1.464654
    75 0.000229 0.099802 0.000395 0.018823 -0.010833 -0.239219
    76 -0.018673 -0.001009 0.047544 3.109244 0.002635 -0.106673
    77 1.178665 0.001595 0.000845 -0.000022 -0.000053 0.807088
    78 -0.000198 0.099628 0.000034 0.000000 0.000000 -0.314102
    79 0.036892 -0.634449 0.266284 -2.801062 0.174301 0.490914
    80 1.707031 0.000723 0.000200 -0.000035 -0.000050 1.238445
    81 -0.000576 0.100136 0.000311 0.010912 -0.023131 -0.260841
    82 -0.003952 -0.281811 0.115047 -3.059162 0.089004 0.167964
    83 1.290039 0.000364 -0.000046 -0.000058 0.000014 0.465379
    84 -0.171528 -0.018148 -0.099873 0.013484 -0.062184 -0.011780
    85 0.916622 0.007240 0.001326 0.000042 0.000069 1.195285
    86 -0.342617 0.053404 -0.025571 -2.909301 -0.017248 0.075276
    87 1.100231 -0.000930 -0.002434 -0.000027 -0.000034 1.209618
    88 -0.384983 0.330998 0.006848 -3.087207 -0.018765 -0.184279
    89 0.678146 0.006192 0.000002 -0.000018 -0.000019 1.104414
    90 -0.123848 0.072737 0.029507 2.898184 -0.060627 0.094834
    91 1.017166 -0.000154 -0.000252 -0.000023 -0.000014 1.340631
    92 -0.344986 0.123129 0.143151 2.994981 0.012396 0.059140
    93 -0.730988 0.177046 0.039141 -0.123731 0.076518 -0.084310
    94 0.921993 0.001298 -0.000896 -0.000026 -0.000011 -0.161720
    95 -0.124027 -0.052092 0.038496 3.077813 -0.008519 0.039229
    96 1.098633 0.000008 0.000469 0.000000 0.000000 0.904169
    97 -0.330082 0.160641 0.042780 3.128073 0.034033 -0.171236
    98 0.678711 -0.000813 0.000175 0.000000 0.000000 0.937064
    99 -0.019516 -0.016531 0.038578 -2.763781 0.050305 0.076828
    100 1.018891 0.005113 0.001121 0.000066 -0.000029 0.984570
    101 -0.155312 0.130643 -0.021921 -3.022466 0.022433 -0.024903
    102 -0.252209 0.061937 -0.024914 -0.007671 -0.063171 -0.044392
    103 -0.085991 0.185203 -0.015180 -2.937063 -0.113970 -0.138991
    104 -0.286537 0.179852 0.024264 -3.109353 -0.049645 -0.029915
    105 -0.019489 0.147084 0.079203 2.893815 0.038585 -0.060594
    106 -0.046482 0.251898 0.129548 3.016165 0.077112 -0.042864
    107 0.039120 -0.040298 0.047739 3.084219 0.030470 -0.037414
    108 -0.233757 0.066630 0.001754 -3.133086 0.040141 -0.065413
    109 0.044266 0.020128 0.001684 -2.778763 -0.118872 -0.040488
    110 0.071495 0.074127 -0.048302 -3.035917 -0.059482 0.104366
    111 2.945402 -17.590381 -18.145085 0.123799 0.508742 -0.841188
    112 -6.136906 0.449232 -5.988464 0.605617 -0.319047 -1.104149
    113 -1.142999 -0.001000 0.273999 -1.006101 -0.000004 1.570789
    114 -0.943998 0.000000 1.776996 0.000000 0.000000 0.000000
    115 2.039996 -0.296999 1.310997 0.000000 0.000000 -1.570817
    116 -0.653999 0.000000 -1.549997 0.000000 0.000000 0.000000
    117 4.078125 0.000000 -0.139893 0.000000 0.000000 0.000000
    118 1.636719 0.000000 -0.501953 0.000000 0.000000 0.000000
    119 2.437500 0.000000 0.764160 0.000000 0.000000 0.000000
    120 -0.898998 0.000000 -1.088998 0.000000 0.000000 0.000000
    121 2.025996 -0.001000 0.680999 0.000000 0.000000 1.570816
    122 0.000000 0.000000 0.000000 0.000000 0.000000 -1.570816
    123 0.711998 0.439999 -0.805998 0.000000 0.000000 1.570815
    124 -1.474998 0.000000 0.073000 0.000000 0.000000 1.570816
    125 1.889997 0.409999 0.284999 1.570922 0.000000 0.000000
    126 0.000000 0.000000 0.000000 0.000000 0.000000 0.000000
    127 -0.106000 0.000000 64.320000 0.000000 0.000000 0.000000
    128 0.000000 0.000000 0.000000 0.000000 0.000000 0.000000
    129 0.000000 0.000000 0.000000 -0.000515 -0.027085 0.066658
    130 24.192390 8.223393 -12.538366 0.123803 0.508770 0.729577
    131 0.106000 0.000000 -64.320000 0.000000 0.000000 0.000000
    132 0.000000 0.000000 0.000000 0.000000 0.000000 0.000000
    133 0.000000 0.000000 -4.867002 -3.141592 0.000000 -3.128591
    134 0.000000 0.000000 4.867000 -3.141592 0.000000 -3.128591
    135 4.000000 -6.500000 0.000000 0.000000 0.000000 0.000977
    136 -6.500000 0.000000 0.000000 0.000000 1.570796 0.000000
    137 1.000088 -0.000029 0.000000 0.000000 0.000000 0.000000
    138 17.162516 -0.000404 0.000000 0.000000 0.000000 0.119214
    139 9.999891 -0.000303 0.000000 0.000000 0.000000 0.000000
    140 1.000088 -0.000029 0.000000 0.000000 0.000000 0.000000
    141 17.162516 -0.000404 0.000000 0.000000 0.000000 0.119214
    142 9.499836 0.000212 0.000000 0.000000 0.000000 0.000000
    143 0.000000 0.000000 0.000000 0.000000 0.000000 0.000000
    144 17.749374 0.295515 0.000000 0.000000 0.000000 -1.158958
    145 0.017889 0.299792 0.000000 0.000000 0.000000 -0.059582
    146 12.283573 1.581456 -4.696000 1.462269 -0.086726 0.090185
    147 17.749376 0.295515 0.000000 0.000000 0.000000 -1.158958
    148 0.017889 0.299792 0.000000 0.000000 0.000000 -0.059582
    149 13.354000 0.000000 0.000000 0.000000 0.000000 -0.294101
    150 4.530998 0.000000 0.000000 0.000000 0.000000 0.000000
    151 0.000000 0.000000 0.000000 0.000000 0.000000 0.000000
    152 5.413524 0.000347 0.000000 0.000000 0.000000 -0.518055
    153 5.413524 0.000347 0.000000 0.000000 0.000000 -0.518055
    154 4.662002 -5.366333 4.825191 1.569713 1.561305 -3.121213
    155 3.116966 -0.000443 0.000000 0.000000 0.000000 0.294101
    156 4.531197 0.000000 0.000000 0.000000 0.000000 0.000000
    157 7.572968 3.691519 -47.963825 0.259495 -0.458316 -0.758243
    158 -1.614686 0.007810 0.562248 0.000008 0.314056 0.000000
    159 8.037605 3.578234 -48.753335 -1.620163 -0.232193 0.929623
    160 -1.532227 0.000000 1.129883 -0.262470 -0.000006 1.570749
    161 0.000000 -0.001000 0.000000 0.000000 0.000000 0.000000
    162 3.867000 0.000000 0.228000 0.000000 0.000000 0.000000
    163 3.512001 -3.547000 -1.066000 0.000000 1.570796 0.000000
    164 3.456001 -3.517000 1.169000 0.000000 1.570796 0.000000
    165 6.233002 0.000000 0.000000 0.000000 0.000000 0.000000
    166 -0.171997 -0.106000 -0.902000 1.570713 1.029176 -3.134550
    167 6.413877 -6.192494 -0.390637 0.066634 -0.001246 0.027061
    168 -3.106999 0.000000 0.669000 0.000000 0.000000 0.000000
    169 -3.106999 0.000000 0.741000 0.000000 0.000000 0.000000
    170 -3.252000 0.000000 0.540000 0.000000 0.000000 0.000000
    171 3.999434 -0.000528 -0.000332 0.833669 -0.000017 -0.000023
    172 3.999901 0.000038 0.001011 -0.131132 -0.000013 -0.000049
    173 1.598000 0.000000 0.000000 0.000000 0.000000 0.000000
    174 -1.145525 0.000130 0.000668 0.000000 0.000000 0.000000
    175 2.299681 -2.499979 -0.599480 0.892021 0.221512 -0.527234
    176 18.072599 -16.762230 0.102679 -0.896816 0.524087 -0.105208
    177 -9.580679 -27.862110 -37.184673 0.812879 -0.123459 -0.568477
    178 0.649933 -0.548295 0.093651 -1.665913 -0.131399 -0.112062
    179 0.657077 0.008401 0.040371 -1.665945 -0.131407 -0.000013
    180 0.665776 0.747221 -0.029190 -1.665935 -0.131408 0.094976
    181 2.300139 -2.499414 0.600159 -0.891995 -0.221560 -0.527344
    182 12.509592 1.698235 3.564709 1.764030 -0.255070 0.216942
    183 2.762354 0.116951 1.523975 1.629482 0.064153 1.743800
    184 7.228323 7.928203 -3.925652 2.328713 0.123459 -0.568477
    185 0.650394 -0.547730 -0.092979 1.665913 0.131399 -0.112062
    186 0.657069 0.008399 -0.040379 1.665945 0.131407 -0.000013
    187 0.665772 0.747219 0.029182 1.665935 0.131408 0.094976
    188 -4.481003 -0.202000 0.000000 0.000000 0.000000 0.000000
    189 -5.516998 -0.291000 -0.001000 0.000000 0.000000 0.000000
    190 -0.857697 0.104070 0.104687 0.023536 0.163924 0.013632
    191 1.899121 0.000427 -0.000439 0.027386 -0.033311 0.477848
    192 1.799658 -0.000240 0.000231 0.027386 -0.033311 0.477848
    193 1.799658 -0.000240 0.000231 0.027386 -0.033311 0.477848
    194 1.799658 -0.000240 0.000231 0.027386 -0.033311 0.477848
    195 1.900312 -0.000137 -0.000517 0.027386 -0.033311 0.477848
    196 1.899436 -0.000320 -0.000151 -0.027386 0.033311 0.477848
    197 1.799664 -0.000233 -0.000233 -0.027386 0.033311 0.477848
    198 1.799664 -0.000233 -0.000233 -0.027386 0.033311 0.477848
    199 1.799664 -0.000233 -0.000233 -0.027386 0.033311 0.477848
    200 1.900729 0.000549 -0.000072 -0.027386 0.033311 0.477848
    201 0.599884 0.400188 -0.000027 0.000000 0.000000 0.000000
    202 0.599888 0.400187 0.000031 0.000000 0.000000 -3.141592
    203 0.599503 0.400696 0.000234 0.000000 0.000000 0.000000
    204 0.600399 0.399632 -0.000466 0.000000 0.000000 -3.141592
  time 12
    0 0.000000 0.000000 0.000000 0.000000 0.000000 -1.570796
    1 -0.106323 0.000000 -0.000198 0.000000 0.000000 0.000000
    2 0.000000 0.000000 0.000000 0.000000 0.000000 0.000000
    3 -0.904000 0.000000 -11.806000 0.000000 0.000000 0.000000
    4 0.000000 0.000000 -14.313999 0.000000 -1.570796 1.570857
    5 3.533001 0.000000 0.000000 0.000000 0.000000 0.000000
    6 6.250000 0.000000 0.000000 0.000000 0.000000 0.000000
    7 9.889273 1.566479 -1.912769 -0.154521 1.431163 -0.153228
    8 9.568951 1.976648 1.819028 2.788881 -1.078242 -2.820652
    9 5.790726 0.002787 -0.000113 0.288980 0.943745 0.426323
    10 5.999492 -0.000592 -4.000343 0.000000 0.000000 0.000000
    11 5.787410 0.002582 0.004799 0.855176 -0.929656 -1.196772
    12 5.999492 -0.000592 4.000336 0.000000 0.000000 0.000000
    13 0.500225 0.000133 -0.000088 0.096771 0.000000 0.000000
    14 11.534559 0.004255 -0.001312 0.000139 -0.000123 -2.303289
    15 -0.829338 0.893824 0.079659 -0.148839 0.047645 0.087266
    16 0.500225 0.000132 0.000076 -0.084794 -0.000048 0.000000
    17 11.532495 0.000526 -0.000089 -0.000018 0.000038 -0.944540
    18 -0.829586 0.894698 -0.079464 0.045377 -0.019621 0.087266
    19 10.599884 0.000105 -0.000553 1.589405 -0.000012 -0.000072
    20 1.295482 -0.572065 -0.000805 -0.000012 0.000071 1.151611
    21 11.042057 0.003717 0.000798 1.462010 -0.094635 0.992886
    22 -1.214832 0.203470 -0.477489 -0.135025 -0.078677 -0.001289
    23 10.599880 0.000105 0.000549 -0.262393 0.000000 -0.000024
    24 0.143101 -0.282994 0.000801 0.000000 -0.000011 0.472252
    25 11.041742 0.007077 -0.000571 -0.254802 -0.042704 0.256747
    26 -1.063377 0.077663 0.150230 0.045121 0.020046 -0.012850
    27 0.610302 -0.939470 0.070343 -1.654689 0.079695 -0.194204
    28 0.639940 -0.199121 0.060188 -1.665502 0.089509 -0.087432
    29 0.600155 1.080261 -0.339535 -1.747040 0.245298 0.052579
    30 0.610207 0.400743 -0.010101 -1.764366 0.159284 -0.000093
    31 0.634715 -0.690090 -0.232343 0.030144 0.504803 -1.058714
    32 -0.792125 0.203736 0.461300 1.439074 -0.003453 -0.018305
    33 0.610300 -0.939469 -0.070351 1.655337 0.139988 -0.175676
    34 0.639937 -0.199121 -0.060200 1.665952 0.131308 -0.066502
    35 0.600586 1.130859 0.033752 1.738057 -0.020761 0.107329
    36 0.610205 0.400743 0.010086 1.762348 0.061543 0.042962
    37 0.629883 -0.689453 0.230347 -0.750747 -0.567048 -0.967115
    38 -0.626031 -0.069983 -0.080517 -1.447153 0.086151 0.021559
    39 2.625284 -0.006439 -0.001438 -0.108545 0.056329 0.426050
    40 2.660837 0.000397 -0.000071 -0.121563 -0.039398 0.652541
    41 2.206394 0.003368 -0.006769 -0.317558 -0.016626 0.621075
    42 0.599952 0.959240 -0.300102 -0.174544 0.000000 0.000000
    43 2.557190 -0.005873 0.006359 -0.063003 -0.046501 0.636529
    44 2.095024 -0.003873 -0.006100 -0.218798 0.324323 0.619788
    45 0.999380 -0.000236 -1.209370 -0.000001 0.000000 0.000000
    46 -0.122639 -0.721856 0.661690 -0.486644 0.223964 0.243056
    47 2.619141 0.000141 -0.000401 0.055589 0.402473 0.372937
    48 2.658203 0.000781 0.000162 0.351904 0.247667 1.152005
    49 2.199219 0.000516 -0.000122 0.245882 -0.018377 1.177006
    50 0.599951 0.959244 0.300102 0.174544 0.000000 0.000000
    51 2.558594 -0.000149 -0.000031 0.273469 0.149728 1.224778
    52 2.095703 -0.000095 -0.000401 0.482182 -0.410387 0.684474
    53 0.999512 0.000054 1.119141 0.000000 0.000000 0.000001
    54 0.310846 -0.606445 -0.498005 0.308107 -0.197598 0.313976
    55 1.869163 -0.004741 -0.004901 -0.000055 0.000039 1.248164
    56 1.200941 0.399582 -0.000237 -0.009465 0.016087 0.007127
    57 0.000586 0.100342 -0.000319 -0.120035 -0.021926 -0.209617
    58 -0.161663 0.051712 0.194808 -2.941982 0.122408 -0.060194
    59 2.010092 -0.003202 -0.003377 0.000006 0.000096 1.283169
    60 0.000240 0.099802 -0.000395 -0.018823 0.010833 -0.239219
    61 -0.203197 0.048607 0.069150 -3.093332 0.033217 -0.046722
    62 1.180428 -0.006214 0.000780 -0.000014 0.000000 1.114883
    63 -0.000196 0.099625 -0.000034 0.000000 0.000000 -0.314102
    64 -0.088736 -0.688435 -0.145203 2.930407 -0.136130 0.513013
    65 1.715976 -0.003328 0.003818 -0.000013 -0.000009 1.033884
    66 -0.000580 0.100145 -0.000311 -0.010912 0.023131 -0.260841
    67 -0.146030 -0.232426 -0.014225 3.028455 -0.094299 0.113020
    68 1.290632 0.000362 -0.000032 0.000000 0.000000 0.591945
    69 -0.658121 -0.003575 0.072645 -0.142711 0.027792 -0.077299
    70 1.868080 -0.006956 0.006083 0.000015 0.000015 0.210491
    71 1.200079 0.399944 -0.000093 0.009465 -0.016087 0.007127
    72 0.000591 0.100342 0.000319 0.120035 0.021926 -0.209617
    73 0.068077 0.002285 -0.080050 3.111376 -0.069366 -0.060847
    74 2.007813 -0.000883 -0.000381 -0.000044 0.000040 1.464654
    75 0.000229 0.099802 0.000395 0.018823 -0.010833 -0.239219
    76 -0.018673 -0.001009 0.047544 3.109244 0.002635 -0.106673
    77 1.178665 0.001595 0.000845 -0.000022 -0.000053 0.807088
    78 -0.000198 0.099628 0.000034 0.000000 0.000000 -0.314102
    79 0.036892 -0.634449 0.266284 -2.801062 0.174301 0.490914
    80 1.707031 0.000723 0.000200 -0.000035 -0.000050 1.238445
    81 -0.000576 0.100136 0.000311 0.010912 -0.023131 -0.260841
    82 -0.003952 -0.281811 0.115047 -3.059162 0.089004 0.167964
    83 1.290039 0.000364 -0.000046 -0.000058 0.000014 0.465379
    84 -0.171528 -0.018148 -0.099873 0.013484 -0.062184 -0.011780
    85 0.912716 0.007240 0.001326 0.000042 0.000069 1.178399
    86 -0.342617 0.053404 -0.025571 -2.909301 -0.017248 0.075276
    87 1.100231 -0.000930 -0.002434 0.000009 0.000014 1.127626
    88 -0.384983 0.330998 0.006848 -3.087207 -0.018765 -0.184279
    89 0.678146 0.006192 0.000002 0.000030 -0.000043 1.036584
    90 -0.123848 0.072737 0.029507 2.898184 -0.060627 0.094834
    91 1.017166 -0.000154 -0.000252 -0.000023 -0.000014 1.268040
    92 -0.344986 0.123129 0.143151 2.994981 0.012396 0.059140
    93 -0.730988 0.177046 0.039141 -0.123731 0.076518 -0.084310
    94 0.925900 0.001298 -0.000896 -0.000038 -0.000011 -0.161978
    95 -0.124027 -0.052092 0.038496 3.077813 -0.008519 0.039229
    96 1.098633 0.000008 0.000469 0.000000 0.000000 0.904169
    97 -0.330082 0.160641 0.042780 3.128073 0.034033 -0.171236
    98 0.678711 -0.000813 0.000175 0.000000 0.000000 0.937064
    99 -0.019516 -0.016531 0.038578 -2.763781 0.050305 0.076828
    100 1.014985 0.001206 0.001121 0.000066 -0.000029 0.984570
    101 -0.155312 0.130643 -0.021921 -3.022466 0.022433 -0.024903
    102 -0.252209 0.061937 -0.024914 -0.007671 -0.063171 -0.044392
    103 -0.085991 0.185203 -0.015180 -2.937063 -0.113970 -0.138991
    104 -0.286537 0.179852 0.024264 -3.109353 -0.049645 -0.029915
    105 -0.019489 0.147084 0.079203 2.893815 0.038585 -0.060594
    106 -0.046482 0.251898 0.129548 3.016165 0.077112 -0.042864
    107 0.039120 -0.040298 0.047739 3.084219 0.030470 -0.037414
    108 -0.233757 0.066630 0.001754 -3.133086 0.040141 -0.065413
    109 0.044266 0.020128 0.001684 -2.778763 -0.118872 -0.040488
    110 0.071495 0.074127 -0.048302 -3.035917 -0.059482 0.104366
    111 2.875088 -17.406781 -17.992737 0.118537 0.504669 -0.893850
    112 -5.281411 1.140660 -5.937681 0.602125 -0.324070 -1.153183
    113 -1.142999 -0.001000 0.273999 -1.006101 -0.000004 1.570789
    114 -0.943998 0.000000 1.776996 0.000000 0.000000 0.000000
    115 2.039996 -0.296999 1.310997 0.000000 0.000000 -1.570817
    116 -0.653999 0.000000 -1.549997 0.000000 0.000000 0.000000
    117 4.078125 0.000000 -0.139893 0.000000 0.000000 0.000000
    118 1.636719 0.000000 -0.501953 0.000000 0.000000 0.000000
    119 2.437500 0.000000 0.764160 0.000000 0.000000 0.000000
    120 -0.898998 0.000000 -1.088998 0.000000 0.000000 0.000000
    121 2.025996 -0.001000 0.680999 0.000000 0.000000 1.570816
    122 0.000000 0.000000 0.000000 0.000000 0.000000 -1.570816
    123 0.711998 0.439999 -0.805998 0.000000 0.000000 1.570815
    124 -1.474998 0.000000 0.073000 0.000000 0.000000 1.570816
    125 1.889997 0.409999 0.284999 1.570922 0.000000 0.000000
    126 0.000000 0.000000 0.000000 0.000000 0.000000 0.000000
    127 -0.106000 0.000000 64.320000 0.000000 0.000000 0.000000
    128 0.000000 0.000000 0.000000 0.000000 0.000000 0.000000
    129 0.000000 0.000000 0.000000 0.011577 -0.022088 0.061301
    130 24.297862 7.860101 -12.354767 0.118486 0.504745 0.676821
    131 0.106000 0.000000 -64.320000 0.000000 0.000000 0.000000
    132 0.000000 0.000000 0.000000 0.000000 0.000000 0.000000
    133 0.000000 0.000000 -4.867002 -3.141592 0.000000 -3.128591
    134 0.000000 0.000000 4.867000 -3.141592 0.000000 -3.128591
    135 4.000000 -6.500000 0.000000 0.000000 0.000000 0.000977
    136 -6.500000 0.000000 0.000000 0.000000 1.570796 0.000000
    137 1.000088 -0.000029 0.000000 0.000000 0.000000 0.000000
    138 17.162516 -0.000404 0.000000 0.000000 0.000000 0.119214
    139 9.999891 -0.000303 0.000000 0.000000 0.000000 0.000000
    140 1.000088 -0.000029 0.000000 0.000000 0.000000 0.000000
    141 17.162516 -0.000404 0.000000 0.000000 0.000000 0.119214
    142 9.499836 0.000212 0.000000 0.000000 0.000000 0.000000
    143 0.000000 0.000000 0.000000 0.000000 0.000000 0.000000
    144 17.749374 0.295515 0.000000 0.000000 0.000000 -1.158958
    145 0.017889 0.299792 0.000000 0.000000 0.000000 -0.059582
    146 12.283573 1.581456 -4.696000 1.462269 -0.086726 0.090185
    147 17.749376 0.295515 0.000000 0.000000 0.000000 -1.158958
    148 0.017889 0.299792 0.000000 0.000000 0.000000 -0.059582
    149 13.354000 0.000000 0.000000 0.000000 0.000000 -0.294101
    150 4.530998 0.000000 0.000000 0.000000 0.000000 0.000000
    151 0.000000 0.000000 0.000000 0.000000 0.000000 0.000000
    152 5.413524 0.000347 0.000000 0.000000 0.000000 -0.518055
    153 5.413524 0.000347 0.000000 0.000000 0.000000 -0.518055
    154 4.662002 -5.366333 4.825191 1.569713 1.561305 -3.121213
    155 3.116966 -0.000443 0.000000 0.000000 0.000000 0.294101
    156 4.531197 0.000000 0.000000 0.000000 0.000000 0.000000
    157 7.194050 3.011811 -48.147424 0.235526 -0.464884 -0.703528
    158 -1.614686 0.003904 0.562248 0.000008 0.314056 0.000000
    159 7.654780 2.902432 -48.944747 -1.624365 -0.210106 0.974531
    160 -1.532227 0.000000 1.129883 -0.262470 -0.000006 1.570749
    161 0.000000 -0.001000 0.000000 0.000000 0.000000 0.000000
    162 3.867000 0.000000 0.228000 0.000000 0.000000 0.000000
    163 3.512001 -3.547000 -1.066000 0.000000 1.570796 0.000000
    164 3.456001 -3.517000 1.169000 0.000000 1.570796 0.000000
    165 6.233002 0.000000 0.000000 0.000000 0.000000 0.000000
    166 -0.171997 -0.106000 -0.902000 1.570713 1.029176 -3.134550
    167 6.382626 -6.231558 -0.296884 0.061289 -0.012907 0.021333
    168 -3.106999 0.000000 0.669000 0.000000 0.000000 0.000000
    169 -3.106999 0.000000 0.741000 0.000000 0.000000 0.000000
    170 -3.252000 0.000000 0.540000 0.000000 0.000000 0.000000
    171 3.999434 -0.000528 -0.000332 0.794740 -0.000017 -0.000011
    172 3.999901 0.000038 0.001011 -0.131583 -0.000013 -0.000025
    173 1.598000 0.000000 0.000000 0.000000 0.000000 0.000000
    174 -1.145525 0.000130 0.000668 0.000000 0.000000 0.000000
    175 2.299681 -2.499979 -0.599480 0.892021 0.221512 -0.527234
    176 18.224947 -15.562975 0.020645 -0.669615 0.325816 -0.004762
    177 -9.580679 -27.862110 -37.184673 0.812879 -0.123459 -0.568477
    178 0.649933 -0.548295 0.093651 -1.665913 -0.131399 -0.112062
    179 0.657077 0.008401 0.040371 -1.665945 -0.131407 -0.000013
    180 0.665776 0.747221 -0.029190 -1.665935 -0.131408 0.094976
    181 2.300139 -2.499414 0.600159 -0.891995 -0.221560 -0.527344
    182 12.509592 1.698235 3.564709 1.764030 -0.255070 0.216942
    183 2.762354 0.116951 1.523975 1.629482 0.064153 1.743800
    184 7.228323 7.928203 -3.925652 2.328713 0.123459 -0.568477
    185 0.650394 -0.547730 -0.092979 1.665913 0.131399 -0.112062
    186 0.657069 0.008399 -0.040379 1.665945 0.131407 -0.000013
    187 0.665772 0.747219 0.029182 1.665935 0.131408 0.094976
    188 -4.481003 -0.202000 0.000000 0.000000 0.000000 0.000000
    189 -5.516998 -0.291000 -0.001000 0.000000 0.000000 0.000000
    190 -0.857697 0.104070 0.104687 0.023536 0.163924 0.013632
    191 1.899121 0.000427 -0.000439 0.027386 -0.033311 0.477848
    192 1.799658 -0.000240 0.000231 0.027386 -0.033311 0.477848
    193 1.799658 -0.000240 0.000231 0.027386 -0.033311 0.477848
    194 1.799658 -0.000240 0.000231 0.027386 -0.033311 0.477848
    195 1.900312 -0.000137 -0.000517 0.027386 -0.033311 0.477848
    196 1.899436 -0.000320 -0.000151 -0.027386 0.033311 0.477848
    197 1.799664 -0.000233 -0.000233 -0.027386 0.033311 0.477848
    198 1.799664 -0.000233 -0.000233 -0.027386 0.033311 0.477848
    199 1.799664 -0.000233 -0.000233 -0.027386 0.033311 0.477848
    200 1.900729 0.000549 -0.000072 -0.027386 0.033311 0.477848
    201 0.599884 0.400188 -0.000027 0.000000 0.000000 0.000000
    202 0.599888 0.400187 0.000031 0.000000 0.000000 -3.141592
    203 0.599503 0.400696 0.000234 0.000000 0.000000 0.000000
    204 0.600399 0.399632 -0.000466 0.000000 0.000000 -3.141592
  time 13
    0 0.000000 0.000000 0.000000 0.000000 0.000000 -1.570796
    1 -0.106323 0.000000 -0.000198 0.000000 0.000000 0.000000
    2 0.000000 0.000000 0.000000 0.000000 0.000000 0.000000
    3 -0.904000 0.000000 -11.806000 0.000000 0.000000 0.000000
    4 0.000000 0.000000 -14.313999 0.000000 -1.570796 1.570857
    5 3.533001 0.000000 0.000000 0.000000 0.000000 0.000000
    6 6.250000 0.000000 0.000000 0.000000 0.000000 0.000000
    7 9.889273 1.566479 -1.912769 -0.154783 1.431399 -0.153576
    8 9.568951 1.976648 1.819028 2.762333 -1.077205 -2.799300
    9 5.790726 0.002787 -0.000113 0.240888 1.010000 0.298345
    10 5.999492 -0.000592 -4.000343 0.000000 0.000000 0.000000
    11 5.787410 0.002582 0.000893 0.838533 -0.950312 -1.169901
    12 5.999492 -0.000592 4.000336 0.000000 0.000000 0.000000
    13 0.500225 0.000133 -0.000088 0.067678 0.000000 0.000000
    14 11.534559 0.004255 -0.001312 0.000067 0.000033 -2.266984
    15 -0.829338 0.893824 0.079659 -0.148839 0.047645 0.087266
    16 0.500225 0.000132 0.000076 -0.081301 -0.000036 0.000000
    17 11.536401 0.004432 -0.000089 -0.000018 -0.000094 -1.023404
    18 -0.829586 0.894698 -0.079464 0.045377 -0.019621 0.087266
    19 10.599884 0.000105 -0.000553 1.511537 0.000000 -0.000084
    20 1.229074 -0.579878 -0.000805 0.000036 0.000047 1.133450
    21 11.042057 -0.000189 0.004704 1.258904 -0.067780 1.183620
    22 -1.214832 0.203470 -0.477489 -0.135025 -0.078677 -0.001289
    23 10.599880 0.000105 0.000549 -0.262711 0.000000 0.000000
    24 0.158727 -0.282994 0.000801 0.000000 -0.000011 0.513254
    25 11.041742 0.007077 -0.000571 -0.251407 0.008514 0.290016
    26 -1.063377 0.077663 0.150230 0.045121 0.020046 -0.012850
    27 0.610302 -0.939470 0.070343 -1.654588 0.062893 -0.192742
    28 0.639940 -0.199121 0.060188 -1.665451 0.073245 -0.085874
    29 0.600155 1.080261 -0.339535 -1.747411 0.230712 0.049799
    30 0.610207 0.400743 -0.010101 -1.763882 0.144352 0.002915
    31 0.634715 -0.690090 -0.236250 0.035174 0.407760 -1.019446
    32 -0.792125 0.203736 0.461300 1.439074 -0.003453 -0.018305
    33 0.610300 -0.939469 -0.070351 1.655337 0.139988 -0.175676
    34 0.639937 -0.199121 -0.060200 1.665952 0.131308 -0.066502
    35 0.600586 1.130859 0.033752 1.738057 -0.020761 0.107329
    36 0.610205 0.400743 0.010086 1.762348 0.061543 0.042962
    37 0.629883 -0.689453 0.230347 -0.750747 -0.567048 -0.967115
    38 -0.626031 -0.069983 -0.080517 -1.447153 0.086151 0.021559
    39 2.621377 -0.002532 -0.001438 -0.170063 0.007873 0.516152
    40 2.664743 0.000397 -0.000071 -0.153432 -0.040381 0.734655
    41 2.206394 0.003368 -0.006769 -0.293829 -0.001060 0.684167
    42 0.599952 0.959240 -0.300102 -0.174544 0.000000 0.000000
    43 2.553283 -0.001967 0.006359 -0.059618 -0.033738 0.716736
    44 2.095024 -0.003873 -0.002193 -0.219841 0.322884 0.616471
    45 0.999380 -0.000236 -1.193744 -0.000001 0.000000 0.000000
    46 -0.122639 -0.721856 0.661690 -0.486644 0.223964 0.243056
    47 2.619141 0.000141 -0.000401 0.055589 0.402473 0.372937
    48 2.658203 0.000781 0.000162 0.351904 0.247667 1.152005
    49 2.199219 0.000516 -0.000122 0.245882 -0.018377 1.177006
    50 0.599951 0.959244 0.300102 0.174544 0.000000 0.000000
    51 2.558594 -0.000149 -0.000031 0.273469 0.149728 1.224778
    52 2.095703 -0.000095 -0.000401 0.482182 -0.410387 0.684474
    53 0.999512 0.000054 1.119141 0.000000 0.000000 0.000001
    54 0.310846 -0.606445 -0.498005 0.308107 -0.197598 0.313976
    55 1.873069 -0.004741 -0.000994 0.000041 -0.000020 1.180824
    56 1.200941 0.399582 -0.000237 -0.009465 0.016087 0.007127
    57 0.000586 0.100342 -0.000319 -0.120035 -0.021926 -0.209617
    58 -0.161663 0.051712 0.194808 -2.941982 0.122408 -0.060194
    59 2.010092 -0.003202 -0.007284 0.000054 0.000060 1.253217
    60 0.000240 0.099802 -0.000395 -0.018823 0.010833 -0.239219
    61 -0.203197 0.048607 0.069150 -3.093332 0.033217 -0.046722
    62 1.180428 -0.006214 0.000780 -0.000014 0.000000 1.054091
    63 -0.000196 0.099625 -0.000034 0.000000 0.000000 -0.314102
    64 -0.088736 -0.688435 -0.145203 2.930407 -0.136130 0.513013
    65 1.715976 -0.003328 0.003818 -0.000037 0.000015 1.012456
    66 -0.000580 0.100145 -0.000311 -0.010912 0.023131 -0.260841
    67 -0.146030 -0.232426 -0.014225 3.028455 -0.094299 0.113020
    68 1.290632 0.000362 -0.000032 0.000000 -0.000036 0.502493
    69 -0.658121 -0.003575 0.072645 -0.142711 0.027792 -0.077299
    70 1.868080 -0.003049 0.006083 0.000015 0.000015 0.210518
    71 1.200079 0.399944 -0.000093 0.009465 -0.016087 0.007127
    72 0.000591 0.100342 0.000319 0.120035 0.021926 -0.209617
    73 0.068077 0.002285 -0.080050 3.111376 -0.069366 -0.060847
    74 2.007813 -0.000883 -0.000381 -0.000044 0.000040 1.464654
    75 0.000229 0.099802 0.000395 0.018823 -0.010833 -0.239219
    76 -0.018673 -0.001009 0.047544 3.109244 0.002635 -0.106673
    77 1.178665 0.001595 0.000845 -0.000022 -0.000053 0.807088
    78 -0.000198 0.099628 0.000034 0.000000 0.000000 -0.314102
    79 0.036892 -0.634449 0.266284 -2.801062 0.174301 0.490914
    80 1.707031 0.000723 0.000200 -0.000035 -0.000050 1.238445
    81 -0.000576 0.100136 0.000311 0.010912 -0.023131 -0.260841
    82 -0.003952 -0.281811 0.115047 -3.059162 0.089004 0.167964
    83 1.290039 0.000364 -0.000046 -0.000058 0.000014 0.465379
    84 -0.171528 -0.018148 -0.099873 0.013484 -0.062184 -0.011780
    85 0.916622 0.007240 0.001326 0.000019 0.000021 1.157365
    86 -0.342617 0.053404 -0.025571 -2.909301 -0.017248 0.075276
    87 1.100231 -0.000930 -0.002434 -0.000051 0.000050 1.035722
    88 -0.384983 0.330998 0.006848 -3.087207 -0.018765 -0.184279
    89 0.678146 0.006192 0.000002 0.000006 0.000041 0.960703
    90 -0.123848 0.072737 0.029507 2.898184 -0.060627 0.094834
    91 1.017166 -0.000154 -0.000252 0.000013 0.000034 1.186372
    92 -0.344986 0.123129 0.143151 2.994981 0.012396 0.059140
    93 -0.730988 0.177046 0.039141 -0.123731 0.076518 -0.084310
    94 0.925900 0.001298 -0.000896 -0.000038 -0.000011 -0.162292
    95 -0.124027 -0.052092 0.038496 3.077813 -0.008519 0.039229
    96 1.098633 0.000008 0.000469 0.000000 0.000000 0.904169
    97 -0.330082 0.160641 0.042780 3.128073 0.034033 -0.171236
    98 0.678711 -0.000813 0.000175 0.000000 0.000000 0.937064
    99 -0.019516 -0.016531 0.038578 -2.763781 0.050305 0.076828
    100 1.014985 0.001206 0.001121 0.000054 -0.000029 0.984570
    101 -0.155312 0.130643 -0.021921 -3.022466 0.022433 -0.024903
    102 -0.252209 0.061937 -0.024914 -0.007671 -0.063171 -0.044392
    103 -0.085991 0.185203 -0.015180 -2.937063 -0.113970 -0.138991
    104 -0.286537 0.179852 0.024264 -3.109353 -0.049645 -0.029915
    105 -0.019489 0.147084 0.079203 2.893815 0.038585 -0.060594
    106 -0.046482 0.251898 0.129548 3.016165 0.077112 -0.042864
    107 0.039120 -0.040298 0.047739 3.084219 0.030470 -0.037414
    108 -0.233757 0.066630 0.001754 -3.133086 0.040141 -0.065413
    109 0.044266 0.020128 0.001684 -2.778763 -0.118872 -0.040488
    110 0.071495 0.074127 -0.048302 -3.035917 -0.059482 0.104366
    111 2.781335 -17.234901 -17.574755 0.106578 0.493153 -0.941843
    112 -4.566546 1.828181 -5.800958 0.594380 -0.338022 -1.192907
    113 -1.142999 -0.001000 0.273999 -1.006101 -0.000004 1.570789
    114 -0.943998 0.000000 1.776996 0.000000 0.000000 0.000000
    115 2.039996 -0.296999 1.310997 0.000000 0.000000 -1.570817
    116 -0.653999 0.000000 -1.549997 0.000000 0.000000 0.000000
    117 4.078125 0.000000 -0.139893 0.000000 0.000000 0.000000
    118 1.636719 0.000000 -0.501953 0.000000 0.000000 0.000000
    119 2.437500 0.000000 0.764160 0.000000 0.000000 0.000000
    120 -0.898998 0.000000 -1.088998 0.000000 0.000000 0.000000
    121 2.025996 -0.001000 0.680999 0.000000 0.000000 1.570816
    122 0.000000 0.000000 0.000000 0.000000 0.000000 -1.570816
    123 0.711998 0.439999 -0.805998 0.000000 0.000000 1.570815
    124 -1.474998 0.000000 0.073000 0.000000 0.000000 1.570816
    125 1.889997 0.409999 0.284999 1.570922 0.000000 0.000000
    126 0.000000 0.000000 0.000000 0.000000 0.000000 0.000000
    127 -0.106000 0.000000 64.320000 0.000000 0.000000 0.000000
    128 0.000000 0.000000 0.000000 0.000000 0.000000 0.000000
    129 0.000000 0.000000 0.000000 0.023694 -0.017006 0.056016
    130 24.426772 7.504621 -11.846939 0.106568 0.493088 0.628827
    131 0.106000 0.000000 -64.320000 0.000000 0.000000 0.000000
    132 0.000000 0.000000 0.000000 0.000000 0.000000 0.000000
    133 0.000000 0.000000 -4.867002 -3.141592 0.000000 -3.128591
    134 0.000000 0.000000 4.867000 -3.141592 0.000000 -3.128591
    135 4.000000 -6.500000 0.000000 0.000000 0.000000 0.000977
    136 -6.500000 0.000000 0.000000 0.000000 1.570796 0.000000
    137 1.000088 -0.000029 0.000000 0.000000 0.000000 0.000000
    138 17.162516 -0.000404 0.000000 0.000000 0.000000 0.119214
    139 9.999891 -0.000303 0.000000 0.000000 0.000000 0.000000
    140 1.000088 -0.000029 0.000000 0.000000 0.000000 0.000000
    141 17.162516 -0.000404 0.000000 0.000000 0.000000 0.119214
    142 9.499836 0.000212 0.000000 0.000000 0.000000 0.000000
    143 0.000000 0.000000 0.000000 0.000000 0.000000 0.000000
    144 17.749374 0.295515 0.000000 0.000000 0.000000 -1.158958
    145 0.017889 0.299792 0.000000 0.000000 0.000000 -0.059582
    146 12.283573 1.581456 -4.696000 1.462269 -0.086726 0.090185
    147 17.749376 0.295515 0.000000 0.000000 0.000000 -1.158958
    148 0.017889 0.299792 0.000000 0.000000 0.000000 -0.059582
    149 13.354000 0.000000 0.000000 0.000000 0.000000 -0.294101
    150 4.530998 0.000000 0.000000 0.000000 0.000000 0.000000
    151 0.000000 0.000000 0.000000 0.000000 0.000000 0.000000
    152 5.413524 0.000347 0.000000 0.000000 0.000000 -0.518055
    153 5.413524 0.000347 0.000000 0.000000 0.000000 -0.518055
    154 4.662002 -5.366333 4.825191 1.569713 1.561305 -3.121213
    155 3.116966 -0.000443 0.000000 0.000000 0.000000 0.294101
    156 4.531197 0.000000 0.000000 0.000000 0.000000 0.000000
    157 6.654971 2.804773 -48.600563 0.214518 -0.459119 -0.652234
    158 -1.614686 0.003904 0.562248 0.000008 0.314056 0.000000
    159 7.107889 2.711020 -49.401792 -1.616374 -0.192035 1.014722
    160 -1.532227 0.000000 1.129883 -0.262470 -0.000006 1.570749
    161 0.000000 -0.001000 0.000000 0.000000 0.000000 0.000000
    162 3.867000 0.000000 0.228000 0.000000 0.000000 0.000000
    163 3.512001 -3.547000 -1.066000 0.000000 1.570796 0.000000
    164 3.456001 -3.517000 1.169000 0.000000 1.570796 0.000000
    165 6.233002 0.000000 0.000000 0.000000 0.000000 0.000000
    166 -0.171997 -0.106000 -0.902000 1.570713 1.029176 -3.134550
    167 6.351375 -6.262809 -0.207038 0.056028 -0.024604 0.015676
    168 -3.106999 0.000000 0.669000 0.000000 0.000000 0.000000
    169 -3.106999 0.000000 0.741000 0.000000 0.000000 0.000000
    170 -3.252000 0.000000 0.540000 0.000000 0.000000 0.000000
    171 3.999434 -0.000528 -0.000332 0.755765 -0.000017 -0.000023
    172 3.999901 0.000038 0.001011 -0.132034 -0.000013 -0.000013
    173 1.598000 0.000000 0.000000 0.000000 0.000000 0.000000
    174 -1.145525 0.000130 0.000668 0.000000 0.000000 0.000000
    175 2.299681 -2.499979 -0.599480 0.892021 0.221512 -0.527234
    176 18.603865 -13.594165 0.032364 -0.454159 0.121711 0.080994
    177 -9.580679 -27.862110 -37.184673 0.812879 -0.123459 -0.568477
    178 0.649933 -0.548295 0.093651 -1.665913 -0.131399 -0.112062
    179 0.657077 0.008401 0.040371 -1.665945 -0.131407 -0.000013
    180 0.665776 0.747221 -0.029190 -1.665935 -0.131408 0.094976
    181 2.300139 -2.499414 0.600159 -0.891995 -0.221560 -0.527344
    182 12.509592 1.698235 3.564709 1.764030 -0.255070 0.216942
    183 2.762354 0.116951 1.523975 1.629482 0.064153 1.743800
    184 7.228323 7.928203 -3.925652 2.328713 0.123459 -0.568477
    185 0.650394 -0.547730 -0.092979 1.665913 0.131399 -0.112062
    186 0.657069 0.008399 -0.040379 1.665945 0.131407 -0.000013
    187 0.665772 0.747219 0.029182 1.665935 0.131408 0.094976
    188 -4.481003 -0.202000 0.000000 0.000000 0.000000 0.000000
    189 -5.516998 -0.291000 -0.001000 0.000000 0.000000 0.000000
    190 -0.857697 0.104070 0.104687 0.023536 0.163924 0.013632
    191 1.899121 0.000427 -0.000439 0.027386 -0.033311 0.477848
    192 1.799658 -0.000240 0.000231 0.027386 -0.033311 0.477848
    193 1.799658 -0.000240 0.000231 0.027386 -0.033311 0.477848
    194 1.799658 -0.000240 0.000231 0.027386 -0.033311 0.477848
    195 1.900312 -0.000137 -0.000517 0.027386 -0.033311 0.477848
    196 1.899436 -0.000320 -0.000151 -0.027386 0.033311 0.477848
    197 1.799664 -0.000233 -0.000233 -0.027386 0.033311 0.477848
    198 1.799664 -0.000233 -0.000233 -0.027386 0.033311 0.477848
    199 1.799664 -0.000233 -0.000233 -0.027386 0.033311 0.477848
    200 1.900729 0.000549 -0.000072 -0.027386 0.033311 0.477848
    201 0.599884 0.400188 -0.000027 0.000000 0.000000 0.000000
    202 0.599888 0.400187 0.000031 0.000000 0.000000 -3.141592
    203 0.599503 0.400696 0.000234 0.000000 0.000000 0.000000
    204 0.600399 0.399632 -0.000466 0.000000 0.000000 -3.141592
  time 14
    0 0.000000 0.000000 0.000000 0.000000 0.000000 -1.570796
    1 -0.106323 0.000000 -0.000198 0.000000 0.000000 0.000000
    2 0.000000 0.000000 0.000000 0.000000 0.000000 0.000000
    3 -0.904000 0.000000 -11.806000 0.000000 0.000000 0.000000
    4 0.000000 0.000000 -14.313999 0.000000 -1.570796 1.570857
    5 3.533001 0.000000 0.000000 0.000000 0.000000 0.000000
    6 6.250000 0.000000 0.000000 0.000000 0.000000 0.000000
    7 9.885367 1.574292 -1.912769 -0.155046 1.431635 -0.153750
    8 9.568951 1.976648 1.819028 2.742054 -1.079606 -2.782028
    9 5.790726 0.002787 -0.000113 0.158315 1.074468 0.135289
    10 5.999492 -0.000592 -4.000343 0.000000 0.000000 0.000000
    11 5.787410 0.002582 0.004799 0.819196 -0.962354 -1.145197
    12 5.999492 -0.000592 4.000336 0.000000 0.000000 0.000000
    13 0.500225 0.000133 -0.000088 0.041542 0.000048 0.000000
    14 11.534559 0.004255 -0.001312 0.000007 -0.000075 -2.216224
    15 -0.829338 0.893824 0.079659 -0.148839 0.047645 0.087266
    16 0.500225 0.000132 0.000076 -0.077834 -0.000024 0.000000
    17 11.532495 0.004432 -0.000089 0.000006 -0.000082 -1.108951
    18 -0.829586 0.894698 -0.079464 0.045377 -0.019621 0.087266
    19 10.599884 0.000105 -0.000553 1.419143 0.000000 0.000000
    20 1.166572 -0.591597 -0.000805 0.000036 0.000047 1.108055
    21 11.042057 -0.000189 0.000798 1.038757 0.004734 1.316410
    22 -1.214832 0.203470 -0.477489 -0.135025 -0.078677 -0.001289
    23 10.599880 0.000105 0.000549 -0.263074 0.000000 0.000000
    24 0.201697 -0.306432 0.000801 0.000000 -0.000011 0.554224
    25 11.041742 0.003171 -0.000571 -0.248681 0.053338 0.330122
    26 -1.063377 0.077663 0.150230 0.045121 0.020046 -0.012850
    27 0.610302 -0.939470 0.070343 -1.654537 0.046114 -0.191292
    28 0.639940 -0.199121 0.060188 -1.665350 0.056982 -0.084328
    29 0.600155 1.080261 -0.339535 -1.747730 0.216139 0.047043
    30 0.610207 0.400743 -0.010101 -1.763397 0.129431 0.005912
    31 0.630809 -0.693997 -0.236250 0.040266 0.308254 -0.979609
    32 -0.792125 0.203736 0.461300 1.439074 -0.003453 -0.018305
    33 0.610300 -0.939469 -0.070351 1.655337 0.139988 -0.175676
    34 0.639937 -0.199121 -0.060200 1.665952 0.131308 -0.066502
    35 0.600586 1.130859 0.033752 1.738057 -0.020761 0.107329
    36 0.610205 0.400743 0.010086 1.762348 0.061543 0.042962
    37 0.629883 -0.689453 0.230347 -0.750747 -0.567048 -0.967115
    38 -0.626031 -0.069983 -0.080517 -1.447153 0.086151 0.021559
    39 2.621377 -0.006439 -0.001438 -0.229138 -0.041747 0.602572
    40 2.660837 0.000397 -0.000071 -0.185081 -0.041747 0.812534
    41 2.206394 0.003368 -0.006769 -0.269152 0.012976 0.747638
    42 0.599952 0.959240 -0.300102 -0.174544 0.000000 0.000000
    43 2.557190 -0.001967 0.006359 -0.055821 -0.021621 0.792410
    44 2.095024 -0.003873 -0.002193 -0.220859 0.321466 0.613133
    45 0.999380 -0.000236 -1.170306 -0.000001 0.000000 0.000000
    46 -0.122639 -0.721856 0.661690 -0.486644 0.223964 0.243056
    47 2.619141 0.000141 -0.000401 0.055589 0.402473 0.372937
    48 2.658203 0.000781 0.000162 0.351904 0.247667 1.152005
    49 2.199219 0.000516 -0.000122 0.245882 -0.018377 1.177006
    50 0.599951 0.959244 0.300102 0.174544 0.000000 0.000000
    51 2.558594 -0.000149 -0.000031 0.273469 0.149728 1.224778
    52 2.095703 -0.000095 -0.000401 0.482182 -0.410387 0.684474
    53 0.999512 0.000054 1.119141 0.000000 0.000000 0.000001
    54 0.310846 -0.606445 -0.498005 0.308107 -0.197598 0.313976
    55 1.869163 -0.004741 -0.004901 -0.000043 -0.000032 1.107009
    56 1.200941 0.399582 -0.000237 -0.009465 0.016087 0.007127
    57 0.000586 0.100342 -0.000319 -0.120035 -0.021926 -0.209617
    58 -0.161663 0.051712 0.194808 -2.941982 0.122408 -0.060194
    59 2.010092 -0.007109 -0.007284 0.000054 0.000060 1.218927
    60 0.000240 0.099802 -0.000395 -0.018823 0.010833 -0.239219
    61 -0.203197 0.048607 0.069150 -3.093332 0.033217 -0.046722
    62 1.180428 -0.006214 0.000780 -0.000014 0.000000 0.987975
    63 -0.000196 0.099625 -0.000034 0.000000 0.000000 -0.314102
    64 -0.088736 -0.688435 -0.145203 2.930407 -0.136130 0.513013
    65 1.712069 0.000578 0.003818 0.000035 0.000003 0.986185
    66 -0.000580 0.100145 -0.000311 -0.010912 0.023131 -0.260841
    67 -0.146030 -0.232426 -0.014225 3.028455 -0.094299 0.113020
    68 1.290632 0.000362 -0.000032 0.000000 0.000000 0.406480
    69 -0.658121 -0.003575 0.072645 -0.142711 0.027792 -0.077299
    70 1.868080 -0.003049 0.002176 0.000003 0.000015 0.210491
    71 1.200079 0.399944 -0.000093 0.009465 -0.016087 0.007127
    72 0.000591 0.100342 0.000319 0.120035 0.021926 -0.209617
    73 0.068077 0.002285 -0.080050 3.111376 -0.069366 -0.060847
    74 2.007813 -0.000883 -0.000381 -0.000044 0.000040 1.464654
    75 0.000229 0.099802 0.000395 0.018823 -0.010833 -0.239219
    76 -0.018673 -0.001009 0.047544 3.109244 0.002635 -0.106673
    77 1.178665 0.001595 0.000845 -0.000022 -0.000053 0.807088
    78 -0.000198 0.099628 0.000034 0.000000 0.000000 -0.314102
    79 0.036892 -0.634449 0.266284 -2.801062 0.174301 0.490914
    80 1.707031 0.000723 0.000200 -0.000035 -0.000050 1.238445
    81 -0.000576 0.100136 0.000311 0.010912 -0.023131 -0.260841
    82 -0.003952 -0.281811 0.115047 -3.059162 0.089004 0.167964
    83 1.290039 0.000364 -0.000046 -0.000058 0.000014 0.465379
    84 -0.171528 -0.018148 -0.099873 0.013484 -0.062184 -0.011780
    85 0.912716 0.007240 0.001326 0.000019 0.000021 1.132155
    86 -0.342617 0.053404 -0.025571 -2.909301 -0.017248 0.075276
    87 1.100231 -0.000930 -0.002434 0.000033 0.000074 0.936593
    88 -0.384983 0.330998 0.006848 -3.087207 -0.018765 -0.184279
    89 0.678146 0.002286 0.000002 0.000030 0.000029 0.877469
    90 -0.123848 0.072737 0.029507 2.898184 -0.060627 0.094834
    91 1.017166 -0.000154 -0.000252 0.000001 -0.000098 1.098116
    92 -0.344986 0.123129 0.143151 2.994981 0.012396 0.059140
    93 -0.730988 0.177046 0.039141 -0.123731 0.076518 -0.084310
    94 0.925900 0.001298 -0.000896 -0.000038 -0.000011 -0.162578
    95 -0.124027 -0.052092 0.038496 3.077813 -0.008519 0.039229
    96 1.098633 0.000008 0.000469 0.000000 0.000000 0.904169
    97 -0.330082 0.160641 0.042780 3.128073 0.034033 -0.171236
    98 0.678711 -0.000813 0.000175 0.000000 0.000000 0.937064
    99 -0.019516 -0.016531 0.038578 -2.763781 0.050305 0.076828
    100 1.014985 0.001206 0.001121 0.000054 -0.000029 0.984570
    101 -0.155312 0.130643 -0.021921 -3.022466 0.022433 -0.024903
    102 -0.252209 0.061937 -0.024914 -0.007671 -0.063171 -0.044392
    103 -0.085991 0.185203 -0.015180 -2.937063 -0.113970 -0.138991
    104 -0.286537 0.179852 0.024264 -3.109353 -0.049645 -0.029915
    105 -0.019489 0.147084 0.079203 2.893815 0.038585 -0.060594
    106 -0.046482 0.251898 0.129548 3.016165 0.077112 -0.042864
    107 0.039120 -0.040298 0.047739 3.084219 0.030470 -0.037414
    108 -0.233757 0.066630 0.001754 -3.133086 0.040141 -0.065413
    109 0.044266 0.020128 0.001684 -2.778763 -0.118872 -0.040488
    110 0.071495 0.074127 -0.048302 -3.035917 -0.059482 0.104366
    111 2.566485 -17.098178 -16.906766 0.085721 0.474661 -0.990864
    112 -3.964965 2.527421 -5.597827 0.580257 -0.360393 -1.227470
    113 -1.142999 -0.001000 0.273999 -1.006101 -0.000004 1.570789
    114 -0.943998 0.000000 1.776996 0.000000 0.000000 0.000000
    115 2.039996 -0.296999 1.310997 0.000000 0.000000 -1.570817
    116 -0.653999 0.000000 -1.549997 0.000000 0.000000 0.000000
    117 4.078125 0.000000 -0.139893 0.000000 0.000000 0.000000
    118 1.636719 0.000000 -0.501953 0.000000 0.000000 0.000000
    119 2.437500 0.000000 0.764160 0.000000 0.000000 0.000000
    120 -0.898998 0.000000 -1.088998 0.000000 0.000000 0.000000
    121 2.025996 -0.001000 0.680999 0.000000 0.000000 1.570816
    122 0.000000 0.000000 0.000000 0.000000 0.000000 -1.570816
    123 0.711998 0.439999 -0.805998 0.000000 0.000000 1.570815
    124 -1.474998 0.000000 0.073000 0.000000 0.000000 1.570816
    125 1.889997 0.409999 0.284999 1.570922 0.000000 0.000000
    126 0.000000 0.000000 0.000000 0.000000 0.000000 0.000000
    127 -0.106000 0.000000 64.320000 0.000000 0.000000 0.000000
    128 0.000000 0.000000 0.000000 0.000000 0.000000 0.000000
    129 0.000000 0.000000 0.000000 0.031352 -0.013698 0.049233
    130 24.629903 7.012418 -11.038321 0.085903 0.474645 0.579806
    131 0.106000 0.000000 -64.320000 0.000000 0.000000 0.000000
    132 0.000000 0.000000 0.000000 0.000000 0.000000 0.000000
    133 0.000000 0.000000 -4.867002 -3.141592 0.000000 -3.128591
    134 0.000000 0.000000 4.867000 -3.141592 0.000000 -3.128591
    135 4.000000 -6.500000 0.000000 0.000000 0.000000 0.000977
    136 -6.500000 0.000000 0.000000 0.000000 1.570796 0.000000
    137 1.000088 -0.000029 0.000000 0.000000 0.000000 0.000000
    138 17.162516 -0.000404 0.000000 0.000000 0.000000 0.119214
    139 9.999891 -0.000303 0.000000 0.000000 0.000000 0.000000
    140 1.000088 -0.000029 0.000000 0.000000 0.000000 0.000000
    141 17.162516 -0.000404 0.000000 0.000000 0.000000 0.119214
    142 9.499836 0.000212 0.000000 0.000000 0.000000 0.000000
    143 0.000000 0.000000 0.000000 0.000000 0.000000 0.000000
    144 17.749374 0.295515 0.000000 0.000000 0.000000 -1.158958
    145 0.017889 0.299792 0.000000 0.000000 0.000000 -0.059582
    146 12.283573 1.581456 -4.696000 1.462269 -0.086726 0.090185
    147 17.749376 0.295515 0.000000 0.000000 0.000000 -1.158958
    148 0.017889 0.299792 0.000000 0.000000 0.000000 -0.059582
    149 13.354000 0.000000 0.000000 0.000000 0.000000 -0.294101
    150 4.530998 0.000000 0.000000 0.000000 0.000000 0.000000
    151 0.000000 0.000000 0.000000 0.000000 0.000000 0.000000
    152 5.413524 0.000347 0.000000 0.000000 0.000000 -0.518055
    153 5.413524 0.000347 0.000000 0.000000 0.000000 -0.518055
    154 4.662002 -5.366333 4.825191 1.569713 1.561305 -3.121213
    155 3.116966 -0.000443 0.000000 0.000000 0.000000 0.294101
    156 4.531197 0.000000 0.000000 0.000000 0.000000 0.000000
    157 5.944012 3.046968 -49.272458 0.197860 -0.442580 -0.604776
    158 -1.614686 0.003904 0.562248 0.000008 0.314056 0.000000
    159 6.377398 2.964934 -50.085407 -1.598396 -0.178527 1.051624
    160 -1.532227 0.000000 1.129883 -0.262470 -0.000006 1.570749
    161 0.000000 -0.001000 0.000000 0.000000 0.000000 0.000000
    162 3.867000 0.000000 0.228000 0.000000 0.000000 0.000000
    163 3.512001 -3.547000 -1.066000 0.000000 1.570796 0.000000
    164 3.456001 -3.517000 1.169000 0.000000 1.570796 0.000000
    165 6.233002 0.000000 0.000000 0.000000 0.000000 0.000000
    166 -0.171997 -0.106000 -0.902000 1.570713 1.029176 -3.134550
    167 6.324031 -6.297966 -0.113285 0.049257 -0.031987 0.012140
    168 -3.106999 0.000000 0.669000 0.000000 0.000000 0.000000
    169 -3.106999 0.000000 0.741000 0.000000 0.000000 0.000000
    170 -3.252000 0.000000 0.540000 0.000000 0.000000 0.000000
    171 3.999434 -0.000528 -0.000332 0.709568 0.000007 -0.000059
    172 3.999901 0.000038 0.001011 -0.132507 -0.000001 -0.000001
    173 1.598000 0.000000 0.000000 0.000000 0.000000 0.000000
    174 -1.145525 0.000130 0.000668 0.000000 0.000000 0.000000
    175 2.299681 -2.499979 -0.599480 0.892021 0.221512 -0.527234
    176 18.924187 -11.043306 0.407376 -0.246468 -0.081561 0.152388
    177 -9.580679 -27.862110 -37.184673 0.812879 -0.123459 -0.568477
    178 0.649933 -0.548295 0.093651 -1.665913 -0.131399 -0.112062
    179 0.657077 0.008401 0.040371 -1.665945 -0.131407 -0.000013
    180 0.665776 0.747221 -0.029190 -1.665935 -0.131408 0.094976
    181 2.300139 -2.499414 0.600159 -0.891995 -0.221560 -0.527344
    182 12.509592 1.698235 3.564709 1.764030 -0.255070 0.216942
    183 2.762354 0.116951 1.523975 1.629482 0.064153 1.743800
    184 7.228323 7.928203 -3.925652 2.328713 0.123459 -0.568477
    185 0.650394 -0.547730 -0.092979 1.665913 0.131399 -0.112062
    186 0.657069 0.008399 -0.040379 1.665945 0.131407 -0.000013
    187 0.665772 0.747219 0.029182 1.665935 0.131408 0.094976
    188 -4.481003 -0.202000 0.000000 0.000000 0.000000 0.000000
    189 -5.516998 -0.291000 -0.001000 0.000000 0.000000 0.000000
    190 -0.857697 0.104070 0.104687 0.023536 0.163924 0.013632
    191 1.899121 0.000427 -0.000439 0.027386 -0.033311 0.477848
    192 1.799658 -0.000240 0.000231 0.027386 -0.033311 0.477848
    193 1.799658 -0.000240 0.000231 0.027386 -0.033311 0.477848
    194 1.799658 -0.000240 0.000231 0.027386 -0.033311 0.477848
    195 1.900312 -0.000137 -0.000517 0.027386 -0.033311 0.477848
    196 1.899436 -0.000320 -0.000151 -0.027386 0.033311 0.477848
    197 1.799664 -0.000233 -0.000233 -0.027386 0.033311 0.477848
    198 1.799664 -0.000233 -0.000233 -0.027386 0.033311 0.477848
    199 1.799664 -0.000233 -0.000233 -0.027386 0.033311 0.477848
    200 1.900729 0.000549 -0.000072 -0.027386 0.033311 0.477848
    201 0.599884 0.400188 -0.000027 0.000000 0.000000 0.000000
    202 0.599888 0.400187 0.000031 0.000000 0.000000 -3.141592
    203 0.599503 0.400696 0.000234 0.000000 0.000000 0.000000
    204 0.600399 0.399632 -0.000466 0.000000 0.000000 -3.141592
  time 15
    0 0.000000 0.000000 0.000000 0.000000 0.000000 -1.570796
    1 -0.106323 0.000000 -0.000198 0.000000 0.000000 0.000000
    2 0.000000 0.000000 0.000000 0.000000 0.000000 0.000000
    3 -0.904000 0.000000 -11.806000 0.000000 0.000000 0.000000
    4 0.000000 0.000000 -14.313999 0.000000 -1.570796 1.570857
    5 3.533001 0.000000 0.000000 0.000000 0.000000 0.000000
    6 6.250000 0.000000 0.000000 0.000000 0.000000 0.000000
    7 9.885367 1.578198 -1.912769 -0.155308 1.431871 -0.154098
    8 9.568951 1.976648 1.819028 2.721499 -1.081898 -2.764566
    9 5.786820 0.002787 -0.000113 0.030750 1.130172 -0.068974
    10 5.999492 -0.000592 -4.000343 0.000000 0.000000 0.000000
    11 5.787410 0.002582 0.000893 0.800061 -0.964577 -1.124913
    12 5.999492 -0.000592 4.000336 0.000000 0.000000 0.000000
    13 0.500225 0.000133 -0.000088 0.021771 0.000000 0.000060
    14 11.534559 0.004255 -0.001312 0.000043 -0.000027 -2.150758
    15 -0.829338 0.893824 0.079659 -0.148839 0.047645 0.087266
    16 0.500225 0.000132 0.000076 -0.074342 0.000000 0.000000
    17 11.532495 0.000526 -0.000089 0.000018 -0.000070 -1.194233
    18 -0.829586 0.894698 -0.079464 0.045377 -0.019621 0.087266
    19 10.599884 0.000105 -0.000553 1.281757 0.000012 -0.000048
    20 1.111883 -0.595503 -0.000805 0.000000 0.000011 1.075456
    21 11.042057 -0.000189 0.000798 0.811978 0.107953 1.368944
    22 -1.214832 0.203470 -0.477489 -0.135025 -0.078677 -0.001289
    23 10.599880 0.000105 0.000549 -0.266931 0.000000 0.000000
    24 0.240761 -0.333776 0.000801 0.000000 0.000025 0.597097
    25 11.041742 0.007077 -0.000571 -0.246959 0.092890 0.375898
    26 -1.063377 0.077663 0.150230 0.045121 0.020046 -0.012850
    27 0.610302 -0.939470 0.070343 -1.654487 0.025513 -0.189542
    28 0.639940 -0.199121 0.060188 -1.665299 0.036908 -0.082398
    29 0.600155 1.080261 -0.339535 -1.747995 0.201578 0.044286
    30 0.610207 0.400743 -0.010101 -1.763021 0.110855 0.009555
    31 0.634715 -0.690090 -0.232343 0.045221 0.211136 -0.939649
    32 -0.792125 0.203736 0.461300 1.439074 -0.003453 -0.018305
    33 0.610300 -0.939469 -0.070351 1.655337 0.139988 -0.175676
    34 0.639937 -0.199121 -0.060200 1.665952 0.131308 -0.066502
    35 0.600586 1.130859 0.033752 1.738057 -0.020761 0.107329
    36 0.610205 0.400743 0.010086 1.762348 0.061543 0.042962
    37 0.629883 -0.689453 0.230347 -0.750747 -0.567048 -0.967115
    38 -0.626031 -0.069983 -0.080517 -1.447153 0.086151 0.021559
    39 2.621377 -0.002532 -0.001438 -0.283930 -0.090264 0.682519
    40 2.664743 0.000397 -0.000071 -0.215194 -0.043605 0.884273
    41 2.206394 0.003368 -0.002863 -0.242750 0.023849 0.805507
    42 0.599952 0.959240 -0.300102 -0.174544 0.000000 0.000000
    43 2.557190 -0.001967 0.006359 -0.051398 -0.010548 0.862185
    44 2.095024 -0.003873 -0.002193 -0.221902 0.319985 0.609816
    45 0.999380 -0.000236 -1.154680 -0.000001 0.000000 0.000000
    46 -0.122639 -0.721856 0.661690 -0.486644 0.223964 0.243056
    47 2.619141 0.000141 -0.000401 0.055589 0.402473 0.372937
    48 2.658203 0.000781 0.000162 0.351904 0.247667 1.152005
    49 2.199219 0.000516 -0.000122 0.245882 -0.018377 1.177006
    50 0.599951 0.959244 0.300102 0.174544 0.000000 0.000000
    51 2.558594 -0.000149 -0.000031 0.273469 0.149728 1.224778
    52 2.095703 -0.000095 -0.000401 0.482182 -0.410387 0.684474
    53 0.999512 0.000054 1.119141 0.000000 0.000000 0.000001
    54 0.310846 -0.606445 -0.498005 0.308107 -0.197598 0.313976
    55 1.869163 -0.000835 -0.000994 -0.000043 0.000015 1.027263
    56 1.200941 0.399582 -0.000237 -0.009465 0.016087 0.007127
    57 0.000586 0.100342 -0.000319 -0.120035 -0.021926 -0.209617
    58 -0.161663 0.051712 0.194808 -2.941982 0.122408 -0.060194
    59 2.010092 -0.003202 -0.003377 -0.000030 0.000048 1.180645
    60 0.000240 0.099802 -0.000395 -0.018823 0.010833 -0.239219
    61 -0.203197 0.048607 0.069150 -3.093332 0.033217 -0.046722
    62 1.180428 -0.006214 0.000780 -0.000014 0.000000 0.921891
    63 -0.000196 0.099625 -0.000034 0.000000 0.000000 -0.314102
    64 -0.088736 -0.688435 -0.145203 2.930407 -0.136130 0.513013
    65 1.715976 0.000578 0.003818 0.000094 0.000003 0.959849
    66 -0.000580 0.100145 -0.000311 -0.010912 0.023131 -0.260841
    67 -0.146030 -0.232426 -0.014225 3.028455 -0.094299 0.113020
    68 1.290632 0.000362 -0.000032 0.000000 0.000012 0.306643
    69 -0.658121 -0.003575 0.072645 -0.142711 0.027792 -0.077299
    70 1.868080 -0.003049 0.006083 0.000003 0.000015 0.210491
    71 1.200079 0.399944 -0.000093 0.009465 -0.016087 0.007127
    72 0.000591 0.100342 0.000319 0.120035 0.021926 -0.209617
    73 0.068077 0.002285 -0.080050 3.111376 -0.069366 -0.060847
    74 2.007813 -0.000883 -0.000381 -0.000044 0.000040 1.464654
    75 0.000229 0.099802 0.000395 0.018823 -0.010833 -0.239219
    76 -0.018673 -0.001009 0.047544 3.109244 0.002635 -0.106673
    77 1.178665 0.001595 0.000845 -0.000022 -0.000053 0.807088
    78 -0.000198 0.099628 0.000034 0.000000 0.000000 -0.314102
    79 0.036892 -0.634449 0.266284 -2.801062 0.174301 0.490914
    80 1.707031 0.000723 0.000200 -0.000035 -0.000050 1.238445
    81 -0.000576 0.100136 0.000311 0.010912 -0.023131 -0.260841
    82 -0.003952 -0.281811 0.115047 -3.059162 0.089004 0.167964
    83 1.290039 0.000364 -0.000046 -0.000058 0.000014 0.465379
    84 -0.171528 -0.018148 -0.099873 0.013484 -0.062184 -0.011780
    85 0.916622 0.007240 0.001326 0.000090 0.000033 1.102427
    86 -0.342617 0.053404 -0.025571 -2.909301 -0.017248 0.075276
    87 1.100231 -0.000930 -0.002434 0.000021 0.000050 0.833451
    88 -0.384983 0.330998 0.006848 -3.087207 -0.018765 -0.184279
    89 0.678146 0.002286 0.000002 0.000066 0.000029 0.794266
    90 -0.123848 0.072737 0.029507 2.898184 -0.060627 0.094834
    91 1.017166 -0.000154 -0.000252 0.000001 -0.000062 1.005263
    92 -0.344986 0.123129 0.143151 2.994981 0.012396 0.059140
    93 -0.730988 0.177046 0.039141 -0.123731 0.076518 -0.084310
    94 0.921993 0.001298 -0.000896 -0.000038 -0.000011 -0.162835
    95 -0.124027 -0.052092 0.038496 3.077813 -0.008519 0.039229
    96 1.098633 0.000008 0.000469 0.000000 0.000000 0.904169
    97 -0.330082 0.160641 0.042780 3.128073 0.034033 -0.171236
    98 0.678711 -0.000813 0.000175 0.000000 0.000000 0.937064
    99 -0.019516 -0.016531 0.038578 -2.763781 0.050305 0.076828
    100 1.014985 0.005113 0.001121 0.000054 -0.000029 0.984570
    101 -0.155312 0.130643 -0.021921 -3.022466 0.022433 -0.024903
    102 -0.252209 0.061937 -0.024914 -0.007671 -0.063171 -0.044392
    103 -0.085991 0.185203 -0.015180 -2.937063 -0.113970 -0.138991
    104 -0.286537 0.179852 0.024264 -3.109353 -0.049645 -0.029915
    105 -0.019489 0.147084 0.079203 2.893815 0.038585 -0.060594
    106 -0.046482 0.251898 0.129548 3.016165 0.077112 -0.042864
    107 0.039120 -0.040298 0.047739 3.084219 0.030470 -0.037414
    108 -0.233757 0.066630 0.001754 -3.133086 0.040141 -0.065413
    109 0.044266 0.020128 0.001684 -2.778763 -0.118872 -0.040488
    110 0.071495 0.074127 -0.048302 -3.035917 -0.059482 0.104366
    111 2.347728 -16.977081 -16.070803 0.060943 0.452096 -1.035495
    112 -3.441511 3.203223 -5.336100 0.562413 -0.387321 -1.254568
    113 -1.142999 -0.001000 0.273999 -1.006101 -0.000004 1.570789
    114 -0.943998 0.000000 1.776996 0.000000 0.000000 0.000000
    115 2.039996 -0.296999 1.310997 0.000000 0.000000 -1.570817
    116 -0.653999 0.000000 -1.549997 0.000000 0.000000 0.000000
    117 4.078125 0.000000 -0.139893 0.000000 0.000000 0.000000
    118 1.636719 0.000000 -0.501953 0.000000 0.000000 0.000000
    119 2.437500 0.000000 0.764160 0.000000 0.000000 0.000000
    120 -0.898998 0.000000 -1.088998 0.000000 0.000000 0.000000
    121 2.025996 -0.001000 0.680999 0.000000 0.000000 1.570816
    122 0.000000 0.000000 0.000000 0.000000 0.000000 -1.570816
    123 0.711998 0.439999 -0.805998 0.000000 0.000000 1.570815
    124 -1.474998 0.000000 0.073000 0.000000 0.000000 1.570816
    125 1.889997 0.409999 0.284999 1.570922 0.000000 0.000000
    126 0.000000 0.000000 0.000000 0.000000 0.000000 0.000000
    127 -0.106000 0.000000 64.320000 0.000000 0.000000 0.000000
    128 0.000000 0.000000 0.000000 0.000000 0.000000 0.000000
    129 0.000000 0.000000 0.000000 0.032874 -0.011517 0.042174
    130 24.836941 6.528029 -10.026571 0.060950 0.452034 0.535267
    131 0.106000 0.000000 -64.320000 0.000000 0.000000 0.000000
    132 0.000000 0.000000 0.000000 0.000000 0.000000 0.000000
    133 0.000000 0.000000 -4.867002 -3.141592 0.000000 -3.128591
    134 0.000000 0.000000 4.867000 -3.141592 0.000000 -3.128591
    135 4.000000 -6.500000 0.000000 0.000000 0.000000 0.000977
    136 -6.500000 0.000000 0.000000 0.000000 1.570796 0.000000
    137 1.000088 -0.000029 0.000000 0.000000 0.000000 0.000000
    138 17.162516 -0.000404 0.000000 0.000000 0.000000 0.119214
    139 9.999891 -0.000303 0.000000 0.000000 0.000000 0.000000
    140 1.000088 -0.000029 0.000000 0.000000 0.000000 0.000000
    141 17.162516 -0.000404 0.000000 0.000000 0.000000 0.119214
    142 9.499836 0.000212 0.000000 0.000000 0.000000 0.000000
    143 0.000000 0.000000 0.000000 0.000000 0.000000 0.000000
    144 17.749374 0.295515 0.000000 0.000000 0.000000 -1.158958
    145 0.017889 0.299792 0.000000 0.000000 0.000000 -0.059582
    146 12.283573 1.581456 -4.696000 1.462269 -0.086726 0.090185
    147 17.749376 0.295515 0.000000 0.000000 0.000000 -1.158958
    148 0.017889 0.299792 0.000000 0.000000 0.000000 -0.059582
    149 13.354000 0.000000 0.000000 0.000000 0.000000 -0.294101
    150 4.530998 0.000000 0.000000 0.000000 0.000000 0.000000
    151 0.000000 0.000000 0.000000 0.000000 0.000000 0.000000
    152 5.413524 0.000347 0.000000 0.000000 0.000000 -0.518055
    153 5.413524 0.000347 0.000000 0.000000 0.000000 -0.518055
    154 4.662002 -5.366333 4.825191 1.569713 1.561305 -3.121213
    155 3.116966 -0.000443 0.000000 0.000000 0.000000 0.294101
    156 4.531197 0.000000 0.000000 0.000000 0.000000 0.000000
    157 5.053360 3.699332 -50.124047 0.186292 -0.417252 -0.560571
    158 -1.610780 0.003904 0.562248 0.000008 0.314056 0.000000
    159 5.467214 3.640736 -50.944808 -1.571876 -0.170221 1.086406
    160 -1.532227 0.000000 1.129883 -0.262470 -0.000006 1.570749
    161 0.000000 -0.001000 0.000000 0.000000 0.000000 0.000000
    162 3.867000 0.000000 0.228000 0.000000 0.000000 0.000000
    163 3.512001 -3.547000 -1.066000 0.000000 1.570796 0.000000
    164 3.456001 -3.517000 1.169000 0.000000 1.570796 0.000000
    165 6.233002 0.000000 0.000000 0.000000 0.000000 0.000000
    166 -0.171997 -0.106000 -0.902000 1.570713 1.029176 -3.134550
    167 6.304499 -6.317498 -0.062502 0.042198 -0.033317 0.010127
    168 -3.106999 0.000000 0.669000 0.000000 0.000000 0.000000
    169 -3.106999 0.000000 0.741000 0.000000 0.000000 0.000000
    170 -3.252000 0.000000 0.540000 0.000000 0.000000 0.000000
    171 3.999434 -0.000528 -0.000332 0.640857 -0.000005 -0.000059
    172 3.999901 0.000038 0.001011 -0.132959 -0.000001 -0.000001
    173 1.598000 0.000000 0.000000 0.000000 0.000000 0.000000
    174 -1.145525 0.000130 0.000668 0.000000 0.000000 0.000000
    175 2.299681 -2.499979 -0.599480 0.892021 0.221512 -0.527234
    176 18.889030 -8.203375 1.223807 -0.042470 -0.275539 0.208512
    177 -9.580679 -27.862110 -37.184673 0.812879 -0.123459 -0.568477
    178 0.649933 -0.548295 0.093651 -1.665913 -0.131399 -0.112062
    179 0.657077 0.008401 0.040371 -1.665945 -0.131407 -0.000013
    180 0.665776 0.747221 -0.029190 -1.665935 -0.131408 0.094976
    181 2.300139 -2.499414 0.600159 -0.891995 -0.221560 -0.527344
    182 12.509592 1.698235 3.564709 1.764030 -0.255070 0.216942
    183 2.762354 0.116951 1.523975 1.629482 0.064153 1.743800
    184 7.228323 7.928203 -3.925652 2.328713 0.123459 -0.568477
    185 0.650394 -0.547730 -0.092979 1.665913 0.131399 -0.112062
    186 0.657069 0.008399 -0.040379 1.665945 0.131407 -0.000013
    187 0.665772 0.747219 0.029182 1.665935 0.131408 0.094976
    188 -4.481003 -0.202000 0.000000 0.000000 0.000000 0.000000
    189 -5.516998 -0.291000 -0.001000 0.000000 0.000000 0.000000
    190 -0.857697 0.104070 0.104687 0.023536 0.163924 0.013632
    191 1.899121 0.000427 -0.000439 0.027386 -0.033311 0.477848
    192 1.799658 -0.000240 0.000231 0.027386 -0.033311 0.477848
    193 1.799658 -0.000240 0.000231 0.027386 -0.033311 0.477848
    194 1.799658 -0.000240 0.000231 0.027386 -0.033311 0.477848
    195 1.900312 -0.000137 -0.000517 0.027386 -0.033311 0.477848
    196 1.899436 -0.000320 -0.000151 -0.027386 0.033311 0.477848
    197 1.799664 -0.000233 -0.000233 -0.027386 0.033311 0.477848
    198 1.799664 -0.000233 -0.000233 -0.027386 0.033311 0.477848
    199 1.799664 -0.000233 -0.000233 -0.027386 0.033311 0.477848
    200 1.900729 0.000549 -0.000072 -0.027386 0.033311 0.477848
    201 0.599884 0.400188 -0.000027 0.000000 0.000000 0.000000
    202 0.599888 0.400187 0.000031 0.000000 0.000000 -3.141592
    203 0.599503 0.400696 0.000234 0.000000 0.000000 0.000000
    204 0.600399 0.399632 -0.000466 0.000000 0.000000 -3.141592
  time 16
    0 0.000000 0.000000 0.000000 0.000000 0.000000 -1.570796
    1 -0.106323 0.000000 -0.000198 0.000000 0.000000 0.000000
    2 0.000000 0.000000 0.000000 0.000000 0.000000 0.000000
    3 -0.904000 0.000000 -11.806000 0.000000 0.000000 0.000000
    4 0.000000 0.000000 -14.313999 0.000000 -1.570796 1.570857
    5 3.533001 0.000000 0.000000 0.000000 0.000000 0.000000
    6 6.250000 0.000000 0.000000 0.000000 0.000000 0.000000
    7 9.869741 1.597730 -1.904956 -0.155658 1.432155 -0.154360
    8 9.568951 1.976648 1.819028 2.704722 -1.088119 -2.749003
    9 5.790726 0.002787 -0.000113 -0.145738 1.169284 -0.315921
    10 5.999492 -0.000592 -4.000343 0.000000 0.000000 0.000000
    11 5.791316 0.002582 0.004799 0.784429 -0.956194 -1.111825
    12 5.999492 -0.000592 4.000336 0.000000 0.000000 0.000000
    13 0.500225 0.000133 -0.000088 0.009773 0.000000 0.000000
    14 11.534559 0.004255 -0.001312 -0.000053 -0.000051 -2.071419
    15 -0.829338 0.893824 0.079659 -0.148839 0.047645 0.087266
    16 0.500225 0.000132 0.000076 -0.070850 0.000000 0.000000
    17 11.536401 0.004432 -0.000089 0.000042 -0.000058 -1.279692
    18 -0.829586 0.894698 -0.079464 0.045377 -0.019621 0.087266
    19 10.599884 0.000105 -0.000553 1.043097 0.000000 0.000000
    20 1.018130 -0.587690 -0.000805 0.000036 0.000047 1.035711
    21 11.042057 0.003717 0.004704 0.580492 0.217273 1.332684
    22 -1.214832 0.203470 -0.477489 -0.135025 -0.078677 -0.001289
    23 10.599880 0.000105 0.000549 -0.270743 0.000000 0.000000
    24 0.283731 -0.357215 0.000801 0.000012 0.000049 0.639938
    25 11.041742 0.007077 -0.000571 -0.246098 0.127919 0.425634
    26 -1.063377 0.077663 0.150230 0.045121 0.020046 -0.012850
    27 0.610302 -0.939470 0.070343 -1.654487 0.004911 -0.187816
    28 0.639940 -0.199121 0.060188 -1.665248 0.016858 -0.080493
    29 0.600155 1.080261 -0.339535 -1.747571 0.183134 0.043387
    30 0.610207 0.400743 -0.010101 -1.762752 0.092255 0.013162
    31 0.634715 -0.693997 -0.232343 0.049914 0.121129 -0.900096
    32 -0.792125 0.203736 0.461300 1.439074 -0.003453 -0.018305
    33 0.610300 -0.939469 -0.070351 1.655337 0.139988 -0.175676
    34 0.639937 -0.199121 -0.060200 1.665952 0.131308 -0.066502
    35 0.600586 1.130859 0.033752 1.738057 -0.020761 0.107329
    36 0.610205 0.400743 0.010086 1.762348 0.061543 0.042962
    37 0.629883 -0.689453 0.230347 -0.750747 -0.567048 -0.967115
    38 -0.626031 -0.069983 -0.080517 -1.447153 0.086151 0.021559
    39 2.621377 -0.002532 -0.001438 -0.332810 -0.135252 0.753565
    40 2.664743 0.000397 -0.000071 -0.242599 -0.045810 0.947851
    41 2.206394 0.003368 -0.006769 -0.215953 0.032303 0.857311
    42 0.599952 0.959240 -0.300102 -0.174544 0.000000 0.000000
    43 2.557190 -0.005873 0.006359 -0.046307 -0.000708 0.924146
    44 2.095024 -0.003873 -0.006100 -0.224143 0.316978 0.602693
    45 0.999380 -0.000236 -1.170306 -0.000001 0.000000 0.000000
    46 -0.122639 -0.721856 0.661690 -0.486644 0.223964 0.243056
    47 2.619141 0.000141 -0.000401 0.055589 0.402473 0.372937
    48 2.658203 0.000781 0.000162 0.351904 0.247667 1.152005
    49 2.199219 0.000516 -0.000122 0.245882 -0.018377 1.177006
    50 0.599951 0.959244 0.300102 0.174544 0.000000 0.000000
    51 2.558594 -0.000149 -0.000031 0.273469 0.149728 1.224778
    52 2.095703 -0.000095 -0.000401 0.482182 -0.410387 0.684474
    53 0.999512 0.000054 1.119141 0.000000 0.000000 0.000001
    54 0.310846 -0.606445 -0.498005 0.308107 -0.197598 0.313976
    55 1.873069 -0.000835 -0.000994 -0.000031 0.000087 0.947516
    56 1.200941 0.399582 -0.000237 -0.009465 0.016087 0.007127
    57 0.000586 0.100342 -0.000319 -0.120035 -0.021926 -0.209617
    58 -0.161663 0.051712 0.194808 -2.941982 0.122408 -0.060194
    59 2.010092 -0.003202 -0.003377 -0.000006 0.000037 1.137053
    60 0.000240 0.099802 -0.000395 -0.018823 0.010833 -0.239219
    61 -0.203197 0.048607 0.069150 -3.093332 0.033217 -0.046722
    62 1.180428 -0.006214 0.000780 -0.000014 0.000000 0.855743
    63 -0.000196 0.099625 -0.000034 0.000000 0.000000 -0.314102
    64 -0.088736 -0.688435 -0.145203 2.930407 -0.136130 0.513013
    65 1.712069 -0.003328 0.003818 0.000094 0.000015 0.930195
    66 -0.000580 0.100145 -0.000311 -0.010912 0.023131 -0.260841
    67 -0.146030 -0.232426 -0.014225 3.028455 -0.094299 0.113020
    68 1.290632 0.000362 -0.000032 0.000000 0.000036 0.206721
    69 -0.658121 -0.003575 0.072645 -0.142711 0.027792 -0.077299
    70 1.868080 -0.003049 0.006083 0.000003 0.000003 0.210518
    71 1.200079 0.399944 -0.000093 0.009465 -0.016087 0.007127
    72 0.000591 0.100342 0.000319 0.120035 0.021926 -0.209617
    73 0.068077 0.002285 -0.080050 3.111376 -0.069366 -0.060847
    74 2.007813 -0.000883 -0.000381 -0.000044 0.000040 1.464654
    75 0.000229 0.099802 0.000395 0.018823 -0.010833 -0.239219
    76 -0.018673 -0.001009 0.047544 3.109244 0.002635 -0.106673
    77 1.178665 0.001595 0.000845 -0.000022 -0.000053 0.807088
    78 -0.000198 0.099628 0.000034 0.000000 0.000000 -0.314102
    79 0.036892 -0.634449 0.266284 -2.801062 0.174301 0.490914
    80 1.707031 0.000723 0.000200 -0.000035 -0.000050 1.238445
    81 -0.000576 0.100136 0.000311 0.010912 -0.023131 -0.260841
    82 -0.003952 -0.281811 0.115047 -3.059162 0.089004 0.167964
    83 1.290039 0.000364 -0.000046 -0.000058 0.000014 0.465379
    84 -0.171528 -0.018148 -0.099873 0.013484 -0.062184 -0.011780
    85 0.916622 0.007240 0.001326 0.000019 0.000021 1.068338
    86 -0.342617 0.053404 -0.025571 -2.909301 -0.017248 0.075276
    87 1.100231 -0.000930 -0.002434 0.000009 0.000038 0.730270
    88 -0.384983 0.330998 0.006848 -3.087207 -0.018765 -0.184279
    89 0.678146 0.002286 -0.003905 0.000018 0.000005 0.709606
    90 -0.123848 0.072737 0.029507 2.898184 -0.060627 0.094834
    91 1.017166 -0.000154 -0.000252 -0.000011 -0.000050 0.912380
    92 -0.344986 0.123129 0.143151 2.994981 0.012396 0.059140
    93 -0.730988 0.177046 0.039141 -0.123731 0.076518 -0.084310
    94 0.925900 0.001298 -0.000896 -0.000050 -0.000011 -0.163121
    95 -0.124027 -0.052092 0.038496 3.077813 -0.008519 0.039229
    96 1.098633 0.000008 0.000469 0.000000 0.000000 0.904169
    97 -0.330082 0.160641 0.042780 3.128073 0.034033 -0.171236
    98 0.678711 -0.000813 0.000175 0.000000 0.000000 0.937064
    99 -0.019516 -0.016531 0.038578 -2.763781 0.050305 0.076828
    100 1.018891 0.001206 0.001121 0.000054 -0.000029 0.984570
    101 -0.155312 0.130643 -0.021921 -3.022466 0.022433 -0.024903
    102 -0.252209 0.061937 -0.024914 -0.007671 -0.063171 -0.044392
    103 -0.085991 0.185203 -0.015180 -2.937063 -0.113970 -0.138991
    104 -0.286537 0.179852 0.024264 -3.109353 -0.049645 -0.029915
    105 -0.019489 0.147084 0.079203 2.893815 0.038585 -0.060594
    106 -0.046482 0.251898 0.129548 3.016165 0.077112 -0.042864
    107 0.039120 -0.040298 0.047739 3.084219 0.030470 -0.037414
    108 -0.233757 0.066630 0.001754 -3.133086 0.040141 -0.065413
    109 0.044266 0.020128 0.001684 -2.778763 -0.118872 -0.040488
    110 0.071495 0.074127 -0.048302 -3.035917 -0.059482 0.104366
    111 2.031312 -16.879421 -15.031709 0.028893 0.422181 -1.081528
    112 -2.984466 3.890744 -5.066561 0.538192 -0.422621 -1.277425
    113 -1.142999 -0.001000 0.273999 -1.006101 -0.000004 1.570789
    114 -0.943998 0.000000 1.776996 0.000000 0.000000 0.000000
    115 2.039996 -0.296999 1.310997 0.000000 0.000000 -1.570817
    116 -0.653999 0.000000 -1.549997 0.000000 0.000000 0.000000
    117 4.078125 0.000000 -0.139893 0.000000 0.000000 0.000000
    118 1.636719 0.000000 -0.501953 0.000000 0.000000 0.000000
    119 2.437500 0.000000 0.764160 0.000000 0.000000 0.000000
    120 -0.898998 0.000000 -1.088998 0.000000 0.000000 0.000000
    121 2.025996 -0.001000 0.680999 0.000000 0.000000 1.570816
    122 0.000000 0.000000 0.000000 0.000000 0.000000 -1.570816
    123 0.711998 0.439999 -0.805998 0.000000 0.000000 1.570815
    124 -1.474998 0.000000 0.073000 0.000000 0.000000 1.570816
    125 1.889997 0.409999 0.284999 1.570922 0.000000 0.000000
    126 0.000000 0.000000 0.000000 0.000000 0.000000 0.000000
    127 -0.106000 0.000000 64.320000 0.000000 0.000000 0.000000
    128 0.000000 0.000000 0.000000 0.000000 0.000000 0.000000
    129 0.000000 0.000000 0.000000 0.034384 -0.009312 0.035115
    130 25.094761 5.918635 -8.745282 0.028967 0.422122 0.489234
    131 0.106000 0.000000 -64.320000 0.000000 0.000000 0.000000
    132 0.000000 0.000000 0.000000 0.000000 0.000000 0.000000
    133 0.000000 0.000000 -4.867002 -3.141592 0.000000 -3.128591
    134 0.000000 0.000000 4.867000 -3.141592 0.000000 -3.128591
    135 4.000000 -6.500000 0.000000 0.000000 0.000000 0.000977
    136 -6.500000 0.000000 0.000000 0.000000 1.570796 0.000000
    137 1.000088 -0.000029 0.000000 0.000000 0.000000 0.000000
    138 17.162516 -0.000404 0.000000 0.000000 0.000000 0.119214
    139 9.999891 -0.000303 0.000000 0.000000 0.000000 0.000000
    140 1.000088 -0.000029 0.000000 0.000000 0.000000 0.000000
    141 17.162516 -0.000404 0.000000 0.000000 0.000000 0.119214
    142 9.499836 0.000212 0.000000 0.000000 0.000000 0.000000
    143 0.000000 0.000000 0.000000 0.000000 0.000000 0.000000
    144 17.749374 0.295515 0.000000 0.000000 0.000000 -1.158958
    145 0.017889 0.299792 0.000000 0.000000 0.000000 -0.059582
    146 12.283573 1.581456 -4.696000 1.462269 -0.086726 0.090185
    147 17.749376 0.295515 0.000000 0.000000 0.000000 -1.158958
    148 0.017889 0.299792 0.000000 0.000000 0.000000 -0.059582
    149 13.354000 0.000000 0.000000 0.000000 0.000000 -0.294101
    150 4.530998 0.000000 0.000000 0.000000 0.000000 0.000000
    151 0.000000 0.000000 0.000000 0.000000 0.000000 0.000000
    152 5.413524 0.000347 0.000000 0.000000 0.000000 -0.518055
    153 5.413524 0.000347 0.000000 0.000000 0.000000 -0.518055
    154 4.662002 -5.366333 4.825191 1.569713 1.561305 -3.121213
    155 3.116966 -0.000443 0.000000 0.000000 0.000000 0.294101
    156 4.531197 0.000000 0.000000 0.000000 0.000000 0.000000
    157 3.959576 4.730613 -51.100639 0.180462 -0.384741 -0.519035
    158 -1.610780 0.003904 0.562248 0.000008 0.314056 0.000000
    159 4.353898 4.695456 -51.937026 -1.538467 -0.167073 1.119968
    160 -1.532227 0.000000 1.129883 -0.262470 -0.000006 1.570749
    161 0.000000 -0.001000 0.000000 0.000000 0.000000 0.000000
    162 3.867000 0.000000 0.228000 0.000000 0.000000 0.000000
    163 3.512001 -3.547000 -1.066000 0.000000 1.570796 0.000000
    164 3.456001 -3.517000 1.169000 0.000000 1.570796 0.000000
    165 6.233002 0.000000 0.000000 0.000000 0.000000 0.000000
    166 -0.171997 -0.106000 -0.902000 1.570713 1.029176 -3.134550
    167 6.296686 -6.329217 -0.011719 0.035139 -0.034683 0.008114
    168 -3.106999 0.000000 0.669000 0.000000 0.000000 0.000000
    169 -3.106999 0.000000 0.741000 0.000000 0.000000 0.000000
    170 -3.252000 0.000000 0.540000 0.000000 0.000000 0.000000
    171 3.999434 -0.000528 -0.000332 0.521587 -0.000017 -0.000011
    172 3.999901 0.000038 0.001011 -0.136440 -0.000001 -0.000001
    173 1.598000 0.000000 0.000000 0.000000 0.000000 0.000000
    174 -1.145525 0.000130 0.000668 0.000000 0.000000 0.000000
    175 2.299681 -2.499979 -0.599480 0.892021 0.221512 -0.527234
    176 18.310887 -5.480636 2.372279 0.162947 -0.451433 0.247305
    177 -9.580679 -27.862110 -37.184673 0.812879 -0.123459 -0.568477
    178 0.649933 -0.548295 0.093651 -1.665913 -0.131399 -0.112062
    179 0.657077 0.008401 0.040371 -1.665945 -0.131407 -0.000013
    180 0.665776 0.747221 -0.029190 -1.665935 -0.131408 0.094976
    181 2.300139 -2.499414 0.600159 -0.891995 -0.221560 -0.527344
    182 12.509592 1.698235 3.564709 1.764030 -0.255070 0.216942
    183 2.762354 0.116951 1.523975 1.629482 0.064153 1.743800
    184 7.228323 7.928203 -3.925652 2.328713 0.123459 -0.568477
    185 0.650394 -0.547730 -0.092979 1.665913 0.131399 -0.112062
    186 0.657069 0.008399 -0.040379 1.665945 0.131407 -0.000013
    187 0.665772 0.747219 0.029182 1.665935 0.131408 0.094976
    188 -4.481003 -0.202000 0.000000 0.000000 0.000000 0.000000
    189 -5.516998 -0.291000 -0.001000 0.000000 0.000000 0.000000
    190 -0.857697 0.104070 0.104687 0.023536 0.163924 0.013632
    191 1.899121 0.000427 -0.000439 0.027386 -0.033311 0.477848
    192 1.799658 -0.000240 0.000231 0.027386 -0.033311 0.477848
    193 1.799658 -0.000240 0.000231 0.027386 -0.033311 0.477848
    194 1.799658 -0.000240 0.000231 0.027386 -0.033311 0.477848
    195 1.900312 -0.000137 -0.000517 0.027386 -0.033311 0.477848
    196 1.899436 -0.000320 -0.000151 -0.027386 0.033311 0.477848
    197 1.799664 -0.000233 -0.000233 -0.027386 0.033311 0.477848
    198 1.799664 -0.000233 -0.000233 -0.027386 0.033311 0.477848
    199 1.799664 -0.000233 -0.000233 -0.027386 0.033311 0.477848
    200 1.900729 0.000549 -0.000072 -0.027386 0.033311 0.477848
    201 0.599884 0.400188 -0.000027 0.000000 0.000000 0.000000
    202 0.599888 0.400187 0.000031 0.000000 0.000000 -3.141592
    203 0.599503 0.400696 0.000234 0.000000 0.000000 0.000000
    204 0.600399 0.399632 -0.000466 0.000000 0.000000 -3.141592
  time 17
    0 0.000000 0.000000 0.000000 0.000000 0.000000 -1.570796
    1 -0.106323 0.000000 -0.000198 0.000000 0.000000 0.000000
    2 0.000000 0.000000 0.000000 0.000000 0.000000 0.000000
    3 -0.904000 0.000000 -11.806000 0.000000 0.000000 0.000000
    4 0.000000 0.000000 -14.313999 0.000000 -1.570796 1.570857
    5 3.533001 0.000000 0.000000 0.000000 0.000000 0.000000
    6 6.250000 0.000000 0.000000 0.000000 0.000000 0.000000
    7 9.846303 1.617262 -1.901050 -0.155833 1.432296 -0.154708
    8 9.568951 1.976648 1.819028 2.687577 -1.094286 -2.733060
    9 5.790726 0.002787 -0.000113 -0.358144 1.184855 -0.591742
    10 5.999492 -0.000592 -4.000343 0.000000 0.000000 0.000000
    11 5.787410 0.002582 0.000893 0.774592 -0.937298 -1.106971
    12 5.999492 -0.000592 4.000336 0.000000 0.000000 0.000000
    13 0.500225 0.000133 -0.000088 0.006281 0.000000 0.000000
    14 11.534559 0.004255 -0.001312 0.000079 0.000021 -1.979286
    15 -0.829338 0.893824 0.079659 -0.148839 0.047645 0.087266
    16 0.500225 0.000132 0.000076 -0.067382 0.000000 0.000000
    17 11.536401 0.000526 -0.000089 0.000006 -0.000022 -1.358820
    18 -0.829586 0.894698 -0.079464 0.045377 -0.019621 0.087266
    19 10.599884 0.000105 -0.000553 0.648348 0.000000 0.000000
    20 0.920471 -0.583784 -0.000805 -0.000048 0.000035 0.989655
    21 11.042057 -0.000189 0.000798 0.344563 0.306690 1.212816
    22 -1.214832 0.203470 -0.477489 -0.135025 -0.078677 -0.001289
    23 10.599880 0.000105 0.000549 -0.278821 0.000000 -0.000012
    24 0.322794 -0.376746 0.000801 0.000000 -0.000011 0.679392
    25 11.041742 0.003171 -0.000571 -0.246051 0.158972 0.478038
    26 -1.063377 0.077663 0.150230 0.045121 0.020046 -0.012850
    27 0.610302 -0.939470 0.070343 -1.654537 -0.015690 -0.186090
    28 0.639940 -0.199121 0.060188 -1.665248 -0.003216 -0.078575
    29 0.600155 1.080261 -0.339535 -1.746987 0.164689 0.042488
    30 0.610207 0.400743 -0.010101 -1.762483 0.073678 0.016794
    31 0.634715 -0.693997 -0.232343 0.053861 0.042825 -0.861520
    32 -0.792125 0.203736 0.461300 1.439074 -0.003453 -0.018305
    33 0.610300 -0.939469 -0.070351 1.655337 0.139988 -0.175676
    34 0.639937 -0.199121 -0.060200 1.665952 0.131308 -0.066502
    35 0.600586 1.130859 0.033752 1.738057 -0.020761 0.107329
    36 0.610205 0.400743 0.010086 1.762348 0.061543 0.042962
    37 0.629883 -0.689453 0.230347 -0.750747 -0.567048 -0.967115
    38 -0.626031 -0.069983 -0.080517 -1.447153 0.086151 0.021559
    39 2.621377 -0.002532 -0.001438 -0.373878 -0.174345 0.813201
    40 2.660837 0.000397 -0.000071 -0.265979 -0.048746 1.001092
    41 2.206394 0.003368 -0.006769 -0.189335 0.038570 0.900861
    42 0.599952 0.959240 -0.300102 -0.174544 0.000000 0.000000
    43 2.553283 -0.001967 0.002453 -0.040561 0.007525 0.975989
    44 2.095024 -0.003873 -0.006100 -0.226348 0.313929 0.595611
    45 0.999380 -0.000236 -1.185931 -0.000001 0.000000 0.000000
    46 -0.122639 -0.721856 0.661690 -0.486644 0.223964 0.243056
    47 2.619141 0.000141 -0.000401 0.055589 0.402473 0.372937
    48 2.658203 0.000781 0.000162 0.351904 0.247667 1.152005
    49 2.199219 0.000516 -0.000122 0.245882 -0.018377 1.177006
    50 0.599951 0.959244 0.300102 0.174544 0.000000 0.000000
    51 2.558594 -0.000149 -0.000031 0.273469 0.149728 1.224778
    52 2.095703 -0.000095 -0.000401 0.482182 -0.410387 0.684474
    53 0.999512 0.000054 1.119141 0.000000 0.000000 0.000001
    54 0.310846 -0.606445 -0.498005 0.308107 -0.197598 0.313976
    55 1.869163 -0.004741 -0.000994 -0.000019 0.000051 0.865847
    56 1.200941 0.399582 -0.000237 -0.009465 0.016087 0.007127
    57 0.000586 0.100342 -0.000319 -0.120035 -0.021926 -0.209617
    58 -0.161663 0.051712 0.194808 -2.941982 0.122408 -0.060194
    59 2.010092 -0.007109 -0.007284 0.000018 0.000013 1.093496
    60 0.000240 0.099802 -0.000395 -0.018823 0.010833 -0.239219
    61 -0.203197 0.048607 0.069150 -3.093332 0.033217 -0.046722
    62 1.180428 -0.006214 0.000780 -0.000014 0.000012 0.789691
    63 -0.000196 0.099625 -0.000034 0.000000 0.000000 -0.314102
    64 -0.088736 -0.688435 -0.145203 2.930407 -0.136130 0.513013
    65 1.715976 0.000578 0.003818 0.000082 0.000015 0.900574
    66 -0.000580 0.100145 -0.000311 -0.010912 0.023131 -0.260841
    67 -0.146030 -0.232426 -0.014225 3.028455 -0.094299 0.113020
    68 1.290632 0.000362 -0.000032 0.000000 0.000060 0.106828
    69 -0.658121 -0.003575 0.072645 -0.142711 0.027792 -0.077299
    70 1.868080 -0.006956 0.006083 0.000003 0.000003 0.210491
    71 1.200079 0.399944 -0.000093 0.009465 -0.016087 0.007127
    72 0.000591 0.100342 0.000319 0.120035 0.021926 -0.209617
    73 0.068077 0.002285 -0.080050 3.111376 -0.069366 -0.060847
    74 2.007813 -0.000883 -0.000381 -0.000044 0.000040 1.464654
    75 0.000229 0.099802 0.000395 0.018823 -0.010833 -0.239219
    76 -0.018673 -0.001009 0.047544 3.109244 0.002635 -0.106673
    77 1.178665 0.001595 0.000845 -0.000022 -0.000053 0.807088
    78 -0.000198 0.099628 0.000034 0.000000 0.000000 -0.314102
    79 0.036892 -0.634449 0.266284 -2.801062 0.174301 0.490914
    80 1.707031 0.000723 0.000200 -0.000035 -0.000050 1.238445
    81 -0.000576 0.100136 0.000311 0.010912 -0.023131 -0.260841
    82 -0.003952 -0.281811 0.115047 -3.059162 0.089004 0.167964
    83 1.290039 0.000364 -0.000046 -0.000058 0.000014 0.465379
    84 -0.171528 -0.018148 -0.099873 0.013484 -0.062184 -0.011780
    85 0.916622 0.007240 0.001326 -0.000029 0.000045 1.029626
    86 -0.342617 0.053404 -0.025571 -2.909301 -0.017248 0.075276
    87 1.100231 -0.000930 -0.002434 0.000009 0.000014 0.627088
    88 -0.384983 0.330998 0.006848 -3.087207 -0.018765 -0.184279
    89 0.678146 0.002286 0.000002 -0.000018 -0.000019 0.625009
    90 -0.123848 0.072737 0.029507 2.898184 -0.060627 0.094834
    91 1.017166 -0.000154 -0.000252 -0.000023 -0.000014 0.819585
    92 -0.344986 0.123129 0.143151 2.994981 0.012396 0.059140
    93 -0.730988 0.177046 0.039141 -0.123731 0.076518 -0.084310
    94 0.925900 0.001298 -0.000896 -0.000050 -0.000011 -0.163435
    95 -0.124027 -0.052092 0.038496 3.077813 -0.008519 0.039229
    96 1.098633 0.000008 0.000469 0.000000 0.000000 0.904169
    97 -0.330082 0.160641 0.042780 3.128073 0.034033 -0.171236
    98 0.678711 -0.000813 0.000175 0.000000 0.000000 0.937064
    99 -0.019516 -0.016531 0.038578 -2.763781 0.050305 0.076828
    100 1.014985 0.001206 0.001121 0.000054 -0.000029 0.984570
    101 -0.155312 0.130643 -0.021921 -3.022466 0.022433 -0.024903
    102 -0.252209 0.061937 -0.024914 -0.007671 -0.063171 -0.044392
    103 -0.085991 0.185203 -0.015180 -2.937063 -0.113970 -0.138991
    104 -0.286537 0.179852 0.024264 -3.109353 -0.049645 -0.029915
    105 -0.019489 0.147084 0.079203 2.893815 0.038585 -0.060594
    106 -0.046482 0.251898 0.129548 3.016165 0.077112 -0.042864
    107 0.039120 -0.040298 0.047739 3.084219 0.030470 -0.037414
    108 -0.233757 0.066630 0.001754 -3.133086 0.040141 -0.065413
    109 0.044266 0.020128 0.001684 -2.778763 -0.118872 -0.040488
    110 0.071495 0.074127 -0.048302 -3.035917 -0.059482 0.104366
    111 1.722709 -16.773949 -13.891049 -0.004497 0.389036 -1.123918
    112 -2.550859 4.550920 -4.785302 0.511236 -0.460711 -1.295029
    113 -1.142999 -0.001000 0.273999 -1.006101 -0.000004 1.570789
    114 -0.943998 0.000000 1.776996 0.000000 0.000000 0.000000
    115 2.039996 -0.296999 1.310997 0.000000 0.000000 -1.570817
    116 -0.653999 0.000000 -1.549997 0.000000 0.000000 0.000000
    117 4.078125 0.000000 -0.139893 0.000000 0.000000 0.000000
    118 1.636719 0.000000 -0.501953 0.000000 0.000000 0.000000
    119 2.437500 0.000000 0.764160 0.000000 0.000000 0.000000
    120 -0.898998 0.000000 -1.088998 0.000000 0.000000 0.000000
    121 2.025996 -0.001000 0.680999 0.000000 0.000000 1.570816
    122 0.000000 0.000000 0.000000 0.000000 0.000000 -1.570816
    123 0.711998 0.439999 -0.805998 0.000000 0.000000 1.570815
    124 -1.474998 0.000000 0.073000 0.000000 0.000000 1.570816
    125 1.889997 0.409999 0.284999 1.570922 0.000000 0.000000
    126 0.000000 0.000000 0.000000 0.000000 0.000000 0.000000
    127 -0.106000 0.000000 64.320000 0.000000 0.000000 0.000000
    128 0.000000 0.000000 0.000000 0.000000 0.000000 0.000000
    129 0.000000 0.000000 0.000000 0.031591 -0.007239 0.027672
    130 25.333049 5.332680 -7.338989 -0.004646 0.389072 0.446749
    131 0.106000 0.000000 -64.320000 0.000000 0.000000 0.000000
    132 0.000000 0.000000 0.000000 0.000000 0.000000 0.000000
    133 0.000000 0.000000 -4.867002 -3.141592 0.000000 -3.128591
    134 0.000000 0.000000 4.867000 -3.141592 0.000000 -3.128591
    135 4.000000 -6.500000 0.000000 0.000000 0.000000 0.000977
    136 -6.500000 0.000000 0.000000 0.000000 1.570796 0.000000
    137 1.000088 -0.000029 0.000000 0.000000 0.000000 0.000000
    138 17.162516 -0.000404 0.000000 0.000000 0.000000 0.119214
    139 9.999891 -0.000303 0.000000 0.000000 0.000000 0.000000
    140 1.000088 -0.000029 0.000000 0.000000 0.000000 0.000000
    141 17.162516 -0.000404 0.000000 0.000000 0.000000 0.119214
    142 9.499836 0.000212 0.000000 0.000000 0.000000 0.000000
    143 0.000000 0.000000 0.000000 0.000000 0.000000 0.000000
    144 17.749374 0.295515 0.000000 0.000000 0.000000 -1.158958
    145 0.017889 0.299792 0.000000 0.000000 0.000000 -0.059582
    146 12.283573 1.581456 -4.696000 1.462269 -0.086726 0.090185
    147 17.749376 0.295515 0.000000 0.000000 0.000000 -1.158958
    148 0.017889 0.299792 0.000000 0.000000 0.000000 -0.059582
    149 13.354000 0.000000 0.000000 0.000000 0.000000 -0.294101
    150 4.530998 0.000000 0.000000 0.000000 0.000000 0.000000
    151 0.000000 0.000000 0.000000 0.000000 0.000000 0.000000
    152 5.413524 0.000347 0.000000 0.000000 0.000000 -0.518055
    153 5.413524 0.000347 0.000000 0.000000 0.000000 -0.518055
    154 4.662002 -5.366333 4.825191 1.569713 1.561305 -3.121213
    155 3.116966 -0.000443 0.000000 0.000000 0.000000 0.294101
    156 4.531197 0.000000 0.000000 0.000000 0.000000 0.000000
    157 2.658755 6.097842 -52.139733 0.179814 -0.346796 -0.479333
    158 -1.614686 0.003904 0.562248 0.000008 0.314056 0.000000
    159 3.033546 6.090030 -52.987839 -1.500099 -0.169081 1.153213
    160 -1.532227 0.000000 1.129883 -0.262470 -0.000006 1.570749
    161 0.000000 -0.001000 0.000000 0.000000 0.000000 0.000000
    162 3.867000 0.000000 0.228000 0.000000 0.000000 0.000000
    163 3.512001 -3.547000 -1.066000 0.000000 1.570796 0.000000
    164 3.456001 -3.517000 1.169000 0.000000 1.570796 0.000000
    165 6.233002 0.000000 0.000000 0.000000 0.000000 0.000000
    166 -0.171997 -0.106000 -0.902000 1.570713 1.029176 -3.134550
    167 6.277154 -6.340936 0.031251 0.027684 -0.031783 0.006364
    168 -3.106999 0.000000 0.669000 0.000000 0.000000 0.000000
    169 -3.106999 0.000000 0.741000 0.000000 0.000000 0.000000
    170 -3.252000 0.000000 0.540000 0.000000 0.000000 0.000000
    171 3.999434 -0.000528 -0.000332 0.324038 -0.000017 -0.000023
    172 3.999901 0.000038 0.001011 -0.139943 -0.000001 -0.000001
    173 1.598000 0.000000 0.000000 0.000000 0.000000 0.000000
    174 -1.145525 0.000130 0.000668 0.000000 0.000000 0.000000
    175 2.299681 -2.499979 -0.599480 0.892021 0.221512 -0.527234
    176 17.181947 -3.199317 3.614505 0.372911 -0.601199 0.267031
    177 -9.580679 -27.862110 -37.184673 0.812879 -0.123459 -0.568477
    178 0.649933 -0.548295 0.093651 -1.665913 -0.131399 -0.112062
    179 0.657077 0.008401 0.040371 -1.665945 -0.131407 -0.000013
    180 0.665776 0.747221 -0.029190 -1.665935 -0.131408 0.094976
    181 2.300139 -2.499414 0.600159 -0.891995 -0.221560 -0.527344
    182 12.509592 1.698235 3.564709 1.764030 -0.255070 0.216942
    183 2.762354 0.116951 1.523975 1.629482 0.064153 1.743800
    184 7.228323 7.928203 -3.925652 2.328713 0.123459 -0.568477
    185 0.650394 -0.547730 -0.092979 1.665913 0.131399 -0.112062
    186 0.657069 0.008399 -0.040379 1.665945 0.131407 -0.000013
    187 0.665772 0.747219 0.029182 1.665935 0.131408 0.094976
    188 -4.481003 -0.202000 0.000000 0.000000 0.000000 0.000000
    189 -5.516998 -0.291000 -0.001000 0.000000 0.000000 0.000000
    190 -0.857697 0.104070 0.104687 0.023536 0.163924 0.013632
    191 1.899121 0.000427 -0.000439 0.027386 -0.033311 0.477848
    192 1.799658 -0.000240 0.000231 0.027386 -0.033311 0.477848
    193 1.799658 -0.000240 0.000231 0.027386 -0.033311 0.477848
    194 1.799658 -0.000240 0.000231 0.027386 -0.033311 0.477848
    195 1.900312 -0.000137 -0.000517 0.027386 -0.033311 0.477848
    196 1.899436 -0.000320 -0.000151 -0.027386 0.033311 0.477848
    197 1.799664 -0.000233 -0.000233 -0.027386 0.033311 0.477848
    198 1.799664 -0.000233 -0.000233 -0.027386 0.033311 0.477848
    199 1.799664 -0.000233 -0.000233 -0.027386 0.033311 0.477848
    200 1.900729 0.000549 -0.000072 -0.027386 0.033311 0.477848
    201 0.599884 0.400188 -0.000027 0.000000 0.000000 0.000000
    202 0.599888 0.400187 0.000031 0.000000 0.000000 -3.141592
    203 0.599503 0.400696 0.000234 0.000000 0.000000 0.000000
    204 0.600399 0.399632 -0.000466 0.000000 0.000000 -3.141592
  time 18
    0 0.000000 0.000000 0.000000 0.000000 0.000000 -1.570796
    1 -0.106323 0.000000 -0.000198 0.000000 0.000000 0.000000
    2 0.000000 0.000000 0.000000 0.000000 0.000000 0.000000
    3 -0.904000 0.000000 -11.806000 0.000000 0.000000 0.000000
    4 0.000000 0.000000 -14.313999 0.000000 -1.570796 1.570857
    5 3.533001 0.000000 0.000000 0.000000 0.000000 0.000000
    6 6.250000 0.000000 0.000000 0.000000 0.000000 0.000000
    7 9.822865 1.640700 -1.893237 -0.156183 1.432580 -0.154882
    8 9.568951 1.976648 1.819028 2.670616 -1.105090 -2.715883
    9 5.786820 0.002787 -0.000113 -0.391718 1.223031 -0.657836
    10 5.999492 -0.000592 -4.000343 0.000000 0.000000 0.000000
    11 5.787410 0.002582 0.004799 0.771358 -0.907981 -1.110264
    12 5.999492 -0.000592 4.000336 0.000000 0.000000 0.000000
    13 0.500225 0.000133 -0.000088 -0.012364 0.000000 0.000000
    14 11.534559 0.004255 -0.001312 -0.000017 0.000009 -1.908587
    15 -0.829338 0.893824 0.079659 -0.148839 0.047645 0.087266
    16 0.500225 0.000132 0.000076 -0.068710 -0.000012 0.000000
    17 11.532495 0.004432 -0.000089 -0.000030 0.000026 -1.429860
    18 -0.829586 0.894698 -0.079464 0.045377 -0.019621 0.087266
    19 10.599884 0.000105 -0.000553 0.195375 0.000000 0.000000
    20 0.834531 -0.575971 -0.000805 -0.000024 0.000023 0.953305
    21 11.042057 -0.000189 0.000798 0.126007 0.368501 0.976700
    22 -1.214832 0.203470 -0.477489 -0.135025 -0.078677 -0.001289
    23 10.599880 0.000105 0.000549 -0.286899 0.000000 -0.000060
    24 0.361858 -0.400185 0.000801 -0.000024 -0.000047 0.714942
    25 11.041742 0.003171 -0.000571 -0.246625 0.186253 0.531652
    26 -1.063377 0.077663 0.150230 0.045121 0.020046 -0.012850
    27 0.610302 -0.939470 0.070343 -1.654588 -0.038293 -0.184185
    28 0.639940 -0.199121 0.060188 -1.665248 -0.025436 -0.076514
    29 0.600155 1.080261 -0.339535 -1.746510 0.146269 0.041590
    30 0.610207 0.400743 -0.010101 -1.762268 0.052646 0.020856
    31 0.634715 -0.693997 -0.232343 0.057048 -0.018888 -0.824490
    32 -0.792125 0.203736 0.461300 1.439074 -0.003453 -0.018305
    33 0.610300 -0.939469 -0.070351 1.655337 0.139988 -0.175676
    34 0.639937 -0.199121 -0.060200 1.665952 0.131308 -0.066502
    35 0.600586 1.130859 0.033752 1.738057 -0.020761 0.107329
    36 0.610205 0.400743 0.010086 1.762348 0.061543 0.042962
    37 0.629883 -0.689453 0.230347 -0.750747 -0.567048 -0.967115
    38 -0.626031 -0.069983 -0.080517 -1.447153 0.086151 0.021559
    39 2.625284 -0.002532 -0.001438 -0.405254 -0.205105 0.858920
    40 2.664743 0.000397 -0.000071 -0.284145 -0.052270 1.041586
    41 2.206394 0.003368 -0.006769 -0.163556 0.042738 0.934386
    42 0.599952 0.959240 -0.300102 -0.174544 0.000000 0.000000
    43 2.557190 -0.001967 0.002453 -0.034147 0.013793 1.015799
    44 2.095024 -0.003873 -0.002193 -0.228541 0.310858 0.588569
    45 0.999380 -0.000236 -1.197651 -0.000001 0.000000 0.000000
    46 -0.122639 -0.721856 0.661690 -0.486644 0.223964 0.243056
    47 2.619141 0.000141 -0.000401 0.055589 0.402473 0.372937
    48 2.658203 0.000781 0.000162 0.351904 0.247667 1.152005
    49 2.199219 0.000516 -0.000122 0.245882 -0.018377 1.177006
    50 0.599951 0.959244 0.300102 0.174544 0.000000 0.000000
    51 2.558594 -0.000149 -0.000031 0.273469 0.149728 1.224778
    52 2.095703 -0.000095 -0.000401 0.482182 -0.410387 0.684474
    53 0.999512 0.000054 1.119141 0.000000 0.000000 0.000001
    54 0.310846 -0.606445 -0.498005 0.308107 -0.197598 0.313976
    55 1.873069 -0.004741 -0.004901 -0.000007 0.000004 0.784221
    56 1.200941 0.399582 -0.000237 -0.009465 0.016087 0.007127
    57 0.000586 0.100342 -0.000319 -0.120035 -0.021926 -0.209617
    58 -0.161663 0.051712 0.194808 -2.941982 0.122408 -0.060194
    59 2.010092 -0.007109 -0.003377 -0.000018 0.000013 1.044005
    60 0.000240 0.099802 -0.000395 -0.018823 0.010833 -0.239219
    61 -0.203197 0.048607 0.069150 -3.093332 0.033217 -0.046722
    62 1.180428 -0.006214 0.000780 -0.000085 -0.000024 0.728867
    63 -0.000196 0.099625 -0.000034 0.000000 0.000000 -0.314102
    64 -0.088736 -0.688435 -0.145203 2.930407 -0.136130 0.513013
    65 1.712069 -0.003328 0.003818 0.000070 0.000027 0.870987
    66 -0.000580 0.100145 -0.000311 -0.010912 0.023131 -0.260841
    67 -0.146030 -0.232426 -0.014225 3.028455 -0.094299 0.113020
    68 1.290632 0.000362 -0.000032 0.000000 0.000000 0.012993
    69 -0.658121 -0.003575 0.072645 -0.142711 0.027792 -0.077299
    70 1.868080 -0.003049 0.006083 0.000003 0.000003 0.210491
    71 1.200079 0.399944 -0.000093 0.009465 -0.016087 0.007127
    72 0.000591 0.100342 0.000319 0.120035 0.021926 -0.209617
    73 0.068077 0.002285 -0.080050 3.111376 -0.069366 -0.060847
    74 2.007813 -0.000883 -0.000381 -0.000044 0.000040 1.464654
    75 0.000229 0.099802 0.000395 0.018823 -0.010833 -0.239219
    76 -0.018673 -0.001009 0.047544 3.109244 0.002635 -0.106673
    77 1.178665 0.001595 0.000845 -0.000022 -0.000053 0.807088
    78 -0.000198 0.099628 0.000034 0.000000 0.000000 -0.314102
    79 0.036892 -0.634449 0.266284 -2.801062 0.174301 0.490914
    80 1.707031 0.000723 0.000200 -0.000035 -0.000050 1.238445
    81 -0.000576 0.100136 0.000311 0.010912 -0.023131 -0.260841
    82 -0.003952 -0.281811 0.115047 -3.059162 0.089004 0.167964
    83 1.290039 0.000364 -0.000046 -0.000058 0.000014 0.465379
    84 -0.171528 -0.018148 -0.099873 0.013484 -0.062184 -0.011780
    85 0.912716 0.007240 0.001326 -0.000041 0.000045 0.986130
    86 -0.342617 0.053404 -0.025571 -2.909301 -0.017248 0.075276
    87 1.100231 -0.000930 -0.002434 0.000009 0.000014 0.529645
    88 -0.384983 0.330998 0.006848 -3.087207 -0.018765 -0.184279
    89 0.678146 0.006192 0.000002 0.000042 -0.000031 0.545483
    90 -0.123848 0.072737 0.029507 2.898184 -0.060627 0.094834
    91 1.017166 -0.000154 -0.000252 -0.000035 -0.000074 0.730743
    92 -0.344986 0.123129 0.143151 2.994981 0.012396 0.059140
    93 -0.730988 0.177046 0.039141 -0.123731 0.076518 -0.084310
    94 0.921993 0.005205 -0.000896 -0.000050 -0.000011 -0.163721
    95 -0.124027 -0.052092 0.038496 3.077813 -0.008519 0.039229
    96 1.098633 0.000008 0.000469 0.000000 0.000000 0.904169
    97 -0.330082 0.160641 0.042780 3.128073 0.034033 -0.171236
    98 0.678711 -0.000813 0.000175 0.000000 0.000000 0.937064
    99 -0.019516 -0.016531 0.038578 -2.763781 0.050305 0.076828
    100 1.018891 0.001206 0.001121 0.000054 -0.000029 0.984570
    101 -0.155312 0.130643 -0.021921 -3.022466 0.022433 -0.024903
    102 -0.252209 0.061937 -0.024914 -0.007671 -0.063171 -0.044392
    103 -0.085991 0.185203 -0.015180 -2.937063 -0.113970 -0.138991
    104 -0.286537 0.179852 0.024264 -3.109353 -0.049645 -0.029915
    105 -0.019489 0.147084 0.079203 2.893815 0.038585 -0.060594
    106 -0.046482 0.251898 0.129548 3.016165 0.077112 -0.042864
    107 0.039120 -0.040298 0.047739 3.084219 0.030470 -0.037414
    108 -0.233757 0.066630 0.001754 -3.133086 0.040141 -0.065413
    109 0.044266 0.020128 0.001684 -2.778763 -0.118872 -0.040488
    110 0.071495 0.074127 -0.048302 -3.035917 -0.059482 0.104366
    111 1.355510 -16.684103 -12.656636 -0.043722 0.352566 -1.167523
    112 -2.136784 5.164220 -4.519669 0.476840 -0.502522 -1.308394
    113 -1.142999 -0.001000 0.273999 -1.006101 -0.000004 1.570789
    114 -0.943998 0.000000 1.776996 0.000000 0.000000 0.000000
    115 2.039996 -0.296999 1.310997 0.000000 0.000000 -1.570817
    116 -0.653999 0.000000 -1.549997 0.000000 0.000000 0.000000
    117 4.078125 0.000000 -0.139893 0.000000 0.000000 0.000000
    118 1.636719 0.000000 -0.501953 0.000000 0.000000 0.000000
    119 2.437500 0.000000 0.764160 0.000000 0.000000 0.000000
    120 -0.898998 0.000000 -1.088998 0.000000 0.000000 0.000000
    121 2.025996 -0.001000 0.680999 0.000000 0.000000 1.570816
    122 0.000000 0.000000 0.000000 0.000000 0.000000 -1.570816
    123 0.711998 0.439999 -0.805998 0.000000 0.000000 1.570815
    124 -1.474998 0.000000 0.073000 0.000000 0.000000 1.570816
    125 1.889997 0.409999 0.284999 1.570922 0.000000 0.000000
    126 0.000000 0.000000 0.000000 0.000000 0.000000 0.000000
    127 -0.106000 0.000000 64.320000 0.000000 0.000000 0.000000
    128 0.000000 0.000000 0.000000 0.000000 0.000000 0.000000
    129 0.000000 0.000000 0.000000 0.028811 -0.005153 0.020242
    130 25.590870 4.645159 -5.788160 -0.043918 0.352606 0.403330
    131 0.106000 0.000000 -64.320000 0.000000 0.000000 0.000000
    132 0.000000 0.000000 0.000000 0.000000 0.000000 0.000000
    133 0.000000 0.000000 -4.867002 -3.141592 0.000000 -3.128591
    134 0.000000 0.000000 4.867000 -3.141592 0.000000 -3.128591
    135 4.000000 -6.500000 0.000000 0.000000 0.000000 0.000977
    136 -6.500000 0.000000 0.000000 0.000000 1.570796 0.000000
    137 1.000088 -0.000029 0.000000 0.000000 0.000000 0.000000
    138 17.162516 -0.000404 0.000000 0.000000 0.000000 0.119214
    139 9.999891 -0.000303 0.000000 0.000000 0.000000 0.000000
    140 1.000088 -0.000029 0.000000 0.000000 0.000000 0.000000
    141 17.162516 -0.000404 0.000000 0.000000 0.000000 0.119214
    142 9.499836 0.000212 0.000000 0.000000 0.000000 0.000000
    143 0.000000 0.000000 0.000000 0.000000 0.000000 0.000000
    144 17.749374 0.295515 0.000000 0.000000 0.000000 -1.158958
    145 0.017889 0.299792 0.000000 0.000000 0.000000 -0.059582
    146 12.283573 1.581456 -4.696000 1.462269 -0.086726 0.090185
    147 17.749376 0.295515 0.000000 0.000000 0.000000 -1.158958
    148 0.017889 0.299792 0.000000 0.000000 0.000000 -0.059582
    149 13.354000 0.000000 0.000000 0.000000 0.000000 -0.294101
    150 4.530998 0.000000 0.000000 0.000000 0.000000 0.000000
    151 0.000000 0.000000 0.000000 0.000000 0.000000 0.000000
    152 5.413524 0.000347 0.000000 0.000000 0.000000 -0.518055
    153 5.413524 0.000347 0.000000 0.000000 0.000000 -0.518055
    154 4.662002 -5.366333 4.825191 1.569713 1.561305 -3.121213
    155 3.116966 -0.000443 0.000000 0.000000 0.000000 0.294101
    156 4.531197 0.000000 0.000000 0.000000 0.000000 0.000000
    157 1.154803 7.738517 -53.178828 0.184256 -0.305165 -0.440299
    158 -1.614686 0.003904 0.562248 0.000008 0.314056 0.000000
    159 1.498343 7.765862 -54.038652 -1.458149 -0.175789 1.186510
    160 -1.532227 0.000000 1.129883 -0.262470 -0.000006 1.570749
    161 0.000000 -0.001000 0.000000 0.000000 0.000000 0.000000
    162 3.867000 0.000000 0.228000 0.000000 0.000000 0.000000
    163 3.512001 -3.547000 -1.066000 0.000000 1.570796 0.000000
    164 3.456001 -3.517000 1.169000 0.000000 1.570796 0.000000
    165 6.233002 0.000000 0.000000 0.000000 0.000000 0.000000
    166 -0.171997 -0.106000 -0.902000 1.570713 1.029176 -3.134550
    167 6.273248 -6.348749 0.031251 0.020254 -0.028919 0.004578
    168 -3.106999 0.000000 0.669000 0.000000 0.000000 0.000000
    169 -3.106999 0.000000 0.741000 0.000000 0.000000 0.000000
    170 -3.252000 0.000000 0.540000 0.000000 0.000000 0.000000
    171 3.999434 -0.000528 -0.000332 0.097645 -0.000017 -0.000023
    172 3.999901 0.000038 0.001011 -0.143425 -0.000001 -0.000001
    173 1.598000 0.000000 0.000000 0.000000 0.000000 0.000000
    174 -1.145525 0.000130 0.000668 0.000000 0.000000 0.000000
    175 2.299681 -2.499979 -0.599480 0.892021 0.221512 -0.527234
    176 15.912377 -2.515702 5.055955 0.581265 -0.728712 0.273964
    177 -9.580679 -27.862110 -37.184673 0.812879 -0.123459 -0.568477
    178 0.649933 -0.548295 0.093651 -1.665913 -0.131399 -0.112062
    179 0.657077 0.008401 0.040371 -1.665945 -0.131407 -0.000013
    180 0.665776 0.747221 -0.029190 -1.665935 -0.131408 0.094976
    181 2.300139 -2.499414 0.600159 -0.891995 -0.221560 -0.527344
    182 12.509592 1.698235 3.564709 1.764030 -0.255070 0.216942
    183 2.762354 0.116951 1.523975 1.629482 0.064153 1.743800
    184 7.228323 7.928203 -3.925652 2.328713 0.123459 -0.568477
    185 0.650394 -0.547730 -0.092979 1.665913 0.131399 -0.112062
    186 0.657069 0.008399 -0.040379 1.665945 0.131407 -0.000013
    187 0.665772 0.747219 0.029182 1.665935 0.131408 0.094976
    188 -4.481003 -0.202000 0.000000 0.000000 0.000000 0.000000
    189 -5.516998 -0.291000 -0.001000 0.000000 0.000000 0.000000
    190 -0.857697 0.104070 0.104687 0.023536 0.163924 0.013632
    191 1.899121 0.000427 -0.000439 0.027386 -0.033311 0.477848
    192 1.799658 -0.000240 0.000231 0.027386 -0.033311 0.477848
    193 1.799658 -0.000240 0.000231 0.027386 -0.033311 0.477848
    194 1.799658 -0.000240 0.000231 0.027386 -0.033311 0.477848
    195 1.900312 -0.000137 -0.000517 0.027386 -0.033311 0.477848
    196 1.899436 -0.000320 -0.000151 -0.027386 0.033311 0.477848
    197 1.799664 -0.000233 -0.000233 -0.027386 0.033311 0.477848
    198 1.799664 -0.000233 -0.000233 -0.027386 0.033311 0.477848
    199 1.799664 -0.000233 -0.000233 -0.027386 0.033311 0.477848
    200 1.900729 0.000549 -0.000072 -0.027386 0.033311 0.477848
    201 0.599884 0.400188 -0.000027 0.000000 0.000000 0.000000
    202 0.599888 0.400187 0.000031 0.000000 0.000000 -3.141592
    203 0.599503 0.400696 0.000234 0.000000 0.000000 0.000000
    204 0.600399 0.399632 -0.000466 0.000000 0.000000 -3.141592
  time 19
    0 0.000000 0.000000 0.000000 0.000000 0.000000 -1.570796
    1 -0.106323 0.000000 -0.000198 0.000000 0.000000 0.000000
    2 0.000000 0.000000 0.000000 0.000000 0.000000 0.000000
    3 -0.904000 0.000000 -11.806000 0.000000 0.000000 0.000000
    4 0.000000 0.000000 -14.313999 0.000000 -1.570796 1.570857
    5 3.533001 0.000000 0.000000 0.000000 0.000000 0.000000
    6 6.250000 0.000000 0.000000 0.000000 0.000000 0.000000
    7 9.803333 1.660232 -1.889331 -0.156533 1.432816 -0.155143
    8 9.568951 1.976648 1.819028 2.653103 -1.115786 -2.698042
    9 5.786820 0.002787 -0.000113 -0.436180 1.257321 -0.729320
    10 5.999492 -0.000592 -4.000343 0.000000 0.000000 0.000000
    11 5.791316 0.002582 0.004799 0.775199 -0.869864 -1.121013
    12 5.999492 -0.000592 4.000336 0.000000 0.000000 0.000000
    13 0.500225 0.000133 -0.000088 -0.027375 0.000000 -0.000060
    14 11.534559 0.004255 -0.001312 0.000031 -0.000027 -1.833901
    15 -0.829338 0.893824 0.079659 -0.148839 0.047645 0.087266
    16 0.500225 0.000132 0.000076 -0.070063 -0.000048 0.000000
    17 11.536401 0.000526 -0.000089 0.000102 -0.000022 -1.491316
    18 -0.829586 0.894698 -0.079464 0.045377 -0.019621 0.087266
    19 10.599884 0.000105 -0.000553 -0.093747 0.000000 0.000000
    20 0.736871 -0.568159 -0.000805 0.000000 0.000011 0.916895
    21 11.042057 0.003717 0.004704 -0.075508 0.385754 0.700793
    22 -1.214832 0.203470 -0.477489 -0.135025 -0.078677 -0.001289
    23 10.599880 0.000105 0.000549 -0.299651 0.000000 -0.000060
    24 0.400922 -0.427529 0.000801 0.000000 -0.000011 0.745654
    25 11.041742 0.007077 -0.000571 -0.247772 0.210421 0.584973
    26 -1.063377 0.077663 0.150230 0.045121 0.020046 -0.012850
    27 0.610302 -0.939470 0.070343 -1.654689 -0.060896 -0.182267
    28 0.639940 -0.199121 0.060188 -1.665350 -0.047643 -0.074441
    29 0.600155 1.080261 -0.339535 -1.745290 0.126207 0.043639
    30 0.610207 0.400743 -0.010101 -1.762161 0.031601 0.024931
    31 0.630809 -0.693997 -0.232343 0.059189 -0.059418 -0.789454
    32 -0.792125 0.203736 0.461300 1.439074 -0.003453 -0.018305
    33 0.610300 -0.939469 -0.070351 1.655337 0.139988 -0.175676
    34 0.639937 -0.199121 -0.060200 1.665952 0.131308 -0.066502
    35 0.600586 1.130859 0.033752 1.738057 -0.020761 0.107329
    36 0.610205 0.400743 0.010086 1.762348 0.061543 0.042962
    37 0.629883 -0.689453 0.230347 -0.750747 -0.567048 -0.967115
    38 -0.626031 -0.069983 -0.080517 -1.447153 0.086151 0.021559
    39 2.621377 -0.006439 -0.001438 -0.425474 -0.225289 0.888172
    40 2.664743 0.000397 -0.000071 -0.296055 -0.056428 1.067506
    41 2.202488 0.003368 -0.006769 -0.139599 0.045129 0.955950
    42 0.599952 0.959240 -0.300102 -0.174544 0.000000 0.000000
    43 2.553283 -0.001967 0.006359 -0.026994 0.017796 1.041076
    44 2.095024 -0.003873 -0.006100 -0.231897 0.306005 0.577437
    45 0.999380 -0.000236 -1.209370 -0.000001 0.000000 0.000000
    46 -0.122639 -0.721856 0.661690 -0.486644 0.223964 0.243056
    47 2.619141 0.000141 -0.000401 0.055589 0.402473 0.372937
    48 2.658203 0.000781 0.000162 0.351904 0.247667 1.152005
    49 2.199219 0.000516 -0.000122 0.245882 -0.018377 1.177006
    50 0.599951 0.959244 0.300102 0.174544 0.000000 0.000000
    51 2.558594 -0.000149 -0.000031 0.273469 0.149728 1.224778
    52 2.095703 -0.000095 -0.000401 0.482182 -0.410387 0.684474
    53 0.999512 0.000054 1.119141 0.000000 0.000000 0.000001
    54 0.310846 -0.606445 -0.498005 0.308107 -0.197598 0.313976
    55 1.869163 -0.004741 -0.000994 -0.000079 0.000027 0.705560
    56 1.200941 0.399582 -0.000237 -0.009465 0.016087 0.007127
    57 0.000586 0.100342 -0.000319 -0.120035 -0.021926 -0.209617
    58 -0.161663 0.051712 0.194808 -2.941982 0.122408 -0.060194
    59 2.010092 -0.007109 -0.003377 -0.000066 -0.000011 0.994513
    60 0.000240 0.099802 -0.000395 -0.018823 0.010833 -0.239219
    61 -0.203197 0.048607 0.069150 -3.093332 0.033217 -0.046722
    62 1.180428 -0.006214 0.000780 -0.000014 0.000012 0.674206
    63 -0.000196 0.099625 -0.000034 0.000000 0.000000 -0.314102
    64 -0.088736 -0.688435 -0.145203 2.930407 -0.136130 0.513013
    65 1.712069 -0.003328 -0.000088 0.000059 0.000027 0.841300
    66 -0.000580 0.100145 -0.000311 -0.010912 0.023131 -0.260841
    67 -0.146030 -0.232426 -0.014225 3.028455 -0.094299 0.113020
    68 1.290632 0.000362 -0.000032 0.000000 0.000000 -0.072914
    69 -0.658121 -0.003575 0.072645 -0.142711 0.027792 -0.077299
    70 1.871986 -0.006956 0.006083 0.000003 0.000003 0.210491
    71 1.200079 0.399944 -0.000093 0.009465 -0.016087 0.007127
    72 0.000591 0.100342 0.000319 0.120035 0.021926 -0.209617
    73 0.068077 0.002285 -0.080050 3.111376 -0.069366 -0.060847
    74 2.007813 -0.000883 -0.000381 -0.000044 0.000040 1.464654
    75 0.000229 0.099802 0.000395 0.018823 -0.010833 -0.239219
    76 -0.018673 -0.001009 0.047544 3.109244 0.002635 -0.106673
    77 1.178665 0.001595 0.000845 -0.000022 -0.000053 0.807088
    78 -0.000198 0.099628 0.000034 0.000000 0.000000 -0.314102
    79 0.036892 -0.634449 0.266284 -2.801062 0.174301 0.490914
    80 1.707031 0.000723 0.000200 -0.000035 -0.000050 1.238445
    81 -0.000576 0.100136 0.000311 0.010912 -0.023131 -0.260841
    82 -0.003952 -0.281811 0.115047 -3.059162 0.089004 0.167964
    83 1.290039 0.000364 -0.000046 -0.000058 0.000014 0.465379
    84 -0.171528 -0.018148 -0.099873 0.013484 -0.062184 -0.011780
    85 0.912716 0.007240 0.001326 0.000019 0.000021 0.937692
    86 -0.342617 0.053404 -0.025571 -2.909301 -0.017248 0.075276
    87 1.100231 -0.000930 -0.002434 0.000009 0.000014 0.440309
    88 -0.384983 0.330998 0.006848 -3.087207 -0.018765 -0.184279
    89 0.678146 0.002286 0.000002 -0.000018 -0.000019 0.472867
    90 -0.123848 0.072737 0.029507 2.898184 -0.060627 0.094834
    91 1.017166 -0.000154 -0.000252 -0.000023 -0.000014 0.648138
    92 -0.344986 0.123129 0.143151 2.994981 0.012396 0.059140
    93 -0.730988 0.177046 0.039141 -0.123731 0.076518 -0.084310
    94 0.925900 0.005205 -0.000896 -0.000062 -0.000011 -0.164006
    95 -0.124027 -0.052092 0.038496 3.077813 -0.008519 0.039229
    96 1.098633 0.000008 0.000469 0.000000 0.000000 0.904169
    97 -0.330082 0.160641 0.042780 3.128073 0.034033 -0.171236
    98 0.678711 -0.000813 0.000175 0.000000 0.000000 0.937064
    99 -0.019516 -0.016531 0.038578 -2.763781 0.050305 0.076828
    100 1.018891 0.005113 0.001121 0.000066 -0.000029 0.984570
    101 -0.155312 0.130643 -0.021921 -3.022466 0.022433 -0.024903
    102 -0.252209 0.061937 -0.024914 -0.007671 -0.063171 -0.044392
    103 -0.085991 0.185203 -0.015180 -2.937063 -0.113970 -0.138991
    104 -0.286537 0.179852 0.024264 -3.109353 -0.049645 -0.029915
    105 -0.019489 0.147084 0.079203 2.893815 0.038585 -0.060594
    106 -0.046482 0.251898 0.129548 3.016165 0.077112 -0.042864
    107 0.039120 -0.040298 0.047739 3.084219 0.030470 -0.037414
    108 -0.233757 0.066630 0.001754 -3.133086 0.040141 -0.065413
    109 0.044266 0.020128 0.001684 -2.778763 -0.118872 -0.040488
    110 0.071495 0.074127 -0.048302 -3.035917 -0.059482 0.104366
    111 1.007843 -16.586444 -11.379254 -0.081895 0.313803 -1.207953
    112 -1.714896 5.734550 -4.273568 0.441305 -0.545449 -1.318532
    113 -1.142999 -0.001000 0.273999 -1.006101 -0.000004 1.570789
    114 -0.943998 0.000000 1.776996 0.000000 0.000000 0.000000
    115 2.039996 -0.296999 1.310997 0.000000 0.000000 -1.570817
    116 -0.653999 0.000000 -1.549997 0.000000 0.000000 0.000000
    117 4.078125 0.000000 -0.139893 0.000000 0.000000 0.000000
    118 1.636719 0.000000 -0.501953 0.000000 0.000000 0.000000
    119 2.437500 0.000000 0.764160 0.000000 0.000000 0.000000
    120 -0.898998 0.000000 -1.088998 0.000000 0.000000 0.000000
    121 2.025996 -0.001000 0.680999 0.000000 0.000000 1.570816
    122 0.000000 0.000000 0.000000 0.000000 0.000000 -1.570816
    123 0.711998 0.439999 -0.805998 0.000000 0.000000 1.570815
    124 -1.474998 0.000000 0.073000 0.000000 0.000000 1.570816
    125 1.889997 0.409999 0.284999 1.570922 0.000000 0.000000
    126 0.000000 0.000000 0.000000 0.000000 0.000000 0.000000
    127 -0.106000 0.000000 64.320000 0.000000 0.000000 0.000000
    128 0.000000 0.000000 0.000000 0.000000 0.000000 0.000000
    129 0.000000 0.000000 0.000000 0.023897 -0.003643 0.016647
    130 25.813533 3.981076 -4.174830 -0.082075 0.313846 0.362806
    131 0.106000 0.000000 -64.320000 0.000000 0.000000 0.000000
    132 0.000000 0.000000 0.000000 0.000000 0.000000 0.000000
    133 0.000000 0.000000 -4.867002 -3.141592 0.000000 -3.128591
    134 0.000000 0.000000 4.867000 -3.141592 0.000000 -3.128591
    135 4.000000 -6.500000 0.000000 0.000000 0.000000 0.000977
    136 -6.500000 0.000000 0.000000 0.000000 1.570796 0.000000
    137 1.000088 -0.000029 0.000000 0.000000 0.000000 0.000000
    138 17.162516 -0.000404 0.000000 0.000000 0.000000 0.119214
    139 9.999891 -0.000303 0.000000 0.000000 0.000000 0.000000
    140 1.000088 -0.000029 0.000000 0.000000 0.000000 0.000000
    141 17.162516 -0.000404 0.000000 0.000000 0.000000 0.119214
    142 9.499836 0.000212 0.000000 0.000000 0.000000 0.000000
    143 0.000000 0.000000 0.000000 0.000000 0.000000 0.000000
    144 17.749374 0.295515 0.000000 0.000000 0.000000 -1.158958
    145 0.017889 0.299792 0.000000 0.000000 0.000000 -0.059582
    146 12.283573 1.581456 -4.696000 1.462269 -0.086726 0.090185
    147 17.749376 0.295515 0.000000 0.000000 0.000000 -1.158958
    148 0.017889 0.299792 0.000000 0.000000 0.000000 -0.059582
    149 13.354000 0.000000 0.000000 0.000000 0.000000 -0.294101
    150 4.530998 0.000000 0.000000 0.000000 0.000000 0.000000
    151 0.000000 0.000000 0.000000 0.000000 0.000000 0.000000
    152 5.413524 0.000347 0.000000 0.000000 0.000000 -0.518055
    153 5.413524 0.000347 0.000000 0.000000 0.000000 -0.518055
    154 4.662002 -5.366333 4.825191 1.569713 1.561305 -3.121213
    155 3.116966 -0.000443 0.000000 0.000000 0.000000 0.294101
    156 4.531197 0.000000 0.000000 0.000000 0.000000 0.000000
    157 -0.536655 9.601856 -54.147607 0.194621 -0.260982 -0.400932
    158 -1.614686 0.003904 0.562248 0.000008 0.314056 0.000000
    159 -0.232179 9.672170 -55.023057 -1.413857 -0.188064 1.220762
    160 -1.532227 0.000000 1.129883 -0.262470 -0.000006 1.570749
    161 0.000000 -0.001000 0.000000 0.000000 0.000000 0.000000
    162 3.867000 0.000000 0.228000 0.000000 0.000000 0.000000
    163 3.512001 -3.547000 -1.066000 0.000000 1.570796 0.000000
    164 3.456001 -3.517000 1.169000 0.000000 1.570796 0.000000
    165 6.233002 0.000000 0.000000 0.000000 0.000000 0.000000
    166 -0.171997 -0.106000 -0.902000 1.570713 1.029176 -3.134550
    167 6.261529 -6.360468 0.031251 0.016659 -0.023945 0.003260
    168 -3.106999 0.000000 0.669000 0.000000 0.000000 0.000000
    169 -3.106999 0.000000 0.741000 0.000000 0.000000 0.000000
    170 -3.252000 0.000000 0.540000 0.000000 0.000000 0.000000
    171 3.999434 -0.000528 -0.000332 -0.046952 -0.000017 0.000061
    172 3.999901 0.000038 0.001011 -0.150603 -0.000001 -0.000001
    173 1.598000 0.000000 0.000000 0.000000 0.000000 0.000000
    174 -1.145525 0.000130 0.000668 0.000000 0.000000 0.000000
    175 2.299681 -2.499979 -0.599480 0.892021 0.221512 -0.527234
    176 14.927971 -2.367260 5.907543 0.785925 -0.821806 0.277348
    177 -9.580679 -27.862110 -37.184673 0.812879 -0.123459 -0.568477
    178 0.649933 -0.548295 0.093651 -1.665913 -0.131399 -0.112062
    179 0.657077 0.008401 0.040371 -1.665945 -0.131407 -0.000013
    180 0.665776 0.747221 -0.029190 -1.665935 -0.131408 0.094976
    181 2.300139 -2.499414 0.600159 -0.891995 -0.221560 -0.527344
    182 12.509592 1.698235 3.564709 1.764030 -0.255070 0.216942
    183 2.762354 0.116951 1.523975 1.629482 0.064153 1.743800
    184 7.228323 7.928203 -3.925652 2.328713 0.123459 -0.568477
    185 0.650394 -0.547730 -0.092979 1.665913 0.131399 -0.112062
    186 0.657069 0.008399 -0.040379 1.665945 0.131407 -0.000013
    187 0.665772 0.747219 0.029182 1.665935 0.131408 0.094976
    188 -4.481003 -0.202000 0.000000 0.000000 0.000000 0.000000
    189 -5.516998 -0.291000 -0.001000 0.000000 0.000000 0.000000
    190 -0.857697 0.104070 0.104687 0.023536 0.163924 0.013632
    191 1.899121 0.000427 -0.000439 0.027386 -0.033311 0.477848
    192 1.799658 -0.000240 0.000231 0.027386 -0.033311 0.477848
    193 1.799658 -0.000240 0.000231 0.027386 -0.033311 0.477848
    194 1.799658 -0.000240 0.000231 0.027386 -0.033311 0.477848
    195 1.900312 -0.000137 -0.000517 0.027386 -0.033311 0.477848
    196 1.899436 -0.000320 -0.000151 -0.027386 0.033311 0.477848
    197 1.799664 -0.000233 -0.000233 -0.027386 0.033311 0.477848
    198 1.799664 -0.000233 -0.000233 -0.027386 0.033311 0.477848
    199 1.799664 -0.000233 -0.000233 -0.027386 0.033311 0.477848
    200 1.900729 0.000549 -0.000072 -0.027386 0.033311 0.477848
    201 0.599884 0.400188 -0.000027 0.000000 0.000000 0.000000
    202 0.599888 0.400187 0.000031 0.000000 0.000000 -3.141592
    203 0.599503 0.400696 0.000234 0.000000 0.000000 0.000000
    204 0.600399 0.399632 -0.000466 0.000000 0.000000 -3.141592
  time 20
    0 0.000000 0.000000 0.000000 0.000000 0.000000 -1.570796
    1 -0.106323 0.000000 -0.000198 0.000000 0.000000 0.000000
    2 0.000000 0.000000 0.000000 0.000000 0.000000 0.000000
    3 -0.904000 0.000000 -11.806000 0.000000 0.000000 0.000000
    4 0.000000 0.000000 -14.313999 0.000000 -1.570796 1.570857
    5 3.533001 0.000000 0.000000 0.000000 0.000000 0.000000
    6 6.250000 0.000000 0.000000 0.000000 0.000000 0.000000
    7 9.787707 1.683670 -1.881518 -0.156708 1.433052 -0.155579
    8 9.568951 1.976648 1.819028 2.632823 -1.131502 -2.676025
    9 5.790726 0.002787 -0.000113 -0.517165 1.268581 -0.826651
    10 5.999492 -0.000592 -4.000343 0.000000 0.000000 0.000000
    11 5.787410 0.002582 0.004799 0.785036 -0.825032 -1.136789
    12 5.999492 -0.000592 4.000336 0.000000 0.000000 0.000000
    13 0.500225 0.000133 -0.000088 -0.028305 0.000000 0.000000
    14 11.534559 0.004255 -0.001312 0.000019 0.000057 -1.749577
    15 -0.829338 0.893824 0.079659 -0.148839 0.047645 0.087266
    16 0.500225 0.000132 0.000076 -0.076457 -0.000012 0.000000
    17 11.532495 0.000526 -0.000089 -0.000042 -0.000058 -1.542486
    18 -0.829586 0.894698 -0.079464 0.045377 -0.019621 0.087266
    19 10.599884 0.000105 -0.000553 -0.273713 0.000000 0.000000
    20 0.631400 -0.533001 -0.000805 0.000000 0.000011 0.874768
    21 11.042057 0.003717 0.004704 -0.251427 0.356649 0.457300
    22 -1.214832 0.203470 -0.477489 -0.135025 -0.078677 -0.001289
    23 10.599880 0.000105 0.000549 -0.312494 0.000000 -0.000036
    24 0.443892 -0.450967 0.000801 0.000000 -0.000011 0.771236
    25 11.041742 0.003171 -0.000571 -0.250116 0.231739 0.635960
    26 -1.063377 0.077663 0.150230 0.045121 0.020046 -0.012850
    27 0.610302 -0.939470 0.070343 -1.654840 -0.083487 -0.180362
    28 0.639940 -0.199121 0.060188 -1.665502 -0.069875 -0.072355
    29 0.600155 1.080261 -0.339535 -1.744176 0.106133 0.045652
    30 0.610207 0.400743 -0.010101 -1.761999 0.010568 0.029006
    31 0.634715 -0.693997 -0.236250 0.059874 -0.074006 -0.756778
    32 -0.792125 0.203736 0.461300 1.439074 -0.003453 -0.018305
    33 0.610300 -0.939469 -0.070351 1.655337 0.139988 -0.175676
    34 0.639937 -0.199121 -0.060200 1.665952 0.131308 -0.066502
    35 0.600586 1.130859 0.033752 1.738057 -0.020761 0.107329
    36 0.610205 0.400743 0.010086 1.762348 0.061543 0.042962
    37 0.629883 -0.689453 0.230347 -0.750747 -0.567048 -0.967115
    38 -0.626031 -0.069983 -0.080517 -1.447153 0.086151 0.021559
    39 2.625284 -0.002532 -0.001438 -0.432597 -0.232605 0.898448
    40 2.660837 0.000397 -0.000071 -0.300354 -0.061462 1.076678
    41 2.206394 0.003368 -0.006769 -0.117907 0.045887 0.963531
    42 0.599952 0.959240 -0.300102 -0.174544 0.000000 0.000000
    43 2.557190 -0.001967 0.006359 -0.019115 0.019186 1.050062
    44 2.095024 0.000033 -0.006100 -0.235205 0.301130 0.566366
    45 0.999380 -0.000236 -1.221089 -0.000001 0.000000 0.000000
    46 -0.122639 -0.721856 0.661690 -0.486644 0.223964 0.243056
    47 2.619141 0.000141 -0.000401 0.055589 0.402473 0.372937
    48 2.658203 0.000781 0.000162 0.351904 0.247667 1.152005
    49 2.199219 0.000516 -0.000122 0.245882 -0.018377 1.177006
    50 0.599951 0.959244 0.300102 0.174544 0.000000 0.000000
    51 2.558594 -0.000149 -0.000031 0.273469 0.149728 1.224778
    52 2.095703 -0.000095 -0.000401 0.482182 -0.410387 0.684474
    53 0.999512 0.000054 1.119141 0.000000 0.000000 0.000001
    54 0.310846 -0.606445 -0.498005 0.308107 -0.197598 0.313976
    55 1.873069 -0.004741 -0.000994 0.000017 0.000063 0.631369
    56 1.200941 0.399582 -0.000237 -0.009465 0.016087 0.007127
    57 0.000586 0.100342 -0.000319 -0.120035 -0.021926 -0.209617
    58 -0.161663 0.051712 0.194808 -2.941982 0.122408 -0.060194
    59 2.010092 -0.007109 -0.007284 0.000077 -0.000011 0.941411
    60 0.000240 0.099802 -0.000395 -0.018823 0.010833 -0.239219
    61 -0.203197 0.048607 0.069150 -3.093332 0.033217 -0.046722
    62 1.180428 -0.006214 0.000780 -0.000014 0.000000 0.627934
    63 -0.000196 0.099625 -0.000034 0.000000 0.000000 -0.314102
    64 -0.088736 -0.688435 -0.145203 2.930407 -0.136130 0.513013
    65 1.712069 -0.003328 0.003818 0.000047 0.000039 0.811679
    66 -0.000580 0.100145 -0.000311 -0.010912 0.023131 -0.260841
    67 -0.146030 -0.232426 -0.014225 3.028455 -0.094299 0.113020
    68 1.290632 0.000362 -0.000032 0.000000 0.000000 -0.148127
    69 -0.658121 -0.003575 0.072645 -0.142711 0.027792 -0.077299
    70 1.868080 -0.003049 0.006083 0.000003 0.000003 0.210491
    71 1.200079 0.399944 -0.000093 0.009465 -0.016087 0.007127
    72 0.000591 0.100342 0.000319 0.120035 0.021926 -0.209617
    73 0.068077 0.002285 -0.080050 3.111376 -0.069366 -0.060847
    74 2.007813 -0.000883 -0.000381 -0.000044 0.000040 1.464654
    75 0.000229 0.099802 0.000395 0.018823 -0.010833 -0.239219
    76 -0.018673 -0.001009 0.047544 3.109244 0.002635 -0.106673
    77 1.178665 0.001595 0.000845 -0.000022 -0.000053 0.807088
    78 -0.000198 0.099628 0.000034 0.000000 0.000000 -0.314102
    79 0.036892 -0.634449 0.266284 -2.801062 0.174301 0.490914
    80 1.707031 0.000723 0.000200 -0.000035 -0.000050 1.238445
    81 -0.000576 0.100136 0.000311 0.010912 -0.023131 -0.260841
    82 -0.003952 -0.281811 0.115047 -3.059162 0.089004 0.167964
    83 1.290039 0.000364 -0.000046 -0.000058 0.000014 0.465379
    84 -0.171528 -0.018148 -0.099873 0.013484 -0.062184 -0.011780
    85 0.916622 0.007240 0.001326 0.000019 0.000021 0.884261
    86 -0.342617 0.053404 -0.025571 -2.909301 -0.017248 0.075276
    87 1.100231 -0.000930 -0.002434 -0.000027 0.000026 0.363254
    88 -0.384983 0.330998 0.006848 -3.087207 -0.018765 -0.184279
    89 0.678146 0.006192 0.000002 -0.000018 -0.000019 0.409443
    90 -0.123848 0.072737 0.029507 2.898184 -0.060627 0.094834
    91 1.017166 -0.000154 -0.000252 -0.000023 -0.000050 0.572678
    92 -0.344986 0.123129 0.143151 2.994981 0.012396 0.059140
    93 -0.730988 0.177046 0.039141 -0.123731 0.076518 -0.084310
    94 0.925900 0.001298 -0.000896 -0.000062 -0.000011 -0.164264
    95 -0.124027 -0.052092 0.038496 3.077813 -0.008519 0.039229
    96 1.098633 0.000008 0.000469 0.000000 0.000000 0.904169
    97 -0.330082 0.160641 0.042780 3.128073 0.034033 -0.171236
    98 0.678711 -0.000813 0.000175 0.000000 0.000000 0.937064
    99 -0.019516 -0.016531 0.038578 -2.763781 0.050305 0.076828
    100 1.014985 0.005113 0.001121 0.000054 -0.000029 0.984570
    101 -0.155312 0.130643 -0.021921 -3.022466 0.022433 -0.024903
    102 -0.252209 0.061937 -0.024914 -0.007671 -0.063171 -0.044392
    103 -0.085991 0.185203 -0.015180 -2.937063 -0.113970 -0.138991
    104 -0.286537 0.179852 0.024264 -3.109353 -0.049645 -0.029915
    105 -0.019489 0.147084 0.079203 2.893815 0.038585 -0.060594
    106 -0.046482 0.251898 0.129548 3.016165 0.077112 -0.042864
    107 0.039120 -0.040298 0.047739 3.084219 0.030470 -0.037414
    108 -0.233757 0.066630 0.001754 -3.133086 0.040141 -0.065413
    109 0.044266 0.020128 0.001684 -2.778763 -0.118872 -0.040488
    110 0.071495 0.074127 -0.048302 -3.035917 -0.059482 0.104366
    111 0.636738 -16.480972 -10.082339 -0.123607 0.273448 -1.249410
    112 -1.269570 6.242378 -4.082156 0.398404 -0.589446 -1.324892
    113 -1.142999 -0.001000 0.273999 -1.006101 -0.000004 1.570789
    114 -0.943998 0.000000 1.776996 0.000000 0.000000 0.000000
    115 2.039996 -0.296999 1.310997 0.000000 0.000000 -1.570817
    116 -0.653999 0.000000 -1.549997 0.000000 0.000000 0.000000
    117 4.078125 0.000000 -0.139893 0.000000 0.000000 0.000000
    118 1.636719 0.000000 -0.501953 0.000000 0.000000 0.000000
    119 2.437500 0.000000 0.764160 0.000000 0.000000 0.000000
    120 -0.898998 0.000000 -1.088998 0.000000 0.000000 0.000000
    121 2.025996 -0.001000 0.680999 0.000000 0.000000 1.570816
    122 0.000000 0.000000 0.000000 0.000000 0.000000 -1.570816
    123 0.711998 0.439999 -0.805998 0.000000 0.000000 1.570815
    124 -1.474998 0.000000 0.073000 0.000000 0.000000 1.570816
    125 1.889997 0.409999 0.284999 1.570922 0.000000 0.000000
    126 0.000000 0.000000 0.000000 0.000000 0.000000 0.000000
    127 -0.106000 0.000000 64.320000 0.000000 0.000000 0.000000
    128 0.000000 0.000000 0.000000 0.000000 0.000000 0.000000
    129 0.000000 0.000000 0.000000 0.018984 -0.002157 0.013039
    130 26.020570 3.258398 -2.510717 -0.123834 0.273447 0.321441
    131 0.106000 0.000000 -64.320000 0.000000 0.000000 0.000000
    132 0.000000 0.000000 0.000000 0.000000 0.000000 0.000000
    133 0.000000 0.000000 -4.867002 -3.141592 0.000000 -3.128591
    134 0.000000 0.000000 4.867000 -3.141592 0.000000 -3.128591
    135 4.000000 -6.500000 0.000000 0.000000 0.000000 0.000977
    136 -6.500000 0.000000 0.000000 0.000000 1.570796 0.000000
    137 1.000088 -0.000029 0.000000 0.000000 0.000000 0.000000
    138 17.162516 -0.000404 0.000000 0.000000 0.000000 0.119214
    139 9.999891 -0.000303 0.000000 0.000000 0.000000 0.000000
    140 1.000088 -0.000029 0.000000 0.000000 0.000000 0.000000
    141 17.162516 -0.000404 0.000000 0.000000 0.000000 0.119214
    142 9.499836 0.000212 0.000000 0.000000 0.000000 0.000000
    143 0.000000 0.000000 0.000000 0.000000 0.000000 0.000000
    144 17.749374 0.295515 0.000000 0.000000 0.000000 -1.158958
    145 0.017889 0.299792 0.000000 0.000000 0.000000 -0.059582
    146 12.283573 1.581456 -4.696000 1.462269 -0.086726 0.090185
    147 17.749376 0.295515 0.000000 0.000000 0.000000 -1.158958
    148 0.017889 0.299792 0.000000 0.000000 0.000000 -0.059582
    149 13.354000 0.000000 0.000000 0.000000 0.000000 -0.294101
    150 4.530998 0.000000 0.000000 0.000000 0.000000 0.000000
    151 0.000000 0.000000 0.000000 0.000000 0.000000 0.000000
    152 5.413524 0.000347 0.000000 0.000000 0.000000 -0.518055
    153 5.413524 0.000347 0.000000 0.000000 0.000000 -0.518055
    154 4.662002 -5.366333 4.825191 1.569713 1.561305 -3.121213
    155 3.116966 -0.000443 0.000000 0.000000 0.000000 0.294101
    156 4.531197 0.000000 0.000000 0.000000 0.000000 0.000000
    157 -2.396087 11.617542 -55.003102 0.206837 -0.217272 -0.361481
    158 -1.610780 0.003904 0.562248 0.000008 0.314056 0.000000
    159 -2.126768 11.715201 -55.882459 -1.369979 -0.201892 1.254536
    160 -1.532227 0.000000 1.129883 -0.262470 -0.000006 1.570749
    161 0.000000 -0.001000 0.000000 0.000000 0.000000 0.000000
    162 3.867000 0.000000 0.228000 0.000000 0.000000 0.000000
    163 3.512001 -3.547000 -1.066000 0.000000 1.570796 0.000000
    164 3.456001 -3.517000 1.169000 0.000000 1.570796 0.000000
    165 6.233002 0.000000 0.000000 0.000000 0.000000 0.000000
    166 -0.171997 -0.106000 -0.902000 1.570713 1.029176 -3.134550
    167 6.253716 -6.372187 0.027345 0.013039 -0.019020 0.001918
    168 -3.106999 0.000000 0.669000 0.000000 0.000000 0.000000
    169 -3.106999 0.000000 0.741000 0.000000 0.000000 0.000000
    170 -3.252000 0.000000 0.540000 0.000000 0.000000 0.000000
    171 3.999434 -0.000528 -0.000332 -0.136956 -0.000017 -0.000023
    172 3.999901 0.000038 0.001011 -0.157781 -0.000001 -0.000001
    173 1.598000 0.000000 0.000000 0.000000 0.000000 0.000000
    174 -1.145525 0.000130 0.000668 0.000000 0.000000 0.000000
    175 2.299681 -2.499979 -0.599480 0.892021 0.221512 -0.527234
    176 14.509990 -2.875088 5.661442 0.997120 -0.861976 0.235832
    177 -9.580679 -27.862110 -37.184673 0.812879 -0.123459 -0.568477
    178 0.649933 -0.548295 0.093651 -1.665913 -0.131399 -0.112062
    179 0.657077 0.008401 0.040371 -1.665945 -0.131407 -0.000013
    180 0.665776 0.747221 -0.029190 -1.665935 -0.131408 0.094976
    181 2.300139 -2.499414 0.600159 -0.891995 -0.221560 -0.527344
    182 12.509592 1.698235 3.564709 1.764030 -0.255070 0.216942
    183 2.762354 0.116951 1.523975 1.629482 0.064153 1.743800
    184 7.228323 7.928203 -3.925652 2.328713 0.123459 -0.568477
    185 0.650394 -0.547730 -0.092979 1.665913 0.131399 -0.112062
    186 0.657069 0.008399 -0.040379 1.665945 0.131407 -0.000013
    187 0.665772 0.747219 0.029182 1.665935 0.131408 0.094976
    188 -4.481003 -0.202000 0.000000 0.000000 0.000000 0.000000
    189 -5.516998 -0.291000 -0.001000 0.000000 0.000000 0.000000
    190 -0.857697 0.104070 0.104687 0.023536 0.163924 0.013632
    191 1.899121 0.000427 -0.000439 0.027386 -0.033311 0.477848
    192 1.799658 -0.000240 0.000231 0.027386 -0.033311 0.477848
    193 1.799658 -0.000240 0.000231 0.027386 -0.033311 0.477848
    194 1.799658 -0.000240 0.000231 0.027386 -0.033311 0.477848
    195 1.900312 -0.000137 -0.000517 0.027386 -0.033311 0.477848
    196 1.899436 -0.000320 -0.000151 -0.027386 0.033311 0.477848
    197 1.799664 -0.000233 -0.000233 -0.027386 0.033311 0.477848
    198 1.799664 -0.000233 -0.000233 -0.027386 0.033311 0.477848
    199 1.799664 -0.000233 -0.000233 -0.027386 0.033311 0.477848
    200 1.900729 0.000549 -0.000072 -0.027386 0.033311 0.477848
    201 0.599884 0.400188 -0.000027 0.000000 0.000000 0.000000
    202 0.599888 0.400187 0.000031 0.000000 0.000000 -3.141592
    203 0.599503 0.400696 0.000234 0.000000 0.000000 0.000000
    204 0.600399 0.399632 -0.000466 0.000000 0.000000 -3.141592
  time 21
    0 0.000000 0.000000 0.000000 0.000000 0.000000 -1.570796
    1 -0.106323 0.000000 -0.000198 0.000000 0.000000 0.000000
    2 0.000000 0.000000 0.000000 0.000000 0.000000 0.000000
    3 -0.904000 0.000000 -11.806000 0.000000 0.000000 0.000000
    4 0.000000 0.000000 -14.313999 0.000000 -1.570796 1.570857
    5 3.533001 0.000000 0.000000 0.000000 0.000000 0.000000
    6 6.250000 0.000000 0.000000 0.000000 0.000000 0.000000
    7 9.764269 1.703202 -1.877612 -0.157058 1.433288 -0.155753
    8 9.568951 1.976648 1.819028 2.611069 -1.146945 -2.652775
    9 5.790726 0.002787 -0.000113 -0.748097 1.201986 -1.079210
    10 5.999492 -0.000592 -4.000343 0.000000 0.000000 0.000000
    11 5.791316 0.002582 0.004799 0.800061 -0.776448 -1.155598
    12 5.999492 -0.000592 4.000336 0.000000 0.000000 0.000000
    13 0.500225 0.000133 -0.000088 0.008449 0.000000 0.000000
    14 11.534559 0.004255 -0.001312 -0.000017 0.000009 -1.615490
    15 -0.829338 0.893824 0.079659 -0.148839 0.047645 0.087266
    16 0.500225 0.000132 0.000076 -0.082826 0.000000 0.000000
    17 11.536401 0.000526 -0.000089 0.000054 -0.000058 -1.583809
    18 -0.829586 0.894698 -0.079464 0.045377 -0.019621 0.087266
    19 10.599884 0.000105 -0.000553 -0.426743 -0.000060 0.000012
    20 0.522021 -0.493937 -0.000805 -0.000024 -0.000049 0.807724
    21 11.042057 0.003717 0.000798 -0.411233 0.289836 0.298713
    22 -1.214832 0.203470 -0.477489 -0.135025 -0.078677 -0.001289
    23 10.599880 0.000105 0.000549 -0.329829 0.000000 -0.000060
    24 0.482956 -0.470499 0.000801 0.000000 -0.000011 0.791882
    25 11.041742 0.003171 -0.000571 -0.254133 0.251385 0.683154
    26 -1.063377 0.077663 0.150230 0.045121 0.020046 -0.012850
    27 0.610302 -0.939470 0.070343 -1.660145 -0.119441 -0.176323
    28 0.639940 -0.199121 0.060188 -1.665706 -0.105673 -0.068940
    29 0.600155 1.080261 -0.339535 -1.741842 0.071929 0.051585
    30 0.610207 0.400743 -0.010101 -1.761999 -0.024343 0.035729
    31 0.630809 -0.693997 -0.232343 0.058268 -0.072021 -0.730003
    32 -0.792125 0.203736 0.461300 1.439074 -0.003453 -0.018305
    33 0.610300 -0.939469 -0.070351 1.655337 0.139988 -0.175676
    34 0.639937 -0.199121 -0.060200 1.665952 0.131308 -0.066502
    35 0.600586 1.130859 0.033752 1.738057 -0.020761 0.107329
    36 0.610205 0.400743 0.010086 1.762348 0.061543 0.042962
    37 0.629883 -0.689453 0.230347 -0.750747 -0.567048 -0.967115
    38 -0.626031 -0.069983 -0.080517 -1.447153 0.086151 0.021559
    39 2.621377 -0.002532 -0.001438 -0.402287 -0.227078 0.778043
    40 2.660837 0.000397 -0.000071 -0.290164 -0.081248 0.961725
    41 2.202488 0.003368 -0.002863 -0.094297 0.021765 0.848551
    42 0.599952 0.959240 -0.300102 -0.174544 0.000000 0.000000
    43 2.553283 -0.005873 0.006359 -0.003756 0.015639 0.942118
    44 2.095024 -0.003873 -0.002193 -0.242264 0.225992 0.533213
    45 0.999380 -0.000236 -1.240621 -0.000001 0.000000 0.000000
    46 -0.122639 -0.721856 0.661690 -0.486644 0.223964 0.243056
    47 2.619141 0.000141 -0.000401 0.055589 0.402473 0.372937
    48 2.658203 0.000781 0.000162 0.351904 0.247667 1.152005
    49 2.199219 0.000516 -0.000122 0.245882 -0.018377 1.177006
    50 0.599951 0.959244 0.300102 0.174544 0.000000 0.000000
    51 2.558594 -0.000149 -0.000031 0.273469 0.149728 1.224778
    52 2.095703 -0.000095 -0.000401 0.482182 -0.410387 0.684474
    53 0.999512 0.000054 1.119141 0.000000 0.000000 0.000001
    54 0.310846 -0.606445 -0.498005 0.308107 -0.197598 0.313976
    55 1.873069 -0.004741 -0.000994 -0.000007 0.000004 0.534704
    56 1.200941 0.399582 -0.000237 -0.009465 0.016087 0.007127
    57 0.000586 0.100342 -0.000319 -0.120035 -0.021926 -0.209617
    58 -0.161663 0.051712 0.194808 -2.941982 0.122408 -0.060194
    59 2.010092 -0.007109 -0.003377 0.000042 0.000060 0.848675
    60 0.000240 0.099802 -0.000395 -0.018823 0.010833 -0.239219
    61 -0.203197 0.048607 0.069150 -3.093332 0.033217 -0.046722
    62 1.180428 -0.006214 0.000780 -0.000002 0.000060 0.592182
    63 -0.000196 0.099625 -0.000034 0.000000 0.000000 -0.314102
    64 -0.088736 -0.688435 -0.145203 2.930407 -0.136130 0.513013
    65 1.715976 0.000578 0.003818 0.000047 0.000039 0.768392
    66 -0.000580 0.100145 -0.000311 -0.010912 0.023131 -0.260841
    67 -0.146030 -0.232426 -0.014225 3.028455 -0.094299 0.113020
    68 1.290632 0.000362 -0.000032 0.000000 0.000000 -0.217756
    69 -0.658121 -0.003575 0.072645 -0.142711 0.027792 -0.077299
    70 1.868080 -0.006956 0.006083 0.000003 -0.000009 0.210491
    71 1.200079 0.399944 -0.000093 0.009465 -0.016087 0.007127
    72 0.000591 0.100342 0.000319 0.120035 0.021926 -0.209617
    73 0.068077 0.002285 -0.080050 3.111376 -0.069366 -0.060847
    74 2.007813 -0.000883 -0.000381 -0.000044 0.000040 1.464654
    75 0.000229 0.099802 0.000395 0.018823 -0.010833 -0.239219
    76 -0.018673 -0.001009 0.047544 3.109244 0.002635 -0.106673
    77 1.178665 0.001595 0.000845 -0.000022 -0.000053 0.807088
    78 -0.000198 0.099628 0.000034 0.000000 0.000000 -0.314102
    79 0.036892 -0.634449 0.266284 -2.801062 0.174301 0.490914
    80 1.707031 0.000723 0.000200 -0.000035 -0.000050 1.238445
    81 -0.000576 0.100136 0.000311 0.010912 -0.023131 -0.260841
    82 -0.003952 -0.281811 0.115047 -3.059162 0.089004 0.167964
    83 1.290039 0.000364 -0.000046 -0.000058 0.000014 0.465379
    84 -0.171528 -0.018148 -0.099873 0.013484 -0.062184 -0.011780
    85 0.912716 0.007240 0.001326 -0.000005 -0.000039 0.779273
    86 -0.342617 0.053404 -0.025571 -2.909301 -0.017248 0.075276
    87 1.100231 -0.000930 -0.002434 -0.000051 0.000026 0.286158
    88 -0.384983 0.330998 0.006848 -3.087207 -0.018765 -0.184279
    89 0.678146 0.002286 0.000002 -0.000018 0.000017 0.352136
    90 -0.123848 0.072737 0.029507 2.898184 -0.060627 0.094834
    91 1.017166 -0.000154 -0.000252 -0.000035 -0.000074 0.497335
    92 -0.344986 0.123129 0.143151 2.994981 0.012396 0.059140
    93 -0.730988 0.177046 0.039141 -0.123731 0.076518 -0.084310
    94 0.921993 0.005205 -0.000896 -0.000062 -0.000011 -0.164578
    95 -0.124027 -0.052092 0.038496 3.077813 -0.008519 0.039229
    96 1.098633 0.000008 0.000469 0.000000 0.000000 0.904169
    97 -0.330082 0.160641 0.042780 3.128073 0.034033 -0.171236
    98 0.678711 -0.000813 0.000175 0.000000 0.000000 0.937064
    99 -0.019516 -0.016531 0.038578 -2.763781 0.050305 0.076828
    100 1.018891 0.001206 0.001121 0.000066 -0.000029 0.984570
    101 -0.155312 0.130643 -0.021921 -3.022466 0.022433 -0.024903
    102 -0.252209 0.061937 -0.024914 -0.007671 -0.063171 -0.044392
    103 -0.085991 0.185203 -0.015180 -2.937063 -0.113970 -0.138991
    104 -0.286537 0.179852 0.024264 -3.109353 -0.049645 -0.029915
    105 -0.019489 0.147084 0.079203 2.893815 0.038585 -0.060594
    106 -0.046482 0.251898 0.129548 3.016165 0.077112 -0.042864
    107 0.039120 -0.040298 0.047739 3.084219 0.030470 -0.037414
    108 -0.233757 0.066630 0.001754 -3.133086 0.040141 -0.065413
    109 0.044266 0.020128 0.001684 -2.778763 -0.118872 -0.040488
    110 0.071495 0.074127 -0.048302 -3.035917 -0.059482 0.104366
    111 0.292978 -16.355968 -8.816675 -0.161972 0.232298 -1.288813
    112 -0.804712 6.687704 -3.933714 0.356112 -0.632652 -1.330422
    113 -1.142999 -0.001000 0.273999 -1.006101 -0.000004 1.570789
    114 -0.943998 0.000000 1.776996 0.000000 0.000000 0.000000
    115 2.039996 -0.296999 1.310997 0.000000 0.000000 -1.570817
    116 -0.653999 0.000000 -1.549997 0.000000 0.000000 0.000000
    117 4.078125 0.000000 -0.139893 0.000000 0.000000 0.000000
    118 1.636719 0.000000 -0.501953 0.000000 0.000000 0.000000
    119 2.437500 0.000000 0.764160 0.000000 0.000000 0.000000
    120 -0.898998 0.000000 -1.088998 0.000000 0.000000 0.000000
    121 2.025996 -0.001000 0.680999 0.000000 0.000000 1.570816
    122 0.000000 0.000000 0.000000 0.000000 0.000000 -1.570816
    123 0.711998 0.439999 -0.805998 0.000000 0.000000 1.570815
    124 -1.474998 0.000000 0.073000 0.000000 0.000000 1.570816
    125 1.889997 0.409999 0.284999 1.570922 0.000000 0.000000
    126 0.000000 0.000000 0.000000 0.000000 0.000000 0.000000
    127 -0.106000 0.000000 64.320000 0.000000 0.000000 0.000000
    128 0.000000 0.000000 0.000000 0.000000 0.000000 0.000000
    129 0.000000 0.000000 0.000000 0.014070 -0.000683 0.009444
    130 26.169012 2.563064 -0.870042 -0.162249 0.232252 0.281944
    131 0.106000 0.000000 -64.320000 0.000000 0.000000 0.000000
    132 0.000000 0.000000 0.000000 0.000000 0.000000 0.000000
    133 0.000000 0.000000 -4.867002 -3.141592 0.000000 -3.128591
    134 0.000000 0.000000 4.867000 -3.141592 0.000000 -3.128591
    135 4.000000 -6.500000 0.000000 0.000000 0.000000 0.000977
    136 -6.500000 0.000000 0.000000 0.000000 1.570796 0.000000
    137 1.000088 -0.000029 0.000000 0.000000 0.000000 0.000000
    138 17.162516 -0.000404 0.000000 0.000000 0.000000 0.119214
    139 9.999891 -0.000303 0.000000 0.000000 0.000000 0.000000
    140 1.000088 -0.000029 0.000000 0.000000 0.000000 0.000000
    141 17.162516 -0.000404 0.000000 0.000000 0.000000 0.119214
    142 9.499836 0.000212 0.000000 0.000000 0.000000 0.000000
    143 0.000000 0.000000 0.000000 0.000000 0.000000 0.000000
    144 17.749374 0.295515 0.000000 0.000000 0.000000 -1.158958
    145 0.017889 0.299792 0.000000 0.000000 0.000000 -0.059582
    146 12.283573 1.581456 -4.696000 1.462269 -0.086726 0.090185
    147 17.749376 0.295515 0.000000 0.000000 0.000000 -1.158958
    148 0.017889 0.299792 0.000000 0.000000 0.000000 -0.059582
    149 13.354000 0.000000 0.000000 0.000000 0.000000 -0.294101
    150 4.530998 0.000000 0.000000 0.000000 0.000000 0.000000
    151 0.000000 0.000000 0.000000 0.000000 0.000000 0.000000
    152 5.413524 0.000347 0.000000 0.000000 0.000000 -0.518055
    153 5.413524 0.000347 0.000000 0.000000 0.000000 -0.518055
    154 4.662002 -5.366333 4.825191 1.569713 1.561305 -3.121213
    155 3.116966 -0.000443 0.000000 0.000000 0.000000 0.294101
    156 4.531197 0.000000 0.000000 0.000000 0.000000 0.000000
    157 -4.396148 13.676199 -55.686717 0.223865 -0.174838 -0.319528
    158 -1.614686 0.003904 0.562248 0.000008 0.314056 0.000000
    159 -4.158080 13.816828 -56.573886 -1.327340 -0.220465 1.290802
    160 -1.532227 0.000000 1.129883 -0.262470 -0.000006 1.570749
    161 0.000000 -0.001000 0.000000 0.000000 0.000000 0.000000
    162 3.867000 0.000000 0.228000 0.000000 0.000000 0.000000
    163 3.512001 -3.547000 -1.066000 0.000000 1.570796 0.000000
    164 3.456001 -3.517000 1.169000 0.000000 1.570796 0.000000
    165 6.233002 0.000000 0.000000 0.000000 0.000000 0.000000
    166 -0.171997 -0.106000 -0.902000 1.570713 1.029176 -3.134550
    167 6.241997 -6.380000 0.027345 0.009444 -0.014070 0.000551
    168 -3.106999 0.000000 0.669000 0.000000 0.000000 0.000000
    169 -3.106999 0.000000 0.741000 0.000000 0.000000 0.000000
    170 -3.252000 0.000000 0.540000 0.000000 0.000000 0.000000
    171 3.999434 -0.000528 -0.000332 -0.213452 -0.000017 -0.000011
    172 3.999901 0.000038 0.001011 -0.164959 -0.000001 -0.000001
    173 1.598000 0.000000 0.000000 0.000000 0.000000 0.000000
    174 -1.145525 0.000130 0.000668 0.000000 0.000000 0.000000
    175 2.299681 -2.499979 -0.599480 0.892021 0.221512 -0.527234
    176 13.939660 -3.117283 4.282494 1.199697 -0.843600 0.161797
    177 -9.580679 -27.862110 -37.184673 0.812879 -0.123459 -0.568477
    178 0.649933 -0.548295 0.093651 -1.665913 -0.131399 -0.112062
    179 0.657077 0.008401 0.040371 -1.665945 -0.131407 -0.000013
    180 0.665776 0.747221 -0.029190 -1.665935 -0.131408 0.094976
    181 2.300139 -2.499414 0.600159 -0.891995 -0.221560 -0.527344
    182 12.509592 1.698235 3.564709 1.764030 -0.255070 0.216942
    183 2.762354 0.116951 1.523975 1.629482 0.064153 1.743800
    184 7.228323 7.928203 -3.925652 2.328713 0.123459 -0.568477
    185 0.650394 -0.547730 -0.092979 1.665913 0.131399 -0.112062
    186 0.657069 0.008399 -0.040379 1.665945 0.131407 -0.000013
    187 0.665772 0.747219 0.029182 1.665935 0.131408 0.094976
    188 -4.481003 -0.202000 0.000000 0.000000 0.000000 0.000000
    189 -5.516998 -0.291000 -0.001000 0.000000 0.000000 0.000000
    190 -0.857697 0.104070 0.104687 0.023536 0.163924 0.013632
    191 1.899121 0.000427 -0.000439 0.027386 -0.033311 0.477848
    192 1.799658 -0.000240 0.000231 0.027386 -0.033311 0.477848
    193 1.799658 -0.000240 0.000231 0.027386 -0.033311 0.477848
    194 1.799658 -0.000240 0.000231 0.027386 -0.033311 0.477848
    195 1.900312 -0.000137 -0.000517 0.027386 -0.033311 0.477848
    196 1.899436 -0.000320 -0.000151 -0.027386 0.033311 0.477848
    197 1.799664 -0.000233 -0.000233 -0.027386 0.033311 0.477848
    198 1.799664 -0.000233 -0.000233 -0.027386 0.033311 0.477848
    199 1.799664 -0.000233 -0.000233 -0.027386 0.033311 0.477848
    200 1.900729 0.000549 -0.000072 -0.027386 0.033311 0.477848
    201 0.599884 0.400188 -0.000027 0.000000 0.000000 0.000000
    202 0.599888 0.400187 0.000031 0.000000 0.000000 -3.141592
    203 0.599503 0.400696 0.000234 0.000000 0.000000 0.000000
    204 0.600399 0.399632 -0.000466 0.000000 0.000000 -3.141592
  time 22
    0 0.000000 0.000000 0.000000 0.000000 0.000000 -1.570796
    1 -0.106323 0.000000 -0.000198 0.000000 0.000000 0.000000
    2 0.000000 0.000000 0.000000 0.000000 0.000000 0.000000
    3 -0.904000 0.000000 -11.806000 0.000000 0.000000 0.000000
    4 0.000000 0.000000 -14.313999 0.000000 -1.570796 1.570857
    5 3.533001 0.000000 0.000000 0.000000 0.000000 0.000000
    6 6.250000 0.000000 0.000000 0.000000 0.000000 0.000000
    7 9.748644 1.722734 -1.877612 -0.157233 1.433477 -0.156014
    8 9.568951 1.976648 1.819028 2.582126 -1.167791 -2.621078
    9 5.790726 0.002787 -0.000113 -0.971845 1.045113 -1.343511
    10 5.999492 -0.000592 -4.000343 0.000000 0.000000 0.000000
    11 5.787410 0.002582 0.000893 0.785979 -0.713785 -1.156292
    12 5.999492 -0.000592 4.000336 0.000000 0.000000 0.000000
    13 0.500225 0.000133 -0.000088 0.071480 0.000000 0.000000
    14 11.534559 0.000348 -0.001312 -0.000017 0.000009 -1.422168
    15 -0.829338 0.893824 0.079659 -0.148839 0.047645 0.087266
    16 0.500225 0.000132 0.000076 -0.077096 -0.000048 0.000000
    17 11.536401 0.004432 -0.000089 -0.000126 0.000026 -1.616339
    18 -0.829586 0.894698 -0.079464 0.045377 -0.019621 0.087266
    19 10.599884 0.000105 -0.000553 -0.557836 0.000000 0.000000
    20 0.381392 -0.419716 -0.000805 0.000000 0.000011 0.712783
    21 11.042057 0.003717 0.004704 -0.545974 0.190118 0.203837
    22 -1.214832 0.203470 -0.477489 -0.135025 -0.078677 -0.001289
    23 10.599880 0.000105 0.000549 -0.312403 0.000000 0.000000
    24 0.518113 -0.497844 0.000801 0.000012 -0.000047 0.806721
    25 11.041742 0.003171 -0.000571 -0.230987 0.273595 0.732681
    26 -1.063377 0.077663 0.150230 0.045121 0.020046 -0.012850
    27 0.610302 -0.939470 0.070343 -1.673481 -0.172137 -0.169120
    28 0.639940 -0.199121 0.060188 -1.666214 -0.159927 -0.063738
    29 0.600155 1.080261 -0.339535 -1.738978 0.018130 0.060789
    30 0.610207 0.400743 -0.010101 -1.762429 -0.077867 0.046096
    31 0.634715 -0.690090 -0.232343 0.054608 -0.067263 -0.711569
    32 -0.792125 0.203736 0.461300 1.439074 -0.003453 -0.018305
    33 0.610300 -0.939469 -0.070351 1.655337 0.139988 -0.175676
    34 0.639937 -0.199121 -0.060200 1.665952 0.131308 -0.066502
    35 0.600586 1.130859 0.033752 1.738057 -0.020761 0.107329
    36 0.610205 0.400743 0.010086 1.762348 0.061543 0.042962
    37 0.629883 -0.689453 0.230347 -0.750747 -0.567048 -0.967115
    38 -0.626031 -0.069983 -0.080517 -1.447153 0.086151 0.021559
    39 2.621377 -0.002532 -0.001438 -0.329677 -0.213536 0.490582
    40 2.664743 0.000397 -0.000071 -0.266180 -0.120750 0.687555
    41 2.206394 0.003368 -0.002863 -0.067296 -0.035968 0.574325
    42 0.599952 0.959240 -0.300102 -0.174544 0.000000 0.000000
    43 2.557190 -0.005873 0.006359 0.021061 0.007405 0.685013
    44 2.095024 -0.003873 -0.006100 -0.257233 0.054714 0.477857
    45 0.999380 -0.000236 -1.256246 -0.000001 0.000000 0.000000
    46 -0.122639 -0.721856 0.661690 -0.486644 0.223964 0.243056
    47 2.619141 0.000141 -0.000401 0.055589 0.402473 0.372937
    48 2.658203 0.000781 0.000162 0.351904 0.247667 1.152005
    49 2.199219 0.000516 -0.000122 0.245882 -0.018377 1.177006
    50 0.599951 0.959244 0.300102 0.174544 0.000000 0.000000
    51 2.558594 -0.000149 -0.000031 0.273469 0.149728 1.224778
    52 2.095703 -0.000095 -0.000401 0.482182 -0.410387 0.684474
    53 0.999512 0.000054 1.119141 0.000000 0.000000 0.000001
    54 0.310846 -0.606445 -0.498005 0.308107 -0.197598 0.313976
    55 1.873069 -0.004741 -0.000994 -0.000007 0.000004 0.407042
    56 1.200941 0.399582 -0.000237 -0.009465 0.016087 0.007127
    57 0.000586 0.100342 -0.000319 -0.120035 -0.021926 -0.209617
    58 -0.161663 0.051712 0.194808 -2.941982 0.122408 -0.060194
    59 2.010092 -0.007109 -0.003377 0.000018 0.000013 0.705510
    60 0.000240 0.099802 -0.000395 -0.018823 0.010833 -0.239219
    61 -0.203197 0.048607 0.069150 -3.093332 0.033217 -0.046722
    62 1.180428 -0.006214 0.000780 -0.000026 -0.000048 0.566529
    63 -0.000196 0.099625 -0.000034 0.000000 0.000000 -0.314102
    64 -0.088736 -0.688435 -0.145203 2.930407 -0.136130 0.513013
    65 1.712069 0.000578 0.003818 0.000035 0.000015 0.705768
    66 -0.000580 0.100145 -0.000311 -0.010912 0.023131 -0.260841
    67 -0.146030 -0.232426 -0.014225 3.028455 -0.094299 0.113020
    68 1.290632 0.000362 -0.000032 0.000000 0.000000 -0.287414
    69 -0.658121 -0.003575 0.072645 -0.142711 0.027792 -0.077299
    70 1.868080 -0.003049 0.006083 0.000003 -0.000009 0.210491
    71 1.200079 0.399944 -0.000093 0.009465 -0.016087 0.007127
    72 0.000591 0.100342 0.000319 0.120035 0.021926 -0.209617
    73 0.068077 0.002285 -0.080050 3.111376 -0.069366 -0.060847
    74 2.007813 -0.000883 -0.000381 -0.000044 0.000040 1.464654
    75 0.000229 0.099802 0.000395 0.018823 -0.010833 -0.239219
    76 -0.018673 -0.001009 0.047544 3.109244 0.002635 -0.106673
    77 1.178665 0.001595 0.000845 -0.000022 -0.000053 0.807088
    78 -0.000198 0.099628 0.000034 0.000000 0.000000 -0.314102
    79 0.036892 -0.634449 0.266284 -2.801062 0.174301 0.490914
    80 1.707031 0.000723 0.000200 -0.000035 -0.000050 1.238445
    81 -0.000576 0.100136 0.000311 0.010912 -0.023131 -0.260841
    82 -0.003952 -0.281811 0.115047 -3.059162 0.089004 0.167964
    83 1.290039 0.000364 -0.000046 -0.000058 0.000014 0.465379
    84 -0.171528 -0.018148 -0.099873 0.013484 -0.062184 -0.011780
    85 0.912716 0.007240 0.001326 -0.000005 -0.000039 0.609677
    86 -0.342617 0.053404 -0.025571 -2.909301 -0.017248 0.075276
    87 1.100231 -0.000930 -0.002434 0.000009 0.000014 0.210347
    88 -0.384983 0.330998 0.006848 -3.087207 -0.018765 -0.184279
    89 0.678146 0.002286 0.000002 -0.000006 0.000041 0.294734
    90 -0.123848 0.072737 0.029507 2.898184 -0.060627 0.094834
    91 1.017166 -0.000154 -0.000252 -0.000023 -0.000014 0.412710
    92 -0.344986 0.123129 0.143151 2.994981 0.012396 0.059140
    93 -0.730988 0.177046 0.039141 -0.123731 0.076518 -0.084310
    94 0.921993 0.001298 -0.000896 -0.000062 -0.000011 -0.164807
    95 -0.124027 -0.052092 0.038496 3.077813 -0.008519 0.039229
    96 1.098633 0.000008 0.000469 0.000000 0.000000 0.904169
    97 -0.330082 0.160641 0.042780 3.128073 0.034033 -0.171236
    98 0.678711 -0.000813 0.000175 0.000000 0.000000 0.937064
    99 -0.019516 -0.016531 0.038578 -2.763781 0.050305 0.076828
    100 1.014985 0.005113 0.001121 0.000054 -0.000029 0.984570
    101 -0.155312 0.130643 -0.021921 -3.022466 0.022433 -0.024903
    102 -0.252209 0.061937 -0.024914 -0.007671 -0.063171 -0.044392
    103 -0.085991 0.185203 -0.015180 -2.937063 -0.113970 -0.138991
    104 -0.286537 0.179852 0.024264 -3.109353 -0.049645 -0.029915
    105 -0.019489 0.147084 0.079203 2.893815 0.038585 -0.060594
    106 -0.046482 0.251898 0.129548 3.016165 0.077112 -0.042864
    107 0.039120 -0.040298 0.047739 3.084219 0.030470 -0.037414
    108 -0.233757 0.066630 0.001754 -3.133086 0.040141 -0.065413
    109 0.044266 0.020128 0.001684 -2.778763 -0.118872 -0.040488
    110 0.071495 0.074127 -0.048302 -3.035917 -0.059482 0.104366
    111 -0.035157 -16.215339 -7.605701 -0.202345 0.191053 -1.329430
    112 -0.277352 7.062716 -3.863399 0.307592 -0.674742 -1.333003
    113 -1.142999 -0.001000 0.273999 -1.006101 -0.000004 1.570789
    114 -0.943998 0.000000 1.776996 0.000000 0.000000 0.000000
    115 2.039996 -0.296999 1.310997 0.000000 0.000000 -1.570817
    116 -0.653999 0.000000 -1.549997 0.000000 0.000000 0.000000
    117 4.078125 0.000000 -0.139893 0.000000 0.000000 0.000000
    118 1.636719 0.000000 -0.501953 0.000000 0.000000 0.000000
    119 2.437500 0.000000 0.764160 0.000000 0.000000 0.000000
    120 -0.898998 0.000000 -1.088998 0.000000 0.000000 0.000000
    121 2.025996 -0.001000 0.680999 0.000000 0.000000 1.570816
    122 0.000000 0.000000 0.000000 0.000000 0.000000 -1.570816
    123 0.711998 0.439999 -0.805998 0.000000 0.000000 1.570815
    124 -1.474998 0.000000 0.073000 0.000000 0.000000 1.570816
    125 1.889997 0.409999 0.284999 1.570922 0.000000 0.000000
    126 0.000000 0.000000 0.000000 0.000000 0.000000 0.000000
    127 -0.106000 0.000000 64.320000 0.000000 0.000000 0.000000
    128 0.000000 0.000000 0.000000 0.000000 0.000000 0.000000
    129 0.000000 0.000000 0.000000 0.009132 0.000731 0.005825
    130 26.282297 1.840386 0.735476 -0.202550 0.191105 0.241327
    131 0.106000 0.000000 -64.320000 0.000000 0.000000 0.000000
    132 0.000000 0.000000 0.000000 0.000000 0.000000 0.000000
    133 0.000000 0.000000 -4.867002 -3.141592 0.000000 -3.128591
    134 0.000000 0.000000 4.867000 -3.141592 0.000000 -3.128591
    135 4.000000 -6.500000 0.000000 0.000000 0.000000 0.000977
    136 -6.500000 0.000000 0.000000 0.000000 1.570796 0.000000
    137 1.000088 -0.000029 0.000000 0.000000 0.000000 0.000000
    138 17.162516 -0.000404 0.000000 0.000000 0.000000 0.119214
    139 9.999891 -0.000303 0.000000 0.000000 0.000000 0.000000
    140 1.000088 -0.000029 0.000000 0.000000 0.000000 0.000000
    141 17.162516 -0.000404 0.000000 0.000000 0.000000 0.119214
    142 9.499836 0.000212 0.000000 0.000000 0.000000 0.000000
    143 0.000000 0.000000 0.000000 0.000000 0.000000 0.000000
    144 17.749374 0.295515 0.000000 0.000000 0.000000 -1.158958
    145 0.017889 0.299792 0.000000 0.000000 0.000000 -0.059582
    146 12.283573 1.581456 -4.696000 1.462269 -0.086726 0.090185
    147 17.749376 0.295515 0.000000 0.000000 0.000000 -1.158958
    148 0.017889 0.299792 0.000000 0.000000 0.000000 -0.059582
    149 13.354000 0.000000 0.000000 0.000000 0.000000 -0.294101
    150 4.530998 0.000000 0.000000 0.000000 0.000000 0.000000
    151 0.000000 0.000000 0.000000 0.000000 0.000000 0.000000
    152 5.413524 0.000347 0.000000 0.000000 0.000000 -0.518055
    153 5.413524 0.000347 0.000000 0.000000 0.000000 -0.518055
    154 4.662002 -5.366333 4.825191 1.569713 1.561305 -3.121213
    155 3.116966 -0.000443 0.000000 0.000000 0.000000 0.294101
    156 4.531197 0.000000 0.000000 0.000000 0.000000 0.000000
    157 -6.482149 15.695791 -56.190638 0.242559 -0.133112 -0.277324
    158 -1.610780 0.003904 0.562248 0.000008 0.314056 0.000000
    159 -6.287051 15.871578 -57.077808 -1.285183 -0.240452 1.326327
    160 -1.532227 0.000000 1.129883 -0.262470 -0.000006 1.570749
    161 0.000000 -0.001000 0.000000 0.000000 0.000000 0.000000
    162 3.867000 0.000000 0.228000 0.000000 0.000000 0.000000
    163 3.512001 -3.547000 -1.066000 0.000000 1.570796 0.000000
    164 3.456001 -3.517000 1.169000 0.000000 1.570796 0.000000
    165 6.233002 0.000000 0.000000 0.000000 0.000000 0.000000
    166 -0.171997 -0.106000 -0.902000 1.570713 1.029176 -3.134550
    167 6.238090 -6.380000 0.019532 0.005825 -0.009120 -0.000803
    168 -3.106999 0.000000 0.669000 0.000000 0.000000 0.000000
    169 -3.106999 0.000000 0.741000 0.000000 0.000000 0.000000
    170 -3.252000 0.000000 0.540000 0.000000 0.000000 0.000000
    171 3.999434 -0.000528 -0.000332 -0.279067 -0.000017 -0.000011
    172 3.999901 0.000038 0.001011 -0.156276 -0.000001 -0.000001
    173 1.598000 0.000000 0.000000 0.000000 0.000000 0.000000
    174 -1.145525 0.000130 0.000668 0.000000 0.000000 0.000000
    175 2.299681 -2.499979 -0.599480 0.892021 0.221512 -0.527234
    176 12.709154 -2.671957 2.673070 1.361455 -0.782801 0.109964
    177 -9.580679 -27.862110 -37.184673 0.812879 -0.123459 -0.568477
    178 0.649933 -0.548295 0.093651 -1.665913 -0.131399 -0.112062
    179 0.657077 0.008401 0.040371 -1.665945 -0.131407 -0.000013
    180 0.665776 0.747221 -0.029190 -1.665935 -0.131408 0.094976
    181 2.300139 -2.499414 0.600159 -0.891995 -0.221560 -0.527344
    182 12.509592 1.698235 3.564709 1.764030 -0.255070 0.216942
    183 2.762354 0.116951 1.523975 1.629482 0.064153 1.743800
    184 7.228323 7.928203 -3.925652 2.328713 0.123459 -0.568477
    185 0.650394 -0.547730 -0.092979 1.665913 0.131399 -0.112062
    186 0.657069 0.008399 -0.040379 1.665945 0.131407 -0.000013
    187 0.665772 0.747219 0.029182 1.665935 0.131408 0.094976
    188 -4.481003 -0.202000 0.000000 0.000000 0.000000 0.000000
    189 -5.516998 -0.291000 -0.001000 0.000000 0.000000 0.000000
    190 -0.857697 0.104070 0.104687 0.023536 0.163924 0.013632
    191 1.899121 0.000427 -0.000439 0.027386 -0.033311 0.477848
    192 1.799658 -0.000240 0.000231 0.027386 -0.033311 0.477848
    193 1.799658 -0.000240 0.000231 0.027386 -0.033311 0.477848
    194 1.799658 -0.000240 0.000231 0.027386 -0.033311 0.477848
    195 1.900312 -0.000137 -0.000517 0.027386 -0.033311 0.477848
    196 1.899436 -0.000320 -0.000151 -0.027386 0.033311 0.477848
    197 1.799664 -0.000233 -0.000233 -0.027386 0.033311 0.477848
    198 1.799664 -0.000233 -0.000233 -0.027386 0.033311 0.477848
    199 1.799664 -0.000233 -0.000233 -0.027386 0.033311 0.477848
    200 1.900729 0.000549 -0.000072 -0.027386 0.033311 0.477848
    201 0.599884 0.400188 -0.000027 0.000000 0.000000 0.000000
    202 0.599888 0.400187 0.000031 0.000000 0.000000 -3.141592
    203 0.599503 0.400696 0.000234 0.000000 0.000000 0.000000
    204 0.600399 0.399632 -0.000466 0.000000 0.000000 -3.141592
  time 23
    0 0.000000 0.000000 0.000000 0.000000 0.000000 -1.570796
    1 -0.106323 0.000000 -0.000198 0.000000 0.000000 0.000000
    2 0.000000 0.000000 0.000000 0.000000 0.000000 0.000000
    3 -0.904000 0.000000 -11.806000 0.000000 0.000000 0.000000
    4 0.000000 0.000000 -14.313999 0.000000 -1.570796 1.570857
    5 3.533001 0.000000 0.000000 0.000000 0.000000 0.000000
    6 6.250000 0.000000 0.000000 0.000000 0.000000 0.000000
    7 9.725205 1.746172 -1.869799 -0.157583 1.433666 -0.156275
    8 9.568951 1.976648 1.819028 2.549771 -1.188254 -2.586155
    9 5.790726 0.002787 -0.000113 -1.093134 0.876611 -1.517866
    10 5.999492 -0.000592 -4.000343 0.000000 0.000000 0.000000
    11 5.787410 0.002582 0.004799 0.721701 -0.627826 -1.125954
    12 5.999492 -0.000592 4.000336 0.000000 0.000000 0.000000
    13 0.500225 0.000133 -0.000088 0.125752 0.000000 0.000000
    14 11.534559 0.000348 -0.001312 0.000079 -0.000003 -1.235576
    15 -0.829338 0.893824 0.079659 -0.148839 0.047645 0.087266
    16 0.500225 0.000132 0.000076 -0.045889 0.000000 0.000000
    17 11.536401 0.000526 -0.000089 -0.000042 -0.000058 -1.642891
    18 -0.829586 0.894698 -0.079464 0.045377 -0.019621 0.087266
    19 10.599884 0.000105 -0.000553 -0.657523 0.000000 0.000000
    20 0.244669 -0.345495 -0.000805 0.000024 0.000047 0.617813
    21 11.042057 -0.000189 0.000798 -0.649483 0.067245 0.149157
    22 -1.214832 0.203470 -0.477489 -0.135025 -0.078677 -0.001289
    23 10.599880 0.000105 0.000549 -0.220098 0.000000 0.000000
    24 0.541551 -0.509563 0.000801 0.000024 -0.000059 0.821561
    25 11.041742 0.003171 -0.000571 -0.155283 0.299089 0.793299
    26 -1.063377 0.077663 0.150230 0.045121 0.020046 -0.012850
    27 0.610302 -0.939470 0.070343 -1.689748 -0.227398 -0.161246
    28 0.639940 -0.199121 0.060188 -1.667282 -0.214193 -0.058429
    29 0.600155 1.080261 -0.339535 -1.736591 -0.035741 0.069825
    30 0.610207 0.400743 -0.010101 -1.763505 -0.131402 0.056558
    31 0.630809 -0.690090 -0.236250 0.050873 -0.061237 -0.700949
    32 -0.792125 0.203736 0.461300 1.439074 -0.003453 -0.018305
    33 0.610300 -0.939469 -0.070351 1.655337 0.139988 -0.175676
    34 0.639937 -0.199121 -0.060200 1.665952 0.131308 -0.066502
    35 0.600586 1.130859 0.033752 1.738057 -0.020761 0.107329
    36 0.610205 0.400743 0.010086 1.762348 0.061543 0.042962
    37 0.629883 -0.689453 0.230347 -0.750747 -0.567048 -0.967115
    38 -0.626031 -0.069983 -0.080517 -1.447153 0.086151 0.021559
    39 2.621377 -0.002532 -0.005345 -0.243154 -0.197617 0.147490
    40 2.660837 0.000397 -0.000071 -0.237586 -0.166147 0.360378
    41 2.202488 0.003368 -0.006769 -0.041733 -0.104661 0.247157
    42 0.599952 0.959240 -0.300102 -0.174544 0.000000 0.000000
    43 2.553283 -0.001967 0.006359 0.047883 -0.002638 0.378018
    44 2.095024 -0.003873 -0.002193 -0.283203 -0.147530 0.425656
    45 0.999380 -0.000236 -1.271872 -0.000001 0.000000 0.000000
    46 -0.122639 -0.721856 0.661690 -0.486644 0.223964 0.243056
    47 2.619141 0.000141 -0.000401 0.055589 0.402473 0.372937
    48 2.658203 0.000781 0.000162 0.351904 0.247667 1.152005
    49 2.199219 0.000516 -0.000122 0.245882 -0.018377 1.177006
    50 0.599951 0.959244 0.300102 0.174544 0.000000 0.000000
    51 2.558594 -0.000149 -0.000031 0.273469 0.149728 1.224778
    52 2.095703 -0.000095 -0.000401 0.482182 -0.410387 0.684474
    53 0.999512 0.000054 1.119141 0.000000 0.000000 0.000001
    54 0.310846 -0.606445 -0.498005 0.308107 -0.197598 0.313976
    55 1.869163 -0.004741 -0.000994 -0.000007 0.000004 0.279380
    56 1.200941 0.399582 -0.000237 -0.009465 0.016087 0.007127
    57 0.000586 0.100342 -0.000319 -0.120035 -0.021926 -0.209617
    58 -0.161663 0.051712 0.194808 -2.941982 0.122408 -0.060194
    59 2.010092 -0.003202 -0.007284 0.000018 0.000013 0.552835
    60 0.000240 0.099802 -0.000395 -0.018823 0.010833 -0.239219
    61 -0.203197 0.048607 0.069150 -3.093332 0.033217 -0.046722
    62 1.180428 -0.006214 0.000780 -0.000085 -0.000036 0.549815
    63 -0.000196 0.099625 -0.000034 0.000000 0.000000 -0.314102
    64 -0.088736 -0.688435 -0.145203 2.930407 -0.136130 0.513013
    65 1.715976 -0.003328 0.003818 0.000023 -0.000021 0.643176
    66 -0.000580 0.100145 -0.000311 -0.010912 0.023131 -0.260841
    67 -0.146030 -0.232426 -0.014225 3.028455 -0.094299 0.113020
    68 1.290632 0.000362 -0.000032 -0.000048 0.000000 -0.346462
    69 -0.658121 -0.003575 0.072645 -0.142711 0.027792 -0.077299
    70 1.868080 -0.003049 0.006083 0.000003 -0.000009 0.210491
    71 1.200079 0.399944 -0.000093 0.009465 -0.016087 0.007127
    72 0.000591 0.100342 0.000319 0.120035 0.021926 -0.209617
    73 0.068077 0.002285 -0.080050 3.111376 -0.069366 -0.060847
    74 2.007813 -0.000883 -0.000381 -0.000044 0.000040 1.464654
    75 0.000229 0.099802 0.000395 0.018823 -0.010833 -0.239219
    76 -0.018673 -0.001009 0.047544 3.109244 0.002635 -0.106673
    77 1.178665 0.001595 0.000845 -0.000022 -0.000053 0.807088
    78 -0.000198 0.099628 0.000034 0.000000 0.000000 -0.314102
    79 0.036892 -0.634449 0.266284 -2.801062 0.174301 0.490914
    80 1.707031 0.000723 0.000200 -0.000035 -0.000050 1.238445
    81 -0.000576 0.100136 0.000311 0.010912 -0.023131 -0.260841
    82 -0.003952 -0.281811 0.115047 -3.059162 0.089004 0.167964
    83 1.290039 0.000364 -0.000046 -0.000058 0.000014 0.465379
    84 -0.171528 -0.018148 -0.099873 0.013484 -0.062184 -0.011780
    85 0.912716 0.007240 0.001326 0.000019 0.000021 0.425942
    86 -0.342617 0.053404 -0.025571 -2.909301 -0.017248 0.075276
    87 1.100231 -0.000930 -0.002434 0.000009 0.000014 0.144088
    88 -0.384983 0.330998 0.006848 -3.087207 -0.018765 -0.184279
    89 0.678146 0.002286 -0.003905 0.000042 -0.000031 0.247127
    90 -0.123848 0.072737 0.029507 2.898184 -0.060627 0.094834
    91 1.017166 -0.000154 -0.000252 -0.000023 -0.000014 0.334702
    92 -0.344986 0.123129 0.143151 2.994981 0.012396 0.059140
    93 -0.730988 0.177046 0.039141 -0.123731 0.076518 -0.084310
    94 0.925900 0.005205 -0.000896 -0.000050 -0.000011 -0.164864
    95 -0.124027 -0.052092 0.038496 3.077813 -0.008519 0.039229
    96 1.098633 0.000008 0.000469 0.000000 0.000000 0.904169
    97 -0.330082 0.160641 0.042780 3.128073 0.034033 -0.171236
    98 0.678711 -0.000813 0.000175 0.000000 0.000000 0.937064
    99 -0.019516 -0.016531 0.038578 -2.763781 0.050305 0.076828
    100 1.018891 0.001206 0.001121 0.000054 -0.000029 0.984570
    101 -0.155312 0.130643 -0.021921 -3.022466 0.022433 -0.024903
    102 -0.252209 0.061937 -0.024914 -0.007671 -0.063171 -0.044392
    103 -0.085991 0.185203 -0.015180 -2.937063 -0.113970 -0.138991
    104 -0.286537 0.179852 0.024264 -3.109353 -0.049645 -0.029915
    105 -0.019489 0.147084 0.079203 2.893815 0.038585 -0.060594
    106 -0.046482 0.251898 0.129548 3.016165 0.077112 -0.042864
    107 0.039120 -0.040298 0.047739 3.084219 0.030470 -0.037414
    108 -0.233757 0.066630 0.001754 -3.133086 0.040141 -0.065413
    109 0.044266 0.020128 0.001684 -2.778763 -0.118872 -0.040488
    110 0.071495 0.074127 -0.048302 -3.035917 -0.059482 0.104366
    111 -0.328135 -16.047365 -6.496292 -0.236978 0.150605 -1.368459
    112 0.273446 7.375225 -3.859493 0.262642 -0.714739 -1.337427
    113 -1.142999 -0.001000 0.273999 -1.006101 -0.000004 1.570789
    114 -0.943998 0.000000 1.776996 0.000000 0.000000 0.000000
    115 2.039996 -0.296999 1.310997 0.000000 0.000000 -1.570817
    116 -0.653999 0.000000 -1.549997 0.000000 0.000000 0.000000
    117 4.078125 0.000000 -0.139893 0.000000 0.000000 0.000000
    118 1.636719 0.000000 -0.501953 0.000000 0.000000 0.000000
    119 2.437500 0.000000 0.764160 0.000000 0.000000 0.000000
    120 -0.898998 0.000000 -1.088998 0.000000 0.000000 0.000000
    121 2.025996 -0.001000 0.680999 0.000000 0.000000 1.570816
    122 0.000000 0.000000 0.000000 0.000000 0.000000 -1.570816
    123 0.711998 0.439999 -0.805998 0.000000 0.000000 1.570815
    124 -1.474998 0.000000 0.073000 0.000000 0.000000 1.570816
    125 1.889997 0.409999 0.284999 1.570922 0.000000 0.000000
    126 0.000000 0.000000 0.000000 0.000000 0.000000 0.000000
    127 -0.106000 0.000000 64.320000 0.000000 0.000000 0.000000
    128 0.000000 0.000000 0.000000 0.000000 0.000000 0.000000
    129 0.000000 0.000000 0.000000 0.004207 0.002169 0.002181
    130 26.325267 1.156771 2.227709 -0.237106 0.150566 0.202297
    131 0.106000 0.000000 -64.320000 0.000000 0.000000 0.000000
    132 0.000000 0.000000 0.000000 0.000000 0.000000 0.000000
    133 0.000000 0.000000 -4.867002 -3.141592 0.000000 -3.128591
    134 0.000000 0.000000 4.867000 -3.141592 0.000000 -3.128591
    135 4.000000 -6.500000 0.000000 0.000000 0.000000 0.000977
    136 -6.500000 0.000000 0.000000 0.000000 1.570796 0.000000
    137 1.000088 -0.000029 0.000000 0.000000 0.000000 0.000000
    138 17.162516 -0.000404 0.000000 0.000000 0.000000 0.119214
    139 9.999891 -0.000303 0.000000 0.000000 0.000000 0.000000
    140 1.000088 -0.000029 0.000000 0.000000 0.000000 0.000000
    141 17.162516 -0.000404 0.000000 0.000000 0.000000 0.119214
    142 9.499836 0.000212 0.000000 0.000000 0.000000 0.000000
    143 0.000000 0.000000 0.000000 0.000000 0.000000 0.000000
    144 17.749374 0.295515 0.000000 0.000000 0.000000 -1.158958
    145 0.017889 0.299792 0.000000 0.000000 0.000000 -0.059582
    146 12.283573 1.581456 -4.696000 1.462269 -0.086726 0.090185
    147 17.749376 0.295515 0.000000 0.000000 0.000000 -1.158958
    148 0.017889 0.299792 0.000000 0.000000 0.000000 -0.059582
    149 13.354000 0.000000 0.000000 0.000000 0.000000 -0.294101
    150 4.530998 0.000000 0.000000 0.000000 0.000000 0.000000
    151 0.000000 0.000000 0.000000 0.000000 0.000000 0.000000
    152 5.413524 0.000347 0.000000 0.000000 0.000000 -0.518055
    153 5.413524 0.000347 0.000000 0.000000 0.000000 -0.518055
    154 4.662002 -5.366333 4.825191 1.569713 1.561305 -3.121213
    155 3.116966 -0.000443 0.000000 0.000000 0.000000 0.294101
    156 4.531197 0.000000 0.000000 0.000000 0.000000 0.000000
    157 -8.603307 17.570849 -56.499241 0.263289 -0.095923 -0.232786
    158 -1.610780 0.003904 0.562248 0.000008 0.314056 0.000000
    159 -8.439461 17.781793 -57.382504 -1.247366 -0.262129 1.363813
    160 -1.532227 0.000000 1.129883 -0.262470 -0.000006 1.570749
    161 0.000000 -0.001000 0.000000 0.000000 0.000000 0.000000
    162 3.867000 0.000000 0.228000 0.000000 0.000000 0.000000
    163 3.512001 -3.547000 -1.066000 0.000000 1.570796 0.000000
    164 3.456001 -3.517000 1.169000 0.000000 1.570796 0.000000
    165 6.233002 0.000000 0.000000 0.000000 0.000000 0.000000
    166 -0.171997 -0.106000 -0.902000 1.570713 1.029176 -3.134550
    167 6.234184 -6.387813 0.019532 0.002181 -0.004207 -0.002181
    168 -3.106999 0.000000 0.669000 0.000000 0.000000 0.000000
    169 -3.106999 0.000000 0.741000 0.000000 0.000000 0.000000
    170 -3.252000 0.000000 0.540000 0.000000 0.000000 0.000000
    171 3.999434 -0.000528 -0.000332 -0.328782 -0.000017 -0.000023
    172 3.999901 0.000038 0.001011 -0.110028 -0.000001 -0.000001
    173 1.598000 0.000000 0.000000 0.000000 0.000000 0.000000
    174 -1.145525 0.000130 0.000668 0.000000 0.000000 0.000000
    175 2.299681 -2.499979 -0.599480 0.892021 0.221512 -0.527234
    176 11.451303 -2.086001 1.594912 1.489687 -0.699293 0.085286
    177 -9.580679 -27.862110 -37.184673 0.812879 -0.123459 -0.568477
    178 0.649933 -0.548295 0.093651 -1.665913 -0.131399 -0.112062
    179 0.657077 0.008401 0.040371 -1.665945 -0.131407 -0.000013
    180 0.665776 0.747221 -0.029190 -1.665935 -0.131408 0.094976
    181 2.300139 -2.499414 0.600159 -0.891995 -0.221560 -0.527344
    182 12.509592 1.698235 3.564709 1.764030 -0.255070 0.216942
    183 2.762354 0.116951 1.523975 1.629482 0.064153 1.743800
    184 7.228323 7.928203 -3.925652 2.328713 0.123459 -0.568477
    185 0.650394 -0.547730 -0.092979 1.665913 0.131399 -0.112062
    186 0.657069 0.008399 -0.040379 1.665945 0.131407 -0.000013
    187 0.665772 0.747219 0.029182 1.665935 0.131408 0.094976
    188 -4.481003 -0.202000 0.000000 0.000000 0.000000 0.000000
    189 -5.516998 -0.291000 -0.001000 0.000000 0.000000 0.000000
    190 -0.857697 0.104070 0.104687 0.023536 0.163924 0.013632
    191 1.899121 0.000427 -0.000439 0.027386 -0.033311 0.477848
    192 1.799658 -0.000240 0.000231 0.027386 -0.033311 0.477848
    193 1.799658 -0.000240 0.000231 0.027386 -0.033311 0.477848
    194 1.799658 -0.000240 0.000231 0.027386 -0.033311 0.477848
    195 1.900312 -0.000137 -0.000517 0.027386 -0.033311 0.477848
    196 1.899436 -0.000320 -0.000151 -0.027386 0.033311 0.477848
    197 1.799664 -0.000233 -0.000233 -0.027386 0.033311 0.477848
    198 1.799664 -0.000233 -0.000233 -0.027386 0.033311 0.477848
    199 1.799664 -0.000233 -0.000233 -0.027386 0.033311 0.477848
    200 1.900729 0.000549 -0.000072 -0.027386 0.033311 0.477848
    201 0.599884 0.400188 -0.000027 0.000000 0.000000 0.000000
    202 0.599888 0.400187 0.000031 0.000000 0.000000 -3.141592
    203 0.599503 0.400696 0.000234 0.000000 0.000000 0.000000
    204 0.600399 0.399632 -0.000466 0.000000 0.000000 -3.141592
  time 24
    0 0.000000 0.000000 0.000000 0.000000 0.000000 -1.570796
    1 -0.106323 0.000000 -0.000198 0.000000 0.000000 0.000000
    2 0.000000 0.000000 0.000000 0.000000 0.000000 0.000000
    3 -0.904000 0.000000 -11.806000 0.000000 0.000000 0.000000
    4 0.000000 0.000000 -14.313999 0.000000 -1.570796 1.570857
    5 3.533001 0.000000 0.000000 0.000000 0.000000 0.000000
    6 6.250000 0.000000 0.000000 0.000000 0.000000 0.000000
    7 9.299411 2.285251 -1.740889 -0.169571 1.443488 -0.168554
    8 9.666610 2.488382 2.088568 2.466627 -1.254065 -2.493439
    9 5.790726 0.002787 -0.000113 -1.109618 0.744640 -1.581892
    10 5.999492 -0.000592 -4.000343 0.000000 0.000000 0.000000
    11 5.791316 0.002582 0.004799 0.681814 -0.550620 -1.146844
    12 5.999492 -0.000592 4.000336 0.000000 0.000000 0.000000
    13 0.500225 0.000133 -0.000088 0.147128 0.000000 0.000000
    14 11.534559 0.004255 -0.001312 0.000019 -0.000039 -1.206084
    15 -0.829338 0.893824 0.079659 -0.148839 0.047645 0.087266
    16 0.500225 0.000132 0.000076 -0.009025 -0.000048 0.000000
    17 11.536401 0.004432 -0.000089 0.000054 0.000026 -1.586182
    18 -0.829586 0.894698 -0.079464 0.045377 -0.019621 0.087266
    19 10.599884 0.000105 -0.000553 -0.744094 0.000000 0.000000
    20 0.213418 -0.325964 -0.000805 0.000000 0.000011 0.602987
    21 11.042057 0.003717 0.004704 -0.735420 -0.093435 0.309175
    22 -1.214832 0.203470 -0.477489 -0.135025 -0.078677 -0.001289
    23 10.599880 0.000105 0.000549 -0.065984 0.000000 0.000000
    24 0.494675 -0.486125 0.000801 0.000000 -0.000011 0.793076
    25 11.041742 0.003171 -0.000571 -0.048113 0.342213 0.803096
    26 -1.063377 0.077663 0.150230 0.045121 0.020046 -0.012850
    27 0.610302 -0.939470 0.070343 -1.703792 -0.271010 -0.154667
    28 0.639940 -0.199121 0.060188 -1.668400 -0.258057 -0.053959
    29 0.600155 1.080261 -0.339535 -1.735106 -0.079772 0.077208
    30 0.610207 0.400743 -0.010101 -1.764850 -0.174942 0.065163
    31 0.634715 -0.693997 -0.232343 0.049192 -0.055321 -0.697571
    32 -0.792125 0.203736 0.461300 1.439074 -0.003453 -0.018305
    33 0.610300 -0.939469 -0.070351 1.655337 0.139988 -0.175676
    34 0.639937 -0.199121 -0.060200 1.665952 0.131308 -0.066502
    35 0.600586 1.130859 0.033752 1.738057 -0.020761 0.107329
    36 0.610205 0.400743 0.010086 1.762348 0.061543 0.042962
    37 0.629883 -0.689453 0.230347 -0.750747 -0.567048 -0.967115
    38 -0.626031 -0.069983 -0.080517 -1.447153 0.086151 0.021559
    39 2.621377 -0.002532 -0.001438 -0.170586 -0.184222 -0.140011
    40 2.660837 0.000397 -0.000071 -0.213529 -0.203491 0.086247
    41 2.202488 0.003368 -0.002863 -0.022785 -0.162379 -0.027069
    42 0.599952 0.959240 -0.300102 -0.174544 0.000000 0.000000
    43 2.557190 -0.005873 0.006359 0.069358 -0.010967 0.120874
    44 2.095024 -0.003873 -0.006100 -0.315418 -0.314856 0.393826
    45 0.999380 -0.000236 -1.279684 -0.000001 0.000000 0.000000
    46 -0.122639 -0.721856 0.661690 -0.486644 0.223964 0.243056
    47 2.619141 0.000141 -0.000401 0.055589 0.402473 0.372937
    48 2.658203 0.000781 0.000162 0.351904 0.247667 1.152005
    49 2.199219 0.000516 -0.000122 0.245882 -0.018377 1.177006
    50 0.599951 0.959244 0.300102 0.174544 0.000000 0.000000
    51 2.558594 -0.000149 -0.000031 0.273469 0.149728 1.224778
    52 2.095703 -0.000095 -0.000401 0.482182 -0.410387 0.684474
    53 0.999512 0.000054 1.119141 0.000000 0.000000 0.000001
    54 0.310846 -0.606445 -0.498005 0.308107 -0.197598 0.313976
    55 1.873069 -0.004741 -0.000994 -0.000067 0.000015 0.180751
    56 1.200941 0.399582 -0.000237 -0.009465 0.016087 0.007127
    57 0.000586 0.100342 -0.000319 -0.120035 -0.021926 -0.209617
    58 -0.161663 0.051712 0.194808 -2.941982 0.122408 -0.060194
    59 2.010092 -0.007109 -0.003377 0.000018 0.000013 0.431500
    60 0.000240 0.099802 -0.000395 -0.018823 0.010833 -0.239219
    61 -0.203197 0.048607 0.069150 -3.093332 0.033217 -0.046722
    62 1.180428 -0.006214 0.000780 -0.000050 -0.000048 0.541683
    63 -0.000196 0.099625 -0.000034 0.000000 0.000000 -0.314102
    64 -0.088736 -0.688435 -0.145203 2.930407 -0.136130 0.513013
    65 1.715976 -0.003328 0.003818 0.000023 -0.000021 0.593389
    66 -0.000580 0.100145 -0.000311 -0.010912 0.023131 -0.260841
    67 -0.146030 -0.232426 -0.014225 3.028455 -0.094299 0.113020
    68 1.290632 0.000362 -0.000032 0.000000 0.000000 -0.387587
    69 -0.658121 -0.003575 0.072645 -0.142711 0.027792 -0.077299
    70 1.868080 -0.003049 0.006083 0.000003 -0.000009 0.210491
    71 1.200079 0.399944 -0.000093 0.009465 -0.016087 0.007127
    72 0.000591 0.100342 0.000319 0.120035 0.021926 -0.209617
    73 0.068077 0.002285 -0.080050 3.111376 -0.069366 -0.060847
    74 2.007813 -0.000883 -0.000381 -0.000044 0.000040 1.464654
    75 0.000229 0.099802 0.000395 0.018823 -0.010833 -0.239219
    76 -0.018673 -0.001009 0.047544 3.109244 0.002635 -0.106673
    77 1.178665 0.001595 0.000845 -0.000022 -0.000053 0.807088
    78 -0.000198 0.099628 0.000034 0.000000 0.000000 -0.314102
    79 0.036892 -0.634449 0.266284 -2.801062 0.174301 0.490914
    80 1.707031 0.000723 0.000200 -0.000035 -0.000050 1.238445
    81 -0.000576 0.100136 0.000311 0.010912 -0.023131 -0.260841
    82 -0.003952 -0.281811 0.115047 -3.059162 0.089004 0.167964
    83 1.290039 0.000364 -0.000046 -0.000058 0.000014 0.465379
    84 -0.171528 -0.018148 -0.099873 0.013484 -0.062184 -0.011780
    85 0.912716 0.007240 0.001326 0.000019 0.000021 0.278648
    86 -0.342617 0.053404 -0.025571 -2.909301 -0.017248 0.075276
    87 1.100231 -0.000930 -0.002434 0.000009 -0.000046 0.097052
    88 -0.384983 0.330998 0.006848 -3.087207 -0.018765 -0.184279
    89 0.678146 0.006192 -0.003905 -0.000006 0.000041 0.214068
    90 -0.123848 0.072737 0.029507 2.898184 -0.060627 0.094834
    91 1.017166 -0.000154 -0.000252 -0.000023 -0.000014 0.277456
    92 -0.344986 0.123129 0.143151 2.994981 0.012396 0.059140
    93 -0.730988 0.177046 0.039141 -0.123731 0.076518 -0.084310
    94 0.925900 0.001298 -0.000896 -0.000038 -0.000011 -0.164864
    95 -0.124027 -0.052092 0.038496 3.077813 -0.008519 0.039229
    96 1.098633 0.000008 0.000469 0.000000 0.000000 0.904169
    97 -0.330082 0.160641 0.042780 3.128073 0.034033 -0.171236
    98 0.678711 -0.000813 0.000175 0.000000 0.000000 0.937064
    99 -0.019516 -0.016531 0.038578 -2.763781 0.050305 0.076828
    100 1.018891 0.001206 0.001121 0.000066 -0.000029 0.984570
    101 -0.155312 0.130643 -0.021921 -3.022466 0.022433 -0.024903
    102 -0.252209 0.061937 -0.024914 -0.007671 -0.063171 -0.044392
    103 -0.085991 0.185203 -0.015180 -2.937063 -0.113970 -0.138991
    104 -0.286537 0.179852 0.024264 -3.109353 -0.049645 -0.029915
    105 -0.019489 0.147084 0.079203 2.893815 0.038585 -0.060594
    106 -0.046482 0.251898 0.129548 3.016165 0.077112 -0.042864
    107 0.039120 -0.040298 0.047739 3.084219 0.030470 -0.037414
    108 -0.233757 0.066630 0.001754 -3.133086 0.040141 -0.065413
    109 0.044266 0.020128 0.001684 -2.778763 -0.118872 -0.040488
    110 0.071495 0.074127 -0.048302 -3.035917 -0.059482 0.104366
    111 -0.585955 -15.871578 -5.523606 -0.269315 0.112076 -1.408049
    112 0.898465 7.609607 -3.933714 0.217008 -0.751666 -1.342219
    113 -1.142999 -0.001000 0.273999 -1.006101 -0.000004 1.570789
    114 -0.943998 0.000000 1.776996 0.000000 0.000000 0.000000
    115 2.039996 -0.296999 1.310997 0.000000 0.000000 -1.570817
    116 -0.653999 0.000000 -1.549997 0.000000 0.000000 0.000000
    117 4.078125 0.000000 -0.139893 0.000000 0.000000 0.000000
    118 1.636719 0.000000 -0.501953 0.000000 0.000000 0.000000
    119 2.437500 0.000000 0.764160 0.000000 0.000000 0.000000
    120 -0.898998 0.000000 -1.088998 0.000000 0.000000 0.000000
    121 2.025996 -0.001000 0.680999 0.000000 0.000000 1.570816
    122 0.000000 0.000000 0.000000 0.000000 0.000000 -1.570816
    123 0.711998 0.439999 -0.805998 0.000000 0.000000 1.570815
    124 -1.474998 0.000000 0.073000 0.000000 0.000000 1.570816
    125 1.889997 0.409999 0.284999 1.570922 0.000000 0.000000
    126 0.000000 0.000000 0.000000 0.000000 0.000000 0.000000
    127 -0.106000 0.000000 64.320000 0.000000 0.000000 0.000000
    128 0.000000 0.000000 0.000000 0.000000 0.000000 0.000000
    129 0.000000 0.000000 0.000000 0.000503 0.002792 0.000384
    130 26.313548 0.500501 3.583219 -0.269432 0.112039 0.162707
    131 0.106000 0.000000 -64.320000 0.000000 0.000000 0.000000
    132 0.000000 0.000000 0.000000 0.000000 0.000000 0.000000
    133 0.000000 0.000000 -4.867002 -3.141592 0.000000 -3.128591
    134 0.000000 0.000000 4.867000 -3.141592 0.000000 -3.128591
    135 4.000000 -6.500000 0.000000 0.000000 0.000000 0.000977
    136 -6.500000 0.000000 0.000000 0.000000 1.570796 0.000000
    137 1.000088 -0.000029 0.000000 0.000000 0.000000 0.000000
    138 17.162516 -0.000404 0.000000 0.000000 0.000000 0.119214
    139 9.999891 -0.000303 0.000000 0.000000 0.000000 0.000000
    140 1.000088 -0.000029 0.000000 0.000000 0.000000 0.000000
    141 17.162516 -0.000404 0.000000 0.000000 0.000000 0.119214
    142 9.499836 0.000212 0.000000 0.000000 0.000000 0.000000
    143 0.000000 0.000000 0.000000 0.000000 0.000000 0.000000
    144 17.749374 0.295515 0.000000 0.000000 0.000000 -1.158958
    145 0.017889 0.299792 0.000000 0.000000 0.000000 -0.059582
    146 12.283573 1.581456 -4.696000 1.462269 -0.086726 0.090185
    147 17.749376 0.295515 0.000000 0.000000 0.000000 -1.158958
    148 0.017889 0.299792 0.000000 0.000000 0.000000 -0.059582
    149 13.354000 0.000000 0.000000 0.000000 0.000000 -0.294101
    150 4.530998 0.000000 0.000000 0.000000 0.000000 0.000000
    151 0.000000 0.000000 0.000000 0.000000 0.000000 0.000000
    152 5.413524 0.000347 0.000000 0.000000 0.000000 -0.518055
    153 5.413524 0.000347 0.000000 0.000000 0.000000 -0.518055
    154 4.662002 -5.366333 4.825191 1.569713 1.561305 -3.121213
    155 3.116966 -0.000443 0.000000 0.000000 0.000000 0.294101
    156 4.531197 0.000000 0.000000 0.000000 0.000000 0.000000
    157 -10.681496 19.207617 -56.632058 0.284481 -0.063318 -0.186746
    158 -1.610780 0.003904 0.562248 0.000008 0.314056 0.000000
    159 -10.552806 19.445906 -57.511415 -1.213889 -0.283942 1.402518
    160 -1.532227 0.000000 1.129883 -0.262470 -0.000006 1.570749
    161 0.000000 -0.001000 0.000000 0.000000 0.000000 0.000000
    162 3.867000 0.000000 0.228000 0.000000 0.000000 0.000000
    163 3.512001 -3.547000 -1.066000 0.000000 1.570796 0.000000
    164 3.456001 -3.517000 1.169000 0.000000 1.570796 0.000000
    165 6.233002 0.000000 0.000000 0.000000 0.000000 0.000000
    166 -0.171997 -0.106000 -0.902000 1.570713 1.029176 -3.134550
    167 6.234184 -6.387813 0.007813 0.000384 -0.000503 -0.002792
    168 -3.106999 0.000000 0.669000 0.000000 0.000000 0.000000
    169 -3.106999 0.000000 0.741000 0.000000 0.000000 0.000000
    170 -3.252000 0.000000 0.540000 0.000000 0.000000 0.000000
    171 3.999434 -0.000528 -0.000332 -0.372166 -0.000017 -0.000011
    172 3.999901 0.000038 0.001011 -0.034379 -0.000001 -0.000001
    173 1.598000 0.000000 0.000000 0.000000 0.000000 0.000000
    174 -1.145525 0.000130 0.000668 0.000000 0.000000 0.000000
    175 2.299681 -2.499979 -0.599480 0.892021 0.221512 -0.527234
    176 11.451303 -1.566454 0.434720 1.569146 -0.511564 0.057719
    177 -9.580679 -27.862110 -37.184673 0.812879 -0.123459 -0.568477
    178 0.649933 -0.548295 0.093651 -1.665913 -0.131399 -0.112062
    179 0.657077 0.008401 0.040371 -1.665945 -0.131407 -0.000013
    180 0.665776 0.747221 -0.029190 -1.665935 -0.131408 0.094976
    181 2.300139 -2.499414 0.600159 -0.891995 -0.221560 -0.527344
    182 12.509592 1.698235 3.564709 1.764030 -0.255070 0.216942
    183 2.762354 0.116951 1.523975 1.629482 0.064153 1.743800
    184 7.228323 7.928203 -3.925652 2.328713 0.123459 -0.568477
    185 0.650394 -0.547730 -0.092979 1.665913 0.131399 -0.112062
    186 0.657069 0.008399 -0.040379 1.665945 0.131407 -0.000013
    187 0.665772 0.747219 0.029182 1.665935 0.131408 0.094976
    188 -4.481003 -0.202000 0.000000 0.000000 0.000000 0.000000
    189 -5.516998 -0.291000 -0.001000 0.000000 0.000000 0.000000
    190 -0.857697 0.104070 0.104687 0.023536 0.163924 0.013632
    191 1.899121 0.000427 -0.000439 0.027386 -0.033311 0.477848
    192 1.799658 -0.000240 0.000231 0.027386 -0.033311 0.477848
    193 1.799658 -0.000240 0.000231 0.027386 -0.033311 0.477848
    194 1.799658 -0.000240 0.000231 0.027386 -0.033311 0.477848
    195 1.900312 -0.000137 -0.000517 0.027386 -0.033311 0.477848
    196 1.899436 -0.000320 -0.000151 -0.027386 0.033311 0.477848
    197 1.799664 -0.000233 -0.000233 -0.027386 0.033311 0.477848
    198 1.799664 -0.000233 -0.000233 -0.027386 0.033311 0.477848
    199 1.799664 -0.000233 -0.000233 -0.027386 0.033311 0.477848
    200 1.900729 0.000549 -0.000072 -0.027386 0.033311 0.477848
    201 0.599884 0.400188 -0.000027 0.000000 0.000000 0.000000
    202 0.599888 0.400187 0.000031 0.000000 0.000000 -3.141592
    203 0.599503 0.400696 0.000234 0.000000 0.000000 0.000000
    204 0.600399 0.399632 -0.000466 0.000000 0.000000 -3.141592
  time 25
    0 0.000000 0.000000 0.000000 0.000000 0.000000 -1.570796
    1 -0.106323 0.000000 -0.000198 0.000000 0.000000 0.000000
    2 0.000000 0.000000 0.000000 0.000000 0.000000 0.000000
    3 -0.904000 0.000000 -11.806000 0.000000 0.000000 0.000000
    4 0.000000 0.000000 -14.313999 0.000000 -1.570796 1.570857
    5 3.533001 0.000000 0.000000 0.000000 0.000000 0.000000
    6 6.250000 0.000000 0.000000 0.000000 0.000000 0.000000
    7 8.256411 3.597791 -1.436192 -0.207022 1.466580 -0.205999
    8 9.932243 3.816548 2.748744 2.180138 -1.374173 -2.190994
    9 5.790726 0.002787 -0.000113 -1.074305 0.570636 -1.585363
    10 5.999492 -0.000592 -4.000343 0.000000 0.000000 0.000000
    11 5.791316 0.002582 0.000893 0.705261 -0.493376 -1.264036
    12 5.999492 -0.000592 4.000336 0.000000 0.000000 0.000000
    13 0.500225 0.000133 -0.000088 0.155662 0.000000 0.000060
    14 11.534559 0.000348 -0.001312 0.000031 0.000033 -1.138791
    15 -0.829338 0.893824 0.079659 -0.148839 0.047645 0.087266
    16 0.500225 0.000132 0.000076 0.015124 0.000000 0.000000
    17 11.536401 0.000526 -0.000089 0.000054 0.000026 -1.398033
    18 -0.829586 0.894698 -0.079464 0.045377 -0.019621 0.087266
    19 10.599884 0.000105 -0.000553 -0.929001 0.000012 0.000048
    20 0.182167 -0.306432 -0.000805 0.000000 0.000011 0.569405
    21 11.042057 0.003717 0.004704 -0.876394 -0.116689 0.627826
    22 -1.214832 0.203470 -0.477489 -0.135025 -0.078677 -0.001289
    23 10.599880 0.000105 0.000549 0.082548 0.000000 0.000000
    24 0.346233 -0.396278 0.000801 -0.000036 0.000073 0.699071
    25 11.041742 0.007077 -0.000571 0.068766 0.411637 0.731181
    26 -1.063377 0.077663 0.150230 0.045121 0.020046 -0.012850
    27 0.610302 -0.939470 0.070343 -1.709854 -0.288687 -0.151743
    28 0.639940 -0.199121 0.060188 -1.668756 -0.275986 -0.052089
    29 0.600155 1.080261 -0.339535 -1.734416 -0.097761 0.080240
    30 0.610207 0.400743 -0.010101 -1.765441 -0.192571 0.068795
    31 0.634715 -0.693997 -0.232343 0.056413 -0.046980 -0.841215
    32 -0.792125 0.203736 0.461300 1.439074 -0.003453 -0.018305
    33 0.610300 -0.939469 -0.070351 1.655337 0.139988 -0.175676
    34 0.639937 -0.199121 -0.060200 1.665952 0.131308 -0.066502
    35 0.600586 1.130859 0.033752 1.738057 -0.020761 0.107329
    36 0.610205 0.400743 0.010086 1.762348 0.061543 0.042962
    37 0.629883 -0.689453 0.230347 -0.750747 -0.567048 -0.967115
    38 -0.626031 -0.069983 -0.080517 -1.447153 0.086151 0.021559
    39 2.621377 -0.002532 -0.001438 -0.131502 -0.169100 -0.249048
    40 2.660837 0.000397 -0.000071 -0.201967 -0.209543 -0.020934
    41 2.202488 0.003368 -0.006769 -0.027939 -0.176721 -0.139228
    42 0.599952 0.959240 -0.300102 -0.174544 0.000000 0.000000
    43 2.557190 -0.001967 0.006359 0.072131 -0.007300 0.021251
    44 2.095024 -0.003873 -0.002193 -0.332712 -0.384261 0.384281
    45 0.999380 -0.000236 -1.182025 -0.000001 0.000000 0.000000
    46 -0.122639 -0.721856 0.661690 -0.486644 0.223964 0.243056
    47 2.619141 0.000141 -0.000401 0.055589 0.402473 0.372937
    48 2.658203 0.000781 0.000162 0.351904 0.247667 1.152005
    49 2.199219 0.000516 -0.000122 0.245882 -0.018377 1.177006
    50 0.599951 0.959244 0.300102 0.174544 0.000000 0.000000
    51 2.558594 -0.000149 -0.000031 0.273469 0.149728 1.224778
    52 2.095703 -0.000095 -0.000401 0.482182 -0.410387 0.684474
    53 0.999512 0.000054 1.119141 0.000000 0.000000 0.000001
    54 0.310846 -0.606445 -0.498005 0.308107 -0.197598 0.313976
    55 1.873069 -0.004741 -0.004901 -0.000007 0.000004 0.150841
    56 1.200941 0.399582 -0.000237 -0.009465 0.016087 0.007127
    57 0.000586 0.100342 -0.000319 -0.120035 -0.021926 -0.209617
    58 -0.161663 0.051712 0.194808 -2.941982 0.122408 -0.060194
    59 2.010092 -0.003202 -0.003377 0.000077 0.000001 0.381939
    60 0.000240 0.099802 -0.000395 -0.018823 0.010833 -0.239219
    61 -0.203197 0.048607 0.069150 -3.093332 0.033217 -0.046722
    62 1.180428 -0.006214 0.000780 -0.000026 -0.000048 0.533649
    63 -0.000196 0.099625 -0.000034 0.000000 0.000000 -0.314102
    64 -0.088736 -0.688435 -0.145203 2.930407 -0.136130 0.513013
    65 1.712069 -0.003328 -0.000088 0.000035 0.000039 0.564564
    66 -0.000580 0.100145 -0.000311 -0.010912 0.023131 -0.260841
    67 -0.146030 -0.232426 -0.014225 3.028455 -0.094299 0.113020
    68 1.290632 0.000362 -0.000032 0.000000 0.000000 -0.403081
    69 -0.658121 -0.003575 0.072645 -0.142711 0.027792 -0.077299
    70 1.871986 -0.003049 0.006083 0.000003 -0.000021 0.210491
    71 1.200079 0.399944 -0.000093 0.009465 -0.016087 0.007127
    72 0.000591 0.100342 0.000319 0.120035 0.021926 -0.209617
    73 0.068077 0.002285 -0.080050 3.111376 -0.069366 -0.060847
    74 2.007813 -0.000883 -0.000381 -0.000044 0.000040 1.464654
    75 0.000229 0.099802 0.000395 0.018823 -0.010833 -0.239219
    76 -0.018673 -0.001009 0.047544 3.109244 0.002635 -0.106673
    77 1.178665 0.001595 0.000845 -0.000022 -0.000053 0.807088
    78 -0.000198 0.099628 0.000034 0.000000 0.000000 -0.314102
    79 0.036892 -0.634449 0.266284 -2.801062 0.174301 0.490914
    80 1.707031 0.000723 0.000200 -0.000035 -0.000050 1.238445
    81 -0.000576 0.100136 0.000311 0.010912 -0.023131 -0.260841
    82 -0.003952 -0.281811 0.115047 -3.059162 0.089004 0.167964
    83 1.290039 0.000364 -0.000046 -0.000058 0.000014 0.465379
    84 -0.171528 -0.018148 -0.099873 0.013484 -0.062184 -0.011780
    85 0.916622 0.007240 0.001326 -0.000041 0.000021 0.218293
    86 -0.342617 0.053404 -0.025571 -2.909301 -0.017248 0.075276
    87 1.100231 -0.000930 -0.002434 0.000009 0.000014 0.079353
    88 -0.384983 0.330998 0.006848 -3.087207 -0.018765 -0.184279
    89 0.678146 0.006192 0.000002 -0.000018 0.000053 0.197459
    90 -0.123848 0.072737 0.029507 2.898184 -0.060627 0.094834
    91 1.017166 -0.000154 -0.000252 -0.000023 -0.000014 0.236841
    92 -0.344986 0.123129 0.143151 2.994981 0.012396 0.059140
    93 -0.730988 0.177046 0.039141 -0.123731 0.076518 -0.084310
    94 0.925900 0.001298 -0.000896 -0.000026 -0.000011 -0.164864
    95 -0.124027 -0.052092 0.038496 3.077813 -0.008519 0.039229
    96 1.098633 0.000008 0.000469 0.000000 0.000000 0.904169
    97 -0.330082 0.160641 0.042780 3.128073 0.034033 -0.171236
    98 0.678711 -0.000813 0.000175 0.000000 0.000000 0.937064
    99 -0.019516 -0.016531 0.038578 -2.763781 0.050305 0.076828
    100 1.018891 0.005113 0.001121 0.000054 -0.000029 0.984570
    101 -0.155312 0.130643 -0.021921 -3.022466 0.022433 -0.024903
    102 -0.252209 0.061937 -0.024914 -0.007671 -0.063171 -0.044392
    103 -0.085991 0.185203 -0.015180 -2.937063 -0.113970 -0.138991
    104 -0.286537 0.179852 0.024264 -3.109353 -0.049645 -0.029915
    105 -0.019489 0.147084 0.079203 2.893815 0.038585 -0.060594
    106 -0.046482 0.251898 0.129548 3.016165 0.077112 -0.042864
    107 0.039120 -0.040298 0.047739 3.084219 0.030470 -0.037414
    108 -0.233757 0.066630 0.001754 -3.133086 0.040141 -0.065413
    109 0.044266 0.020128 0.001684 -2.778763 -0.118872 -0.040488
    110 0.071495 0.074127 -0.048302 -3.035917 -0.059482 0.104366
    111 -0.777367 -15.633290 -4.730613 -0.301652 0.076075 -1.447732
    112 1.593799 7.820551 -4.136845 0.168185 -0.784827 -1.344892
    113 -1.142999 -0.001000 0.273999 -1.006101 -0.000004 1.570789
    114 -0.943998 0.000000 1.776996 0.000000 0.000000 0.000000
    115 2.039996 -0.296999 1.310997 0.000000 0.000000 -1.570817
    116 -0.653999 0.000000 -1.549997 0.000000 0.000000 0.000000
    117 4.078125 0.000000 -0.139893 0.000000 0.000000 0.000000
    118 1.636719 0.000000 -0.501953 0.000000 0.000000 0.000000
    119 2.437500 0.000000 0.764160 0.000000 0.000000 0.000000
    120 -0.898998 0.000000 -1.088998 0.000000 0.000000 0.000000
    121 2.025996 -0.001000 0.680999 0.000000 0.000000 1.570816
    122 0.000000 0.000000 0.000000 0.000000 0.000000 -1.570816
    123 0.711998 0.439999 -0.805998 0.000000 0.000000 1.570815
    124 -1.474998 0.000000 0.073000 0.000000 0.000000 1.570816
    125 1.889997 0.409999 0.284999 1.570922 0.000000 0.000000
    126 0.000000 0.000000 0.000000 0.000000 0.000000 0.000000
    127 -0.106000 0.000000 64.320000 0.000000 0.000000 0.000000
    128 0.000000 0.000000 0.000000 0.000000 0.000000 0.000000
    129 0.000000 0.000000 0.000000 -0.003176 0.003416 -0.001390
    130 26.215889 -0.104986 4.735598 -0.301845 0.076088 0.123023
    131 0.106000 0.000000 -64.320000 0.000000 0.000000 0.000000
    132 0.000000 0.000000 0.000000 0.000000 0.000000 0.000000
    133 0.000000 0.000000 -4.867002 -3.141592 0.000000 -3.128591
    134 0.000000 0.000000 4.867000 -3.141592 0.000000 -3.128591
    135 4.000000 -6.500000 0.000000 0.000000 0.000000 0.000977
    136 -6.500000 0.000000 0.000000 0.000000 1.570796 0.000000
    137 1.000088 -0.000029 0.000000 0.000000 0.000000 0.000000
    138 17.162516 -0.000404 0.000000 0.000000 0.000000 0.119214
    139 9.999891 -0.000303 0.000000 0.000000 0.000000 0.000000
    140 1.000088 -0.000029 0.000000 0.000000 0.000000 0.000000
    141 17.162516 -0.000404 0.000000 0.000000 0.000000 0.119214
    142 9.499836 0.000212 0.000000 0.000000 0.000000 0.000000
    143 0.000000 0.000000 0.000000 0.000000 0.000000 0.000000
    144 17.749374 0.295515 0.000000 0.000000 0.000000 -1.158958
    145 0.017889 0.299792 0.000000 0.000000 0.000000 -0.059582
    146 12.283573 1.581456 -4.696000 1.462269 -0.086726 0.090185
    147 17.749376 0.295515 0.000000 0.000000 0.000000 -1.158958
    148 0.017889 0.299792 0.000000 0.000000 0.000000 -0.059582
    149 13.354000 0.000000 0.000000 0.000000 0.000000 -0.294101
    150 4.530998 0.000000 0.000000 0.000000 0.000000 0.000000
    151 0.000000 0.000000 0.000000 0.000000 0.000000 0.000000
    152 5.413524 0.000347 0.000000 0.000000 0.000000 -0.518055
    153 5.413524 0.000347 0.000000 0.000000 0.000000 -0.518055
    154 4.662002 -5.366333 4.825191 1.569713 1.561305 -3.121213
    155 3.116966 -0.000443 0.000000 0.000000 0.000000 0.294101
    156 4.531197 0.000000 0.000000 0.000000 0.000000 0.000000
    157 -12.646399 20.738914 -56.514867 0.308821 -0.035485 -0.139872
    158 -1.614686 0.003904 0.562248 0.000008 0.314056 0.000000
    159 -12.556774 21.012360 -57.398130 -1.185302 -0.308767 1.442231
    160 -1.532227 0.000000 1.129883 -0.262470 -0.000006 1.570749
    161 0.000000 -0.001000 0.000000 0.000000 0.000000 0.000000
    162 3.867000 0.000000 0.228000 0.000000 0.000000 0.000000
    163 3.512001 -3.547000 -1.066000 0.000000 1.570796 0.000000
    164 3.456001 -3.517000 1.169000 0.000000 1.570796 0.000000
    165 6.233002 0.000000 0.000000 0.000000 0.000000 0.000000
    166 -0.171997 -0.106000 -0.902000 1.570713 1.029176 -3.134550
    167 6.234184 -6.387813 0.007813 -0.001390 0.003164 -0.003416
    168 -3.106999 0.000000 0.669000 0.000000 0.000000 0.000000
    169 -3.106999 0.000000 0.741000 0.000000 0.000000 0.000000
    170 -3.252000 0.000000 0.540000 0.000000 0.000000 0.000000
    171 3.999434 -0.000528 -0.000332 -0.464656 -0.000017 -0.000011
    172 3.999901 0.000038 0.001011 0.041248 -0.000001 -0.000001
    173 1.598000 0.000000 0.000000 0.000000 0.000000 0.000000
    174 -1.145525 0.000130 0.000668 0.000000 0.000000 0.000000
    175 2.299681 -2.499979 -0.599480 0.892021 0.221512 -0.527234
    176 11.552868 -2.769616 -1.553622 1.610911 -0.264122 -0.096129
    177 -9.580679 -27.862110 -37.184673 0.812879 -0.123459 -0.568477
    178 0.649933 -0.548295 0.093651 -1.665913 -0.131399 -0.112062
    179 0.657077 0.008401 0.040371 -1.665945 -0.131407 -0.000013
    180 0.665776 0.747221 -0.029190 -1.665935 -0.131408 0.094976
    181 2.300139 -2.499414 0.600159 -0.891995 -0.221560 -0.527344
    182 12.509592 1.698235 3.564709 1.764030 -0.255070 0.216942
    183 2.762354 0.116951 1.523975 1.629482 0.064153 1.743800
    184 7.228323 7.928203 -3.925652 2.328713 0.123459 -0.568477
    185 0.650394 -0.547730 -0.092979 1.665913 0.131399 -0.112062
    186 0.657069 0.008399 -0.040379 1.665945 0.131407 -0.000013
    187 0.665772 0.747219 0.029182 1.665935 0.131408 0.094976
    188 -4.481003 -0.202000 0.000000 0.000000 0.000000 0.000000
    189 -5.516998 -0.291000 -0.001000 0.000000 0.000000 0.000000
    190 -0.857697 0.104070 0.104687 0.023536 0.163924 0.013632
    191 1.899121 0.000427 -0.000439 0.027386 -0.033311 0.477848
    192 1.799658 -0.000240 0.000231 0.027386 -0.033311 0.477848
    193 1.799658 -0.000240 0.000231 0.027386 -0.033311 0.477848
    194 1.799658 -0.000240 0.000231 0.027386 -0.033311 0.477848
    195 1.900312 -0.000137 -0.000517 0.027386 -0.033311 0.477848
    196 1.899436 -0.000320 -0.000151 -0.027386 0.033311 0.477848
    197 1.799664 -0.000233 -0.000233 -0.027386 0.033311 0.477848
    198 1.799664 -0.000233 -0.000233 -0.027386 0.033311 0.477848
    199 1.799664 -0.000233 -0.000233 -0.027386 0.033311 0.477848
    200 1.900729 0.000549 -0.000072 -0.027386 0.033311 0.477848
    201 0.599884 0.400188 -0.000027 0.000000 0.000000 0.000000
    202 0.599888 0.400187 0.000031 0.000000 0.000000 -3.141592
    203 0.599503 0.400696 0.000234 0.000000 0.000000 0.000000
    204 0.600399 0.399632 -0.000466 0.000000 0.000000 -3.141592
  time 26
    0 0.000000 0.000000 0.000000 0.000000 0.000000 -1.570796
    1 -0.106323 0.000000 -0.000198 0.000000 0.000000 0.000000
    2 0.000000 0.000000 0.000000 0.000000 0.000000 0.000000
    3 -0.904000 0.000000 -11.806000 0.000000 0.000000 0.000000
    4 0.000000 0.000000 -14.313999 0.000000 -1.570796 1.570857
    5 3.533001 0.000000 0.000000 0.000000 0.000000 0.000000
    6 6.250000 0.000000 0.000000 0.000000 0.000000 0.000000
    7 6.904807 5.293155 -1.053368 -0.289362 1.495763 -0.288727
    8 10.272097 5.539257 3.619864 1.138805 -1.443476 -1.136851
    9 5.790726 0.006694 -0.000113 -1.033699 0.372297 -1.597991
    10 5.999492 -0.000592 -4.000343 0.000000 0.000000 0.000000
    11 5.791316 0.002582 0.000893 0.790022 -0.448173 -1.446585
    12 5.999492 -0.000592 4.000336 0.000000 0.000000 0.000000
    13 0.500225 0.000133 -0.000088 0.147973 0.000000 0.000000
    14 11.534559 0.004255 -0.001312 0.000007 0.000093 -0.982439
    15 -0.829338 0.893824 0.079659 -0.148839 0.047645 0.087266
    16 0.500225 0.000132 0.000076 0.005410 0.000000 0.000000
    17 11.532495 0.004432 -0.000089 -0.000018 -0.000094 -1.134887
    18 -0.829586 0.894698 -0.079464 0.045377 -0.019621 0.087266
    19 10.599884 0.000105 -0.000553 -1.043391 0.000036 -0.000024
    20 0.150916 -0.282994 -0.000805 0.000000 0.000011 0.491226
    21 11.042057 0.003717 0.000798 -0.943963 -0.061079 0.727708
    22 -1.214832 0.203470 -0.477489 -0.135025 -0.078677 -0.001289
    23 10.599880 0.000105 0.000549 0.142451 0.000060 0.000000
    24 0.193884 -0.314245 0.000801 0.000012 0.000049 0.567451
    25 11.041742 0.003171 -0.000571 0.144804 0.524445 0.572341
    26 -1.063377 0.077663 0.150230 0.045121 0.020046 -0.012850
    27 0.610302 -0.939470 0.070343 -1.694800 -0.235548 -0.159533
    28 0.639940 -0.199121 0.060188 -1.667434 -0.222546 -0.057554
    29 0.600155 1.080261 -0.339535 -1.736379 -0.044801 0.071443
    30 0.610207 0.400743 -0.010101 -1.763882 -0.139887 0.058332
    31 0.634715 -0.693997 -0.232343 0.060160 -0.148819 -0.814968
    32 -0.792125 0.203736 0.461300 1.439074 -0.003453 -0.018305
    33 0.610300 -0.939469 -0.070351 1.655337 0.139988 -0.175676
    34 0.639937 -0.199121 -0.060200 1.665952 0.131308 -0.066502
    35 0.600586 1.130859 0.033752 1.738057 -0.020761 0.107329
    36 0.610205 0.400743 0.010086 1.762348 0.061543 0.042962
    37 0.629883 -0.689453 0.230347 -0.750747 -0.567048 -0.967115
    38 -0.626031 -0.069983 -0.080517 -1.447153 0.086151 0.021559
    39 2.621377 -0.002532 -0.001438 -0.185563 -0.156514 0.077577
    40 2.664743 0.000397 -0.000071 -0.221816 -0.144275 0.284170
    41 2.206394 0.003368 -0.002863 -0.084973 -0.091835 0.153530
    42 0.599952 0.959240 -0.300102 -0.174544 0.000000 0.000000
    43 2.557190 -0.005873 0.006359 0.032239 0.020025 0.310392
    44 2.095024 -0.003873 -0.002193 -0.292887 -0.208001 0.416518
    45 0.999380 -0.000236 -1.201557 -0.000001 0.000000 0.000000
    46 -0.122639 -0.721856 0.661690 -0.486644 0.223964 0.243056
    47 2.619141 0.000141 -0.000401 0.055589 0.402473 0.372937
    48 2.658203 0.000781 0.000162 0.351904 0.247667 1.152005
    49 2.199219 0.000516 -0.000122 0.245882 -0.018377 1.177006
    50 0.599951 0.959244 0.300102 0.174544 0.000000 0.000000
    51 2.558594 -0.000149 -0.000031 0.273469 0.149728 1.224778
    52 2.095703 -0.000095 -0.000401 0.482182 -0.410387 0.684474
    53 0.999512 0.000054 1.119141 0.000000 0.000000 0.000001
    54 0.310846 -0.606445 -0.498005 0.308107 -0.197598 0.313976
    55 1.873069 -0.004741 -0.000994 -0.000007 0.000004 0.301896
    56 1.200941 0.399582 -0.000237 -0.009465 0.016087 0.007127
    57 0.000586 0.100342 -0.000319 -0.120035 -0.021926 -0.209617
    58 -0.161663 0.051712 0.194808 -2.941982 0.122408 -0.060194
    59 2.010092 -0.003202 -0.003377 0.000030 0.000060 0.526978
    60 0.000240 0.099802 -0.000395 -0.018823 0.010833 -0.239219
    61 -0.203197 0.048607 0.069150 -3.093332 0.033217 -0.046722
    62 1.180428 -0.006214 0.000780 -0.000014 0.000000 0.546394
    63 -0.000196 0.099625 -0.000034 0.000000 0.000000 -0.314102
    64 -0.088736 -0.688435 -0.145203 2.930407 -0.136130 0.513013
    65 1.712069 -0.003328 0.003818 0.000023 -0.000021 0.605164
    66 -0.000580 0.100145 -0.000311 -0.010912 0.023131 -0.260841
    67 -0.146030 -0.232426 -0.014225 3.028455 -0.094299 0.113020
    68 1.290632 0.000362 -0.000032 0.000000 0.000000 -0.336970
    69 -0.658121 -0.003575 0.072645 -0.142711 0.027792 -0.077299
    70 1.868080 -0.003049 0.006083 0.000003 -0.000021 0.210491
    71 1.200079 0.399944 -0.000093 0.009465 -0.016087 0.007127
    72 0.000591 0.100342 0.000319 0.120035 0.021926 -0.209617
    73 0.068077 0.002285 -0.080050 3.111376 -0.069366 -0.060847
    74 2.007813 -0.000883 -0.000381 -0.000044 0.000040 1.464654
    75 0.000229 0.099802 0.000395 0.018823 -0.010833 -0.239219
    76 -0.018673 -0.001009 0.047544 3.109244 0.002635 -0.106673
    77 1.178665 0.001595 0.000845 -0.000022 -0.000053 0.807088
    78 -0.000198 0.099628 0.000034 0.000000 0.000000 -0.314102
    79 0.036892 -0.634449 0.266284 -2.801062 0.174301 0.490914
    80 1.707031 0.000723 0.000200 -0.000035 -0.000050 1.238445
    81 -0.000576 0.100136 0.000311 0.010912 -0.023131 -0.260841
    82 -0.003952 -0.281811 0.115047 -3.059162 0.089004 0.167964
    83 1.290039 0.000364 -0.000046 -0.000058 0.000014 0.465379
    84 -0.171528 -0.018148 -0.099873 0.013484 -0.062184 -0.011780
    85 0.912716 0.007240 0.001326 0.000019 0.000021 0.390955
    86 -0.342617 0.053404 -0.025571 -2.909301 -0.017248 0.075276
    87 1.100231 -0.000930 -0.002434 0.000009 0.000014 0.152516
    88 -0.384983 0.330998 0.006848 -3.087207 -0.018765 -0.184279
    89 0.678146 0.006192 0.000002 -0.000018 -0.000019 0.240756
    90 -0.123848 0.072737 0.029507 2.898184 -0.060627 0.094834
    91 1.017166 -0.000154 -0.000252 -0.000023 -0.000002 0.273620
    92 -0.344986 0.123129 0.143151 2.994981 0.012396 0.059140
    93 -0.730988 0.177046 0.039141 -0.123731 0.076518 -0.084310
    94 0.925900 0.001298 -0.000896 -0.000002 -0.000011 -0.164921
    95 -0.124027 -0.052092 0.038496 3.077813 -0.008519 0.039229
    96 1.098633 0.000008 0.000469 0.000000 0.000000 0.904169
    97 -0.330082 0.160641 0.042780 3.128073 0.034033 -0.171236
    98 0.678711 -0.000813 0.000175 0.000000 0.000000 0.937064
    99 -0.019516 -0.016531 0.038578 -2.763781 0.050305 0.076828
    100 1.014985 0.001206 0.001121 0.000054 -0.000029 0.984570
    101 -0.155312 0.130643 -0.021921 -3.022466 0.022433 -0.024903
    102 -0.252209 0.061937 -0.024914 -0.007671 -0.063171 -0.044392
    103 -0.085991 0.185203 -0.015180 -2.937063 -0.113970 -0.138991
    104 -0.286537 0.179852 0.024264 -3.109353 -0.049645 -0.029915
    105 -0.019489 0.147084 0.079203 2.893815 0.038585 -0.060594
    106 -0.046482 0.251898 0.129548 3.016165 0.077112 -0.042864
    107 0.039120 -0.040298 0.047739 3.084219 0.030470 -0.037414
    108 -0.233757 0.066630 0.001754 -3.133086 0.040141 -0.065413
    109 0.044266 0.020128 0.001684 -2.778763 -0.118872 -0.040488
    110 0.071495 0.074127 -0.048302 -3.035917 -0.059482 0.104366
    111 -0.914090 -15.086398 -4.316538 -0.334563 0.008146 -1.485174
    112 2.296945 8.242439 -5.457198 0.107896 -0.848218 -1.337058
    113 -1.142999 -0.001000 0.273999 -1.006101 -0.000004 1.570789
    114 -0.943998 0.000000 1.776996 0.000000 0.000000 0.000000
    115 2.039996 -0.296999 1.310997 0.000000 0.000000 -1.570817
    116 -0.653999 0.000000 -1.549997 0.000000 0.000000 0.000000
    117 4.078125 0.000000 -0.139893 0.000000 0.000000 0.000000
    118 1.636719 0.000000 -0.501953 0.000000 0.000000 0.000000
    119 2.437500 0.000000 0.764160 0.000000 0.000000 0.000000
    120 -0.898998 0.000000 -1.088998 0.000000 0.000000 0.000000
    121 2.025996 -0.001000 0.680999 0.000000 0.000000 1.570816
    122 0.000000 0.000000 0.000000 0.000000 0.000000 -1.570816
    123 0.711998 0.439999 -0.805998 0.000000 0.000000 1.570815
    124 -1.474998 0.000000 0.073000 0.000000 0.000000 1.570816
    125 1.889997 0.409999 0.284999 1.570922 0.000000 0.000000
    126 0.000000 0.000000 0.000000 0.000000 0.000000 0.000000
    127 -0.106000 0.000000 64.320000 0.000000 0.000000 0.000000
    128 0.000000 0.000000 0.000000 0.000000 0.000000 0.000000
    129 0.000000 0.000000 0.000000 -0.003032 0.002864 -0.001510
    130 25.829158 -0.644065 5.813756 -0.334771 0.008117 0.085487
    131 0.106000 0.000000 -64.320000 0.000000 0.000000 0.000000
    132 0.000000 0.000000 0.000000 0.000000 0.000000 0.000000
    133 0.000000 0.000000 -4.867002 -3.141592 0.000000 -3.128591
    134 0.000000 0.000000 4.867000 -3.141592 0.000000 -3.128591
    135 4.000000 -6.500000 0.000000 0.000000 0.000000 0.000977
    136 -6.500000 0.000000 0.000000 0.000000 1.570796 0.000000
    137 1.000088 -0.000029 0.000000 0.000000 0.000000 0.000000
    138 17.162516 -0.000404 0.000000 0.000000 0.000000 0.119214
    139 9.999891 -0.000303 0.000000 0.000000 0.000000 0.000000
    140 1.000088 -0.000029 0.000000 0.000000 0.000000 0.000000
    141 17.162516 -0.000404 0.000000 0.000000 0.000000 0.119214
    142 9.499836 0.000212 0.000000 0.000000 0.000000 0.000000
    143 0.000000 0.000000 0.000000 0.000000 0.000000 0.000000
    144 17.749374 0.295515 0.000000 0.000000 0.000000 -1.158958
    145 0.017889 0.299792 0.000000 0.000000 0.000000 -0.059582
    146 12.283573 1.581456 -4.696000 1.462269 -0.086726 0.090185
    147 17.749376 0.295515 0.000000 0.000000 0.000000 -1.158958
    148 0.017889 0.299792 0.000000 0.000000 0.000000 -0.059582
    149 13.354000 0.000000 0.000000 0.000000 0.000000 -0.294101
    150 4.530998 0.000000 0.000000 0.000000 0.000000 0.000000
    151 0.000000 0.000000 0.000000 0.000000 0.000000 0.000000
    152 5.413524 0.000347 0.000000 0.000000 0.000000 -0.518055
    153 5.413524 0.000347 0.000000 0.000000 0.000000 -0.518055
    154 4.662002 -5.366333 4.825191 1.569713 1.561305 -3.121213
    155 3.116966 -0.000443 0.000000 0.000000 0.000000 0.294101
    156 4.531197 0.000000 0.000000 0.000000 0.000000 0.000000
    157 -16.267604 21.985046 -55.526555 0.334178 0.020511 -0.083406
    158 -1.614686 0.003904 0.562248 0.000008 0.314056 0.000000
    159 -16.240480 22.289743 -56.405912 -1.126269 -0.334094 1.480141
    160 -1.532227 0.000000 1.129883 -0.262470 -0.000006 1.570749
    161 0.000000 -0.001000 0.000000 0.000000 0.000000 0.000000
    162 3.867000 0.000000 0.228000 0.000000 0.000000 0.000000
    163 3.512001 -3.547000 -1.066000 0.000000 1.570796 0.000000
    164 3.456001 -3.517000 1.169000 0.000000 1.570796 0.000000
    165 6.233002 0.000000 0.000000 0.000000 0.000000 0.000000
    166 -0.171997 -0.106000 -0.902000 1.570713 1.029176 -3.134550
    167 6.234184 -6.387813 0.000000 -0.001510 0.003032 -0.002864
    168 -3.106999 0.000000 0.669000 0.000000 0.000000 0.000000
    169 -3.106999 0.000000 0.741000 0.000000 0.000000 0.000000
    170 -3.252000 0.000000 0.540000 0.000000 0.000000 0.000000
    171 3.999434 -0.000528 -0.000332 -0.521735 -0.000017 -0.000023
    172 3.999901 0.000038 0.001011 0.071228 -0.000001 -0.000001
    173 1.598000 0.000000 0.000000 0.000000 0.000000 0.000000
    174 -1.145525 0.000130 0.000668 0.000000 0.000000 0.000000
    175 2.299681 -2.499979 -0.599480 0.892021 0.221512 -0.527234
    176 11.685685 -3.511826 -2.077075 1.597558 -0.146692 -0.184031
    177 -9.580679 -27.862110 -37.184673 0.812879 -0.123459 -0.568477
    178 0.649933 -0.548295 0.093651 -1.665913 -0.131399 -0.112062
    179 0.657077 0.008401 0.040371 -1.665945 -0.131407 -0.000013
    180 0.665776 0.747221 -0.029190 -1.665935 -0.131408 0.094976
    181 2.300139 -2.499414 0.600159 -0.891995 -0.221560 -0.527344
    182 12.509592 1.698235 3.564709 1.764030 -0.255070 0.216942
    183 2.762354 0.116951 1.523975 1.629482 0.064153 1.743800
    184 7.228323 7.928203 -3.925652 2.328713 0.123459 -0.568477
    185 0.650394 -0.547730 -0.092979 1.665913 0.131399 -0.112062
    186 0.657069 0.008399 -0.040379 1.665945 0.131407 -0.000013
    187 0.665772 0.747219 0.029182 1.665935 0.131408 0.094976
    188 -4.481003 -0.202000 0.000000 0.000000 0.000000 0.000000
    189 -5.516998 -0.291000 -0.001000 0.000000 0.000000 0.000000
    190 -0.857697 0.104070 0.104687 0.023536 0.163924 0.013632
    191 1.899121 0.000427 -0.000439 0.027386 -0.033311 0.477848
    192 1.799658 -0.000240 0.000231 0.027386 -0.033311 0.477848
    193 1.799658 -0.000240 0.000231 0.027386 -0.033311 0.477848
    194 1.799658 -0.000240 0.000231 0.027386 -0.033311 0.477848
    195 1.900312 -0.000137 -0.000517 0.027386 -0.033311 0.477848
    196 1.899436 -0.000320 -0.000151 -0.027386 0.033311 0.477848
    197 1.799664 -0.000233 -0.000233 -0.027386 0.033311 0.477848
    198 1.799664 -0.000233 -0.000233 -0.027386 0.033311 0.477848
    199 1.799664 -0.000233 -0.000233 -0.027386 0.033311 0.477848
    200 1.900729 0.000549 -0.000072 -0.027386 0.033311 0.477848
    201 0.599884 0.400188 -0.000027 0.000000 0.000000 0.000000
    202 0.599888 0.400187 0.000031 0.000000 0.000000 -3.141592
    203 0.599503 0.400696 0.000234 0.000000 0.000000 0.000000
    204 0.600399 0.399632 -0.000466 0.000000 0.000000 -3.141592
  time 27
    0 0.000000 0.000000 0.000000 0.000000 0.000000 -1.570796
    1 -0.106323 0.000000 -0.000198 0.000000 0.000000 0.000000
    2 0.000000 0.000000 0.000000 0.000000 0.000000 0.000000
    3 -0.904000 0.000000 -11.806000 0.000000 0.000000 0.000000
    4 0.000000 0.000000 -14.313999 0.000000 -1.570796 1.570857
    5 3.533001 0.000000 0.000000 0.000000 0.000000 0.000000
    6 6.250000 0.000000 0.000000 0.000000 0.000000 0.000000
    7 5.549297 6.984613 -0.662731 -0.473293 1.523860 -0.472993
    8 10.615858 7.258059 4.498798 0.317132 -1.343832 -0.310277
    9 5.790726 0.002787 -0.000113 -0.995362 0.141199 -1.657660
    10 5.999492 -0.000592 -4.000343 0.000000 0.000000 0.000000
    11 5.791316 0.002582 0.004799 0.957252 -0.390836 -1.660859
    12 5.999492 -0.000592 4.000336 0.000000 0.000000 0.000000
    13 0.500225 0.000133 -0.000088 0.123837 0.000012 0.000000
    14 11.534559 0.004255 -0.001312 -0.000017 0.000009 -0.700308
    15 -0.829338 0.893824 0.079659 -0.148839 0.047645 0.087266
    16 0.500225 0.000132 0.000076 -0.076555 0.000000 0.000000
    17 11.532495 0.004432 -0.000089 0.000030 -0.000058 -0.859872
    18 -0.829586 0.894698 -0.079464 0.045377 -0.019621 0.087266
    19 10.599884 0.000105 -0.000553 -1.078913 0.000000 0.000000
    20 0.119665 -0.279087 -0.000805 -0.000060 0.000011 0.350171
    21 11.042057 0.003717 0.004704 -0.991772 -0.002418 0.613965
    22 -1.214832 0.203470 -0.477489 -0.135025 -0.078677 -0.001289
    23 10.599880 0.000105 0.000549 0.108007 0.000000 0.000000
    24 0.127476 -0.275181 0.000801 0.000060 -0.000035 0.430056
    25 11.041742 0.003171 -0.000571 0.127540 0.629331 0.380984
    26 -1.063377 0.077663 0.150230 0.045121 0.020046 -0.012850
    27 0.610302 -0.939470 0.070343 -1.668228 -0.136747 -0.173183
    28 0.639940 -0.199121 0.060188 -1.665909 -0.123302 -0.067106
    29 0.600155 1.080261 -0.339535 -1.740887 0.053281 0.054845
    30 0.610207 0.400743 -0.010101 -1.762107 -0.042141 0.039193
    31 0.634715 -0.693997 -0.232343 0.061131 -0.225855 -0.783676
    32 -0.792125 0.203736 0.461300 1.439074 -0.003453 -0.018305
    33 0.610300 -0.939469 -0.070351 1.655337 0.139988 -0.175676
    34 0.639937 -0.199121 -0.060200 1.665952 0.131308 -0.066502
    35 0.600586 1.130859 0.033752 1.738057 -0.020761 0.107329
    36 0.610205 0.400743 0.010086 1.762348 0.061543 0.042962
    37 0.629883 -0.689453 0.230347 -0.750747 -0.567048 -0.967115
    38 -0.626031 -0.069983 -0.080517 -1.447153 0.086151 0.021559
    39 2.621377 -0.002532 -0.005345 -0.297737 -0.139553 0.659862
    40 2.664743 0.000397 -0.000071 -0.257984 -0.034676 0.837251
    41 2.206394 0.003368 -0.006769 -0.172353 0.052679 0.690653
    42 0.599952 0.959240 -0.300102 -0.174544 0.000000 0.000000
    43 2.553283 -0.005873 0.006359 -0.033095 0.062726 0.833744
    44 2.095024 -0.003873 -0.002193 -0.248676 0.123002 0.506227
    45 0.999380 -0.000236 -1.209370 -0.000001 0.000000 0.000000
    46 -0.122639 -0.721856 0.661690 -0.486644 0.223964 0.243056
    47 2.619141 0.000141 -0.000401 0.055589 0.402473 0.372937
    48 2.658203 0.000781 0.000162 0.351904 0.247667 1.152005
    49 2.199219 0.000516 -0.000122 0.245882 -0.018377 1.177006
    50 0.599951 0.959244 0.300102 0.174544 0.000000 0.000000
    51 2.558594 -0.000149 -0.000031 0.273469 0.149728 1.224778
    52 2.095703 -0.000095 -0.000401 0.482182 -0.410387 0.684474
    53 0.999512 0.000054 1.119141 0.000000 0.000000 0.000001
    54 0.310846 -0.606445 -0.498005 0.308107 -0.197598 0.313976
    55 1.869163 -0.004741 -0.000994 -0.000007 0.000004 0.569209
    56 1.200941 0.399582 -0.000237 -0.009465 0.016087 0.007127
    57 0.000586 0.100342 -0.000319 -0.120035 -0.021926 -0.209617
    58 -0.161663 0.051712 0.194808 -2.941982 0.122408 -0.060194
    59 2.010092 -0.003202 -0.007284 -0.000042 0.000037 0.796372
    60 0.000240 0.099802 -0.000395 -0.018823 0.010833 -0.239219
    61 -0.203197 0.048607 0.069150 -3.093332 0.033217 -0.046722
    62 1.180428 -0.006214 0.000780 -0.000050 0.000084 0.575951
    63 -0.000196 0.099625 -0.000034 0.000000 0.000000 -0.314102
    64 -0.088736 -0.688435 -0.145203 2.930407 -0.136130 0.513013
    65 1.712069 -0.003328 -0.000088 0.000035 0.000039 0.692268
    66 -0.000580 0.100145 -0.000311 -0.010912 0.023131 -0.260841
    67 -0.146030 -0.232426 -0.014225 3.028455 -0.094299 0.113020
    68 1.290632 0.000362 -0.000032 0.000000 -0.000048 -0.214211
    69 -0.658121 -0.003575 0.072645 -0.142711 0.027792 -0.077299
    70 1.868080 -0.003049 0.006083 -0.000057 -0.000009 0.399947
    71 1.200079 0.399944 -0.000093 0.009465 -0.016087 0.007127
    72 0.000591 0.100342 0.000319 0.120035 0.021926 -0.209617
    73 0.068077 0.002285 -0.080050 3.111376 -0.069366 -0.060847
    74 2.007813 -0.000883 -0.000381 -0.000044 0.000040 1.464654
    75 0.000229 0.099802 0.000395 0.018823 -0.010833 -0.239219
    76 -0.018673 -0.001009 0.047544 3.109244 0.002635 -0.106673
    77 1.178665 0.001595 0.000845 -0.000022 -0.000053 0.807088
    78 -0.000198 0.099628 0.000034 0.000000 0.000000 -0.314102
    79 0.036892 -0.634449 0.266284 -2.801062 0.174301 0.490914
    80 1.707031 0.000723 0.000200 -0.000035 -0.000050 1.238445
    81 -0.000576 0.100136 0.000311 0.010912 -0.023131 -0.260841
    82 -0.003952 -0.281811 0.115047 -3.059162 0.089004 0.167964
    83 1.290039 0.000364 -0.000046 -0.000058 0.000014 0.465379
    84 -0.171528 -0.018148 -0.099873 0.013484 -0.062184 -0.011780
    85 0.912716 0.007240 0.001326 0.000019 0.000021 0.711651
    86 -0.342617 0.053404 -0.025571 -2.909301 -0.017248 0.075276
    87 1.100231 -0.000930 -0.002434 0.000009 0.000014 0.288446
    88 -0.384983 0.330998 0.006848 -3.087207 -0.018765 -0.184279
    89 0.678146 0.002286 -0.003905 -0.000018 -0.000019 0.327001
    90 -0.123848 0.072737 0.029507 2.898184 -0.060627 0.094834
    91 1.017166 -0.000154 -0.000252 -0.000023 -0.000002 0.367469
    92 -0.344986 0.123129 0.143151 2.994981 0.012396 0.059140
    93 -0.730988 0.177046 0.039141 -0.123731 0.076518 -0.084310
    94 0.921993 0.001298 -0.000896 -0.000002 -0.000011 0.003593
    95 -0.124027 -0.052092 0.038496 3.077813 -0.008519 0.039229
    96 1.098633 0.000008 0.000469 0.000000 0.000000 0.904169
    97 -0.330082 0.160641 0.042780 3.128073 0.034033 -0.171236
    98 0.678711 -0.000813 0.000175 0.000000 0.000000 0.937064
    99 -0.019516 -0.016531 0.038578 -2.763781 0.050305 0.076828
    100 1.014985 0.005113 0.001121 0.000054 -0.000029 0.984570
    101 -0.155312 0.130643 -0.021921 -3.022466 0.022433 -0.024903
    102 -0.252209 0.061937 -0.024914 -0.007671 -0.063171 -0.044392
    103 -0.085991 0.185203 -0.015180 -2.937063 -0.113970 -0.138991
    104 -0.286537 0.179852 0.024264 -3.109353 -0.049645 -0.029915
    105 -0.019489 0.147084 0.079203 2.893815 0.038585 -0.060594
    106 -0.046482 0.251898 0.129548 3.016165 0.077112 -0.042864
    107 0.039120 -0.040298 0.047739 3.084219 0.030470 -0.037414
    108 -0.233757 0.066630 0.001754 -3.133086 0.040141 -0.065413
    109 0.044266 0.020128 0.001684 -2.778763 -0.118872 -0.040488
    110 0.071495 0.074127 -0.048302 -3.035917 -0.059482 0.104366
    111 -0.968780 -14.203558 -4.250130 -0.363360 -0.042602 -1.516827
    112 2.941496 8.918241 -6.703330 0.050569 -0.893424 -1.325353
    113 -1.142999 -0.001000 0.273999 -1.006101 -0.000004 1.570789
    114 -0.943998 0.000000 1.776996 0.000000 0.000000 0.000000
    115 2.039996 -0.296999 1.310997 0.000000 0.000000 -1.570817
    116 -0.653999 0.000000 -1.549997 0.000000 0.000000 0.000000
    117 4.078125 0.000000 -0.139893 0.000000 0.000000 0.000000
    118 1.636719 0.000000 -0.501953 0.000000 0.000000 0.000000
    119 2.437500 0.000000 0.764160 0.000000 0.000000 0.000000
    120 -0.898998 0.000000 -1.088998 0.000000 0.000000 0.000000
    121 2.025996 -0.001000 0.680999 0.000000 0.000000 1.570816
    122 0.000000 0.000000 0.000000 0.000000 0.000000 -1.570816
    123 0.711998 0.439999 -0.805998 0.000000 0.000000 1.570815
    124 -1.474998 0.000000 0.073000 0.000000 0.000000 1.570816
    125 1.889997 0.409999 0.284999 1.570922 0.000000 0.000000
    126 0.000000 0.000000 0.000000 0.000000 0.000000 0.000000
    127 -0.106000 0.000000 64.320000 0.000000 0.000000 0.000000
    128 0.000000 0.000000 0.000000 0.000000 0.000000 0.000000
    129 0.000000 0.000000 0.000000 -0.002912 0.002337 -0.001642
    130 25.024446 -1.046421 6.391899 -0.363411 -0.042580 0.054020
    131 0.106000 0.000000 -64.320000 0.000000 0.000000 0.000000
    132 0.000000 0.000000 0.000000 0.000000 0.000000 0.000000
    133 0.000000 0.000000 -4.867002 -3.141592 0.000000 -3.128591
    134 0.000000 0.000000 4.867000 -3.141592 0.000000 -3.128591
    135 4.000000 -6.500000 0.000000 0.000000 0.000000 0.000977
    136 -6.500000 0.000000 0.000000 0.000000 1.570796 0.000000
    137 1.000088 -0.000029 0.000000 0.000000 0.000000 0.000000
    138 17.162516 -0.000404 0.000000 0.000000 0.000000 0.119214
    139 9.999891 -0.000303 0.000000 0.000000 0.000000 0.000000
    140 1.000088 -0.000029 0.000000 0.000000 0.000000 0.000000
    141 17.162516 -0.000404 0.000000 0.000000 0.000000 0.119214
    142 9.499836 0.000212 0.000000 0.000000 0.000000 0.000000
    143 0.000000 0.000000 0.000000 0.000000 0.000000 0.000000
    144 17.749374 0.295515 0.000000 0.000000 0.000000 -1.158958
    145 0.017889 0.299792 0.000000 0.000000 0.000000 -0.059582
    146 12.283573 1.581456 -4.696000 1.462269 -0.086726 0.090185
    147 17.749376 0.295515 0.000000 0.000000 0.000000 -1.158958
    148 0.017889 0.299792 0.000000 0.000000 0.000000 -0.059582
    149 13.354000 0.000000 0.000000 0.000000 0.000000 -0.294101
    150 4.530998 0.000000 0.000000 0.000000 0.000000 0.000000
    151 0.000000 0.000000 0.000000 0.000000 0.000000 0.000000
    152 5.413524 0.000347 0.000000 0.000000 0.000000 -0.518055
    153 5.413524 0.000347 0.000000 0.000000 0.000000 -0.518055
    154 4.662002 -5.366333 4.825191 1.569713 1.561305 -3.121213
    155 3.116966 -0.000443 0.000000 0.000000 0.000000 0.294101
    156 4.531197 0.000000 0.000000 0.000000 0.000000 0.000000
    157 -18.490328 22.899136 -54.374177 0.361201 0.059071 -0.035281
    158 -1.610780 0.003904 0.562248 0.000008 0.314056 0.000000
    159 -18.502268 23.223365 -55.241814 -1.084940 -0.360653 1.513173
    160 -1.532227 0.000000 1.129883 -0.262470 -0.000006 1.570749
    161 0.000000 -0.001000 0.000000 0.000000 0.000000 0.000000
    162 3.867000 0.000000 0.228000 0.000000 0.000000 0.000000
    163 3.512001 -3.547000 -1.066000 0.000000 1.570796 0.000000
    164 3.456001 -3.517000 1.169000 0.000000 1.570796 0.000000
    165 6.233002 0.000000 0.000000 0.000000 0.000000 0.000000
    166 -0.171997 -0.106000 -0.902000 1.570713 1.029176 -3.134550
    167 6.226371 -6.395626 0.000000 -0.001642 0.002912 -0.002349
    168 -3.106999 0.000000 0.669000 0.000000 0.000000 0.000000
    169 -3.106999 0.000000 0.741000 0.000000 0.000000 0.000000
    170 -3.252000 0.000000 0.540000 0.000000 0.000000 0.000000
    171 3.999434 -0.000528 -0.000332 -0.539510 -0.000017 -0.000011
    172 3.999901 0.000038 0.001011 0.052315 -0.000001 -0.000001
    173 1.598000 0.000000 0.000000 0.000000 0.000000 0.000000
    174 -1.145525 0.000130 0.000668 0.000000 0.000000 0.000000
    175 2.299681 -2.499979 -0.599480 0.892021 0.221512 -0.527234
    176 11.728655 -2.980560 -0.998917 1.597558 -0.146692 -0.183948
    177 -9.580679 -27.862110 -37.184673 0.812879 -0.123459 -0.568477
    178 0.649933 -0.548295 0.093651 -1.665913 -0.131399 -0.112062
    179 0.657077 0.008401 0.040371 -1.665945 -0.131407 -0.000013
    180 0.665776 0.747221 -0.029190 -1.665935 -0.131408 0.094976
    181 2.300139 -2.499414 0.600159 -0.891995 -0.221560 -0.527344
    182 12.509592 1.698235 3.564709 1.764030 -0.255070 0.216942
    183 2.762354 0.116951 1.523975 1.629482 0.064153 1.743800
    184 7.228323 7.928203 -3.925652 2.328713 0.123459 -0.568477
    185 0.650394 -0.547730 -0.092979 1.665913 0.131399 -0.112062
    186 0.657069 0.008399 -0.040379 1.665945 0.131407 -0.000013
    187 0.665772 0.747219 0.029182 1.665935 0.131408 0.094976
    188 -4.481003 -0.202000 0.000000 0.000000 0.000000 0.000000
    189 -5.516998 -0.291000 -0.001000 0.000000 0.000000 0.000000
    190 -0.857697 0.104070 0.104687 0.023536 0.163924 0.013632
    191 1.899121 0.000427 -0.000439 0.027386 -0.033311 0.477848
    192 1.799658 -0.000240 0.000231 0.027386 -0.033311 0.477848
    193 1.799658 -0.000240 0.000231 0.027386 -0.033311 0.477848
    194 1.799658 -0.000240 0.000231 0.027386 -0.033311 0.477848
    195 1.900312 -0.000137 -0.000517 0.027386 -0.033311 0.477848
    196 1.899436 -0.000320 -0.000151 -0.027386 0.033311 0.477848
    197 1.799664 -0.000233 -0.000233 -0.027386 0.033311 0.477848
    198 1.799664 -0.000233 -0.000233 -0.027386 0.033311 0.477848
    199 1.799664 -0.000233 -0.000233 -0.027386 0.033311 0.477848
    200 1.900729 0.000549 -0.000072 -0.027386 0.033311 0.477848
    201 0.599884 0.400188 -0.000027 0.000000 0.000000 0.000000
    202 0.599888 0.400187 0.000031 0.000000 0.000000 -3.141592
    203 0.599503 0.400696 0.000234 0.000000 0.000000 0.000000
    204 0.600399 0.399632 -0.000466 0.000000 0.000000 -3.141592
  time 28
    0 0.000000 0.000000 0.000000 0.000000 0.000000 -1.570796
    1 -0.106323 0.000000 -0.000198 0.000000 0.000000 0.000000
    2 0.000000 0.000000 0.000000 0.000000 0.000000 0.000000
    3 -0.904000 0.000000 -11.806000 0.000000 0.000000 0.000000
    4 0.000000 0.000000 -14.313999 0.000000 -1.570796 1.570857
    5 3.533001 0.000000 0.000000 0.000000 0.000000 0.000000
    6 6.250000 0.000000 0.000000 0.000000 0.000000 0.000000
    7 4.529734 8.293247 -0.369753 -0.852005 1.542371 -0.851973
    8 10.877584 8.590131 5.166787 0.106045 -1.229836 -0.100265
    9 5.786820 0.002787 -0.000113 -0.962091 0.023523 -1.705365
    10 5.999492 -0.000592 -4.000343 0.000000 0.000000 0.000000
    11 5.791316 0.002582 0.004799 1.126571 -0.306452 -1.828500
    12 5.999492 -0.000592 4.000336 0.000000 0.000000 0.000000
    13 0.500225 0.000133 -0.000088 0.099644 0.000048 0.000000
    14 11.534559 0.004255 -0.001312 -0.000017 0.000009 -0.558743
    15 -0.829338 0.893824 0.079659 -0.148839 0.047645 0.087266
    16 0.500225 0.000132 0.000076 -0.193023 0.000000 0.000000
    17 11.532495 0.004432 -0.000089 -0.000018 0.000038 -0.642973
    18 -0.829586 0.894698 -0.079464 0.045377 -0.019621 0.087266
    19 10.599884 0.000105 -0.000553 -1.140784 0.000000 0.000000
    20 0.088414 -0.286900 -0.000805 0.000000 0.000011 0.279524
    21 11.042057 0.003717 0.000798 -1.032089 0.060144 0.604040
    22 -1.214832 0.203470 -0.477489 -0.135025 -0.078677 -0.001289
    23 10.599880 0.000105 0.000549 0.066710 0.000000 0.000000
    24 0.119663 -0.275181 0.000801 0.000000 -0.000011 0.321470
    25 11.041742 0.003171 -0.000571 0.082539 0.660816 0.270297
    26 -1.063377 0.077663 0.150230 0.045121 0.020046 -0.012850
    27 0.610302 -0.939470 0.070343 -1.654790 -0.083487 -0.180458
    28 0.639940 -0.199121 0.060188 -1.665502 -0.069863 -0.072259
    29 0.600155 1.080261 -0.339535 -1.744176 0.106133 0.045652
    30 0.610207 0.400743 -0.010101 -1.761999 0.010556 0.028922
    31 0.634715 -0.693997 -0.232343 0.059936 -0.073969 -0.756819
    32 -0.792125 0.203736 0.461300 1.439074 -0.003453 -0.018305
    33 0.610300 -0.939469 -0.070351 1.655337 0.139988 -0.175676
    34 0.639937 -0.199121 -0.060200 1.665952 0.131308 -0.066502
    35 0.600586 1.130859 0.033752 1.738057 -0.020761 0.107329
    36 0.610205 0.400743 0.010086 1.762348 0.061543 0.042962
    37 0.629883 -0.689453 0.230347 -0.750747 -0.567048 -0.967115
    38 -0.626031 -0.069983 -0.080517 -1.447153 0.086151 0.021559
    39 2.625284 -0.002532 -0.005345 -0.344216 -0.108855 0.980297
    40 2.660837 0.000397 -0.000071 -0.272016 0.040383 1.143870
    41 2.206394 0.003368 -0.002863 -0.237106 0.145785 0.981305
    42 0.599952 0.959240 -0.300102 -0.174544 0.000000 0.000000
    43 2.557190 -0.005873 0.006359 -0.076485 0.098620 1.126010
    44 2.095024 -0.003873 -0.002193 -0.235325 0.301109 0.566386
    45 0.999380 -0.000236 -1.221089 -0.000001 0.000000 0.000000
    46 -0.122639 -0.721856 0.661690 -0.486644 0.223964 0.243056
    47 2.619141 0.000141 -0.000401 0.055589 0.402473 0.372937
    48 2.658203 0.000781 0.000162 0.351904 0.247667 1.152005
    49 2.199219 0.000516 -0.000122 0.245882 -0.018377 1.177006
    50 0.599951 0.959244 0.300102 0.174544 0.000000 0.000000
    51 2.558594 -0.000149 -0.000031 0.273469 0.149728 1.224778
    52 2.095703 -0.000095 -0.000401 0.482182 -0.410387 0.684474
    53 0.999512 0.000054 1.119141 0.000000 0.000000 0.000001
    54 0.310846 -0.606445 -0.498005 0.308107 -0.197598 0.313976
    55 1.873069 -0.000835 -0.000994 -0.000007 0.000004 0.727617
    56 1.200941 0.399582 -0.000237 -0.009465 0.016087 0.007127
    57 0.000586 0.100342 -0.000319 -0.120035 -0.021926 -0.209617
    58 -0.161663 0.051712 0.194808 -2.941982 0.122408 -0.060194
    59 2.010092 -0.003202 -0.003377 0.000018 0.000013 0.941411
    60 0.000240 0.099802 -0.000395 -0.018823 0.010833 -0.239219
    61 -0.203197 0.048607 0.069150 -3.093332 0.033217 -0.046722
    62 1.180428 -0.006214 0.000780 -0.000014 0.000012 0.585535
    63 -0.000196 0.099625 -0.000034 0.000000 0.000000 -0.314102
    64 -0.088736 -0.688435 -0.145203 2.930407 -0.136130 0.513013
    65 1.712069 -0.003328 0.003818 0.000023 -0.000021 0.726433
    66 -0.000580 0.100145 -0.000311 -0.010912 0.023131 -0.260841
    67 -0.146030 -0.232426 -0.014225 3.028455 -0.094299 0.113020
    68 1.290632 0.000362 -0.000032 0.000000 0.000048 -0.148127
    69 -0.658121 -0.003575 0.072645 -0.142711 0.027792 -0.077299
    70 1.868080 -0.003049 0.006083 -0.000057 0.000003 0.751809
    71 1.200079 0.399944 -0.000093 0.009465 -0.016087 0.007127
    72 0.000591 0.100342 0.000319 0.120035 0.021926 -0.209617
    73 0.068077 0.002285 -0.080050 3.111376 -0.069366 -0.060847
    74 2.007813 -0.000883 -0.000381 -0.000044 0.000040 1.464654
    75 0.000229 0.099802 0.000395 0.018823 -0.010833 -0.239219
    76 -0.018673 -0.001009 0.047544 3.109244 0.002635 -0.106673
    77 1.178665 0.001595 0.000845 -0.000022 -0.000053 0.807088
    78 -0.000198 0.099628 0.000034 0.000000 0.000000 -0.314102
    79 0.036892 -0.634449 0.266284 -2.801062 0.174301 0.490914
    80 1.707031 0.000723 0.000200 -0.000035 -0.000050 1.238445
    81 -0.000576 0.100136 0.000311 0.010912 -0.023131 -0.260841
    82 -0.003952 -0.281811 0.115047 -3.059162 0.089004 0.167964
    83 1.290039 0.000364 -0.000046 -0.000058 0.000014 0.465379
    84 -0.171528 -0.018148 -0.099873 0.013484 -0.062184 -0.011780
    85 0.912716 0.007240 0.001326 0.000019 0.000021 0.884393
    86 -0.342617 0.053404 -0.025571 -2.909301 -0.017248 0.075276
    87 1.100231 -0.000930 -0.002434 0.000009 0.000014 0.361689
    88 -0.384983 0.330998 0.006848 -3.087207 -0.018765 -0.184279
    89 0.678146 0.006192 0.000002 -0.000018 -0.000019 0.367097
    90 -0.123848 0.072737 0.029507 2.898184 -0.060627 0.094834
    91 1.017166 -0.000154 -0.000252 -0.000023 -0.000014 0.390338
    92 -0.344986 0.123129 0.143151 2.994981 0.012396 0.059140
    93 -0.730988 0.177046 0.039141 -0.123731 0.076518 -0.084310
    94 0.925900 0.001298 -0.000896 0.000058 -0.000011 0.316615
    95 -0.124027 -0.052092 0.038496 3.077813 -0.008519 0.039229
    96 1.098633 0.000008 0.000469 0.000000 0.000000 0.904169
    97 -0.330082 0.160641 0.042780 3.128073 0.034033 -0.171236
    98 0.678711 -0.000813 0.000175 0.000000 0.000000 0.937064
    99 -0.019516 -0.016531 0.038578 -2.763781 0.050305 0.076828
    100 1.014985 0.001206 0.001121 0.000054 -0.000029 0.984570
    101 -0.155312 0.130643 -0.021921 -3.022466 0.022433 -0.024903
    102 -0.252209 0.061937 -0.024914 -0.007671 -0.063171 -0.044392
    103 -0.085991 0.185203 -0.015180 -2.937063 -0.113970 -0.138991
    104 -0.286537 0.179852 0.024264 -3.109353 -0.049645 -0.029915
    105 -0.019489 0.147084 0.079203 2.893815 0.038585 -0.060594
    106 -0.046482 0.251898 0.129548 3.016165 0.077112 -0.042864
    107 0.039120 -0.040298 0.047739 3.084219 0.030470 -0.037414
    108 -0.233757 0.066630 0.001754 -3.133086 0.040141 -0.065413
    109 0.044266 0.020128 0.001684 -2.778763 -0.118872 -0.040488
    110 0.071495 0.074127 -0.048302 -3.035917 -0.059482 0.104366
    111 -0.843776 -13.371502 -4.355602 -0.385747 -0.012500 -1.541384
    112 3.597766 9.703421 -6.230659 0.025740 -0.859380 -1.331436
    113 -1.142999 -0.001000 0.273999 -1.006101 -0.000004 1.570789
    114 -0.943998 0.000000 1.776996 0.000000 0.000000 0.000000
    115 2.039996 -0.296999 1.310997 0.000000 0.000000 -1.570817
    116 -0.653999 0.000000 -1.549997 0.000000 0.000000 0.000000
    117 4.078125 0.000000 -0.139893 0.000000 0.000000 0.000000
    118 1.636719 0.000000 -0.501953 0.000000 0.000000 0.000000
    119 2.437500 0.000000 0.764160 0.000000 0.000000 0.000000
    120 -0.898998 0.000000 -1.088998 0.000000 0.000000 0.000000
    121 2.025996 -0.001000 0.680999 0.000000 0.000000 1.570816
    122 0.000000 0.000000 0.000000 0.000000 0.000000 -1.570816
    123 0.711998 0.439999 -0.805998 0.000000 0.000000 1.570815
    124 -1.474998 0.000000 0.073000 0.000000 0.000000 1.570816
    125 1.889997 0.409999 0.284999 1.570922 0.000000 0.000000
    126 0.000000 0.000000 0.000000 0.000000 0.000000 0.000000
    127 -0.106000 0.000000 64.320000 0.000000 0.000000 0.000000
    128 0.000000 0.000000 0.000000 0.000000 0.000000 0.000000
    129 0.000000 0.000000 0.000000 -0.002792 0.001810 -0.001762
    130 24.149420 -1.202676 6.012981 -0.385791 -0.012434 0.029276
    131 0.106000 0.000000 -64.320000 0.000000 0.000000 0.000000
    132 0.000000 0.000000 0.000000 0.000000 0.000000 0.000000
    133 0.000000 0.000000 -4.867002 -3.141592 0.000000 -3.128591
    134 0.000000 0.000000 4.867000 -3.141592 0.000000 -3.128591
    135 4.000000 -6.500000 0.000000 0.000000 0.000000 0.000977
    136 -6.500000 0.000000 0.000000 0.000000 1.570796 0.000000
    137 1.000088 -0.000029 0.000000 0.000000 0.000000 0.000000
    138 17.162516 -0.000404 0.000000 0.000000 0.000000 0.119214
    139 9.999891 -0.000303 0.000000 0.000000 0.000000 0.000000
    140 1.000088 -0.000029 0.000000 0.000000 0.000000 0.000000
    141 17.162516 -0.000404 0.000000 0.000000 0.000000 0.119214
    142 9.499836 0.000212 0.000000 0.000000 0.000000 0.000000
    143 0.000000 0.000000 0.000000 0.000000 0.000000 0.000000
    144 17.749374 0.295515 0.000000 0.000000 0.000000 -1.158958
    145 0.017889 0.299792 0.000000 0.000000 0.000000 -0.059582
    146 12.283573 1.581456 -4.696000 1.462269 -0.086726 0.090185
    147 17.749376 0.295515 0.000000 0.000000 0.000000 -1.158958
    148 0.017889 0.299792 0.000000 0.000000 0.000000 -0.059582
    149 13.354000 0.000000 0.000000 0.000000 0.000000 -0.294101
    150 4.530998 0.000000 0.000000 0.000000 0.000000 0.000000
    151 0.000000 0.000000 0.000000 0.000000 0.000000 0.000000
    152 5.413524 0.000347 0.000000 0.000000 0.000000 -0.518055
    153 5.413524 0.000347 0.000000 0.000000 0.000000 -0.518055
    154 4.662002 -5.366333 4.825191 1.569713 1.561305 -3.121213
    155 3.116966 -0.000443 0.000000 0.000000 0.000000 0.294101
    156 4.531197 0.000000 0.000000 0.000000 0.000000 0.000000
    157 -15.904311 23.801508 -54.393708 0.385170 0.022638 -0.022520
    158 -1.610780 0.003904 0.562248 0.000008 0.314056 0.000000
    159 -15.892813 24.145268 -55.249627 -1.123652 -0.385113 1.539047
    160 -1.532227 0.000000 1.129883 -0.262470 -0.000006 1.570749
    161 0.000000 -0.001000 0.000000 0.000000 0.000000 0.000000
    162 3.867000 0.000000 0.228000 0.000000 0.000000 0.000000
    163 3.512001 -3.547000 -1.066000 0.000000 1.570796 0.000000
    164 3.456001 -3.517000 1.169000 0.000000 1.570796 0.000000
    165 6.233002 0.000000 0.000000 0.000000 0.000000 0.000000
    166 -0.171997 -0.106000 -0.902000 1.570713 1.029176 -3.134550
    167 6.226371 -6.395626 -0.007813 -0.001762 0.002792 -0.001810
    168 -3.106999 0.000000 0.669000 0.000000 0.000000 0.000000
    169 -3.106999 0.000000 0.741000 0.000000 0.000000 0.000000
    170 -3.252000 0.000000 0.540000 0.000000 0.000000 0.000000
    171 3.999434 -0.000528 -0.000332 -0.570418 -0.000017 -0.000011
    172 3.999901 0.000038 0.001011 0.033403 -0.000001 -0.000001
    173 1.598000 0.000000 0.000000 0.000000 0.000000 0.000000
    174 -1.145525 0.000130 0.000668 0.000000 0.000000 0.000000
    175 2.299681 -2.499979 -0.599480 0.892021 0.221512 -0.527234
    176 11.857565 -3.101657 -0.112172 1.597558 -0.146692 -0.183948
    177 -9.580679 -27.862110 -37.184673 0.812879 -0.123459 -0.568477
    178 0.649933 -0.548295 0.093651 -1.665913 -0.131399 -0.112062
    179 0.657077 0.008401 0.040371 -1.665945 -0.131407 -0.000013
    180 0.665776 0.747221 -0.029190 -1.665935 -0.131408 0.094976
    181 2.300139 -2.499414 0.600159 -0.891995 -0.221560 -0.527344
    182 12.509592 1.698235 3.564709 1.764030 -0.255070 0.216942
    183 2.762354 0.116951 1.523975 1.629482 0.064153 1.743800
    184 7.228323 7.928203 -3.925652 2.328713 0.123459 -0.568477
    185 0.650394 -0.547730 -0.092979 1.665913 0.131399 -0.112062
    186 0.657069 0.008399 -0.040379 1.665945 0.131407 -0.000013
    187 0.665772 0.747219 0.029182 1.665935 0.131408 0.094976
    188 -4.481003 -0.202000 0.000000 0.000000 0.000000 0.000000
    189 -5.516998 -0.291000 -0.001000 0.000000 0.000000 0.000000
    190 -0.857697 0.104070 0.104687 0.023536 0.163924 0.013632
    191 1.899121 0.000427 -0.000439 0.027386 -0.033311 0.477848
    192 1.799658 -0.000240 0.000231 0.027386 -0.033311 0.477848
    193 1.799658 -0.000240 0.000231 0.027386 -0.033311 0.477848
    194 1.799658 -0.000240 0.000231 0.027386 -0.033311 0.477848
    195 1.900312 -0.000137 -0.000517 0.027386 -0.033311 0.477848
    196 1.899436 -0.000320 -0.000151 -0.027386 0.033311 0.477848
    197 1.799664 -0.000233 -0.000233 -0.027386 0.033311 0.477848
    198 1.799664 -0.000233 -0.000233 -0.027386 0.033311 0.477848
    199 1.799664 -0.000233 -0.000233 -0.027386 0.033311 0.477848
    200 1.900729 0.000549 -0.000072 -0.027386 0.033311 0.477848
    201 0.599884 0.400188 -0.000027 0.000000 0.000000 0.000000
    202 0.599888 0.400187 0.000031 0.000000 0.000000 -3.141592
    203 0.599503 0.400696 0.000234 0.000000 0.000000 0.000000
    204 0.600399 0.399632 -0.000466 0.000000 0.000000 -3.141592
  time 29
    0 0.000000 0.000000 0.000000 0.000000 0.000000 -1.570796
    1 -0.106323 0.000000 -0.000198 0.000000 0.000000 0.000000
    2 0.000000 0.000000 0.000000 0.000000 0.000000 0.000000
    3 -0.904000 0.000000 -11.806000 0.000000 0.000000 0.000000
    4 0.000000 0.000000 -14.313999 0.000000 -1.570796 1.570857
    5 3.533001 0.000000 0.000000 0.000000 0.000000 0.000000
    6 6.250000 0.000000 0.000000 0.000000 0.000000 0.000000
    7 4.123472 8.804981 -0.252562 -1.153277 1.547377 -1.153364
    8 10.979150 9.125304 5.436326 0.056545 -1.182306 -0.052625
    9 5.790726 0.006694 -0.000113 -0.942884 0.008718 -1.689414
    10 5.999492 -0.000592 -4.000343 0.000000 0.000000 0.000000
    11 5.791316 0.006489 0.004799 1.192668 -0.258239 -1.895244
    12 5.999492 -0.000592 4.000336 0.000000 0.000000 0.000000
    13 0.500225 0.000133 -0.000088 0.085393 -0.000060 0.000000
    14 11.534559 0.004255 -0.001312 -0.000017 0.000009 -0.564725
    15 -0.829338 0.893824 0.079659 -0.148839 0.047645 0.087266
    16 0.500225 0.000132 0.000076 -0.246388 0.000000 0.000000
    17 11.532495 0.000526 -0.000089 0.000066 0.000002 -0.543007
    18 -0.829586 0.894698 -0.079464 0.045377 -0.019621 0.087266
    19 10.599884 0.000105 -0.000553 -1.192186 0.000012 0.000048
    20 0.088414 -0.286900 -0.000805 0.000000 0.000011 0.282441
    21 11.042057 -0.000189 0.000798 -1.053374 0.113554 0.624919
    22 -1.214832 0.203470 -0.477489 -0.135025 -0.078677 -0.001289
    23 10.599880 0.000105 0.000549 0.056091 -0.000048 0.000000
    24 0.100131 -0.279087 0.000801 0.000000 -0.000011 0.271564
    25 11.041742 0.003171 -0.000571 0.070296 0.671619 0.239363
    26 -1.063377 0.077663 0.150230 0.045121 0.020046 -0.012850
    27 0.610302 -0.939470 0.070343 -1.654739 -0.083499 -0.180446
    28 0.639940 -0.199121 0.060188 -1.665502 -0.069875 -0.072271
    29 0.600155 1.080261 -0.339535 -1.744176 0.106133 0.045652
    30 0.610207 0.400743 -0.010101 -1.761999 0.010556 0.028934
    31 0.630809 -0.693997 -0.232343 0.059936 -0.073969 -0.756819
    32 -0.792125 0.203736 0.461300 1.439074 -0.003453 -0.018305
    33 0.610300 -0.939469 -0.070351 1.655337 0.139988 -0.175676
    34 0.639937 -0.199121 -0.060200 1.665952 0.131308 -0.066502
    35 0.600586 1.130859 0.033752 1.738057 -0.020761 0.107329
    36 0.610205 0.400743 0.010086 1.762348 0.061543 0.042962
    37 0.629883 -0.689453 0.230347 -0.750747 -0.567048 -0.967115
    38 -0.626031 -0.069983 -0.080517 -1.447153 0.086151 0.021559
    39 2.621377 -0.002532 -0.001438 -0.322011 -0.077617 1.000041
    40 2.660837 0.000397 -0.000071 -0.265155 0.065875 1.160542
    41 2.202488 0.003368 -0.006769 -0.267091 0.170855 0.985769
    42 0.599952 0.959240 -0.300102 -0.174544 0.000000 0.000000
    43 2.557190 -0.005873 0.006359 -0.090849 0.118395 1.145075
    44 2.095024 -0.003873 -0.002193 -0.235313 0.301109 0.566386
    45 0.999380 -0.000236 -1.240621 -0.000001 0.000000 0.000000
    46 -0.122639 -0.721856 0.661690 -0.486644 0.223964 0.243056
    47 2.619141 0.000141 -0.000401 0.055589 0.402473 0.372937
    48 2.658203 0.000781 0.000162 0.351904 0.247667 1.152005
    49 2.199219 0.000516 -0.000122 0.245882 -0.018377 1.177006
    50 0.599951 0.959244 0.300102 0.174544 0.000000 0.000000
    51 2.558594 -0.000149 -0.000031 0.273469 0.149728 1.224778
    52 2.095703 -0.000095 -0.000401 0.482182 -0.410387 0.684474
    53 0.999512 0.000054 1.119141 0.000000 0.000000 0.000001
    54 0.310846 -0.606445 -0.498005 0.308107 -0.197598 0.313976
    55 1.873069 -0.000835 -0.000994 -0.000031 -0.000044 0.751637
    56 1.200941 0.399582 -0.000237 -0.009465 0.016087 0.007127
    57 0.000586 0.100342 -0.000319 -0.120035 -0.021926 -0.209617
    58 -0.161663 0.051712 0.194808 -2.941982 0.122408 -0.060194
    59 2.010092 -0.003202 -0.007284 0.000018 0.000013 0.941411
    60 0.000240 0.099802 -0.000395 -0.018823 0.010833 -0.239219
    61 -0.203197 0.048607 0.069150 -3.093332 0.033217 -0.046722
    62 1.180428 -0.006214 0.000780 -0.000062 0.000024 0.574854
    63 -0.000196 0.099625 -0.000034 0.000000 0.000000 -0.314102
    64 -0.088736 -0.688435 -0.145203 2.930407 -0.136130 0.513013
    65 1.715976 -0.003328 0.003818 -0.000001 -0.000080 0.705138
    66 -0.000580 0.100145 -0.000311 -0.010912 0.023131 -0.260841
    67 -0.146030 -0.232426 -0.014225 3.028455 -0.094299 0.113020
    68 1.290632 0.000362 -0.000032 0.000000 0.000048 -0.148127
    69 -0.658121 -0.003575 0.072645 -0.142711 0.027792 -0.077299
    70 1.868080 -0.003049 0.006083 0.000003 -0.000021 0.941346
    71 1.200079 0.399944 -0.000093 0.009465 -0.016087 0.007127
    72 0.000591 0.100342 0.000319 0.120035 0.021926 -0.209617
    73 0.068077 0.002285 -0.080050 3.111376 -0.069366 -0.060847
    74 2.007813 -0.000883 -0.000381 -0.000044 0.000040 1.464654
    75 0.000229 0.099802 0.000395 0.018823 -0.010833 -0.239219
    76 -0.018673 -0.001009 0.047544 3.109244 0.002635 -0.106673
    77 1.178665 0.001595 0.000845 -0.000022 -0.000053 0.807088
    78 -0.000198 0.099628 0.000034 0.000000 0.000000 -0.314102
    79 0.036892 -0.634449 0.266284 -2.801062 0.174301 0.490914
    80 1.707031 0.000723 0.000200 -0.000035 -0.000050 1.238445
    81 -0.000576 0.100136 0.000311 0.010912 -0.023131 -0.260841
    82 -0.003952 -0.281811 0.115047 -3.059162 0.089004 0.167964
    83 1.290039 0.000364 -0.000046 -0.000058 0.000014 0.465379
    84 -0.171528 -0.018148 -0.099873 0.013484 -0.062184 -0.011780
    85 0.912716 0.007240 0.001326 0.000019 0.000021 0.884393
    86 -0.342617 0.053404 -0.025571 -2.909301 -0.017248 0.075276
    87 1.100231 -0.000930 -0.002434 0.000009 0.000014 0.361689
    88 -0.384983 0.330998 0.006848 -3.087207 -0.018765 -0.184279
    89 0.678146 0.002286 0.000002 0.000042 -0.000031 0.356415
    90 -0.123848 0.072737 0.029507 2.898184 -0.060627 0.094834
    91 1.017166 -0.000154 -0.000252 -0.000011 0.000058 0.344248
    92 -0.344986 0.123129 0.143151 2.994981 0.012396 0.059140
    93 -0.730988 0.177046 0.039141 -0.123731 0.076518 -0.084310
    94 0.921993 0.005205 -0.000896 -0.000002 -0.000011 0.484986
    95 -0.124027 -0.052092 0.038496 3.077813 -0.008519 0.039229
    96 1.098633 0.000008 0.000469 0.000000 0.000000 0.904169
    97 -0.330082 0.160641 0.042780 3.128073 0.034033 -0.171236
    98 0.678711 -0.000813 0.000175 0.000000 0.000000 0.937064
    99 -0.019516 -0.016531 0.038578 -2.763781 0.050305 0.076828
    100 1.014985 0.001206 0.001121 0.000054 -0.000029 0.984570
    101 -0.155312 0.130643 -0.021921 -3.022466 0.022433 -0.024903
    102 -0.252209 0.061937 -0.024914 -0.007671 -0.063171 -0.044392
    103 -0.085991 0.185203 -0.015180 -2.937063 -0.113970 -0.138991
    104 -0.286537 0.179852 0.024264 -3.109353 -0.049645 -0.029915
    105 -0.019489 0.147084 0.079203 2.893815 0.038585 -0.060594
    106 -0.046482 0.251898 0.129548 3.016165 0.077112 -0.042864
    107 0.039120 -0.040298 0.047739 3.084219 0.030470 -0.037414
    108 -0.233757 0.066630 0.001754 -3.133086 0.040141 -0.065413
    109 0.044266 0.020128 0.001684 -2.778763 -0.118872 -0.040488
    110 0.071495 0.074127 -0.048302 -3.035917 -0.059482 0.104366
    111 -0.722678 -12.992584 -4.539201 -0.395122 0.017649 -1.557724
    112 4.082156 10.051088 -5.773614 0.021488 -0.827894 -1.344432
    113 -1.142999 -0.001000 0.273999 -1.006101 -0.000004 1.570789
    114 -0.943998 0.000000 1.776996 0.000000 0.000000 0.000000
    115 2.039996 -0.296999 1.310997 0.000000 0.000000 -1.570817
    116 -0.653999 0.000000 -1.549997 0.000000 0.000000 0.000000
    117 4.078125 0.000000 -0.139893 0.000000 0.000000 0.000000
    118 1.636719 0.000000 -0.501953 0.000000 0.000000 0.000000
    119 2.437500 0.000000 0.764160 0.000000 0.000000 0.000000
    120 -0.898998 0.000000 -1.088998 0.000000 0.000000 0.000000
    121 2.025996 -0.001000 0.680999 0.000000 0.000000 1.570816
    122 0.000000 0.000000 0.000000 0.000000 0.000000 -1.570816
    123 0.711998 0.439999 -0.805998 0.000000 0.000000 1.570815
    124 -1.474998 0.000000 0.073000 0.000000 0.000000 1.570816
    125 1.889997 0.409999 0.284999 1.570922 0.000000 0.000000
    126 0.000000 0.000000 0.000000 0.000000 0.000000 0.000000
    127 -0.106000 0.000000 64.320000 0.000000 0.000000 0.000000
    128 0.000000 0.000000 0.000000 0.000000 0.000000 0.000000
    129 0.000000 0.000000 0.000000 -0.002685 0.001258 -0.001894
    130 23.723625 -1.249552 5.540310 -0.395051 0.017620 0.013029
    131 0.106000 0.000000 -64.320000 0.000000 0.000000 0.000000
    132 0.000000 0.000000 0.000000 0.000000 0.000000 0.000000
    133 0.000000 0.000000 -4.867002 -3.141592 0.000000 -3.128591
    134 0.000000 0.000000 4.867000 -3.141592 0.000000 -3.128591
    135 4.000000 -6.500000 0.000000 0.000000 0.000000 0.000977
    136 -6.500000 0.000000 0.000000 0.000000 1.570796 0.000000
    137 1.000088 -0.000029 0.000000 0.000000 0.000000 0.000000
    138 17.162516 -0.000404 0.000000 0.000000 0.000000 0.119214
    139 9.999891 -0.000303 0.000000 0.000000 0.000000 0.000000
    140 1.000088 -0.000029 0.000000 0.000000 0.000000 0.000000
    141 17.162516 -0.000404 0.000000 0.000000 0.000000 0.119214
    142 9.499836 0.000212 0.000000 0.000000 0.000000 0.000000
    143 0.000000 0.000000 0.000000 0.000000 0.000000 0.000000
    144 17.749374 0.295515 0.000000 0.000000 0.000000 -1.158958
    145 0.017889 0.299792 0.000000 0.000000 0.000000 -0.059582
    146 12.283573 1.581456 -4.696000 1.462269 -0.086726 0.090185
    147 17.749376 0.295515 0.000000 0.000000 0.000000 -1.158958
    148 0.017889 0.299792 0.000000 0.000000 0.000000 -0.059582
    149 13.354000 0.000000 0.000000 0.000000 0.000000 -0.294101
    150 4.530998 0.000000 0.000000 0.000000 0.000000 0.000000
    151 0.000000 0.000000 0.000000 0.000000 0.000000 0.000000
    152 5.413524 0.000347 0.000000 0.000000 0.000000 -0.518055
    153 5.413524 0.000347 0.000000 0.000000 0.000000 -0.518055
    154 4.662002 -5.366333 4.825191 1.569713 1.561305 -3.121213
    155 3.116966 -0.000443 0.000000 0.000000 0.000000 0.294101
    156 4.531197 0.000000 0.000000 0.000000 0.000000 0.000000
    157 -13.744089 24.086673 -54.479649 0.395350 -0.011338 -0.018850
    158 -1.610780 0.003904 0.562248 0.000008 0.314056 0.000000
    159 -13.709153 24.442152 -55.335567 -1.160436 -0.395472 1.556756
    160 -1.532227 0.000000 1.129883 -0.262470 -0.000006 1.570749
    161 0.000000 -0.001000 0.000000 0.000000 0.000000 0.000000
    162 3.867000 0.000000 0.228000 0.000000 0.000000 0.000000
    163 3.512001 -3.547000 -1.066000 0.000000 1.570796 0.000000
    164 3.456001 -3.517000 1.169000 0.000000 1.570796 0.000000
    165 6.233002 0.000000 0.000000 0.000000 0.000000 0.000000
    166 -0.171997 -0.106000 -0.902000 1.570713 1.029176 -3.134550
    167 6.234184 -6.387813 -0.019532 -0.001894 0.002673 -0.001270
    168 -3.106999 0.000000 0.669000 0.000000 0.000000 0.000000
    169 -3.106999 0.000000 0.741000 0.000000 0.000000 0.000000
    170 -3.252000 0.000000 0.540000 0.000000 0.000000 0.000000
    171 3.999434 -0.000528 -0.000332 -0.596073 -0.000005 0.000049
    172 3.999901 0.000038 0.001011 0.028095 -0.000001 -0.000049
    173 1.598000 0.000000 0.000000 0.000000 0.000000 0.000000
    174 -1.145525 0.000130 0.000668 0.000000 0.000000 0.000000
    175 2.299681 -2.499979 -0.599480 0.892021 0.221512 -0.527234
    176 11.916161 -3.105564 -0.104359 1.597558 -0.146692 -0.183948
    177 -9.580679 -27.862110 -37.184673 0.812879 -0.123459 -0.568477
    178 0.649933 -0.548295 0.093651 -1.665913 -0.131399 -0.112062
    179 0.657077 0.008401 0.040371 -1.665945 -0.131407 -0.000013
    180 0.665776 0.747221 -0.029190 -1.665935 -0.131408 0.094976
    181 2.300139 -2.499414 0.600159 -0.891995 -0.221560 -0.527344
    182 12.509592 1.698235 3.564709 1.764030 -0.255070 0.216942
    183 2.762354 0.116951 1.523975 1.629482 0.064153 1.743800
    184 7.228323 7.928203 -3.925652 2.328713 0.123459 -0.568477
    185 0.650394 -0.547730 -0.092979 1.665913 0.131399 -0.112062
    186 0.657069 0.008399 -0.040379 1.665945 0.131407 -0.000013
    187 0.665772 0.747219 0.029182 1.665935 0.131408 0.094976
    188 -4.481003 -0.202000 0.000000 0.000000 0.000000 0.000000
    189 -5.516998 -0.291000 -0.001000 0.000000 0.000000 0.000000
    190 -0.857697 0.104070 0.104687 0.023536 0.163924 0.013632
    191 1.899121 0.000427 -0.000439 0.027386 -0.033311 0.477848
    192 1.799658 -0.000240 0.000231 0.027386 -0.033311 0.477848
    193 1.799658 -0.000240 0.000231 0.027386 -0.033311 0.477848
    194 1.799658 -0.000240 0.000231 0.027386 -0.033311 0.477848
    195 1.900312 -0.000137 -0.000517 0.027386 -0.033311 0.477848
    196 1.899436 -0.000320 -0.000151 -0.027386 0.033311 0.477848
    197 1.799664 -0.000233 -0.000233 -0.027386 0.033311 0.477848
    198 1.799664 -0.000233 -0.000233 -0.027386 0.033311 0.477848
    199 1.799664 -0.000233 -0.000233 -0.027386 0.033311 0.477848
    200 1.900729 0.000549 -0.000072 -0.027386 0.033311 0.477848
    201 0.599884 0.400188 -0.000027 0.000000 0.000000 0.000000
    202 0.599888 0.400187 0.000031 0.000000 0.000000 -3.141592
    203 0.599503 0.400696 0.000234 0.000000 0.000000 0.000000
    204 0.600399 0.399632 -0.000466 0.000000 0.000000 -3.141592
  time 30
    0 0.000000 0.000000 0.000000 0.000000 0.000000 -1.570796
    1 -0.106323 0.000000 -0.000198 0.000000 0.000000 0.000000
    2 0.000000 0.000000 0.000000 0.000000 0.000000 0.000000
    3 -0.904000 0.000000 -11.806000 0.000000 0.000000 0.000000
    4 0.000000 0.000000 -14.313999 0.000000 -1.570796 1.570857
    5 3.533001 0.000000 0.000000 0.000000 0.000000 0.000000
    6 6.250000 0.000000 0.000000 0.000000 0.000000 0.000000
    7 4.113281 8.804688 -0.248413 -1.153277 1.547377 -1.153364
    8 10.984375 9.125000 5.437500 0.056466 -1.182281 -0.052462
    9 5.790726 0.002787 -0.000113 -0.943565 0.000152 -1.696134
    10 5.999492 -0.000592 -4.000343 0.000000 0.000000 0.000000
    11 5.791316 0.006489 0.004799 1.196778 -0.232905 -1.907986
    12 5.999492 -0.000592 4.000336 0.000000 0.000000 0.000000
    13 0.500225 0.000133 -0.000088 0.085224 -0.000048 0.000000
    14 11.534559 0.004255 -0.001312 -0.000017 0.000009 -0.528088
    15 -0.829338 0.893824 0.079659 -0.148839 0.047645 0.087266
    16 0.500225 0.000132 0.000076 -0.253544 0.000000 0.000000
    17 11.532495 0.000526 -0.000089 0.000006 -0.000022 -0.477419
    18 -0.829586 0.894698 -0.079464 0.045377 -0.019621 0.087266
    19 10.599884 0.000105 -0.000553 -1.175777 0.000000 0.000000
    20 0.088414 -0.282994 -0.000805 0.000000 0.000011 0.264102
    21 11.042057 0.003717 0.004704 -1.045947 0.118705 0.592773
    22 -1.214832 0.203470 -0.477489 -0.135025 -0.078677 -0.001289
    23 10.599880 0.000105 0.000549 0.058950 0.000000 0.000000
    24 0.088412 -0.282994 0.000801 0.000000 -0.000011 0.238691
    25 11.041742 0.003171 -0.000571 0.075174 0.683343 0.206678
    26 -1.063377 0.077663 0.150230 0.045121 0.020046 -0.012850
    27 0.610302 -0.939470 0.070343 -1.654739 -0.083511 -0.180446
    28 0.639940 -0.199121 0.060188 -1.665502 -0.069875 -0.072271
    29 0.600155 1.080261 -0.339535 -1.744176 0.106121 0.045652
    30 0.610207 0.400743 -0.010101 -1.761999 0.010556 0.028934
    31 0.629395 -0.689453 -0.229736 0.059917 -0.073984 -0.756749
    32 -0.792125 0.203736 0.461300 1.439074 -0.003453 -0.018305
    33 0.610300 -0.939469 -0.070351 1.655337 0.139986 -0.175678
    34 0.639937 -0.199121 -0.060200 1.665952 0.131308 -0.066502
    35 0.600098 1.130859 0.033752 1.738057 -0.020761 0.107329
    36 0.610205 0.400743 0.010086 1.762348 0.061543 0.042962
    37 0.629395 -0.689453 0.230347 -0.750747 -0.567048 -0.967115
    38 -0.626031 -0.069983 -0.080517 -1.447153 0.086151 0.021559
    39 2.621377 -0.002532 -0.001438 -0.312987 -0.065154 1.007890
    40 2.660837 0.000397 -0.000071 -0.262302 0.076049 1.167265
    41 2.206394 0.003368 -0.002863 -0.279040 0.180708 0.987622
    42 0.599952 0.959240 -0.300102 -0.174544 0.000000 0.000000
    43 2.557190 -0.005873 0.006359 -0.096623 0.126281 1.152732
    44 2.095024 -0.003873 -0.002193 -0.235301 0.301109 0.566386
    45 0.999512 0.000622 -1.241211 -0.000001 0.000000 0.000000
    46 -0.122639 -0.721856 0.661690 -0.486644 0.223964 0.243056
    47 2.619141 0.000140 -0.000401 0.055587 0.402473 0.372934
    48 2.658203 0.000782 0.000162 0.351904 0.247667 1.152005
    49 2.199219 0.000516 -0.000120 0.245880 -0.018376 1.177006
    50 0.599951 0.959244 0.300102 0.174544 0.000000 0.000000
    51 2.556641 -0.000149 -0.000029 0.273469 0.149728 1.224778
    52 2.095703 -0.000096 -0.000401 0.482182 -0.410387 0.684474
    53 1.000000 0.000055 1.119141 0.000000 0.000000 0.000001
    54 0.310846 -0.606445 -0.498005 0.308107 -0.197598 0.313976
    55 1.873069 -0.000835 -0.000994 -0.000007 0.000004 0.761203
    56 1.200941 0.399582 -0.000237 -0.009465 0.016087 0.007127
    57 0.000586 0.100342 -0.000319 -0.120035 -0.021926 -0.209617
    58 -0.161663 0.051712 0.194808 -2.941982 0.122408 -0.060194
    59 2.010092 -0.007109 -0.003377 0.000030 0.000013 0.941411
    60 0.000240 0.099802 -0.000395 -0.018823 0.010833 -0.239219
    61 -0.203197 0.048607 0.069150 -3.093332 0.033217 -0.046722
    62 1.180428 -0.006214 0.000780 -0.000085 -0.000036 0.570627
    63 -0.000196 0.099625 -0.000034 0.000000 0.000000 -0.314102
    64 -0.088736 -0.688435 -0.145203 2.930407 -0.136130 0.513013
    65 1.712069 -0.003328 0.003818 0.000023 -0.000021 0.696646
    66 -0.000580 0.100145 -0.000311 -0.010912 0.023129 -0.260841
    67 -0.146030 -0.232426 -0.014225 3.028455 -0.094299 0.113020
    68 1.290632 0.000362 -0.000032 0.000000 0.000048 -0.148127
    69 -0.658121 -0.003575 0.072645 -0.142711 0.027792 -0.077299
    70 1.867188 -0.000058 0.000524 0.000000 0.000000 0.941376
    71 1.200079 0.399944 -0.000093 0.009465 -0.016087 0.007127
    72 0.000591 0.100342 0.000319 0.120035 0.021926 -0.209617
    73 0.068077 0.002285 -0.080050 3.111376 -0.069366 -0.060847
    74 2.007813 -0.000883 -0.000380 -0.000044 0.000040 1.464654
    75 0.000229 0.099802 0.000395 0.018823 -0.010833 -0.239219
    76 -0.018673 -0.001009 0.047544 3.109244 0.002635 -0.106673
    77 1.178665 0.001595 0.000845 -0.000022 -0.000053 0.807088
    78 -0.000198 0.099628 0.000034 0.000000 0.000000 -0.314102
    79 0.036892 -0.634449 0.266284 -2.801062 0.174301 0.490914
    80 1.708008 0.000721 0.000201 -0.000034 -0.000048 1.238445
    81 -0.000576 0.100136 0.000311 0.010912 -0.023129 -0.260841
    82 -0.003952 -0.281811 0.115047 -3.059162 0.089004 0.167964
    83 1.290039 0.000364 -0.000046 -0.000058 0.000014 0.465379
    84 -0.171528 -0.018148 -0.099873 0.013484 -0.062184 -0.011780
    85 0.912716 0.007240 0.001326 0.000019 0.000021 0.884393
    86 -0.342617 0.053404 -0.025571 -2.909301 -0.017248 0.075276
    87 1.099609 -0.000426 0.000134 0.000000 0.000000 0.361714
    88 -0.384983 0.330998 0.006848 -3.087207 -0.018765 -0.184279
    89 0.678146 0.002286 0.000002 -0.000006 0.000041 0.352200
    90 -0.123848 0.072737 0.029507 2.898184 -0.060627 0.094834
    91 1.017166 -0.000154 -0.000252 -0.000011 0.000046 0.325859
    92 -0.344986 0.123129 0.143151 2.994981 0.012396 0.059140
    93 -0.730988 0.177046 0.039141 -0.123731 0.076518 -0.084310
    94 0.925900 0.005205 -0.000896 -0.000002 -0.000011 0.484986
    95 -0.124027 -0.052092 0.038496 3.077813 -0.008519 0.039229
    96 1.098633 0.000007 0.000469 0.000000 0.000000 0.904169
    97 -0.330082 0.160641 0.042780 3.128073 0.034033 -0.171236
    98 0.678711 -0.000813 0.000174 0.000000 0.000000 0.937064
    99 -0.019516 -0.016531 0.038578 -2.763781 0.050305 0.076828
    100 1.018891 0.001206 0.001121 0.000054 -0.000029 0.984570
    101 -0.155312 0.130643 -0.021921 -3.022466 0.022433 -0.024903
    102 -0.252209 0.061937 -0.024914 -0.007671 -0.063171 -0.044392
    103 -0.085991 0.185203 -0.015180 -2.937063 -0.113970 -0.138991
    104 -0.286537 0.179852 0.024264 -3.109353 -0.049645 -0.029915
    105 -0.019489 0.147084 0.079203 2.893815 0.038585 -0.060594
    106 -0.046482 0.251898 0.129548 3.016165 0.077112 -0.042864
    107 0.039120 -0.040298 0.047739 3.084219 0.030470 -0.037414
    108 -0.233757 0.066630 0.001754 -3.133086 0.040141 -0.065413
    109 0.044266 0.020128 0.001684 -2.778763 -0.118872 -0.040488
    110 0.071495 0.074127 -0.048302 -3.035917 -0.059482 0.104366
    111 -0.722678 -13.168371 -4.648579 -0.389287 0.014747 -1.566968
    112 4.304819 9.828425 -5.914243 0.029005 -0.832033 -1.359363
    113 -1.142999 -0.001000 0.273999 -1.006101 -0.000004 1.570789
    114 -0.943998 0.000000 1.776996 0.000000 0.000000 0.000000
    115 2.039996 -0.296999 1.310997 0.000000 0.000000 -1.570817
    116 -0.653999 0.000000 -1.549997 0.000000 0.000000 0.000000
    117 4.078125 0.000000 -0.139893 0.000000 0.000000 0.000000
    118 1.636719 0.000000 -0.502441 0.000000 0.000000 0.000000
    119 2.435547 0.000000 0.764160 0.000000 0.000000 0.000000
    120 -0.898998 0.000000 -1.088998 0.000000 0.000000 0.000000
    121 2.025996 -0.001000 0.680999 0.000000 0.000000 1.570816
    122 0.000000 0.000000 0.000000 0.000000 0.000000 -1.570816
    123 0.711998 0.439999 -0.805998 0.000000 0.000000 1.570815
    124 -1.474998 0.000000 0.073000 0.000000 0.000000 1.570816
    125 1.889997 0.409999 0.284999 1.570922 0.000000 0.000000
    126 0.000000 0.000000 0.000000 0.000000 0.000000 0.000000
    127 -0.106000 0.000000 64.320000 0.000000 0.000000 0.000000
    128 0.000000 0.000000 0.000000 0.000000 0.000000 0.000000
    129 0.000000 0.000000 0.000000 -0.006592 0.000779 -0.001210
    130 23.891599 -1.327680 5.462183 -0.389221 0.014671 0.003785
    131 0.106000 0.000000 -64.320000 0.000000 0.000000 0.000000
    132 0.000000 0.000000 0.000000 0.000000 0.000000 0.000000
    133 0.000000 0.000000 -4.867002 -3.141592 0.000000 -3.128591
    134 0.000000 0.000000 4.867000 -3.141592 0.000000 -3.128591
    135 4.000000 -6.500000 0.000000 0.000000 0.000000 0.000977
    136 -6.500000 0.000000 0.000000 0.000000 1.570796 0.000000
    137 1.000088 -0.000029 0.000000 0.000000 0.000000 0.000000
    138 17.162516 -0.000404 0.000000 0.000000 0.000000 0.119214
    139 9.999891 -0.000303 0.000000 0.000000 0.000000 0.000000
    140 1.000088 -0.000029 0.000000 0.000000 0.000000 0.000000
    141 17.162516 -0.000404 0.000000 0.000000 0.000000 0.119214
    142 9.499836 0.000212 0.000000 0.000000 0.000000 0.000000
    143 0.000000 0.000000 0.000000 0.000000 0.000000 0.000000
    144 17.749374 0.295515 0.000000 0.000000 0.000000 -1.158958
    145 0.017889 0.299792 0.000000 0.000000 0.000000 -0.059582
    146 12.283573 1.581456 -4.696000 1.462269 -0.086726 0.090185
    147 17.749376 0.295515 0.000000 0.000000 0.000000 -1.158958
    148 0.017889 0.299792 0.000000 0.000000 0.000000 -0.059582
    149 13.354000 0.000000 0.000000 0.000000 0.000000 -0.294101
    150 4.530998 0.000000 0.000000 0.000000 0.000000 0.000000
    151 0.000000 0.000000 0.000000 0.000000 0.000000 0.000000
    152 5.413524 0.000347 0.000000 0.000000 0.000000 -0.518055
    153 5.413524 0.000347 0.000000 0.000000 0.000000 -0.518055
    154 4.662002 -5.366333 4.825191 1.569713 1.561305 -3.121213
    155 3.116966 -0.000443 0.000000 0.000000 0.000000 0.294101
    156 4.531197 0.000000 0.000000 0.000000 0.000000 0.000000
    157 -14.119101 23.594470 -54.549963 0.389242 -0.012047 -0.009008
    158 -1.605469 0.000000 0.564941 0.000000 0.314098 0.000000
    159 -14.080258 23.946043 -55.398069 -1.161056 -0.389357 1.566565
    160 -1.532227 0.000000 1.130859 -0.262470 -0.000006 1.570749
    161 0.000000 -0.001000 0.000000 0.000000 0.000000 0.000000
    162 3.867000 0.000000 0.228000 0.000000 0.000000 0.000000
    163 3.512001 -3.547000 -1.066000 0.000000 1.570796 0.000000
    164 3.456001 -3.517000 1.169000 0.000000 1.570796 0.000000
    165 6.233002 0.000000 0.000000 0.000000 0.000000 0.000000
    166 -0.171997 -0.106000 -0.902000 1.570713 1.029176 -3.134550
    167 6.238090 -6.380000 -0.027345 -0.001210 0.006580 -0.000791
    168 -3.106999 0.000000 0.669000 0.000000 0.000000 0.000000
    169 -3.106999 0.000000 0.741000 0.000000 0.000000 0.000000
    170 -3.252000 0.000000 0.540000 0.000000 0.000000 0.000000
    171 3.999434 -0.000528 -0.000332 -0.589226 -0.000005 0.000025
    172 3.999901 0.000038 0.001011 0.030781 -0.000001 -0.000013
    173 1.598000 0.000000 0.000000 0.000000 0.000000 0.000000
    174 -1.145525 0.000130 0.000668 0.000000 0.000000 0.000000
    175 2.299681 -2.499979 -0.599480 0.892021 0.221512 -0.527234
    176 11.970850 -3.105564 -0.100452 1.597558 -0.146692 -0.183948
    177 -9.580679 -27.862110 -37.184673 0.812879 -0.123459 -0.568477
    178 0.649933 -0.548295 0.093651 -1.665913 -0.131399 -0.112062
    179 0.657077 0.008401 0.040371 -1.665945 -0.131407 -0.000013
    180 0.665776 0.747221 -0.029190 -1.665935 -0.131408 0.094976
    181 2.300139 -2.499414 0.600159 -0.891995 -0.221560 -0.527344
    182 12.509592 1.698235 3.564709 1.764030 -0.255070 0.216942
    183 2.762354 0.116951 1.523975 1.629482 0.064153 1.743800
    184 7.228323 7.928203 -3.925652 2.328713 0.123459 -0.568477
    185 0.650394 -0.547730 -0.092979 1.665913 0.131399 -0.112062
    186 0.657069 0.008399 -0.040379 1.665945 0.131407 -0.000013
    187 0.665772 0.747219 0.029182 1.665935 0.131408 0.094976
    188 -4.481003 -0.202000 0.000000 0.000000 0.000000 0.000000
    189 -5.516998 -0.291000 -0.001000 0.000000 0.000000 0.000000
    190 -0.857697 0.104070 0.104687 0.023536 0.163924 0.013632
    191 1.899121 0.000427 -0.000439 0.027386 -0.033311 0.477848
    192 1.799658 -0.000240 0.000231 0.027386 -0.033311 0.477848
    193 1.799658 -0.000240 0.000231 0.027386 -0.033311 0.477848
    194 1.799658 -0.000240 0.000231 0.027386 -0.033311 0.477848
    195 1.900312 -0.000137 -0.000517 0.027386 -0.033311 0.477848
    196 1.899436 -0.000320 -0.000151 -0.027386 0.033311 0.477848
    197 1.799664 -0.000233 -0.000233 -0.027386 0.033311 0.477848
    198 1.799664 -0.000233 -0.000233 -0.027386 0.033311 0.477848
    199 1.799664 -0.000233 -0.000233 -0.027386 0.033311 0.477848
    200 1.900729 0.000549 -0.000072 -0.027386 0.033311 0.477848
    201 0.599884 0.400188 -0.000027 0.000000 0.000000 0.000000
    202 0.599888 0.400187 0.000031 0.000000 0.000000 -3.141592
    203 0.599503 0.400696 0.000234 0.000000 0.000000 0.000000
    204 0.600399 0.399632 -0.000466 0.000000 0.000000 -3.141592
  time 31
    0 0.000000 0.000000 0.000000 0.000000 0.000000 -1.570796
    1 -0.106323 0.000000 -0.000198 0.000000 0.000000 0.000000
    2 0.000000 0.000000 0.000000 0.000000 0.000000 0.000000
    3 -0.904000 0.000000 -11.806000 0.000000 0.000000 0.000000
    4 0.000000 0.000000 -14.313999 0.000000 -1.570796 1.570857
    5 3.533001 0.000000 0.000000 0.000000 0.000000 0.000000
    6 6.250000 0.000000 0.000000 0.000000 0.000000 0.000000
    7 4.113281 8.804688 -0.248413 -1.153277 1.547377 -1.153364
    8 10.984375 9.125000 5.437500 0.056466 -1.182281 -0.052462
    9 5.790726 0.002787 -0.000113 -0.942355 0.003102 -1.690669
    10 5.999492 -0.000592 -4.000343 0.000000 0.000000 0.000000
    11 5.791316 0.006489 0.004799 1.198058 -0.235406 -1.909893
    12 5.999492 -0.000592 4.000336 0.000000 0.000000 0.000000
    13 0.500225 0.000133 -0.000088 0.085027 -0.000048 0.000000
    14 11.534559 0.004255 -0.001312 -0.000017 0.000009 -0.539386
    15 -0.829338 0.893824 0.079659 -0.148839 0.047645 0.087266
    16 0.500225 0.000132 0.000076 -0.253766 0.000000 0.000000
    17 11.536401 0.000526 -0.000089 0.000006 -0.000022 -0.483133
    18 -0.829586 0.894698 -0.079464 0.045377 -0.019621 0.087266
    19 10.599884 0.000105 -0.000553 -1.164779 0.000000 0.000000
    20 0.088414 -0.282994 -0.000805 0.000000 0.000011 0.269788
    21 11.042057 0.003717 0.004704 -1.033149 0.120505 0.594203
    22 -1.214832 0.203470 -0.477489 -0.135025 -0.078677 -0.001289
    23 10.599880 0.000105 0.000549 0.066211 0.000000 0.000000
    24 0.072787 -0.286900 0.000801 0.000000 -0.000011 0.241659
    25 11.041742 0.003171 -0.000571 0.085169 0.696479 0.210180
    26 -1.063377 0.077663 0.150230 0.045121 0.020046 -0.012850
    27 0.610302 -0.939470 0.070343 -1.654739 -0.083511 -0.180446
    28 0.639940 -0.199121 0.060188 -1.665502 -0.069875 -0.072271
    29 0.600155 1.080261 -0.339535 -1.744123 0.106121 0.045640
    30 0.610207 0.400743 -0.010101 -1.761999 0.010556 0.028946
    31 0.629395 -0.689453 -0.229736 0.059917 -0.073984 -0.756749
    32 -0.792125 0.203736 0.461300 1.439074 -0.003453 -0.018305
    33 0.610300 -0.939469 -0.070351 1.655337 0.139986 -0.175678
    34 0.639937 -0.199121 -0.060200 1.665952 0.131308 -0.066502
    35 0.600098 1.130859 0.033752 1.738057 -0.020761 0.107329
    36 0.610205 0.400743 0.010086 1.762348 0.061543 0.042962
    37 0.629395 -0.689453 0.230347 -0.750747 -0.567048 -0.967115
    38 -0.626031 -0.069983 -0.080517 -1.447153 0.086151 0.021559
    39 2.621377 -0.002532 -0.001438 -0.312987 -0.065154 1.007890
    40 2.660837 0.000397 -0.000071 -0.262302 0.076037 1.167265
    41 2.206394 0.003368 -0.002863 -0.279040 0.180722 0.987580
    42 0.599952 0.959240 -0.300102 -0.174544 0.000000 0.000000
    43 2.557190 -0.005873 0.006359 -0.096623 0.126293 1.152693
    44 2.095024 -0.003873 -0.006100 -0.235289 0.301109 0.566386
    45 0.999512 0.000622 -1.241211 -0.000001 0.000000 0.000000
    46 -0.122639 -0.721856 0.661690 -0.486644 0.223964 0.243056
    47 2.619141 0.000140 -0.000401 0.055587 0.402473 0.372934
    48 2.658203 0.000782 0.000162 0.351904 0.247667 1.152005
    49 2.199219 0.000516 -0.000120 0.245880 -0.018376 1.177006
    50 0.599951 0.959244 0.300102 0.174544 0.000000 0.000000
    51 2.556641 -0.000149 -0.000029 0.273469 0.149728 1.224778
    52 2.095703 -0.000096 -0.000401 0.482182 -0.410387 0.684474
    53 1.000000 0.000055 1.119141 0.000000 0.000000 0.000001
    54 0.310846 -0.606445 -0.498005 0.308107 -0.197598 0.313976
    55 1.873069 -0.004741 -0.000994 -0.000007 0.000004 0.761203
    56 1.200941 0.399582 -0.000237 -0.009465 0.016087 0.007127
    57 0.000586 0.100342 -0.000319 -0.120035 -0.021926 -0.209617
    58 -0.161663 0.051712 0.194808 -2.941982 0.122408 -0.060194
    59 2.010092 -0.003202 -0.007284 0.000030 0.000013 0.941446
    60 0.000240 0.099802 -0.000395 -0.018823 0.010833 -0.239219
    61 -0.203197 0.048607 0.069150 -3.093332 0.033217 -0.046722
    62 1.180428 -0.006214 0.000780 -0.000074 -0.000024 0.570627
    63 -0.000196 0.099625 -0.000034 0.000000 0.000000 -0.314102
    64 -0.088736 -0.688435 -0.145203 2.930407 -0.136130 0.513013
    65 1.712069 -0.003328 0.003818 0.000023 -0.000021 0.696646
    66 -0.000580 0.100145 -0.000311 -0.010912 0.023129 -0.260841
    67 -0.146030 -0.232426 -0.014225 3.028455 -0.094299 0.113020
    68 1.290632 0.000362 -0.000032 0.000000 0.000036 -0.148127
    69 -0.658121 -0.003575 0.072645 -0.142711 0.027792 -0.077299
    70 1.867188 -0.000058 0.000524 0.000000 0.000000 0.941376
    71 1.200079 0.399944 -0.000093 0.009465 -0.016087 0.007127
    72 0.000591 0.100342 0.000319 0.120035 0.021926 -0.209617
    73 0.068077 0.002285 -0.080050 3.111376 -0.069366 -0.060847
    74 2.007813 -0.000883 -0.000380 -0.000044 0.000040 1.464654
    75 0.000229 0.099802 0.000395 0.018823 -0.010833 -0.239219
    76 -0.018673 -0.001009 0.047544 3.109244 0.002635 -0.106673
    77 1.178665 0.001595 0.000845 -0.000022 -0.000053 0.807088
    78 -0.000198 0.099628 0.000034 0.000000 0.000000 -0.314102
    79 0.036892 -0.634449 0.266284 -2.801062 0.174301 0.490914
    80 1.708008 0.000721 0.000201 -0.000034 -0.000048 1.238445
    81 -0.000576 0.100136 0.000311 0.010912 -0.023129 -0.260841
    82 -0.003952 -0.281811 0.115047 -3.059162 0.089004 0.167964
    83 1.290039 0.000364 -0.000046 -0.000058 0.000014 0.465379
    84 -0.171528 -0.018148 -0.099873 0.013484 -0.062184 -0.011780
    85 0.912716 0.007240 0.001326 0.000019 0.000021 0.884366
    86 -0.342617 0.053404 -0.025571 -2.909301 -0.017248 0.075276
    87 1.099609 -0.000426 0.000134 0.000000 0.000000 0.361714
    88 -0.384983 0.330998 0.006848 -3.087207 -0.018765 -0.184279
    89 0.678146 0.002286 -0.003905 -0.000006 0.000053 0.352200
    90 -0.123848 0.072737 0.029507 2.898184 -0.060627 0.094834
    91 1.017166 -0.000154 -0.000252 0.000001 0.000046 0.325859
    92 -0.344986 0.123129 0.143151 2.994981 0.012396 0.059140
    93 -0.730988 0.177046 0.039141 -0.123731 0.076518 -0.084310
    94 0.921993 0.005205 -0.000896 0.000010 -0.000011 0.484986
    95 -0.124027 -0.052092 0.038496 3.077813 -0.008519 0.039229
    96 1.098633 0.000007 0.000469 0.000000 0.000000 0.904169
    97 -0.330082 0.160641 0.042780 3.128073 0.034033 -0.171236
    98 0.678711 -0.000813 0.000174 0.000000 0.000000 0.937064
    99 -0.019516 -0.016531 0.038578 -2.763781 0.050305 0.076828
    100 1.018891 0.001206 0.001121 0.000054 -0.000029 0.984549
    101 -0.155312 0.130643 -0.021921 -3.022466 0.022433 -0.024903
    102 -0.252209 0.061937 -0.024914 -0.007671 -0.063171 -0.044392
    103 -0.085991 0.185203 -0.015180 -2.937063 -0.113970 -0.138991
    104 -0.286537 0.179852 0.024264 -3.109353 -0.049645 -0.029915
    105 -0.019489 0.147084 0.079203 2.893815 0.038585 -0.060594
    106 -0.046482 0.251898 0.129548 3.016165 0.077112 -0.042864
    107 0.039120 -0.040298 0.047739 3.084219 0.030470 -0.037414
    108 -0.233757 0.066630 0.001754 -3.133086 0.040141 -0.065413
    109 0.044266 0.020128 0.001684 -2.778763 -0.118872 -0.040488
    110 0.071495 0.074127 -0.048302 -3.035917 -0.059482 0.104366
    111 -0.722678 -13.121494 -4.613422 -0.376180 0.007022 -1.571450
    112 4.429823 9.847957 -5.996277 0.045938 -0.842079 -1.376690
    113 -1.142999 -0.001000 0.273999 -1.006101 -0.000004 1.570789
    114 -0.943998 0.000000 1.776996 0.000000 0.000000 0.000000
    115 2.039996 -0.296999 1.310997 0.000000 0.000000 -1.570817
    116 -0.653999 0.000000 -1.549997 0.000000 0.000000 0.000000
    117 4.078125 0.000000 -0.139893 0.000000 0.000000 0.000000
    118 1.636719 0.000000 -0.502441 0.000000 0.000000 0.000000
    119 2.435547 0.000000 0.764160 0.000000 0.000000 0.000000
    120 -0.898998 0.000000 -1.088998 0.000000 0.000000 0.000000
    121 2.025996 -0.001000 0.680999 0.000000 0.000000 1.570816
    122 0.000000 0.000000 0.000000 0.000000 0.000000 -1.570816
    123 0.711998 0.439999 -0.805998 0.000000 0.000000 1.570815
    124 -1.474998 0.000000 0.073000 0.000000 0.000000 1.570816
    125 1.889997 0.409999 0.284999 1.570922 0.000000 0.000000
    126 0.000000 0.000000 0.000000 0.000000 0.000000 0.000000
    127 -0.106000 0.000000 64.320000 0.000000 0.000000 0.000000
    128 0.000000 0.000000 0.000000 0.000000 0.000000 0.000000
    129 0.000000 0.000000 0.000000 0.002912 0.002493 -0.000911
    130 23.848629 -1.351118 5.559842 -0.376273 0.007087 -0.000697
    131 0.106000 0.000000 -64.320000 0.000000 0.000000 0.000000
    132 0.000000 0.000000 0.000000 0.000000 0.000000 0.000000
    133 0.000000 0.000000 -4.867002 -3.141592 0.000000 -3.128591
    134 0.000000 0.000000 4.867000 -3.141592 0.000000 -3.128591
    135 4.000000 -6.500000 0.000000 0.000000 0.000000 0.000977
    136 -6.500000 0.000000 0.000000 0.000000 1.570796 0.000000
    137 1.000088 -0.000029 0.000000 0.000000 0.000000 0.000000
    138 17.162516 -0.000404 0.000000 0.000000 0.000000 0.119214
    139 9.999891 -0.000303 0.000000 0.000000 0.000000 0.000000
    140 1.000088 -0.000029 0.000000 0.000000 0.000000 0.000000
    141 17.162516 -0.000404 0.000000 0.000000 0.000000 0.119214
    142 9.499836 0.000212 0.000000 0.000000 0.000000 0.000000
    143 0.000000 0.000000 0.000000 0.000000 0.000000 0.000000
    144 17.749374 0.295515 0.000000 0.000000 0.000000 -1.158958
    145 0.017889 0.299792 0.000000 0.000000 0.000000 -0.059582
    146 12.283573 1.581456 -4.696000 1.462269 -0.086726 0.090185
    147 17.749376 0.295515 0.000000 0.000000 0.000000 -1.158958
    148 0.017889 0.299792 0.000000 0.000000 0.000000 -0.059582
    149 13.354000 0.000000 0.000000 0.000000 0.000000 -0.294101
    150 4.530998 0.000000 0.000000 0.000000 0.000000 0.000000
    151 0.000000 0.000000 0.000000 0.000000 0.000000 0.000000
    152 5.413524 0.000347 0.000000 0.000000 0.000000 -0.518055
    153 5.413524 0.000347 0.000000 0.000000 0.000000 -0.518055
    154 4.662002 -5.366333 4.825191 1.569713 1.561305 -3.121213
    155 3.116966 -0.000443 0.000000 0.000000 0.000000 0.294101
    156 4.531197 0.000000 0.000000 0.000000 0.000000 0.000000
    157 -14.482393 22.793664 -54.807784 0.376286 -0.006991 -0.003420
    158 -1.605469 0.000000 0.564941 0.000000 0.314098 0.000000
    159 -14.455269 23.133518 -55.663702 -1.155614 -0.376260 1.570118
    160 -1.532227 0.000000 1.130859 -0.262470 -0.000006 1.570749
    161 0.000000 -0.001000 0.000000 0.000000 0.000000 0.000000
    162 3.867000 0.000000 0.228000 0.000000 0.000000 0.000000
    163 3.512001 -3.547000 -1.066000 0.000000 1.570796 0.000000
    164 3.456001 -3.517000 1.169000 0.000000 1.570796 0.000000
    165 6.233002 0.000000 0.000000 0.000000 0.000000 0.000000
    166 -0.171997 -0.106000 -0.902000 1.570713 1.029176 -3.134550
    167 6.234184 -6.395626 0.019532 -0.000911 -0.002912 -0.002493
    168 -3.106999 0.000000 0.669000 0.000000 0.000000 0.000000
    169 -3.106999 0.000000 0.741000 0.000000 0.000000 0.000000
    170 -3.252000 0.000000 0.540000 0.000000 0.000000 0.000000
    171 3.999434 -0.000528 -0.000332 -0.582237 -0.000017 -0.000023
    172 3.999901 0.000038 0.001011 0.033489 -0.000001 -0.000001
    173 1.598000 0.000000 0.000000 0.000000 0.000000 0.000000
    174 -1.145525 0.000130 0.000668 0.000000 0.000000 0.000000
    175 2.299681 -2.499979 -0.599480 0.892021 0.221512 -0.527234
    176 11.970850 -3.105564 -0.100452 1.597558 -0.146692 -0.183948
    177 -9.580679 -27.862110 -37.184673 0.812879 -0.123459 -0.568477
    178 0.649933 -0.548295 0.093651 -1.665913 -0.131399 -0.112062
    179 0.657077 0.008401 0.040371 -1.665945 -0.131407 -0.000013
    180 0.665776 0.747221 -0.029190 -1.665935 -0.131408 0.094976
    181 2.300139 -2.499414 0.600159 -0.891995 -0.221560 -0.527344
    182 12.509592 1.698235 3.564709 1.764030 -0.255070 0.216942
    183 2.762354 0.116951 1.523975 1.629482 0.064153 1.743800
    184 7.228323 7.928203 -3.925652 2.328713 0.123459 -0.568477
    185 0.650394 -0.547730 -0.092979 1.665913 0.131399 -0.112062
    186 0.657069 0.008399 -0.040379 1.665945 0.131407 -0.000013
    187 0.665772 0.747219 0.029182 1.665935 0.131408 0.094976
    188 -4.481003 -0.202000 0.000000 0.000000 0.000000 0.000000
    189 -5.516998 -0.291000 -0.001000 0.000000 0.000000 0.000000
    190 -0.857697 0.104070 0.104687 0.023536 0.163924 0.013632
    191 1.899121 0.000427 -0.000439 0.027386 -0.033311 0.477848
    192 1.799658 -0.000240 0.000231 0.027386 -0.033311 0.477848
    193 1.799658 -0.000240 0.000231 0.027386 -0.033311 0.477848
    194 1.799658 -0.000240 0.000231 0.027386 -0.033311 0.477848
    195 1.900312 -0.000137 -0.000517 0.027386 -0.033311 0.477848
    196 1.899436 -0.000320 -0.000151 -0.027386 0.033311 0.477848
    197 1.799664 -0.000233 -0.000233 -0.027386 0.033311 0.477848
    198 1.799664 -0.000233 -0.000233 -0.027386 0.033311 0.477848
    199 1.799664 -0.000233 -0.000233 -0.027386 0.033311 0.477848
    200 1.900729 0.000549 -0.000072 -0.027386 0.033311 0.477848
    201 0.599884 0.400188 -0.000027 0.000000 0.000000 0.000000
    202 0.599888 0.400187 0.000031 0.000000 0.000000 -3.141592
    203 0.599503 0.400696 0.000234 0.000000 0.000000 0.000000
    204 0.600399 0.399632 -0.000466 0.000000 0.000000 -3.141592
  time 32
    0 0.000000 0.000000 0.000000 0.000000 0.000000 -1.570796
    1 -0.106323 0.000000 -0.000198 0.000000 0.000000 0.000000
    2 0.000000 0.000000 0.000000 0.000000 0.000000 0.000000
    3 -0.904000 0.000000 -11.806000 0.000000 0.000000 0.000000
    4 0.000000 0.000000 -14.313999 0.000000 -1.570796 1.570857
    5 3.533001 0.000000 0.000000 0.000000 0.000000 0.000000
    6 6.250000 0.000000 0.000000 0.000000 0.000000 0.000000
    7 4.113281 8.804688 -0.248413 -1.153277 1.547377 -1.153364
    8 10.984375 9.125000 5.437500 0.056466 -1.182281 -0.052462
    9 5.790726 0.002787 -0.000113 -0.941221 0.005995 -1.685279
    10 5.999492 -0.000592 -4.000343 0.000000 0.000000 0.000000
    11 5.791316 0.006489 0.004799 1.199338 -0.237953 -1.911713
    12 5.999492 -0.000592 4.000336 0.000000 0.000000 0.000000
    13 0.500225 0.000133 -0.000088 0.084886 -0.000036 0.000000
    14 11.534559 0.000348 -0.001312 -0.000017 0.000009 -0.550768
    15 -0.829338 0.893824 0.079659 -0.148839 0.047645 0.087266
    16 0.500225 0.000132 0.000076 -0.254012 0.000000 0.000000
    17 11.532495 0.004432 -0.000089 0.000006 -0.000022 -0.489024
    18 -0.829586 0.894698 -0.079464 0.045377 -0.019621 0.087266
    19 10.599884 0.000105 -0.000553 -1.153782 0.000000 0.000000
    20 0.084508 -0.286900 -0.000805 0.000000 0.000011 0.275415
    21 11.042057 0.003717 0.000798 -1.020285 0.122255 0.595589
    22 -1.214832 0.203470 -0.477489 -0.135025 -0.078677 -0.001289
    23 10.599880 0.000105 0.000549 0.073472 0.000000 0.000000
    24 0.072787 -0.290806 0.000801 0.000000 -0.000011 0.244595
    25 11.041742 0.003171 -0.000571 0.095451 0.706302 0.212889
    26 -1.063377 0.077663 0.150230 0.045121 0.020046 -0.012850
    27 0.610302 -0.939470 0.070343 -1.654739 -0.083523 -0.180434
    28 0.639940 -0.199121 0.060188 -1.665502 -0.069887 -0.072283
    29 0.600155 1.080261 -0.339535 -1.744176 0.106121 0.045640
    30 0.610207 0.400743 -0.010101 -1.761999 0.010556 0.028958
    31 0.629395 -0.689453 -0.229736 0.059917 -0.073984 -0.756749
    32 -0.792125 0.203736 0.461300 1.439074 -0.003453 -0.018305
    33 0.610300 -0.939469 -0.070351 1.655337 0.139986 -0.175678
    34 0.639937 -0.199121 -0.060200 1.665952 0.131308 -0.066502
    35 0.600098 1.130859 0.033752 1.738057 -0.020761 0.107329
    36 0.610205 0.400743 0.010086 1.762348 0.061543 0.042962
    37 0.629395 -0.689453 0.230347 -0.750747 -0.567048 -0.967115
    38 -0.626031 -0.069983 -0.080517 -1.447153 0.086151 0.021559
    39 2.621377 -0.002532 -0.001438 -0.312987 -0.065154 1.007930
    40 2.660837 0.000397 -0.000071 -0.262302 0.076037 1.167265
    41 2.202488 0.003368 -0.002863 -0.279040 0.180708 0.987580
    42 0.599952 0.959240 -0.300102 -0.174544 0.000000 0.000000
    43 2.557190 -0.005873 0.006359 -0.096609 0.126304 1.152732
    44 2.095024 -0.003873 -0.002193 -0.235277 0.301109 0.566386
    45 0.999512 0.000622 -1.241211 -0.000001 0.000000 0.000000
    46 -0.122639 -0.721856 0.661690 -0.486644 0.223964 0.243056
    47 2.619141 0.000140 -0.000401 0.055587 0.402473 0.372934
    48 2.658203 0.000782 0.000162 0.351904 0.247667 1.152005
    49 2.199219 0.000516 -0.000120 0.245880 -0.018376 1.177006
    50 0.599951 0.959244 0.300102 0.174544 0.000000 0.000000
    51 2.556641 -0.000149 -0.000029 0.273469 0.149728 1.224778
    52 2.095703 -0.000096 -0.000401 0.482182 -0.410387 0.684474
    53 1.000000 0.000055 1.119141 0.000000 0.000000 0.000001
    54 0.310846 -0.606445 -0.498005 0.308107 -0.197598 0.313976
    55 1.873069 -0.004741 -0.000994 -0.000007 0.000004 0.761245
    56 1.200941 0.399582 -0.000237 -0.009465 0.016087 0.007127
    57 0.000586 0.100342 -0.000319 -0.120035 -0.021926 -0.209617
    58 -0.161663 0.051712 0.194808 -2.941982 0.122408 -0.060194
    59 2.010092 -0.007109 -0.003377 0.000042 0.000013 0.941446
    60 0.000240 0.099802 -0.000395 -0.018823 0.010833 -0.239219
    61 -0.203197 0.048607 0.069150 -3.093332 0.033217 -0.046722
    62 1.180428 -0.006214 0.000780 -0.000062 -0.000024 0.570627
    63 -0.000196 0.099625 -0.000034 0.000000 0.000000 -0.314102
    64 -0.088736 -0.688435 -0.145203 2.930407 -0.136130 0.513013
    65 1.715976 -0.003328 0.003818 0.000023 -0.000021 0.696646
    66 -0.000580 0.100145 -0.000311 -0.010912 0.023129 -0.260841
    67 -0.146030 -0.232426 -0.014225 3.028455 -0.094299 0.113020
    68 1.290632 0.000362 -0.000032 -0.000012 0.000036 -0.148127
    69 -0.658121 -0.003575 0.072645 -0.142711 0.027792 -0.077299
    70 1.867188 -0.000058 0.000524 0.000000 0.000000 0.941376
    71 1.200079 0.399944 -0.000093 0.009465 -0.016087 0.007127
    72 0.000591 0.100342 0.000319 0.120035 0.021926 -0.209617
    73 0.068077 0.002285 -0.080050 3.111376 -0.069366 -0.060847
    74 2.007813 -0.000883 -0.000380 -0.000044 0.000040 1.464654
    75 0.000229 0.099802 0.000395 0.018823 -0.010833 -0.239219
    76 -0.018673 -0.001009 0.047544 3.109244 0.002635 -0.106673
    77 1.178665 0.001595 0.000845 -0.000022 -0.000053 0.807088
    78 -0.000198 0.099628 0.000034 0.000000 0.000000 -0.314102
    79 0.036892 -0.634449 0.266284 -2.801062 0.174301 0.490914
    80 1.708008 0.000721 0.000201 -0.000034 -0.000048 1.238445
    81 -0.000576 0.100136 0.000311 0.010912 -0.023129 -0.260841
    82 -0.003952 -0.281811 0.115047 -3.059162 0.089004 0.167964
    83 1.290039 0.000364 -0.000046 -0.000058 0.000014 0.465379
    84 -0.171528 -0.018148 -0.099873 0.013484 -0.062184 -0.011780
    85 0.912716 0.007240 0.001326 0.000019 0.000021 0.884366
    86 -0.342617 0.053404 -0.025571 -2.909301 -0.017248 0.075276
    87 1.099609 -0.000426 0.000134 0.000000 0.000000 0.361714
    88 -0.384983 0.330998 0.006848 -3.087207 -0.018765 -0.184279
    89 0.678146 0.006192 0.000002 -0.000006 0.000029 0.352200
    90 -0.123848 0.072737 0.029507 2.898184 -0.060627 0.094834
    91 1.017166 -0.000154 -0.000252 -0.000011 0.000046 0.325859
    92 -0.344986 0.123129 0.143151 2.994981 0.012396 0.059140
    93 -0.730988 0.177046 0.039141 -0.123731 0.076518 -0.084310
    94 0.925900 0.001298 -0.000896 0.000010 -0.000011 0.484986
    95 -0.124027 -0.052092 0.038496 3.077813 -0.008519 0.039229
    96 1.098633 0.000007 0.000469 0.000000 0.000000 0.904169
    97 -0.330082 0.160641 0.042780 3.128073 0.034033 -0.171236
    98 0.678711 -0.000813 0.000174 0.000000 0.000000 0.937064
    99 -0.019516 -0.016531 0.038578 -2.763781 0.050305 0.076828
    100 1.018891 0.001206 0.001121 0.000066 -0.000029 0.984549
    101 -0.155312 0.130643 -0.021921 -3.022466 0.022433 -0.024903
    102 -0.252209 0.061937 -0.024914 -0.007671 -0.063171 -0.044392
    103 -0.085991 0.185203 -0.015180 -2.937063 -0.113970 -0.138991
    104 -0.286537 0.179852 0.024264 -3.109353 -0.049645 -0.029915
    105 -0.019489 0.147084 0.079203 2.893815 0.038585 -0.060594
    106 -0.046482 0.251898 0.129548 3.016165 0.077112 -0.042864
    107 0.039120 -0.040298 0.047739 3.084219 0.030470 -0.037414
    108 -0.233757 0.066630 0.001754 -3.133086 0.040141 -0.065413
    109 0.044266 0.020128 0.001684 -2.778763 -0.118872 -0.040488
    110 0.071495 0.074127 -0.048302 -3.035917 -0.059482 0.104366
    111 -0.718772 -13.070711 -4.586077 -0.363264 0.000936 -1.573131
    112 4.492325 9.879208 -6.039247 0.063477 -0.850497 -1.391622
    113 -1.142999 -0.001000 0.273999 -1.006101 -0.000004 1.570789
    114 -0.943998 0.000000 1.776996 0.000000 0.000000 0.000000
    115 2.039996 -0.296999 1.310997 0.000000 0.000000 -1.570817
    116 -0.653999 0.000000 -1.549997 0.000000 0.000000 0.000000
    117 4.078125 0.000000 -0.139893 0.000000 0.000000 0.000000
    118 1.636719 0.000000 -0.502441 0.000000 0.000000 0.000000
    119 2.435547 0.000000 0.764160 0.000000 0.000000 0.000000
    120 -0.898998 0.000000 -1.088998 0.000000 0.000000 0.000000
    121 2.025996 -0.001000 0.680999 0.000000 0.000000 1.570816
    122 0.000000 0.000000 0.000000 0.000000 0.000000 -1.570816
    123 0.711998 0.439999 -0.805998 0.000000 0.000000 1.570815
    124 -1.474998 0.000000 0.073000 0.000000 0.000000 1.570816
    125 1.889997 0.409999 0.284999 1.570922 0.000000 0.000000
    126 0.000000 0.000000 0.000000 0.000000 0.000000 0.000000
    127 -0.106000 0.000000 64.320000 0.000000 0.000000 0.000000
    128 0.000000 0.000000 0.000000 0.000000 0.000000 0.000000
    129 0.000000 0.000000 0.000000 -0.002373 0.002061 -0.000599
    130 23.817378 -1.339399 5.637969 -0.363154 0.000955 -0.002378
    131 0.106000 0.000000 -64.320000 0.000000 0.000000 0.000000
    132 0.000000 0.000000 0.000000 0.000000 0.000000 0.000000
    133 0.000000 0.000000 -4.867002 -3.141592 0.000000 -3.128591
    134 0.000000 0.000000 4.867000 -3.141592 0.000000 -3.128591
    135 4.000000 -6.500000 0.000000 0.000000 0.000000 0.000977
    136 -6.500000 0.000000 0.000000 0.000000 1.570796 0.000000
    137 1.000088 -0.000029 0.000000 0.000000 0.000000 0.000000
    138 17.162516 -0.000404 0.000000 0.000000 0.000000 0.119214
    139 9.999891 -0.000303 0.000000 0.000000 0.000000 0.000000
    140 1.000088 -0.000029 0.000000 0.000000 0.000000 0.000000
    141 17.162516 -0.000404 0.000000 0.000000 0.000000 0.119214
    142 9.499836 0.000212 0.000000 0.000000 0.000000 0.000000
    143 0.000000 0.000000 0.000000 0.000000 0.000000 0.000000
    144 17.749374 0.295515 0.000000 0.000000 0.000000 -1.158958
    145 0.017889 0.299792 0.000000 0.000000 0.000000 -0.059582
    146 12.283573 1.581456 -4.696000 1.462269 -0.086726 0.090185
    147 17.749376 0.295515 0.000000 0.000000 0.000000 -1.158958
    148 0.017889 0.299792 0.000000 0.000000 0.000000 -0.059582
    149 13.354000 0.000000 0.000000 0.000000 0.000000 -0.294101
    150 4.530998 0.000000 0.000000 0.000000 0.000000 0.000000
    151 0.000000 0.000000 0.000000 0.000000 0.000000 0.000000
    152 5.413524 0.000347 0.000000 0.000000 0.000000 -0.518055
    153 5.413524 0.000347 0.000000 0.000000 0.000000 -0.518055
    154 4.662002 -5.366333 4.825191 1.569713 1.561305 -3.121213
    155 3.116966 -0.000443 0.000000 0.000000 0.000000 0.294101
    156 4.531197 0.000000 0.000000 0.000000 0.000000 0.000000
    157 -14.841779 22.028016 -55.065604 0.363237 -0.001840 0.002002
    158 -1.605469 0.000000 0.564941 0.000000 0.314098 0.000000
    159 -14.818562 22.352245 -55.929335 -1.149965 -0.363163 1.573564
    160 -1.532227 0.000000 1.130859 -0.262470 -0.000006 1.570749
    161 0.000000 -0.001000 0.000000 0.000000 0.000000 0.000000
    162 3.867000 0.000000 0.228000 0.000000 0.000000 0.000000
    163 3.512001 -3.547000 -1.066000 0.000000 1.570796 0.000000
    164 3.456001 -3.517000 1.169000 0.000000 1.570796 0.000000
    165 6.233002 0.000000 0.000000 0.000000 0.000000 0.000000
    166 -0.171997 -0.106000 -0.902000 1.570713 1.029176 -3.134550
    167 6.238090 -6.387813 0.007813 -0.000599 0.002373 -0.002061
    168 -3.106999 0.000000 0.669000 0.000000 0.000000 0.000000
    169 -3.106999 0.000000 0.741000 0.000000 0.000000 0.000000
    170 -3.252000 0.000000 0.540000 0.000000 0.000000 0.000000
    171 3.999434 -0.000528 -0.000332 -0.578016 0.000007 -0.000023
    172 3.999901 0.000038 0.001011 0.036154 -0.000013 0.000023
    173 1.598000 0.000000 0.000000 0.000000 0.000000 0.000000
    174 -1.145525 0.000130 0.000668 0.000000 0.000000 0.000000
    175 2.299681 -2.499979 -0.599480 0.892021 0.221512 -0.527234
    176 11.970850 -3.105564 -0.100452 1.597558 -0.146692 -0.183948
    177 -9.580679 -27.862110 -37.184673 0.812879 -0.123459 -0.568477
    178 0.649933 -0.548295 0.093651 -1.665913 -0.131399 -0.112062
    179 0.657077 0.008401 0.040371 -1.665945 -0.131407 -0.000013
    180 0.665776 0.747221 -0.029190 -1.665935 -0.131408 0.094976
    181 2.300139 -2.499414 0.600159 -0.891995 -0.221560 -0.527344
    182 12.509592 1.698235 3.564709 1.764030 -0.255070 0.216942
    183 2.762354 0.116951 1.523975 1.629482 0.064153 1.743800
    184 7.228323 7.928203 -3.925652 2.328713 0.123459 -0.568477
    185 0.650394 -0.547730 -0.092979 1.665913 0.131399 -0.112062
    186 0.657069 0.008399 -0.040379 1.665945 0.131407 -0.000013
    187 0.665772 0.747219 0.029182 1.665935 0.131408 0.094976
    188 -4.481003 -0.202000 0.000000 0.000000 0.000000 0.000000
    189 -5.516998 -0.291000 -0.001000 0.000000 0.000000 0.000000
    190 -0.857697 0.104070 0.104687 0.023536 0.163924 0.013632
    191 1.899121 0.000427 -0.000439 0.027386 -0.033311 0.477848
    192 1.799658 -0.000240 0.000231 0.027386 -0.033311 0.477848
    193 1.799658 -0.000240 0.000231 0.027386 -0.033311 0.477848
    194 1.799658 -0.000240 0.000231 0.027386 -0.033311 0.477848
    195 1.900312 -0.000137 -0.000517 0.027386 -0.033311 0.477848
    196 1.899436 -0.000320 -0.000151 -0.027386 0.033311 0.477848
    197 1.799664 -0.000233 -0.000233 -0.027386 0.033311 0.477848
    198 1.799664 -0.000233 -0.000233 -0.027386 0.033311 0.477848
    199 1.799664 -0.000233 -0.000233 -0.027386 0.033311 0.477848
    200 1.900729 0.000549 -0.000072 -0.027386 0.033311 0.477848
    201 0.599884 0.400188 -0.000027 0.000000 0.000000 0.000000
    202 0.599888 0.400187 0.000031 0.000000 0.000000 -3.141592
    203 0.599503 0.400696 0.000234 0.000000 0.000000 0.000000
    204 0.600399 0.399632 -0.000466 0.000000 0.000000 -3.141592
  time 33
    0 0.000000 0.000000 0.000000 0.000000 0.000000 -1.570796
    1 -0.106323 0.000000 -0.000198 0.000000 0.000000 0.000000
    2 0.000000 0.000000 0.000000 0.000000 0.000000 0.000000
    3 -0.904000 0.000000 -11.806000 0.000000 0.000000 0.000000
    4 0.000000 0.000000 -14.313999 0.000000 -1.570796 1.570857
    5 3.533001 0.000000 0.000000 0.000000 0.000000 0.000000
    6 6.250000 0.000000 0.000000 0.000000 0.000000 0.000000
    7 4.113281 8.804688 -0.248413 -1.153277 1.547377 -1.153364
    8 10.984375 9.125000 5.437500 0.056466 -1.182281 -0.052462
    9 5.790726 0.002787 -0.000113 -0.940540 0.002790 -1.685796
    10 5.999492 -0.000592 -4.000343 0.000000 0.000000 0.000000
    11 5.791316 0.006489 0.004799 1.199069 -0.235869 -1.911800
    12 5.999492 -0.000592 4.000336 0.000000 0.000000 0.000000
    13 0.500225 0.000133 -0.000088 0.084689 -0.000036 0.000000
    14 11.534559 0.000348 -0.001312 -0.000017 0.000009 -0.545866
    15 -0.829338 0.893824 0.079659 -0.148839 0.047645 0.087266
    16 0.500225 0.000132 0.000076 -0.254233 0.000000 0.000000
    17 11.532495 0.004432 -0.000089 0.000006 -0.000022 -0.485507
    18 -0.829586 0.894698 -0.079464 0.045377 -0.019621 0.087266
    19 10.599884 0.000105 -0.000553 -1.147489 0.000036 -0.000024
    20 0.080601 -0.282994 -0.000805 -0.000012 0.000011 0.273480
    21 11.042057 0.003717 0.004704 -1.014715 0.123005 0.592057
    22 -1.214832 0.203470 -0.477489 -0.135025 -0.078677 -0.001289
    23 10.599880 0.000105 0.000549 0.077647 0.000000 0.000000
    24 0.072787 -0.290806 0.000801 -0.000012 0.000001 0.243530
    25 11.041742 0.003171 -0.000571 0.101189 0.709241 0.210972
    26 -1.063377 0.077663 0.150230 0.045121 0.020046 -0.012850
    27 0.610302 -0.939470 0.070343 -1.654739 -0.083535 -0.180434
    28 0.639940 -0.199121 0.060188 -1.665451 -0.069887 -0.072283
    29 0.600155 1.080261 -0.339535 -1.744123 0.106109 0.045640
    30 0.610207 0.400743 -0.010101 -1.761945 0.010568 0.028958
    31 0.629395 -0.689453 -0.229736 0.059917 -0.073984 -0.756749
    32 -0.792125 0.203736 0.461300 1.439074 -0.003453 -0.018305
    33 0.610300 -0.939469 -0.070351 1.655337 0.139986 -0.175678
    34 0.639937 -0.199121 -0.060200 1.665952 0.131308 -0.066502
    35 0.600098 1.130859 0.033752 1.738057 -0.020761 0.107329
    36 0.610205 0.400743 0.010086 1.762348 0.061543 0.042962
    37 0.629395 -0.689453 0.230347 -0.750747 -0.567048 -0.967115
    38 -0.626031 -0.069983 -0.080517 -1.447153 0.086151 0.021559
    39 2.621377 -0.002532 -0.005345 -0.312987 -0.065154 1.007890
    40 2.664743 0.000397 -0.000071 -0.262320 0.076025 1.167265
    41 2.206394 0.003368 -0.006769 -0.279028 0.180708 0.987580
    42 0.599952 0.959240 -0.300102 -0.174544 0.000000 0.000000
    43 2.557190 -0.005873 0.006359 -0.096580 0.126304 1.152732
    44 2.095024 -0.003873 -0.002193 -0.235265 0.301109 0.566386
    45 0.999512 0.000622 -1.241211 -0.000001 0.000000 0.000000
    46 -0.122639 -0.721856 0.661690 -0.486644 0.223964 0.243056
    47 2.619141 0.000140 -0.000401 0.055587 0.402473 0.372934
    48 2.658203 0.000782 0.000162 0.351904 0.247667 1.152005
    49 2.199219 0.000516 -0.000120 0.245880 -0.018376 1.177006
    50 0.599951 0.959244 0.300102 0.174544 0.000000 0.000000
    51 2.556641 -0.000149 -0.000029 0.273469 0.149728 1.224778
    52 2.095703 -0.000096 -0.000401 0.482182 -0.410387 0.684474
    53 1.000000 0.000055 1.119141 0.000000 0.000000 0.000001
    54 0.310846 -0.606445 -0.498005 0.308107 -0.197598 0.313976
    55 1.873069 -0.004741 -0.000994 -0.000007 0.000004 0.761245
    56 1.200941 0.399582 -0.000237 -0.009465 0.016087 0.007127
    57 0.000586 0.100342 -0.000319 -0.120035 -0.021926 -0.209617
    58 -0.161663 0.051712 0.194808 -2.941982 0.122408 -0.060194
    59 2.010092 -0.003202 -0.003377 0.000042 0.000001 0.941446
    60 0.000240 0.099802 -0.000395 -0.018823 0.010833 -0.239219
    61 -0.203197 0.048607 0.069150 -3.093332 0.033217 -0.046722
    62 1.180428 -0.006214 0.000780 -0.000062 -0.000024 0.570627
    63 -0.000196 0.099625 -0.000034 0.000000 0.000000 -0.314102
    64 -0.088736 -0.688435 -0.145203 2.930407 -0.136130 0.513013
    65 1.712069 0.000578 0.003818 0.000023 -0.000021 0.696646
    66 -0.000580 0.100145 -0.000311 -0.010912 0.023129 -0.260841
    67 -0.146030 -0.232426 -0.014225 3.028455 -0.094299 0.113020
    68 1.290632 0.000362 -0.000032 -0.000012 0.000024 -0.148127
    69 -0.658121 -0.003575 0.072645 -0.142711 0.027792 -0.077299
    70 1.867188 -0.000058 0.000524 0.000000 0.000000 0.941376
    71 1.200079 0.399944 -0.000093 0.009465 -0.016087 0.007127
    72 0.000591 0.100342 0.000319 0.120035 0.021926 -0.209617
    73 0.068077 0.002285 -0.080050 3.111376 -0.069366 -0.060847
    74 2.007813 -0.000883 -0.000380 -0.000044 0.000040 1.464654
    75 0.000229 0.099802 0.000395 0.018823 -0.010833 -0.239219
    76 -0.018673 -0.001009 0.047544 3.109244 0.002635 -0.106673
    77 1.178665 0.001595 0.000845 -0.000022 -0.000053 0.807088
    78 -0.000198 0.099628 0.000034 0.000000 0.000000 -0.314102
    79 0.036892 -0.634449 0.266284 -2.801062 0.174301 0.490914
    80 1.708008 0.000721 0.000201 -0.000034 -0.000048 1.238445
    81 -0.000576 0.100136 0.000311 0.010912 -0.023129 -0.260841
    82 -0.003952 -0.281811 0.115047 -3.059162 0.089004 0.167964
    83 1.290039 0.000364 -0.000046 -0.000058 0.000014 0.465379
    84 -0.171528 -0.018148 -0.099873 0.013484 -0.062184 -0.011780
    85 0.912716 0.007240 0.001326 0.000019 0.000021 0.884366
    86 -0.342617 0.053404 -0.025571 -2.909301 -0.017248 0.075276
    87 1.099609 -0.000426 0.000134 0.000000 0.000000 0.361714
    88 -0.384983 0.330998 0.006848 -3.087207 -0.018765 -0.184279
    89 0.678146 0.006192 0.000002 -0.000006 0.000017 0.352200
    90 -0.123848 0.072737 0.029507 2.898184 -0.060627 0.094834
    91 1.017166 -0.000154 -0.000252 -0.000011 0.000022 0.325859
    92 -0.344986 0.123129 0.143151 2.994981 0.012396 0.059140
    93 -0.730988 0.177046 0.039141 -0.123731 0.076518 -0.084310
    94 0.925900 0.005205 -0.000896 0.000022 -0.000011 0.484986
    95 -0.124027 -0.052092 0.038496 3.077813 -0.008519 0.039229
    96 1.098633 0.000007 0.000469 0.000000 0.000000 0.904169
    97 -0.330082 0.160641 0.042780 3.128073 0.034033 -0.171236
    98 0.678711 -0.000813 0.000174 0.000000 0.000000 0.937064
    99 -0.019516 -0.016531 0.038578 -2.763781 0.050305 0.076828
    100 1.018891 0.001206 0.001121 0.000054 -0.000029 0.984549
    101 -0.155312 0.130643 -0.021921 -3.022466 0.022433 -0.024903
    102 -0.252209 0.061937 -0.024914 -0.007671 -0.063171 -0.044392
    103 -0.085991 0.185203 -0.015180 -2.937063 -0.113970 -0.138991
    104 -0.286537 0.179852 0.024264 -3.109353 -0.049645 -0.029915
    105 -0.019489 0.147084 0.079203 2.893815 0.038585 -0.060594
    106 -0.046482 0.251898 0.129548 3.016165 0.077112 -0.042864
    107 0.039120 -0.040298 0.047739 3.084219 0.030470 -0.037414
    108 -0.233757 0.066630 0.001754 -3.133086 0.040141 -0.065413
    109 0.044266 0.020128 0.001684 -2.778763 -0.118872 -0.040488
    110 0.071495 0.074127 -0.048302 -3.035917 -0.059482 0.104366
    111 -0.734397 -13.074618 -4.558733 -0.357237 -0.002154 -1.573597
    112 4.496231 9.867489 -6.054872 0.071450 -0.854729 -1.398073
    113 -1.142999 -0.001000 0.273999 -1.006101 -0.000004 1.570789
    114 -0.943998 0.000000 1.776996 0.000000 0.000000 0.000000
    115 2.039996 -0.296999 1.310997 0.000000 0.000000 -1.570817
    116 -0.653999 0.000000 -1.549997 0.000000 0.000000 0.000000
    117 4.078125 0.000000 -0.139893 0.000000 0.000000 0.000000
    118 1.636719 0.000000 -0.502441 0.000000 0.000000 0.000000
    119 2.435547 0.000000 0.764160 0.000000 0.000000 0.000000
    120 -0.898998 0.000000 -1.088998 0.000000 0.000000 0.000000
    121 2.025996 -0.001000 0.680999 0.000000 0.000000 1.570816
    122 0.000000 0.000000 0.000000 0.000000 0.000000 -1.570816
    123 0.711998 0.439999 -0.805998 0.000000 0.000000 1.570815
    124 -1.474998 0.000000 0.073000 0.000000 0.000000 1.570816
    125 1.889997 0.409999 0.284999 1.570922 0.000000 0.000000
    126 0.000000 0.000000 0.000000 0.000000 0.000000 0.000000
    127 -0.106000 0.000000 64.320000 0.000000 0.000000 0.000000
    128 0.000000 0.000000 0.000000 0.000000 0.000000 0.000000
    129 0.000000 0.000000 0.000000 -0.001582 0.001366 -0.000395
    130 23.829097 -1.351118 5.692659 -0.357323 -0.002182 -0.002845
    131 0.106000 0.000000 -64.320000 0.000000 0.000000 0.000000
    132 0.000000 0.000000 0.000000 0.000000 0.000000 0.000000
    133 0.000000 0.000000 -4.867002 -3.141592 0.000000 -3.128591
    134 0.000000 0.000000 4.867000 -3.141592 0.000000 -3.128591
    135 4.000000 -6.500000 0.000000 0.000000 0.000000 0.000977
    136 -6.500000 0.000000 0.000000 0.000000 1.570796 0.000000
    137 1.000088 -0.000029 0.000000 0.000000 0.000000 0.000000
    138 17.162516 -0.000404 0.000000 0.000000 0.000000 0.119214
    139 9.999891 -0.000303 0.000000 0.000000 0.000000 0.000000
    140 1.000088 -0.000029 0.000000 0.000000 0.000000 0.000000
    141 17.162516 -0.000404 0.000000 0.000000 0.000000 0.119214
    142 9.499836 0.000212 0.000000 0.000000 0.000000 0.000000
    143 0.000000 0.000000 0.000000 0.000000 0.000000 0.000000
    144 17.749374 0.295515 0.000000 0.000000 0.000000 -1.158958
    145 0.017889 0.299792 0.000000 0.000000 0.000000 -0.059582
    146 12.283573 1.581456 -4.696000 1.462269 -0.086726 0.090185
    147 17.749376 0.295515 0.000000 0.000000 0.000000 -1.158958
    148 0.017889 0.299792 0.000000 0.000000 0.000000 -0.059582
    149 13.354000 0.000000 0.000000 0.000000 0.000000 -0.294101
    150 4.530998 0.000000 0.000000 0.000000 0.000000 0.000000
    151 0.000000 0.000000 0.000000 0.000000 0.000000 0.000000
    152 5.413524 0.000347 0.000000 0.000000 0.000000 -0.518055
    153 5.413524 0.000347 0.000000 0.000000 0.000000 -0.518055
    154 4.662002 -5.366333 4.825191 1.569713 1.561305 -3.121213
    155 3.116966 -0.000443 0.000000 0.000000 0.000000 0.294101
    156 4.531197 0.000000 0.000000 0.000000 0.000000 0.000000
    157 -15.033191 21.692068 -55.190608 0.357314 0.001090 0.003253
    158 -1.605469 0.000000 0.564941 0.000000 0.314098 0.000000
    159 -15.013880 22.016297 -56.058245 -1.146866 -0.357321 1.573723
    160 -1.532227 0.000000 1.130859 -0.262470 -0.000006 1.570749
    161 0.000000 -0.001000 0.000000 0.000000 0.000000 0.000000
    162 3.867000 0.000000 0.228000 0.000000 0.000000 0.000000
    163 3.512001 -3.547000 -1.066000 0.000000 1.570796 0.000000
    164 3.456001 -3.517000 1.169000 0.000000 1.570796 0.000000
    165 6.233002 0.000000 0.000000 0.000000 0.000000 0.000000
    166 -0.171997 -0.106000 -0.902000 1.570713 1.029176 -3.134550
    167 6.241997 -6.380000 0.000000 -0.000395 0.001582 -0.001366
    168 -3.106999 0.000000 0.669000 0.000000 0.000000 0.000000
    169 -3.106999 0.000000 0.741000 0.000000 0.000000 0.000000
    170 -3.252000 0.000000 0.540000 0.000000 0.000000 0.000000
    171 3.999434 -0.000528 -0.000332 -0.573748 0.000043 -0.000035
    172 3.999901 0.000038 0.001011 0.038862 -0.000001 0.000059
    173 1.598000 0.000000 0.000000 0.000000 0.000000 0.000000
    174 -1.145525 0.000130 0.000668 0.000000 0.000000 0.000000
    175 2.299681 -2.499979 -0.599480 0.892021 0.221512 -0.527234
    176 11.970850 -3.105564 -0.100452 1.597558 -0.146651 -0.183948
    177 -9.580679 -27.862110 -37.184673 0.812879 -0.123459 -0.568477
    178 0.649933 -0.548295 0.093651 -1.665913 -0.131399 -0.112062
    179 0.657077 0.008401 0.040371 -1.665945 -0.131407 -0.000013
    180 0.665776 0.747221 -0.029190 -1.665935 -0.131408 0.094976
    181 2.300139 -2.499414 0.600159 -0.891995 -0.221560 -0.527344
    182 12.509592 1.698235 3.564709 1.764030 -0.255070 0.216942
    183 2.762354 0.116951 1.523975 1.629482 0.064153 1.743800
    184 7.228323 7.928203 -3.925652 2.328713 0.123459 -0.568477
    185 0.650394 -0.547730 -0.092979 1.665913 0.131399 -0.112062
    186 0.657069 0.008399 -0.040379 1.665945 0.131407 -0.000013
    187 0.665772 0.747219 0.029182 1.665935 0.131408 0.094976
    188 -4.481003 -0.202000 0.000000 0.000000 0.000000 0.000000
    189 -5.516998 -0.291000 -0.001000 0.000000 0.000000 0.000000
    190 -0.857697 0.104070 0.104687 0.023536 0.163924 0.013632
    191 1.899121 0.000427 -0.000439 0.027386 -0.033311 0.477848
    192 1.799658 -0.000240 0.000231 0.027386 -0.033311 0.477848
    193 1.799658 -0.000240 0.000231 0.027386 -0.033311 0.477848
    194 1.799658 -0.000240 0.000231 0.027386 -0.033311 0.477848
    195 1.900312 -0.000137 -0.000517 0.027386 -0.033311 0.477848
    196 1.899436 -0.000320 -0.000151 -0.027386 0.033311 0.477848
    197 1.799664 -0.000233 -0.000233 -0.027386 0.033311 0.477848
    198 1.799664 -0.000233 -0.000233 -0.027386 0.033311 0.477848
    199 1.799664 -0.000233 -0.000233 -0.027386 0.033311 0.477848
    200 1.900729 0.000549 -0.000072 -0.027386 0.033311 0.477848
    201 0.599884 0.400188 -0.000027 0.000000 0.000000 0.000000
    202 0.599888 0.400187 0.000031 0.000000 0.000000 -3.141592
    203 0.599503 0.400696 0.000234 0.000000 0.000000 0.000000
    204 0.600399 0.399632 -0.000466 0.000000 0.000000 -3.141592
  time 34
    0 0.000000 0.000000 0.000000 0.000000 0.000000 -1.570796
    1 -0.106323 0.000000 -0.000198 0.000000 0.000000 0.000000
    2 0.000000 0.000000 0.000000 0.000000 0.000000 0.000000
    3 -0.904000 0.000000 -11.806000 0.000000 0.000000 0.000000
    4 0.000000 0.000000 -14.313999 0.000000 -1.570796 1.570857
    5 3.533001 0.000000 0.000000 0.000000 0.000000 0.000000
    6 6.250000 0.000000 0.000000 0.000000 0.000000 0.000000
    7 4.113281 8.804688 -0.248413 -1.153277 1.547377 -1.153364
    8 10.984375 9.125000 5.437500 0.056466 -1.182281 -0.052462
    9 5.790726 0.002787 -0.000113 -0.939935 -0.000415 -1.686460
    10 5.999492 -0.000592 -4.000343 0.000000 0.000000 0.000000
    11 5.791316 0.006489 0.004799 1.198867 -0.233785 -1.911800
    12 5.999492 -0.000592 4.000336 0.000000 0.000000 0.000000
    13 0.500225 0.000133 -0.000088 0.084520 -0.000024 0.000000
    14 11.534559 0.004255 -0.001312 -0.000017 0.000009 -0.541131
    15 -0.829338 0.893824 0.079659 -0.148839 0.047645 0.087266
    16 0.500225 0.000132 0.000076 -0.254454 0.000000 0.000000
    17 11.532495 0.004432 -0.000089 0.000006 -0.000022 -0.481991
    18 -0.829586 0.894698 -0.079464 0.045377 -0.019621 0.087266
    19 10.599884 0.000105 -0.000553 -1.147371 0.000012 -0.000036
    20 0.080601 -0.286900 -0.000805 -0.000036 0.000011 0.271515
    21 11.042057 -0.000189 0.004704 -1.014981 0.122305 0.592460
    22 -1.214832 0.203470 -0.477489 -0.135025 -0.078677 -0.001289
    23 10.599880 0.000105 0.000549 0.077738 0.000000 0.000000
    24 0.072787 -0.290806 0.000801 -0.000024 0.000001 0.242466
    25 11.041742 0.003171 -0.000571 0.101955 0.706792 0.210722
    26 -1.063377 0.077663 0.150230 0.045121 0.020046 -0.012850
    27 0.610302 -0.939470 0.070343 -1.654739 -0.083547 -0.180434
    28 0.639940 -0.199121 0.060188 -1.665451 -0.069887 -0.072283
    29 0.600155 1.080261 -0.339535 -1.744123 0.106109 0.045640
    30 0.610207 0.400743 -0.010101 -1.761945 0.010568 0.028970
    31 0.629395 -0.689453 -0.229736 0.059917 -0.073984 -0.756749
    32 -0.792125 0.203736 0.461300 1.439074 -0.003453 -0.018305
    33 0.610300 -0.939469 -0.070351 1.655337 0.139986 -0.175678
    34 0.639937 -0.199121 -0.060200 1.665952 0.131308 -0.066502
    35 0.600098 1.130859 0.033752 1.738057 -0.020761 0.107329
    36 0.610205 0.400743 0.010086 1.762348 0.061543 0.042962
    37 0.629395 -0.689453 0.230347 -0.750747 -0.567048 -0.967115
    38 -0.626031 -0.069983 -0.080517 -1.447153 0.086151 0.021559
    39 2.621377 -0.002532 -0.001438 -0.312987 -0.065154 1.007890
    40 2.660837 0.000397 -0.000071 -0.262320 0.076025 1.167226
    41 2.202488 0.003368 -0.006769 -0.279028 0.180737 0.987580
    42 0.599952 0.959240 -0.300102 -0.174544 0.000000 0.000000
    43 2.557190 -0.001967 0.006359 -0.096566 0.126316 1.152732
    44 2.095024 -0.003873 -0.002193 -0.235253 0.301109 0.566366
    45 0.999512 0.000622 -1.241211 -0.000001 0.000000 0.000000
    46 -0.122639 -0.721856 0.661690 -0.486644 0.223964 0.243056
    47 2.619141 0.000140 -0.000401 0.055587 0.402473 0.372934
    48 2.658203 0.000782 0.000162 0.351904 0.247667 1.152005
    49 2.199219 0.000516 -0.000120 0.245880 -0.018376 1.177006
    50 0.599951 0.959244 0.300102 0.174544 0.000000 0.000000
    51 2.556641 -0.000149 -0.000029 0.273469 0.149728 1.224778
    52 2.095703 -0.000096 -0.000401 0.482182 -0.410387 0.684474
    53 1.000000 0.000055 1.119141 0.000000 0.000000 0.000001
    54 0.310846 -0.606445 -0.498005 0.308107 -0.197598 0.313976
    55 1.873069 -0.000835 -0.004901 -0.000007 0.000004 0.761245
    56 1.200941 0.399582 -0.000237 -0.009465 0.016087 0.007127
    57 0.000586 0.100342 -0.000319 -0.120035 -0.021926 -0.209617
    58 -0.161663 0.051712 0.194808 -2.941982 0.122408 -0.060194
    59 2.010092 -0.007109 -0.007284 0.000054 0.000001 0.941446
    60 0.000240 0.099802 -0.000395 -0.018823 0.010833 -0.239219
    61 -0.203197 0.048607 0.069150 -3.093332 0.033217 -0.046722
    62 1.180428 -0.006214 0.000780 -0.000050 -0.000012 0.570627
    63 -0.000196 0.099625 -0.000034 0.000000 0.000000 -0.314102
    64 -0.088736 -0.688435 -0.145203 2.930407 -0.136130 0.513013
    65 1.712069 0.000578 0.003818 0.000023 -0.000021 0.696613
    66 -0.000580 0.100145 -0.000311 -0.010912 0.023129 -0.260841
    67 -0.146030 -0.232426 -0.014225 3.028455 -0.094299 0.113020
    68 1.290632 0.000362 -0.000032 -0.000012 0.000024 -0.148127
    69 -0.658121 -0.003575 0.072645 -0.142711 0.027792 -0.077299
    70 1.867188 -0.000058 0.000524 0.000000 0.000000 0.941376
    71 1.200079 0.399944 -0.000093 0.009465 -0.016087 0.007127
    72 0.000591 0.100342 0.000319 0.120035 0.021926 -0.209617
    73 0.068077 0.002285 -0.080050 3.111376 -0.069366 -0.060847
    74 2.007813 -0.000883 -0.000380 -0.000044 0.000040 1.464654
    75 0.000229 0.099802 0.000395 0.018823 -0.010833 -0.239219
    76 -0.018673 -0.001009 0.047544 3.109244 0.002635 -0.106673
    77 1.178665 0.001595 0.000845 -0.000022 -0.000053 0.807088
    78 -0.000198 0.099628 0.000034 0.000000 0.000000 -0.314102
    79 0.036892 -0.634449 0.266284 -2.801062 0.174301 0.490914
    80 1.708008 0.000721 0.000201 -0.000034 -0.000048 1.238445
    81 -0.000576 0.100136 0.000311 0.010912 -0.023129 -0.260841
    82 -0.003952 -0.281811 0.115047 -3.059162 0.089004 0.167964
    83 1.290039 0.000364 -0.000046 -0.000058 0.000014 0.465379
    84 -0.171528 -0.018148 -0.099873 0.013484 -0.062184 -0.011780
    85 0.912716 0.007240 0.001326 0.000019 0.000021 0.884313
    86 -0.342617 0.053404 -0.025571 -2.909301 -0.017248 0.075276
    87 1.099609 -0.000426 0.000134 0.000000 0.000000 0.361714
    88 -0.384983 0.330998 0.006848 -3.087207 -0.018765 -0.184279
    89 0.678146 0.006192 0.000002 -0.000018 0.000017 0.352200
    90 -0.123848 0.072737 0.029507 2.898184 -0.060627 0.094834
    91 1.017166 -0.000154 -0.000252 -0.000011 0.000010 0.325859
    92 -0.344986 0.123129 0.143151 2.994981 0.012396 0.059140
    93 -0.730988 0.177046 0.039141 -0.123731 0.076518 -0.084310
    94 0.925900 0.001298 -0.000896 0.000022 -0.000011 0.484986
    95 -0.124027 -0.052092 0.038496 3.077813 -0.008519 0.039229
    96 1.098633 0.000007 0.000469 0.000000 0.000000 0.904169
    97 -0.330082 0.160641 0.042780 3.128073 0.034033 -0.171236
    98 0.678711 -0.000813 0.000174 0.000000 0.000000 0.937064
    99 -0.019516 -0.016531 0.038578 -2.763781 0.050305 0.076828
    100 1.018891 0.001206 0.001121 0.000054 -0.000029 0.984549
    101 -0.155312 0.130643 -0.021921 -3.022466 0.022433 -0.024903
    102 -0.252209 0.061937 -0.024914 -0.007671 -0.063171 -0.044392
    103 -0.085991 0.185203 -0.015180 -2.937063 -0.113970 -0.138991
    104 -0.286537 0.179852 0.024264 -3.109353 -0.049645 -0.029915
    105 -0.019489 0.147084 0.079203 2.893815 0.038585 -0.060594
    106 -0.046482 0.251898 0.129548 3.016165 0.077112 -0.042864
    107 0.039120 -0.040298 0.047739 3.084219 0.030470 -0.037414
    108 -0.233757 0.066630 0.001754 -3.133086 0.040141 -0.065413
    109 0.044266 0.020128 0.001684 -2.778763 -0.118872 -0.040488
    110 0.071495 0.074127 -0.048302 -3.035917 -0.059482 0.104366
    111 -0.730491 -13.090243 -4.550920 -0.357811 -0.000421 -1.572851
    112 4.480605 9.859676 -6.007996 0.071070 -0.852961 -1.396967
    113 -1.142999 -0.001000 0.273999 -1.006101 -0.000004 1.570789
    114 -0.943998 0.000000 1.776996 0.000000 0.000000 0.000000
    115 2.039996 -0.296999 1.310997 0.000000 0.000000 -1.570817
    116 -0.653999 0.000000 -1.549997 0.000000 0.000000 0.000000
    117 4.078125 0.000000 -0.139893 0.000000 0.000000 0.000000
    118 1.636719 0.000000 -0.502441 0.000000 0.000000 0.000000
    119 2.435547 0.000000 0.764160 0.000000 0.000000 0.000000
    120 -0.898998 0.000000 -1.088998 0.000000 0.000000 0.000000
    121 2.025996 -0.001000 0.680999 0.000000 0.000000 1.570816
    122 0.000000 0.000000 0.000000 0.000000 0.000000 -1.570816
    123 0.711998 0.439999 -0.805998 0.000000 0.000000 1.570815
    124 -1.474998 0.000000 0.073000 0.000000 0.000000 1.570816
    125 1.889997 0.409999 0.284999 1.570922 0.000000 0.000000
    126 0.000000 0.000000 0.000000 0.000000 0.000000 0.000000
    127 -0.106000 0.000000 64.320000 0.000000 0.000000 0.000000
    128 0.000000 0.000000 0.000000 0.000000 0.000000 0.000000
    129 0.000000 0.000000 0.000000 -0.000791 0.000671 -0.000204
    130 23.840816 -1.339399 5.680940 -0.357751 -0.000450 -0.001911
    131 0.106000 0.000000 -64.320000 0.000000 0.000000 0.000000
    132 0.000000 0.000000 0.000000 0.000000 0.000000 0.000000
    133 0.000000 0.000000 -4.867002 -3.141592 0.000000 -3.128591
    134 0.000000 0.000000 4.867000 -3.141592 0.000000 -3.128591
    135 4.000000 -6.500000 0.000000 0.000000 0.000000 0.000977
    136 -6.500000 0.000000 0.000000 0.000000 1.570796 0.000000
    137 1.000088 -0.000029 0.000000 0.000000 0.000000 0.000000
    138 17.162516 -0.000404 0.000000 0.000000 0.000000 0.119214
    139 9.999891 -0.000303 0.000000 0.000000 0.000000 0.000000
    140 1.000088 -0.000029 0.000000 0.000000 0.000000 0.000000
    141 17.162516 -0.000404 0.000000 0.000000 0.000000 0.119214
    142 9.499836 0.000212 0.000000 0.000000 0.000000 0.000000
    143 0.000000 0.000000 0.000000 0.000000 0.000000 0.000000
    144 17.749374 0.295515 0.000000 0.000000 0.000000 -1.158958
    145 0.017889 0.299792 0.000000 0.000000 0.000000 -0.059582
    146 12.283573 1.581456 -4.696000 1.462269 -0.086726 0.090185
    147 17.749376 0.295515 0.000000 0.000000 0.000000 -1.158958
    148 0.017889 0.299792 0.000000 0.000000 0.000000 -0.059582
    149 13.354000 0.000000 0.000000 0.000000 0.000000 -0.294101
    150 4.530998 0.000000 0.000000 0.000000 0.000000 0.000000
    151 0.000000 0.000000 0.000000 0.000000 0.000000 0.000000
    152 5.413524 0.000347 0.000000 0.000000 0.000000 -0.518055
    153 5.413524 0.000347 0.000000 0.000000 0.000000 -0.518055
    154 4.662002 -5.366333 4.825191 1.569713 1.561305 -3.121213
    155 3.116966 -0.000443 0.000000 0.000000 0.000000 0.294101
    156 4.531197 0.000000 0.000000 0.000000 0.000000 0.000000
    157 -14.998034 21.738945 -55.206233 0.357592 0.000806 0.001585
    158 -1.605469 0.000000 0.564941 0.000000 0.314098 0.000000
    159 -14.978723 22.059267 -56.069964 -1.147141 -0.357687 1.572132
    160 -1.532227 0.000000 1.130859 -0.262470 -0.000006 1.570749
    161 0.000000 -0.001000 0.000000 0.000000 0.000000 0.000000
    162 3.867000 0.000000 0.228000 0.000000 0.000000 0.000000
    163 3.512001 -3.547000 -1.066000 0.000000 1.570796 0.000000
    164 3.456001 -3.517000 1.169000 0.000000 1.570796 0.000000
    165 6.233002 0.000000 0.000000 0.000000 0.000000 0.000000
    166 -0.171997 -0.106000 -0.902000 1.570713 1.029176 -3.134550
    167 6.241997 -6.380000 0.000000 -0.000204 0.000791 -0.000671
    168 -3.106999 0.000000 0.669000 0.000000 0.000000 0.000000
    169 -3.106999 0.000000 0.741000 0.000000 0.000000 0.000000
    170 -3.252000 0.000000 0.540000 0.000000 0.000000 0.000000
    171 3.999434 -0.000528 -0.000332 -0.573654 0.000031 -0.000047
    172 3.999901 0.000038 0.001011 0.038927 -0.000013 0.000047
    173 1.598000 0.000000 0.000000 0.000000 0.000000 0.000000
    174 -1.145525 0.000130 0.000668 0.000000 0.000000 0.000000
    175 2.299681 -2.499979 -0.599480 0.892021 0.221512 -0.527234
    176 11.970850 -3.105564 -0.100452 1.597558 -0.146651 -0.183948
    177 -9.580679 -27.862110 -37.184673 0.812879 -0.123459 -0.568477
    178 0.649933 -0.548295 0.093651 -1.665913 -0.131399 -0.112062
    179 0.657077 0.008401 0.040371 -1.665945 -0.131407 -0.000013
    180 0.665776 0.747221 -0.029190 -1.665935 -0.131408 0.094976
    181 2.300139 -2.499414 0.600159 -0.891995 -0.221560 -0.527344
    182 12.509592 1.698235 3.564709 1.764030 -0.255070 0.216942
    183 2.762354 0.116951 1.523975 1.629482 0.064153 1.743800
    184 7.228323 7.928203 -3.925652 2.328713 0.123459 -0.568477
    185 0.650394 -0.547730 -0.092979 1.665913 0.131399 -0.112062
    186 0.657069 0.008399 -0.040379 1.665945 0.131407 -0.000013
    187 0.665772 0.747219 0.029182 1.665935 0.131408 0.094976
    188 -4.481003 -0.202000 0.000000 0.000000 0.000000 0.000000
    189 -5.516998 -0.291000 -0.001000 0.000000 0.000000 0.000000
    190 -0.857697 0.104070 0.104687 0.023536 0.163924 0.013632
    191 1.899121 0.000427 -0.000439 0.027386 -0.033311 0.477848
    192 1.799658 -0.000240 0.000231 0.027386 -0.033311 0.477848
    193 1.799658 -0.000240 0.000231 0.027386 -0.033311 0.477848
    194 1.799658 -0.000240 0.000231 0.027386 -0.033311 0.477848
    195 1.900312 -0.000137 -0.000517 0.027386 -0.033311 0.477848
    196 1.899436 -0.000320 -0.000151 -0.027386 0.033311 0.477848
    197 1.799664 -0.000233 -0.000233 -0.027386 0.033311 0.477848
    198 1.799664 -0.000233 -0.000233 -0.027386 0.033311 0.477848
    199 1.799664 -0.000233 -0.000233 -0.027386 0.033311 0.477848
    200 1.900729 0.000549 -0.000072 -0.027386 0.033311 0.477848
    201 0.599884 0.400188 -0.000027 0.000000 0.000000 0.000000
    202 0.599888 0.400187 0.000031 0.000000 0.000000 -3.141592
    203 0.599503 0.400696 0.000234 0.000000 0.000000 0.000000
    204 0.600399 0.399632 -0.000466 0.000000 0.000000 -3.141592
  time 35
    0 0.000000 0.000000 0.000000 0.000000 0.000000 -1.570796
    1 -0.106323 0.000000 -0.000198 0.000000 0.000000 0.000000
    2 0.000000 0.000000 0.000000 0.000000 0.000000 0.000000
    3 -0.904000 0.000000 -11.806000 0.000000 0.000000 0.000000
    4 0.000000 0.000000 -14.313999 0.000000 -1.570796 1.570857
    5 3.533001 0.000000 0.000000 0.000000 0.000000 0.000000
    6 6.250000 0.000000 0.000000 0.000000 0.000000 0.000000
    7 4.113281 8.804688 -0.248413 -1.153277 1.547377 -1.153364
    8 10.984375 9.125000 5.437500 0.056466 -1.182281 -0.052462
    9 5.790726 0.002787 -0.000113 -0.940087 0.000039 -1.686460
    10 5.999492 -0.000592 -4.000343 0.000000 0.000000 0.000000
    11 5.791316 0.006489 0.004799 1.198665 -0.231701 -1.912060
    12 5.999492 -0.000592 4.000336 0.000000 0.000000 0.000000
    13 0.500225 0.000133 -0.000088 0.084351 -0.000024 0.000000
    14 11.534559 0.000348 -0.001312 -0.000017 0.000009 -0.539968
    15 -0.829338 0.893824 0.079659 -0.148839 0.047645 0.087266
    16 0.500225 0.000132 0.000076 -0.254700 0.000000 0.000000
    17 11.532495 0.000526 -0.000089 0.000006 -0.000022 -0.480144
    18 -0.829586 0.894698 -0.079464 0.045377 -0.019621 0.087266
    19 10.599884 0.000105 -0.000553 -1.147253 0.000000 -0.000048
    20 0.080601 -0.282994 -0.000805 -0.000060 0.000011 0.269580
    21 11.042057 0.003717 0.004704 -1.015246 0.121555 0.592817
    22 -1.214832 0.203470 -0.477489 -0.135025 -0.078677 -0.001289
    23 10.599880 0.000105 0.000549 0.077874 0.000000 0.000000
    24 0.072787 -0.290806 0.000801 -0.000036 0.000001 0.241401
    25 11.041742 0.003171 -0.000571 0.101859 0.703911 0.208262
    26 -1.063377 0.077663 0.150230 0.045121 0.020046 -0.012850
    27 0.610302 -0.939470 0.070343 -1.654689 -0.083559 -0.180422
    28 0.639940 -0.199121 0.060188 -1.665451 -0.069887 -0.072295
    29 0.600155 1.080261 -0.339535 -1.744070 0.106097 0.045628
    30 0.610207 0.400743 -0.010101 -1.761945 0.010568 0.028982
    31 0.629395 -0.689453 -0.229736 0.059917 -0.073984 -0.756749
    32 -0.792125 0.203736 0.461300 1.439074 -0.003453 -0.018305
    33 0.610300 -0.939469 -0.070351 1.655337 0.139986 -0.175678
    34 0.639937 -0.199121 -0.060200 1.665952 0.131308 -0.066502
    35 0.600098 1.130859 0.033752 1.738057 -0.020761 0.107329
    36 0.610205 0.400743 0.010086 1.762348 0.061543 0.042962
    37 0.629395 -0.689453 0.230347 -0.750747 -0.567048 -0.967115
    38 -0.626031 -0.069983 -0.080517 -1.447153 0.086151 0.021559
    39 2.621377 -0.002532 -0.001438 -0.312987 -0.065154 1.007890
    40 2.664743 0.000397 -0.000071 -0.262320 0.076013 1.167226
    41 2.206394 0.003368 -0.006769 -0.279028 0.180737 0.987580
    42 0.599952 0.959240 -0.300102 -0.174544 0.000000 0.000000
    43 2.557190 -0.005873 0.006359 -0.096566 0.126328 1.152732
    44 2.095024 -0.003873 -0.002193 -0.235241 0.301109 0.566366
    45 0.999512 0.000622 -1.241211 -0.000001 0.000000 0.000000
    46 -0.122639 -0.721856 0.661690 -0.486644 0.223964 0.243056
    47 2.619141 0.000140 -0.000401 0.055587 0.402473 0.372934
    48 2.658203 0.000782 0.000162 0.351904 0.247667 1.152005
    49 2.199219 0.000516 -0.000120 0.245880 -0.018376 1.177006
    50 0.599951 0.959244 0.300102 0.174544 0.000000 0.000000
    51 2.556641 -0.000149 -0.000029 0.273469 0.149728 1.224778
    52 2.095703 -0.000096 -0.000401 0.482182 -0.410387 0.684474
    53 1.000000 0.000055 1.119141 0.000000 0.000000 0.000001
    54 0.310846 -0.606445 -0.498005 0.308107 -0.197598 0.313976
    55 1.873069 -0.004741 -0.000994 -0.000007 0.000004 0.761245
    56 1.200941 0.399582 -0.000237 -0.009465 0.016087 0.007127
    57 0.000586 0.100342 -0.000319 -0.120035 -0.021926 -0.209617
    58 -0.161663 0.051712 0.194808 -2.941982 0.122408 -0.060194
    59 2.010092 -0.003202 -0.003377 0.000054 0.000001 0.941446
    60 0.000240 0.099802 -0.000395 -0.018823 0.010833 -0.239219
    61 -0.203197 0.048607 0.069150 -3.093332 0.033217 -0.046722
    62 1.180428 -0.006214 0.000780 -0.000038 -0.000012 0.570627
    63 -0.000196 0.099625 -0.000034 0.000000 0.000000 -0.314102
    64 -0.088736 -0.688435 -0.145203 2.930407 -0.136130 0.513013
    65 1.712069 0.000578 0.003818 0.000023 -0.000021 0.696613
    66 -0.000580 0.100145 -0.000311 -0.010912 0.023129 -0.260841
    67 -0.146030 -0.232426 -0.014225 3.028455 -0.094299 0.113020
    68 1.290632 0.000362 -0.000032 -0.000024 0.000012 -0.148127
    69 -0.658121 -0.003575 0.072645 -0.142711 0.027792 -0.077299
    70 1.867188 -0.000058 0.000524 0.000000 0.000000 0.941376
    71 1.200079 0.399944 -0.000093 0.009465 -0.016087 0.007127
    72 0.000591 0.100342 0.000319 0.120035 0.021926 -0.209617
    73 0.068077 0.002285 -0.080050 3.111376 -0.069366 -0.060847
    74 2.007813 -0.000883 -0.000380 -0.000044 0.000040 1.464654
    75 0.000229 0.099802 0.000395 0.018823 -0.010833 -0.239219
    76 -0.018673 -0.001009 0.047544 3.109244 0.002635 -0.106673
    77 1.178665 0.001595 0.000845 -0.000022 -0.000053 0.807088
    78 -0.000198 0.099628 0.000034 0.000000 0.000000 -0.314102
    79 0.036892 -0.634449 0.266284 -2.801062 0.174301 0.490914
    80 1.708008 0.000721 0.000201 -0.000034 -0.000048 1.238445
    81 -0.000576 0.100136 0.000311 0.010912 -0.023129 -0.260841
    82 -0.003952 -0.281811 0.115047 -3.059162 0.089004 0.167964
    83 1.290039 0.000364 -0.000046 -0.000058 0.000014 0.465379
    84 -0.171528 -0.018148 -0.099873 0.013484 -0.062184 -0.011780
    85 0.912716 0.007240 0.001326 0.000019 0.000021 0.884313
    86 -0.342617 0.053404 -0.025571 -2.909301 -0.017248 0.075276
    87 1.099609 -0.000426 0.000134 0.000000 0.000000 0.361714
    88 -0.384983 0.330998 0.006848 -3.087207 -0.018765 -0.184279
    89 0.678146 0.006192 0.000002 -0.000018 0.000005 0.352200
    90 -0.123848 0.072737 0.029507 2.898184 -0.060627 0.094834
    91 1.017166 -0.000154 -0.000252 -0.000011 0.000010 0.325859
    92 -0.344986 0.123129 0.143151 2.994981 0.012396 0.059140
    93 -0.730988 0.177046 0.039141 -0.123731 0.076518 -0.084310
    94 0.925900 0.005205 -0.000896 0.000034 -0.000011 0.484957
    95 -0.124027 -0.052092 0.038496 3.077813 -0.008519 0.039229
    96 1.098633 0.000007 0.000469 0.000000 0.000000 0.904169
    97 -0.330082 0.160641 0.042780 3.128073 0.034033 -0.171236
    98 0.678711 -0.000813 0.000174 0.000000 0.000000 0.937064
    99 -0.019516 -0.016531 0.038578 -2.763781 0.050305 0.076828
    100 1.018891 0.001206 0.001121 0.000054 -0.000029 0.984570
    101 -0.155312 0.130643 -0.021921 -3.022466 0.022433 -0.024903
    102 -0.252209 0.061937 -0.024914 -0.007671 -0.063171 -0.044392
    103 -0.085991 0.185203 -0.015180 -2.937063 -0.113970 -0.138991
    104 -0.286537 0.179852 0.024264 -3.109353 -0.049645 -0.029915
    105 -0.019489 0.147084 0.079203 2.893815 0.038585 -0.060594
    106 -0.046482 0.251898 0.129548 3.016165 0.077112 -0.042864
    107 0.039120 -0.040298 0.047739 3.084219 0.030470 -0.037414
    108 -0.233757 0.066630 0.001754 -3.133086 0.040141 -0.065413
    109 0.044266 0.020128 0.001684 -2.778763 -0.118872 -0.040488
    110 0.071495 0.074127 -0.048302 -3.035917 -0.059482 0.104366
    111 -0.707053 -13.094150 -4.523576 -0.357619 -0.000796 -1.569489
    112 4.422010 9.875301 -5.992370 0.071222 -0.853334 -1.393649
    113 -1.142999 -0.001000 0.273999 -1.006101 -0.000004 1.570789
    114 -0.943998 0.000000 1.776996 0.000000 0.000000 0.000000
    115 2.039996 -0.296999 1.310997 0.000000 0.000000 -1.570817
    116 -0.653999 0.000000 -1.549997 0.000000 0.000000 0.000000
    117 4.078125 0.000000 -0.139893 0.000000 0.000000 0.000000
    118 1.636719 0.000000 -0.502441 0.000000 0.000000 0.000000
    119 2.435547 0.000000 0.764160 0.000000 0.000000 0.000000
    120 -0.898998 0.000000 -1.088998 0.000000 0.000000 0.000000
    121 2.025996 -0.001000 0.680999 0.000000 0.000000 1.570816
    122 0.000000 0.000000 0.000000 0.000000 0.000000 -1.570816
    123 0.711998 0.439999 -0.805998 0.000000 0.000000 1.570815
    124 -1.474998 0.000000 0.073000 0.000000 0.000000 1.570816
    125 1.889997 0.409999 0.284999 1.570922 0.000000 0.000000
    126 0.000000 0.000000 0.000000 0.000000 0.000000 0.000000
    127 -0.106000 0.000000 64.320000 0.000000 0.000000 0.000000
    128 0.000000 0.000000 0.000000 0.000000 0.000000 0.000000
    129 0.000000 0.000000 0.000000 0.000000 0.000000 0.000000
    130 23.844723 -1.296429 5.704378 -0.357666 -0.000777 0.001264
    131 0.106000 0.000000 -64.320000 0.000000 0.000000 0.000000
    132 0.000000 0.000000 0.000000 0.000000 0.000000 0.000000
    133 0.000000 0.000000 -4.867002 -3.141592 0.000000 -3.128591
    134 0.000000 0.000000 4.867000 -3.141592 0.000000 -3.128591
    135 4.000000 -6.500000 0.000000 0.000000 0.000000 0.000977
    136 -6.500000 0.000000 0.000000 0.000000 1.570796 0.000000
    137 1.000088 -0.000029 0.000000 0.000000 0.000000 0.000000
    138 17.162516 -0.000404 0.000000 0.000000 0.000000 0.119214
    139 9.999891 -0.000303 0.000000 0.000000 0.000000 0.000000
    140 1.000088 -0.000029 0.000000 0.000000 0.000000 0.000000
    141 17.162516 -0.000404 0.000000 0.000000 0.000000 0.119214
    142 9.499836 0.000212 0.000000 0.000000 0.000000 0.000000
    143 0.000000 0.000000 0.000000 0.000000 0.000000 0.000000
    144 17.749374 0.295515 0.000000 0.000000 0.000000 -1.158958
    145 0.017889 0.299792 0.000000 0.000000 0.000000 -0.059582
    146 12.283573 1.581456 -4.696000 1.462269 -0.086726 0.090185
    147 17.749376 0.295515 0.000000 0.000000 0.000000 -1.158958
    148 0.017889 0.299792 0.000000 0.000000 0.000000 -0.059582
    149 13.354000 0.000000 0.000000 0.000000 0.000000 -0.294101
    150 4.530998 0.000000 0.000000 0.000000 0.000000 0.000000
    151 0.000000 0.000000 0.000000 0.000000 0.000000 0.000000
    152 5.413524 0.000347 0.000000 0.000000 0.000000 -0.518055
    153 5.413524 0.000347 0.000000 0.000000 0.000000 -0.518055
    154 4.662002 -5.366333 4.825191 1.569713 1.561305 -3.121213
    155 3.116966 -0.000443 0.000000 0.000000 0.000000 0.294101
    156 4.531197 0.000000 0.000000 0.000000 0.000000 0.000000
    157 -14.939438 21.801447 -55.190608 0.358147 0.000570 0.000000
    158 -1.605469 0.000000 0.564941 0.000000 0.314098 0.000000
    159 -14.916221 22.121769 -56.058245 -1.147486 -0.358143 1.570489
    160 -1.532227 0.000000 1.130859 -0.262470 -0.000006 1.570749
    161 0.000000 -0.001000 0.000000 0.000000 0.000000 0.000000
    162 3.867000 0.000000 0.228000 0.000000 0.000000 0.000000
    163 3.512001 -3.547000 -1.066000 0.000000 1.570796 0.000000
    164 3.456001 -3.517000 1.169000 0.000000 1.570796 0.000000
    165 6.233002 0.000000 0.000000 0.000000 0.000000 0.000000
    166 -0.171997 -0.106000 -0.902000 1.570713 1.029176 -3.134550
    167 6.241997 -6.380000 0.000000 0.000000 0.000000 0.000000
    168 -3.106999 0.000000 0.669000 0.000000 0.000000 0.000000
    169 -3.106999 0.000000 0.741000 0.000000 0.000000 0.000000
    170 -3.252000 0.000000 0.540000 0.000000 0.000000 0.000000
    171 3.999434 -0.000528 -0.000332 -0.573607 0.000019 -0.000047
    172 3.999901 0.000038 0.001011 0.038991 -0.000025 0.000035
    173 1.598000 0.000000 0.000000 0.000000 0.000000 0.000000
    174 -1.145525 0.000130 0.000668 0.000000 0.000000 0.000000
    175 2.299681 -2.499979 -0.599480 0.892021 0.221512 -0.527234
    176 11.970850 -3.105564 -0.100452 1.597558 -0.146651 -0.183948
    177 -9.580679 -27.862110 -37.184673 0.812879 -0.123459 -0.568477
    178 0.649933 -0.548295 0.093651 -1.665913 -0.131399 -0.112062
    179 0.657077 0.008401 0.040371 -1.665945 -0.131407 -0.000013
    180 0.665776 0.747221 -0.029190 -1.665935 -0.131408 0.094976
    181 2.300139 -2.499414 0.600159 -0.891995 -0.221560 -0.527344
    182 12.509592 1.698235 3.564709 1.764030 -0.255070 0.216942
    183 2.762354 0.116951 1.523975 1.629482 0.064153 1.743800
    184 7.228323 7.928203 -3.925652 2.328713 0.123459 -0.568477
    185 0.650394 -0.547730 -0.092979 1.665913 0.131399 -0.112062
    186 0.657069 0.008399 -0.040379 1.665945 0.131407 -0.000013
    187 0.665772 0.747219 0.029182 1.665935 0.131408 0.094976
    188 -4.481003 -0.202000 0.000000 0.000000 0.000000 0.000000
    189 -5.516998 -0.291000 -0.001000 0.000000 0.000000 0.000000
    190 -0.857697 0.104070 0.104687 0.023536 0.163924 0.013632
    191 1.899121 0.000427 -0.000439 0.027386 -0.033311 0.477848
    192 1.799658 -0.000240 0.000231 0.027386 -0.033311 0.477848
    193 1.799658 -0.000240 0.000231 0.027386 -0.033311 0.477848
    194 1.799658 -0.000240 0.000231 0.027386 -0.033311 0.477848
    195 1.900312 -0.000137 -0.000517 0.027386 -0.033311 0.477848
    196 1.899436 -0.000320 -0.000151 -0.027386 0.033311 0.477848
    197 1.799664 -0.000233 -0.000233 -0.027386 0.033311 0.477848
    198 1.799664 -0.000233 -0.000233 -0.027386 0.033311 0.477848
    199 1.799664 -0.000233 -0.000233 -0.027386 0.033311 0.477848
    200 1.900729 0.000549 -0.000072 -0.027386 0.033311 0.477848
    201 0.599884 0.400188 -0.000027 0.000000 0.000000 0.000000
    202 0.599888 0.400187 0.000031 0.000000 0.000000 -3.141592
    203 0.599503 0.400696 0.000234 0.000000 0.000000 0.000000
    204 0.600399 0.399632 -0.000466 0.000000 0.000000 -3.141592
  time 36
    0 0.000000 0.000000 0.000000 0.000000 0.000000 -1.570796
    1 -0.106323 0.000000 -0.000198 0.000000 0.000000 0.000000
    2 0.000000 0.000000 0.000000 0.000000 0.000000 0.000000
    3 -0.904000 0.000000 -11.806000 0.000000 0.000000 0.000000
    4 0.000000 0.000000 -14.313999 0.000000 -1.570796 1.570857
    5 3.533001 0.000000 0.000000 0.000000 0.000000 0.000000
    6 6.250000 0.000000 0.000000 0.000000 0.000000 0.000000
    7 4.113281 8.804688 -0.248413 -1.153277 1.547377 -1.153364
    8 10.984375 9.125000 5.437500 0.056466 -1.182281 -0.052462
    9 5.790726 0.002787 -0.000113 -0.940238 0.000436 -1.686460
    10 5.999492 -0.000592 -4.000343 0.000000 0.000000 0.000000
    11 5.791316 0.006489 0.004799 1.198867 -0.231747 -1.912320
    12 5.999492 -0.000592 4.000336 0.000000 0.000000 0.000000
    13 0.500225 0.000133 -0.000088 0.084154 -0.000012 0.000000
    14 11.534559 0.000348 -0.001312 -0.000017 0.000009 -0.538888
    15 -0.829338 0.893824 0.079659 -0.148839 0.047645 0.087266
    16 0.500225 0.000132 0.000076 -0.254921 0.000000 0.000000
    17 11.532495 0.004432 -0.000089 0.000006 -0.000022 -0.478386
    18 -0.829586 0.894698 -0.079464 0.045377 -0.019621 0.087266
    19 10.599884 0.000105 -0.000553 -1.147018 0.000000 -0.000048
    20 0.080601 -0.282994 -0.000805 -0.000036 -0.000001 0.269937
    21 11.042057 0.003717 0.004704 -1.015445 0.120805 0.593130
    22 -1.214832 0.203470 -0.477489 -0.135025 -0.078677 -0.001289
    23 10.599880 0.000105 0.000549 0.078101 -0.000012 0.000000
    24 0.072787 -0.290806 0.000801 -0.000048 0.000001 0.240337
    25 11.041742 0.003171 -0.000571 0.101428 0.702730 0.206136
    26 -1.063377 0.077663 0.150230 0.045121 0.020046 -0.012850
    27 0.610302 -0.939470 0.070343 -1.654689 -0.083571 -0.180422
    28 0.639940 -0.199121 0.060188 -1.665451 -0.069899 -0.072295
    29 0.600155 1.080261 -0.339535 -1.744070 0.106097 0.045628
    30 0.610207 0.400743 -0.010101 -1.761945 0.010568 0.028982
    31 0.629395 -0.689453 -0.229736 0.059917 -0.073984 -0.756749
    32 -0.792125 0.203736 0.461300 1.439074 -0.003453 -0.018305
    33 0.610300 -0.939469 -0.070351 1.655337 0.139986 -0.175678
    34 0.639937 -0.199121 -0.060200 1.665952 0.131308 -0.066502
    35 0.600098 1.130859 0.033752 1.738057 -0.020761 0.107329
    36 0.610205 0.400743 0.010086 1.762348 0.061543 0.042962
    37 0.629395 -0.689453 0.230347 -0.750747 -0.567048 -0.967115
    38 -0.626031 -0.069983 -0.080517 -1.447153 0.086151 0.021559
    39 2.625284 -0.002532 -0.001438 -0.312987 -0.065154 1.007890
    40 2.664743 0.000397 -0.000071 -0.262320 0.076013 1.167226
    41 2.206394 0.003368 -0.006769 -0.279016 0.180737 0.987580
    42 0.599952 0.959240 -0.300102 -0.174544 0.000000 0.000000
    43 2.553283 -0.005873 0.006359 -0.096552 0.126328 1.152693
    44 2.095024 -0.003873 -0.002193 -0.235241 0.301109 0.566366
    45 0.999512 0.000622 -1.241211 -0.000001 0.000000 0.000000
    46 -0.122639 -0.721856 0.661690 -0.486644 0.223964 0.243056
    47 2.619141 0.000140 -0.000401 0.055587 0.402473 0.372934
    48 2.658203 0.000782 0.000162 0.351904 0.247667 1.152005
    49 2.199219 0.000516 -0.000120 0.245880 -0.018376 1.177006
    50 0.599951 0.959244 0.300102 0.174544 0.000000 0.000000
    51 2.556641 -0.000149 -0.000029 0.273469 0.149728 1.224778
    52 2.095703 -0.000096 -0.000401 0.482182 -0.410387 0.684474
    53 1.000000 0.000055 1.119141 0.000000 0.000000 0.000001
    54 0.310846 -0.606445 -0.498005 0.308107 -0.197598 0.313976
    55 1.873069 -0.000835 -0.004901 -0.000007 0.000004 0.761245
    56 1.200941 0.399582 -0.000237 -0.009465 0.016087 0.007127
    57 0.000586 0.100342 -0.000319 -0.120035 -0.021926 -0.209617
    58 -0.161663 0.051712 0.194808 -2.941982 0.122408 -0.060194
    59 2.010092 -0.007109 -0.007284 0.000054 0.000001 0.941481
    60 0.000240 0.099802 -0.000395 -0.018823 0.010833 -0.239219
    61 -0.203197 0.048607 0.069150 -3.093332 0.033217 -0.046722
    62 1.180428 -0.006214 0.000780 -0.000026 -0.000012 0.570627
    63 -0.000196 0.099625 -0.000034 0.000000 0.000000 -0.314102
    64 -0.088736 -0.688435 -0.145203 2.930407 -0.136130 0.513013
    65 1.712069 0.000578 0.003818 0.000023 -0.000021 0.696613
    66 -0.000580 0.100145 -0.000311 -0.010912 0.023129 -0.260841
    67 -0.146030 -0.232426 -0.014225 3.028455 -0.094299 0.113020
    68 1.290632 0.000362 -0.000032 -0.000024 0.000012 -0.148127
    69 -0.658121 -0.003575 0.072645 -0.142711 0.027792 -0.077299
    70 1.867188 -0.000058 0.000524 0.000000 0.000000 0.941376
    71 1.200079 0.399944 -0.000093 0.009465 -0.016087 0.007127
    72 0.000591 0.100342 0.000319 0.120035 0.021926 -0.209617
    73 0.068077 0.002285 -0.080050 3.111376 -0.069366 -0.060847
    74 2.007813 -0.000883 -0.000380 -0.000044 0.000040 1.464654
    75 0.000229 0.099802 0.000395 0.018823 -0.010833 -0.239219
    76 -0.018673 -0.001009 0.047544 3.109244 0.002635 -0.106673
    77 1.178665 0.001595 0.000845 -0.000022 -0.000053 0.807088
    78 -0.000198 0.099628 0.000034 0.000000 0.000000 -0.314102
    79 0.036892 -0.634449 0.266284 -2.801062 0.174301 0.490914
    80 1.708008 0.000721 0.000201 -0.000034 -0.000048 1.238445
    81 -0.000576 0.100136 0.000311 0.010912 -0.023129 -0.260841
    82 -0.003952 -0.281811 0.115047 -3.059162 0.089004 0.167964
    83 1.290039 0.000364 -0.000046 -0.000058 0.000014 0.465379
    84 -0.171528 -0.018148 -0.099873 0.013484 -0.062184 -0.011780
    85 0.912716 0.007240 0.001326 0.000019 0.000021 0.884313
    86 -0.342617 0.053404 -0.025571 -2.909301 -0.017248 0.075276
    87 1.099609 -0.000426 0.000134 0.000000 0.000000 0.361714
    88 -0.384983 0.330998 0.006848 -3.087207 -0.018765 -0.184279
    89 0.678146 0.006192 0.000002 -0.000018 0.000005 0.352200
    90 -0.123848 0.072737 0.029507 2.898184 -0.060627 0.094834
    91 1.017166 -0.000154 -0.000252 -0.000011 -0.000002 0.325888
    92 -0.344986 0.123129 0.143151 2.994981 0.012396 0.059140
    93 -0.730988 0.177046 0.039141 -0.123731 0.076518 -0.084310
    94 0.925900 0.001298 -0.000896 0.000034 -0.000011 0.484986
    95 -0.124027 -0.052092 0.038496 3.077813 -0.008519 0.039229
    96 1.098633 0.000007 0.000469 0.000000 0.000000 0.904169
    97 -0.330082 0.160641 0.042780 3.128073 0.034033 -0.171236
    98 0.678711 -0.000813 0.000174 0.000000 0.000000 0.937064
    99 -0.019516 -0.016531 0.038578 -2.763781 0.050305 0.076828
    100 1.018891 0.001206 0.001121 0.000054 -0.000029 0.984549
    101 -0.155312 0.130643 -0.021921 -3.022466 0.022433 -0.024903
    102 -0.252209 0.061937 -0.024914 -0.007671 -0.063171 -0.044392
    103 -0.085991 0.185203 -0.015180 -2.937063 -0.113970 -0.138991
    104 -0.286537 0.179852 0.024264 -3.109353 -0.049645 -0.029915
    105 -0.019489 0.147084 0.079203 2.893815 0.038585 -0.060594
    106 -0.046482 0.251898 0.129548 3.016165 0.077112 -0.042864
    107 0.039120 -0.040298 0.047739 3.084219 0.030470 -0.037414
    108 -0.233757 0.066630 0.001754 -3.133086 0.040141 -0.065413
    109 0.044266 0.020128 0.001684 -2.778763 -0.118872 -0.040488
    110 0.071495 0.074127 -0.048302 -3.035917 -0.059482 0.104366
    111 -0.710959 -13.098056 -4.547014 -0.357906 0.000047 -1.568275
    112 4.398572 9.875301 -5.996277 0.070995 -0.852357 -1.392359
    113 -1.142999 -0.001000 0.273999 -1.006101 -0.000004 1.570789
    114 -0.943998 0.000000 1.776996 0.000000 0.000000 0.000000
    115 2.039996 -0.296999 1.310997 0.000000 0.000000 -1.570817
    116 -0.653999 0.000000 -1.549997 0.000000 0.000000 0.000000
    117 4.078125 0.000000 -0.139893 0.000000 0.000000 0.000000
    118 1.636719 0.000000 -0.502441 0.000000 0.000000 0.000000
    119 2.435547 0.000000 0.764160 0.000000 0.000000 0.000000
    120 -0.898998 0.000000 -1.088998 0.000000 0.000000 0.000000
    121 2.025996 -0.001000 0.680999 0.000000 0.000000 1.570816
    122 0.000000 0.000000 0.000000 0.000000 0.000000 -1.570816
    123 0.711998 0.439999 -0.805998 0.000000 0.000000 1.570815
    124 -1.474998 0.000000 0.073000 0.000000 0.000000 1.570816
    125 1.889997 0.409999 0.284999 1.570922 0.000000 0.000000
    126 0.000000 0.000000 0.000000 0.000000 0.000000 0.000000
    127 -0.106000 0.000000 64.320000 0.000000 0.000000 0.000000
    128 0.000000 0.000000 0.000000 0.000000 0.000000 0.000000
    129 0.000000 0.000000 0.000000 0.000000 0.000000 0.000000
    130 23.844723 -1.280803 5.673127 -0.358009 0.000112 0.002478
    131 0.106000 0.000000 -64.320000 0.000000 0.000000 0.000000
    132 0.000000 0.000000 0.000000 0.000000 0.000000 0.000000
    133 0.000000 0.000000 -4.867002 -3.141592 0.000000 -3.128591
    134 0.000000 0.000000 4.867000 -3.141592 0.000000 -3.128591
    135 4.000000 -6.500000 0.000000 0.000000 0.000000 0.000977
    136 -6.500000 0.000000 0.000000 0.000000 1.570796 0.000000
    137 1.000088 -0.000029 0.000000 0.000000 0.000000 0.000000
    138 17.162516 -0.000404 0.000000 0.000000 0.000000 0.119214
    139 9.999891 -0.000303 0.000000 0.000000 0.000000 0.000000
    140 1.000088 -0.000029 0.000000 0.000000 0.000000 0.000000
    141 17.162516 -0.000404 0.000000 0.000000 0.000000 0.119214
    142 9.499836 0.000212 0.000000 0.000000 0.000000 0.000000
    143 0.000000 0.000000 0.000000 0.000000 0.000000 0.000000
    144 17.749374 0.295515 0.000000 0.000000 0.000000 -1.158958
    145 0.017889 0.299792 0.000000 0.000000 0.000000 -0.059582
    146 12.283573 1.581456 -4.696000 1.462269 -0.086726 0.090185
    147 17.749376 0.295515 0.000000 0.000000 0.000000 -1.158958
    148 0.017889 0.299792 0.000000 0.000000 0.000000 -0.059582
    149 13.354000 0.000000 0.000000 0.000000 0.000000 -0.294101
    150 4.530998 0.000000 0.000000 0.000000 0.000000 0.000000
    151 0.000000 0.000000 0.000000 0.000000 0.000000 0.000000
    152 5.413524 0.000347 0.000000 0.000000 0.000000 -0.518055
    153 5.413524 0.000347 0.000000 0.000000 0.000000 -0.518055
    154 4.662002 -5.366333 4.825191 1.569713 1.561305 -3.121213
    155 3.116966 -0.000443 0.000000 0.000000 0.000000 0.294101
    156 4.531197 0.000000 0.000000 0.000000 0.000000 0.000000
    157 -14.904281 21.824885 -55.174982 0.358424 0.000381 -0.001835
    158 -1.605469 0.000000 0.564941 0.000000 0.314098 0.000000
    159 -14.884970 22.153020 -56.038713 -1.147623 -0.358554 1.568845
    160 -1.532227 0.000000 1.130859 -0.262470 -0.000006 1.570749
    161 0.000000 -0.001000 0.000000 0.000000 0.000000 0.000000
    162 3.867000 0.000000 0.228000 0.000000 0.000000 0.000000
    163 3.512001 -3.547000 -1.066000 0.000000 1.570796 0.000000
    164 3.456001 -3.517000 1.169000 0.000000 1.570796 0.000000
    165 6.233002 0.000000 0.000000 0.000000 0.000000 0.000000
    166 -0.171997 -0.106000 -0.902000 1.570713 1.029176 -3.134550
    167 6.241997 -6.380000 0.000000 0.000000 0.000000 0.000000
    168 -3.106999 0.000000 0.669000 0.000000 0.000000 0.000000
    169 -3.106999 0.000000 0.741000 0.000000 0.000000 0.000000
    170 -3.252000 0.000000 0.540000 0.000000 0.000000 0.000000
    171 3.999434 -0.000528 -0.000332 -0.573514 0.000007 -0.000047
    172 3.999901 0.000038 0.001011 0.039055 -0.000037 0.000023
    173 1.598000 0.000000 0.000000 0.000000 0.000000 0.000000
    174 -1.145525 0.000130 0.000668 0.000000 0.000000 0.000000
    175 2.299681 -2.499979 -0.599480 0.892021 0.221512 -0.527234
    176 11.970850 -3.105564 -0.100452 1.597558 -0.146651 -0.183948
    177 -9.580679 -27.862110 -37.184673 0.812879 -0.123459 -0.568477
    178 0.649933 -0.548295 0.093651 -1.665913 -0.131399 -0.112062
    179 0.657077 0.008401 0.040371 -1.665945 -0.131407 -0.000013
    180 0.665776 0.747221 -0.029190 -1.665935 -0.131408 0.094976
    181 2.300139 -2.499414 0.600159 -0.891995 -0.221560 -0.527344
    182 12.509592 1.698235 3.564709 1.764030 -0.255070 0.216942
    183 2.762354 0.116951 1.523975 1.629482 0.064153 1.743800
    184 7.228323 7.928203 -3.925652 2.328713 0.123459 -0.568477
    185 0.650394 -0.547730 -0.092979 1.665913 0.131399 -0.112062
    186 0.657069 0.008399 -0.040379 1.665945 0.131407 -0.000013
    187 0.665772 0.747219 0.029182 1.665935 0.131408 0.094976
    188 -4.481003 -0.202000 0.000000 0.000000 0.000000 0.000000
    189 -5.516998 -0.291000 -0.001000 0.000000 0.000000 0.000000
    190 -0.857697 0.104070 0.104687 0.023536 0.163924 0.013632
    191 1.899121 0.000427 -0.000439 0.027386 -0.033311 0.477848
    192 1.799658 -0.000240 0.000231 0.027386 -0.033311 0.477848
    193 1.799658 -0.000240 0.000231 0.027386 -0.033311 0.477848
    194 1.799658 -0.000240 0.000231 0.027386 -0.033311 0.477848
    195 1.900312 -0.000137 -0.000517 0.027386 -0.033311 0.477848
    196 1.899436 -0.000320 -0.000151 -0.027386 0.033311 0.477848
    197 1.799664 -0.000233 -0.000233 -0.027386 0.033311 0.477848
    198 1.799664 -0.000233 -0.000233 -0.027386 0.033311 0.477848
    199 1.799664 -0.000233 -0.000233 -0.027386 0.033311 0.477848
    200 1.900729 0.000549 -0.000072 -0.027386 0.033311 0.477848
    201 0.599884 0.400188 -0.000027 0.000000 0.000000 0.000000
    202 0.599888 0.400187 0.000031 0.000000 0.000000 -3.141592
    203 0.599503 0.400696 0.000234 0.000000 0.000000 0.000000
    204 0.600399 0.399632 -0.000466 0.000000 0.000000 -3.141592
  time 37
    0 0.000000 0.000000 0.000000 0.000000 0.000000 -1.570796
    1 -0.106323 0.000000 -0.000198 0.000000 0.000000 0.000000
    2 0.000000 0.000000 0.000000 0.000000 0.000000 0.000000
    3 -0.904000 0.000000 -11.806000 0.000000 0.000000 0.000000
    4 0.000000 0.000000 -14.313999 0.000000 -1.570796 1.570857
    5 3.533001 0.000000 0.000000 0.000000 0.000000 0.000000
    6 6.250000 0.000000 0.000000 0.000000 0.000000 0.000000
    7 4.113281 8.804688 -0.248413 -1.153277 1.547377 -1.153364
    8 10.984375 9.125000 5.437500 0.056466 -1.182281 -0.052462
    9 5.790726 0.002787 -0.000113 -0.940313 0.000918 -1.686534
    10 5.999492 -0.000592 -4.000343 0.000000 0.000000 0.000000
    11 5.791316 0.006489 0.004799 1.199136 -0.231794 -1.912666
    12 5.999492 -0.000592 4.000336 0.000000 0.000000 0.000000
    13 0.500225 0.000133 -0.000088 0.083985 -0.000012 0.000000
    14 11.534559 0.004255 -0.001312 -0.000017 0.000009 -0.539968
    15 -0.829338 0.893824 0.079659 -0.148839 0.047645 0.087266
    16 0.500225 0.000132 0.000076 -0.255143 0.000000 0.000000
    17 11.532495 0.000526 -0.000089 0.000006 -0.000022 -0.476452
    18 -0.829586 0.894698 -0.079464 0.045377 -0.019621 0.087266
    19 10.599884 0.000105 -0.000553 -1.146959 -0.000024 -0.000072
    20 0.080601 -0.282994 -0.000805 -0.000024 -0.000025 0.270324
    21 11.042057 0.003717 0.004704 -1.015644 0.120055 0.593443
    22 -1.214832 0.203470 -0.477489 -0.135025 -0.078677 -0.001289
    23 10.599880 0.000105 0.000549 0.078237 -0.000024 0.000000
    24 0.076693 -0.290806 0.000801 -0.000060 0.000001 0.239272
    25 11.041742 0.003171 -0.000571 0.101333 0.703710 0.205302
    26 -1.063377 0.077663 0.150230 0.045121 0.020046 -0.012850
    27 0.610302 -0.939470 0.070343 -1.654689 -0.083583 -0.180422
    28 0.639940 -0.199121 0.060188 -1.665401 -0.069899 -0.072295
    29 0.600155 1.080261 -0.339535 -1.744070 0.106097 0.045628
    30 0.610207 0.400743 -0.010101 -1.761945 0.010568 0.028994
    31 0.629395 -0.689453 -0.229736 0.059917 -0.073984 -0.756749
    32 -0.792125 0.203736 0.461300 1.439074 -0.003453 -0.018305
    33 0.610300 -0.939469 -0.070351 1.655337 0.139986 -0.175678
    34 0.639937 -0.199121 -0.060200 1.665952 0.131308 -0.066502
    35 0.600098 1.130859 0.033752 1.738057 -0.020761 0.107329
    36 0.610205 0.400743 0.010086 1.762348 0.061543 0.042962
    37 0.629395 -0.689453 0.230347 -0.750747 -0.567048 -0.967115
    38 -0.626031 -0.069983 -0.080517 -1.447153 0.086151 0.021559
    39 2.621377 -0.002532 -0.001438 -0.312987 -0.065154 1.007890
    40 2.664743 0.000397 -0.000071 -0.262320 0.076001 1.167226
    41 2.206394 0.003368 -0.006769 -0.279016 0.180737 0.987580
    42 0.599952 0.959240 -0.300102 -0.174544 0.000000 0.000000
    43 2.557190 -0.005873 0.006359 -0.096537 0.126340 1.152732
    44 2.095024 -0.003873 -0.002193 -0.235229 0.301109 0.566366
    45 0.999512 0.000622 -1.241211 -0.000001 0.000000 0.000000
    46 -0.122639 -0.721856 0.661690 -0.486644 0.223964 0.243056
    47 2.619141 0.000140 -0.000401 0.055587 0.402473 0.372934
    48 2.658203 0.000782 0.000162 0.351904 0.247667 1.152005
    49 2.199219 0.000516 -0.000120 0.245880 -0.018376 1.177006
    50 0.599951 0.959244 0.300102 0.174544 0.000000 0.000000
    51 2.556641 -0.000149 -0.000029 0.273469 0.149728 1.224778
    52 2.095703 -0.000096 -0.000401 0.482182 -0.410387 0.684474
    53 1.000000 0.000055 1.119141 0.000000 0.000000 0.000001
    54 0.310846 -0.606445 -0.498005 0.308107 -0.197598 0.313976
    55 1.873069 -0.000835 -0.004901 -0.000007 0.000004 0.761245
    56 1.200941 0.399582 -0.000237 -0.009465 0.016087 0.007127
    57 0.000586 0.100342 -0.000319 -0.120035 -0.021926 -0.209617
    58 -0.161663 0.051712 0.194808 -2.941982 0.122408 -0.060194
    59 2.010092 -0.003202 -0.003377 0.000065 0.000001 0.941481
    60 0.000240 0.099802 -0.000395 -0.018823 0.010833 -0.239219
    61 -0.203197 0.048607 0.069150 -3.093332 0.033217 -0.046722
    62 1.180428 -0.006214 0.000780 -0.000026 0.000000 0.570627
    63 -0.000196 0.099625 -0.000034 0.000000 0.000000 -0.314102
    64 -0.088736 -0.688435 -0.145203 2.930407 -0.136130 0.513013
    65 1.712069 -0.003328 -0.000088 0.000023 -0.000021 0.696613
    66 -0.000580 0.100145 -0.000311 -0.010912 0.023129 -0.260841
    67 -0.146030 -0.232426 -0.014225 3.028455 -0.094299 0.113020
    68 1.290632 0.000362 -0.000032 -0.000036 0.000000 -0.148127
    69 -0.658121 -0.003575 0.072645 -0.142711 0.027792 -0.077299
    70 1.867188 -0.000058 0.000524 0.000000 0.000000 0.941376
    71 1.200079 0.399944 -0.000093 0.009465 -0.016087 0.007127
    72 0.000591 0.100342 0.000319 0.120035 0.021926 -0.209617
    73 0.068077 0.002285 -0.080050 3.111376 -0.069366 -0.060847
    74 2.007813 -0.000883 -0.000380 -0.000044 0.000040 1.464654
    75 0.000229 0.099802 0.000395 0.018823 -0.010833 -0.239219
    76 -0.018673 -0.001009 0.047544 3.109244 0.002635 -0.106673
    77 1.178665 0.001595 0.000845 -0.000022 -0.000053 0.807088
    78 -0.000198 0.099628 0.000034 0.000000 0.000000 -0.314102
    79 0.036892 -0.634449 0.266284 -2.801062 0.174301 0.490914
    80 1.708008 0.000721 0.000201 -0.000034 -0.000048 1.238445
    81 -0.000576 0.100136 0.000311 0.010912 -0.023129 -0.260841
    82 -0.003952 -0.281811 0.115047 -3.059162 0.089004 0.167964
    83 1.290039 0.000364 -0.000046 -0.000058 0.000014 0.465379
    84 -0.171528 -0.018148 -0.099873 0.013484 -0.062184 -0.011780
    85 0.912716 0.007240 0.001326 0.000019 0.000021 0.884313
    86 -0.342617 0.053404 -0.025571 -2.909301 -0.017248 0.075276
    87 1.099609 -0.000426 0.000134 0.000000 0.000000 0.361714
    88 -0.384983 0.330998 0.006848 -3.087207 -0.018765 -0.184279
    89 0.678146 0.002286 0.000002 -0.000018 -0.000007 0.352200
    90 -0.123848 0.072737 0.029507 2.898184 -0.060627 0.094834
    91 1.017166 -0.000154 -0.000252 -0.000011 -0.000002 0.325859
    92 -0.344986 0.123129 0.143151 2.994981 0.012396 0.059140
    93 -0.730988 0.177046 0.039141 -0.123731 0.076518 -0.084310
    94 0.921993 0.001298 -0.000896 0.000046 -0.000023 0.484986
    95 -0.124027 -0.052092 0.038496 3.077813 -0.008519 0.039229
    96 1.098633 0.000007 0.000469 0.000000 0.000000 0.904169
    97 -0.330082 0.160641 0.042780 3.128073 0.034033 -0.171236
    98 0.678711 -0.000813 0.000174 0.000000 0.000000 0.937064
    99 -0.019516 -0.016531 0.038578 -2.763781 0.050305 0.076828
    100 1.018891 0.001206 0.001121 0.000054 -0.000029 0.984549
    101 -0.155312 0.130643 -0.021921 -3.022466 0.022433 -0.024903
    102 -0.252209 0.061937 -0.024914 -0.007671 -0.063171 -0.044392
    103 -0.085991 0.185203 -0.015180 -2.937063 -0.113970 -0.138991
    104 -0.286537 0.179852 0.024264 -3.109353 -0.049645 -0.029915
    105 -0.019489 0.147084 0.079203 2.893815 0.038585 -0.060594
    106 -0.046482 0.251898 0.129548 3.016165 0.077112 -0.042864
    107 0.039120 -0.040298 0.047739 3.084219 0.030470 -0.037414
    108 -0.233757 0.066630 0.001754 -3.133086 0.040141 -0.065413
    109 0.044266 0.020128 0.001684 -2.778763 -0.118872 -0.040488
    110 0.071495 0.074127 -0.048302 -3.035917 -0.059482 0.104366
    111 -0.718772 -13.101962 -4.566546 -0.358098 0.000328 -1.569489
    112 4.410291 9.859676 -6.007996 0.070919 -0.852078 -1.393373
    113 -1.142999 -0.001000 0.273999 -1.006101 -0.000004 1.570789
    114 -0.943998 0.000000 1.776996 0.000000 0.000000 0.000000
    115 2.039996 -0.296999 1.310997 0.000000 0.000000 -1.570817
    116 -0.653999 0.000000 -1.549997 0.000000 0.000000 0.000000
    117 4.078125 0.000000 -0.139893 0.000000 0.000000 0.000000
    118 1.636719 0.000000 -0.502441 0.000000 0.000000 0.000000
    119 2.435547 0.000000 0.764160 0.000000 0.000000 0.000000
    120 -0.898998 0.000000 -1.088998 0.000000 0.000000 0.000000
    121 2.025996 -0.001000 0.680999 0.000000 0.000000 1.570816
    122 0.000000 0.000000 0.000000 0.000000 0.000000 -1.570816
    123 0.711998 0.439999 -0.805998 0.000000 0.000000 1.570815
    124 -1.474998 0.000000 0.073000 0.000000 0.000000 1.570816
    125 1.889997 0.409999 0.284999 1.570922 0.000000 0.000000
    126 0.000000 0.000000 0.000000 0.000000 0.000000 0.000000
    127 -0.106000 0.000000 64.320000 0.000000 0.000000 0.000000
    128 0.000000 0.000000 0.000000 0.000000 0.000000 0.000000
    129 0.000000 0.000000 0.000000 0.000000 0.000000 0.000000
    130 23.844723 -1.308148 5.653595 -0.358094 0.000299 0.001264
    131 0.106000 0.000000 -64.320000 0.000000 0.000000 0.000000
    132 0.000000 0.000000 0.000000 0.000000 0.000000 0.000000
    133 0.000000 0.000000 -4.867002 -3.141592 0.000000 -3.128591
    134 0.000000 0.000000 4.867000 -3.141592 0.000000 -3.128591
    135 4.000000 -6.500000 0.000000 0.000000 0.000000 0.000977
    136 -6.500000 0.000000 0.000000 0.000000 1.570796 0.000000
    137 1.000088 -0.000029 0.000000 0.000000 0.000000 0.000000
    138 17.162516 -0.000404 0.000000 0.000000 0.000000 0.119214
    139 9.999891 -0.000303 0.000000 0.000000 0.000000 0.000000
    140 1.000088 -0.000029 0.000000 0.000000 0.000000 0.000000
    141 17.162516 -0.000404 0.000000 0.000000 0.000000 0.119214
    142 9.499836 0.000212 0.000000 0.000000 0.000000 0.000000
    143 0.000000 0.000000 0.000000 0.000000 0.000000 0.000000
    144 17.749374 0.295515 0.000000 0.000000 0.000000 -1.158958
    145 0.017889 0.299792 0.000000 0.000000 0.000000 -0.059582
    146 12.283573 1.581456 -4.696000 1.462269 -0.086726 0.090185
    147 17.749376 0.295515 0.000000 0.000000 0.000000 -1.158958
    148 0.017889 0.299792 0.000000 0.000000 0.000000 -0.059582
    149 13.354000 0.000000 0.000000 0.000000 0.000000 -0.294101
    150 4.530998 0.000000 0.000000 0.000000 0.000000 0.000000
    151 0.000000 0.000000 0.000000 0.000000 0.000000 0.000000
    152 5.413524 0.000347 0.000000 0.000000 0.000000 -0.518055
    153 5.413524 0.000347 0.000000 0.000000 0.000000 -0.518055
    154 4.662002 -5.366333 4.825191 1.569713 1.561305 -3.121213
    155 3.116966 -0.000443 0.000000 0.000000 0.000000 0.294101
    156 4.531197 0.000000 0.000000 0.000000 0.000000 0.000000
    157 -14.912094 21.789727 -55.171076 0.357962 0.000192 -0.001168
    158 -1.605469 0.000000 0.564941 0.000000 0.314098 0.000000
    159 -14.892783 22.113956 -56.034807 -1.147761 -0.358006 1.569534
    160 -1.532227 0.000000 1.130859 -0.262470 -0.000006 1.570749
    161 0.000000 -0.001000 0.000000 0.000000 0.000000 0.000000
    162 3.867000 0.000000 0.228000 0.000000 0.000000 0.000000
    163 3.512001 -3.547000 -1.066000 0.000000 1.570796 0.000000
    164 3.456001 -3.517000 1.169000 0.000000 1.570796 0.000000
    165 6.233002 0.000000 0.000000 0.000000 0.000000 0.000000
    166 -0.171997 -0.106000 -0.902000 1.570713 1.029176 -3.134550
    167 6.241997 -6.380000 0.000000 0.000000 0.000000 0.000000
    168 -3.106999 0.000000 0.669000 0.000000 0.000000 0.000000
    169 -3.106999 0.000000 0.741000 0.000000 0.000000 0.000000
    170 -3.252000 0.000000 0.540000 0.000000 0.000000 0.000000
    171 3.999434 -0.000528 -0.000332 -0.573467 -0.000005 -0.000059
    172 3.999901 0.000038 0.001011 0.039141 -0.000049 0.000011
    173 1.598000 0.000000 0.000000 0.000000 0.000000 0.000000
    174 -1.145525 0.000130 0.000668 0.000000 0.000000 0.000000
    175 2.299681 -2.499979 -0.599480 0.892021 0.221512 -0.527234
    176 11.970850 -3.105564 -0.100452 1.597558 -0.146651 -0.183948
    177 -9.580679 -27.862110 -37.184673 0.812879 -0.123459 -0.568477
    178 0.649933 -0.548295 0.093651 -1.665913 -0.131399 -0.112062
    179 0.657077 0.008401 0.040371 -1.665945 -0.131407 -0.000013
    180 0.665776 0.747221 -0.029190 -1.665935 -0.131408 0.094976
    181 2.300139 -2.499414 0.600159 -0.891995 -0.221560 -0.527344
    182 12.509592 1.698235 3.564709 1.764030 -0.255070 0.216942
    183 2.762354 0.116951 1.523975 1.629482 0.064153 1.743800
    184 7.228323 7.928203 -3.925652 2.328713 0.123459 -0.568477
    185 0.650394 -0.547730 -0.092979 1.665913 0.131399 -0.112062
    186 0.657069 0.008399 -0.040379 1.665945 0.131407 -0.000013
    187 0.665772 0.747219 0.029182 1.665935 0.131408 0.094976
    188 -4.481003 -0.202000 0.000000 0.000000 0.000000 0.000000
    189 -5.516998 -0.291000 -0.001000 0.000000 0.000000 0.000000
    190 -0.857697 0.104070 0.104687 0.023536 0.163924 0.013632
    191 1.899121 0.000427 -0.000439 0.027386 -0.033311 0.477848
    192 1.799658 -0.000240 0.000231 0.027386 -0.033311 0.477848
    193 1.799658 -0.000240 0.000231 0.027386 -0.033311 0.477848
    194 1.799658 -0.000240 0.000231 0.027386 -0.033311 0.477848
    195 1.900312 -0.000137 -0.000517 0.027386 -0.033311 0.477848
    196 1.899436 -0.000320 -0.000151 -0.027386 0.033311 0.477848
    197 1.799664 -0.000233 -0.000233 -0.027386 0.033311 0.477848
    198 1.799664 -0.000233 -0.000233 -0.027386 0.033311 0.477848
    199 1.799664 -0.000233 -0.000233 -0.027386 0.033311 0.477848
    200 1.900729 0.000549 -0.000072 -0.027386 0.033311 0.477848
    201 0.599884 0.400188 -0.000027 0.000000 0.000000 0.000000
    202 0.599888 0.400187 0.000031 0.000000 0.000000 -3.141592
    203 0.599503 0.400696 0.000234 0.000000 0.000000 0.000000
    204 0.600399 0.399632 -0.000466 0.000000 0.000000 -3.141592
  time 38
    0 0.000000 0.000000 0.000000 0.000000 0.000000 -1.570796
    1 -0.106323 0.000000 -0.000198 0.000000 0.000000 0.000000
    2 0.000000 0.000000 0.000000 0.000000 0.000000 0.000000
    3 -0.904000 0.000000 -11.806000 0.000000 0.000000 0.000000
    4 0.000000 0.000000 -14.313999 0.000000 -1.570796 1.570857
    5 3.533001 0.000000 0.000000 0.000000 0.000000 0.000000
    6 6.250000 0.000000 0.000000 0.000000 0.000000 0.000000
    7 4.113281 8.804688 -0.248413 -1.153277 1.547377 -1.153364
    8 10.984375 9.125000 5.437500 0.056466 -1.182281 -0.052462
    9 5.790726 0.002787 -0.000113 -0.940465 0.001315 -1.686534
    10 5.999492 -0.000592 -4.000343 0.000000 0.000000 0.000000
    11 5.791316 0.006489 0.004799 1.199406 -0.231886 -1.913186
    12 5.999492 -0.000592 4.000336 0.000000 0.000000 0.000000
    13 0.500225 0.000133 -0.000088 0.083816 0.000000 0.000000
    14 11.534559 0.004255 -0.001312 -0.000017 0.000009 -0.540965
    15 -0.829338 0.893824 0.079659 -0.148839 0.047645 0.087266
    16 0.500225 0.000132 0.000076 -0.255389 0.000000 0.000000
    17 11.532495 0.000526 -0.000089 0.000006 -0.000022 -0.476452
    18 -0.829586 0.894698 -0.079464 0.045377 -0.019621 0.087266
    19 10.599884 0.000105 -0.000553 -1.146842 -0.000036 -0.000084
    20 0.084508 -0.282994 -0.000805 -0.000012 -0.000037 0.270622
    21 11.042057 -0.000189 0.004704 -1.014981 0.120555 0.593220
    22 -1.214832 0.203470 -0.477489 -0.135025 -0.078677 -0.001289
    23 10.599880 0.000105 0.000549 0.078373 -0.000036 0.000000
    24 0.072787 -0.290806 0.000801 -0.000072 0.000001 0.238207
    25 11.041742 0.003171 -0.000571 0.101859 0.705121 0.205552
    26 -1.063377 0.077663 0.150230 0.045121 0.020046 -0.012850
    27 0.610302 -0.939470 0.070343 -1.654689 -0.083595 -0.180410
    28 0.639940 -0.199121 0.060188 -1.665401 -0.069899 -0.072307
    29 0.600155 1.080261 -0.339535 -1.744123 0.106085 0.045628
    30 0.610207 0.400743 -0.010101 -1.761945 0.010568 0.029006
    31 0.629395 -0.689453 -0.229736 0.059917 -0.073984 -0.756749
    32 -0.792125 0.203736 0.461300 1.439074 -0.003453 -0.018305
    33 0.610300 -0.939469 -0.070351 1.655337 0.139986 -0.175678
    34 0.639937 -0.199121 -0.060200 1.665952 0.131308 -0.066502
    35 0.600098 1.130859 0.033752 1.738057 -0.020761 0.107329
    36 0.610205 0.400743 0.010086 1.762348 0.061543 0.042962
    37 0.629395 -0.689453 0.230347 -0.750747 -0.567048 -0.967115
    38 -0.626031 -0.069983 -0.080517 -1.447153 0.086151 0.021559
    39 2.621377 -0.002532 -0.001438 -0.312987 -0.065154 1.007890
    40 2.660837 0.000397 -0.000071 -0.262320 0.076001 1.167226
    41 2.206394 0.003368 -0.006769 -0.279016 0.180737 0.987580
    42 0.599952 0.959240 -0.300102 -0.174544 0.000000 0.000000
    43 2.557190 -0.001967 0.006359 -0.096509 0.126352 1.152693
    44 2.095024 -0.003873 -0.002193 -0.235217 0.301130 0.566366
    45 0.999512 0.000622 -1.241211 -0.000001 0.000000 0.000000
    46 -0.122639 -0.721856 0.661690 -0.486644 0.223964 0.243056
    47 2.619141 0.000140 -0.000401 0.055587 0.402473 0.372934
    48 2.658203 0.000782 0.000162 0.351904 0.247667 1.152005
    49 2.199219 0.000516 -0.000120 0.245880 -0.018376 1.177006
    50 0.599951 0.959244 0.300102 0.174544 0.000000 0.000000
    51 2.556641 -0.000149 -0.000029 0.273469 0.149728 1.224778
    52 2.095703 -0.000096 -0.000401 0.482182 -0.410387 0.684474
    53 1.000000 0.000055 1.119141 0.000000 0.000000 0.000001
    54 0.310846 -0.606445 -0.498005 0.308107 -0.197598 0.313976
    55 1.873069 -0.004741 -0.000994 -0.000007 0.000004 0.761286
    56 1.200941 0.399582 -0.000237 -0.009465 0.016087 0.007127
    57 0.000586 0.100342 -0.000319 -0.120035 -0.021926 -0.209617
    58 -0.161663 0.051712 0.194808 -2.941982 0.122408 -0.060194
    59 2.010092 -0.007109 -0.003377 0.000065 -0.000011 0.941481
    60 0.000240 0.099802 -0.000395 -0.018823 0.010833 -0.239219
    61 -0.203197 0.048607 0.069150 -3.093332 0.033217 -0.046722
    62 1.180428 -0.006214 0.000780 -0.000026 0.000000 0.570627
    63 -0.000196 0.099625 -0.000034 0.000000 0.000000 -0.314102
    64 -0.088736 -0.688435 -0.145203 2.930407 -0.136130 0.513013
    65 1.715976 -0.003328 -0.000088 0.000023 -0.000021 0.696613
    66 -0.000580 0.100145 -0.000311 -0.010912 0.023129 -0.260841
    67 -0.146030 -0.232426 -0.014225 3.028455 -0.094299 0.113020
    68 1.290632 0.000362 -0.000032 -0.000036 0.000000 -0.148127
    69 -0.658121 -0.003575 0.072645 -0.142711 0.027792 -0.077299
    70 1.867188 -0.000058 0.000524 0.000000 0.000000 0.941376
    71 1.200079 0.399944 -0.000093 0.009465 -0.016087 0.007127
    72 0.000591 0.100342 0.000319 0.120035 0.021926 -0.209617
    73 0.068077 0.002285 -0.080050 3.111376 -0.069366 -0.060847
    74 2.007813 -0.000883 -0.000380 -0.000044 0.000040 1.464654
    75 0.000229 0.099802 0.000395 0.018823 -0.010833 -0.239219
    76 -0.018673 -0.001009 0.047544 3.109244 0.002635 -0.106673
    77 1.178665 0.001595 0.000845 -0.000022 -0.000053 0.807088
    78 -0.000198 0.099628 0.000034 0.000000 0.000000 -0.314102
    79 0.036892 -0.634449 0.266284 -2.801062 0.174301 0.490914
    80 1.708008 0.000721 0.000201 -0.000034 -0.000048 1.238445
    81 -0.000576 0.100136 0.000311 0.010912 -0.023129 -0.260841
    82 -0.003952 -0.281811 0.115047 -3.059162 0.089004 0.167964
    83 1.290039 0.000364 -0.000046 -0.000058 0.000014 0.465379
    84 -0.171528 -0.018148 -0.099873 0.013484 -0.062184 -0.011780
    85 0.912716 0.007240 0.001326 0.000019 0.000021 0.884313
    86 -0.342617 0.053404 -0.025571 -2.909301 -0.017248 0.075276
    87 1.099609 -0.000426 0.000134 0.000000 0.000000 0.361714
    88 -0.384983 0.330998 0.006848 -3.087207 -0.018765 -0.184279
    89 0.678146 0.006192 0.000002 -0.000018 -0.000007 0.352200
    90 -0.123848 0.072737 0.029507 2.898184 -0.060627 0.094834
    91 1.017166 -0.000154 -0.000252 -0.000011 -0.000014 0.325859
    92 -0.344986 0.123129 0.143151 2.994981 0.012396 0.059140
    93 -0.730988 0.177046 0.039141 -0.123731 0.076518 -0.084310
    94 0.925900 0.001298 -0.000896 0.000046 -0.000023 0.484986
    95 -0.124027 -0.052092 0.038496 3.077813 -0.008519 0.039229
    96 1.098633 0.000007 0.000469 0.000000 0.000000 0.904169
    97 -0.330082 0.160641 0.042780 3.128073 0.034033 -0.171236
    98 0.678711 -0.000813 0.000174 0.000000 0.000000 0.937064
    99 -0.019516 -0.016531 0.038578 -2.763781 0.050305 0.076828
    100 1.018891 0.001206 0.001121 0.000054 -0.000029 0.984570
    101 -0.155312 0.130643 -0.021921 -3.022466 0.022433 -0.024903
    102 -0.252209 0.061937 -0.024914 -0.007671 -0.063171 -0.044392
    103 -0.085991 0.185203 -0.015180 -2.937063 -0.113970 -0.138991
    104 -0.286537 0.179852 0.024264 -3.109353 -0.049645 -0.029915
    105 -0.019489 0.147084 0.079203 2.893815 0.038585 -0.060594
    106 -0.046482 0.251898 0.129548 3.016165 0.077112 -0.042864
    107 0.039120 -0.040298 0.047739 3.084219 0.030470 -0.037414
    108 -0.233757 0.066630 0.001754 -3.133086 0.040141 -0.065413
    109 0.044266 0.020128 0.001684 -2.778763 -0.118872 -0.040488
    110 0.071495 0.074127 -0.048302 -3.035917 -0.059482 0.104366
    111 -0.718772 -13.101962 -4.570452 -0.357237 -0.000094 -1.570329
    112 4.433729 9.859676 -6.019715 0.071982 -0.852636 -1.395032
    113 -1.142999 -0.001000 0.273999 -1.006101 -0.000004 1.570789
    114 -0.943998 0.000000 1.776996 0.000000 0.000000 0.000000
    115 2.039996 -0.296999 1.310997 0.000000 0.000000 -1.570817
    116 -0.653999 0.000000 -1.549997 0.000000 0.000000 0.000000
    117 4.078125 0.000000 -0.139893 0.000000 0.000000 0.000000
    118 1.636719 0.000000 -0.502441 0.000000 0.000000 0.000000
    119 2.435547 0.000000 0.764160 0.000000 0.000000 0.000000
    120 -0.898998 0.000000 -1.088998 0.000000 0.000000 0.000000
    121 2.025996 -0.001000 0.680999 0.000000 0.000000 1.570816
    122 0.000000 0.000000 0.000000 0.000000 0.000000 -1.570816
    123 0.711998 0.439999 -0.805998 0.000000 0.000000 1.570815
    124 -1.474998 0.000000 0.073000 0.000000 0.000000 1.570816
    125 1.889997 0.409999 0.284999 1.570922 0.000000 0.000000
    126 0.000000 0.000000 0.000000 0.000000 0.000000 0.000000
    127 -0.106000 0.000000 64.320000 0.000000 0.000000 0.000000
    128 0.000000 0.000000 0.000000 0.000000 0.000000 0.000000
    129 0.000000 0.000000 0.000000 0.000000 0.000000 0.000000
    130 23.844723 -1.308148 5.653595 -0.357323 -0.000028 0.000517
    131 0.106000 0.000000 -64.320000 0.000000 0.000000 0.000000
    132 0.000000 0.000000 0.000000 0.000000 0.000000 0.000000
    133 0.000000 0.000000 -4.867002 -3.141592 0.000000 -3.128591
    134 0.000000 0.000000 4.867000 -3.141592 0.000000 -3.128591
    135 4.000000 -6.500000 0.000000 0.000000 0.000000 0.000977
    136 -6.500000 0.000000 0.000000 0.000000 1.570796 0.000000
    137 1.000088 -0.000029 0.000000 0.000000 0.000000 0.000000
    138 17.162516 -0.000404 0.000000 0.000000 0.000000 0.119214
    139 9.999891 -0.000303 0.000000 0.000000 0.000000 0.000000
    140 1.000088 -0.000029 0.000000 0.000000 0.000000 0.000000
    141 17.162516 -0.000404 0.000000 0.000000 0.000000 0.119214
    142 9.499836 0.000212 0.000000 0.000000 0.000000 0.000000
    143 0.000000 0.000000 0.000000 0.000000 0.000000 0.000000
    144 17.749374 0.295515 0.000000 0.000000 0.000000 -1.158958
    145 0.017889 0.299792 0.000000 0.000000 0.000000 -0.059582
    146 12.283573 1.581456 -4.696000 1.462269 -0.086726 0.090185
    147 17.749376 0.295515 0.000000 0.000000 0.000000 -1.158958
    148 0.017889 0.299792 0.000000 0.000000 0.000000 -0.059582
    149 13.354000 0.000000 0.000000 0.000000 0.000000 -0.294101
    150 4.530998 0.000000 0.000000 0.000000 0.000000 0.000000
    151 0.000000 0.000000 0.000000 0.000000 0.000000 0.000000
    152 5.413524 0.000347 0.000000 0.000000 0.000000 -0.518055
    153 5.413524 0.000347 0.000000 0.000000 0.000000 -0.518055
    154 4.662002 -5.366333 4.825191 1.569713 1.561305 -3.121213
    155 3.116966 -0.000443 0.000000 0.000000 0.000000 0.294101
    156 4.531197 0.000000 0.000000 0.000000 0.000000 0.000000
    157 -14.923813 21.738945 -55.182795 0.357406 0.000145 -0.000584
    158 -1.605469 0.000000 0.564941 0.000000 0.314098 0.000000
    159 -14.896689 22.059267 -56.046526 -1.147899 -0.357504 1.570224
    160 -1.532227 0.000000 1.130859 -0.262470 -0.000006 1.570749
    161 0.000000 -0.001000 0.000000 0.000000 0.000000 0.000000
    162 3.867000 0.000000 0.228000 0.000000 0.000000 0.000000
    163 3.512001 -3.547000 -1.066000 0.000000 1.570796 0.000000
    164 3.456001 -3.517000 1.169000 0.000000 1.570796 0.000000
    165 6.233002 0.000000 0.000000 0.000000 0.000000 0.000000
    166 -0.171997 -0.106000 -0.902000 1.570713 1.029176 -3.134550
    167 6.241997 -6.380000 0.000000 0.000000 0.000000 0.000000
    168 -3.106999 0.000000 0.669000 0.000000 0.000000 0.000000
    169 -3.106999 0.000000 0.741000 0.000000 0.000000 0.000000
    170 -3.252000 0.000000 0.540000 0.000000 0.000000 0.000000
    171 3.999434 -0.000528 -0.000332 -0.573326 -0.000017 -0.000059
    172 3.999901 0.000038 0.001011 0.039184 -0.000061 -0.000001
    173 1.598000 0.000000 0.000000 0.000000 0.000000 0.000000
    174 -1.145525 0.000130 0.000668 0.000000 0.000000 0.000000
    175 2.299681 -2.499979 -0.599480 0.892021 0.221512 -0.527234
    176 11.970850 -3.105564 -0.100452 1.597558 -0.146651 -0.183948
    177 -9.580679 -27.862110 -37.184673 0.812879 -0.123459 -0.568477
    178 0.649933 -0.548295 0.093651 -1.665913 -0.131399 -0.112062
    179 0.657077 0.008401 0.040371 -1.665945 -0.131407 -0.000013
    180 0.665776 0.747221 -0.029190 -1.665935 -0.131408 0.094976
    181 2.300139 -2.499414 0.600159 -0.891995 -0.221560 -0.527344
    182 12.509592 1.698235 3.564709 1.764030 -0.255070 0.216942
    183 2.762354 0.116951 1.523975 1.629482 0.064153 1.743800
    184 7.228323 7.928203 -3.925652 2.328713 0.123459 -0.568477
    185 0.650394 -0.547730 -0.092979 1.665913 0.131399 -0.112062
    186 0.657069 0.008399 -0.040379 1.665945 0.131407 -0.000013
    187 0.665772 0.747219 0.029182 1.665935 0.131408 0.094976
    188 -4.481003 -0.202000 0.000000 0.000000 0.000000 0.000000
    189 -5.516998 -0.291000 -0.001000 0.000000 0.000000 0.000000
    190 -0.857697 0.104070 0.104687 0.023536 0.163924 0.013632
    191 1.899121 0.000427 -0.000439 0.027386 -0.033311 0.477848
    192 1.799658 -0.000240 0.000231 0.027386 -0.033311 0.477848
    193 1.799658 -0.000240 0.000231 0.027386 -0.033311 0.477848
    194 1.799658 -0.000240 0.000231 0.027386 -0.033311 0.477848
    195 1.900312 -0.000137 -0.000517 0.027386 -0.033311 0.477848
    196 1.899436 -0.000320 -0.000151 -0.027386 0.033311 0.477848
    197 1.799664 -0.000233 -0.000233 -0.027386 0.033311 0.477848
    198 1.799664 -0.000233 -0.000233 -0.027386 0.033311 0.477848
    199 1.799664 -0.000233 -0.000233 -0.027386 0.033311 0.477848
    200 1.900729 0.000549 -0.000072 -0.027386 0.033311 0.477848
    201 0.599884 0.400188 -0.000027 0.000000 0.000000 0.000000
    202 0.599888 0.400187 0.000031 0.000000 0.000000 -3.141592
    203 0.599503 0.400696 0.000234 0.000000 0.000000 0.000000
    204 0.600399 0.399632 -0.000466 0.000000 0.000000 -3.141592
  time 39
    0 0.000000 0.000000 0.000000 0.000000 0.000000 -1.570796
    1 -0.106323 0.000000 -0.000198 0.000000 0.000000 0.000000
    2 0.000000 0.000000 0.000000 0.000000 0.000000 0.000000
    3 -0.904000 0.000000 -11.806000 0.000000 0.000000 0.000000
    4 0.000000 0.000000 -14.313999 0.000000 -1.570796 1.570857
    5 3.533001 0.000000 0.000000 0.000000 0.000000 0.000000
    6 6.250000 0.000000 0.000000 0.000000 0.000000 0.000000
    7 4.113281 8.804688 -0.248413 -1.153277 1.547377 -1.153364
    8 10.984375 9.125000 5.437500 0.056466 -1.182281 -0.052462
    9 5.790726 0.002787 -0.000113 -0.940616 0.001769 -1.686534
    10 5.999492 -0.000592 -4.000343 0.000000 0.000000 0.000000
    11 5.791316 0.006489 0.004799 1.199608 -0.231932 -1.913446
    12 5.999492 -0.000592 4.000336 0.000000 0.000000 0.000000
    13 0.500225 0.000133 -0.000088 0.083619 0.000000 0.000000
    14 11.534559 0.004255 -0.001312 -0.000017 0.000009 -0.541962
    15 -0.829338 0.893824 0.079659 -0.148839 0.047645 0.087266
    16 0.500225 0.000132 0.000076 -0.255635 0.000000 0.000000
    17 11.536401 0.000526 -0.000089 0.000006 -0.000022 -0.476364
    18 -0.829586 0.894698 -0.079464 0.045377 -0.019621 0.087266
    19 10.599884 0.000105 -0.000553 -1.146665 -0.000060 -0.000096
    20 0.080601 -0.286900 -0.000805 0.000000 -0.000049 0.270979
    21 11.042057 0.003717 0.004704 -1.014450 0.121055 0.592907
    22 -1.214832 0.203470 -0.477489 -0.135025 -0.078677 -0.001289
    23 10.599880 0.000105 0.000549 0.078509 -0.000048 0.000000
    24 0.076693 -0.290806 0.000801 0.000000 -0.000011 0.238272
    25 11.041742 0.003171 -0.000571 0.102289 0.705697 0.206052
    26 -1.063377 0.077663 0.150230 0.045121 0.020046 -0.012850
    27 0.610302 -0.939470 0.070343 -1.654689 -0.083607 -0.180410
    28 0.639940 -0.199121 0.060188 -1.665350 -0.069911 -0.072307
    29 0.600155 1.080261 -0.339535 -1.744017 0.106085 0.045616
    30 0.610207 0.400743 -0.010101 -1.761945 0.010568 0.029006
    31 0.629395 -0.689453 -0.229736 0.059917 -0.073984 -0.756749
    32 -0.792125 0.203736 0.461300 1.439074 -0.003453 -0.018305
    33 0.610300 -0.939469 -0.070351 1.655337 0.139986 -0.175678
    34 0.639937 -0.199121 -0.060200 1.665952 0.131308 -0.066502
    35 0.600098 1.130859 0.033752 1.738057 -0.020761 0.107329
    36 0.610205 0.400743 0.010086 1.762348 0.061543 0.042962
    37 0.629395 -0.689453 0.230347 -0.750747 -0.567048 -0.967115
    38 -0.626031 -0.069983 -0.080517 -1.447153 0.086151 0.021559
    39 2.625284 -0.002532 -0.005345 -0.312987 -0.065154 1.007849
    40 2.664743 0.000397 -0.000071 -0.262320 0.075990 1.167226
    41 2.206394 0.003368 -0.006769 -0.279004 0.180737 0.987580
    42 0.599952 0.959240 -0.300102 -0.174544 0.000000 0.000000
    43 2.557190 -0.005873 0.006359 -0.096495 0.126352 1.152693
    44 2.095024 -0.003873 -0.006100 -0.235205 0.301109 0.566366
    45 0.999512 0.000622 -1.241211 -0.000001 0.000000 0.000000
    46 -0.122639 -0.721856 0.661690 -0.486644 0.223964 0.243056
    47 2.619141 0.000140 -0.000401 0.055587 0.402473 0.372934
    48 2.658203 0.000782 0.000162 0.351904 0.247667 1.152005
    49 2.199219 0.000516 -0.000120 0.245880 -0.018376 1.177006
    50 0.599951 0.959244 0.300102 0.174544 0.000000 0.000000
    51 2.556641 -0.000149 -0.000029 0.273469 0.149728 1.224778
    52 2.095703 -0.000096 -0.000401 0.482182 -0.410387 0.684474
    53 1.000000 0.000055 1.119141 0.000000 0.000000 0.000001
    54 0.310846 -0.606445 -0.498005 0.308107 -0.197598 0.313976
    55 1.873069 -0.004741 -0.004901 -0.000007 0.000004 0.761286
    56 1.200941 0.399582 -0.000237 -0.009465 0.016087 0.007127
    57 0.000586 0.100342 -0.000319 -0.120035 -0.021926 -0.209617
    58 -0.161663 0.051712 0.194808 -2.941982 0.122408 -0.060194
    59 2.010092 -0.007109 -0.007284 0.000077 -0.000011 0.941481
    60 0.000240 0.099802 -0.000395 -0.018823 0.010833 -0.239219
    61 -0.203197 0.048607 0.069150 -3.093332 0.033217 -0.046722
    62 1.180428 -0.006214 0.000780 -0.000014 0.000012 0.570627
    63 -0.000196 0.099625 -0.000034 0.000000 0.000000 -0.314102
    64 -0.088736 -0.688435 -0.145203 2.930407 -0.136130 0.513013
    65 1.712069 -0.003328 0.003818 0.000023 -0.000021 0.696580
    66 -0.000580 0.100145 -0.000311 -0.010912 0.023129 -0.260841
    67 -0.146030 -0.232426 -0.014225 3.028455 -0.094299 0.113020
    68 1.290632 0.000362 -0.000032 -0.000048 0.000000 -0.148127
    69 -0.658121 -0.003575 0.072645 -0.142711 0.027792 -0.077299
    70 1.867188 -0.000058 0.000524 0.000000 0.000000 0.941376
    71 1.200079 0.399944 -0.000093 0.009465 -0.016087 0.007127
    72 0.000591 0.100342 0.000319 0.120035 0.021926 -0.209617
    73 0.068077 0.002285 -0.080050 3.111376 -0.069366 -0.060847
    74 2.007813 -0.000883 -0.000380 -0.000044 0.000040 1.464654
    75 0.000229 0.099802 0.000395 0.018823 -0.010833 -0.239219
    76 -0.018673 -0.001009 0.047544 3.109244 0.002635 -0.106673
    77 1.178665 0.001595 0.000845 -0.000022 -0.000053 0.807088
    78 -0.000198 0.099628 0.000034 0.000000 0.000000 -0.314102
    79 0.036892 -0.634449 0.266284 -2.801062 0.174301 0.490914
    80 1.708008 0.000721 0.000201 -0.000034 -0.000048 1.238445
    81 -0.000576 0.100136 0.000311 0.010912 -0.023129 -0.260841
    82 -0.003952 -0.281811 0.115047 -3.059162 0.089004 0.167964
    83 1.290039 0.000364 -0.000046 -0.000058 0.000014 0.465379
    84 -0.171528 -0.018148 -0.099873 0.013484 -0.062184 -0.011780
    85 0.912716 0.007240 0.001326 0.000019 0.000021 0.884313
    86 -0.342617 0.053404 -0.025571 -2.909301 -0.017248 0.075276
    87 1.099609 -0.000426 0.000134 0.000000 0.000000 0.361714
    88 -0.384983 0.330998 0.006848 -3.087207 -0.018765 -0.184279
    89 0.678146 0.006192 -0.003905 -0.000018 -0.000019 0.352200
    90 -0.123848 0.072737 0.029507 2.898184 -0.060627 0.094834
    91 1.017166 -0.000154 -0.000252 -0.000023 -0.000014 0.325859
    92 -0.344986 0.123129 0.143151 2.994981 0.012396 0.059140
    93 -0.730988 0.177046 0.039141 -0.123731 0.076518 -0.084310
    94 0.925900 0.005205 -0.000896 0.000058 -0.000023 0.484929
    95 -0.124027 -0.052092 0.038496 3.077813 -0.008519 0.039229
    96 1.098633 0.000007 0.000469 0.000000 0.000000 0.904169
    97 -0.330082 0.160641 0.042780 3.128073 0.034033 -0.171236
    98 0.678711 -0.000813 0.000174 0.000000 0.000000 0.937064
    99 -0.019516 -0.016531 0.038578 -2.763781 0.050305 0.076828
    100 1.018891 0.001206 0.001121 0.000054 -0.000029 0.984549
    101 -0.155312 0.130643 -0.021921 -3.022466 0.022433 -0.024903
    102 -0.252209 0.061937 -0.024914 -0.007671 -0.063171 -0.044392
    103 -0.085991 0.185203 -0.015180 -2.937063 -0.113970 -0.138991
    104 -0.286537 0.179852 0.024264 -3.109353 -0.049645 -0.029915
    105 -0.019489 0.147084 0.079203 2.893815 0.038585 -0.060594
    106 -0.046482 0.251898 0.129548 3.016165 0.077112 -0.042864
    107 0.039120 -0.040298 0.047739 3.084219 0.030470 -0.037414
    108 -0.233757 0.066630 0.001754 -3.133086 0.040141 -0.065413
    109 0.044266 0.020128 0.001684 -2.778763 -0.118872 -0.040488
    110 0.071495 0.074127 -0.048302 -3.035917 -0.059482 0.104366
    111 -0.714866 -13.098056 -4.570452 -0.356758 0.000094 -1.570796
    112 4.449355 9.859676 -6.015809 0.072817 -0.852543 -1.396138
    113 -1.142999 -0.001000 0.273999 -1.006101 -0.000004 1.570789
    114 -0.943998 0.000000 1.776996 0.000000 0.000000 0.000000
    115 2.039996 -0.296999 1.310997 0.000000 0.000000 -1.570817
    116 -0.653999 0.000000 -1.549997 0.000000 0.000000 0.000000
    117 4.078125 0.000000 -0.139893 0.000000 0.000000 0.000000
    118 1.636719 0.000000 -0.502441 0.000000 0.000000 0.000000
    119 2.435547 0.000000 0.764160 0.000000 0.000000 0.000000
    120 -0.898998 0.000000 -1.088998 0.000000 0.000000 0.000000
    121 2.025996 -0.001000 0.680999 0.000000 0.000000 1.570816
    122 0.000000 0.000000 0.000000 0.000000 0.000000 -1.570816
    123 0.711998 0.439999 -0.805998 0.000000 0.000000 1.570815
    124 -1.474998 0.000000 0.073000 0.000000 0.000000 1.570816
    125 1.889997 0.409999 0.284999 1.570922 0.000000 0.000000
    126 0.000000 0.000000 0.000000 0.000000 0.000000 0.000000
    127 -0.106000 0.000000 64.320000 0.000000 0.000000 0.000000
    128 0.000000 0.000000 0.000000 0.000000 0.000000 0.000000
    129 0.000000 0.000000 0.000000 0.000000 0.000000 0.000000
    130 23.844723 -1.308148 5.653595 -0.356894 0.000112 0.000050
    131 0.106000 0.000000 -64.320000 0.000000 0.000000 0.000000
    132 0.000000 0.000000 0.000000 0.000000 0.000000 0.000000
    133 0.000000 0.000000 -4.867002 -3.141592 0.000000 -3.128591
    134 0.000000 0.000000 4.867000 -3.141592 0.000000 -3.128591
    135 4.000000 -6.500000 0.000000 0.000000 0.000000 0.000977
    136 -6.500000 0.000000 0.000000 0.000000 1.570796 0.000000
    137 1.000088 -0.000029 0.000000 0.000000 0.000000 0.000000
    138 17.162516 -0.000404 0.000000 0.000000 0.000000 0.119214
    139 9.999891 -0.000303 0.000000 0.000000 0.000000 0.000000
    140 1.000088 -0.000029 0.000000 0.000000 0.000000 0.000000
    141 17.162516 -0.000404 0.000000 0.000000 0.000000 0.119214
    142 9.499836 0.000212 0.000000 0.000000 0.000000 0.000000
    143 0.000000 0.000000 0.000000 0.000000 0.000000 0.000000
    144 17.749374 0.295515 0.000000 0.000000 0.000000 -1.158958
    145 0.017889 0.299792 0.000000 0.000000 0.000000 -0.059582
    146 12.283573 1.581456 -4.696000 1.462269 -0.086726 0.090185
    147 17.749376 0.295515 0.000000 0.000000 0.000000 -1.158958
    148 0.017889 0.299792 0.000000 0.000000 0.000000 -0.059582
    149 13.354000 0.000000 0.000000 0.000000 0.000000 -0.294101
    150 4.530998 0.000000 0.000000 0.000000 0.000000 0.000000
    151 0.000000 0.000000 0.000000 0.000000 0.000000 0.000000
    152 5.413524 0.000347 0.000000 0.000000 0.000000 -0.518055
    153 5.413524 0.000347 0.000000 0.000000 0.000000 -0.518055
    154 4.662002 -5.366333 4.825191 1.569713 1.561305 -3.121213
    155 3.116966 -0.000443 0.000000 0.000000 0.000000 0.294101
    156 4.531197 0.000000 0.000000 0.000000 0.000000 0.000000
    157 -14.927719 21.711600 -55.194514 0.356944 0.000003 0.000000
    158 -1.605469 0.000000 0.564941 0.000000 0.314098 0.000000
    159 -14.908408 22.035829 -56.062152 -1.148037 -0.356956 1.570754
    160 -1.532227 0.000000 1.130859 -0.262470 -0.000006 1.570749
    161 0.000000 -0.001000 0.000000 0.000000 0.000000 0.000000
    162 3.867000 0.000000 0.228000 0.000000 0.000000 0.000000
    163 3.512001 -3.547000 -1.066000 0.000000 1.570796 0.000000
    164 3.456001 -3.517000 1.169000 0.000000 1.570796 0.000000
    165 6.233002 0.000000 0.000000 0.000000 0.000000 0.000000
    166 -0.171997 -0.106000 -0.902000 1.570713 1.029176 -3.134550
    167 6.241997 -6.380000 0.000000 0.000000 0.000000 0.000000
    168 -3.106999 0.000000 0.669000 0.000000 0.000000 0.000000
    169 -3.106999 0.000000 0.741000 0.000000 0.000000 0.000000
    170 -3.252000 0.000000 0.540000 0.000000 0.000000 0.000000
    171 3.999434 -0.000528 -0.000332 -0.573326 -0.000017 -0.000059
    172 3.999901 0.000038 0.001011 0.039249 -0.000061 -0.000001
    173 1.598000 0.000000 0.000000 0.000000 0.000000 0.000000
    174 -1.145525 0.000130 0.000668 0.000000 0.000000 0.000000
    175 2.299681 -2.499979 -0.599480 0.892021 0.221512 -0.527234
    176 11.970850 -3.105564 -0.100452 1.597558 -0.146651 -0.183948
    177 -9.580679 -27.862110 -37.184673 0.812879 -0.123459 -0.568477
    178 0.649933 -0.548295 0.093651 -1.665913 -0.131399 -0.112062
    179 0.657077 0.008401 0.040371 -1.665945 -0.131407 -0.000013
    180 0.665776 0.747221 -0.029190 -1.665935 -0.131408 0.094976
    181 2.300139 -2.499414 0.600159 -0.891995 -0.221560 -0.527344
    182 12.509592 1.698235 3.564709 1.764030 -0.255070 0.216942
    183 2.762354 0.116951 1.523975 1.629482 0.064153 1.743800
    184 7.228323 7.928203 -3.925652 2.328713 0.123459 -0.568477
    185 0.650394 -0.547730 -0.092979 1.665913 0.131399 -0.112062
    186 0.657069 0.008399 -0.040379 1.665945 0.131407 -0.000013
    187 0.665772 0.747219 0.029182 1.665935 0.131408 0.094976
    188 -4.481003 -0.202000 0.000000 0.000000 0.000000 0.000000
    189 -5.516998 -0.291000 -0.001000 0.000000 0.000000 0.000000
    190 -0.857697 0.104070 0.104687 0.023536 0.163924 0.013632
    191 1.899121 0.000427 -0.000439 0.027386 -0.033311 0.477848
    192 1.799658 -0.000240 0.000231 0.027386 -0.033311 0.477848
    193 1.799658 -0.000240 0.000231 0.027386 -0.033311 0.477848
    194 1.799658 -0.000240 0.000231 0.027386 -0.033311 0.477848
    195 1.900312 -0.000137 -0.000517 0.027386 -0.033311 0.477848
    196 1.899436 -0.000320 -0.000151 -0.027386 0.033311 0.477848
    197 1.799664 -0.000233 -0.000233 -0.027386 0.033311 0.477848
    198 1.799664 -0.000233 -0.000233 -0.027386 0.033311 0.477848
    199 1.799664 -0.000233 -0.000233 -0.027386 0.033311 0.477848
    200 1.900729 0.000549 -0.000072 -0.027386 0.033311 0.477848
    201 0.599884 0.400188 -0.000027 0.000000 0.000000 0.000000
    202 0.599888 0.400187 0.000031 0.000000 0.000000 -3.141592
    203 0.599503 0.400696 0.000234 0.000000 0.000000 0.000000
    204 0.600399 0.399632 -0.000466 0.000000 0.000000 -3.141592
end
