// Created by Crowbar 0.74
version 1
nodes
  0 "tag_origin" -1
  1 "tag_view" 0
  2 "tag_ads" 1
  3 "tag_torso" 2
  4 "j_mainroot" 3
  5 "j_spinelower" 4
  6 "j_spineupper" 5
  7 "j_clavicle_le" 6
  8 "j_clavicle_ri" 6
  9 "j_shoulder_le" 7
  10 "j_teres_le" 7
  11 "j_shoulder_ri" 8
  12 "j_teres_ri" 8
  13 "j_shouldertwist_le" 9
  14 "j_elbow_le" 9
  15 "ValveBiped.Bip01_L_UpperArm" 9
  16 "j_shouldertwist_ri" 11
  17 "j_elbow_ri" 11
  18 "ValveBiped.Bip01_R_UpperArm" 11
  19 "j_wristfronttwist1_le" 14
  20 "j_elbowdq_le" 14
  21 "j_wrist_le" 14
  22 "ValveBiped.Bip01_L_Forearm" 14
  23 "j_wristfronttwist1_ri" 17
  24 "j_elbowdq_ri" 17
  25 "j_wrist_ri" 17
  26 "ValveBiped.Bip01_R_Forearm" 17
  27 "j_metaindex_le_1" 21
  28 "j_metamid_le_1" 21
  29 "j_metapinky_le_1" 21
  30 "j_metaring_le_1" 21
  31 "j_thumb_le_1" 21
  32 "ValveBiped.Bip01_L_Hand" 21
  33 "j_metaindex_ri_1" 25
  34 "j_metamid_ri_1" 25
  35 "j_metapinky_ri_1" 25
  36 "j_metaring_ri_1" 25
  37 "j_thumb_ri_1" 25
  38 "ValveBiped.Bip01_R_Hand" 25
  39 "j_index_le_1" 27
  40 "j_mid_le_1" 28
  41 "j_pinky_le_1" 29
  42 "j_webbing_le_3" 29
  43 "j_ring_le_1" 30
  44 "j_thumb_le_2" 31
  45 "j_webbing_le_2" 31
  46 "ValveBiped.Bip01_L_Finger0" 31
  47 "j_index_ri_1" 33
  48 "j_mid_ri_1" 34
  49 "j_pinky_ri_1" 35
  50 "j_webbing_ri_3" 35
  51 "j_ring_ri_1" 36
  52 "j_thumb_ri_2" 37
  53 "j_webbing_ri_2" 37
  54 "ValveBiped.Bip01_R_Finger0" 37
  55 "j_index_le_2" 39
  56 "j_indexbulge_le_1" 39
  57 "j_proc_index_le_1" 39
  58 "ValveBiped.Bip01_L_Finger1" 39
  59 "j_mid_le_2" 40
  60 "j_proc_mid_le_1" 40
  61 "ValveBiped.Bip01_L_Finger2" 40
  62 "j_pinky_le_2" 41
  63 "j_proc_pinky_le_1" 41
  64 "ValveBiped.Bip01_L_Finger4" 41
  65 "j_ring_le_2" 43
  66 "j_proc_ring_le_1" 43
  67 "ValveBiped.Bip01_L_Finger3" 43
  68 "j_thumb_le_3" 44
  69 "ValveBiped.Bip01_L_Finger01" 44
  70 "j_index_ri_2" 47
  71 "j_indexbulge_ri_1" 47
  72 "j_proc_index_ri_1" 47
  73 "ValveBiped.Bip01_R_Finger1" 47
  74 "j_mid_ri_2" 48
  75 "j_proc_mid_ri_1" 48
  76 "ValveBiped.Bip01_R_Finger2" 48
  77 "j_pinky_ri_2" 49
  78 "j_proc_pinky_ri_1" 49
  79 "ValveBiped.Bip01_R_Finger4" 49
  80 "j_ring_ri_2" 51
  81 "j_proc_ring_ri_1" 51
  82 "ValveBiped.Bip01_R_Finger3" 51
  83 "j_thumb_ri_3" 52
  84 "ValveBiped.Bip01_R_Finger01" 52
  85 "j_index_le_3" 55
  86 "ValveBiped.Bip01_L_Finger11" 55
  87 "j_mid_le_3" 59
  88 "ValveBiped.Bip01_L_Finger21" 59
  89 "j_pinky_le_3" 62
  90 "ValveBiped.Bip01_L_Finger41" 62
  91 "j_ring_le_3" 65
  92 "ValveBiped.Bip01_L_Finger31" 65
  93 "ValveBiped.Bip01_L_Finger02" 68
  94 "j_index_ri_3" 70
  95 "ValveBiped.Bip01_R_Finger11" 70
  96 "j_mid_ri_3" 74
  97 "ValveBiped.Bip01_R_Finger21" 74
  98 "j_pinky_ri_3" 77
  99 "ValveBiped.Bip01_R_Finger41" 77
  100 "j_ring_ri_3" 80
  101 "ValveBiped.Bip01_R_Finger31" 80
  102 "ValveBiped.Bip01_R_Finger02" 83
  103 "ValveBiped.Bip01_L_Finger12" 85
  104 "ValveBiped.Bip01_L_Finger22" 87
  105 "ValveBiped.Bip01_L_Finger42" 89
  106 "ValveBiped.Bip01_L_Finger32" 91
  107 "ValveBiped.Bip01_R_Finger12" 94
  108 "ValveBiped.Bip01_R_Finger22" 96
  109 "ValveBiped.Bip01_R_Finger42" 98
  110 "ValveBiped.Bip01_R_Finger32" 100
  111 "tag_pistol_offset" -1
  112 "j_gun" -1
  113 "j_hammer" 111
  114 "tag_align_gun" 111
  115 "tag_brass" 111
  116 "tag_grip_hide" 111
  117 "tag_laser_attach" 111
  118 "tag_mag_attach" 111
  119 "tag_rail_attach" 111
  120 "tag_stock_attach" 111
  121 "j_trigger" 120
  122 "tag_trigger_hide" 121
  123 "j_magrel" 111
  124 "j_safety" 111
  125 "j_sliderelease" 111
  126 "tag_sync" 0
  127 "tag_camera_scripted" 0
  128 "tag_cambone" 1
  129 "tag_camera" 128
  130 "tag_weapon" 3
  131 "tag_player" 129
  132 "tag_playerhelmet" 129
  133 "j_hip_le" 4
  134 "j_hip_ri" 4
  135 "j_groinprotector" 4
  136 "j_crotch" 4
  137 "j_hiptwist_le" 133
  138 "j_knee_le" 133
  139 "j_hip_proc_le" 133
  140 "j_hiptwist_ri" 134
  141 "j_knee_ri" 134
  142 "j_hip_proc_ri" 134
  143 "j_proc_spinelower" 5
  144 "j_ankle_le" 138
  145 "j_kneedq_le" 138
  146 "tag_stowed_thigh" 140
  147 "j_ankle_ri" 141
  148 "j_kneedq_ri" 141
  149 "j_neck" 6
  150 "j_spine4" 6
  151 "j_proc_spineupper" 6
  152 "j_ball_le" 144
  153 "j_ball_ri" 147
  154 "tag_carry_attach" 7
  155 "j_head" 149
  156 "j_chest" 150
  157 "j_mag1" 118
  158 "j_mag2" 118
  159 "j_bullet" 118
  160 "j_bullet2" 118
  161 "j_slide" 119
  162 "tag_flash" 119
  163 "j_eyeball_le" 155
  164 "j_eyeball_ri" 155
  165 "j_head_end" 155
  166 "j_jaw" 155
  167 "j_nvg" 155
  168 "tag_reflex" 161
  169 "tag_scope" 161
  170 "tag_sight_on" 161
  171 "j_shield_le" 14
  172 "j_shield_ri" 17
  173 "j_helmet" 165
  174 "j_proc_wristfronttwist1_le" 19
  175 "j_webbing_le_1" 21
  176 "tag_weapon_left" 21
  177 "tag_accessory_left" 21
  178 "j_proc_metaindex_le_1" 21
  179 "j_proc_metaknuckle_le_1" 21
  180 "j_proc_metapinky_le_1" 21
  181 "j_webbing_ri_1" 25
  182 "tag_weapon_right" 25
  183 "tag_knife_attach2" 25
  184 "tag_accessory_right" 25
  185 "j_proc_metaindex_ri_1" 25
  186 "j_proc_metaknuckle_ri_1" 25
  187 "j_proc_metapinky_ri_1" 25
  188 "j_visor" 173
  189 "j_visor_inner" 173
  190 "tag_wrist_attach_le" 174
  191 "j_proc_metaindex_le_2" 178
  192 "j_proc_knuckle_le_1" 179
  193 "j_proc_idle_knuckle_le_1" 179
  194 "j_proc_orient_knuckle_le_1" 179
  195 "j_proc_metapinky_le_2" 180
  196 "j_proc_metaindex_ri_2" 185
  197 "j_proc_knuckle_ri_1" 186
  198 "j_proc_idle_knuckle_ri_1" 186
  199 "j_proc_orient_knuckle_ri_1" 186
  200 "j_proc_metapinky_ri_2" 187
  201 "j_thumb_le_4" 68
  202 "j_thumb_ri_4" 83
  203 "j_index_le_4" 85
  204 "j_index_ri_4" 94
end
skeleton
  time 0
    0 0.000000 0.000000 0.000000 0.000000 0.000000 -1.570796
    1 -0.106000 0.000000 64.320000 0.000000 0.000000 0.000000
    2 0.000000 0.000000 0.000000 0.000000 0.000000 0.000000
    3 -0.904000 0.000000 -11.806000 0.000000 0.000000 0.000000
    4 0.000000 0.000000 -14.313999 0.000000 0.000000 0.000000
    5 3.533001 0.000000 0.000000 0.000000 0.000000 0.000000
    6 6.250000 0.000000 0.000000 0.000000 0.000000 0.000000
    7 9.533793 -3.003973 -0.983053 -0.000078 0.000000 -0.000050
    8 10.186157 -5.281386 5.862120 0.023546 -0.003057 -0.295758
    9 5.786820 0.002787 -0.004020 -0.401396 0.221862 0.290664
    10 5.999492 -0.000592 -4.000343 0.000000 0.000000 0.000000
    11 5.791316 0.002582 0.000893 -0.206151 0.044656 0.302889
    12 5.999492 -0.000592 4.000336 0.000000 0.000000 0.000000
    13 0.500225 0.000133 -0.000088 0.295833 -0.000060 0.000000
    14 11.534559 0.004255 -0.001312 -0.000017 0.000009 -0.712935
    15 -0.829338 0.893824 0.079659 -0.148839 0.047645 0.087266
    16 0.500225 0.000132 0.000076 0.250101 0.000000 0.000000
    17 11.532495 0.000526 -0.000089 -0.000018 0.000038 -0.704341
    18 -0.829586 0.894698 -0.079464 0.045377 -0.019621 0.087266
    19 10.599884 0.000105 -0.000553 0.243542 0.000000 0.000000
    20 0.334515 -0.384559 -0.000805 0.000000 0.000011 0.356542
    21 11.042057 0.003717 0.000798 0.431296 -0.630934 0.004698
    22 -1.214832 0.203470 -0.477489 -0.135025 -0.078677 -0.001289
    23 10.599880 0.000105 0.000549 0.186017 -0.000048 0.000000
    24 0.244667 -0.286900 0.000801 0.000000 -0.000011 0.352310
    25 11.041742 0.003171 -0.000571 -0.109374 0.024646 0.433472
    26 -1.063377 0.077663 0.150230 0.045121 0.020046 -0.012850
    27 0.610302 -0.939470 0.070343 -0.000202 -0.000075 -0.000018
    28 0.639940 -0.199121 0.060188 -0.000051 -0.000016 -0.000004
    29 0.600155 1.080261 -0.339535 -0.000106 -0.000051 0.000075
    30 0.610207 0.400743 -0.010101 -0.000161 0.000045 0.000003
    31 0.630809 -0.693997 -0.232343 -0.000046 0.000017 -0.000067
    32 -0.792125 0.203736 0.461300 1.439074 -0.003453 -0.018305
    33 0.610300 -0.939469 -0.070351 0.000000 -0.000057 -0.000018
    34 0.639937 -0.199121 -0.060200 0.000000 -0.000043 -0.000064
    35 0.600157 1.080259 0.339531 0.000053 -0.000021 -0.000045
    36 0.610205 0.400743 0.010086 0.000108 0.000003 -0.000057
    37 0.629883 -0.689453 0.230347 0.000000 0.000000 0.000000
    38 -0.626031 -0.069983 -0.080517 -1.447153 0.086151 0.021559
    39 2.621377 -0.002532 -0.001438 0.000015 -0.000068 -0.000104
    40 2.660837 0.000397 -0.000071 -0.000015 0.000043 0.000090
    41 2.202488 0.003368 -0.006769 0.000057 0.000048 0.000012
    42 0.599952 0.959240 -0.300102 -0.174544 0.000000 0.000000
    43 2.557190 -0.005873 0.006359 -0.000115 0.000023 0.000037
    44 2.095024 -0.003873 -0.002193 -0.000007 -0.000045 0.000006
    45 0.999380 -0.000236 -1.209370 -0.000001 0.000000 0.000000
    46 -0.122639 -0.721856 0.661690 -0.486644 0.223964 0.243056
    47 2.626019 -0.004555 0.002741 0.002429 -0.156711 0.112253
    48 2.654002 0.004589 -0.000533 0.000078 0.000075 0.000022
    49 2.200016 0.001663 0.000836 0.000000 -0.000013 -0.000008
    50 0.599951 0.959244 0.300102 0.174544 0.000000 0.000000
    51 2.556570 -0.000385 0.000554 -0.000002 0.000009 0.000094
    52 2.097656 -0.000093 -0.000404 0.000000 0.000000 0.000000
    53 0.999374 -0.000237 1.209362 0.000000 0.000000 0.000001
    54 0.310846 -0.606445 -0.498005 0.308107 -0.197598 0.313976
    55 1.873069 -0.000835 -0.004901 -0.000007 0.000004 0.000078
    56 1.200941 0.399582 -0.000237 -0.009465 0.016087 0.007127
    57 0.000586 0.100342 -0.000319 -0.120035 -0.021926 -0.209617
    58 -0.161663 0.051712 0.194808 -2.941982 0.122408 -0.060194
    59 2.010092 -0.003202 -0.003377 0.000018 0.000013 -0.000044
    60 0.000240 0.099802 -0.000395 -0.018823 0.010833 -0.239219
    61 -0.203197 0.048607 0.069150 -3.093332 0.033217 -0.046722
    62 1.180428 -0.006214 0.000780 -0.000062 0.000072 0.000009
    63 -0.000196 0.099625 -0.000034 0.000000 0.000000 -0.314102
    64 -0.088736 -0.688435 -0.145203 2.930407 -0.136130 0.513013
    65 1.707031 0.000721 -0.000195 0.000000 0.000000 0.000000
    66 -0.000580 0.100145 -0.000311 -0.010912 0.023129 -0.260841
    67 -0.146030 -0.232426 -0.014225 3.028455 -0.094299 0.113020
    68 1.290632 0.000362 -0.000032 0.000000 0.000000 0.000000
    69 -0.658121 -0.003575 0.072645 -0.142711 0.027792 -0.077299
    70 1.871986 -0.003049 0.006083 0.028191 0.053107 -0.552970
    71 1.200079 0.399944 -0.000093 0.009465 -0.016087 0.007127
    72 0.000591 0.100342 0.000319 0.120035 0.021926 -0.209617
    73 0.068077 0.002285 -0.080050 3.111376 -0.069366 -0.060847
    74 2.015780 -0.005083 0.002180 -0.000013 0.000047 0.000069
    75 0.000229 0.099802 0.000395 0.018823 -0.010833 -0.239219
    76 -0.018673 -0.001009 0.047544 3.109244 0.002635 -0.106673
    77 1.178665 0.001595 0.000845 0.000018 -0.000012 0.000105
    78 -0.000198 0.099628 0.000034 0.000000 0.000000 -0.314102
    79 0.036892 -0.634449 0.266284 -2.801062 0.174301 0.490914
    80 1.708256 -0.002506 -0.000686 -0.000022 0.000023 -0.000040
    81 -0.000576 0.100136 0.000311 0.010912 -0.023129 -0.260841
    82 -0.003952 -0.281811 0.115047 -3.059162 0.089004 0.167964
    83 1.289627 0.003949 0.000061 -0.000014 0.000003 -0.000049
    84 -0.171528 -0.018148 -0.099873 0.013484 -0.062184 -0.011780
    85 0.919434 -0.000298 -0.000422 0.000000 0.000000 0.000000
    86 -0.342617 0.053404 -0.025571 -2.909301 -0.017248 0.075276
    87 1.100231 -0.000930 -0.002434 0.000009 0.000074 0.000010
    88 -0.384983 0.330998 0.006848 -3.087207 -0.018765 -0.184279
    89 0.678146 0.006192 -0.003905 0.000042 -0.000079 0.000055
    90 -0.123848 0.072737 0.029507 2.898184 -0.060627 0.094834
    91 1.017166 -0.000154 -0.000252 -0.000083 -0.000014 0.000066
    92 -0.344986 0.123129 0.143151 2.994981 0.012396 0.059140
    93 -0.730988 0.177046 0.039141 -0.123731 0.076518 -0.084310
    94 0.921993 0.001298 -0.000896 0.023296 0.055441 -0.615881
    95 -0.124027 -0.052092 0.038496 3.077813 -0.008519 0.039229
    96 1.100430 -0.007458 0.000503 -0.000006 -0.000042 -0.000014
    97 -0.330082 0.160641 0.042780 3.128073 0.034033 -0.171236
    98 0.671947 0.005438 0.003272 0.000014 0.000063 0.000010
    99 -0.019516 -0.016531 0.038578 -2.763781 0.050305 0.076828
    100 1.014985 0.005113 0.001121 -0.000054 0.000007 0.000080
    101 -0.155312 0.130643 -0.021921 -3.022466 0.022433 -0.024903
    102 -0.252209 0.061937 -0.024914 -0.007671 -0.063171 -0.044392
    103 -0.085991 0.185203 -0.015180 -2.937063 -0.113970 -0.138991
    104 -0.286537 0.179852 0.024264 -3.109353 -0.049645 -0.029915
    105 -0.019489 0.147084 0.079203 2.893815 0.038585 -0.060594
    106 -0.046482 0.251898 0.129548 3.016165 0.077112 -0.042864
    107 0.039120 -0.040298 0.047739 3.084219 0.030470 -0.037414
    108 -0.233757 0.066630 0.001754 -3.133086 0.040141 -0.065413
    109 0.044266 0.020128 0.001684 -2.778763 -0.118872 -0.040488
    110 0.071495 0.074127 -0.048302 -3.035917 -0.059482 0.104366
    111 1.406293 -3.492294 52.900052 0.002487 -0.013951 -1.274807
    112 -16.707541 -24.192145 47.325663 2.074634 -0.031161 -2.412383
    113 -1.142999 -0.001000 0.273999 0.000000 0.000000 1.570816
    114 -0.943998 0.000000 1.776996 0.000000 0.000000 0.000000
    115 2.039996 -0.296999 1.310997 0.000000 0.000000 -1.570817
    116 -0.653999 0.000000 -1.549997 0.000000 0.000000 0.000000
    117 4.078125 0.000000 -0.139893 0.000000 0.000000 0.000000
    118 1.636719 0.000000 -0.501953 0.000000 0.000000 0.000000
    119 2.437500 0.000000 0.764648 0.000000 0.000000 0.000000
    120 -0.898998 0.000000 -1.088998 0.000000 0.000000 0.000000
    121 2.025996 -0.001000 0.680999 0.000000 0.000000 1.570816
    122 0.000000 0.000000 0.000000 0.000000 0.000000 -1.570816
    123 0.711998 0.439999 -0.805998 0.000000 0.000000 1.570815
    124 -1.474998 0.000000 0.073000 0.000000 0.000000 1.570816
    125 1.889997 0.409999 0.284999 1.570815 0.000000 0.000000
    126 0.000000 0.000000 0.000000 0.000000 0.000000 0.000000
    127 -0.106000 0.000000 64.320000 0.000000 0.000000 0.000000
    128 0.000000 0.000000 0.000000 0.000000 0.000000 0.000000
    129 0.000000 0.000000 0.000000 -0.000587 0.000000 0.000000
    130 13.836605 4.258428 -1.155207 0.002557 -0.013932 0.296044
    131 0.106000 0.000000 -64.320000 0.000000 0.000000 0.000000
    132 0.000000 0.000000 0.000000 0.000000 0.000000 0.000000
    133 0.000000 0.000000 -4.867002 0.000000 0.000000 0.000000
    134 0.000000 0.000000 4.867000 0.000000 0.000000 0.000000
    135 4.000000 -6.500000 0.000000 0.000000 0.000000 0.000000
    136 -6.500000 0.000000 0.000000 0.000000 0.000000 0.000000
    137 1.000088 -0.000029 0.000000 0.000000 0.000000 0.000000
    138 17.162516 -0.000404 0.000000 0.000000 0.000000 0.000000
    139 9.999891 -0.000303 0.000000 0.000000 0.000000 0.000000
    140 1.000088 -0.000029 0.000000 0.000000 0.000000 0.000000
    141 17.162516 -0.000404 0.000000 0.000000 0.000000 0.000000
    142 9.499836 0.000212 0.000000 0.000000 0.000000 0.000000
    143 0.000000 0.000000 0.000000 0.000000 0.000000 0.000000
    144 17.749374 0.295515 0.000000 0.000000 0.000000 0.000000
    145 0.017889 0.299792 0.000000 0.000000 0.000000 0.000000
    146 12.283573 1.581456 -4.696000 1.462269 -0.086726 0.090185
    147 17.749376 0.295515 0.000000 0.000000 0.000000 0.000000
    148 0.017889 0.299792 0.000000 0.000000 0.000000 0.000000
    149 13.354000 0.000000 0.000000 0.000000 0.000000 0.000000
    150 4.530998 0.000000 0.000000 0.000000 0.000000 0.000000
    151 0.000000 0.000000 0.000000 0.000000 0.000000 0.000000
    152 5.413524 0.000347 0.000000 0.000000 0.000000 0.000000
    153 5.413524 0.000347 0.000000 0.000000 0.000000 0.000000
    154 4.662002 -5.366333 4.825191 1.569713 1.561305 -3.121213
    155 3.116966 -0.000443 0.000000 0.000000 0.000000 0.000000
    156 0.000000 0.000000 0.000000 0.000000 0.000000 0.000000
    157 -1.607000 0.000000 0.565000 0.000000 0.314158 0.000000
    158 -1.605469 0.000000 0.564453 0.000000 0.314158 0.000000
    159 -1.533000 0.000000 1.131000 -0.262473 -0.000006 1.570754
    160 -1.532227 0.000000 1.130859 -0.262470 -0.000006 1.570749
    161 0.000000 -0.001000 0.000000 0.000000 0.000000 0.000000
    162 3.867000 0.000000 0.228000 0.000000 0.000000 0.000000
    163 3.512001 -3.547000 -1.066000 0.000000 1.570796 0.000000
    164 3.456001 -3.517000 1.169000 0.000000 1.570796 0.000000
    165 6.233002 0.000000 0.000000 0.000000 0.000000 0.000000
    166 -0.171997 -0.106000 -0.902000 1.570713 1.029176 -3.134550
    167 6.241997 -6.380000 0.000000 0.000000 0.000587 0.000000
    168 -3.106999 0.000000 0.669000 0.000000 0.000000 0.000000
    169 -3.106999 0.000000 0.741000 0.000000 0.000000 0.000000
    170 -3.252000 0.000000 0.540000 0.000000 0.000000 0.000000
    171 3.999434 -0.000528 -0.000332 0.121799 -0.000017 -0.000011
    172 3.999901 0.000038 0.001011 0.092976 -0.000001 -0.000001
    173 1.598000 0.000000 0.000000 0.000000 0.000000 0.000000
    174 -1.145525 0.000130 0.000668 0.000000 0.000000 0.000000
    175 2.299681 -2.499979 -0.599480 -0.000122 0.000013 -0.000003
    176 -9.580589 -27.860225 -37.179709 0.000053 -0.000010 -0.000139
    177 -9.580679 -27.862110 -37.184673 0.812879 -0.123459 -0.568477
    178 0.649933 -0.548295 0.093651 -1.665913 -0.131399 -0.112062
    179 0.657077 0.008401 0.040371 -1.665945 -0.131407 -0.000013
    180 0.665776 0.747221 -0.029190 -1.665935 -0.131408 0.094976
    181 2.300139 -2.499414 0.600159 -0.000109 0.000059 -0.000016
    182 -18.909335 -8.427074 0.002100 0.000000 -0.000014 -0.000026
    183 2.762354 0.116951 1.523975 1.629482 0.064153 1.743800
    184 7.228323 7.928203 -3.925652 2.328713 0.123459 -0.568477
    185 0.650394 -0.547730 -0.092979 1.665913 0.131399 -0.112062
    186 0.657069 0.008399 -0.040379 1.665945 0.131407 -0.000013
    187 0.665772 0.747219 0.029182 1.665935 0.131408 0.094976
    188 -4.481003 -0.202000 0.000000 0.000000 0.000000 0.000000
    189 -5.516998 -0.291000 -0.001000 0.000000 0.000000 0.000000
    190 -0.857697 0.104070 0.104687 0.023536 0.163924 0.013632
    191 1.899121 0.000427 -0.000439 0.027386 -0.033311 0.477848
    192 1.799658 -0.000240 0.000231 0.027386 -0.033311 0.477848
    193 1.799658 -0.000240 0.000231 0.027386 -0.033311 0.477848
    194 1.799658 -0.000240 0.000231 0.027386 -0.033311 0.477848
    195 1.900312 -0.000137 -0.000517 0.027386 -0.033311 0.477848
    196 1.899436 -0.000320 -0.000151 -0.027386 0.033311 0.477848
    197 1.799664 -0.000233 -0.000233 -0.027386 0.033311 0.477848
    198 1.799664 -0.000233 -0.000233 -0.027386 0.033311 0.477848
    199 1.799664 -0.000233 -0.000233 -0.027386 0.033311 0.477848
    200 1.900729 0.000549 -0.000072 -0.027386 0.033311 0.477848
    201 0.599884 0.400188 -0.000027 0.000000 0.000000 0.000000
    202 0.599888 0.400187 0.000031 0.000000 0.000000 0.000000
    203 0.599503 0.400696 0.000234 0.000000 0.000000 0.000000
    204 0.600399 0.399632 -0.000466 0.000000 0.000000 -0.000095
  time 1
    0 0.000000 0.000000 0.000000 0.000000 0.000000 -1.570796
    1 -0.106000 0.000000 64.320000 0.000000 0.000000 0.000000
    2 0.000000 0.000000 0.000000 0.000000 0.000000 0.000000
    3 -0.904000 0.000000 -11.806000 0.000000 0.000000 0.000000
    4 0.000000 0.000000 -14.313999 0.000000 0.000000 0.000000
    5 3.533001 0.000000 0.000000 0.000000 0.000000 0.000000
    6 6.250000 0.000000 0.000000 0.000000 0.000000 0.000000
    7 9.529887 -2.898501 -1.014304 -0.000078 0.000000 -0.000050
    8 10.029902 -5.375139 5.928529 0.035621 0.027611 -0.282567
    9 5.786820 0.002787 -0.004020 -0.407446 0.221777 0.264892
    10 5.999492 -0.000592 -4.000343 0.000000 0.000000 0.000000
    11 5.787410 0.002582 0.004799 -0.198402 0.041136 0.298208
    12 5.999492 -0.000592 4.000336 0.000000 0.000000 0.000000
    13 0.500225 0.000133 -0.000088 0.301607 0.000000 0.000000
    14 11.534559 0.004255 -0.001312 -0.000017 0.000009 -0.648135
    15 -0.829338 0.893824 0.079659 -0.148839 0.047645 0.087266
    16 0.500225 0.000132 0.000076 0.241715 0.000060 0.000000
    17 11.532495 0.000526 -0.000089 0.000006 -0.000022 -0.690801
    18 -0.829586 0.894698 -0.079464 0.045377 -0.019621 0.087266
    19 10.599884 0.000105 -0.000553 0.281359 -0.000060 0.000000
    20 0.299358 -0.357215 -0.000805 0.000000 0.000011 0.324151
    21 11.042057 -0.000189 0.000798 0.422344 -0.578624 -0.041444
    22 -1.214832 0.203470 -0.477489 -0.135025 -0.078677 -0.001289
    23 10.599880 0.000105 0.000549 0.177213 0.000000 0.000000
    24 0.232948 -0.286900 0.000801 0.000000 -0.000011 0.345503
    25 11.041742 0.003171 -0.000571 -0.109900 0.021967 0.421924
    26 -1.063377 0.077663 0.150230 0.045121 0.020046 -0.012850
    27 0.610302 -0.939470 0.070343 -0.000202 -0.000075 -0.000018
    28 0.639940 -0.199121 0.060188 -0.000102 -0.000016 -0.000004
    29 0.600155 1.080261 -0.339535 -0.000106 -0.000051 0.000075
    30 0.610207 0.400743 -0.010101 -0.000161 0.000045 0.000003
    31 0.630809 -0.693997 -0.236250 -0.000046 0.000017 -0.000026
    32 -0.792125 0.203736 0.461300 1.439074 -0.003453 -0.018305
    33 0.610300 -0.939469 -0.070351 0.000101 -0.000057 -0.000018
    34 0.639937 -0.199121 -0.060200 0.000102 -0.000043 -0.000064
    35 0.600157 1.080259 0.339531 0.000053 -0.000021 -0.000057
    36 0.610205 0.400743 0.010086 0.000108 0.000003 -0.000057
    37 0.629883 -0.689453 0.230347 0.000000 0.000000 0.000000
    38 -0.626031 -0.069983 -0.080517 -1.447153 0.086151 0.021559
    39 2.625284 -0.002532 -0.005345 0.000015 -0.000068 -0.000104
    40 2.664743 0.000397 -0.000071 -0.000015 0.000043 0.000090
    41 2.206394 0.003368 -0.002863 0.000057 0.000048 0.000012
    42 0.599952 0.959240 -0.300102 -0.174544 0.000000 0.000000
    43 2.553283 -0.001967 0.006359 -0.000115 0.000023 0.000037
    44 2.095024 0.000033 -0.006100 -0.000007 -0.000045 0.000006
    45 0.999380 -0.000236 -1.209370 -0.000001 0.000000 0.000000
    46 -0.122639 -0.721856 0.661690 -0.486644 0.223964 0.243056
    47 2.622113 -0.000648 0.002741 -0.027845 -0.129707 0.063119
    48 2.654002 0.004589 -0.000533 0.000078 0.000075 0.000022
    49 2.200016 0.005570 0.000836 0.000000 -0.000013 -0.000008
    50 0.599951 0.959244 0.300102 0.174544 0.000000 0.000000
    51 2.556570 -0.000385 0.000554 -0.000002 0.000009 0.000075
    52 2.097656 -0.000093 -0.000404 0.000000 0.000000 0.000000
    53 0.999374 -0.000237 1.209362 0.000000 0.000000 0.000001
    54 0.310846 -0.606445 -0.498005 0.308107 -0.197598 0.313976
    55 1.873069 -0.004741 -0.000994 -0.000007 0.000004 0.000078
    56 1.200941 0.399582 -0.000237 -0.009465 0.016087 0.007127
    57 0.000586 0.100342 -0.000319 -0.120035 -0.021926 -0.209617
    58 -0.161663 0.051712 0.194808 -2.941982 0.122408 -0.060194
    59 2.010092 -0.003202 -0.007284 0.000018 0.000013 -0.000044
    60 0.000240 0.099802 -0.000395 -0.018823 0.010833 -0.239219
    61 -0.203197 0.048607 0.069150 -3.093332 0.033217 -0.046722
    62 1.180428 -0.006214 0.000780 -0.000062 0.000060 0.000009
    63 -0.000196 0.099625 -0.000034 0.000000 0.000000 -0.314102
    64 -0.088736 -0.688435 -0.145203 2.930407 -0.136130 0.513013
    65 1.707031 0.000721 -0.000195 0.000000 0.000000 0.000000
    66 -0.000580 0.100145 -0.000311 -0.010912 0.023129 -0.260841
    67 -0.146030 -0.232426 -0.014225 3.028455 -0.094299 0.113020
    68 1.290632 0.000362 -0.000032 0.000000 0.000000 0.000000
    69 -0.658121 -0.003575 0.072645 -0.142711 0.027792 -0.077299
    70 1.868080 -0.006956 0.006083 0.027951 0.048721 -0.474965
    71 1.200079 0.399944 -0.000093 0.009465 -0.016087 0.007127
    72 0.000591 0.100342 0.000319 0.120035 0.021926 -0.209617
    73 0.068077 0.002285 -0.080050 3.111376 -0.069366 -0.060847
    74 2.015780 -0.005083 0.006086 -0.000013 0.000035 0.000034
    75 0.000229 0.099802 0.000395 0.018823 -0.010833 -0.239219
    76 -0.018673 -0.001009 0.047544 3.109244 0.002635 -0.106673
    77 1.178665 0.001595 0.000845 0.000018 -0.000012 0.000105
    78 -0.000198 0.099628 0.000034 0.000000 0.000000 -0.314102
    79 0.036892 -0.634449 0.266284 -2.801062 0.174301 0.490914
    80 1.704350 -0.002506 -0.004592 -0.000010 0.000023 -0.000040
    81 -0.000576 0.100136 0.000311 0.010912 -0.023129 -0.260841
    82 -0.003952 -0.281811 0.115047 -3.059162 0.089004 0.167964
    83 1.289627 0.003949 0.000061 -0.000014 0.000003 -0.000049
    84 -0.171528 -0.018148 -0.099873 0.013484 -0.062184 -0.011780
    85 0.919434 -0.000298 -0.000422 0.000000 0.000000 0.000000
    86 -0.342617 0.053404 -0.025571 -2.909301 -0.017248 0.075276
    87 1.100231 -0.000930 -0.002434 0.000009 0.000074 0.000010
    88 -0.384983 0.330998 0.006848 -3.087207 -0.018765 -0.184279
    89 0.678146 0.002286 0.000002 0.000042 -0.000079 0.000055
    90 -0.123848 0.072737 0.029507 2.898184 -0.060627 0.094834
    91 1.017166 -0.000154 -0.000252 -0.000071 -0.000014 0.000066
    92 -0.344986 0.123129 0.143151 2.994981 0.012396 0.059140
    93 -0.730988 0.177046 0.039141 -0.123731 0.076518 -0.084310
    94 0.925900 0.001298 -0.000896 0.057452 0.085295 -0.374727
    95 -0.124027 -0.052092 0.038496 3.077813 -0.008519 0.039229
    96 1.100430 -0.007458 0.000503 -0.000006 -0.000042 -0.000038
    97 -0.330082 0.160641 0.042780 3.128073 0.034033 -0.171236
    98 0.675854 0.005438 0.003272 0.000014 0.000063 0.000010
    99 -0.019516 -0.016531 0.038578 -2.763781 0.050305 0.076828
    100 1.014985 0.005113 0.001121 -0.000054 0.000007 0.000059
    101 -0.155312 0.130643 -0.021921 -3.022466 0.022433 -0.024903
    102 -0.252209 0.061937 -0.024914 -0.007671 -0.063171 -0.044392
    103 -0.085991 0.185203 -0.015180 -2.937063 -0.113970 -0.138991
    104 -0.286537 0.179852 0.024264 -3.109353 -0.049645 -0.029915
    105 -0.019489 0.147084 0.079203 2.893815 0.038585 -0.060594
    106 -0.046482 0.251898 0.129548 3.016165 0.077112 -0.042864
    107 0.039120 -0.040298 0.047739 3.084219 0.030470 -0.037414
    108 -0.233757 0.066630 0.001754 -3.133086 0.040141 -0.065413
    109 0.044266 0.020128 0.001684 -2.778763 -0.118872 -0.040488
    110 0.071495 0.074127 -0.048302 -3.035917 -0.059482 0.104366
    111 1.339885 -3.734489 52.943022 -0.027745 -0.027153 -1.286759
    112 -16.746605 -24.293710 46.884243 2.077596 0.002558 -2.401968
    113 -1.142999 -0.001000 0.273999 0.000000 0.000000 1.570816
    114 -0.943998 0.000000 1.776996 0.000000 0.000000 0.000000
    115 2.039996 -0.296999 1.310997 0.000000 0.000000 -1.570817
    116 -0.653999 0.000000 -1.549997 0.000000 0.000000 0.000000
    117 4.078125 0.000000 -0.139893 0.000000 0.000000 0.000000
    118 1.636719 0.000000 -0.501953 0.000000 0.000000 0.000000
    119 2.437500 0.000000 0.764648 0.000000 0.000000 0.000000
    120 -0.898998 0.000000 -1.088998 0.000000 0.000000 0.000000
    121 2.025996 -0.001000 0.680999 0.000000 0.000000 1.570816
    122 0.000000 0.000000 0.000000 0.000000 0.000000 -1.570816
    123 0.711998 0.439999 -0.805998 0.000000 0.000000 1.570815
    124 -1.474998 0.000000 0.073000 0.000000 0.000000 1.570816
    125 1.889997 0.409999 0.284999 1.570815 0.000000 0.000000
    126 0.000000 0.000000 0.000000 0.000000 0.000000 0.000000
    127 -0.106000 0.000000 64.320000 0.000000 0.000000 0.000000
    128 0.000000 0.000000 0.000000 0.000000 0.000000 0.000000
    129 0.000000 0.000000 0.000000 -0.000384 0.000228 -0.000012
    130 14.145208 4.035765 -0.979420 -0.027883 -0.027133 0.283999
    131 0.106000 0.000000 -64.320000 0.000000 0.000000 0.000000
    132 0.000000 0.000000 0.000000 0.000000 0.000000 0.000000
    133 0.000000 0.000000 -4.867002 0.000000 0.000000 0.000000
    134 0.000000 0.000000 4.867000 0.000000 0.000000 0.000000
    135 4.000000 -6.500000 0.000000 0.000000 0.000000 0.000000
    136 -6.500000 0.000000 0.000000 0.000000 0.000000 0.000000
    137 1.000088 -0.000029 0.000000 0.000000 0.000000 0.000000
    138 17.162516 -0.000404 0.000000 0.000000 0.000000 0.000000
    139 9.999891 -0.000303 0.000000 0.000000 0.000000 0.000000
    140 1.000088 -0.000029 0.000000 0.000000 0.000000 0.000000
    141 17.162516 -0.000404 0.000000 0.000000 0.000000 0.000000
    142 9.499836 0.000212 0.000000 0.000000 0.000000 0.000000
    143 0.000000 0.000000 0.000000 0.000000 0.000000 0.000000
    144 17.749374 0.295515 0.000000 0.000000 0.000000 0.000000
    145 0.017889 0.299792 0.000000 0.000000 0.000000 0.000000
    146 12.283573 1.581456 -4.696000 1.462269 -0.086726 0.090185
    147 17.749376 0.295515 0.000000 0.000000 0.000000 0.000000
    148 0.017889 0.299792 0.000000 0.000000 0.000000 0.000000
    149 13.354000 0.000000 0.000000 0.000000 0.000000 0.000000
    150 4.530998 0.000000 0.000000 0.000000 0.000000 0.000000
    151 0.000000 0.000000 0.000000 0.000000 0.000000 0.000000
    152 5.413524 0.000347 0.000000 0.000000 0.000000 0.000000
    153 5.413524 0.000347 0.000000 0.000000 0.000000 0.000000
    154 4.662002 -5.366333 4.825191 1.569713 1.561305 -3.121213
    155 3.116966 -0.000443 0.000000 0.000000 0.000000 0.000000
    156 0.000000 0.000000 0.000000 0.000000 0.000000 0.000000
    157 -1.607000 0.000000 0.565000 0.000000 0.314158 0.000000
    158 -1.605469 0.000000 0.564453 0.000000 0.314158 0.000000
    159 -1.533000 0.000000 1.131000 -0.262473 -0.000006 1.570754
    160 -1.532227 0.000000 1.130859 -0.262470 -0.000006 1.570749
    161 0.000000 -0.001000 0.000000 0.000000 0.000000 0.000000
    162 3.867000 0.000000 0.228000 0.000000 0.000000 0.000000
    163 3.512001 -3.547000 -1.066000 0.000000 1.570796 0.000000
    164 3.456001 -3.517000 1.169000 0.000000 1.570796 0.000000
    165 6.233002 0.000000 0.000000 0.000000 0.000000 0.000000
    166 -0.171997 -0.106000 -0.902000 1.570713 1.029176 -3.134550
    167 6.241997 -6.380000 0.000000 -0.000012 0.000384 -0.000228
    168 -3.106999 0.000000 0.669000 0.000000 0.000000 0.000000
    169 -3.106999 0.000000 0.741000 0.000000 0.000000 0.000000
    170 -3.252000 0.000000 0.540000 0.000000 0.000000 0.000000
    171 3.999434 -0.000528 -0.000332 0.140654 -0.000017 0.000061
    172 3.999901 0.000038 0.001011 0.088635 -0.000001 -0.000061
    173 1.598000 0.000000 0.000000 0.000000 0.000000 0.000000
    174 -1.145525 0.000130 0.000668 0.000000 0.000000 0.000000
    175 2.299681 -2.499979 -0.599480 -0.000095 0.000013 -0.000003
    176 -9.580589 -27.860225 -37.179709 0.000053 -0.000010 -0.000139
    177 -9.580679 -27.862110 -37.184673 0.812879 -0.123459 -0.568477
    178 0.649933 -0.548295 0.093651 -1.665913 -0.131399 -0.112062
    179 0.657077 0.008401 0.040371 -1.665945 -0.131407 -0.000013
    180 0.665776 0.747221 -0.029190 -1.665935 -0.131408 0.094976
    181 2.300139 -2.499414 0.600159 -0.000109 0.000047 -0.000032
    182 -18.905429 -8.427074 0.002100 0.000108 -0.000014 -0.000026
    183 2.762354 0.116951 1.523975 1.629482 0.064153 1.743800
    184 7.228323 7.928203 -3.925652 2.328713 0.123459 -0.568477
    185 0.650394 -0.547730 -0.092979 1.665913 0.131399 -0.112062
    186 0.657069 0.008399 -0.040379 1.665945 0.131407 -0.000013
    187 0.665772 0.747219 0.029182 1.665935 0.131408 0.094976
    188 -4.481003 -0.202000 0.000000 0.000000 0.000000 0.000000
    189 -5.516998 -0.291000 -0.001000 0.000000 0.000000 0.000000
    190 -0.857697 0.104070 0.104687 0.023536 0.163924 0.013632
    191 1.899121 0.000427 -0.000439 0.027386 -0.033311 0.477848
    192 1.799658 -0.000240 0.000231 0.027386 -0.033311 0.477848
    193 1.799658 -0.000240 0.000231 0.027386 -0.033311 0.477848
    194 1.799658 -0.000240 0.000231 0.027386 -0.033311 0.477848
    195 1.900312 -0.000137 -0.000517 0.027386 -0.033311 0.477848
    196 1.899436 -0.000320 -0.000151 -0.027386 0.033311 0.477848
    197 1.799664 -0.000233 -0.000233 -0.027386 0.033311 0.477848
    198 1.799664 -0.000233 -0.000233 -0.027386 0.033311 0.477848
    199 1.799664 -0.000233 -0.000233 -0.027386 0.033311 0.477848
    200 1.900729 0.000549 -0.000072 -0.027386 0.033311 0.477848
    201 0.599884 0.400188 -0.000027 0.000000 0.000000 0.000000
    202 0.599888 0.400187 0.000031 0.000000 0.000000 0.000000
    203 0.599503 0.400696 0.000234 0.000000 0.000000 0.000000
    204 0.600399 0.399632 -0.000466 0.000000 0.000000 0.000001
  time 2
    0 0.000000 0.000000 0.000000 0.000000 0.000000 -1.570796
    1 -0.106000 0.000000 64.320000 0.000000 0.000000 0.000000
    2 0.000000 0.000000 0.000000 0.000000 0.000000 0.000000
    3 -0.904000 0.000000 -11.806000 0.000000 0.000000 0.000000
    4 0.000000 0.000000 -14.313999 0.000000 0.000000 0.000000
    5 3.533001 0.000000 0.000000 0.000000 0.000000 0.000000
    6 6.250000 0.000000 0.000000 0.000000 0.000000 0.000000
    7 9.533793 -2.632868 -1.100244 -0.000078 0.000000 -0.000050
    8 9.639265 -5.539207 6.006656 0.063735 0.094459 -0.246695
    9 5.786820 0.002787 -0.004020 -0.422040 0.213013 0.197469
    10 5.999492 -0.000592 -4.000343 0.000000 0.000000 0.000000
    11 5.791316 0.002582 0.000893 -0.177515 0.032151 0.284946
    12 5.999492 -0.000592 4.000336 0.000000 0.000000 0.000000
    13 0.500225 0.000133 -0.000088 0.315407 0.000000 0.000000
    14 11.534559 0.004255 -0.001312 -0.000017 0.000009 -0.481980
    15 -0.829338 0.893824 0.079659 -0.148839 0.047645 0.087266
    16 0.500225 0.000132 0.000076 0.219042 0.000060 0.000000
    17 11.536401 0.004432 0.003817 0.000030 -0.000070 -0.653259
    18 -0.829586 0.894698 -0.079464 0.045377 -0.019621 0.087266
    19 10.599884 0.000105 -0.000553 0.343406 0.000000 -0.000048
    20 0.225137 -0.306432 -0.000805 0.000000 0.000011 0.241119
    21 11.042057 0.003717 0.004704 0.388858 -0.448850 -0.138376
    22 -1.214832 0.203470 -0.477489 -0.135025 -0.078677 -0.001289
    23 10.599880 0.000105 0.000549 0.154250 0.000000 0.000060
    24 0.217322 -0.279087 0.000801 0.000060 -0.000011 0.326728
    25 11.041742 0.007077 -0.004478 -0.110904 0.014909 0.390948
    26 -1.063377 0.077663 0.150230 0.045121 0.020046 -0.012850
    27 0.610302 -0.939470 0.070343 -0.000202 -0.000075 -0.000018
    28 0.639940 -0.199121 0.060188 -0.000051 -0.000016 -0.000004
    29 0.600155 1.080261 -0.339535 -0.000106 -0.000039 0.000075
    30 0.610207 0.400743 -0.010101 -0.000161 0.000033 0.000003
    31 0.630809 -0.693997 -0.232343 -0.000046 0.000017 -0.000026
    32 -0.792125 0.203736 0.461300 1.439074 -0.003453 -0.018305
    33 0.610300 -0.939469 -0.070351 0.000050 -0.000045 -0.000018
    34 0.639937 -0.199121 -0.060200 0.000051 -0.000043 -0.000064
    35 0.600157 1.080259 0.339531 0.000053 -0.000021 -0.000045
    36 0.610205 0.400743 0.010086 0.000054 0.000015 -0.000045
    37 0.629883 -0.689453 0.230347 0.000000 0.000000 0.000000
    38 -0.626031 -0.069983 -0.080517 -1.447153 0.086151 0.021559
    39 2.621377 -0.002532 -0.001438 0.000015 -0.000068 -0.000104
    40 2.664743 0.000397 -0.000071 -0.000015 0.000043 0.000090
    41 2.206394 0.003368 -0.006769 0.000045 0.000048 0.000012
    42 0.599952 0.959240 -0.300102 -0.174544 0.000000 0.000000
    43 2.553283 -0.005873 0.006359 -0.000101 0.000023 0.000037
    44 2.095024 -0.003873 -0.002193 -0.000007 -0.000045 0.000006
    45 0.999380 -0.000236 -1.209370 -0.000001 0.000000 0.000000
    46 -0.122639 -0.721856 0.661690 -0.486644 0.223964 0.243056
    47 2.622113 -0.000648 0.006647 -0.057616 -0.089575 0.013136
    48 2.654002 0.004589 -0.000533 0.000078 0.000075 0.000022
    49 2.203922 0.001663 0.000836 0.000000 -0.000013 -0.000008
    50 0.599951 0.959244 0.300102 0.174544 0.000000 0.000000
    51 2.556570 -0.000385 0.000554 -0.000002 0.000009 0.000056
    52 2.097656 -0.000093 -0.000404 0.000000 0.000000 0.000000
    53 0.999374 -0.000237 1.209362 0.000000 0.000000 0.000001
    54 0.310846 -0.606445 -0.498005 0.308107 -0.197598 0.313976
    55 1.873069 -0.004741 -0.000994 -0.000007 0.000004 0.000078
    56 1.200941 0.399582 -0.000237 -0.009465 0.016087 0.007127
    57 0.000586 0.100342 -0.000319 -0.120035 -0.021926 -0.209617
    58 -0.161663 0.051712 0.194808 -2.941982 0.122408 -0.060194
    59 2.010092 -0.003202 -0.007284 0.000018 0.000013 -0.000044
    60 0.000240 0.099802 -0.000395 -0.018823 0.010833 -0.239219
    61 -0.203197 0.048607 0.069150 -3.093332 0.033217 -0.046722
    62 1.180428 -0.006214 0.000780 -0.000062 0.000060 0.000009
    63 -0.000196 0.099625 -0.000034 0.000000 0.000000 -0.314102
    64 -0.088736 -0.688435 -0.145203 2.930407 -0.136130 0.513013
    65 1.707031 0.000721 -0.000195 0.000000 0.000000 0.000000
    66 -0.000580 0.100145 -0.000311 -0.010912 0.023129 -0.260841
    67 -0.146030 -0.232426 -0.014225 3.028455 -0.094299 0.113020
    68 1.290632 0.000362 -0.000032 0.000000 0.000000 0.000000
    69 -0.658121 -0.003575 0.072645 -0.142711 0.027792 -0.077299
    70 1.871986 -0.006956 0.006083 0.026166 0.040511 -0.357470
    71 1.200079 0.399944 -0.000093 0.009465 -0.016087 0.007127
    72 0.000591 0.100342 0.000319 0.120035 0.021926 -0.209617
    73 0.068077 0.002285 -0.080050 3.111376 -0.069366 -0.060847
    74 2.015780 -0.005083 0.006086 -0.000013 0.000035 0.000034
    75 0.000229 0.099802 0.000395 0.018823 -0.010833 -0.239219
    76 -0.018673 -0.001009 0.047544 3.109244 0.002635 -0.106673
    77 1.178665 0.001595 0.000845 0.000018 -0.000012 0.000105
    78 -0.000198 0.099628 0.000034 0.000000 0.000000 -0.314102
    79 0.036892 -0.634449 0.266284 -2.801062 0.174301 0.490914
    80 1.704350 -0.002506 -0.004592 -0.000010 0.000023 -0.000040
    81 -0.000576 0.100136 0.000311 0.010912 -0.023129 -0.260841
    82 -0.003952 -0.281811 0.115047 -3.059162 0.089004 0.167964
    83 1.289627 0.003949 0.000061 -0.000014 0.000003 -0.000049
    84 -0.171528 -0.018148 -0.099873 0.013484 -0.062184 -0.011780
    85 0.919434 -0.000298 -0.000422 0.000000 0.000000 0.000000
    86 -0.342617 0.053404 -0.025571 -2.909301 -0.017248 0.075276
    87 1.100231 -0.000930 -0.002434 0.000009 0.000074 0.000010
    88 -0.384983 0.330998 0.006848 -3.087207 -0.018765 -0.184279
    89 0.678146 0.006192 0.000002 0.000042 -0.000079 0.000055
    90 -0.123848 0.072737 0.029507 2.898184 -0.060627 0.094834
    91 1.017166 -0.000154 -0.000252 -0.000071 -0.000014 0.000066
    92 -0.344986 0.123129 0.143151 2.994981 0.012396 0.059140
    93 -0.730988 0.177046 0.039141 -0.123731 0.076518 -0.084310
    94 0.925900 0.001298 -0.000896 0.091416 0.115137 -0.114113
    95 -0.124027 -0.052092 0.038496 3.077813 -0.008519 0.039229
    96 1.100430 -0.003552 0.000503 -0.000006 -0.000042 -0.000014
    97 -0.330082 0.160641 0.042780 3.128073 0.034033 -0.171236
    98 0.671947 0.005438 0.003272 0.000014 0.000063 0.000010
    99 -0.019516 -0.016531 0.038578 -2.763781 0.050305 0.076828
    100 1.018891 0.001206 0.001121 -0.000054 0.000007 0.000059
    101 -0.155312 0.130643 -0.021921 -3.022466 0.022433 -0.024903
    102 -0.252209 0.061937 -0.024914 -0.007671 -0.063171 -0.044392
    103 -0.085991 0.185203 -0.015180 -2.937063 -0.113970 -0.138991
    104 -0.286537 0.179852 0.024264 -3.109353 -0.049645 -0.029915
    105 -0.019489 0.147084 0.079203 2.893815 0.038585 -0.060594
    106 -0.046482 0.251898 0.129548 3.016165 0.077112 -0.042864
    107 0.039120 -0.040298 0.047739 3.084219 0.030470 -0.037414
    108 -0.233757 0.066630 0.001754 -3.133086 0.040141 -0.065413
    109 0.044266 0.020128 0.001684 -2.778763 -0.118872 -0.040488
    110 0.071495 0.074127 -0.048302 -3.035917 -0.059482 0.104366
    111 1.164098 -4.269662 53.056307 -0.094332 -0.057302 -1.317105
    112 -16.680197 -24.496841 45.755303 2.088605 0.078599 -2.375424
    113 -1.142999 -0.001000 0.273999 0.000000 0.000000 1.570816
    114 -0.943998 0.000000 1.776996 0.000000 0.000000 0.000000
    115 2.039996 -0.296999 1.310997 0.000000 0.000000 -1.570817
    116 -0.653999 0.000000 -1.549997 0.000000 0.000000 0.000000
    117 4.078125 0.000000 -0.139893 0.000000 0.000000 0.000000
    118 1.636719 0.000000 -0.501953 0.000000 0.000000 0.000000
    119 2.437500 0.000000 0.764648 0.000000 0.000000 0.000000
    120 -0.898998 0.000000 -1.088998 0.000000 0.000000 0.000000
    121 2.025996 -0.001000 0.680999 0.000000 0.000000 1.570816
    122 0.000000 0.000000 0.000000 0.000000 0.000000 -1.570816
    123 0.711998 0.439999 -0.805998 0.000000 0.000000 1.570815
    124 -1.474998 0.000000 0.073000 0.000000 0.000000 1.570816
    125 1.889997 0.409999 0.284999 1.570815 0.000000 0.000000
    126 0.000000 0.000000 0.000000 0.000000 0.000000 0.000000
    127 -0.106000 0.000000 64.320000 0.000000 0.000000 0.000000
    128 0.000000 0.000000 0.000000 0.000000 0.000000 0.000000
    129 0.000000 0.000000 0.000000 -0.000192 0.000443 -0.000024
    130 14.821010 3.477154 -0.565345 -0.094509 -0.057233 0.253746
    131 0.106000 0.000000 -64.320000 0.000000 0.000000 0.000000
    132 0.000000 0.000000 0.000000 0.000000 0.000000 0.000000
    133 0.000000 0.000000 -4.867002 0.000000 0.000000 0.000000
    134 0.000000 0.000000 4.867000 0.000000 0.000000 0.000000
    135 4.000000 -6.500000 0.000000 0.000000 0.000000 0.000000
    136 -6.500000 0.000000 0.000000 0.000000 0.000000 0.000000
    137 1.000088 -0.000029 0.000000 0.000000 0.000000 0.000000
    138 17.162516 -0.000404 0.000000 0.000000 0.000000 0.000000
    139 9.999891 -0.000303 0.000000 0.000000 0.000000 0.000000
    140 1.000088 -0.000029 0.000000 0.000000 0.000000 0.000000
    141 17.162516 -0.000404 0.000000 0.000000 0.000000 0.000000
    142 9.499836 0.000212 0.000000 0.000000 0.000000 0.000000
    143 0.000000 0.000000 0.000000 0.000000 0.000000 0.000000
    144 17.749374 0.295515 0.000000 0.000000 0.000000 0.000000
    145 0.017889 0.299792 0.000000 0.000000 0.000000 0.000000
    146 12.283573 1.581456 -4.696000 1.462269 -0.086726 0.090185
    147 17.749376 0.295515 0.000000 0.000000 0.000000 0.000000
    148 0.017889 0.299792 0.000000 0.000000 0.000000 0.000000
    149 13.354000 0.000000 0.000000 0.000000 0.000000 0.000000
    150 4.530998 0.000000 0.000000 0.000000 0.000000 0.000000
    151 0.000000 0.000000 0.000000 0.000000 0.000000 0.000000
    152 5.413524 0.000347 0.000000 0.000000 0.000000 0.000000
    153 5.413524 0.000347 0.000000 0.000000 0.000000 0.000000
    154 4.662002 -5.366333 4.825191 1.569713 1.561305 -3.121213
    155 3.116966 -0.000443 0.000000 0.000000 0.000000 0.000000
    156 0.000000 0.000000 0.000000 0.000000 0.000000 0.000000
    157 -1.607000 0.000000 0.565000 0.000000 0.314158 0.000000
    158 -1.605469 0.000000 0.564453 0.000000 0.314158 0.000000
    159 -1.533000 0.000000 1.131000 -0.262473 -0.000006 1.570754
    160 -1.532227 0.000000 1.130859 -0.262470 -0.000006 1.570749
    161 0.000000 -0.001000 0.000000 0.000000 0.000000 0.000000
    162 3.867000 0.000000 0.228000 0.000000 0.000000 0.000000
    163 3.512001 -3.547000 -1.066000 0.000000 1.570796 0.000000
    164 3.456001 -3.517000 1.169000 0.000000 1.570796 0.000000
    165 6.233002 0.000000 0.000000 0.000000 0.000000 0.000000
    166 -0.171997 -0.106000 -0.902000 1.570713 1.029176 -3.134550
    167 6.241997 -6.380000 0.000000 -0.000024 0.000192 -0.000443
    168 -3.106999 0.000000 0.669000 0.000000 0.000000 0.000000
    169 -3.106999 0.000000 0.741000 0.000000 0.000000 0.000000
    170 -3.252000 0.000000 0.540000 0.000000 0.000000 0.000000
    171 3.999434 -0.000528 -0.000332 0.171702 -0.000065 0.000049
    172 3.999901 0.000038 0.001011 0.077095 -0.000001 -0.000001
    173 1.598000 0.000000 0.000000 0.000000 0.000000 0.000000
    174 -1.145525 0.000130 0.000668 0.000000 0.000000 0.000000
    175 2.299681 -2.499979 -0.599480 -0.000095 0.000013 -0.000003
    176 -9.580589 -27.856319 -37.179709 0.000053 -0.000010 -0.000139
    177 -9.580679 -27.862110 -37.184673 0.812879 -0.123459 -0.568477
    178 0.649933 -0.548295 0.093651 -1.665913 -0.131399 -0.112062
    179 0.657077 0.008401 0.040371 -1.665945 -0.131407 -0.000013
    180 0.665776 0.747221 -0.029190 -1.665935 -0.131408 0.094976
    181 2.300139 -2.499414 0.600159 -0.000109 0.000047 -0.000016
    182 -18.909335 -8.423168 0.006006 0.000054 -0.000014 -0.000026
    183 2.762354 0.116951 1.523975 1.629482 0.064153 1.743800
    184 7.228323 7.928203 -3.925652 2.328713 0.123459 -0.568477
    185 0.650394 -0.547730 -0.092979 1.665913 0.131399 -0.112062
    186 0.657069 0.008399 -0.040379 1.665945 0.131407 -0.000013
    187 0.665772 0.747219 0.029182 1.665935 0.131408 0.094976
    188 -4.481003 -0.202000 0.000000 0.000000 0.000000 0.000000
    189 -5.516998 -0.291000 -0.001000 0.000000 0.000000 0.000000
    190 -0.857697 0.104070 0.104687 0.023536 0.163924 0.013632
    191 1.899121 0.000427 -0.000439 0.027386 -0.033311 0.477848
    192 1.799658 -0.000240 0.000231 0.027386 -0.033311 0.477848
    193 1.799658 -0.000240 0.000231 0.027386 -0.033311 0.477848
    194 1.799658 -0.000240 0.000231 0.027386 -0.033311 0.477848
    195 1.900312 -0.000137 -0.000517 0.027386 -0.033311 0.477848
    196 1.899436 -0.000320 -0.000151 -0.027386 0.033311 0.477848
    197 1.799664 -0.000233 -0.000233 -0.027386 0.033311 0.477848
    198 1.799664 -0.000233 -0.000233 -0.027386 0.033311 0.477848
    199 1.799664 -0.000233 -0.000233 -0.027386 0.033311 0.477848
    200 1.900729 0.000549 -0.000072 -0.027386 0.033311 0.477848
    201 0.599884 0.400188 -0.000027 0.000000 0.000000 0.000000
    202 0.599888 0.400187 0.000031 0.000000 0.000000 0.000000
    203 0.599503 0.400696 0.000234 0.000000 0.000000 0.000000
    204 0.600399 0.399632 -0.000466 0.000000 0.000000 -0.000095
  time 3
    0 0.000000 0.000000 0.000000 0.000000 0.000000 -1.570796
    1 -0.106000 0.000000 64.320000 0.000000 0.000000 0.000000
    2 0.000000 0.000000 0.000000 0.000000 0.000000 0.000000
    3 -0.904000 0.000000 -11.806000 0.000000 0.000000 0.000000
    4 0.000000 0.000000 -14.313999 0.000000 0.000000 0.000000
    5 3.533001 0.000000 0.000000 0.000000 0.000000 0.000000
    6 6.250000 0.000000 0.000000 0.000000 0.000000 0.000000
    7 9.537700 -2.230512 -1.233061 -0.000078 0.000000 -0.000050
    8 9.147063 -5.519675 5.912903 0.094891 0.160215 -0.196398
    9 5.786820 0.002787 -0.004020 -0.437843 0.186182 0.104051
    10 5.999492 -0.000592 -4.000343 0.000000 0.000000 0.000000
    11 5.787410 0.002582 0.000893 -0.146791 0.020017 0.263189
    12 5.999492 -0.000592 4.000336 0.000000 0.000000 0.000000
    13 0.500225 0.000133 -0.000088 0.329151 0.000000 0.000000
    14 11.534559 0.004255 -0.005218 0.000043 0.000009 -0.256009
    15 -0.829338 0.893824 0.079659 -0.148839 0.047645 0.087266
    16 0.500225 0.000132 0.000076 0.185449 0.000000 -0.000060
    17 11.532495 0.000526 -0.000089 -0.000018 0.000038 -0.595496
    18 -0.829586 0.894698 -0.079464 0.045377 -0.019621 0.087266
    19 10.599884 0.000105 -0.000553 0.381634 0.000000 -0.000060
    20 0.150916 -0.271274 -0.000805 0.000000 0.000011 0.128107
    21 11.042057 0.003717 0.000798 0.333423 -0.284320 -0.238214
    22 -1.214832 0.203470 -0.477489 -0.135025 -0.078677 -0.001289
    23 10.599880 0.000105 0.000549 0.121848 -0.000048 0.000000
    24 0.205603 -0.275181 0.000801 0.000000 -0.000011 0.297824
    25 11.041742 0.003171 -0.000571 -0.111047 0.005230 0.344547
    26 -1.063377 0.077663 0.150230 0.045121 0.020046 -0.012850
    27 0.610302 -0.939470 0.070343 -0.000202 -0.000075 -0.000018
    28 0.639940 -0.199121 0.060188 -0.000051 -0.000016 -0.000004
    29 0.600155 1.080261 -0.339535 -0.000053 -0.000051 0.000075
    30 0.610207 0.400743 -0.010101 -0.000108 0.000033 0.000003
    31 0.634715 -0.693997 -0.232343 -0.000046 0.000017 -0.000067
    32 -0.792125 0.203736 0.461300 1.439074 -0.003453 -0.018305
    33 0.610300 -0.939469 -0.070351 0.000050 -0.000045 -0.000018
    34 0.639937 -0.199121 -0.060200 0.000051 -0.000031 -0.000064
    35 0.600157 1.080259 0.339531 0.000053 -0.000021 -0.000033
    36 0.610205 0.400743 0.010086 0.000108 0.000003 -0.000045
    37 0.629883 -0.689453 0.230347 0.000000 0.000000 0.000000
    38 -0.626031 -0.069983 -0.080517 -1.447153 0.086151 0.021559
    39 2.621377 -0.002532 -0.001438 0.000015 -0.000056 -0.000104
    40 2.664743 0.000397 -0.000071 -0.000015 0.000031 0.000090
    41 2.206394 0.003368 -0.002863 0.000045 0.000048 0.000012
    42 0.599952 0.959240 -0.300102 -0.174544 0.000000 0.000000
    43 2.557190 -0.001967 0.002453 -0.000101 0.000023 0.000037
    44 2.095024 -0.003873 -0.002193 -0.000007 -0.000045 0.000006
    45 0.999380 -0.000236 -1.209370 -0.000001 0.000000 0.000000
    46 -0.122639 -0.721856 0.661690 -0.486644 0.223964 0.243056
    47 2.626019 -0.000648 0.002741 -0.050991 -0.064793 0.009009
    48 2.654002 0.004589 -0.000533 0.000066 0.000075 0.000022
    49 2.200016 0.001663 0.000836 0.000000 -0.000013 -0.000008
    50 0.599951 0.959244 0.300102 0.174544 0.000000 0.000000
    51 2.552663 -0.004291 0.000554 -0.000002 0.000009 0.000056
    52 2.097656 -0.000093 -0.000404 0.000000 0.000000 0.000000
    53 0.999374 -0.000237 1.209362 0.000000 0.000000 0.000001
    54 0.310846 -0.606445 -0.498005 0.308107 -0.197598 0.313976
    55 1.873069 -0.004741 -0.000994 -0.000007 0.000004 0.000078
    56 1.200941 0.399582 -0.000237 -0.009465 0.016087 0.007127
    57 0.000586 0.100342 -0.000319 -0.120035 -0.021926 -0.209617
    58 -0.161663 0.051712 0.194808 -2.941982 0.122408 -0.060194
    59 2.010092 -0.007109 -0.007284 0.000018 0.000013 -0.000044
    60 0.000240 0.099802 -0.000395 -0.018823 0.010833 -0.239219
    61 -0.203197 0.048607 0.069150 -3.093332 0.033217 -0.046722
    62 1.180428 -0.006214 0.000780 -0.000062 0.000060 0.000009
    63 -0.000196 0.099625 -0.000034 0.000000 0.000000 -0.314102
    64 -0.088736 -0.688435 -0.145203 2.930407 -0.136130 0.513013
    65 1.707031 0.000721 -0.000195 0.000000 0.000000 0.000000
    66 -0.000580 0.100145 -0.000311 -0.010912 0.023129 -0.260841
    67 -0.146030 -0.232426 -0.014225 3.028455 -0.094299 0.113020
    68 1.290632 0.000362 -0.000032 0.000000 0.000000 0.000000
    69 -0.658121 -0.003575 0.072645 -0.142711 0.027792 -0.077299
    70 1.868080 -0.006956 0.002176 0.021492 0.031355 -0.269789
    71 1.200079 0.399944 -0.000093 0.009465 -0.016087 0.007127
    72 0.000591 0.100342 0.000319 0.120035 0.021926 -0.209617
    73 0.068077 0.002285 -0.080050 3.111376 -0.069366 -0.060847
    74 2.011874 -0.005083 0.006086 -0.000013 0.000035 0.000069
    75 0.000229 0.099802 0.000395 0.018823 -0.010833 -0.239219
    76 -0.018673 -0.001009 0.047544 3.109244 0.002635 -0.106673
    77 1.178665 0.001595 0.000845 0.000018 -0.000012 0.000055
    78 -0.000198 0.099628 0.000034 0.000000 0.000000 -0.314102
    79 0.036892 -0.634449 0.266284 -2.801062 0.174301 0.490914
    80 1.708256 -0.002506 -0.004592 -0.000010 0.000023 -0.000040
    81 -0.000576 0.100136 0.000311 0.010912 -0.023129 -0.260841
    82 -0.003952 -0.281811 0.115047 -3.059162 0.089004 0.167964
    83 1.289627 0.003949 0.000061 -0.000014 0.000003 -0.000049
    84 -0.171528 -0.018148 -0.099873 0.013484 -0.062184 -0.011780
    85 0.919434 -0.000298 -0.000422 0.000000 0.000000 0.000000
    86 -0.342617 0.053404 -0.025571 -2.909301 -0.017248 0.075276
    87 1.100231 -0.000930 -0.002434 0.000009 0.000074 0.000010
    88 -0.384983 0.330998 0.006848 -3.087207 -0.018765 -0.184279
    89 0.678146 0.006192 0.000002 0.000030 -0.000067 0.000055
    90 -0.123848 0.072737 0.029507 2.898184 -0.060627 0.094834
    91 1.017166 -0.000154 -0.000252 -0.000071 -0.000014 0.000066
    92 -0.344986 0.123129 0.143151 2.994981 0.012396 0.059140
    93 -0.730988 0.177046 0.039141 -0.123731 0.076518 -0.084310
    94 0.925900 0.001298 -0.000896 0.081912 0.103212 -0.058418
    95 -0.124027 -0.052092 0.038496 3.077813 -0.008519 0.039229
    96 1.100430 -0.003552 0.000503 -0.000006 -0.000030 -0.000014
    97 -0.330082 0.160641 0.042780 3.128073 0.034033 -0.171236
    98 0.675854 0.005438 0.003272 0.000014 0.000063 0.000010
    99 -0.019516 -0.016531 0.038578 -2.763781 0.050305 0.076828
    100 1.014985 0.001206 0.001121 -0.000042 0.000007 0.000059
    101 -0.155312 0.130643 -0.021921 -3.022466 0.022433 -0.024903
    102 -0.252209 0.061937 -0.024914 -0.007671 -0.063171 -0.044392
    103 -0.085991 0.185203 -0.015180 -2.937063 -0.113970 -0.138991
    104 -0.286537 0.179852 0.024264 -3.109353 -0.049645 -0.029915
    105 -0.019489 0.147084 0.079203 2.893815 0.038585 -0.060594
    106 -0.046482 0.251898 0.129548 3.016165 0.077112 -0.042864
    107 0.039120 -0.040298 0.047739 3.084219 0.030470 -0.037414
    108 -0.233757 0.066630 0.001754 -3.133086 0.040141 -0.065413
    109 0.044266 0.020128 0.001684 -2.778763 -0.118872 -0.040488
    110 0.071495 0.074127 -0.048302 -3.035917 -0.059482 0.104366
    111 1.027375 -4.816553 53.212561 -0.159867 -0.090120 -1.357442
    112 -16.172369 -24.637471 44.298227 2.111308 0.158733 -2.341137
    113 -1.142999 -0.001000 0.273999 0.000000 0.000000 1.570816
    114 -0.943998 0.000000 1.776996 0.000000 0.000000 0.000000
    115 2.039996 -0.296999 1.310997 0.000000 0.000000 -1.570817
    116 -0.653999 0.000000 -1.549997 0.000000 0.000000 0.000000
    117 4.078125 0.000000 -0.139893 0.000000 0.000000 0.000000
    118 1.636719 0.000000 -0.501953 0.000000 0.000000 0.000000
    119 2.437500 0.000000 0.764648 0.000000 0.000000 0.000000
    120 -0.898998 0.000000 -1.088998 0.000000 0.000000 0.000000
    121 2.025996 -0.001000 0.680999 0.000000 0.000000 1.570816
    122 0.000000 0.000000 0.000000 0.000000 0.000000 -1.570816
    123 0.711998 0.439999 -0.805998 0.000000 0.000000 1.570815
    124 -1.474998 0.000000 0.073000 0.000000 0.000000 1.570816
    125 1.889997 0.409999 0.284999 1.570815 0.000000 0.000000
    126 0.000000 0.000000 0.000000 0.000000 0.000000 0.000000
    127 -0.106000 0.000000 64.320000 0.000000 0.000000 0.000000
    128 0.000000 0.000000 0.000000 0.000000 0.000000 0.000000
    129 0.000000 0.000000 0.000000 0.000000 0.000671 -0.000036
    130 15.504624 2.852135 -0.073142 -0.160019 -0.090141 0.213315
    131 0.106000 0.000000 -64.320000 0.000000 0.000000 0.000000
    132 0.000000 0.000000 0.000000 0.000000 0.000000 0.000000
    133 0.000000 0.000000 -4.867002 0.000000 0.000000 0.000000
    134 0.000000 0.000000 4.867000 0.000000 0.000000 0.000000
    135 4.000000 -6.500000 0.000000 0.000000 0.000000 0.000000
    136 -6.500000 0.000000 0.000000 0.000000 0.000000 0.000000
    137 1.000088 -0.000029 0.000000 0.000000 0.000000 0.000000
    138 17.162516 -0.000404 0.000000 0.000000 0.000000 0.000000
    139 9.999891 -0.000303 0.000000 0.000000 0.000000 0.000000
    140 1.000088 -0.000029 0.000000 0.000000 0.000000 0.000000
    141 17.162516 -0.000404 0.000000 0.000000 0.000000 0.000000
    142 9.499836 0.000212 0.000000 0.000000 0.000000 0.000000
    143 0.000000 0.000000 0.000000 0.000000 0.000000 0.000000
    144 17.749374 0.295515 0.000000 0.000000 0.000000 0.000000
    145 0.017889 0.299792 0.000000 0.000000 0.000000 0.000000
    146 12.283573 1.581456 -4.696000 1.462269 -0.086726 0.090185
    147 17.749376 0.295515 0.000000 0.000000 0.000000 0.000000
    148 0.017889 0.299792 0.000000 0.000000 0.000000 0.000000
    149 13.354000 0.000000 0.000000 0.000000 0.000000 0.000000
    150 4.530998 0.000000 0.000000 0.000000 0.000000 0.000000
    151 0.000000 0.000000 0.000000 0.000000 0.000000 0.000000
    152 5.413524 0.000347 0.000000 0.000000 0.000000 0.000000
    153 5.413524 0.000347 0.000000 0.000000 0.000000 0.000000
    154 4.662002 -5.366333 4.825191 1.569713 1.561305 -3.121213
    155 3.116966 -0.000443 0.000000 0.000000 0.000000 0.000000
    156 0.000000 0.000000 0.000000 0.000000 0.000000 0.000000
    157 -1.607000 0.000000 0.565000 0.000000 0.314158 0.000000
    158 -1.605469 0.000000 0.564453 0.000000 0.314158 0.000000
    159 -1.533000 0.000000 1.131000 -0.262473 -0.000006 1.570754
    160 -1.532227 0.000000 1.130859 -0.262470 -0.000006 1.570749
    161 0.000000 -0.001000 0.000000 0.000000 0.000000 0.000000
    162 3.867000 0.000000 0.228000 0.000000 0.000000 0.000000
    163 3.512001 -3.547000 -1.066000 0.000000 1.570796 0.000000
    164 3.456001 -3.517000 1.169000 0.000000 1.570796 0.000000
    165 6.233002 0.000000 0.000000 0.000000 0.000000 0.000000
    166 -0.171997 -0.106000 -0.902000 1.570713 1.029176 -3.134550
    167 6.241997 -6.380000 0.000000 -0.000036 0.000000 -0.000671
    168 -3.106999 0.000000 0.669000 0.000000 0.000000 0.000000
    169 -3.106999 0.000000 0.741000 0.000000 0.000000 0.000000
    170 -3.252000 0.000000 0.540000 0.000000 0.000000 0.000000
    171 3.999434 -0.000528 -0.000332 0.190744 -0.000017 0.000061
    172 3.999901 0.000038 0.001011 0.060095 -0.000001 -0.000001
    173 1.598000 0.000000 0.000000 0.000000 0.000000 0.000000
    174 -1.145525 0.000130 0.000668 0.000000 0.000000 0.000000
    175 2.299681 -2.499979 -0.599480 -0.000095 0.000013 -0.000003
    176 -9.580589 -27.856319 -37.179709 -0.000042 -0.000010 -0.000139
    177 -9.580679 -27.862110 -37.184673 0.812879 -0.123459 -0.568477
    178 0.649933 -0.548295 0.093651 -1.665913 -0.131399 -0.112062
    179 0.657077 0.008401 0.040371 -1.665945 -0.131407 -0.000013
    180 0.665776 0.747221 -0.029190 -1.665935 -0.131408 0.094976
    181 2.300139 -2.499414 0.600159 -0.000054 0.000047 -0.000016
    182 -18.909335 -8.427074 0.002100 0.000054 -0.000014 -0.000026
    183 2.762354 0.116951 1.523975 1.629482 0.064153 1.743800
    184 7.228323 7.928203 -3.925652 2.328713 0.123459 -0.568477
    185 0.650394 -0.547730 -0.092979 1.665913 0.131399 -0.112062
    186 0.657069 0.008399 -0.040379 1.665945 0.131407 -0.000013
    187 0.665772 0.747219 0.029182 1.665935 0.131408 0.094976
    188 -4.481003 -0.202000 0.000000 0.000000 0.000000 0.000000
    189 -5.516998 -0.291000 -0.001000 0.000000 0.000000 0.000000
    190 -0.857697 0.104070 0.104687 0.023536 0.163924 0.013632
    191 1.899121 0.000427 -0.000439 0.027386 -0.033311 0.477848
    192 1.799658 -0.000240 0.000231 0.027386 -0.033311 0.477848
    193 1.799658 -0.000240 0.000231 0.027386 -0.033311 0.477848
    194 1.799658 -0.000240 0.000231 0.027386 -0.033311 0.477848
    195 1.900312 -0.000137 -0.000517 0.027386 -0.033311 0.477848
    196 1.899436 -0.000320 -0.000151 -0.027386 0.033311 0.477848
    197 1.799664 -0.000233 -0.000233 -0.027386 0.033311 0.477848
    198 1.799664 -0.000233 -0.000233 -0.027386 0.033311 0.477848
    199 1.799664 -0.000233 -0.000233 -0.027386 0.033311 0.477848
    200 1.900729 0.000549 -0.000072 -0.027386 0.033311 0.477848
    201 0.599884 0.400188 -0.000027 0.000000 0.000000 0.000000
    202 0.599888 0.400187 0.000031 0.000000 0.000000 0.000000
    203 0.599503 0.400696 0.000234 0.000000 0.000000 0.000000
    204 0.600399 0.399632 -0.000466 0.000000 0.000000 0.000001
  time 4
    0 0.000000 0.000000 0.000000 0.000000 0.000000 -1.570796
    1 -0.106000 0.000000 64.320000 0.000000 0.000000 0.000000
    2 0.000000 0.000000 0.000000 0.000000 0.000000 0.000000
    3 -0.904000 0.000000 -11.806000 0.000000 0.000000 0.000000
    4 0.000000 0.000000 -14.313999 0.000000 0.000000 0.000000
    5 3.533001 0.000000 0.000000 0.000000 0.000000 0.000000
    6 6.250000 0.000000 0.000000 0.000000 0.000000 0.000000
    7 9.549419 -1.753935 -1.389316 -0.000078 0.000000 -0.000050
    8 8.686111 -5.109506 5.522266 0.115355 0.187991 -0.147810
    9 5.786820 0.002787 -0.004020 -0.443061 0.146503 0.016246
    10 5.999492 -0.000592 -4.000343 0.000000 0.000000 0.000000
    11 5.791316 0.006489 0.000893 -0.109734 0.007373 0.233371
    12 5.999492 -0.000592 4.000336 0.000000 0.000000 0.000000
    13 0.500225 0.000133 -0.000088 0.333882 0.000000 0.000000
    14 11.534559 0.004255 -0.001312 -0.000017 0.000009 -0.041503
    15 -0.829338 0.893824 0.079659 -0.148839 0.047645 0.087266
    16 0.500225 0.000132 0.000076 0.143568 0.000000 -0.000036
    17 11.536401 0.000526 -0.000089 0.000006 -0.000022 -0.520236
    18 -0.829586 0.894698 -0.079464 0.045377 -0.019621 0.087266
    19 10.599884 0.000105 -0.000553 0.395572 0.000000 0.000000
    20 0.123572 -0.275181 -0.000805 0.000000 0.000011 0.020723
    21 11.042057 -0.000189 0.004704 0.286542 -0.138843 -0.305190
    22 -1.214832 0.203470 -0.477489 -0.135025 -0.078677 -0.001289
    23 10.599880 0.000105 0.000549 0.085362 0.000000 -0.000012
    24 0.186072 -0.279087 0.000801 0.000000 -0.000011 0.260176
    25 11.041742 0.003171 -0.000571 -0.109134 -0.004679 0.286889
    26 -1.063377 0.077663 0.150230 0.045121 0.020046 -0.012850
    27 0.610302 -0.939470 0.070343 -0.000202 -0.000063 -0.000018
    28 0.639940 -0.199121 0.060188 -0.000051 -0.000016 -0.000004
    29 0.600155 1.080261 -0.339535 -0.000053 -0.000039 0.000051
    30 0.610207 0.400743 -0.010101 -0.000108 0.000033 0.000003
    31 0.634715 -0.693997 -0.236250 -0.000046 0.000017 -0.000067
    32 -0.792125 0.203736 0.461300 1.439074 -0.003453 -0.018305
    33 0.610300 -0.939469 -0.070351 0.000050 -0.000045 -0.000018
    34 0.639937 -0.199121 -0.060200 0.000051 -0.000031 -0.000052
    35 0.600157 1.080259 0.339531 0.000053 -0.000021 -0.000033
    36 0.610205 0.400743 0.010086 0.000108 0.000003 -0.000045
    37 0.629883 -0.689453 0.230347 0.000000 0.000000 0.000000
    38 -0.626031 -0.069983 -0.080517 -1.447153 0.086151 0.021559
    39 2.621377 -0.002532 -0.005345 0.000015 -0.000056 -0.000063
    40 2.660837 0.000397 -0.000071 -0.000015 0.000031 0.000051
    41 2.206394 0.003368 -0.002863 0.000045 0.000048 0.000012
    42 0.599952 0.959240 -0.300102 -0.174544 0.000000 0.000000
    43 2.557190 -0.005873 0.006359 -0.000101 0.000023 0.000037
    44 2.095024 -0.003873 -0.006100 -0.000007 -0.000045 0.000006
    45 0.999380 -0.000236 -1.209370 -0.000001 0.000000 0.000000
    46 -0.122639 -0.721856 0.661690 -0.486644 0.223964 0.243056
    47 2.622113 -0.004555 0.002741 -0.036651 -0.040735 0.005368
    48 2.657909 0.004589 -0.000533 0.000066 0.000051 0.000022
    49 2.200016 0.001663 0.000836 0.000000 -0.000013 -0.000008
    50 0.599951 0.959244 0.300102 0.174544 0.000000 0.000000
    51 2.556570 -0.004291 0.000554 -0.000002 0.000009 0.000056
    52 2.097656 -0.000093 -0.000404 0.000000 0.000000 0.000000
    53 0.999374 -0.000237 1.209362 0.000000 0.000000 0.000001
    54 0.310846 -0.606445 -0.498005 0.308107 -0.197598 0.313976
    55 1.869163 -0.000835 -0.000994 -0.000007 0.000004 0.000078
    56 1.200941 0.399582 -0.000237 -0.009465 0.016087 0.007127
    57 0.000586 0.100342 -0.000319 -0.120035 -0.021926 -0.209617
    58 -0.161663 0.051712 0.194808 -2.941982 0.122408 -0.060194
    59 2.010092 -0.007109 -0.003377 0.000018 0.000013 -0.000009
    60 0.000240 0.099802 -0.000395 -0.018823 0.010833 -0.239219
    61 -0.203197 0.048607 0.069150 -3.093332 0.033217 -0.046722
    62 1.180428 -0.006214 0.000780 -0.000062 0.000060 0.000009
    63 -0.000196 0.099625 -0.000034 0.000000 0.000000 -0.314102
    64 -0.088736 -0.688435 -0.145203 2.930407 -0.136130 0.513013
    65 1.707031 0.000721 -0.000195 0.000000 0.000000 0.000000
    66 -0.000580 0.100145 -0.000311 -0.010912 0.023129 -0.260841
    67 -0.146030 -0.232426 -0.014225 3.028455 -0.094299 0.113020
    68 1.290632 0.000362 -0.000032 0.000000 0.000000 0.000000
    69 -0.658121 -0.003575 0.072645 -0.142711 0.027792 -0.077299
    70 1.868080 -0.006956 0.002176 0.014768 0.020773 -0.174790
    71 1.200079 0.399944 -0.000093 0.009465 -0.016087 0.007127
    72 0.000591 0.100342 0.000319 0.120035 0.021926 -0.209617
    73 0.068077 0.002285 -0.080050 3.111376 -0.069366 -0.060847
    74 2.011874 -0.005083 0.006086 -0.000013 0.000035 0.000069
    75 0.000229 0.099802 0.000395 0.018823 -0.010833 -0.239219
    76 -0.018673 -0.001009 0.047544 3.109244 0.002635 -0.106673
    77 1.178665 0.001595 0.000845 0.000018 -0.000012 0.000055
    78 -0.000198 0.099628 0.000034 0.000000 0.000000 -0.314102
    79 0.036892 -0.634449 0.266284 -2.801062 0.174301 0.490914
    80 1.704350 -0.002506 -0.000686 -0.000010 0.000023 -0.000040
    81 -0.000576 0.100136 0.000311 0.010912 -0.023129 -0.260841
    82 -0.003952 -0.281811 0.115047 -3.059162 0.089004 0.167964
    83 1.289627 0.003949 0.000061 -0.000014 0.000003 -0.000049
    84 -0.171528 -0.018148 -0.099873 0.013484 -0.062184 -0.011780
    85 0.919434 -0.000298 -0.000422 0.000000 0.000000 0.000000
    86 -0.342617 0.053404 -0.025571 -2.909301 -0.017248 0.075276
    87 1.100231 -0.000930 -0.002434 0.000009 0.000074 0.000010
    88 -0.384983 0.330998 0.006848 -3.087207 -0.018765 -0.184279
    89 0.678146 0.002286 0.000002 0.000030 -0.000067 0.000055
    90 -0.123848 0.072737 0.029507 2.898184 -0.060627 0.094834
    91 1.017166 -0.000154 -0.000252 -0.000071 -0.000014 0.000066
    92 -0.344986 0.123129 0.143151 2.994981 0.012396 0.059140
    93 -0.730988 0.177046 0.039141 -0.123731 0.076518 -0.084310
    94 0.925900 0.005205 -0.000896 0.059298 0.074629 -0.024584
    95 -0.124027 -0.052092 0.038496 3.077813 -0.008519 0.039229
    96 1.100430 -0.003552 0.000503 -0.000006 -0.000030 -0.000014
    97 -0.330082 0.160641 0.042780 3.128073 0.034033 -0.171236
    98 0.675854 0.005438 0.003272 0.000014 0.000051 0.000010
    99 -0.019516 -0.016531 0.038578 -2.763781 0.050305 0.076828
    100 1.018891 0.005113 0.001121 -0.000042 0.000007 0.000059
    101 -0.155312 0.130643 -0.021921 -3.022466 0.022433 -0.024903
    102 -0.252209 0.061937 -0.024914 -0.007671 -0.063171 -0.044392
    103 -0.085991 0.185203 -0.015180 -2.937063 -0.113970 -0.138991
    104 -0.286537 0.179852 0.024264 -3.109353 -0.049645 -0.029915
    105 -0.019489 0.147084 0.079203 2.893815 0.038585 -0.060594
    106 -0.046482 0.251898 0.129548 3.016165 0.077112 -0.042864
    107 0.039120 -0.040298 0.047739 3.084219 0.030470 -0.037414
    108 -0.233757 0.066630 0.001754 -3.133086 0.040141 -0.065413
    109 0.044266 0.020128 0.001684 -2.778763 -0.118872 -0.040488
    110 0.071495 0.074127 -0.048302 -3.035917 -0.059482 0.104366
    111 0.972686 -5.089999 53.380535 -0.187803 -0.111655 -1.399272
    112 -15.137181 -24.711692 42.911466 2.150260 0.205753 -2.308325
    113 -1.142999 -0.001000 0.273999 0.000000 0.000000 1.570816
    114 -0.943998 0.000000 1.776996 0.000000 0.000000 0.000000
    115 2.039996 -0.296999 1.310997 0.000000 0.000000 -1.570817
    116 -0.653999 0.000000 -1.549997 0.000000 0.000000 0.000000
    117 4.078125 0.000000 -0.139893 0.000000 0.000000 0.000000
    118 1.636719 0.000000 -0.501953 0.000000 0.000000 0.000000
    119 2.437500 0.000000 0.764648 0.000000 0.000000 0.000000
    120 -0.898998 0.000000 -1.088998 0.000000 0.000000 0.000000
    121 2.025996 -0.001000 0.680999 0.000000 0.000000 1.570816
    122 0.000000 0.000000 0.000000 0.000000 0.000000 -1.570816
    123 0.711998 0.439999 -0.805998 0.000000 0.000000 1.570815
    124 -1.474998 0.000000 0.073000 0.000000 0.000000 1.570816
    125 1.889997 0.409999 0.284999 1.570815 0.000000 0.000000
    126 0.000000 0.000000 0.000000 0.000000 0.000000 0.000000
    127 -0.106000 0.000000 64.320000 0.000000 0.000000 0.000000
    128 0.000000 0.000000 0.000000 0.000000 0.000000 0.000000
    129 0.000000 0.000000 0.000000 0.000192 0.000911 -0.000048
    130 15.871823 2.348214 0.313588 -0.188058 -0.111675 0.171484
    131 0.106000 0.000000 -64.320000 0.000000 0.000000 0.000000
    132 0.000000 0.000000 0.000000 0.000000 0.000000 0.000000
    133 0.000000 0.000000 -4.867002 0.000000 0.000000 0.000000
    134 0.000000 0.000000 4.867000 0.000000 0.000000 0.000000
    135 4.000000 -6.500000 0.000000 0.000000 0.000000 0.000000
    136 -6.500000 0.000000 0.000000 0.000000 0.000000 0.000000
    137 1.000088 -0.000029 0.000000 0.000000 0.000000 0.000000
    138 17.162516 -0.000404 0.000000 0.000000 0.000000 0.000000
    139 9.999891 -0.000303 0.000000 0.000000 0.000000 0.000000
    140 1.000088 -0.000029 0.000000 0.000000 0.000000 0.000000
    141 17.162516 -0.000404 0.000000 0.000000 0.000000 0.000000
    142 9.499836 0.000212 0.000000 0.000000 0.000000 0.000000
    143 0.000000 0.000000 0.000000 0.000000 0.000000 0.000000
    144 17.749374 0.295515 0.000000 0.000000 0.000000 0.000000
    145 0.017889 0.299792 0.000000 0.000000 0.000000 0.000000
    146 12.283573 1.581456 -4.696000 1.462269 -0.086726 0.090185
    147 17.749376 0.295515 0.000000 0.000000 0.000000 0.000000
    148 0.017889 0.299792 0.000000 0.000000 0.000000 0.000000
    149 13.354000 0.000000 0.000000 0.000000 0.000000 0.000000
    150 4.530998 0.000000 0.000000 0.000000 0.000000 0.000000
    151 0.000000 0.000000 0.000000 0.000000 0.000000 0.000000
    152 5.413524 0.000347 0.000000 0.000000 0.000000 0.000000
    153 5.413524 0.000347 0.000000 0.000000 0.000000 0.000000
    154 4.662002 -5.366333 4.825191 1.569713 1.561305 -3.121213
    155 3.116966 -0.000443 0.000000 0.000000 0.000000 0.000000
    156 0.000000 0.000000 0.000000 0.000000 0.000000 0.000000
    157 -1.607000 0.000000 0.565000 0.000000 0.314158 0.000000
    158 -1.605469 0.000000 0.564453 0.000000 0.314158 0.000000
    159 -1.533000 0.000000 1.131000 -0.262473 -0.000006 1.570754
    160 -1.532227 0.000000 1.130859 -0.262470 -0.000006 1.570749
    161 0.000000 -0.001000 0.000000 0.000000 0.000000 0.000000
    162 3.867000 0.000000 0.228000 0.000000 0.000000 0.000000
    163 3.512001 -3.547000 -1.066000 0.000000 1.570796 0.000000
    164 3.456001 -3.517000 1.169000 0.000000 1.570796 0.000000
    165 6.233002 0.000000 0.000000 0.000000 0.000000 0.000000
    166 -0.171997 -0.106000 -0.902000 1.570713 1.029176 -3.134550
    167 6.241997 -6.380000 0.000000 -0.000048 -0.000192 -0.000911
    168 -3.106999 0.000000 0.669000 0.000000 0.000000 0.000000
    169 -3.106999 0.000000 0.741000 0.000000 0.000000 0.000000
    170 -3.252000 0.000000 0.540000 0.000000 0.000000 0.000000
    171 3.999434 -0.000528 -0.000332 0.196466 -0.000029 0.000025
    172 3.999901 0.000038 0.001011 0.043096 -0.000001 -0.000001
    173 1.598000 0.000000 0.000000 0.000000 0.000000 0.000000
    174 -1.145525 0.000130 0.000668 0.000000 0.000000 0.000000
    175 2.299681 -2.499979 -0.599480 -0.000095 0.000013 -0.000003
    176 -9.580589 -27.856319 -37.179709 0.000053 -0.000010 -0.000139
    177 -9.580679 -27.862110 -37.184673 0.812879 -0.123459 -0.568477
    178 0.649933 -0.548295 0.093651 -1.665913 -0.131399 -0.112062
    179 0.657077 0.008401 0.040371 -1.665945 -0.131407 -0.000013
    180 0.665776 0.747221 -0.029190 -1.665935 -0.131408 0.094976
    181 2.300139 -2.499414 0.600159 -0.000054 0.000047 -0.000016
    182 -18.909335 -8.423168 0.006006 0.000054 -0.000014 -0.000002
    183 2.762354 0.116951 1.523975 1.629482 0.064153 1.743800
    184 7.228323 7.928203 -3.925652 2.328713 0.123459 -0.568477
    185 0.650394 -0.547730 -0.092979 1.665913 0.131399 -0.112062
    186 0.657069 0.008399 -0.040379 1.665945 0.131407 -0.000013
    187 0.665772 0.747219 0.029182 1.665935 0.131408 0.094976
    188 -4.481003 -0.202000 0.000000 0.000000 0.000000 0.000000
    189 -5.516998 -0.291000 -0.001000 0.000000 0.000000 0.000000
    190 -0.857697 0.104070 0.104687 0.023536 0.163924 0.013632
    191 1.899121 0.000427 -0.000439 0.027386 -0.033311 0.477848
    192 1.799658 -0.000240 0.000231 0.027386 -0.033311 0.477848
    193 1.799658 -0.000240 0.000231 0.027386 -0.033311 0.477848
    194 1.799658 -0.000240 0.000231 0.027386 -0.033311 0.477848
    195 1.900312 -0.000137 -0.000517 0.027386 -0.033311 0.477848
    196 1.899436 -0.000320 -0.000151 -0.027386 0.033311 0.477848
    197 1.799664 -0.000233 -0.000233 -0.027386 0.033311 0.477848
    198 1.799664 -0.000233 -0.000233 -0.027386 0.033311 0.477848
    199 1.799664 -0.000233 -0.000233 -0.027386 0.033311 0.477848
    200 1.900729 0.000549 -0.000072 -0.027386 0.033311 0.477848
    201 0.599884 0.400188 -0.000027 0.000000 0.000000 0.000000
    202 0.599888 0.400187 0.000031 0.000000 0.000000 0.000000
    203 0.599503 0.400696 0.000234 0.000000 0.000000 0.000000
    204 0.600399 0.399632 -0.000466 0.000000 0.000000 -0.000095
  time 5
    0 0.000000 0.000000 0.000000 0.000000 0.000000 -1.570796
    1 -0.106000 0.000000 64.320000 0.000000 0.000000 0.000000
    2 0.000000 0.000000 0.000000 0.000000 0.000000 0.000000
    3 -0.904000 0.000000 -11.806000 0.000000 0.000000 0.000000
    4 0.000000 0.000000 -14.313999 0.000000 0.000000 0.000000
    5 3.533001 0.000000 0.000000 0.000000 0.000000 0.000000
    6 6.250000 0.000000 0.000000 0.000000 0.000000 0.000000
    7 9.557232 -1.269545 -1.541664 -0.000078 0.000000 -0.000050
    8 8.529856 -4.238386 4.522236 0.103003 0.156832 -0.098557
    9 5.786820 0.002787 -0.004020 -0.431492 0.103250 -0.049774
    10 5.999492 -0.000592 -4.000343 0.000000 0.000000 0.000000
    11 5.791316 0.006489 0.000893 -0.070588 -0.003372 0.195665
    12 5.999492 -0.000592 4.000336 0.000000 0.000000 0.000000
    13 0.500225 0.000133 -0.000088 0.325236 0.000000 0.000000
    14 11.534559 0.004255 -0.001312 -0.000017 0.000009 0.118255
    15 -0.829338 0.893824 0.079659 -0.148839 0.047645 0.087266
    16 0.500225 0.000132 0.000076 0.101713 0.000000 0.000000
    17 11.536401 0.000526 -0.000089 0.000006 -0.000022 -0.430469
    18 -0.829586 0.894698 -0.079464 0.045377 -0.019621 0.087266
    19 10.599884 0.000105 -0.000553 0.403041 0.000000 0.000000
    20 0.107946 -0.279087 -0.000805 0.000000 0.000011 -0.059034
    21 11.042057 -0.000189 0.004704 0.280508 -0.032923 -0.303401
    22 -1.214832 0.203470 -0.477489 -0.135025 -0.078677 -0.001289
    23 10.599880 0.000105 0.000549 0.048830 0.000060 -0.000048
    24 0.174352 -0.275181 0.000801 0.000000 -0.000011 0.215303
    25 11.041742 0.003171 -0.000571 -0.103444 -0.012947 0.222812
    26 -1.063377 0.077663 0.150230 0.045121 0.020046 -0.012850
    27 0.610302 -0.939470 0.070343 -0.000101 -0.000063 -0.000018
    28 0.639940 -0.199121 0.060188 -0.000102 -0.000016 -0.000004
    29 0.600155 1.080261 -0.339535 -0.000053 -0.000039 0.000063
    30 0.610207 0.400743 -0.010101 -0.000108 0.000033 0.000003
    31 0.634715 -0.693997 -0.232343 -0.000046 0.000017 -0.000026
    32 -0.792125 0.203736 0.461300 1.439074 -0.003453 -0.018305
    33 0.610300 -0.939469 -0.070351 0.000050 -0.000045 -0.000018
    34 0.639937 -0.199121 -0.060200 0.000051 -0.000031 -0.000052
    35 0.600157 1.080259 0.339531 0.000053 -0.000021 -0.000033
    36 0.610205 0.400743 0.010086 0.000108 0.000003 -0.000045
    37 0.629883 -0.689453 0.230347 0.000000 0.000000 0.000000
    38 -0.626031 -0.069983 -0.080517 -1.447153 0.086151 0.021559
    39 2.621377 -0.002532 -0.001438 0.000015 -0.000068 -0.000063
    40 2.664743 0.000397 -0.000071 -0.000015 0.000031 0.000051
    41 2.206394 0.003368 -0.002863 0.000045 0.000048 0.000012
    42 0.599952 0.959240 -0.300102 -0.174544 0.000000 0.000000
    43 2.553283 -0.005873 0.002453 -0.000072 0.000023 0.000037
    44 2.095024 -0.003873 -0.006100 -0.000007 -0.000045 0.000006
    45 0.999380 -0.000236 -1.209370 -0.000001 0.000000 0.000000
    46 -0.122639 -0.721856 0.661690 -0.486644 0.223964 0.243056
    47 2.622113 -0.000648 0.002741 -0.019828 -0.019912 0.002552
    48 2.657909 0.004589 -0.000533 0.000066 0.000063 0.000022
    49 2.200016 0.005570 0.000836 0.000000 -0.000013 -0.000008
    50 0.599951 0.959244 0.300102 0.174544 0.000000 0.000000
    51 2.552663 -0.004291 0.000554 -0.000002 0.000009 0.000056
    52 2.097656 -0.000093 -0.000404 0.000000 0.000000 0.000000
    53 0.999374 -0.000237 1.209362 0.000000 0.000000 0.000001
    54 0.310846 -0.606445 -0.498005 0.308107 -0.197598 0.313976
    55 1.869163 -0.004741 -0.000994 -0.000007 0.000004 0.000078
    56 1.200941 0.399582 -0.000237 -0.009465 0.016087 0.007127
    57 0.000586 0.100342 -0.000319 -0.120035 -0.021926 -0.209617
    58 -0.161663 0.051712 0.194808 -2.941982 0.122408 -0.060194
    59 2.010092 -0.007109 -0.003377 0.000018 0.000013 -0.000009
    60 0.000240 0.099802 -0.000395 -0.018823 0.010833 -0.239219
    61 -0.203197 0.048607 0.069150 -3.093332 0.033217 -0.046722
    62 1.180428 -0.006214 0.000780 -0.000050 0.000060 0.000009
    63 -0.000196 0.099625 -0.000034 0.000000 0.000000 -0.314102
    64 -0.088736 -0.688435 -0.145203 2.930407 -0.136130 0.513013
    65 1.707031 0.000721 -0.000195 0.000000 0.000000 0.000000
    66 -0.000580 0.100145 -0.000311 -0.010912 0.023129 -0.260841
    67 -0.146030 -0.232426 -0.014225 3.028455 -0.094299 0.113020
    68 1.290632 0.000362 -0.000032 0.000000 0.000000 0.000000
    69 -0.658121 -0.003575 0.072645 -0.142711 0.027792 -0.077299
    70 1.868080 -0.003049 0.006083 0.007721 0.010598 -0.087895
    71 1.200079 0.399944 -0.000093 0.009465 -0.016087 0.007127
    72 0.000591 0.100342 0.000319 0.120035 0.021926 -0.209617
    73 0.068077 0.002285 -0.080050 3.111376 -0.069366 -0.060847
    74 2.011874 -0.005083 0.006086 -0.000013 0.000035 0.000069
    75 0.000229 0.099802 0.000395 0.018823 -0.010833 -0.239219
    76 -0.018673 -0.001009 0.047544 3.109244 0.002635 -0.106673
    77 1.178665 0.001595 0.000845 0.000018 -0.000012 0.000055
    78 -0.000198 0.099628 0.000034 0.000000 0.000000 -0.314102
    79 0.036892 -0.634449 0.266284 -2.801062 0.174301 0.490914
    80 1.708256 -0.002506 -0.004592 -0.000022 0.000023 -0.000040
    81 -0.000576 0.100136 0.000311 0.010912 -0.023129 -0.260841
    82 -0.003952 -0.281811 0.115047 -3.059162 0.089004 0.167964
    83 1.289627 0.003949 0.000061 -0.000014 0.000003 -0.000023
    84 -0.171528 -0.018148 -0.099873 0.013484 -0.062184 -0.011780
    85 0.919434 -0.000298 -0.000422 0.000000 0.000000 0.000000
    86 -0.342617 0.053404 -0.025571 -2.909301 -0.017248 0.075276
    87 1.100231 -0.000930 -0.002434 0.000009 0.000062 0.000010
    88 -0.384983 0.330998 0.006848 -3.087207 -0.018765 -0.184279
    89 0.678146 0.006192 0.000002 0.000030 -0.000067 0.000055
    90 -0.123848 0.072737 0.029507 2.898184 -0.060627 0.094834
    91 1.017166 -0.000154 -0.000252 -0.000071 -0.000014 0.000066
    92 -0.344986 0.123129 0.143151 2.994981 0.012396 0.059140
    93 -0.730988 0.177046 0.039141 -0.123731 0.076518 -0.084310
    94 0.925900 0.001298 -0.000896 0.032188 0.040461 -0.007266
    95 -0.124027 -0.052092 0.038496 3.077813 -0.008519 0.039229
    96 1.100430 -0.007458 0.000503 -0.000006 -0.000030 -0.000014
    97 -0.330082 0.160641 0.042780 3.128073 0.034033 -0.171236
    98 0.675854 0.005438 0.003272 0.000014 0.000051 0.000010
    99 -0.019516 -0.016531 0.038578 -2.763781 0.050305 0.076828
    100 1.014985 0.005113 0.001121 -0.000042 0.000007 0.000059
    101 -0.155312 0.130643 -0.021921 -3.022466 0.022433 -0.024903
    102 -0.252209 0.061937 -0.024914 -0.007671 -0.063171 -0.044392
    103 -0.085991 0.185203 -0.015180 -2.937063 -0.113970 -0.138991
    104 -0.286537 0.179852 0.024264 -3.109353 -0.049645 -0.029915
    105 -0.019489 0.147084 0.079203 2.893815 0.038585 -0.060594
    106 -0.046482 0.251898 0.129548 3.016165 0.077112 -0.042864
    107 0.039120 -0.040298 0.047739 3.084219 0.030470 -0.037414
    108 -0.233757 0.066630 0.001754 -3.133086 0.040141 -0.065413
    109 0.044266 0.020128 0.001684 -2.778763 -0.118872 -0.040488
    110 0.071495 0.074127 -0.048302 -3.035917 -0.059482 0.104366
    111 0.906278 -5.117344 53.673513 -0.156136 -0.101215 -1.454268
    112 -13.555101 -25.172643 41.727836 2.198096 0.191661 -2.267403
    113 -1.142999 -0.001000 0.273999 0.000000 0.000000 1.570816
    114 -0.943998 0.000000 1.776996 0.000000 0.000000 0.000000
    115 2.039996 -0.296999 1.310997 0.000000 0.000000 -1.570817
    116 -0.653999 0.000000 -1.549997 0.000000 0.000000 0.000000
    117 4.078125 0.000000 -0.139893 0.000000 0.000000 0.000000
    118 1.636719 0.000000 -0.501953 0.000000 0.000000 0.000000
    119 2.437500 0.000000 0.764648 0.000000 0.000000 0.000000
    120 -0.898998 0.000000 -1.088998 0.000000 0.000000 0.000000
    121 2.025996 -0.001000 0.680999 0.000000 0.000000 1.570816
    122 0.000000 0.000000 0.000000 0.000000 0.000000 -1.570816
    123 0.711998 0.439999 -0.805998 0.000000 0.000000 1.570815
    124 -1.474998 0.000000 0.073000 0.000000 0.000000 1.570816
    125 1.889997 0.409999 0.284999 1.570815 0.000000 0.000000
    126 0.000000 0.000000 0.000000 0.000000 0.000000 0.000000
    127 -0.106000 0.000000 64.320000 0.000000 0.000000 0.000000
    128 0.000000 0.000000 0.000000 0.000000 0.000000 0.000000
    129 0.000000 0.000000 0.000000 0.000384 0.001151 -0.000060
    130 15.946044 1.789603 0.501094 -0.156332 -0.101236 0.116487
    131 0.106000 0.000000 -64.320000 0.000000 0.000000 0.000000
    132 0.000000 0.000000 0.000000 0.000000 0.000000 0.000000
    133 0.000000 0.000000 -4.867002 0.000000 0.000000 0.000000
    134 0.000000 0.000000 4.867000 0.000000 0.000000 0.000000
    135 4.000000 -6.500000 0.000000 0.000000 0.000000 0.000000
    136 -6.500000 0.000000 0.000000 0.000000 0.000000 0.000000
    137 1.000088 -0.000029 0.000000 0.000000 0.000000 0.000000
    138 17.162516 -0.000404 0.000000 0.000000 0.000000 0.000000
    139 9.999891 -0.000303 0.000000 0.000000 0.000000 0.000000
    140 1.000088 -0.000029 0.000000 0.000000 0.000000 0.000000
    141 17.162516 -0.000404 0.000000 0.000000 0.000000 0.000000
    142 9.499836 0.000212 0.000000 0.000000 0.000000 0.000000
    143 0.000000 0.000000 0.000000 0.000000 0.000000 0.000000
    144 17.749374 0.295515 0.000000 0.000000 0.000000 0.000000
    145 0.017889 0.299792 0.000000 0.000000 0.000000 0.000000
    146 12.283573 1.581456 -4.696000 1.462269 -0.086726 0.090185
    147 17.749376 0.295515 0.000000 0.000000 0.000000 0.000000
    148 0.017889 0.299792 0.000000 0.000000 0.000000 0.000000
    149 13.354000 0.000000 0.000000 0.000000 0.000000 0.000000
    150 4.530998 0.000000 0.000000 0.000000 0.000000 0.000000
    151 0.000000 0.000000 0.000000 0.000000 0.000000 0.000000
    152 5.413524 0.000347 0.000000 0.000000 0.000000 0.000000
    153 5.413524 0.000347 0.000000 0.000000 0.000000 0.000000
    154 4.662002 -5.366333 4.825191 1.569713 1.561305 -3.121213
    155 3.116966 -0.000443 0.000000 0.000000 0.000000 0.000000
    156 0.000000 0.000000 0.000000 0.000000 0.000000 0.000000
    157 -1.607000 0.000000 0.565000 0.000000 0.314158 0.000000
    158 -1.605469 0.000000 0.564453 0.000000 0.314158 0.000000
    159 -1.533000 0.000000 1.131000 -0.262473 -0.000006 1.570754
    160 -1.532227 0.000000 1.130859 -0.262470 -0.000006 1.570749
    161 0.000000 -0.001000 0.000000 0.000000 0.000000 0.000000
    162 3.867000 0.000000 0.228000 0.000000 0.000000 0.000000
    163 3.512001 -3.547000 -1.066000 0.000000 1.570796 0.000000
    164 3.456001 -3.517000 1.169000 0.000000 1.570796 0.000000
    165 6.233002 0.000000 0.000000 0.000000 0.000000 0.000000
    166 -0.171997 -0.106000 -0.902000 1.570713 1.029176 -3.134550
    167 6.241997 -6.380000 0.000000 -0.000060 -0.000384 -0.001151
    168 -3.106999 0.000000 0.669000 0.000000 0.000000 0.000000
    169 -3.106999 0.000000 0.741000 0.000000 0.000000 0.000000
    170 -3.252000 0.000000 0.540000 0.000000 0.000000 0.000000
    171 3.999434 -0.000528 -0.000332 0.202141 -0.000053 -0.000023
    172 3.999901 0.000038 0.001011 0.026118 -0.000001 -0.000001
    173 1.598000 0.000000 0.000000 0.000000 0.000000 0.000000
    174 -1.145525 0.000130 0.000668 0.000000 0.000000 0.000000
    175 2.299681 -2.499979 -0.599480 -0.000095 0.000013 -0.000003
    176 -9.580589 -27.860225 -37.179709 -0.000042 -0.000010 -0.000139
    177 -9.580679 -27.862110 -37.184673 0.812879 -0.123459 -0.568477
    178 0.649933 -0.548295 0.093651 -1.665913 -0.131399 -0.112062
    179 0.657077 0.008401 0.040371 -1.665945 -0.131407 -0.000013
    180 0.665776 0.747221 -0.029190 -1.665935 -0.131408 0.094976
    181 2.300139 -2.499414 0.600159 -0.000054 0.000047 -0.000016
    182 -18.905429 -8.427074 0.006006 0.000054 -0.000014 -0.000002
    183 2.762354 0.116951 1.523975 1.629482 0.064153 1.743800
    184 7.228323 7.928203 -3.925652 2.328713 0.123459 -0.568477
    185 0.650394 -0.547730 -0.092979 1.665913 0.131399 -0.112062
    186 0.657069 0.008399 -0.040379 1.665945 0.131407 -0.000013
    187 0.665772 0.747219 0.029182 1.665935 0.131408 0.094976
    188 -4.481003 -0.202000 0.000000 0.000000 0.000000 0.000000
    189 -5.516998 -0.291000 -0.001000 0.000000 0.000000 0.000000
    190 -0.857697 0.104070 0.104687 0.023536 0.163924 0.013632
    191 1.899121 0.000427 -0.000439 0.027386 -0.033311 0.477848
    192 1.799658 -0.000240 0.000231 0.027386 -0.033311 0.477848
    193 1.799658 -0.000240 0.000231 0.027386 -0.033311 0.477848
    194 1.799658 -0.000240 0.000231 0.027386 -0.033311 0.477848
    195 1.900312 -0.000137 -0.000517 0.027386 -0.033311 0.477848
    196 1.899436 -0.000320 -0.000151 -0.027386 0.033311 0.477848
    197 1.799664 -0.000233 -0.000233 -0.027386 0.033311 0.477848
    198 1.799664 -0.000233 -0.000233 -0.027386 0.033311 0.477848
    199 1.799664 -0.000233 -0.000233 -0.027386 0.033311 0.477848
    200 1.900729 0.000549 -0.000072 -0.027386 0.033311 0.477848
    201 0.599884 0.400188 -0.000027 0.000000 0.000000 0.000000
    202 0.599888 0.400187 0.000031 0.000000 0.000000 0.000000
    203 0.599503 0.400696 0.000234 0.000000 0.000000 0.000000
    204 0.600399 0.399632 -0.000466 0.000000 0.000000 -0.000095
  time 6
    0 0.000000 0.000000 0.000000 0.000000 0.000000 -1.570796
    1 -0.106000 0.000000 64.320000 0.000000 0.000000 0.000000
    2 0.000000 0.000000 0.000000 0.000000 0.000000 0.000000
    3 -0.904000 0.000000 -11.806000 0.000000 0.000000 0.000000
    4 0.000000 0.000000 -14.313999 0.000000 0.000000 0.000000
    5 3.533001 0.000000 0.000000 0.000000 0.000000 0.000000
    6 6.250000 0.000000 0.000000 0.000000 0.000000 0.000000
    7 9.565044 -0.792968 -1.694013 -0.000078 0.000000 -0.000050
    8 8.795490 -3.308670 3.381576 0.068528 0.117596 -0.055378
    9 5.786820 0.002787 -0.004020 -0.413949 0.058494 -0.127757
    10 5.999492 -0.000592 -4.000343 0.000000 0.000000 0.000000
    11 5.787410 0.002582 0.000893 -0.034945 -0.009717 0.151544
    12 5.999492 -0.000592 4.000336 0.000000 0.000000 0.000000
    13 0.500225 0.000133 -0.000088 0.311830 0.000000 0.000000
    14 11.534559 0.004255 -0.001312 -0.000017 0.000009 0.297454
    15 -0.829338 0.893824 0.079659 -0.148839 0.047645 0.087266
    16 0.500225 0.000132 0.000076 0.059857 0.000000 0.000000
    17 11.532495 0.004432 -0.000089 0.000006 -0.000022 -0.329976
    18 -0.829586 0.894698 -0.079464 0.045377 -0.019621 0.087266
    19 10.599884 0.000105 -0.000553 0.410511 0.000000 0.000000
    20 0.076695 -0.282994 -0.000805 0.000072 0.000011 -0.148735
    21 11.042057 -0.000189 0.000798 0.280442 0.067695 -0.290748
    22 -1.214832 0.203470 -0.477489 -0.135025 -0.078677 -0.001289
    23 10.599880 0.000105 0.000549 0.018198 0.000000 0.000000
    24 0.162633 -0.275181 0.000801 0.000000 -0.000011 0.163526
    25 11.041742 0.003171 -0.000571 -0.091584 -0.017498 0.157317
    26 -1.063377 0.077663 0.150230 0.045121 0.020046 -0.012850
    27 0.610302 -0.939470 0.070343 -0.000101 -0.000063 -0.000018
    28 0.639940 -0.199121 0.060188 -0.000051 -0.000016 -0.000004
    29 0.600155 1.080261 -0.339535 -0.000053 -0.000039 0.000063
    30 0.610207 0.400743 -0.010101 -0.000108 0.000021 0.000003
    31 0.634715 -0.693997 -0.232343 -0.000021 0.000017 -0.000026
    32 -0.792125 0.203736 0.461300 1.439074 -0.003453 -0.018305
    33 0.610300 -0.939469 -0.070351 0.000050 -0.000021 -0.000018
    34 0.639937 -0.199121 -0.060200 0.000051 -0.000031 -0.000052
    35 0.600157 1.080259 0.339531 0.000053 -0.000021 -0.000021
    36 0.610205 0.400743 0.010086 0.000108 0.000003 -0.000045
    37 0.629883 -0.689453 0.230347 0.000000 0.000000 0.000000
    38 -0.626031 -0.069983 -0.080517 -1.447153 0.086151 0.021559
    39 2.625284 -0.002532 -0.005345 0.000015 -0.000068 -0.000063
    40 2.664743 0.000397 -0.000071 -0.000015 0.000031 0.000051
    41 2.206394 0.003368 -0.002863 0.000034 0.000018 0.000012
    42 0.599952 0.959240 -0.300102 -0.174544 0.000000 0.000000
    43 2.557190 -0.005873 0.006359 -0.000072 0.000023 0.000037
    44 2.095024 -0.003873 -0.006100 -0.000007 -0.000045 0.000006
    45 0.999380 -0.000236 -1.209370 -0.000001 0.000000 0.000000
    46 -0.122639 -0.721856 0.661690 -0.486644 0.223964 0.243056
    47 2.622113 -0.004555 0.006647 -0.005890 -0.005483 0.000707
    48 2.657909 0.004589 -0.000533 0.000066 0.000063 0.000022
    49 2.200016 0.001663 0.000836 0.000000 -0.000013 -0.000008
    50 0.599951 0.959244 0.300102 0.174544 0.000000 0.000000
    51 2.556570 -0.004291 0.000554 -0.000002 0.000009 0.000056
    52 2.097656 -0.000093 -0.000404 0.000000 0.000000 0.000000
    53 0.999374 -0.000237 1.209362 0.000000 0.000000 0.000001
    54 0.310846 -0.606445 -0.498005 0.308107 -0.197598 0.313976
    55 1.873069 -0.004741 -0.000994 -0.000007 0.000004 0.000078
    56 1.200941 0.399582 -0.000237 -0.009465 0.016087 0.007127
    57 0.000586 0.100342 -0.000319 -0.120035 -0.021926 -0.209617
    58 -0.161663 0.051712 0.194808 -2.941982 0.122408 -0.060194
    59 2.010092 -0.003202 -0.003377 0.000018 0.000013 -0.000009
    60 0.000240 0.099802 -0.000395 -0.018823 0.010833 -0.239219
    61 -0.203197 0.048607 0.069150 -3.093332 0.033217 -0.046722
    62 1.180428 -0.006214 0.000780 -0.000050 0.000048 0.000009
    63 -0.000196 0.099625 -0.000034 0.000000 0.000000 -0.314102
    64 -0.088736 -0.688435 -0.145203 2.930407 -0.136130 0.513013
    65 1.707031 0.000721 -0.000195 0.000000 0.000000 0.000000
    66 -0.000580 0.100145 -0.000311 -0.010912 0.023129 -0.260841
    67 -0.146030 -0.232426 -0.014225 3.028455 -0.094299 0.113020
    68 1.290632 0.000362 -0.000032 0.000000 0.000000 0.000000
    69 -0.658121 -0.003575 0.072645 -0.142711 0.027792 -0.077299
    70 1.871986 -0.003049 0.002176 0.002232 0.002952 -0.024499
    71 1.200079 0.399944 -0.000093 0.009465 -0.016087 0.007127
    72 0.000591 0.100342 0.000319 0.120035 0.021926 -0.209617
    73 0.068077 0.002285 -0.080050 3.111376 -0.069366 -0.060847
    74 2.015780 -0.005083 0.002180 -0.000013 0.000023 0.000069
    75 0.000229 0.099802 0.000395 0.018823 -0.010833 -0.239219
    76 -0.018673 -0.001009 0.047544 3.109244 0.002635 -0.106673
    77 1.178665 0.001595 0.000845 0.000018 -0.000012 0.000055
    78 -0.000198 0.099628 0.000034 0.000000 0.000000 -0.314102
    79 0.036892 -0.634449 0.266284 -2.801062 0.174301 0.490914
    80 1.704350 -0.002506 -0.004592 -0.000010 0.000023 -0.000040
    81 -0.000576 0.100136 0.000311 0.010912 -0.023129 -0.260841
    82 -0.003952 -0.281811 0.115047 -3.059162 0.089004 0.167964
    83 1.289627 0.003949 0.000061 -0.000014 0.000003 -0.000023
    84 -0.171528 -0.018148 -0.099873 0.013484 -0.062184 -0.011780
    85 0.919434 -0.000298 -0.000422 0.000000 0.000000 0.000000
    86 -0.342617 0.053404 -0.025571 -2.909301 -0.017248 0.075276
    87 1.100231 -0.000930 -0.002434 0.000009 0.000062 0.000010
    88 -0.384983 0.330998 0.006848 -3.087207 -0.018765 -0.184279
    89 0.678146 0.006192 0.000002 0.000030 -0.000067 0.000055
    90 -0.123848 0.072737 0.029507 2.898184 -0.060627 0.094834
    91 1.017166 -0.000154 -0.000252 -0.000059 -0.000014 0.000066
    92 -0.344986 0.123129 0.143151 2.994981 0.012396 0.059140
    93 -0.730988 0.177046 0.039141 -0.123731 0.076518 -0.084310
    94 0.925900 0.001298 -0.000896 0.009561 0.011949 -0.000894
    95 -0.124027 -0.052092 0.038496 3.077813 -0.008519 0.039229
    96 1.100430 -0.007458 0.000503 -0.000006 -0.000030 -0.000014
    97 -0.330082 0.160641 0.042780 3.128073 0.034033 -0.171236
    98 0.675854 0.005438 0.003272 0.000014 0.000051 0.000010
    99 -0.019516 -0.016531 0.038578 -2.763781 0.050305 0.076828
    100 1.014985 0.001206 0.001121 -0.000042 0.000007 0.000059
    101 -0.155312 0.130643 -0.021921 -3.022466 0.022433 -0.024903
    102 -0.252209 0.061937 -0.024914 -0.007671 -0.063171 -0.044392
    103 -0.085991 0.185203 -0.015180 -2.937063 -0.113970 -0.138991
    104 -0.286537 0.179852 0.024264 -3.109353 -0.049645 -0.029915
    105 -0.019489 0.147084 0.079203 2.893815 0.038585 -0.060594
    106 -0.046482 0.251898 0.129548 3.016165 0.077112 -0.042864
    107 0.039120 -0.040298 0.047739 3.084219 0.030470 -0.037414
    108 -0.233757 0.066630 0.001754 -3.133086 0.040141 -0.065413
    109 0.044266 0.020128 0.001684 -2.778763 -0.118872 -0.040488
    110 0.071495 0.074127 -0.048302 -3.035917 -0.059482 0.104366
    111 0.726585 -5.113437 53.950865 -0.116815 -0.068304 -1.506276
    112 -12.008179 -26.000793 40.727805 2.231809 0.163849 -2.228416
    113 -1.142999 -0.001000 0.273999 0.000000 0.000000 1.570816
    114 -0.943998 0.000000 1.776996 0.000000 0.000000 0.000000
    115 2.039996 -0.296999 1.310997 0.000000 0.000000 -1.570817
    116 -0.653999 0.000000 -1.549997 0.000000 0.000000 0.000000
    117 4.078125 0.000000 -0.139893 0.000000 0.000000 0.000000
    118 1.636719 0.000000 -0.501953 0.000000 0.000000 0.000000
    119 2.437500 0.000000 0.764648 0.000000 0.000000 0.000000
    120 -0.898998 0.000000 -1.088998 0.000000 0.000000 0.000000
    121 2.025996 -0.001000 0.680999 0.000000 0.000000 1.570816
    122 0.000000 0.000000 0.000000 0.000000 0.000000 -1.570816
    123 0.711998 0.439999 -0.805998 0.000000 0.000000 1.570815
    124 -1.474998 0.000000 0.073000 0.000000 0.000000 1.570816
    125 1.889997 0.409999 0.284999 1.570815 0.000000 0.000000
    126 0.000000 0.000000 0.000000 0.000000 0.000000 0.000000
    127 -0.106000 0.000000 64.320000 0.000000 0.000000 0.000000
    128 0.000000 0.000000 0.000000 0.000000 0.000000 0.000000
    129 0.000000 0.000000 0.000000 0.000587 0.001366 -0.000072
    130 15.946044 1.164584 0.438592 -0.116974 -0.068280 0.064478
    131 0.106000 0.000000 -64.320000 0.000000 0.000000 0.000000
    132 0.000000 0.000000 0.000000 0.000000 0.000000 0.000000
    133 0.000000 0.000000 -4.867002 0.000000 0.000000 0.000000
    134 0.000000 0.000000 4.867000 0.000000 0.000000 0.000000
    135 4.000000 -6.500000 0.000000 0.000000 0.000000 0.000000
    136 -6.500000 0.000000 0.000000 0.000000 0.000000 0.000000
    137 1.000088 -0.000029 0.000000 0.000000 0.000000 0.000000
    138 17.162516 -0.000404 0.000000 0.000000 0.000000 0.000000
    139 9.999891 -0.000303 0.000000 0.000000 0.000000 0.000000
    140 1.000088 -0.000029 0.000000 0.000000 0.000000 0.000000
    141 17.162516 -0.000404 0.000000 0.000000 0.000000 0.000000
    142 9.499836 0.000212 0.000000 0.000000 0.000000 0.000000
    143 0.000000 0.000000 0.000000 0.000000 0.000000 0.000000
    144 17.749374 0.295515 0.000000 0.000000 0.000000 0.000000
    145 0.017889 0.299792 0.000000 0.000000 0.000000 0.000000
    146 12.283573 1.581456 -4.696000 1.462269 -0.086726 0.090185
    147 17.749376 0.295515 0.000000 0.000000 0.000000 0.000000
    148 0.017889 0.299792 0.000000 0.000000 0.000000 0.000000
    149 13.354000 0.000000 0.000000 0.000000 0.000000 0.000000
    150 4.530998 0.000000 0.000000 0.000000 0.000000 0.000000
    151 0.000000 0.000000 0.000000 0.000000 0.000000 0.000000
    152 5.413524 0.000347 0.000000 0.000000 0.000000 0.000000
    153 5.413524 0.000347 0.000000 0.000000 0.000000 0.000000
    154 4.662002 -5.366333 4.825191 1.569713 1.561305 -3.121213
    155 3.116966 -0.000443 0.000000 0.000000 0.000000 0.000000
    156 0.000000 0.000000 0.000000 0.000000 0.000000 0.000000
    157 -1.607000 0.000000 0.565000 0.000000 0.314158 0.000000
    158 -1.605469 0.000000 0.564453 0.000000 0.314158 0.000000
    159 -1.533000 0.000000 1.131000 -0.262473 -0.000006 1.570754
    160 -1.532227 0.000000 1.130859 -0.262470 -0.000006 1.570749
    161 0.000000 -0.001000 0.000000 0.000000 0.000000 0.000000
    162 3.867000 0.000000 0.228000 0.000000 0.000000 0.000000
    163 3.512001 -3.547000 -1.066000 0.000000 1.570796 0.000000
    164 3.456001 -3.517000 1.169000 0.000000 1.570796 0.000000
    165 6.233002 0.000000 0.000000 0.000000 0.000000 0.000000
    166 -0.171997 -0.106000 -0.902000 1.570713 1.029176 -3.134550
    167 6.241997 -6.380000 0.000000 -0.000072 -0.000587 -0.001366
    168 -3.106999 0.000000 0.669000 0.000000 0.000000 0.000000
    169 -3.106999 0.000000 0.741000 0.000000 0.000000 0.000000
    170 -3.252000 0.000000 0.540000 0.000000 0.000000 0.000000
    171 3.999434 -0.000528 -0.000332 0.205237 -0.000017 -0.000023
    172 3.999901 0.000038 0.001011 0.009097 -0.000001 -0.000001
    173 1.598000 0.000000 0.000000 0.000000 0.000000 0.000000
    174 -1.145525 0.000130 0.000668 0.000000 0.000000 0.000000
    175 2.299681 -2.499979 -0.599480 -0.000068 0.000013 -0.000003
    176 -9.580589 -27.860225 -37.179709 0.000053 -0.000010 -0.000139
    177 -9.580679 -27.862110 -37.184673 0.812879 -0.123459 -0.568477
    178 0.649933 -0.548295 0.093651 -1.665913 -0.131399 -0.112062
    179 0.657077 0.008401 0.040371 -1.665945 -0.131407 -0.000013
    180 0.665776 0.747221 -0.029190 -1.665935 -0.131408 0.094976
    181 2.300139 -2.499414 0.600159 -0.000054 0.000035 -0.000016
    182 -18.905429 -8.427074 0.006006 0.000054 -0.000014 -0.000002
    183 2.762354 0.116951 1.523975 1.629482 0.064153 1.743800
    184 7.228323 7.928203 -3.925652 2.328713 0.123459 -0.568477
    185 0.650394 -0.547730 -0.092979 1.665913 0.131399 -0.112062
    186 0.657069 0.008399 -0.040379 1.665945 0.131407 -0.000013
    187 0.665772 0.747219 0.029182 1.665935 0.131408 0.094976
    188 -4.481003 -0.202000 0.000000 0.000000 0.000000 0.000000
    189 -5.516998 -0.291000 -0.001000 0.000000 0.000000 0.000000
    190 -0.857697 0.104070 0.104687 0.023536 0.163924 0.013632
    191 1.899121 0.000427 -0.000439 0.027386 -0.033311 0.477848
    192 1.799658 -0.000240 0.000231 0.027386 -0.033311 0.477848
    193 1.799658 -0.000240 0.000231 0.027386 -0.033311 0.477848
    194 1.799658 -0.000240 0.000231 0.027386 -0.033311 0.477848
    195 1.900312 -0.000137 -0.000517 0.027386 -0.033311 0.477848
    196 1.899436 -0.000320 -0.000151 -0.027386 0.033311 0.477848
    197 1.799664 -0.000233 -0.000233 -0.027386 0.033311 0.477848
    198 1.799664 -0.000233 -0.000233 -0.027386 0.033311 0.477848
    199 1.799664 -0.000233 -0.000233 -0.027386 0.033311 0.477848
    200 1.900729 0.000549 -0.000072 -0.027386 0.033311 0.477848
    201 0.599884 0.400188 -0.000027 0.000000 0.000000 0.000000
    202 0.599888 0.400187 0.000031 0.000000 0.000000 0.000000
    203 0.599503 0.400696 0.000234 0.000000 0.000000 0.000000
    204 0.600399 0.399632 -0.000466 0.000000 0.000000 -0.000095
  time 7
    0 0.000000 0.000000 0.000000 0.000000 0.000000 -1.570796
    1 -0.106000 0.000000 64.320000 0.000000 0.000000 0.000000
    2 0.000000 0.000000 0.000000 0.000000 0.000000 0.000000
    3 -0.904000 0.000000 -11.806000 0.000000 0.000000 0.000000
    4 0.000000 0.000000 -14.313999 0.000000 0.000000 0.000000
    5 3.533001 0.000000 0.000000 0.000000 0.000000 0.000000
    6 6.250000 0.000000 0.000000 0.000000 0.000000 0.000000
    7 9.568951 -0.390612 -1.822923 -0.000078 0.000000 -0.000050
    8 9.330662 -2.007849 2.506549 0.029537 0.107501 -0.026433
    9 5.786820 0.002787 -0.004020 -0.389676 0.077667 -0.097258
    10 5.999492 -0.000592 -4.000343 0.000000 0.000000 0.000000
    11 5.791316 0.002582 0.004799 -0.008870 -0.010736 0.103523
    12 5.999492 -0.000592 4.000336 0.000000 0.000000 0.000000
    13 0.500225 0.000133 -0.000088 0.293749 0.000000 0.000000
    14 11.534559 0.004255 -0.001312 -0.000017 0.000009 0.215207
    15 -0.829338 0.893824 0.079659 -0.148839 0.047645 0.087266
    16 0.500225 0.000132 0.000076 0.027568 0.000060 0.000000
    17 11.536401 0.004432 -0.000089 0.000006 -0.000022 -0.224911
    18 -0.829586 0.894698 -0.079464 0.045377 -0.019621 0.087266
    19 10.599884 0.000105 -0.000553 0.370459 -0.000060 0.000000
    20 0.096227 -0.275181 -0.000805 0.000000 0.000011 -0.107561
    21 11.042057 0.003717 0.000798 0.273413 0.041340 -0.216350
    22 -1.214832 0.203470 -0.477489 -0.135025 -0.078677 -0.001289
    23 10.599880 0.000105 0.000549 -0.001543 0.000000 0.000060
    24 0.147008 -0.275181 0.000801 0.000000 -0.000011 0.111749
    25 11.041742 0.003171 -0.000571 -0.071689 -0.017009 0.096491
    26 -1.063377 0.077663 0.150230 0.045121 0.020046 -0.012850
    27 0.610302 -0.939470 0.070343 -0.000101 -0.000063 -0.000018
    28 0.639940 -0.199121 0.060188 -0.000051 -0.000016 -0.000004
    29 0.600155 1.080261 -0.339535 -0.000053 -0.000039 0.000063
    30 0.610207 0.400743 -0.010101 -0.000108 0.000021 0.000003
    31 0.634715 -0.693997 -0.232343 -0.000021 0.000017 -0.000067
    32 -0.792125 0.203736 0.461300 1.439074 -0.003453 -0.018305
    33 0.610300 -0.939469 -0.070351 0.000050 -0.000033 -0.000018
    34 0.639937 -0.199121 -0.060200 0.000051 -0.000019 -0.000052
    35 0.600157 1.080259 0.339531 0.000053 -0.000021 -0.000021
    36 0.610205 0.400743 0.010086 0.000108 0.000003 -0.000033
    37 0.629883 -0.689453 0.230347 0.000000 0.000000 0.000000
    38 -0.626031 -0.069983 -0.080517 -1.447153 0.086151 0.021559
    39 2.625284 -0.002532 -0.001438 0.000015 -0.000056 -0.000063
    40 2.660837 0.000397 -0.000071 -0.000015 0.000019 0.000051
    41 2.202488 0.003368 -0.002863 0.000034 0.000018 0.000012
    42 0.599952 0.959240 -0.300102 -0.174544 0.000000 0.000000
    43 2.557190 -0.001967 0.006359 -0.000058 0.000023 0.000037
    44 2.095024 -0.003873 -0.006100 -0.000007 -0.000023 0.000006
    45 0.999380 -0.000236 -1.209370 -0.000001 0.000000 0.000000
    46 -0.122639 -0.721856 0.661690 -0.486644 0.223964 0.243056
    47 2.622113 -0.000648 0.006647 -0.000086 0.000002 0.000003
    48 2.657909 0.004589 -0.000533 0.000066 0.000063 0.000022
    49 2.200016 0.001663 0.000836 0.000000 -0.000013 -0.000008
    50 0.599951 0.959244 0.300102 0.174544 0.000000 0.000000
    51 2.556570 -0.000385 0.000554 -0.000002 0.000009 0.000056
    52 2.097656 -0.000093 -0.000404 0.000000 0.000000 0.000000
    53 0.999374 -0.000237 1.209362 0.000000 0.000000 0.000001
    54 0.310846 -0.606445 -0.498005 0.308107 -0.197598 0.313976
    55 1.873069 -0.004741 -0.004901 -0.000007 0.000004 0.000078
    56 1.200941 0.399582 -0.000237 -0.009465 0.016087 0.007127
    57 0.000586 0.100342 -0.000319 -0.120035 -0.021926 -0.209617
    58 -0.161663 0.051712 0.194808 -2.941982 0.122408 -0.060194
    59 2.010092 -0.003202 -0.003377 0.000018 0.000013 -0.000009
    60 0.000240 0.099802 -0.000395 -0.018823 0.010833 -0.239219
    61 -0.203197 0.048607 0.069150 -3.093332 0.033217 -0.046722
    62 1.180428 -0.006214 0.000780 -0.000050 0.000048 0.000009
    63 -0.000196 0.099625 -0.000034 0.000000 0.000000 -0.314102
    64 -0.088736 -0.688435 -0.145203 2.930407 -0.136130 0.513013
    65 1.707031 0.000721 -0.000195 0.000000 0.000000 0.000000
    66 -0.000580 0.100145 -0.000311 -0.010912 0.023129 -0.260841
    67 -0.146030 -0.232426 -0.014225 3.028455 -0.094299 0.113020
    68 1.290632 0.000362 -0.000032 0.000000 0.000000 0.000000
    69 -0.658121 -0.003575 0.072645 -0.142711 0.027792 -0.077299
    70 1.868080 -0.003049 0.006083 0.000003 -0.000081 0.000030
    71 1.200079 0.399944 -0.000093 0.009465 -0.016087 0.007127
    72 0.000591 0.100342 0.000319 0.120035 0.021926 -0.209617
    73 0.068077 0.002285 -0.080050 3.111376 -0.069366 -0.060847
    74 2.011874 -0.005083 0.002180 -0.000013 0.000023 0.000069
    75 0.000229 0.099802 0.000395 0.018823 -0.010833 -0.239219
    76 -0.018673 -0.001009 0.047544 3.109244 0.002635 -0.106673
    77 1.178665 0.001595 0.000845 0.000018 -0.000012 0.000055
    78 -0.000198 0.099628 0.000034 0.000000 0.000000 -0.314102
    79 0.036892 -0.634449 0.266284 -2.801062 0.174301 0.490914
    80 1.704350 -0.002506 -0.004592 -0.000010 0.000023 -0.000040
    81 -0.000576 0.100136 0.000311 0.010912 -0.023129 -0.260841
    82 -0.003952 -0.281811 0.115047 -3.059162 0.089004 0.167964
    83 1.289627 0.003949 0.000061 -0.000014 0.000003 -0.000023
    84 -0.171528 -0.018148 -0.099873 0.013484 -0.062184 -0.011780
    85 0.919434 -0.000298 -0.000422 0.000000 0.000000 0.000000
    86 -0.342617 0.053404 -0.025571 -2.909301 -0.017248 0.075276
    87 1.100231 -0.000930 -0.002434 0.000009 0.000062 0.000010
    88 -0.384983 0.330998 0.006848 -3.087207 -0.018765 -0.184279
    89 0.678146 0.006192 -0.003905 0.000018 -0.000055 0.000055
    90 -0.123848 0.072737 0.029507 2.898184 -0.060627 0.094834
    91 1.017166 -0.000154 -0.000252 -0.000059 -0.000014 0.000066
    92 -0.344986 0.123129 0.143151 2.994981 0.012396 0.059140
    93 -0.730988 0.177046 0.039141 -0.123731 0.076518 -0.084310
    94 0.925900 0.001298 -0.000896 0.000058 -0.000071 0.000021
    95 -0.124027 -0.052092 0.038496 3.077813 -0.008519 0.039229
    96 1.100430 -0.007458 0.000503 -0.000006 -0.000018 -0.000014
    97 -0.330082 0.160641 0.042780 3.128073 0.034033 -0.171236
    98 0.675854 0.005438 0.003272 0.000014 0.000051 0.000010
    99 -0.019516 -0.016531 0.038578 -2.763781 0.050305 0.076828
    100 1.014985 0.001206 0.001121 -0.000042 0.000007 0.000059
    101 -0.155312 0.130643 -0.021921 -3.022466 0.022433 -0.024903
    102 -0.252209 0.061937 -0.024914 -0.007671 -0.063171 -0.044392
    103 -0.085991 0.185203 -0.015180 -2.937063 -0.113970 -0.138991
    104 -0.286537 0.179852 0.024264 -3.109353 -0.049645 -0.029915
    105 -0.019489 0.147084 0.079203 2.893815 0.038585 -0.060594
    106 -0.046482 0.251898 0.129548 3.016165 0.077112 -0.042864
    107 0.039120 -0.040298 0.047739 3.084219 0.030470 -0.037414
    108 -0.233757 0.066630 0.001754 -3.133086 0.040141 -0.065413
    109 0.044266 0.020128 0.001684 -2.778763 -0.118872 -0.040488
    110 0.071495 0.074127 -0.048302 -3.035917 -0.059482 0.104366
    111 0.476577 -4.539201 54.087588 -0.107152 -0.030477 -1.541104
    112 -10.324534 -26.934416 39.872311 2.240693 0.161756 -2.201595
    113 -1.142999 -0.001000 0.273999 0.000000 0.000000 1.570816
    114 -0.943998 0.000000 1.776996 0.000000 0.000000 0.000000
    115 2.039996 -0.296999 1.310997 0.000000 0.000000 -1.570817
    116 -0.653999 0.000000 -1.549997 0.000000 0.000000 0.000000
    117 4.078125 0.000000 -0.139893 0.000000 0.000000 0.000000
    118 1.636719 0.000000 -0.501953 0.000000 0.000000 0.000000
    119 2.437500 0.000000 0.764648 0.000000 0.000000 0.000000
    120 -0.898998 0.000000 -1.088998 0.000000 0.000000 0.000000
    121 2.025996 -0.001000 0.680999 0.000000 0.000000 1.570816
    122 0.000000 0.000000 0.000000 0.000000 0.000000 -1.570816
    123 0.711998 0.439999 -0.805998 0.000000 0.000000 1.570815
    124 -1.474998 0.000000 0.073000 0.000000 0.000000 1.570816
    125 1.889997 0.409999 0.284999 1.570815 0.000000 0.000000
    126 0.000000 0.000000 0.000000 0.000000 0.000000 0.000000
    127 -0.106000 0.000000 64.320000 0.000000 0.000000 0.000000
    128 0.000000 0.000000 0.000000 0.000000 0.000000 0.000000
    129 0.000000 0.000000 0.000000 0.000803 0.001606 -0.000084
    130 15.332744 0.594254 0.204210 -0.107199 -0.030409 0.029743
    131 0.106000 0.000000 -64.320000 0.000000 0.000000 0.000000
    132 0.000000 0.000000 0.000000 0.000000 0.000000 0.000000
    133 0.000000 0.000000 -4.867002 0.000000 0.000000 0.000000
    134 0.000000 0.000000 4.867000 0.000000 0.000000 0.000000
    135 4.000000 -6.500000 0.000000 0.000000 0.000000 0.000000
    136 -6.500000 0.000000 0.000000 0.000000 0.000000 0.000000
    137 1.000088 -0.000029 0.000000 0.000000 0.000000 0.000000
    138 17.162516 -0.000404 0.000000 0.000000 0.000000 0.000000
    139 9.999891 -0.000303 0.000000 0.000000 0.000000 0.000000
    140 1.000088 -0.000029 0.000000 0.000000 0.000000 0.000000
    141 17.162516 -0.000404 0.000000 0.000000 0.000000 0.000000
    142 9.499836 0.000212 0.000000 0.000000 0.000000 0.000000
    143 0.000000 0.000000 0.000000 0.000000 0.000000 0.000000
    144 17.749374 0.295515 0.000000 0.000000 0.000000 0.000000
    145 0.017889 0.299792 0.000000 0.000000 0.000000 0.000000
    146 12.283573 1.581456 -4.696000 1.462269 -0.086726 0.090185
    147 17.749376 0.295515 0.000000 0.000000 0.000000 0.000000
    148 0.017889 0.299792 0.000000 0.000000 0.000000 0.000000
    149 13.354000 0.000000 0.000000 0.000000 0.000000 0.000000
    150 4.530998 0.000000 0.000000 0.000000 0.000000 0.000000
    151 0.000000 0.000000 0.000000 0.000000 0.000000 0.000000
    152 5.413524 0.000347 0.000000 0.000000 0.000000 0.000000
    153 5.413524 0.000347 0.000000 0.000000 0.000000 0.000000
    154 4.662002 -5.366333 4.825191 1.569713 1.561305 -3.121213
    155 3.116966 -0.000443 0.000000 0.000000 0.000000 0.000000
    156 0.000000 0.000000 0.000000 0.000000 0.000000 0.000000
    157 -1.607000 0.000000 0.565000 0.000000 0.314158 0.000000
    158 -1.605469 0.000000 0.564453 0.000000 0.314158 0.000000
    159 -1.533000 0.000000 1.131000 -0.262473 -0.000006 1.570754
    160 -1.532227 0.000000 1.130859 -0.262470 -0.000006 1.570749
    161 0.000000 -0.001000 0.000000 0.000000 0.000000 0.000000
    162 3.867000 0.000000 0.228000 0.000000 0.000000 0.000000
    163 3.512001 -3.547000 -1.066000 0.000000 1.570796 0.000000
    164 3.456001 -3.517000 1.169000 0.000000 1.570796 0.000000
    165 6.233002 0.000000 0.000000 0.000000 0.000000 0.000000
    166 -0.171997 -0.106000 -0.902000 1.570713 1.029176 -3.134550
    167 6.241997 -6.380000 0.000000 -0.000084 -0.000803 -0.001606
    168 -3.106999 0.000000 0.669000 0.000000 0.000000 0.000000
    169 -3.106999 0.000000 0.741000 0.000000 0.000000 0.000000
    170 -3.252000 0.000000 0.540000 0.000000 0.000000 0.000000
    171 3.999434 -0.000528 -0.000332 0.185257 -0.000017 0.000061
    172 3.999901 0.000038 0.001011 -0.000789 -0.000001 -0.000001
    173 1.598000 0.000000 0.000000 0.000000 0.000000 0.000000
    174 -1.145525 0.000130 0.000668 0.000000 0.000000 0.000000
    175 2.299681 -2.499979 -0.599480 -0.000068 0.000013 -0.000003
    176 -9.580589 -27.860225 -37.179709 0.000053 -0.000010 -0.000139
    177 -9.580679 -27.862110 -37.184673 0.812879 -0.123459 -0.568477
    178 0.649933 -0.548295 0.093651 -1.665913 -0.131399 -0.112062
    179 0.657077 0.008401 0.040371 -1.665945 -0.131407 -0.000013
    180 0.665776 0.747221 -0.029190 -1.665935 -0.131408 0.094976
    181 2.300139 -2.499414 0.600159 -0.000054 0.000035 -0.000016
    182 -18.905429 -8.423168 0.006006 0.000054 -0.000014 -0.000002
    183 2.762354 0.116951 1.523975 1.629482 0.064153 1.743800
    184 7.228323 7.928203 -3.925652 2.328713 0.123459 -0.568477
    185 0.650394 -0.547730 -0.092979 1.665913 0.131399 -0.112062
    186 0.657069 0.008399 -0.040379 1.665945 0.131407 -0.000013
    187 0.665772 0.747219 0.029182 1.665935 0.131408 0.094976
    188 -4.481003 -0.202000 0.000000 0.000000 0.000000 0.000000
    189 -5.516998 -0.291000 -0.001000 0.000000 0.000000 0.000000
    190 -0.857697 0.104070 0.104687 0.023536 0.163924 0.013632
    191 1.899121 0.000427 -0.000439 0.027386 -0.033311 0.477848
    192 1.799658 -0.000240 0.000231 0.027386 -0.033311 0.477848
    193 1.799658 -0.000240 0.000231 0.027386 -0.033311 0.477848
    194 1.799658 -0.000240 0.000231 0.027386 -0.033311 0.477848
    195 1.900312 -0.000137 -0.000517 0.027386 -0.033311 0.477848
    196 1.899436 -0.000320 -0.000151 -0.027386 0.033311 0.477848
    197 1.799664 -0.000233 -0.000233 -0.027386 0.033311 0.477848
    198 1.799664 -0.000233 -0.000233 -0.027386 0.033311 0.477848
    199 1.799664 -0.000233 -0.000233 -0.027386 0.033311 0.477848
    200 1.900729 0.000549 -0.000072 -0.027386 0.033311 0.477848
    201 0.599884 0.400188 -0.000027 0.000000 0.000000 0.000000
    202 0.599888 0.400187 0.000031 0.000000 0.000000 0.000000
    203 0.599503 0.400696 0.000234 0.000000 0.000000 0.000000
    204 0.600399 0.399632 -0.000466 0.000000 0.000000 -0.000095
  time 8
    0 0.000000 0.000000 0.000000 0.000000 0.000000 -1.570796
    1 -0.106000 0.000000 64.320000 0.000000 0.000000 0.000000
    2 0.000000 0.000000 0.000000 0.000000 0.000000 0.000000
    3 -0.904000 0.000000 -11.806000 0.000000 0.000000 0.000000
    4 0.000000 0.000000 -14.313999 0.000000 0.000000 0.000000
    5 3.533001 0.000000 0.000000 0.000000 0.000000 0.000000
    6 6.250000 0.000000 0.000000 0.000000 0.000000 0.000000
    7 9.568951 -0.124979 -1.916676 -0.000078 0.000000 -0.000050
    8 9.873647 -0.367174 1.748714 -0.006320 0.103844 -0.002329
    9 5.786820 0.002787 -0.004020 -0.355044 0.127103 0.000221
    10 5.999492 -0.000592 -4.000343 0.000000 0.000000 0.000000
    11 5.787410 0.002582 0.000893 0.000967 -0.006521 0.056022
    12 5.999492 -0.000592 4.000336 0.000000 0.000000 0.000000
    13 0.500225 0.000133 -0.000088 0.267923 0.000000 0.000000
    14 11.534559 0.004255 -0.001312 -0.000017 0.000009 -0.029207
    15 -0.829338 0.893824 0.079659 -0.148839 0.047645 0.087266
    16 0.500225 0.000132 0.000076 0.009861 0.000000 0.000000
    17 11.532495 0.004432 -0.000089 0.000006 -0.000022 -0.119847
    18 -0.829586 0.894698 -0.079464 0.045377 -0.019621 0.087266
    19 10.599884 0.000105 -0.000553 0.294003 0.000000 -0.000060
    20 0.104040 -0.275181 -0.000805 0.000072 0.000011 0.014679
    21 11.042057 0.003717 0.004704 0.256504 -0.063379 -0.102205
    22 -1.214832 0.203470 -0.477489 -0.135025 -0.078677 -0.001289
    23 10.599880 0.000105 0.000549 -0.005673 0.000000 0.000000
    24 0.131382 -0.275181 0.000801 0.000000 -0.000011 0.059972
    25 11.041742 0.003171 -0.004478 -0.041752 -0.011276 0.047838
    26 -1.063377 0.077663 0.150230 0.045121 0.020046 -0.012850
    27 0.610302 -0.939470 0.070343 -0.000101 -0.000063 -0.000018
    28 0.639940 -0.199121 0.060188 -0.000102 -0.000016 -0.000004
    29 0.600155 1.080261 -0.339535 -0.000053 -0.000039 0.000063
    30 0.610207 0.400743 -0.010101 -0.000108 0.000021 0.000003
    31 0.634715 -0.693997 -0.232343 -0.000021 0.000017 -0.000067
    32 -0.792125 0.203736 0.461300 1.439074 -0.003453 -0.018305
    33 0.610300 -0.939469 -0.070351 0.000050 -0.000021 -0.000018
    34 0.639937 -0.199121 -0.060200 0.000051 -0.000019 -0.000040
    35 0.600157 1.080259 0.339531 0.000053 -0.000021 -0.000021
    36 0.610205 0.400743 0.010086 0.000108 0.000003 -0.000033
    37 0.629883 -0.689453 0.230347 0.000000 0.000000 0.000000
    38 -0.626031 -0.069983 -0.080517 -1.447153 0.086151 0.021559
    39 2.625284 -0.002532 -0.001438 0.000015 -0.000056 -0.000063
    40 2.660837 0.000397 -0.000071 -0.000015 0.000019 0.000051
    41 2.202488 0.003368 -0.006769 0.000034 0.000018 0.000012
    42 0.599952 0.959240 -0.300102 -0.174544 0.000000 0.000000
    43 2.553283 -0.005873 0.006359 -0.000058 0.000023 0.000037
    44 2.095024 -0.003873 -0.006100 -0.000007 -0.000023 0.000006
    45 0.999380 -0.000236 -1.209370 -0.000001 0.000000 0.000000
    46 -0.122639 -0.721856 0.661690 -0.486644 0.223964 0.243056
    47 2.622113 -0.000648 0.002741 -0.000086 0.000002 0.000003
    48 2.657909 0.004589 -0.000533 0.000054 0.000063 0.000022
    49 2.203922 0.001663 0.000836 0.000000 -0.000013 -0.000008
    50 0.599951 0.959244 0.300102 0.174544 0.000000 0.000000
    51 2.552663 -0.000385 0.000554 -0.000002 0.000009 0.000056
    52 2.097656 -0.000093 -0.000404 0.000000 0.000000 0.000000
    53 0.999374 -0.000237 1.209362 0.000000 0.000000 0.000001
    54 0.310846 -0.606445 -0.498005 0.308107 -0.197598 0.313976
    55 1.869163 -0.004741 -0.004901 -0.000007 0.000004 0.000078
    56 1.200941 0.399582 -0.000237 -0.009465 0.016087 0.007127
    57 0.000586 0.100342 -0.000319 -0.120035 -0.021926 -0.209617
    58 -0.161663 0.051712 0.194808 -2.941982 0.122408 -0.060194
    59 2.010092 -0.003202 -0.007284 0.000018 0.000013 -0.000009
    60 0.000240 0.099802 -0.000395 -0.018823 0.010833 -0.239219
    61 -0.203197 0.048607 0.069150 -3.093332 0.033217 -0.046722
    62 1.180428 -0.006214 0.000780 -0.000050 0.000048 0.000009
    63 -0.000196 0.099625 -0.000034 0.000000 0.000000 -0.314102
    64 -0.088736 -0.688435 -0.145203 2.930407 -0.136130 0.513013
    65 1.707031 0.000721 -0.000195 0.000000 0.000000 0.000000
    66 -0.000580 0.100145 -0.000311 -0.010912 0.023129 -0.260841
    67 -0.146030 -0.232426 -0.014225 3.028455 -0.094299 0.113020
    68 1.290632 0.000362 -0.000032 0.000000 0.000000 0.000000
    69 -0.658121 -0.003575 0.072645 -0.142711 0.027792 -0.077299
    70 1.868080 -0.003049 0.006083 0.000003 -0.000081 0.000030
    71 1.200079 0.399944 -0.000093 0.009465 -0.016087 0.007127
    72 0.000591 0.100342 0.000319 0.120035 0.021926 -0.209617
    73 0.068077 0.002285 -0.080050 3.111376 -0.069366 -0.060847
    74 2.015780 -0.005083 0.002180 -0.000013 0.000023 0.000069
    75 0.000229 0.099802 0.000395 0.018823 -0.010833 -0.239219
    76 -0.018673 -0.001009 0.047544 3.109244 0.002635 -0.106673
    77 1.178665 0.001595 0.000845 0.000018 -0.000012 0.000055
    78 -0.000198 0.099628 0.000034 0.000000 0.000000 -0.314102
    79 0.036892 -0.634449 0.266284 -2.801062 0.174301 0.490914
    80 1.704350 -0.002506 -0.004592 -0.000010 0.000023 -0.000040
    81 -0.000576 0.100136 0.000311 0.010912 -0.023129 -0.260841
    82 -0.003952 -0.281811 0.115047 -3.059162 0.089004 0.167964
    83 1.289627 0.003949 0.000061 -0.000014 0.000003 -0.000023
    84 -0.171528 -0.018148 -0.099873 0.013484 -0.062184 -0.011780
    85 0.919434 -0.000298 -0.000422 0.000000 0.000000 0.000000
    86 -0.342617 0.053404 -0.025571 -2.909301 -0.017248 0.075276
    87 1.100231 -0.000930 -0.002434 0.000009 0.000062 0.000010
    88 -0.384983 0.330998 0.006848 -3.087207 -0.018765 -0.184279
    89 0.678146 0.006192 0.000002 0.000018 -0.000055 0.000055
    90 -0.123848 0.072737 0.029507 2.898184 -0.060627 0.094834
    91 1.017166 -0.000154 -0.000252 -0.000059 -0.000014 0.000066
    92 -0.344986 0.123129 0.143151 2.994981 0.012396 0.059140
    93 -0.730988 0.177046 0.039141 -0.123731 0.076518 -0.084310
    94 0.925900 0.001298 -0.000896 0.000046 -0.000059 0.000021
    95 -0.124027 -0.052092 0.038496 3.077813 -0.008519 0.039229
    96 1.100430 -0.007458 0.000503 -0.000006 -0.000018 -0.000014
    97 -0.330082 0.160641 0.042780 3.128073 0.034033 -0.171236
    98 0.675854 0.005438 0.003272 0.000014 0.000051 0.000010
    99 -0.019516 -0.016531 0.038578 -2.763781 0.050305 0.076828
    100 1.018891 0.001206 0.001121 -0.000030 0.000007 0.000059
    101 -0.155312 0.130643 -0.021921 -3.022466 0.022433 -0.024903
    102 -0.252209 0.061937 -0.024914 -0.007671 -0.063171 -0.044392
    103 -0.085991 0.185203 -0.015180 -2.937063 -0.113970 -0.138991
    104 -0.286537 0.179852 0.024264 -3.109353 -0.049645 -0.029915
    105 -0.019489 0.147084 0.079203 2.893815 0.038585 -0.060594
    106 -0.046482 0.251898 0.129548 3.016165 0.077112 -0.042864
    107 0.039120 -0.040298 0.047739 3.084219 0.030470 -0.037414
    108 -0.233757 0.066630 0.001754 -3.133086 0.040141 -0.065413
    109 0.044266 0.020128 0.001684 -2.778763 -0.118872 -0.040488
    110 0.071495 0.074127 -0.048302 -3.035917 -0.059482 0.104366
    111 0.253914 -3.480575 54.200873 -0.103803 0.004167 -1.570236
    112 -8.562761 -27.868038 39.176977 2.240465 0.169616 -2.168230
    113 -1.142999 -0.001000 0.273999 0.000000 0.000000 1.570816
    114 -0.943998 0.000000 1.776996 0.000000 0.000000 0.000000
    115 2.039996 -0.296999 1.310997 0.000000 0.000000 -1.570817
    116 -0.653999 0.000000 -1.549997 0.000000 0.000000 0.000000
    117 4.078125 0.000000 -0.139893 0.000000 0.000000 0.000000
    118 1.636719 0.000000 -0.501953 0.000000 0.000000 0.000000
    119 2.437500 0.000000 0.764648 0.000000 0.000000 0.000000
    120 -0.898998 0.000000 -1.088998 0.000000 0.000000 0.000000
    121 2.025996 -0.001000 0.680999 0.000000 0.000000 1.570816
    122 0.000000 0.000000 0.000000 0.000000 0.000000 -1.570816
    123 0.711998 0.439999 -0.805998 0.000000 0.000000 1.570815
    124 -1.474998 0.000000 0.073000 0.000000 0.000000 1.570816
    125 1.889997 0.409999 0.284999 1.570815 0.000000 0.000000
    126 0.000000 0.000000 0.000000 0.000000 0.000000 0.000000
    127 -0.106000 0.000000 64.320000 0.000000 0.000000 0.000000
    128 0.000000 0.000000 0.000000 0.000000 0.000000 0.000000
    129 0.000000 0.000000 0.000000 0.001007 0.001834 -0.000108
    130 14.219429 0.086426 -0.018453 -0.104027 0.004185 0.000517
    131 0.106000 0.000000 -64.320000 0.000000 0.000000 0.000000
    132 0.000000 0.000000 0.000000 0.000000 0.000000 0.000000
    133 0.000000 0.000000 -4.867002 0.000000 0.000000 0.000000
    134 0.000000 0.000000 4.867000 0.000000 0.000000 0.000000
    135 4.000000 -6.500000 0.000000 0.000000 0.000000 0.000000
    136 -6.500000 0.000000 0.000000 0.000000 0.000000 0.000000
    137 1.000088 -0.000029 0.000000 0.000000 0.000000 0.000000
    138 17.162516 -0.000404 0.000000 0.000000 0.000000 0.000000
    139 9.999891 -0.000303 0.000000 0.000000 0.000000 0.000000
    140 1.000088 -0.000029 0.000000 0.000000 0.000000 0.000000
    141 17.162516 -0.000404 0.000000 0.000000 0.000000 0.000000
    142 9.499836 0.000212 0.000000 0.000000 0.000000 0.000000
    143 0.000000 0.000000 0.000000 0.000000 0.000000 0.000000
    144 17.749374 0.295515 0.000000 0.000000 0.000000 0.000000
    145 0.017889 0.299792 0.000000 0.000000 0.000000 0.000000
    146 12.283573 1.581456 -4.696000 1.462269 -0.086726 0.090185
    147 17.749376 0.295515 0.000000 0.000000 0.000000 0.000000
    148 0.017889 0.299792 0.000000 0.000000 0.000000 0.000000
    149 13.354000 0.000000 0.000000 0.000000 0.000000 0.000000
    150 4.530998 0.000000 0.000000 0.000000 0.000000 0.000000
    151 0.000000 0.000000 0.000000 0.000000 0.000000 0.000000
    152 5.413524 0.000347 0.000000 0.000000 0.000000 0.000000
    153 5.413524 0.000347 0.000000 0.000000 0.000000 0.000000
    154 4.662002 -5.366333 4.825191 1.569713 1.561305 -3.121213
    155 3.116966 -0.000443 0.000000 0.000000 0.000000 0.000000
    156 0.000000 0.000000 0.000000 0.000000 0.000000 0.000000
    157 -1.607000 0.000000 0.565000 0.000000 0.314158 0.000000
    158 -1.605469 0.000000 0.564453 0.000000 0.314158 0.000000
    159 -1.533000 0.000000 1.131000 -0.262473 -0.000006 1.570754
    160 -1.532227 0.000000 1.130859 -0.262470 -0.000006 1.570749
    161 0.000000 -0.001000 0.000000 0.000000 0.000000 0.000000
    162 3.867000 0.000000 0.228000 0.000000 0.000000 0.000000
    163 3.512001 -3.547000 -1.066000 0.000000 1.570796 0.000000
    164 3.456001 -3.517000 1.169000 0.000000 1.570796 0.000000
    165 6.233002 0.000000 0.000000 0.000000 0.000000 0.000000
    166 -0.171997 -0.106000 -0.902000 1.570713 1.029176 -3.134550
    167 6.241997 -6.380000 0.000000 -0.000108 -0.001007 -0.001834
    168 -3.106999 0.000000 0.669000 0.000000 0.000000 0.000000
    169 -3.106999 0.000000 0.741000 0.000000 0.000000 0.000000
    170 -3.252000 0.000000 0.540000 0.000000 0.000000 0.000000
    171 3.999434 -0.000528 -0.000332 0.146939 -0.000017 -0.000023
    172 3.999901 0.000038 0.001011 -0.002788 -0.000001 -0.000001
    173 1.598000 0.000000 0.000000 0.000000 0.000000 0.000000
    174 -1.145525 0.000130 0.000668 0.000000 0.000000 0.000000
    175 2.299681 -2.499979 -0.599480 -0.000068 0.000013 -0.000003
    176 -9.580589 -27.860225 -37.183615 0.000147 -0.000010 -0.000139
    177 -9.580679 -27.862110 -37.184673 0.812879 -0.123459 -0.568477
    178 0.649933 -0.548295 0.093651 -1.665913 -0.131399 -0.112062
    179 0.657077 0.008401 0.040371 -1.665945 -0.131407 -0.000013
    180 0.665776 0.747221 -0.029190 -1.665935 -0.131408 0.094976
    181 2.300139 -2.499414 0.600159 -0.000054 0.000035 -0.000016
    182 -18.909335 -8.427074 0.002100 0.000054 -0.000014 -0.000002
    183 2.762354 0.116951 1.523975 1.629482 0.064153 1.743800
    184 7.228323 7.928203 -3.925652 2.328713 0.123459 -0.568477
    185 0.650394 -0.547730 -0.092979 1.665913 0.131399 -0.112062
    186 0.657069 0.008399 -0.040379 1.665945 0.131407 -0.000013
    187 0.665772 0.747219 0.029182 1.665935 0.131408 0.094976
    188 -4.481003 -0.202000 0.000000 0.000000 0.000000 0.000000
    189 -5.516998 -0.291000 -0.001000 0.000000 0.000000 0.000000
    190 -0.857697 0.104070 0.104687 0.023536 0.163924 0.013632
    191 1.899121 0.000427 -0.000439 0.027386 -0.033311 0.477848
    192 1.799658 -0.000240 0.000231 0.027386 -0.033311 0.477848
    193 1.799658 -0.000240 0.000231 0.027386 -0.033311 0.477848
    194 1.799658 -0.000240 0.000231 0.027386 -0.033311 0.477848
    195 1.900312 -0.000137 -0.000517 0.027386 -0.033311 0.477848
    196 1.899436 -0.000320 -0.000151 -0.027386 0.033311 0.477848
    197 1.799664 -0.000233 -0.000233 -0.027386 0.033311 0.477848
    198 1.799664 -0.000233 -0.000233 -0.027386 0.033311 0.477848
    199 1.799664 -0.000233 -0.000233 -0.027386 0.033311 0.477848
    200 1.900729 0.000549 -0.000072 -0.027386 0.033311 0.477848
    201 0.599884 0.400188 -0.000027 0.000000 0.000000 0.000000
    202 0.599888 0.400187 0.000031 0.000000 0.000000 0.000000
    203 0.599503 0.400696 0.000234 0.000000 0.000000 0.000000
    204 0.600399 0.399632 -0.000466 0.000000 0.000000 -0.000095
  time 9
    0 0.000000 0.000000 0.000000 0.000000 0.000000 -1.570796
    1 -0.106000 0.000000 64.320000 0.000000 0.000000 0.000000
    2 0.000000 0.000000 0.000000 0.000000 0.000000 0.000000
    3 -0.904000 0.000000 -11.806000 0.000000 0.000000 0.000000
    4 0.000000 0.000000 -14.313999 0.000000 0.000000 0.000000
    5 3.533001 0.000000 0.000000 0.000000 0.000000 0.000000
    6 6.250000 0.000000 0.000000 0.000000 0.000000 0.000000
    7 9.568951 -0.019507 -1.944020 -0.000078 0.000000 -0.000050
    8 10.076779 0.503947 1.459642 -0.021529 0.088238 0.008395
    9 5.786820 0.002787 -0.004020 -0.321319 0.142107 0.044161
    10 5.999492 -0.000592 -4.000343 0.000000 0.000000 0.000000
    11 5.787410 0.002582 0.004799 0.000293 -0.001797 0.016756
    12 5.999492 -0.000592 4.000336 0.000000 0.000000 0.000000
    13 0.500225 0.000133 -0.000088 0.242012 0.000000 0.000000
    14 11.534559 0.004255 -0.001312 -0.000017 0.000009 -0.137956
    15 -0.829338 0.893824 0.079659 -0.148839 0.047645 0.087266
    16 0.500225 0.000132 0.000076 0.002779 0.000000 0.000000
    17 11.532495 0.004432 -0.000089 0.000006 -0.000022 -0.035707
    18 -0.829586 0.894698 -0.079464 0.045377 -0.019621 0.087266
    19 10.599884 0.000105 -0.000553 0.247071 0.000000 -0.000060
    20 0.119665 -0.275181 -0.000805 0.000000 -0.000061 0.069041
    21 11.042057 0.003717 0.000798 0.240258 -0.112938 -0.046093
    22 -1.214832 0.203470 -0.477489 -0.135025 -0.078677 -0.001289
    23 10.599880 0.000105 0.000549 -0.002814 0.000000 0.000000
    24 0.131382 -0.275181 0.000801 0.000060 -0.000011 0.017841
    25 11.041742 0.003171 -0.004478 -0.012198 -0.003671 0.014195
    26 -1.063377 0.077663 0.150230 0.045121 0.020046 -0.012850
    27 0.610302 -0.939470 0.070343 -0.000101 -0.000051 -0.000018
    28 0.639940 -0.199121 0.060188 -0.000051 -0.000016 -0.000004
    29 0.600155 1.080261 -0.339535 -0.000053 -0.000027 0.000039
    30 0.610207 0.400743 -0.010101 -0.000108 0.000021 0.000003
    31 0.630809 -0.693997 -0.232343 -0.000021 0.000017 -0.000067
    32 -0.792125 0.203736 0.461300 1.439074 -0.003453 -0.018305
    33 0.610300 -0.939469 -0.070351 0.000050 -0.000033 -0.000018
    34 0.639937 -0.199121 -0.060200 0.000051 -0.000019 -0.000040
    35 0.600157 1.080259 0.339531 0.000053 -0.000021 -0.000021
    36 0.610205 0.400743 0.010086 0.000108 0.000003 -0.000033
    37 0.629883 -0.689453 0.230347 0.000000 0.000000 0.000000
    38 -0.626031 -0.069983 -0.080517 -1.447153 0.086151 0.021559
    39 2.621377 -0.002532 -0.001438 0.000015 -0.000056 -0.000063
    40 2.660837 0.000397 -0.000071 -0.000015 0.000019 0.000051
    41 2.206394 0.003368 -0.006769 0.000034 0.000018 0.000012
    42 0.599952 0.959240 -0.300102 -0.174544 0.000000 0.000000
    43 2.557190 -0.001967 0.006359 -0.000058 0.000023 0.000037
    44 2.095024 -0.003873 -0.006100 -0.000007 -0.000023 0.000006
    45 0.999380 -0.000236 -1.209370 -0.000001 0.000000 0.000000
    46 -0.122639 -0.721856 0.661690 -0.486644 0.223964 0.243056
    47 2.622113 -0.000648 0.006647 -0.000086 0.000002 0.000003
    48 2.657909 0.004589 -0.000533 0.000054 0.000039 0.000022
    49 2.200016 0.001663 0.004743 0.000000 -0.000013 -0.000008
    50 0.599951 0.959244 0.300102 0.174544 0.000000 0.000000
    51 2.556570 -0.000385 0.000554 -0.000002 0.000009 0.000037
    52 2.097656 -0.000093 -0.000404 0.000000 0.000000 0.000000
    53 0.999374 -0.000237 1.209362 0.000000 0.000000 0.000001
    54 0.310846 -0.606445 -0.498005 0.308107 -0.197598 0.313976
    55 1.869163 -0.000835 -0.000994 -0.000007 0.000004 0.000078
    56 1.200941 0.399582 -0.000237 -0.009465 0.016087 0.007127
    57 0.000586 0.100342 -0.000319 -0.120035 -0.021926 -0.209617
    58 -0.161663 0.051712 0.194808 -2.941982 0.122408 -0.060194
    59 2.010092 -0.007109 -0.003377 0.000018 0.000013 -0.000009
    60 0.000240 0.099802 -0.000395 -0.018823 0.010833 -0.239219
    61 -0.203197 0.048607 0.069150 -3.093332 0.033217 -0.046722
    62 1.180428 -0.006214 0.000780 -0.000038 0.000048 0.000009
    63 -0.000196 0.099625 -0.000034 0.000000 0.000000 -0.314102
    64 -0.088736 -0.688435 -0.145203 2.930407 -0.136130 0.513013
    65 1.707031 0.000721 -0.000195 0.000000 0.000000 0.000000
    66 -0.000580 0.100145 -0.000311 -0.010912 0.023129 -0.260841
    67 -0.146030 -0.232426 -0.014225 3.028455 -0.094299 0.113020
    68 1.290632 0.000362 -0.000032 0.000000 0.000000 0.000000
    69 -0.658121 -0.003575 0.072645 -0.142711 0.027792 -0.077299
    70 1.868080 -0.003049 0.006083 0.000003 -0.000069 0.000030
    71 1.200079 0.399944 -0.000093 0.009465 -0.016087 0.007127
    72 0.000591 0.100342 0.000319 0.120035 0.021926 -0.209617
    73 0.068077 0.002285 -0.080050 3.111376 -0.069366 -0.060847
    74 2.015780 -0.005083 0.006086 -0.000013 0.000023 0.000069
    75 0.000229 0.099802 0.000395 0.018823 -0.010833 -0.239219
    76 -0.018673 -0.001009 0.047544 3.109244 0.002635 -0.106673
    77 1.178665 0.001595 0.000845 0.000018 -0.000012 0.000055
    78 -0.000198 0.099628 0.000034 0.000000 0.000000 -0.314102
    79 0.036892 -0.634449 0.266284 -2.801062 0.174301 0.490914
    80 1.708256 -0.002506 -0.000686 -0.000010 0.000023 0.000017
    81 -0.000576 0.100136 0.000311 0.010912 -0.023129 -0.260841
    82 -0.003952 -0.281811 0.115047 -3.059162 0.089004 0.167964
    83 1.289627 0.003949 0.000061 -0.000014 0.000003 -0.000023
    84 -0.171528 -0.018148 -0.099873 0.013484 -0.062184 -0.011780
    85 0.919434 -0.000298 -0.000422 0.000000 0.000000 0.000000
    86 -0.342617 0.053404 -0.025571 -2.909301 -0.017248 0.075276
    87 1.100231 -0.000930 -0.002434 0.000009 0.000050 0.000010
    88 -0.384983 0.330998 0.006848 -3.087207 -0.018765 -0.184279
    89 0.678146 0.006192 0.000002 0.000018 -0.000055 0.000055
    90 -0.123848 0.072737 0.029507 2.898184 -0.060627 0.094834
    91 1.017166 -0.000154 -0.000252 -0.000059 -0.000014 0.000066
    92 -0.344986 0.123129 0.143151 2.994981 0.012396 0.059140
    93 -0.730988 0.177046 0.039141 -0.123731 0.076518 -0.084310
    94 0.925900 0.001298 -0.000896 0.000046 -0.000059 0.000021
    95 -0.124027 -0.052092 0.038496 3.077813 -0.008519 0.039229
    96 1.100430 -0.007458 0.000503 -0.000006 -0.000018 -0.000014
    97 -0.330082 0.160641 0.042780 3.128073 0.034033 -0.171236
    98 0.675854 0.005438 0.003272 0.000014 0.000039 0.000010
    99 -0.019516 -0.016531 0.038578 -2.763781 0.050305 0.076828
    100 1.014985 0.001206 0.001121 -0.000030 0.000007 0.000038
    101 -0.155312 0.130643 -0.021921 -3.022466 0.022433 -0.024903
    102 -0.252209 0.061937 -0.024914 -0.007671 -0.063171 -0.044392
    103 -0.085991 0.185203 -0.015180 -2.937063 -0.113970 -0.138991
    104 -0.286537 0.179852 0.024264 -3.109353 -0.049645 -0.029915
    105 -0.019489 0.147084 0.079203 2.893815 0.038585 -0.060594
    106 -0.046482 0.251898 0.129548 3.016165 0.077112 -0.042864
    107 0.039120 -0.040298 0.047739 3.084219 0.030470 -0.037414
    108 -0.233757 0.066630 0.001754 -3.133086 0.040141 -0.065413
    109 0.044266 0.020128 0.001684 -2.778763 -0.118872 -0.040488
    110 0.071495 0.074127 -0.048302 -3.035917 -0.059482 0.104366
    111 0.085940 -2.906339 54.243843 -0.088496 0.019382 -1.582281
    112 -7.758049 -28.301645 39.040254 2.254436 0.174639 -2.145003
    113 -1.142999 -0.001000 0.273999 0.000000 0.000000 1.570816
    114 -0.943998 0.000000 1.776996 0.000000 0.000000 0.000000
    115 2.039996 -0.296999 1.310997 0.000000 0.000000 -1.570817
    116 -0.653999 0.000000 -1.549997 0.000000 0.000000 0.000000
    117 4.078125 0.000000 -0.139893 0.000000 0.000000 0.000000
    118 1.636719 0.000000 -0.501953 0.000000 0.000000 0.000000
    119 2.437500 0.000000 0.764648 0.000000 0.000000 0.000000
    120 -0.898998 0.000000 -1.088998 0.000000 0.000000 0.000000
    121 2.025996 -0.001000 0.680999 0.000000 0.000000 1.570816
    122 0.000000 0.000000 0.000000 0.000000 0.000000 -1.570816
    123 0.711998 0.439999 -0.805998 0.000000 0.000000 1.570815
    124 -1.474998 0.000000 0.073000 0.000000 0.000000 1.570816
    125 1.889997 0.409999 0.284999 1.570815 0.000000 0.000000
    126 0.000000 0.000000 0.000000 0.000000 0.000000 0.000000
    127 -0.106000 0.000000 64.320000 0.000000 0.000000 0.000000
    128 0.000000 0.000000 0.000000 0.000000 0.000000 0.000000
    129 0.000000 0.000000 0.000000 0.001198 0.002061 -0.000120
    130 13.617848 -0.175301 -0.127831 -0.088592 0.019399 -0.011435
    131 0.106000 0.000000 -64.320000 0.000000 0.000000 0.000000
    132 0.000000 0.000000 0.000000 0.000000 0.000000 0.000000
    133 0.000000 0.000000 -4.867002 0.000000 0.000000 0.000000
    134 0.000000 0.000000 4.867000 0.000000 0.000000 0.000000
    135 4.000000 -6.500000 0.000000 0.000000 0.000000 0.000000
    136 -6.500000 0.000000 0.000000 0.000000 0.000000 0.000000
    137 1.000088 -0.000029 0.000000 0.000000 0.000000 0.000000
    138 17.162516 -0.000404 0.000000 0.000000 0.000000 0.000000
    139 9.999891 -0.000303 0.000000 0.000000 0.000000 0.000000
    140 1.000088 -0.000029 0.000000 0.000000 0.000000 0.000000
    141 17.162516 -0.000404 0.000000 0.000000 0.000000 0.000000
    142 9.499836 0.000212 0.000000 0.000000 0.000000 0.000000
    143 0.000000 0.000000 0.000000 0.000000 0.000000 0.000000
    144 17.749374 0.295515 0.000000 0.000000 0.000000 0.000000
    145 0.017889 0.299792 0.000000 0.000000 0.000000 0.000000
    146 12.283573 1.581456 -4.696000 1.462269 -0.086726 0.090185
    147 17.749376 0.295515 0.000000 0.000000 0.000000 0.000000
    148 0.017889 0.299792 0.000000 0.000000 0.000000 0.000000
    149 13.354000 0.000000 0.000000 0.000000 0.000000 0.000000
    150 4.530998 0.000000 0.000000 0.000000 0.000000 0.000000
    151 0.000000 0.000000 0.000000 0.000000 0.000000 0.000000
    152 5.413524 0.000347 0.000000 0.000000 0.000000 0.000000
    153 5.413524 0.000347 0.000000 0.000000 0.000000 0.000000
    154 4.662002 -5.366333 4.825191 1.569713 1.561305 -3.121213
    155 3.116966 -0.000443 0.000000 0.000000 0.000000 0.000000
    156 0.000000 0.000000 0.000000 0.000000 0.000000 0.000000
    157 -1.607000 0.000000 0.565000 0.000000 0.314158 0.000000
    158 -1.605469 0.000000 0.564453 0.000000 0.314158 0.000000
    159 -1.533000 0.000000 1.131000 -0.262473 -0.000006 1.570754
    160 -1.532227 0.000000 1.130859 -0.262470 -0.000006 1.570749
    161 0.000000 -0.001000 0.000000 0.000000 0.000000 0.000000
    162 3.867000 0.000000 0.228000 0.000000 0.000000 0.000000
    163 3.512001 -3.547000 -1.066000 0.000000 1.570796 0.000000
    164 3.456001 -3.517000 1.169000 0.000000 1.570796 0.000000
    165 6.233002 0.000000 0.000000 0.000000 0.000000 0.000000
    166 -0.171997 -0.106000 -0.902000 1.570713 1.029176 -3.134550
    167 6.241997 -6.380000 0.000000 -0.000120 -0.001198 -0.002061
    168 -3.106999 0.000000 0.669000 0.000000 0.000000 0.000000
    169 -3.106999 0.000000 0.741000 0.000000 0.000000 0.000000
    170 -3.252000 0.000000 0.540000 0.000000 0.000000 0.000000
    171 3.999434 -0.000528 -0.000332 0.123488 -0.000017 -0.000023
    172 3.999901 0.000038 0.001011 -0.002229 -0.000001 -0.000001
    173 1.598000 0.000000 0.000000 0.000000 0.000000 0.000000
    174 -1.145525 0.000130 0.000668 0.000000 0.000000 0.000000
    175 2.299681 -2.499979 -0.599480 -0.000068 0.000013 -0.000003
    176 -9.580589 -27.856319 -37.179709 0.000147 -0.000010 -0.000139
    177 -9.580679 -27.862110 -37.184673 0.812879 -0.123459 -0.568477
    178 0.649933 -0.548295 0.093651 -1.665913 -0.131399 -0.112062
    179 0.657077 0.008401 0.040371 -1.665945 -0.131407 -0.000013
    180 0.665776 0.747221 -0.029190 -1.665935 -0.131408 0.094976
    181 2.300139 -2.499414 0.600159 -0.000054 0.000035 -0.000016
    182 -18.909335 -8.427074 0.002100 0.000054 -0.000014 -0.000002
    183 2.762354 0.116951 1.523975 1.629482 0.064153 1.743800
    184 7.228323 7.928203 -3.925652 2.328713 0.123459 -0.568477
    185 0.650394 -0.547730 -0.092979 1.665913 0.131399 -0.112062
    186 0.657069 0.008399 -0.040379 1.665945 0.131407 -0.000013
    187 0.665772 0.747219 0.029182 1.665935 0.131408 0.094976
    188 -4.481003 -0.202000 0.000000 0.000000 0.000000 0.000000
    189 -5.516998 -0.291000 -0.001000 0.000000 0.000000 0.000000
    190 -0.857697 0.104070 0.104687 0.023536 0.163924 0.013632
    191 1.899121 0.000427 -0.000439 0.027386 -0.033311 0.477848
    192 1.799658 -0.000240 0.000231 0.027386 -0.033311 0.477848
    193 1.799658 -0.000240 0.000231 0.027386 -0.033311 0.477848
    194 1.799658 -0.000240 0.000231 0.027386 -0.033311 0.477848
    195 1.900312 -0.000137 -0.000517 0.027386 -0.033311 0.477848
    196 1.899436 -0.000320 -0.000151 -0.027386 0.033311 0.477848
    197 1.799664 -0.000233 -0.000233 -0.027386 0.033311 0.477848
    198 1.799664 -0.000233 -0.000233 -0.027386 0.033311 0.477848
    199 1.799664 -0.000233 -0.000233 -0.027386 0.033311 0.477848
    200 1.900729 0.000549 -0.000072 -0.027386 0.033311 0.477848
    201 0.599884 0.400188 -0.000027 0.000000 0.000000 0.000000
    202 0.599888 0.400187 0.000031 0.000000 0.000000 0.000000
    203 0.599503 0.400696 0.000234 0.000000 0.000000 0.000000
    204 0.600399 0.399632 -0.000466 0.000000 0.000000 -0.000095
  time 10
    0 0.000000 0.000000 0.000000 0.000000 0.000000 -1.570796
    1 -0.106000 0.000000 64.320000 0.000000 0.000000 0.000000
    2 0.000000 0.000000 0.000000 0.000000 0.000000 0.000000
    3 -0.904000 0.000000 -11.806000 0.000000 0.000000 0.000000
    4 0.000000 0.000000 -14.313999 0.000000 0.000000 0.000000
    5 3.533001 0.000000 0.000000 0.000000 0.000000 0.000000
    6 6.250000 0.000000 0.000000 0.000000 0.000000 0.000000
    7 9.568951 -0.019507 -1.944020 -0.000078 0.000000 -0.000050
    8 9.822865 0.191437 1.690118 -0.016644 0.021172 0.002796
    9 5.786820 0.002787 -0.004020 -0.292585 0.107618 0.016763
    10 5.999492 -0.000592 -4.000343 0.000000 0.000000 0.000000
    11 5.787410 0.002582 0.000893 -0.000044 -0.000037 0.000114
    12 5.999492 -0.000592 4.000336 0.000000 0.000000 0.000000
    13 0.500225 0.000133 -0.000088 0.218805 0.000000 0.000000
    14 11.534559 0.004255 -0.001312 -0.000017 0.000069 -0.059863
    15 -0.829338 0.893824 0.079659 -0.148839 0.047645 0.087266
    16 0.500225 0.000132 0.000076 0.001377 0.000024 0.000000
    17 11.536401 0.004432 -0.000089 0.000006 -0.000022 -0.000011
    18 -0.829586 0.894698 -0.079464 0.045377 -0.019621 0.087266
    19 10.599884 0.000105 -0.000553 0.283535 0.000000 -0.000060
    20 0.127478 -0.275181 -0.000805 0.000000 0.000011 0.030011
    21 11.042057 0.003717 0.000798 0.271291 -0.086183 -0.050073
    22 -1.214832 0.203470 -0.477489 -0.135025 -0.078677 -0.001289
    23 10.599880 0.000105 0.000549 0.000000 0.000000 0.000000
    24 0.131382 -0.275181 0.000801 0.000060 -0.000011 0.000034
    25 11.041742 0.003171 -0.000571 -0.000003 -0.000013 0.000103
    26 -1.063377 0.077663 0.150230 0.045121 0.020046 -0.012850
    27 0.610302 -0.939470 0.070343 -0.000152 -0.000051 -0.000018
    28 0.639940 -0.199121 0.060188 -0.000051 -0.000016 -0.000004
    29 0.600155 1.080261 -0.339535 -0.000053 -0.000027 0.000051
    30 0.610207 0.400743 -0.010101 -0.000108 0.000021 0.000003
    31 0.630809 -0.693997 -0.232343 -0.000021 0.000017 -0.000026
    32 -0.792125 0.203736 0.461300 1.439074 -0.003453 -0.018305
    33 0.610300 -0.939469 -0.070351 0.000050 -0.000021 -0.000018
    34 0.639937 -0.199121 -0.060200 0.000051 -0.000019 -0.000040
    35 0.600157 1.080259 0.339531 0.000053 -0.000021 -0.000021
    36 0.610205 0.400743 0.010086 0.000108 0.000003 -0.000033
    37 0.629883 -0.689453 0.230347 0.000000 0.000000 0.000000
    38 -0.626031 -0.069983 -0.080517 -1.447153 0.086151 0.021559
    39 2.621377 -0.002532 -0.001438 0.000015 -0.000056 -0.000063
    40 2.664743 0.000397 -0.000071 -0.000015 0.000019 0.000051
    41 2.202488 0.003368 -0.006769 0.000034 0.000018 0.000012
    42 0.599952 0.959240 -0.300102 -0.174544 0.000000 0.000000
    43 2.553283 -0.005873 0.002453 -0.000044 0.000023 0.000037
    44 2.095024 -0.003873 -0.006100 -0.000007 -0.000023 0.000006
    45 0.999380 -0.000236 -1.209370 -0.000001 0.000000 0.000000
    46 -0.122639 -0.721856 0.661690 -0.486644 0.223964 0.243056
    47 2.622113 -0.000648 0.002741 -0.000070 0.000002 0.000003
    48 2.654002 0.004589 -0.000533 0.000054 0.000051 0.000022
    49 2.200016 0.001663 0.000836 0.000000 -0.000013 -0.000008
    50 0.599951 0.959244 0.300102 0.174544 0.000000 0.000000
    51 2.556570 -0.004291 0.000554 -0.000002 0.000009 0.000037
    52 2.097656 -0.000093 -0.000404 0.000000 0.000000 0.000000
    53 0.999374 -0.000237 1.209362 0.000000 0.000000 0.000001
    54 0.310846 -0.606445 -0.498005 0.308107 -0.197598 0.313976
    55 1.873069 -0.004741 -0.004901 -0.000007 0.000004 0.000078
    56 1.200941 0.399582 -0.000237 -0.009465 0.016087 0.007127
    57 0.000586 0.100342 -0.000319 -0.120035 -0.021926 -0.209617
    58 -0.161663 0.051712 0.194808 -2.941982 0.122408 -0.060194
    59 2.010092 -0.003202 -0.003377 0.000018 0.000013 -0.000009
    60 0.000240 0.099802 -0.000395 -0.018823 0.010833 -0.239219
    61 -0.203197 0.048607 0.069150 -3.093332 0.033217 -0.046722
    62 1.180428 -0.006214 0.000780 -0.000038 0.000036 0.000009
    63 -0.000196 0.099625 -0.000034 0.000000 0.000000 -0.314102
    64 -0.088736 -0.688435 -0.145203 2.930407 -0.136130 0.513013
    65 1.707031 0.000721 -0.000195 0.000000 0.000000 0.000000
    66 -0.000580 0.100145 -0.000311 -0.010912 0.023129 -0.260841
    67 -0.146030 -0.232426 -0.014225 3.028455 -0.094299 0.113020
    68 1.290632 0.000362 -0.000032 0.000000 0.000000 0.000000
    69 -0.658121 -0.003575 0.072645 -0.142711 0.027792 -0.077299
    70 1.868080 -0.003049 0.002176 0.000003 -0.000069 0.000030
    71 1.200079 0.399944 -0.000093 0.009465 -0.016087 0.007127
    72 0.000591 0.100342 0.000319 0.120035 0.021926 -0.209617
    73 0.068077 0.002285 -0.080050 3.111376 -0.069366 -0.060847
    74 2.015780 -0.005083 0.002180 -0.000013 0.000011 0.000069
    75 0.000229 0.099802 0.000395 0.018823 -0.010833 -0.239219
    76 -0.018673 -0.001009 0.047544 3.109244 0.002635 -0.106673
    77 1.178665 0.001595 0.000845 0.000018 -0.000012 0.000055
    78 -0.000198 0.099628 0.000034 0.000000 0.000000 -0.314102
    79 0.036892 -0.634449 0.266284 -2.801062 0.174301 0.490914
    80 1.704350 -0.002506 -0.000686 -0.000010 0.000023 0.000017
    81 -0.000576 0.100136 0.000311 0.010912 -0.023129 -0.260841
    82 -0.003952 -0.281811 0.115047 -3.059162 0.089004 0.167964
    83 1.289627 0.003949 0.000061 -0.000014 0.000003 -0.000023
    84 -0.171528 -0.018148 -0.099873 0.013484 -0.062184 -0.011780
    85 0.919434 -0.000298 -0.000422 0.000000 0.000000 0.000000
    86 -0.342617 0.053404 -0.025571 -2.909301 -0.017248 0.075276
    87 1.100231 -0.000930 -0.002434 0.000009 0.000050 0.000010
    88 -0.384983 0.330998 0.006848 -3.087207 -0.018765 -0.184279
    89 0.678146 0.006192 -0.003905 0.000018 -0.000055 0.000055
    90 -0.123848 0.072737 0.029507 2.898184 -0.060627 0.094834
    91 1.017166 -0.000154 -0.000252 -0.000047 -0.000014 0.000037
    92 -0.344986 0.123129 0.143151 2.994981 0.012396 0.059140
    93 -0.730988 0.177046 0.039141 -0.123731 0.076518 -0.084310
    94 0.925900 0.001298 -0.000896 0.000046 -0.000059 0.000021
    95 -0.124027 -0.052092 0.038496 3.077813 -0.008519 0.039229
    96 1.100430 -0.007458 0.000503 -0.000006 -0.000018 -0.000014
    97 -0.330082 0.160641 0.042780 3.128073 0.034033 -0.171236
    98 0.675854 0.005438 0.003272 0.000014 0.000039 0.000010
    99 -0.019516 -0.016531 0.038578 -2.763781 0.050305 0.076828
    100 1.014985 0.001206 0.001121 -0.000030 0.000007 0.000038
    101 -0.155312 0.130643 -0.021921 -3.022466 0.022433 -0.024903
    102 -0.252209 0.061937 -0.024914 -0.007671 -0.063171 -0.044392
    103 -0.085991 0.185203 -0.015180 -2.937063 -0.113970 -0.138991
    104 -0.286537 0.179852 0.024264 -3.109353 -0.049645 -0.029915
    105 -0.019489 0.147084 0.079203 2.893815 0.038585 -0.060594
    106 -0.046482 0.251898 0.129548 3.016165 0.077112 -0.042864
    107 0.039120 -0.040298 0.047739 3.084219 0.030470 -0.037414
    108 -0.233757 0.066630 0.001754 -3.133086 0.040141 -0.065413
    109 0.044266 0.020128 0.001684 -2.778763 -0.118872 -0.040488
    110 0.071495 0.074127 -0.048302 -3.035917 -0.059482 0.104366
    111 0.000000 -3.269631 54.224311 -0.021335 0.016058 -1.574625
    112 -8.199469 -28.071169 39.825434 2.303032 0.132223 -2.139473
    113 -1.142999 -0.001000 0.273999 0.000000 0.000000 1.570816
    114 -0.943998 0.000000 1.776996 0.000000 0.000000 0.000000
    115 2.039996 -0.296999 1.310997 0.000000 0.000000 -1.570817
    116 -0.653999 0.000000 -1.549997 0.000000 0.000000 0.000000
    117 4.078125 0.000000 -0.139893 0.000000 0.000000 0.000000
    118 1.636719 0.000000 -0.501953 0.000000 0.000000 0.000000
    119 2.437500 0.000000 0.764648 0.000000 0.000000 0.000000
    120 -0.898998 0.000000 -1.088998 0.000000 0.000000 0.000000
    121 2.025996 -0.001000 0.680999 0.000000 0.000000 1.570816
    122 0.000000 0.000000 0.000000 0.000000 0.000000 -1.570816
    123 0.711998 0.439999 -0.805998 0.000000 0.000000 1.570815
    124 -1.474998 0.000000 0.073000 0.000000 0.000000 1.570816
    125 1.889997 0.409999 0.284999 1.570815 0.000000 0.000000
    126 0.000000 0.000000 0.000000 0.000000 0.000000 0.000000
    127 -0.106000 0.000000 64.320000 0.000000 0.000000 0.000000
    128 0.000000 0.000000 0.000000 0.000000 0.000000 0.000000
    129 0.000000 0.000000 0.000000 0.001103 0.001882 -0.000108
    130 13.988953 -0.069829 -0.120019 -0.021538 0.016122 -0.003685
    131 0.106000 0.000000 -64.320000 0.000000 0.000000 0.000000
    132 0.000000 0.000000 0.000000 0.000000 0.000000 0.000000
    133 0.000000 0.000000 -4.867002 0.000000 0.000000 0.000000
    134 0.000000 0.000000 4.867000 0.000000 0.000000 0.000000
    135 4.000000 -6.500000 0.000000 0.000000 0.000000 0.000000
    136 -6.500000 0.000000 0.000000 0.000000 0.000000 0.000000
    137 1.000088 -0.000029 0.000000 0.000000 0.000000 0.000000
    138 17.162516 -0.000404 0.000000 0.000000 0.000000 0.000000
    139 9.999891 -0.000303 0.000000 0.000000 0.000000 0.000000
    140 1.000088 -0.000029 0.000000 0.000000 0.000000 0.000000
    141 17.162516 -0.000404 0.000000 0.000000 0.000000 0.000000
    142 9.499836 0.000212 0.000000 0.000000 0.000000 0.000000
    143 0.000000 0.000000 0.000000 0.000000 0.000000 0.000000
    144 17.749374 0.295515 0.000000 0.000000 0.000000 0.000000
    145 0.017889 0.299792 0.000000 0.000000 0.000000 0.000000
    146 12.283573 1.581456 -4.696000 1.462269 -0.086726 0.090185
    147 17.749376 0.295515 0.000000 0.000000 0.000000 0.000000
    148 0.017889 0.299792 0.000000 0.000000 0.000000 0.000000
    149 13.354000 0.000000 0.000000 0.000000 0.000000 0.000000
    150 4.530998 0.000000 0.000000 0.000000 0.000000 0.000000
    151 0.000000 0.000000 0.000000 0.000000 0.000000 0.000000
    152 5.413524 0.000347 0.000000 0.000000 0.000000 0.000000
    153 5.413524 0.000347 0.000000 0.000000 0.000000 0.000000
    154 4.662002 -5.366333 4.825191 1.569713 1.561305 -3.121213
    155 3.116966 -0.000443 0.000000 0.000000 0.000000 0.000000
    156 0.000000 0.000000 0.000000 0.000000 0.000000 0.000000
    157 -1.607000 0.000000 0.565000 0.000000 0.314158 0.000000
    158 -1.605469 0.000000 0.564453 0.000000 0.314158 0.000000
    159 -1.533000 0.000000 1.131000 -0.262473 -0.000006 1.570754
    160 -1.532227 0.000000 1.130859 -0.262470 -0.000006 1.570749
    161 0.000000 -0.001000 0.000000 0.000000 0.000000 0.000000
    162 3.867000 0.000000 0.228000 0.000000 0.000000 0.000000
    163 3.512001 -3.547000 -1.066000 0.000000 1.570796 0.000000
    164 3.456001 -3.517000 1.169000 0.000000 1.570796 0.000000
    165 6.233002 0.000000 0.000000 0.000000 0.000000 0.000000
    166 -0.171997 -0.106000 -0.902000 1.570713 1.029176 -3.134550
    167 6.241997 -6.380000 0.000000 -0.000108 -0.001103 -0.001882
    168 -3.106999 0.000000 0.669000 0.000000 0.000000 0.000000
    169 -3.106999 0.000000 0.741000 0.000000 0.000000 0.000000
    170 -3.252000 0.000000 0.540000 0.000000 0.000000 0.000000
    171 3.999434 -0.000528 -0.000332 0.141779 -0.000017 -0.000023
    172 3.999901 0.000038 0.001011 -0.001670 -0.000001 -0.000001
    173 1.598000 0.000000 0.000000 0.000000 0.000000 0.000000
    174 -1.145525 0.000130 0.000668 0.000000 0.000000 0.000000
    175 2.299681 -2.499979 -0.599480 -0.000068 0.000013 -0.000003
    176 -9.580589 -27.860225 -37.179709 0.000147 -0.000010 -0.000139
    177 -9.580679 -27.862110 -37.184673 0.812879 -0.123459 -0.568477
    178 0.649933 -0.548295 0.093651 -1.665913 -0.131399 -0.112062
    179 0.657077 0.008401 0.040371 -1.665945 -0.131407 -0.000013
    180 0.665776 0.747221 -0.029190 -1.665935 -0.131408 0.094976
    181 2.300139 -2.499414 0.600159 -0.000054 0.000023 -0.000016
    182 -18.905429 -8.427074 0.002100 0.000054 -0.000014 -0.000002
    183 2.762354 0.116951 1.523975 1.629482 0.064153 1.743800
    184 7.228323 7.928203 -3.925652 2.328713 0.123459 -0.568477
    185 0.650394 -0.547730 -0.092979 1.665913 0.131399 -0.112062
    186 0.657069 0.008399 -0.040379 1.665945 0.131407 -0.000013
    187 0.665772 0.747219 0.029182 1.665935 0.131408 0.094976
    188 -4.481003 -0.202000 0.000000 0.000000 0.000000 0.000000
    189 -5.516998 -0.291000 -0.001000 0.000000 0.000000 0.000000
    190 -0.857697 0.104070 0.104687 0.023536 0.163924 0.013632
    191 1.899121 0.000427 -0.000439 0.027386 -0.033311 0.477848
    192 1.799658 -0.000240 0.000231 0.027386 -0.033311 0.477848
    193 1.799658 -0.000240 0.000231 0.027386 -0.033311 0.477848
    194 1.799658 -0.000240 0.000231 0.027386 -0.033311 0.477848
    195 1.900312 -0.000137 -0.000517 0.027386 -0.033311 0.477848
    196 1.899436 -0.000320 -0.000151 -0.027386 0.033311 0.477848
    197 1.799664 -0.000233 -0.000233 -0.027386 0.033311 0.477848
    198 1.799664 -0.000233 -0.000233 -0.027386 0.033311 0.477848
    199 1.799664 -0.000233 -0.000233 -0.027386 0.033311 0.477848
    200 1.900729 0.000549 -0.000072 -0.027386 0.033311 0.477848
    201 0.599884 0.400188 -0.000027 0.000000 0.000000 0.000000
    202 0.599888 0.400187 0.000031 0.000000 0.000000 0.000000
    203 0.599503 0.400696 0.000234 0.000000 0.000000 0.000000
    204 0.600399 0.399632 -0.000466 0.000000 0.000000 -0.000095
  time 11
    0 0.000000 0.000000 0.000000 0.000000 0.000000 -1.570796
    1 -0.106000 0.000000 64.320000 0.000000 0.000000 0.000000
    2 0.000000 0.000000 0.000000 0.000000 0.000000 0.000000
    3 -0.904000 0.000000 -11.806000 0.000000 0.000000 0.000000
    4 0.000000 0.000000 -14.313999 0.000000 0.000000 0.000000
    5 3.533001 0.000000 0.000000 0.000000 0.000000 0.000000
    6 6.250000 0.000000 0.000000 0.000000 0.000000 0.000000
    7 9.568951 -0.019507 -1.944020 -0.000078 0.000000 -0.000050
    8 9.584576 -0.199200 1.873717 -0.009823 -0.032088 -0.002898
    9 5.786820 0.002787 -0.004020 -0.261053 0.073441 -0.017650
    10 5.999492 -0.000592 -4.000343 0.000000 0.000000 0.000000
    11 5.791316 0.002582 0.000893 -0.000044 -0.000037 0.000114
    12 5.999492 -0.000592 4.000336 0.000000 0.000000 0.000000
    13 0.500225 0.000133 -0.000088 0.195598 0.000000 0.000000
    14 11.534559 0.000348 -0.001312 -0.000017 0.000009 0.029944
    15 -0.829338 0.893824 0.079659 -0.148839 0.047645 0.087266
    16 0.500225 0.000132 0.000076 0.000000 0.000060 0.000000
    17 11.536401 0.004432 -0.000089 0.000006 -0.000022 -0.000011
    18 -0.829586 0.894698 -0.079464 0.045377 -0.019621 0.087266
    19 10.599884 0.000105 -0.000553 0.311176 0.000000 0.000000
    20 0.119665 -0.275181 -0.000805 0.000000 0.000011 -0.015032
    21 11.042057 0.003717 0.000798 0.289128 -0.049727 -0.060401
    22 -1.214832 0.203470 -0.477489 -0.135025 -0.078677 -0.001289
    23 10.599880 0.000105 0.000549 0.000000 0.000000 0.000000
    24 0.127476 -0.275181 0.000801 0.000048 -0.000011 0.000034
    25 11.041742 0.003171 -0.000571 -0.000003 -0.000013 0.000103
    26 -1.063377 0.077663 0.150230 0.045121 0.020046 -0.012850
    27 0.610302 -0.939470 0.070343 -0.000101 -0.000051 -0.000018
    28 0.639940 -0.199121 0.060188 -0.000051 -0.000016 -0.000004
    29 0.600155 1.080261 -0.339535 -0.000053 -0.000027 0.000051
    30 0.610207 0.400743 -0.010101 -0.000108 0.000009 0.000003
    31 0.634715 -0.693997 -0.232343 -0.000009 0.000017 -0.000067
    32 -0.792125 0.203736 0.461300 1.439074 -0.003453 -0.018305
    33 0.610300 -0.939469 -0.070351 0.000050 -0.000009 -0.000018
    34 0.639937 -0.199121 -0.060200 0.000051 -0.000019 -0.000040
    35 0.600157 1.080259 0.339531 0.000053 -0.000021 -0.000009
    36 0.610205 0.400743 0.010086 0.000108 0.000003 -0.000021
    37 0.629883 -0.689453 0.230347 0.000000 0.000000 0.000000
    38 -0.626031 -0.069983 -0.080517 -1.447153 0.086151 0.021559
    39 2.621377 -0.002532 -0.001438 0.000015 -0.000056 -0.000063
    40 2.664743 0.000397 -0.000071 -0.000015 0.000019 0.000051
    41 2.206394 0.003368 -0.006769 0.000022 0.000004 0.000012
    42 0.599952 0.959240 -0.300102 -0.174544 0.000000 0.000000
    43 2.553283 -0.005873 0.006359 -0.000044 0.000023 0.000037
    44 2.095024 -0.003873 -0.006100 -0.000007 -0.000023 0.000006
    45 0.999380 -0.000236 -1.209370 -0.000001 0.000000 0.000000
    46 -0.122639 -0.721856 0.661690 -0.486644 0.223964 0.243056
    47 2.626019 -0.000648 0.006647 -0.000070 0.000002 0.000003
    48 2.657909 0.004589 -0.000533 0.000054 0.000051 0.000022
    49 2.203922 0.001663 0.000836 0.000000 -0.000013 -0.000008
    50 0.599951 0.959244 0.300102 0.174544 0.000000 0.000000
    51 2.556570 -0.004291 0.000554 -0.000002 0.000009 0.000037
    52 2.097656 -0.000093 -0.000404 0.000000 0.000000 0.000000
    53 0.999374 -0.000237 1.209362 0.000000 0.000000 0.000001
    54 0.310846 -0.606445 -0.498005 0.308107 -0.197598 0.313976
    55 1.873069 -0.004741 -0.004901 -0.000007 0.000004 0.000036
    56 1.200941 0.399582 -0.000237 -0.009465 0.016087 0.007127
    57 0.000586 0.100342 -0.000319 -0.120035 -0.021926 -0.209617
    58 -0.161663 0.051712 0.194808 -2.941982 0.122408 -0.060194
    59 2.010092 -0.003202 -0.007284 0.000018 0.000013 -0.000009
    60 0.000240 0.099802 -0.000395 -0.018823 0.010833 -0.239219
    61 -0.203197 0.048607 0.069150 -3.093332 0.033217 -0.046722
    62 1.180428 -0.006214 0.000780 -0.000038 0.000036 0.000009
    63 -0.000196 0.099625 -0.000034 0.000000 0.000000 -0.314102
    64 -0.088736 -0.688435 -0.145203 2.930407 -0.136130 0.513013
    65 1.707031 0.000721 -0.000195 0.000000 0.000000 0.000000
    66 -0.000580 0.100145 -0.000311 -0.010912 0.023129 -0.260841
    67 -0.146030 -0.232426 -0.014225 3.028455 -0.094299 0.113020
    68 1.290632 0.000362 -0.000032 0.000000 0.000000 0.000000
    69 -0.658121 -0.003575 0.072645 -0.142711 0.027792 -0.077299
    70 1.871986 -0.003049 0.002176 0.000003 -0.000069 0.000030
    71 1.200079 0.399944 -0.000093 0.009465 -0.016087 0.007127
    72 0.000591 0.100342 0.000319 0.120035 0.021926 -0.209617
    73 0.068077 0.002285 -0.080050 3.111376 -0.069366 -0.060847
    74 2.011874 -0.005083 0.002180 -0.000013 0.000011 0.000069
    75 0.000229 0.099802 0.000395 0.018823 -0.010833 -0.239219
    76 -0.018673 -0.001009 0.047544 3.109244 0.002635 -0.106673
    77 1.178665 0.001595 0.000845 0.000018 -0.000012 0.000055
    78 -0.000198 0.099628 0.000034 0.000000 0.000000 -0.314102
    79 0.036892 -0.634449 0.266284 -2.801062 0.174301 0.490914
    80 1.704350 -0.002506 -0.004592 -0.000010 0.000023 0.000017
    81 -0.000576 0.100136 0.000311 0.010912 -0.023129 -0.260841
    82 -0.003952 -0.281811 0.115047 -3.059162 0.089004 0.167964
    83 1.289627 0.003949 0.000061 -0.000014 0.000003 -0.000023
    84 -0.171528 -0.018148 -0.099873 0.013484 -0.062184 -0.011780
    85 0.919434 -0.000298 -0.000422 0.000000 0.000000 0.000000
    86 -0.342617 0.053404 -0.025571 -2.909301 -0.017248 0.075276
    87 1.100231 -0.000930 -0.002434 0.000009 0.000050 0.000010
    88 -0.384983 0.330998 0.006848 -3.087207 -0.018765 -0.184279
    89 0.678146 0.006192 -0.003905 0.000018 -0.000055 0.000055
    90 -0.123848 0.072737 0.029507 2.898184 -0.060627 0.094834
    91 1.017166 -0.000154 -0.000252 -0.000047 -0.000014 0.000037
    92 -0.344986 0.123129 0.143151 2.994981 0.012396 0.059140
    93 -0.730988 0.177046 0.039141 -0.123731 0.076518 -0.084310
    94 0.921993 0.001298 -0.000896 0.000046 -0.000047 0.000021
    95 -0.124027 -0.052092 0.038496 3.077813 -0.008519 0.039229
    96 1.100430 -0.007458 0.000503 -0.000006 -0.000018 -0.000014
    97 -0.330082 0.160641 0.042780 3.128073 0.034033 -0.171236
    98 0.675854 0.005438 0.003272 0.000014 0.000039 0.000010
    99 -0.019516 -0.016531 0.038578 -2.763781 0.050305 0.076828
    100 1.018891 0.001206 0.001121 -0.000030 0.000007 0.000038
    101 -0.155312 0.130643 -0.021921 -3.022466 0.022433 -0.024903
    102 -0.252209 0.061937 -0.024914 -0.007671 -0.063171 -0.044392
    103 -0.085991 0.185203 -0.015180 -2.937063 -0.113970 -0.138991
    104 -0.286537 0.179852 0.024264 -3.109353 -0.049645 -0.029915
    105 -0.019489 0.147084 0.079203 2.893815 0.038585 -0.060594
    106 -0.046482 0.251898 0.129548 3.016165 0.077112 -0.042864
    107 0.039120 -0.040298 0.047739 3.084219 0.030470 -0.037414
    108 -0.233757 0.066630 0.001754 -3.133086 0.040141 -0.065413
    109 0.044266 0.020128 0.001684 -2.778763 -0.118872 -0.040488
    110 0.071495 0.074127 -0.048302 -3.035917 -0.059482 0.104366
    111 -0.007813 -3.640736 54.220405 0.031763 0.010487 -1.567715
    112 -8.660421 -27.774285 40.450453 2.337656 0.091110 -2.141225
    113 -1.142999 -0.001000 0.273999 0.000000 0.000000 1.570816
    114 -0.943998 0.000000 1.776996 0.000000 0.000000 0.000000
    115 2.039996 -0.296999 1.310997 0.000000 0.000000 -1.570817
    116 -0.653999 0.000000 -1.549997 0.000000 0.000000 0.000000
    117 4.078125 0.000000 -0.139893 0.000000 0.000000 0.000000
    118 1.636719 0.000000 -0.501953 0.000000 0.000000 0.000000
    119 2.437500 0.000000 0.764648 0.000000 0.000000 0.000000
    120 -0.898998 0.000000 -1.088998 0.000000 0.000000 0.000000
    121 2.025996 -0.001000 0.680999 0.000000 0.000000 1.570816
    122 0.000000 0.000000 0.000000 0.000000 0.000000 -1.570816
    123 0.711998 0.439999 -0.805998 0.000000 0.000000 1.570815
    124 -1.474998 0.000000 0.073000 0.000000 0.000000 1.570816
    125 1.889997 0.409999 0.284999 1.570815 0.000000 0.000000
    126 0.000000 0.000000 0.000000 0.000000 0.000000 0.000000
    127 -0.106000 0.000000 64.320000 0.000000 0.000000 0.000000
    128 0.000000 0.000000 0.000000 0.000000 0.000000 0.000000
    129 0.000000 0.000000 0.000000 0.000995 0.001690 -0.000096
    130 14.375684 0.066894 -0.073142 0.031711 0.010504 0.003038
    131 0.106000 0.000000 -64.320000 0.000000 0.000000 0.000000
    132 0.000000 0.000000 0.000000 0.000000 0.000000 0.000000
    133 0.000000 0.000000 -4.867002 0.000000 0.000000 0.000000
    134 0.000000 0.000000 4.867000 0.000000 0.000000 0.000000
    135 4.000000 -6.500000 0.000000 0.000000 0.000000 0.000000
    136 -6.500000 0.000000 0.000000 0.000000 0.000000 0.000000
    137 1.000088 -0.000029 0.000000 0.000000 0.000000 0.000000
    138 17.162516 -0.000404 0.000000 0.000000 0.000000 0.000000
    139 9.999891 -0.000303 0.000000 0.000000 0.000000 0.000000
    140 1.000088 -0.000029 0.000000 0.000000 0.000000 0.000000
    141 17.162516 -0.000404 0.000000 0.000000 0.000000 0.000000
    142 9.499836 0.000212 0.000000 0.000000 0.000000 0.000000
    143 0.000000 0.000000 0.000000 0.000000 0.000000 0.000000
    144 17.749374 0.295515 0.000000 0.000000 0.000000 0.000000
    145 0.017889 0.299792 0.000000 0.000000 0.000000 0.000000
    146 12.283573 1.581456 -4.696000 1.462269 -0.086726 0.090185
    147 17.749376 0.295515 0.000000 0.000000 0.000000 0.000000
    148 0.017889 0.299792 0.000000 0.000000 0.000000 0.000000
    149 13.354000 0.000000 0.000000 0.000000 0.000000 0.000000
    150 4.530998 0.000000 0.000000 0.000000 0.000000 0.000000
    151 0.000000 0.000000 0.000000 0.000000 0.000000 0.000000
    152 5.413524 0.000347 0.000000 0.000000 0.000000 0.000000
    153 5.413524 0.000347 0.000000 0.000000 0.000000 0.000000
    154 4.662002 -5.366333 4.825191 1.569713 1.561305 -3.121213
    155 3.116966 -0.000443 0.000000 0.000000 0.000000 0.000000
    156 0.000000 0.000000 0.000000 0.000000 0.000000 0.000000
    157 -1.607000 0.000000 0.565000 0.000000 0.314158 0.000000
    158 -1.605469 0.000000 0.564453 0.000000 0.314158 0.000000
    159 -1.533000 0.000000 1.131000 -0.262473 -0.000006 1.570754
    160 -1.532227 0.000000 1.130859 -0.262470 -0.000006 1.570749
    161 0.000000 -0.001000 0.000000 0.000000 0.000000 0.000000
    162 3.867000 0.000000 0.228000 0.000000 0.000000 0.000000
    163 3.512001 -3.547000 -1.066000 0.000000 1.570796 0.000000
    164 3.456001 -3.517000 1.169000 0.000000 1.570796 0.000000
    165 6.233002 0.000000 0.000000 0.000000 0.000000 0.000000
    166 -0.171997 -0.106000 -0.902000 1.570713 1.029176 -3.134550
    167 6.241997 -6.380000 0.000000 -0.000096 -0.000995 -0.001690
    168 -3.106999 0.000000 0.669000 0.000000 0.000000 0.000000
    169 -3.106999 0.000000 0.741000 0.000000 0.000000 0.000000
    170 -3.252000 0.000000 0.540000 0.000000 0.000000 0.000000
    171 3.999434 -0.000528 -0.000332 0.155615 -0.000017 -0.000023
    172 3.999901 0.000038 0.001011 -0.001111 -0.000001 -0.000001
    173 1.598000 0.000000 0.000000 0.000000 0.000000 0.000000
    174 -1.145525 0.000130 0.000668 0.000000 0.000000 0.000000
    175 2.299681 -2.499979 -0.599480 -0.000013 0.000013 -0.000003
    176 -9.580589 -27.860225 -37.179709 0.000147 -0.000010 -0.000139
    177 -9.580679 -27.862110 -37.184673 0.812879 -0.123459 -0.568477
    178 0.649933 -0.548295 0.093651 -1.665913 -0.131399 -0.112062
    179 0.657077 0.008401 0.040371 -1.665945 -0.131407 -0.000013
    180 0.665776 0.747221 -0.029190 -1.665935 -0.131408 0.094976
    181 2.300139 -2.499414 0.600159 -0.000054 0.000023 -0.000016
    182 -18.909335 -8.423168 0.002100 0.000054 -0.000014 -0.000002
    183 2.762354 0.116951 1.523975 1.629482 0.064153 1.743800
    184 7.228323 7.928203 -3.925652 2.328713 0.123459 -0.568477
    185 0.650394 -0.547730 -0.092979 1.665913 0.131399 -0.112062
    186 0.657069 0.008399 -0.040379 1.665945 0.131407 -0.000013
    187 0.665772 0.747219 0.029182 1.665935 0.131408 0.094976
    188 -4.481003 -0.202000 0.000000 0.000000 0.000000 0.000000
    189 -5.516998 -0.291000 -0.001000 0.000000 0.000000 0.000000
    190 -0.857697 0.104070 0.104687 0.023536 0.163924 0.013632
    191 1.899121 0.000427 -0.000439 0.027386 -0.033311 0.477848
    192 1.799658 -0.000240 0.000231 0.027386 -0.033311 0.477848
    193 1.799658 -0.000240 0.000231 0.027386 -0.033311 0.477848
    194 1.799658 -0.000240 0.000231 0.027386 -0.033311 0.477848
    195 1.900312 -0.000137 -0.000517 0.027386 -0.033311 0.477848
    196 1.899436 -0.000320 -0.000151 -0.027386 0.033311 0.477848
    197 1.799664 -0.000233 -0.000233 -0.027386 0.033311 0.477848
    198 1.799664 -0.000233 -0.000233 -0.027386 0.033311 0.477848
    199 1.799664 -0.000233 -0.000233 -0.027386 0.033311 0.477848
    200 1.900729 0.000549 -0.000072 -0.027386 0.033311 0.477848
    201 0.599884 0.400188 -0.000027 0.000000 0.000000 0.000000
    202 0.599888 0.400187 0.000031 0.000000 0.000000 0.000000
    203 0.599503 0.400696 0.000234 0.000000 0.000000 0.000000
    204 0.600399 0.399632 -0.000466 0.000000 0.000000 -0.000095
  time 12
    0 0.000000 0.000000 0.000000 0.000000 0.000000 -1.570796
    1 -0.106000 0.000000 64.320000 0.000000 0.000000 0.000000
    2 0.000000 0.000000 0.000000 0.000000 0.000000 0.000000
    3 -0.904000 0.000000 -11.806000 0.000000 0.000000 0.000000
    4 0.000000 0.000000 -14.313999 0.000000 0.000000 0.000000
    5 3.533001 0.000000 0.000000 0.000000 0.000000 0.000000
    6 6.250000 0.000000 0.000000 0.000000 0.000000 0.000000
    7 9.568951 -0.019507 -1.944020 -0.000078 0.000000 -0.000050
    8 9.525981 -0.132792 1.748714 -0.004569 -0.006113 0.005833
    9 5.786820 0.002787 -0.004020 -0.230731 0.068194 -0.016764
    10 5.999492 -0.000592 -4.000343 0.000000 0.000000 0.000000
    11 5.791316 0.002582 0.004799 -0.000044 -0.000037 0.000114
    12 5.999492 -0.000592 4.000336 0.000000 0.000000 0.000000
    13 0.500225 0.000133 -0.000088 0.172363 0.000000 0.000000
    14 11.534559 0.000348 -0.001312 -0.000017 0.000009 0.030692
    15 -0.829338 0.893824 0.079659 -0.148839 0.047645 0.087266
    16 0.500225 0.000132 0.000076 0.000000 0.000048 0.000000
    17 11.532495 0.004432 -0.000089 0.000006 -0.000022 -0.000011
    18 -0.829586 0.894698 -0.079464 0.045377 -0.019621 0.087266
    19 10.599884 0.000105 -0.000553 0.259480 0.000000 -0.000012
    20 0.123572 -0.275181 -0.000805 0.000000 0.000011 -0.015360
    21 11.042057 0.003717 0.004704 0.236611 -0.030523 -0.060714
    22 -1.214832 0.203470 -0.477489 -0.135025 -0.078677 -0.001289
    23 10.599880 0.000105 0.000549 0.000000 0.000000 0.000000
    24 0.127476 -0.275181 0.000801 0.000048 -0.000011 0.000034
    25 11.041742 0.003171 -0.004478 -0.000003 -0.000013 0.000103
    26 -1.063377 0.077663 0.150230 0.045121 0.020046 -0.012850
    27 0.610302 -0.939470 0.070343 -0.000152 -0.000051 -0.000018
    28 0.639940 -0.199121 0.060188 -0.000051 -0.000016 -0.000004
    29 0.600155 1.080261 -0.339535 -0.000053 -0.000027 0.000051
    30 0.610207 0.400743 -0.010101 -0.000108 0.000009 0.000003
    31 0.634715 -0.693997 -0.232343 -0.000021 0.000017 -0.000067
    32 -0.792125 0.203736 0.461300 1.439074 -0.003453 -0.018305
    33 0.610300 -0.939469 -0.070351 0.000050 -0.000009 -0.000018
    34 0.639937 -0.199121 -0.060200 0.000051 -0.000007 -0.000040
    35 0.600157 1.080259 0.339531 0.000053 -0.000021 -0.000009
    36 0.610205 0.400743 0.010086 0.000108 0.000003 -0.000021
    37 0.629883 -0.689453 0.230347 0.000000 0.000000 0.000000
    38 -0.626031 -0.069983 -0.080517 -1.447153 0.086151 0.021559
    39 2.625284 -0.002532 -0.001438 0.000015 -0.000044 -0.000023
    40 2.660837 0.000397 -0.000071 -0.000015 0.000007 0.000051
    41 2.206394 0.003368 -0.006769 0.000022 0.000004 0.000012
    42 0.599952 0.959240 -0.300102 -0.174544 0.000000 0.000000
    43 2.557190 -0.005873 0.002453 -0.000044 0.000023 0.000037
    44 2.098930 -0.003873 -0.006100 -0.000007 -0.000023 0.000006
    45 0.999380 -0.000236 -1.209370 -0.000001 0.000000 0.000000
    46 -0.122639 -0.721856 0.661690 -0.486644 0.223964 0.243056
    47 2.622113 -0.000648 0.002741 -0.000070 0.000002 0.000003
    48 2.657909 0.004589 -0.000533 0.000042 0.000051 0.000022
    49 2.203922 0.001663 0.000836 0.000000 -0.000013 -0.000008
    50 0.599951 0.959244 0.300102 0.174544 0.000000 0.000000
    51 2.556570 -0.004291 0.000554 -0.000002 0.000009 0.000037
    52 2.097656 -0.000093 -0.000404 0.000000 0.000000 0.000000
    53 0.999374 -0.000237 1.209362 0.000000 0.000000 0.000001
    54 0.310846 -0.606445 -0.498005 0.308107 -0.197598 0.313976
    55 1.869163 -0.004741 -0.000994 -0.000007 0.000004 0.000036
    56 1.200941 0.399582 -0.000237 -0.009465 0.016087 0.007127
    57 0.000586 0.100342 -0.000319 -0.120035 -0.021926 -0.209617
    58 -0.161663 0.051712 0.194808 -2.941982 0.122408 -0.060194
    59 2.010092 -0.003202 -0.003377 0.000018 0.000013 -0.000009
    60 0.000240 0.099802 -0.000395 -0.018823 0.010833 -0.239219
    61 -0.203197 0.048607 0.069150 -3.093332 0.033217 -0.046722
    62 1.180428 -0.006214 0.000780 -0.000038 0.000036 0.000009
    63 -0.000196 0.099625 -0.000034 0.000000 0.000000 -0.314102
    64 -0.088736 -0.688435 -0.145203 2.930407 -0.136130 0.513013
    65 1.707031 0.000721 -0.000195 0.000000 0.000000 0.000000
    66 -0.000580 0.100145 -0.000311 -0.010912 0.023129 -0.260841
    67 -0.146030 -0.232426 -0.014225 3.028455 -0.094299 0.113020
    68 1.290632 0.000362 -0.000032 0.000000 0.000000 0.000000
    69 -0.658121 -0.003575 0.072645 -0.142711 0.027792 -0.077299
    70 1.868080 -0.003049 0.006083 0.000003 -0.000057 0.000030
    71 1.200079 0.399944 -0.000093 0.009465 -0.016087 0.007127
    72 0.000591 0.100342 0.000319 0.120035 0.021926 -0.209617
    73 0.068077 0.002285 -0.080050 3.111376 -0.069366 -0.060847
    74 2.015780 -0.005083 0.006086 -0.000013 0.000011 0.000069
    75 0.000229 0.099802 0.000395 0.018823 -0.010833 -0.239219
    76 -0.018673 -0.001009 0.047544 3.109244 0.002635 -0.106673
    77 1.178665 0.001595 0.000845 0.000018 -0.000012 0.000029
    78 -0.000198 0.099628 0.000034 0.000000 0.000000 -0.314102
    79 0.036892 -0.634449 0.266284 -2.801062 0.174301 0.490914
    80 1.708256 -0.002506 -0.004592 -0.000010 0.000023 0.000017
    81 -0.000576 0.100136 0.000311 0.010912 -0.023129 -0.260841
    82 -0.003952 -0.281811 0.115047 -3.059162 0.089004 0.167964
    83 1.289627 0.003949 0.000061 -0.000014 0.000003 -0.000023
    84 -0.171528 -0.018148 -0.099873 0.013484 -0.062184 -0.011780
    85 0.919434 -0.000298 -0.000422 0.000000 0.000000 0.000000
    86 -0.342617 0.053404 -0.025571 -2.909301 -0.017248 0.075276
    87 1.100231 -0.000930 -0.002434 0.000009 0.000050 0.000010
    88 -0.384983 0.330998 0.006848 -3.087207 -0.018765 -0.184279
    89 0.678146 0.006192 0.000002 0.000006 -0.000043 0.000055
    90 -0.123848 0.072737 0.029507 2.898184 -0.060627 0.094834
    91 1.017166 -0.000154 -0.000252 -0.000047 -0.000014 0.000037
    92 -0.344986 0.123129 0.143151 2.994981 0.012396 0.059140
    93 -0.730988 0.177046 0.039141 -0.123731 0.076518 -0.084310
    94 0.925900 0.001298 -0.000896 0.000034 -0.000047 0.000021
    95 -0.124027 -0.052092 0.038496 3.077813 -0.008519 0.039229
    96 1.100430 -0.007458 0.000503 -0.000006 -0.000006 -0.000014
    97 -0.330082 0.160641 0.042780 3.128073 0.034033 -0.171236
    98 0.675854 0.005438 0.003272 0.000014 0.000039 0.000010
    99 -0.019516 -0.016531 0.038578 -2.763781 0.050305 0.076828
    100 1.018891 0.001206 0.001121 -0.000018 0.000007 0.000038
    101 -0.155312 0.130643 -0.021921 -3.022466 0.022433 -0.024903
    102 -0.252209 0.061937 -0.024914 -0.007671 -0.063171 -0.044392
    103 -0.085991 0.185203 -0.015180 -2.937063 -0.113970 -0.138991
    104 -0.286537 0.179852 0.024264 -3.109353 -0.049645 -0.029915
    105 -0.019489 0.147084 0.079203 2.893815 0.038585 -0.060594
    106 -0.046482 0.251898 0.129548 3.016165 0.077112 -0.042864
    107 0.039120 -0.040298 0.047739 3.084219 0.030470 -0.037414
    108 -0.233757 0.066630 0.001754 -3.133086 0.040141 -0.065413
    109 0.044266 0.020128 0.001684 -2.778763 -0.118872 -0.040488
    110 0.071495 0.074127 -0.048302 -3.035917 -0.059482 0.104366
    111 0.011719 -3.586047 54.271187 0.005932 0.004447 -1.576679
    112 -8.500259 -27.789911 40.036378 2.328013 0.115806 -2.133298
    113 -1.142999 -0.001000 0.273999 0.000000 0.000000 1.570816
    114 -0.943998 0.000000 1.776996 0.000000 0.000000 0.000000
    115 2.039996 -0.296999 1.310997 0.000000 0.000000 -1.570817
    116 -0.653999 0.000000 -1.549997 0.000000 0.000000 0.000000
    117 4.078125 0.000000 -0.139893 0.000000 0.000000 0.000000
    118 1.636719 0.000000 -0.501953 0.000000 0.000000 0.000000
    119 2.437500 0.000000 0.764648 0.000000 0.000000 0.000000
    120 -0.898998 0.000000 -1.088998 0.000000 0.000000 0.000000
    121 2.025996 -0.001000 0.680999 0.000000 0.000000 1.570816
    122 0.000000 0.000000 0.000000 0.000000 0.000000 -1.570816
    123 0.711998 0.439999 -0.805998 0.000000 0.000000 1.570815
    124 -1.474998 0.000000 0.073000 0.000000 0.000000 1.570816
    125 1.889997 0.409999 0.284999 1.570815 0.000000 0.000000
    126 0.000000 0.000000 0.000000 0.000000 0.000000 0.000000
    127 -0.106000 0.000000 64.320000 0.000000 0.000000 0.000000
    128 0.000000 0.000000 0.000000 0.000000 0.000000 0.000000
    129 0.000000 0.000000 0.000000 0.000875 0.001498 -0.000084
    130 14.328807 -0.038578 0.036236 0.005987 0.004466 -0.005926
    131 0.106000 0.000000 -64.320000 0.000000 0.000000 0.000000
    132 0.000000 0.000000 0.000000 0.000000 0.000000 0.000000
    133 0.000000 0.000000 -4.867002 0.000000 0.000000 0.000000
    134 0.000000 0.000000 4.867000 0.000000 0.000000 0.000000
    135 4.000000 -6.500000 0.000000 0.000000 0.000000 0.000000
    136 -6.500000 0.000000 0.000000 0.000000 0.000000 0.000000
    137 1.000088 -0.000029 0.000000 0.000000 0.000000 0.000000
    138 17.162516 -0.000404 0.000000 0.000000 0.000000 0.000000
    139 9.999891 -0.000303 0.000000 0.000000 0.000000 0.000000
    140 1.000088 -0.000029 0.000000 0.000000 0.000000 0.000000
    141 17.162516 -0.000404 0.000000 0.000000 0.000000 0.000000
    142 9.499836 0.000212 0.000000 0.000000 0.000000 0.000000
    143 0.000000 0.000000 0.000000 0.000000 0.000000 0.000000
    144 17.749374 0.295515 0.000000 0.000000 0.000000 0.000000
    145 0.017889 0.299792 0.000000 0.000000 0.000000 0.000000
    146 12.283573 1.581456 -4.696000 1.462269 -0.086726 0.090185
    147 17.749376 0.295515 0.000000 0.000000 0.000000 0.000000
    148 0.017889 0.299792 0.000000 0.000000 0.000000 0.000000
    149 13.354000 0.000000 0.000000 0.000000 0.000000 0.000000
    150 4.530998 0.000000 0.000000 0.000000 0.000000 0.000000
    151 0.000000 0.000000 0.000000 0.000000 0.000000 0.000000
    152 5.413524 0.000347 0.000000 0.000000 0.000000 0.000000
    153 5.413524 0.000347 0.000000 0.000000 0.000000 0.000000
    154 4.662002 -5.366333 4.825191 1.569713 1.561305 -3.121213
    155 3.116966 -0.000443 0.000000 0.000000 0.000000 0.000000
    156 0.000000 0.000000 0.000000 0.000000 0.000000 0.000000
    157 -1.607000 0.000000 0.565000 0.000000 0.314158 0.000000
    158 -1.605469 0.000000 0.564453 0.000000 0.314158 0.000000
    159 -1.533000 0.000000 1.131000 -0.262473 -0.000006 1.570754
    160 -1.532227 0.000000 1.130859 -0.262470 -0.000006 1.570749
    161 0.000000 -0.001000 0.000000 0.000000 0.000000 0.000000
    162 3.867000 0.000000 0.228000 0.000000 0.000000 0.000000
    163 3.512001 -3.547000 -1.066000 0.000000 1.570796 0.000000
    164 3.456001 -3.517000 1.169000 0.000000 1.570796 0.000000
    165 6.233002 0.000000 0.000000 0.000000 0.000000 0.000000
    166 -0.171997 -0.106000 -0.902000 1.570713 1.029176 -3.134550
    167 6.241997 -6.380000 0.000000 -0.000084 -0.000875 -0.001498
    168 -3.106999 0.000000 0.669000 0.000000 0.000000 0.000000
    169 -3.106999 0.000000 0.741000 0.000000 0.000000 0.000000
    170 -3.252000 0.000000 0.540000 0.000000 0.000000 0.000000
    171 3.999434 -0.000528 -0.000332 0.129773 -0.000017 -0.000023
    172 3.999901 0.000038 0.001011 -0.000552 -0.000001 -0.000001
    173 1.598000 0.000000 0.000000 0.000000 0.000000 0.000000
    174 -1.145525 0.000130 0.000668 0.000000 0.000000 0.000000
    175 2.299681 -2.499979 -0.599480 -0.000013 0.000013 -0.000003
    176 -9.580589 -27.856319 -37.179709 0.000147 -0.000010 -0.000139
    177 -9.580679 -27.862110 -37.184673 0.812879 -0.123459 -0.568477
    178 0.649933 -0.548295 0.093651 -1.665913 -0.131399 -0.112062
    179 0.657077 0.008401 0.040371 -1.665945 -0.131407 -0.000013
    180 0.665776 0.747221 -0.029190 -1.665935 -0.131408 0.094976
    181 2.300139 -2.499414 0.600159 -0.000054 0.000023 -0.000016
    182 -18.909335 -8.423168 0.002100 0.000054 -0.000014 -0.000002
    183 2.762354 0.116951 1.523975 1.629482 0.064153 1.743800
    184 7.228323 7.928203 -3.925652 2.328713 0.123459 -0.568477
    185 0.650394 -0.547730 -0.092979 1.665913 0.131399 -0.112062
    186 0.657069 0.008399 -0.040379 1.665945 0.131407 -0.000013
    187 0.665772 0.747219 0.029182 1.665935 0.131408 0.094976
    188 -4.481003 -0.202000 0.000000 0.000000 0.000000 0.000000
    189 -5.516998 -0.291000 -0.001000 0.000000 0.000000 0.000000
    190 -0.857697 0.104070 0.104687 0.023536 0.163924 0.013632
    191 1.899121 0.000427 -0.000439 0.027386 -0.033311 0.477848
    192 1.799658 -0.000240 0.000231 0.027386 -0.033311 0.477848
    193 1.799658 -0.000240 0.000231 0.027386 -0.033311 0.477848
    194 1.799658 -0.000240 0.000231 0.027386 -0.033311 0.477848
    195 1.900312 -0.000137 -0.000517 0.027386 -0.033311 0.477848
    196 1.899436 -0.000320 -0.000151 -0.027386 0.033311 0.477848
    197 1.799664 -0.000233 -0.000233 -0.027386 0.033311 0.477848
    198 1.799664 -0.000233 -0.000233 -0.027386 0.033311 0.477848
    199 1.799664 -0.000233 -0.000233 -0.027386 0.033311 0.477848
    200 1.900729 0.000549 -0.000072 -0.027386 0.033311 0.477848
    201 0.599884 0.400188 -0.000027 0.000000 0.000000 0.000000
    202 0.599888 0.400187 0.000031 0.000000 0.000000 0.000000
    203 0.599503 0.400696 0.000234 0.000000 0.000000 0.000000
    204 0.600399 0.399632 -0.000466 0.000000 0.000000 -0.000095
  time 13
    0 0.000000 0.000000 0.000000 0.000000 0.000000 -1.570796
    1 -0.106000 0.000000 64.320000 0.000000 0.000000 0.000000
    2 0.000000 0.000000 0.000000 0.000000 0.000000 0.000000
    3 -0.904000 0.000000 -11.806000 0.000000 0.000000 0.000000
    4 0.000000 0.000000 -14.313999 0.000000 0.000000 0.000000
    5 3.533001 0.000000 0.000000 0.000000 0.000000 0.000000
    6 6.250000 0.000000 0.000000 0.000000 0.000000 0.000000
    7 9.568951 -0.019507 -1.944020 -0.000078 0.000000 -0.000050
    8 9.428321 -0.011694 1.623710 0.000962 0.019753 0.014943
    9 5.786820 0.002787 -0.004020 -0.200182 0.065216 -0.009010
    10 5.999492 -0.000592 -4.000343 0.000000 0.000000 0.000000
    11 5.787410 0.002582 0.000893 -0.000044 -0.000037 0.000114
    12 5.999492 -0.000592 4.000336 0.000000 0.000000 0.000000
    13 0.500225 0.000133 -0.000088 0.149156 0.000000 0.000000
    14 11.534559 0.004255 -0.001312 -0.000017 0.000009 0.014990
    15 -0.829338 0.893824 0.079659 -0.148839 0.047645 0.087266
    16 0.500225 0.000132 0.000076 0.000000 0.000048 0.000000
    17 11.536401 0.004432 -0.000089 0.000006 -0.000022 -0.000011
    18 -0.829586 0.894698 -0.079464 0.045377 -0.019621 0.087266
    19 10.599884 0.000105 -0.000553 0.207784 0.000000 -0.000060
    20 0.123572 -0.275181 -0.000805 0.000000 0.000011 -0.007471
    21 11.042057 0.003717 0.000798 0.184160 -0.018671 -0.058836
    22 -1.214832 0.203470 -0.477489 -0.135025 -0.078677 -0.001289
    23 10.599880 0.000105 0.000549 0.000000 0.000000 0.000000
    24 0.123570 -0.275181 0.000801 0.000036 -0.000011 0.000034
    25 11.041742 0.003171 -0.000571 -0.000003 -0.000013 0.000103
    26 -1.063377 0.077663 0.150230 0.045121 0.020046 -0.012850
    27 0.610302 -0.939470 0.070343 -0.000101 -0.000051 -0.000018
    28 0.639940 -0.199121 0.060188 -0.000051 -0.000016 -0.000004
    29 0.600155 1.080261 -0.339535 -0.000053 -0.000027 0.000039
    30 0.610207 0.400743 -0.010101 -0.000108 0.000009 0.000003
    31 0.634715 -0.693997 -0.232343 -0.000009 0.000017 -0.000067
    32 -0.792125 0.203736 0.461300 1.439074 -0.003453 -0.018305
    33 0.610300 -0.939469 -0.070351 0.000050 -0.000009 -0.000018
    34 0.639937 -0.199121 -0.060200 0.000051 -0.000007 -0.000028
    35 0.600157 1.080259 0.339531 0.000053 -0.000021 -0.000009
    36 0.610205 0.400743 0.010086 0.000108 0.000003 -0.000021
    37 0.629883 -0.689453 0.230347 0.000000 0.000000 0.000000
    38 -0.626031 -0.069983 -0.080517 -1.447153 0.086151 0.021559
    39 2.621377 -0.002532 -0.001438 0.000015 -0.000044 -0.000023
    40 2.660837 0.000397 -0.000071 -0.000015 0.000007 0.000051
    41 2.206394 0.003368 -0.002863 0.000022 0.000004 0.000012
    42 0.599952 0.959240 -0.300102 -0.174544 0.000000 0.000000
    43 2.557190 -0.005873 0.006359 -0.000044 0.000023 0.000037
    44 2.095024 -0.003873 -0.006100 -0.000007 -0.000023 0.000006
    45 0.999380 -0.000236 -1.209370 -0.000001 0.000000 0.000000
    46 -0.122639 -0.721856 0.661690 -0.486644 0.223964 0.243056
    47 2.626019 -0.000648 0.006647 -0.000070 0.000002 0.000003
    48 2.654002 0.004589 -0.000533 0.000042 0.000027 0.000022
    49 2.200016 0.001663 0.000836 0.000000 -0.000013 -0.000008
    50 0.599951 0.959244 0.300102 0.174544 0.000000 0.000000
    51 2.556570 -0.004291 0.000554 -0.000002 0.000009 0.000037
    52 2.097656 -0.000093 -0.000404 0.000000 0.000000 0.000000
    53 0.999374 -0.000237 1.209362 0.000000 0.000000 0.000001
    54 0.310846 -0.606445 -0.498005 0.308107 -0.197598 0.313976
    55 1.873069 -0.004741 -0.000994 -0.000007 0.000004 0.000036
    56 1.200941 0.399582 -0.000237 -0.009465 0.016087 0.007127
    57 0.000586 0.100342 -0.000319 -0.120035 -0.021926 -0.209617
    58 -0.161663 0.051712 0.194808 -2.941982 0.122408 -0.060194
    59 2.010092 -0.003202 -0.003377 0.000018 0.000013 -0.000009
    60 0.000240 0.099802 -0.000395 -0.018823 0.010833 -0.239219
    61 -0.203197 0.048607 0.069150 -3.093332 0.033217 -0.046722
    62 1.180428 -0.006214 0.000780 -0.000038 0.000036 0.000009
    63 -0.000196 0.099625 -0.000034 0.000000 0.000000 -0.314102
    64 -0.088736 -0.688435 -0.145203 2.930407 -0.136130 0.513013
    65 1.707031 0.000721 -0.000195 0.000000 0.000000 0.000000
    66 -0.000580 0.100145 -0.000311 -0.010912 0.023129 -0.260841
    67 -0.146030 -0.232426 -0.014225 3.028455 -0.094299 0.113020
    68 1.290632 0.000362 -0.000032 0.000000 0.000000 0.000000
    69 -0.658121 -0.003575 0.072645 -0.142711 0.027792 -0.077299
    70 1.871986 -0.003049 0.002176 0.000003 -0.000057 0.000030
    71 1.200079 0.399944 -0.000093 0.009465 -0.016087 0.007127
    72 0.000591 0.100342 0.000319 0.120035 0.021926 -0.209617
    73 0.068077 0.002285 -0.080050 3.111376 -0.069366 -0.060847
    74 2.011874 -0.005083 0.002180 -0.000013 0.000011 0.000069
    75 0.000229 0.099802 0.000395 0.018823 -0.010833 -0.239219
    76 -0.018673 -0.001009 0.047544 3.109244 0.002635 -0.106673
    77 1.178665 0.001595 0.000845 0.000018 -0.000012 0.000029
    78 -0.000198 0.099628 0.000034 0.000000 0.000000 -0.314102
    79 0.036892 -0.634449 0.266284 -2.801062 0.174301 0.490914
    80 1.704350 -0.002506 -0.004592 -0.000010 0.000023 0.000017
    81 -0.000576 0.100136 0.000311 0.010912 -0.023129 -0.260841
    82 -0.003952 -0.281811 0.115047 -3.059162 0.089004 0.167964
    83 1.289627 0.003949 0.000061 -0.000014 0.000003 -0.000023
    84 -0.171528 -0.018148 -0.099873 0.013484 -0.062184 -0.011780
    85 0.919434 -0.000298 -0.000422 0.000000 0.000000 0.000000
    86 -0.342617 0.053404 -0.025571 -2.909301 -0.017248 0.075276
    87 1.100231 -0.000930 -0.002434 0.000009 0.000050 0.000010
    88 -0.384983 0.330998 0.006848 -3.087207 -0.018765 -0.184279
    89 0.678146 0.006192 0.000002 0.000006 -0.000043 0.000055
    90 -0.123848 0.072737 0.029507 2.898184 -0.060627 0.094834
    91 1.017166 -0.000154 -0.000252 -0.000047 -0.000014 0.000037
    92 -0.344986 0.123129 0.143151 2.994981 0.012396 0.059140
    93 -0.730988 0.177046 0.039141 -0.123731 0.076518 -0.084310
    94 0.925900 0.001298 -0.000896 0.000034 -0.000047 0.000021
    95 -0.124027 -0.052092 0.038496 3.077813 -0.008519 0.039229
    96 1.100430 -0.007458 0.000503 -0.000006 -0.000006 -0.000014
    97 -0.330082 0.160641 0.042780 3.128073 0.034033 -0.171236
    98 0.675854 0.005438 0.003272 0.000014 0.000027 0.000010
    99 -0.019516 -0.016531 0.038578 -2.763781 0.050305 0.076828
    100 1.014985 0.001206 0.001121 -0.000018 0.000007 0.000038
    101 -0.155312 0.130643 -0.021921 -3.022466 0.022433 -0.024903
    102 -0.252209 0.061937 -0.024914 -0.007671 -0.063171 -0.044392
    103 -0.085991 0.185203 -0.015180 -2.937063 -0.113970 -0.138991
    104 -0.286537 0.179852 0.024264 -3.109353 -0.049645 -0.029915
    105 -0.019489 0.147084 0.079203 2.893815 0.038585 -0.060594
    106 -0.046482 0.251898 0.129548 3.016165 0.077112 -0.042864
    107 0.039120 -0.040298 0.047739 3.084219 0.030470 -0.037414
    108 -0.233757 0.066630 0.001754 -3.133086 0.040141 -0.065413
    109 0.044266 0.020128 0.001684 -2.778763 -0.118872 -0.040488
    110 0.071495 0.074127 -0.048302 -3.035917 -0.059482 0.104366
    111 0.042970 -3.480575 54.325877 -0.019517 -0.001779 -1.585736
    112 -8.297128 -27.766472 39.618397 2.318597 0.140548 -2.125556
    113 -1.142999 -0.001000 0.273999 0.000000 0.000000 1.570816
    114 -0.943998 0.000000 1.776996 0.000000 0.000000 0.000000
    115 2.039996 -0.296999 1.310997 0.000000 0.000000 -1.570817
    116 -0.653999 0.000000 -1.549997 0.000000 0.000000 0.000000
    117 4.078125 0.000000 -0.139893 0.000000 0.000000 0.000000
    118 1.636719 0.000000 -0.501953 0.000000 0.000000 0.000000
    119 2.437500 0.000000 0.764648 0.000000 0.000000 0.000000
    120 -0.898998 0.000000 -1.088998 0.000000 0.000000 0.000000
    121 2.025996 -0.001000 0.680999 0.000000 0.000000 1.570816
    122 0.000000 0.000000 0.000000 0.000000 0.000000 -1.570816
    123 0.711998 0.439999 -0.805998 0.000000 0.000000 1.570815
    124 -1.474998 0.000000 0.073000 0.000000 0.000000 1.570816
    125 1.889997 0.409999 0.284999 1.570815 0.000000 0.000000
    126 0.000000 0.000000 0.000000 0.000000 0.000000 0.000000
    127 -0.106000 0.000000 64.320000 0.000000 0.000000 0.000000
    128 0.000000 0.000000 0.000000 0.000000 0.000000 0.000000
    129 0.000000 0.000000 0.000000 0.000755 0.001306 -0.000072
    130 14.231148 -0.136237 0.153427 -0.019737 -0.001714 -0.014890
    131 0.106000 0.000000 -64.320000 0.000000 0.000000 0.000000
    132 0.000000 0.000000 0.000000 0.000000 0.000000 0.000000
    133 0.000000 0.000000 -4.867002 0.000000 0.000000 0.000000
    134 0.000000 0.000000 4.867000 0.000000 0.000000 0.000000
    135 4.000000 -6.500000 0.000000 0.000000 0.000000 0.000000
    136 -6.500000 0.000000 0.000000 0.000000 0.000000 0.000000
    137 1.000088 -0.000029 0.000000 0.000000 0.000000 0.000000
    138 17.162516 -0.000404 0.000000 0.000000 0.000000 0.000000
    139 9.999891 -0.000303 0.000000 0.000000 0.000000 0.000000
    140 1.000088 -0.000029 0.000000 0.000000 0.000000 0.000000
    141 17.162516 -0.000404 0.000000 0.000000 0.000000 0.000000
    142 9.499836 0.000212 0.000000 0.000000 0.000000 0.000000
    143 0.000000 0.000000 0.000000 0.000000 0.000000 0.000000
    144 17.749374 0.295515 0.000000 0.000000 0.000000 0.000000
    145 0.017889 0.299792 0.000000 0.000000 0.000000 0.000000
    146 12.283573 1.581456 -4.696000 1.462269 -0.086726 0.090185
    147 17.749376 0.295515 0.000000 0.000000 0.000000 0.000000
    148 0.017889 0.299792 0.000000 0.000000 0.000000 0.000000
    149 13.354000 0.000000 0.000000 0.000000 0.000000 0.000000
    150 4.530998 0.000000 0.000000 0.000000 0.000000 0.000000
    151 0.000000 0.000000 0.000000 0.000000 0.000000 0.000000
    152 5.413524 0.000347 0.000000 0.000000 0.000000 0.000000
    153 5.413524 0.000347 0.000000 0.000000 0.000000 0.000000
    154 4.662002 -5.366333 4.825191 1.569713 1.561305 -3.121213
    155 3.116966 -0.000443 0.000000 0.000000 0.000000 0.000000
    156 0.000000 0.000000 0.000000 0.000000 0.000000 0.000000
    157 -1.607000 0.000000 0.565000 0.000000 0.314158 0.000000
    158 -1.605469 0.000000 0.564453 0.000000 0.314158 0.000000
    159 -1.533000 0.000000 1.131000 -0.262473 -0.000006 1.570754
    160 -1.532227 0.000000 1.130859 -0.262470 -0.000006 1.570749
    161 0.000000 -0.001000 0.000000 0.000000 0.000000 0.000000
    162 3.867000 0.000000 0.228000 0.000000 0.000000 0.000000
    163 3.512001 -3.547000 -1.066000 0.000000 1.570796 0.000000
    164 3.456001 -3.517000 1.169000 0.000000 1.570796 0.000000
    165 6.233002 0.000000 0.000000 0.000000 0.000000 0.000000
    166 -0.171997 -0.106000 -0.902000 1.570713 1.029176 -3.134550
    167 6.241997 -6.380000 0.000000 -0.000072 -0.000755 -0.001306
    168 -3.106999 0.000000 0.669000 0.000000 0.000000 0.000000
    169 -3.106999 0.000000 0.741000 0.000000 0.000000 0.000000
    170 -3.252000 0.000000 0.540000 0.000000 0.000000 0.000000
    171 3.999434 -0.000528 -0.000332 0.103930 -0.000017 -0.000023
    172 3.999901 0.000038 0.001011 0.000006 -0.000001 -0.000001
    173 1.598000 0.000000 0.000000 0.000000 0.000000 0.000000
    174 -1.145525 0.000130 0.000668 0.000000 0.000000 0.000000
    175 2.299681 -2.499979 -0.599480 -0.000013 0.000013 -0.000003
    176 -9.580589 -27.860225 -37.179709 0.000147 -0.000010 -0.000139
    177 -9.580679 -27.862110 -37.184673 0.812879 -0.123459 -0.568477
    178 0.649933 -0.548295 0.093651 -1.665913 -0.131399 -0.112062
    179 0.657077 0.008401 0.040371 -1.665945 -0.131407 -0.000013
    180 0.665776 0.747221 -0.029190 -1.665935 -0.131408 0.094976
    181 2.300139 -2.499414 0.600159 -0.000027 0.000023 -0.000016
    182 -18.909335 -8.423168 0.002100 0.000054 -0.000014 -0.000002
    183 2.762354 0.116951 1.523975 1.629482 0.064153 1.743800
    184 7.228323 7.928203 -3.925652 2.328713 0.123459 -0.568477
    185 0.650394 -0.547730 -0.092979 1.665913 0.131399 -0.112062
    186 0.657069 0.008399 -0.040379 1.665945 0.131407 -0.000013
    187 0.665772 0.747219 0.029182 1.665935 0.131408 0.094976
    188 -4.481003 -0.202000 0.000000 0.000000 0.000000 0.000000
    189 -5.516998 -0.291000 -0.001000 0.000000 0.000000 0.000000
    190 -0.857697 0.104070 0.104687 0.023536 0.163924 0.013632
    191 1.899121 0.000427 -0.000439 0.027386 -0.033311 0.477848
    192 1.799658 -0.000240 0.000231 0.027386 -0.033311 0.477848
    193 1.799658 -0.000240 0.000231 0.027386 -0.033311 0.477848
    194 1.799658 -0.000240 0.000231 0.027386 -0.033311 0.477848
    195 1.900312 -0.000137 -0.000517 0.027386 -0.033311 0.477848
    196 1.899436 -0.000320 -0.000151 -0.027386 0.033311 0.477848
    197 1.799664 -0.000233 -0.000233 -0.027386 0.033311 0.477848
    198 1.799664 -0.000233 -0.000233 -0.027386 0.033311 0.477848
    199 1.799664 -0.000233 -0.000233 -0.027386 0.033311 0.477848
    200 1.900729 0.000549 -0.000072 -0.027386 0.033311 0.477848
    201 0.599884 0.400188 -0.000027 0.000000 0.000000 0.000000
    202 0.599888 0.400187 0.000031 0.000000 0.000000 0.000000
    203 0.599503 0.400696 0.000234 0.000000 0.000000 0.000000
    204 0.600399 0.399632 -0.000466 0.000000 0.000000 -0.000095
  time 14
    0 0.000000 0.000000 0.000000 0.000000 0.000000 -1.570796
    1 -0.106000 0.000000 64.320000 0.000000 0.000000 0.000000
    2 0.000000 0.000000 0.000000 0.000000 0.000000 0.000000
    3 -0.904000 0.000000 -11.806000 0.000000 0.000000 0.000000
    4 0.000000 0.000000 -14.313999 0.000000 0.000000 0.000000
    5 3.533001 0.000000 0.000000 0.000000 0.000000 0.000000
    6 6.250000 0.000000 0.000000 0.000000 0.000000 0.000000
    7 9.568951 -0.019507 -1.944020 -0.000078 0.000000 -0.000050
    8 9.174407 0.074246 1.654961 0.008797 -0.000547 0.015797
    9 5.786820 0.002787 -0.004020 -0.167440 0.055516 0.006498
    10 5.999492 -0.000592 -4.000343 0.000000 0.000000 0.000000
    11 5.791316 0.002582 0.004799 -0.000044 -0.000037 0.000114
    12 5.999492 -0.000592 4.000336 0.000000 0.000000 0.000000
    13 0.500225 0.000133 -0.000088 0.125921 0.000000 0.000000
    14 11.534559 0.004255 -0.001312 -0.000017 0.000009 -0.014004
    15 -0.829338 0.893824 0.079659 -0.148839 0.047645 0.087266
    16 0.500225 0.000132 0.000076 0.000000 0.000036 0.000000
    17 11.532495 0.004432 -0.000089 0.000006 -0.000022 -0.000011
    18 -0.829586 0.894698 -0.079464 0.045377 -0.019621 0.087266
    19 10.599884 0.000105 -0.000553 0.190023 -0.000024 -0.000060
    20 0.123572 -0.275181 -0.000805 0.000000 0.000011 0.006998
    21 11.042057 0.003717 0.000798 0.172556 -0.025722 -0.045289
    22 -1.214832 0.203470 -0.477489 -0.135025 -0.078677 -0.001289
    23 10.599880 0.000105 0.000549 0.000000 0.000000 0.000000
    24 0.127476 -0.275181 0.000801 0.000036 -0.000011 0.000034
    25 11.041742 0.003171 -0.000571 -0.000003 -0.000013 0.000103
    26 -1.063377 0.077663 0.150230 0.045121 0.020046 -0.012850
    27 0.610302 -0.939470 0.070343 -0.000050 -0.000039 -0.000018
    28 0.639940 -0.199121 0.060188 -0.000102 -0.000016 -0.000004
    29 0.600155 1.080261 -0.339535 -0.000053 -0.000015 0.000027
    30 0.610207 0.400743 -0.010101 -0.000108 0.000009 0.000003
    31 0.634715 -0.693997 -0.232343 -0.000009 0.000017 -0.000067
    32 -0.792125 0.203736 0.461300 1.439074 -0.003453 -0.018305
    33 0.610300 -0.939469 -0.070351 0.000050 -0.000009 -0.000018
    34 0.639937 -0.199121 -0.060200 0.000051 -0.000007 -0.000028
    35 0.600157 1.080259 0.339531 0.000053 -0.000021 -0.000009
    36 0.610205 0.400743 0.010086 0.000108 0.000003 -0.000021
    37 0.629883 -0.689453 0.230347 0.000000 0.000000 0.000000
    38 -0.626031 -0.069983 -0.080517 -1.447153 0.086151 0.021559
    39 2.621377 -0.002532 -0.001438 0.000015 -0.000044 -0.000023
    40 2.660837 0.000397 -0.000071 -0.000015 0.000007 0.000051
    41 2.206394 0.003368 -0.002863 0.000022 0.000004 0.000012
    42 0.599952 0.959240 -0.300102 -0.174544 0.000000 0.000000
    43 2.557190 -0.005873 0.002453 -0.000044 0.000023 0.000037
    44 2.095024 -0.003873 -0.006100 -0.000007 -0.000023 0.000006
    45 0.999380 -0.000236 -1.209370 -0.000001 0.000000 0.000000
    46 -0.122639 -0.721856 0.661690 -0.486644 0.223964 0.243056
    47 2.626019 -0.000648 0.002741 -0.000036 0.000002 0.000003
    48 2.657909 0.004589 -0.000533 0.000042 0.000027 0.000022
    49 2.203922 0.001663 0.004743 0.000000 -0.000013 -0.000008
    50 0.599951 0.959244 0.300102 0.174544 0.000000 0.000000
    51 2.552663 -0.004291 0.000554 -0.000002 0.000009 0.000037
    52 2.097656 -0.000093 -0.000404 0.000000 0.000000 0.000000
    53 0.999374 -0.000237 1.209362 0.000000 0.000000 0.000001
    54 0.310846 -0.606445 -0.498005 0.308107 -0.197598 0.313976
    55 1.869163 -0.004741 -0.000994 -0.000007 0.000004 0.000036
    56 1.200941 0.399582 -0.000237 -0.009465 0.016087 0.007127
    57 0.000586 0.100342 -0.000319 -0.120035 -0.021926 -0.209617
    58 -0.161663 0.051712 0.194808 -2.941982 0.122408 -0.060194
    59 2.010092 -0.003202 -0.003377 0.000018 0.000013 -0.000009
    60 0.000240 0.099802 -0.000395 -0.018823 0.010833 -0.239219
    61 -0.203197 0.048607 0.069150 -3.093332 0.033217 -0.046722
    62 1.180428 -0.006214 0.000780 -0.000026 0.000036 0.000009
    63 -0.000196 0.099625 -0.000034 0.000000 0.000000 -0.314102
    64 -0.088736 -0.688435 -0.145203 2.930407 -0.136130 0.513013
    65 1.707031 0.000721 -0.000195 0.000000 0.000000 0.000000
    66 -0.000580 0.100145 -0.000311 -0.010912 0.023129 -0.260841
    67 -0.146030 -0.232426 -0.014225 3.028455 -0.094299 0.113020
    68 1.290632 0.000362 -0.000032 0.000000 0.000000 0.000000
    69 -0.658121 -0.003575 0.072645 -0.142711 0.027792 -0.077299
    70 1.871986 -0.003049 0.002176 0.000003 -0.000057 0.000030
    71 1.200079 0.399944 -0.000093 0.009465 -0.016087 0.007127
    72 0.000591 0.100342 0.000319 0.120035 0.021926 -0.209617
    73 0.068077 0.002285 -0.080050 3.111376 -0.069366 -0.060847
    74 2.015780 -0.005083 0.006086 -0.000013 0.000011 0.000069
    75 0.000229 0.099802 0.000395 0.018823 -0.010833 -0.239219
    76 -0.018673 -0.001009 0.047544 3.109244 0.002635 -0.106673
    77 1.178665 0.001595 0.000845 0.000018 -0.000012 0.000029
    78 -0.000198 0.099628 0.000034 0.000000 0.000000 -0.314102
    79 0.036892 -0.634449 0.266284 -2.801062 0.174301 0.490914
    80 1.704350 -0.002506 -0.004592 -0.000010 0.000023 0.000017
    81 -0.000576 0.100136 0.000311 0.010912 -0.023129 -0.260841
    82 -0.003952 -0.281811 0.115047 -3.059162 0.089004 0.167964
    83 1.289627 0.003949 0.000061 -0.000014 0.000003 -0.000023
    84 -0.171528 -0.018148 -0.099873 0.013484 -0.062184 -0.011780
    85 0.919434 -0.000298 -0.000422 0.000000 0.000000 0.000000
    86 -0.342617 0.053404 -0.025571 -2.909301 -0.017248 0.075276
    87 1.100231 -0.000930 -0.002434 0.000009 0.000038 0.000010
    88 -0.384983 0.330998 0.006848 -3.087207 -0.018765 -0.184279
    89 0.678146 0.006192 -0.003905 0.000006 -0.000043 0.000055
    90 -0.123848 0.072737 0.029507 2.898184 -0.060627 0.094834
    91 1.017166 -0.000154 -0.000252 -0.000047 -0.000014 0.000037
    92 -0.344986 0.123129 0.143151 2.994981 0.012396 0.059140
    93 -0.730988 0.177046 0.039141 -0.123731 0.076518 -0.084310
    94 0.925900 0.001298 -0.000896 0.000034 -0.000035 0.000021
    95 -0.124027 -0.052092 0.038496 3.077813 -0.008519 0.039229
    96 1.100430 -0.007458 0.000503 -0.000006 -0.000006 -0.000014
    97 -0.330082 0.160641 0.042780 3.128073 0.034033 -0.171236
    98 0.675854 0.005438 0.003272 0.000014 0.000027 0.000010
    99 -0.019516 -0.016531 0.038578 -2.763781 0.050305 0.076828
    100 1.018891 0.001206 0.001121 -0.000018 0.000007 0.000038
    101 -0.155312 0.130643 -0.021921 -3.022466 0.022433 -0.024903
    102 -0.252209 0.061937 -0.024914 -0.007671 -0.063171 -0.044392
    103 -0.085991 0.185203 -0.015180 -2.937063 -0.113970 -0.138991
    104 -0.286537 0.179852 0.024264 -3.109353 -0.049645 -0.029915
    105 -0.019489 0.147084 0.079203 2.893815 0.038585 -0.060594
    106 -0.046482 0.251898 0.129548 3.016165 0.077112 -0.042864
    107 0.039120 -0.040298 0.047739 3.084219 0.030470 -0.037414
    108 -0.233757 0.066630 0.001754 -3.133086 0.040141 -0.065413
    109 0.044266 0.020128 0.001684 -2.778763 -0.118872 -0.040488
    110 0.071495 0.074127 -0.048302 -3.035917 -0.059482 0.104366
    111 0.062502 -3.363384 54.314157 0.000765 -0.009176 -1.586203
    112 -8.195563 -27.524277 39.778558 2.336441 0.127712 -2.122422
    113 -1.142999 -0.001000 0.273999 0.000000 0.000000 1.570816
    114 -0.943998 0.000000 1.776996 0.000000 0.000000 0.000000
    115 2.039996 -0.296999 1.310997 0.000000 0.000000 -1.570817
    116 -0.653999 0.000000 -1.549997 0.000000 0.000000 0.000000
    117 4.078125 0.000000 -0.139893 0.000000 0.000000 0.000000
    118 1.636719 0.000000 -0.501953 0.000000 0.000000 0.000000
    119 2.437500 0.000000 0.764648 0.000000 0.000000 0.000000
    120 -0.898998 0.000000 -1.088998 0.000000 0.000000 0.000000
    121 2.025996 -0.001000 0.680999 0.000000 0.000000 1.570816
    122 0.000000 0.000000 0.000000 0.000000 0.000000 -1.570816
    123 0.711998 0.439999 -0.805998 0.000000 0.000000 1.570815
    124 -1.474998 0.000000 0.073000 0.000000 0.000000 1.570816
    125 1.889997 0.409999 0.284999 1.570815 0.000000 0.000000
    126 0.000000 0.000000 0.000000 0.000000 0.000000 0.000000
    127 -0.106000 0.000000 64.320000 0.000000 0.000000 0.000000
    128 0.000000 0.000000 0.000000 0.000000 0.000000 0.000000
    129 0.000000 0.000000 0.000000 0.000647 0.001127 -0.000060
    130 14.133489 -0.085454 0.215929 0.000842 -0.009204 -0.015450
    131 0.106000 0.000000 -64.320000 0.000000 0.000000 0.000000
    132 0.000000 0.000000 0.000000 0.000000 0.000000 0.000000
    133 0.000000 0.000000 -4.867002 0.000000 0.000000 0.000000
    134 0.000000 0.000000 4.867000 0.000000 0.000000 0.000000
    135 4.000000 -6.500000 0.000000 0.000000 0.000000 0.000000
    136 -6.500000 0.000000 0.000000 0.000000 0.000000 0.000000
    137 1.000088 -0.000029 0.000000 0.000000 0.000000 0.000000
    138 17.162516 -0.000404 0.000000 0.000000 0.000000 0.000000
    139 9.999891 -0.000303 0.000000 0.000000 0.000000 0.000000
    140 1.000088 -0.000029 0.000000 0.000000 0.000000 0.000000
    141 17.162516 -0.000404 0.000000 0.000000 0.000000 0.000000
    142 9.499836 0.000212 0.000000 0.000000 0.000000 0.000000
    143 0.000000 0.000000 0.000000 0.000000 0.000000 0.000000
    144 17.749374 0.295515 0.000000 0.000000 0.000000 0.000000
    145 0.017889 0.299792 0.000000 0.000000 0.000000 0.000000
    146 12.283573 1.581456 -4.696000 1.462269 -0.086726 0.090185
    147 17.749376 0.295515 0.000000 0.000000 0.000000 0.000000
    148 0.017889 0.299792 0.000000 0.000000 0.000000 0.000000
    149 13.354000 0.000000 0.000000 0.000000 0.000000 0.000000
    150 4.530998 0.000000 0.000000 0.000000 0.000000 0.000000
    151 0.000000 0.000000 0.000000 0.000000 0.000000 0.000000
    152 5.413524 0.000347 0.000000 0.000000 0.000000 0.000000
    153 5.413524 0.000347 0.000000 0.000000 0.000000 0.000000
    154 4.662002 -5.366333 4.825191 1.569713 1.561305 -3.121213
    155 3.116966 -0.000443 0.000000 0.000000 0.000000 0.000000
    156 0.000000 0.000000 0.000000 0.000000 0.000000 0.000000
    157 -1.607000 0.000000 0.565000 0.000000 0.314158 0.000000
    158 -1.605469 0.000000 0.564453 0.000000 0.314158 0.000000
    159 -1.533000 0.000000 1.131000 -0.262473 -0.000006 1.570754
    160 -1.532227 0.000000 1.130859 -0.262470 -0.000006 1.570749
    161 0.000000 -0.001000 0.000000 0.000000 0.000000 0.000000
    162 3.867000 0.000000 0.228000 0.000000 0.000000 0.000000
    163 3.512001 -3.547000 -1.066000 0.000000 1.570796 0.000000
    164 3.456001 -3.517000 1.169000 0.000000 1.570796 0.000000
    165 6.233002 0.000000 0.000000 0.000000 0.000000 0.000000
    166 -0.171997 -0.106000 -0.902000 1.570713 1.029176 -3.134550
    167 6.241997 -6.380000 0.000000 -0.000060 -0.000647 -0.001127
    168 -3.106999 0.000000 0.669000 0.000000 0.000000 0.000000
    169 -3.106999 0.000000 0.741000 0.000000 0.000000 0.000000
    170 -3.252000 0.000000 0.540000 0.000000 0.000000 0.000000
    171 3.999434 -0.000528 -0.000332 0.094972 -0.000017 -0.000023
    172 3.999901 0.000038 0.001011 0.000006 -0.000001 -0.000001
    173 1.598000 0.000000 0.000000 0.000000 0.000000 0.000000
    174 -1.145525 0.000130 0.000668 0.000000 0.000000 0.000000
    175 2.299681 -2.499979 -0.599480 -0.000013 0.000013 -0.000003
    176 -9.580589 -27.860225 -37.179709 0.000147 -0.000010 -0.000139
    177 -9.580679 -27.862110 -37.184673 0.812879 -0.123459 -0.568477
    178 0.649933 -0.548295 0.093651 -1.665913 -0.131399 -0.112062
    179 0.657077 0.008401 0.040371 -1.665945 -0.131407 -0.000013
    180 0.665776 0.747221 -0.029190 -1.665935 -0.131408 0.094976
    181 2.300139 -2.499414 0.600159 -0.000027 0.000023 -0.000016
    182 -18.909335 -8.427074 0.002100 0.000054 -0.000014 0.000022
    183 2.762354 0.116951 1.523975 1.629482 0.064153 1.743800
    184 7.228323 7.928203 -3.925652 2.328713 0.123459 -0.568477
    185 0.650394 -0.547730 -0.092979 1.665913 0.131399 -0.112062
    186 0.657069 0.008399 -0.040379 1.665945 0.131407 -0.000013
    187 0.665772 0.747219 0.029182 1.665935 0.131408 0.094976
    188 -4.481003 -0.202000 0.000000 0.000000 0.000000 0.000000
    189 -5.516998 -0.291000 -0.001000 0.000000 0.000000 0.000000
    190 -0.857697 0.104070 0.104687 0.023536 0.163924 0.013632
    191 1.899121 0.000427 -0.000439 0.027386 -0.033311 0.477848
    192 1.799658 -0.000240 0.000231 0.027386 -0.033311 0.477848
    193 1.799658 -0.000240 0.000231 0.027386 -0.033311 0.477848
    194 1.799658 -0.000240 0.000231 0.027386 -0.033311 0.477848
    195 1.900312 -0.000137 -0.000517 0.027386 -0.033311 0.477848
    196 1.899436 -0.000320 -0.000151 -0.027386 0.033311 0.477848
    197 1.799664 -0.000233 -0.000233 -0.027386 0.033311 0.477848
    198 1.799664 -0.000233 -0.000233 -0.027386 0.033311 0.477848
    199 1.799664 -0.000233 -0.000233 -0.027386 0.033311 0.477848
    200 1.900729 0.000549 -0.000072 -0.027386 0.033311 0.477848
    201 0.599884 0.400188 -0.000027 0.000000 0.000000 0.000000
    202 0.599888 0.400187 0.000031 0.000000 0.000000 0.000000
    203 0.599503 0.400696 0.000234 0.000000 0.000000 0.000000
    204 0.600399 0.399632 -0.000466 0.000000 0.000000 -0.000095
  time 15
    0 0.000000 0.000000 0.000000 0.000000 0.000000 -1.570796
    1 -0.106000 0.000000 64.320000 0.000000 0.000000 0.000000
    2 0.000000 0.000000 0.000000 0.000000 0.000000 0.000000
    3 -0.904000 0.000000 -11.806000 0.000000 0.000000 0.000000
    4 0.000000 0.000000 -14.313999 0.000000 0.000000 0.000000
    5 3.533001 0.000000 0.000000 0.000000 0.000000 0.000000
    6 6.250000 0.000000 0.000000 0.000000 0.000000 0.000000
    7 9.568951 -0.019507 -1.944020 -0.000078 0.000000 -0.000050
    8 9.006433 0.125029 1.729182 0.013867 -0.020956 0.013614
    9 5.786820 0.002787 -0.004020 -0.135983 0.043689 0.015582
    10 5.999492 -0.000592 -4.000343 0.000000 0.000000 0.000000
    11 5.787410 0.002582 0.000893 -0.000044 -0.000037 0.000114
    12 5.999492 -0.000592 4.000336 0.000000 0.000000 0.000000
    13 0.500225 0.000133 -0.000088 0.102038 0.000000 0.000000
    14 11.534559 0.000348 -0.001312 -0.000017 0.000009 -0.028958
    15 -0.829338 0.893824 0.079659 -0.148839 0.047645 0.087266
    16 0.500225 0.000132 0.000076 0.000000 0.000036 0.000000
    17 11.532495 0.004432 -0.000089 0.000006 -0.000022 -0.000011
    18 -0.829586 0.894698 -0.079464 0.045377 -0.019621 0.087266
    19 10.599884 0.000105 -0.000553 0.172144 -0.000048 -0.000060
    20 0.119665 -0.275181 -0.000805 0.000072 -0.000061 0.014501
    21 11.042057 0.003717 0.000798 0.161151 -0.029473 -0.033530
    22 -1.214832 0.203470 -0.477489 -0.135025 -0.078677 -0.001289
    23 10.599880 0.000105 0.000549 0.000000 0.000000 0.000000
    24 0.123570 -0.275181 0.000801 0.000036 -0.000011 0.000034
    25 11.041742 0.003171 -0.000571 -0.000003 -0.000013 0.000103
    26 -1.063377 0.077663 0.150230 0.045121 0.020046 -0.012850
    27 0.610302 -0.939470 0.070343 -0.000050 -0.000039 -0.000018
    28 0.639940 -0.199121 0.060188 -0.000051 -0.000016 -0.000004
    29 0.600155 1.080261 -0.339535 -0.000053 -0.000015 0.000027
    30 0.610207 0.400743 -0.010101 -0.000108 -0.000003 0.000003
    31 0.634715 -0.693997 -0.232343 -0.000021 0.000017 -0.000067
    32 -0.792125 0.203736 0.461300 1.439074 -0.003453 -0.018305
    33 0.610300 -0.939469 -0.070351 0.000050 0.000003 -0.000018
    34 0.639937 -0.199121 -0.060200 0.000051 -0.000007 -0.000028
    35 0.600157 1.080259 0.339531 0.000053 -0.000021 0.000003
    36 0.610205 0.400743 0.010086 0.000108 0.000003 -0.000021
    37 0.629883 -0.689453 0.230347 0.000000 0.000000 0.000000
    38 -0.626031 -0.069983 -0.080517 -1.447153 0.086151 0.021559
    39 2.621377 -0.002532 -0.005345 0.000015 -0.000044 -0.000023
    40 2.660837 0.000397 -0.000071 -0.000015 0.000007 0.000051
    41 2.206394 0.003368 -0.006769 0.000010 0.000004 0.000012
    42 0.599952 0.959240 -0.300102 -0.174544 0.000000 0.000000
    43 2.557190 -0.005873 0.006359 -0.000030 0.000023 0.000037
    44 2.095024 -0.003873 -0.006100 -0.000007 -0.000002 0.000006
    45 0.999380 -0.000236 -1.209370 -0.000001 0.000000 0.000000
    46 -0.122639 -0.721856 0.661690 -0.486644 0.223964 0.243056
    47 2.622113 -0.000648 0.002741 -0.000036 0.000002 0.000003
    48 2.657909 0.004589 -0.000533 0.000042 0.000027 0.000022
    49 2.200016 0.001663 0.000836 0.000000 -0.000013 -0.000008
    50 0.599951 0.959244 0.300102 0.174544 0.000000 0.000000
    51 2.552663 -0.000385 0.000554 -0.000002 0.000009 0.000037
    52 2.097656 -0.000093 -0.000404 0.000000 0.000000 0.000000
    53 0.999374 -0.000237 1.209362 0.000000 0.000000 0.000001
    54 0.310846 -0.606445 -0.498005 0.308107 -0.197598 0.313976
    55 1.873069 -0.004741 -0.000994 -0.000007 0.000004 0.000036
    56 1.200941 0.399582 -0.000237 -0.009465 0.016087 0.007127
    57 0.000586 0.100342 -0.000319 -0.120035 -0.021926 -0.209617
    58 -0.161663 0.051712 0.194808 -2.941982 0.122408 -0.060194
    59 2.010092 -0.003202 -0.007284 0.000018 0.000013 0.000026
    60 0.000240 0.099802 -0.000395 -0.018823 0.010833 -0.239219
    61 -0.203197 0.048607 0.069150 -3.093332 0.033217 -0.046722
    62 1.180428 -0.006214 0.000780 -0.000026 0.000024 0.000009
    63 -0.000196 0.099625 -0.000034 0.000000 0.000000 -0.314102
    64 -0.088736 -0.688435 -0.145203 2.930407 -0.136130 0.513013
    65 1.707031 0.000721 -0.000195 0.000000 0.000000 0.000000
    66 -0.000580 0.100145 -0.000311 -0.010912 0.023129 -0.260841
    67 -0.146030 -0.232426 -0.014225 3.028455 -0.094299 0.113020
    68 1.290632 0.000362 -0.000032 0.000000 0.000000 0.000000
    69 -0.658121 -0.003575 0.072645 -0.142711 0.027792 -0.077299
    70 1.871986 -0.003049 0.006083 0.000003 -0.000045 0.000030
    71 1.200079 0.399944 -0.000093 0.009465 -0.016087 0.007127
    72 0.000591 0.100342 0.000319 0.120035 0.021926 -0.209617
    73 0.068077 0.002285 -0.080050 3.111376 -0.069366 -0.060847
    74 2.015780 -0.005083 0.006086 -0.000013 -0.000001 0.000069
    75 0.000229 0.099802 0.000395 0.018823 -0.010833 -0.239219
    76 -0.018673 -0.001009 0.047544 3.109244 0.002635 -0.106673
    77 1.178665 0.001595 0.000845 0.000018 -0.000012 0.000029
    78 -0.000198 0.099628 0.000034 0.000000 0.000000 -0.314102
    79 0.036892 -0.634449 0.266284 -2.801062 0.174301 0.490914
    80 1.704350 -0.002506 -0.004592 -0.000010 0.000023 0.000017
    81 -0.000576 0.100136 0.000311 0.010912 -0.023129 -0.260841
    82 -0.003952 -0.281811 0.115047 -3.059162 0.089004 0.167964
    83 1.289627 0.003949 0.000061 -0.000014 0.000003 0.000003
    84 -0.171528 -0.018148 -0.099873 0.013484 -0.062184 -0.011780
    85 0.919434 -0.000298 -0.000422 0.000000 0.000000 0.000000
    86 -0.342617 0.053404 -0.025571 -2.909301 -0.017248 0.075276
    87 1.100231 -0.000930 -0.002434 0.000009 0.000038 0.000010
    88 -0.384983 0.330998 0.006848 -3.087207 -0.018765 -0.184279
    89 0.678146 0.006192 0.000002 0.000006 -0.000043 0.000055
    90 -0.123848 0.072737 0.029507 2.898184 -0.060627 0.094834
    91 1.017166 -0.000154 -0.000252 -0.000035 -0.000014 0.000037
    92 -0.344986 0.123129 0.143151 2.994981 0.012396 0.059140
    93 -0.730988 0.177046 0.039141 -0.123731 0.076518 -0.084310
    94 0.925900 0.001298 -0.000896 0.000022 -0.000035 0.000021
    95 -0.124027 -0.052092 0.038496 3.077813 -0.008519 0.039229
    96 1.100430 -0.007458 0.000503 -0.000006 -0.000006 -0.000014
    97 -0.330082 0.160641 0.042780 3.128073 0.034033 -0.171236
    98 0.675854 0.005438 0.003272 0.000014 0.000027 0.000010
    99 -0.019516 -0.016531 0.038578 -2.763781 0.050305 0.076828
    100 1.018891 0.001206 0.001121 -0.000018 0.000007 0.000038
    101 -0.155312 0.130643 -0.021921 -3.022466 0.022433 -0.024903
    102 -0.252209 0.061937 -0.024914 -0.007671 -0.063171 -0.044392
    103 -0.085991 0.185203 -0.015180 -2.937063 -0.113970 -0.138991
    104 -0.286537 0.179852 0.024264 -3.109353 -0.049645 -0.029915
    105 -0.019489 0.147084 0.079203 2.893815 0.038585 -0.060594
    106 -0.046482 0.251898 0.129548 3.016165 0.077112 -0.042864
    107 0.039120 -0.040298 0.047739 3.084219 0.030470 -0.037414
    108 -0.233757 0.066630 0.001754 -3.133086 0.040141 -0.065413
    109 0.044266 0.020128 0.001684 -2.778763 -0.118872 -0.040488
    110 0.071495 0.074127 -0.048302 -3.035917 -0.059482 0.104366
    111 0.074221 -3.312601 54.294626 0.021143 -0.013811 -1.584242
    112 -8.164312 -27.336772 40.001221 2.351627 0.113248 -2.122607
    113 -1.142999 -0.001000 0.273999 0.000000 0.000000 1.570816
    114 -0.943998 0.000000 1.776996 0.000000 0.000000 0.000000
    115 2.039996 -0.296999 1.310997 0.000000 0.000000 -1.570817
    116 -0.653999 0.000000 -1.549997 0.000000 0.000000 0.000000
    117 4.078125 0.000000 -0.139893 0.000000 0.000000 0.000000
    118 1.636719 0.000000 -0.501953 0.000000 0.000000 0.000000
    119 2.437500 0.000000 0.764648 0.000000 0.000000 0.000000
    120 -0.898998 0.000000 -1.088998 0.000000 0.000000 0.000000
    121 2.025996 -0.001000 0.680999 0.000000 0.000000 1.570816
    122 0.000000 0.000000 0.000000 0.000000 0.000000 -1.570816
    123 0.711998 0.439999 -0.805998 0.000000 0.000000 1.570815
    124 -1.474998 0.000000 0.073000 0.000000 0.000000 1.570816
    125 1.889997 0.409999 0.284999 1.570815 0.000000 0.000000
    126 0.000000 0.000000 0.000000 0.000000 0.000000 0.000000
    127 -0.106000 0.000000 64.320000 0.000000 0.000000 0.000000
    128 0.000000 0.000000 0.000000 0.000000 0.000000 0.000000
    129 0.000000 0.000000 0.000000 0.000527 0.000935 -0.000060
    130 14.082706 -0.019046 0.239367 0.021250 -0.013744 -0.013396
    131 0.106000 0.000000 -64.320000 0.000000 0.000000 0.000000
    132 0.000000 0.000000 0.000000 0.000000 0.000000 0.000000
    133 0.000000 0.000000 -4.867002 0.000000 0.000000 0.000000
    134 0.000000 0.000000 4.867000 0.000000 0.000000 0.000000
    135 4.000000 -6.500000 0.000000 0.000000 0.000000 0.000000
    136 -6.500000 0.000000 0.000000 0.000000 0.000000 0.000000
    137 1.000088 -0.000029 0.000000 0.000000 0.000000 0.000000
    138 17.162516 -0.000404 0.000000 0.000000 0.000000 0.000000
    139 9.999891 -0.000303 0.000000 0.000000 0.000000 0.000000
    140 1.000088 -0.000029 0.000000 0.000000 0.000000 0.000000
    141 17.162516 -0.000404 0.000000 0.000000 0.000000 0.000000
    142 9.499836 0.000212 0.000000 0.000000 0.000000 0.000000
    143 0.000000 0.000000 0.000000 0.000000 0.000000 0.000000
    144 17.749374 0.295515 0.000000 0.000000 0.000000 0.000000
    145 0.017889 0.299792 0.000000 0.000000 0.000000 0.000000
    146 12.283573 1.581456 -4.696000 1.462269 -0.086726 0.090185
    147 17.749376 0.295515 0.000000 0.000000 0.000000 0.000000
    148 0.017889 0.299792 0.000000 0.000000 0.000000 0.000000
    149 13.354000 0.000000 0.000000 0.000000 0.000000 0.000000
    150 4.530998 0.000000 0.000000 0.000000 0.000000 0.000000
    151 0.000000 0.000000 0.000000 0.000000 0.000000 0.000000
    152 5.413524 0.000347 0.000000 0.000000 0.000000 0.000000
    153 5.413524 0.000347 0.000000 0.000000 0.000000 0.000000
    154 4.662002 -5.366333 4.825191 1.569713 1.561305 -3.121213
    155 3.116966 -0.000443 0.000000 0.000000 0.000000 0.000000
    156 0.000000 0.000000 0.000000 0.000000 0.000000 0.000000
    157 -1.607000 0.000000 0.565000 0.000000 0.314158 0.000000
    158 -1.605469 0.000000 0.564453 0.000000 0.314158 0.000000
    159 -1.533000 0.000000 1.131000 -0.262473 -0.000006 1.570754
    160 -1.532227 0.000000 1.130859 -0.262470 -0.000006 1.570749
    161 0.000000 -0.001000 0.000000 0.000000 0.000000 0.000000
    162 3.867000 0.000000 0.228000 0.000000 0.000000 0.000000
    163 3.512001 -3.547000 -1.066000 0.000000 1.570796 0.000000
    164 3.456001 -3.517000 1.169000 0.000000 1.570796 0.000000
    165 6.233002 0.000000 0.000000 0.000000 0.000000 0.000000
    166 -0.171997 -0.106000 -0.902000 1.570713 1.029176 -3.134550
    167 6.241997 -6.380000 0.000000 -0.000060 -0.000527 -0.000935
    168 -3.106999 0.000000 0.669000 0.000000 0.000000 0.000000
    169 -3.106999 0.000000 0.741000 0.000000 0.000000 0.000000
    170 -3.252000 0.000000 0.540000 0.000000 0.000000 0.000000
    171 3.999434 -0.000528 -0.000332 0.086014 -0.000017 -0.000023
    172 3.999901 0.000038 0.001011 0.000006 -0.000001 -0.000001
    173 1.598000 0.000000 0.000000 0.000000 0.000000 0.000000
    174 -1.145525 0.000130 0.000668 0.000000 0.000000 0.000000
    175 2.299681 -2.499979 -0.599480 -0.000013 0.000013 -0.000003
    176 -9.580589 -27.856319 -37.179709 0.000147 -0.000010 -0.000139
    177 -9.580679 -27.862110 -37.184673 0.812879 -0.123459 -0.568477
    178 0.649933 -0.548295 0.093651 -1.665913 -0.131399 -0.112062
    179 0.657077 0.008401 0.040371 -1.665945 -0.131407 -0.000013
    180 0.665776 0.747221 -0.029190 -1.665935 -0.131408 0.094976
    181 2.300139 -2.499414 0.600159 -0.000027 -0.000001 -0.000016
    182 -18.905429 -8.427074 0.006006 0.000054 -0.000014 0.000022
    183 2.762354 0.116951 1.523975 1.629482 0.064153 1.743800
    184 7.228323 7.928203 -3.925652 2.328713 0.123459 -0.568477
    185 0.650394 -0.547730 -0.092979 1.665913 0.131399 -0.112062
    186 0.657069 0.008399 -0.040379 1.665945 0.131407 -0.000013
    187 0.665772 0.747219 0.029182 1.665935 0.131408 0.094976
    188 -4.481003 -0.202000 0.000000 0.000000 0.000000 0.000000
    189 -5.516998 -0.291000 -0.001000 0.000000 0.000000 0.000000
    190 -0.857697 0.104070 0.104687 0.023536 0.163924 0.013632
    191 1.899121 0.000427 -0.000439 0.027386 -0.033311 0.477848
    192 1.799658 -0.000240 0.000231 0.027386 -0.033311 0.477848
    193 1.799658 -0.000240 0.000231 0.027386 -0.033311 0.477848
    194 1.799658 -0.000240 0.000231 0.027386 -0.033311 0.477848
    195 1.900312 -0.000137 -0.000517 0.027386 -0.033311 0.477848
    196 1.899436 -0.000320 -0.000151 -0.027386 0.033311 0.477848
    197 1.799664 -0.000233 -0.000233 -0.027386 0.033311 0.477848
    198 1.799664 -0.000233 -0.000233 -0.027386 0.033311 0.477848
    199 1.799664 -0.000233 -0.000233 -0.027386 0.033311 0.477848
    200 1.900729 0.000549 -0.000072 -0.027386 0.033311 0.477848
    201 0.599884 0.400188 -0.000027 0.000000 0.000000 0.000000
    202 0.599888 0.400187 0.000031 0.000000 0.000000 0.000000
    203 0.599503 0.400696 0.000234 0.000000 0.000000 0.000000
    204 0.600399 0.399632 -0.000466 0.000000 0.000000 -0.000095
  time 16
    0 0.000000 0.000000 0.000000 0.000000 0.000000 -1.570796
    1 -0.106000 0.000000 64.320000 0.000000 0.000000 0.000000
    2 0.000000 0.000000 0.000000 0.000000 0.000000 0.000000
    3 -0.904000 0.000000 -11.806000 0.000000 0.000000 0.000000
    4 0.000000 0.000000 -14.313999 0.000000 0.000000 0.000000
    5 3.533001 0.000000 0.000000 0.000000 0.000000 0.000000
    6 6.250000 0.000000 0.000000 0.000000 0.000000 0.000000
    7 9.568951 -0.019507 -1.944020 -0.000078 0.000000 -0.000050
    8 9.119718 0.031276 1.838560 0.012853 -0.003930 0.010293
    9 5.786820 0.002787 -0.004020 -0.109518 0.036513 0.003397
    10 5.999492 -0.000592 -4.000343 0.000000 0.000000 0.000000
    11 5.791316 0.002582 0.004799 -0.000044 -0.000037 0.000114
    12 5.999492 -0.000592 4.000336 0.000000 0.000000 0.000000
    13 0.500225 0.000133 -0.000088 0.083309 0.000000 0.000000
    14 11.534559 0.004255 -0.001312 0.000043 0.000009 -0.003619
    15 -0.829338 0.893824 0.079659 -0.148839 0.047645 0.087266
    16 0.500225 0.000132 0.000076 0.000000 0.000036 0.000000
    17 11.536401 0.004432 -0.000089 0.000006 -0.000022 -0.000011
    18 -0.829586 0.894698 -0.079464 0.045377 -0.019621 0.087266
    19 10.599884 0.000105 -0.000553 0.134269 -0.000024 -0.000012
    20 0.119665 -0.275181 -0.000805 0.000036 -0.000025 0.000389
    21 11.042057 0.003717 0.000798 0.117652 -0.015270 -0.039387
    22 -1.214832 0.203470 -0.477489 -0.135025 -0.078677 -0.001289
    23 10.599880 0.000105 0.000549 0.000000 0.000000 0.000000
    24 0.123570 -0.275181 0.000801 0.000024 -0.000011 0.000034
    25 11.041742 0.003171 -0.000571 -0.000003 -0.000013 0.000103
    26 -1.063377 0.077663 0.150230 0.045121 0.020046 -0.012850
    27 0.610302 -0.939470 0.070343 -0.000050 -0.000039 -0.000018
    28 0.639940 -0.199121 0.060188 -0.000051 -0.000016 -0.000004
    29 0.600155 1.080261 -0.339535 -0.000053 -0.000015 0.000027
    30 0.610207 0.400743 -0.010101 -0.000108 -0.000003 0.000003
    31 0.634715 -0.693997 -0.236250 0.000004 0.000017 -0.000067
    32 -0.792125 0.203736 0.461300 1.439074 -0.003453 -0.018305
    33 0.610300 -0.939469 -0.070351 0.000050 0.000003 -0.000018
    34 0.639937 -0.199121 -0.060200 0.000051 0.000005 -0.000028
    35 0.600157 1.080259 0.339531 0.000053 -0.000021 0.000003
    36 0.610205 0.400743 0.010086 0.000108 0.000003 -0.000009
    37 0.629883 -0.689453 0.230347 0.000000 0.000000 0.000000
    38 -0.626031 -0.069983 -0.080517 -1.447153 0.086151 0.021559
    39 2.621377 -0.002532 -0.005345 0.000015 -0.000019 -0.000023
    40 2.660837 0.000397 -0.000071 -0.000015 -0.000005 0.000051
    41 2.206394 0.003368 -0.002863 0.000010 0.000004 0.000012
    42 0.599952 0.959240 -0.300102 -0.174544 0.000000 0.000000
    43 2.553283 -0.005873 0.006359 -0.000030 0.000023 0.000037
    44 2.095024 -0.003873 -0.006100 -0.000007 -0.000002 0.000006
    45 0.999380 -0.000236 -1.209370 -0.000001 0.000000 0.000000
    46 -0.122639 -0.721856 0.661690 -0.486644 0.223964 0.243056
    47 2.622113 -0.000648 0.006647 -0.000036 0.000002 0.000003
    48 2.657909 0.004589 -0.000533 0.000042 0.000027 0.000022
    49 2.200016 0.001663 0.004743 0.000000 -0.000013 -0.000008
    50 0.599951 0.959244 0.300102 0.174544 0.000000 0.000000
    51 2.556570 -0.004291 0.000554 -0.000002 0.000009 0.000037
    52 2.097656 -0.000093 -0.000404 0.000000 0.000000 0.000000
    53 0.999374 -0.000237 1.209362 0.000000 0.000000 0.000001
    54 0.310846 -0.606445 -0.498005 0.308107 -0.197598 0.313976
    55 1.873069 -0.004741 -0.004901 -0.000007 0.000004 0.000036
    56 1.200941 0.399582 -0.000237 -0.009465 0.016087 0.007127
    57 0.000586 0.100342 -0.000319 -0.120035 -0.021926 -0.209617
    58 -0.161663 0.051712 0.194808 -2.941982 0.122408 -0.060194
    59 2.010092 -0.003202 -0.007284 0.000018 0.000013 0.000026
    60 0.000240 0.099802 -0.000395 -0.018823 0.010833 -0.239219
    61 -0.203197 0.048607 0.069150 -3.093332 0.033217 -0.046722
    62 1.180428 -0.006214 0.000780 -0.000026 0.000024 0.000009
    63 -0.000196 0.099625 -0.000034 0.000000 0.000000 -0.314102
    64 -0.088736 -0.688435 -0.145203 2.930407 -0.136130 0.513013
    65 1.707031 0.000721 -0.000195 0.000000 0.000000 0.000000
    66 -0.000580 0.100145 -0.000311 -0.010912 0.023129 -0.260841
    67 -0.146030 -0.232426 -0.014225 3.028455 -0.094299 0.113020
    68 1.290632 0.000362 -0.000032 0.000000 0.000000 0.000000
    69 -0.658121 -0.003575 0.072645 -0.142711 0.027792 -0.077299
    70 1.868080 -0.003049 0.002176 0.000003 -0.000045 0.000030
    71 1.200079 0.399944 -0.000093 0.009465 -0.016087 0.007127
    72 0.000591 0.100342 0.000319 0.120035 0.021926 -0.209617
    73 0.068077 0.002285 -0.080050 3.111376 -0.069366 -0.060847
    74 2.011874 -0.005083 0.006086 -0.000013 -0.000001 0.000069
    75 0.000229 0.099802 0.000395 0.018823 -0.010833 -0.239219
    76 -0.018673 -0.001009 0.047544 3.109244 0.002635 -0.106673
    77 1.178665 0.001595 0.000845 0.000018 -0.000012 0.000029
    78 -0.000198 0.099628 0.000034 0.000000 0.000000 -0.314102
    79 0.036892 -0.634449 0.266284 -2.801062 0.174301 0.490914
    80 1.704350 -0.002506 -0.004592 -0.000010 0.000023 0.000017
    81 -0.000576 0.100136 0.000311 0.010912 -0.023129 -0.260841
    82 -0.003952 -0.281811 0.115047 -3.059162 0.089004 0.167964
    83 1.289627 0.003949 0.000061 -0.000014 0.000003 0.000003
    84 -0.171528 -0.018148 -0.099873 0.013484 -0.062184 -0.011780
    85 0.919434 -0.000298 -0.000422 0.000000 0.000000 0.000000
    86 -0.342617 0.053404 -0.025571 -2.909301 -0.017248 0.075276
    87 1.100231 -0.000930 -0.002434 0.000009 0.000038 0.000010
    88 -0.384983 0.330998 0.006848 -3.087207 -0.018765 -0.184279
    89 0.678146 0.006192 -0.003905 0.000006 -0.000043 0.000055
    90 -0.123848 0.072737 0.029507 2.898184 -0.060627 0.094834
    91 1.017166 -0.000154 -0.000252 -0.000035 -0.000014 0.000037
    92 -0.344986 0.123129 0.143151 2.994981 0.012396 0.059140
    93 -0.730988 0.177046 0.039141 -0.123731 0.076518 -0.084310
    94 0.925900 0.001298 -0.000896 0.000022 -0.000035 0.000021
    95 -0.124027 -0.052092 0.038496 3.077813 -0.008519 0.039229
    96 1.100430 -0.007458 0.000503 -0.000006 -0.000006 -0.000014
    97 -0.330082 0.160641 0.042780 3.128073 0.034033 -0.171236
    98 0.675854 0.005438 0.003272 0.000014 0.000027 0.000010
    99 -0.019516 -0.016531 0.038578 -2.763781 0.050305 0.076828
    100 1.014985 0.001206 0.001121 -0.000018 0.000007 0.000038
    101 -0.155312 0.130643 -0.021921 -3.022466 0.022433 -0.024903
    102 -0.252209 0.061937 -0.024914 -0.007671 -0.063171 -0.044392
    103 -0.085991 0.185203 -0.015180 -2.937063 -0.113970 -0.138991
    104 -0.286537 0.179852 0.024264 -3.109353 -0.049645 -0.029915
    105 -0.019489 0.147084 0.079203 2.893815 0.038585 -0.060594
    106 -0.046482 0.251898 0.129548 3.016165 0.077112 -0.042864
    107 0.039120 -0.040298 0.047739 3.084219 0.030470 -0.037414
    108 -0.233757 0.066630 0.001754 -3.133086 0.040141 -0.065413
    109 0.044266 0.020128 0.001684 -2.778763 -0.118872 -0.040488
    110 0.071495 0.074127 -0.048302 -3.035917 -0.059482 0.104366
    111 0.058596 -3.394635 54.310251 0.004210 -0.012827 -1.580694
    112 -8.293222 -27.414899 39.958251 2.341528 0.126875 -2.127215
    113 -1.142999 -0.001000 0.273999 0.000000 0.000000 1.570816
    114 -0.943998 0.000000 1.776996 0.000000 0.000000 0.000000
    115 2.039996 -0.296999 1.310997 0.000000 0.000000 -1.570817
    116 -0.653999 0.000000 -1.549997 0.000000 0.000000 0.000000
    117 4.078125 0.000000 -0.139893 0.000000 0.000000 0.000000
    118 1.636719 0.000000 -0.501953 0.000000 0.000000 0.000000
    119 2.437500 0.000000 0.764648 0.000000 0.000000 0.000000
    120 -0.898998 0.000000 -1.088998 0.000000 0.000000 0.000000
    121 2.025996 -0.001000 0.680999 0.000000 0.000000 1.570816
    122 0.000000 0.000000 0.000000 0.000000 0.000000 -1.570816
    123 0.711998 0.439999 -0.805998 0.000000 0.000000 1.570815
    124 -1.474998 0.000000 0.073000 0.000000 0.000000 1.570816
    125 1.889997 0.409999 0.284999 1.570815 0.000000 0.000000
    126 0.000000 0.000000 0.000000 0.000000 0.000000 0.000000
    127 -0.106000 0.000000 64.320000 0.000000 0.000000 0.000000
    128 0.000000 0.000000 0.000000 0.000000 0.000000 0.000000
    129 0.000000 0.000000 0.000000 0.000419 0.000743 -0.000048
    130 14.164740 -0.038578 0.247180 0.004272 -0.012902 -0.009941
    131 0.106000 0.000000 -64.320000 0.000000 0.000000 0.000000
    132 0.000000 0.000000 0.000000 0.000000 0.000000 0.000000
    133 0.000000 0.000000 -4.867002 0.000000 0.000000 0.000000
    134 0.000000 0.000000 4.867000 0.000000 0.000000 0.000000
    135 4.000000 -6.500000 0.000000 0.000000 0.000000 0.000000
    136 -6.500000 0.000000 0.000000 0.000000 0.000000 0.000000
    137 1.000088 -0.000029 0.000000 0.000000 0.000000 0.000000
    138 17.162516 -0.000404 0.000000 0.000000 0.000000 0.000000
    139 9.999891 -0.000303 0.000000 0.000000 0.000000 0.000000
    140 1.000088 -0.000029 0.000000 0.000000 0.000000 0.000000
    141 17.162516 -0.000404 0.000000 0.000000 0.000000 0.000000
    142 9.499836 0.000212 0.000000 0.000000 0.000000 0.000000
    143 0.000000 0.000000 0.000000 0.000000 0.000000 0.000000
    144 17.749374 0.295515 0.000000 0.000000 0.000000 0.000000
    145 0.017889 0.299792 0.000000 0.000000 0.000000 0.000000
    146 12.283573 1.581456 -4.696000 1.462269 -0.086726 0.090185
    147 17.749376 0.295515 0.000000 0.000000 0.000000 0.000000
    148 0.017889 0.299792 0.000000 0.000000 0.000000 0.000000
    149 13.354000 0.000000 0.000000 0.000000 0.000000 0.000000
    150 4.530998 0.000000 0.000000 0.000000 0.000000 0.000000
    151 0.000000 0.000000 0.000000 0.000000 0.000000 0.000000
    152 5.413524 0.000347 0.000000 0.000000 0.000000 0.000000
    153 5.413524 0.000347 0.000000 0.000000 0.000000 0.000000
    154 4.662002 -5.366333 4.825191 1.569713 1.561305 -3.121213
    155 3.116966 -0.000443 0.000000 0.000000 0.000000 0.000000
    156 0.000000 0.000000 0.000000 0.000000 0.000000 0.000000
    157 -1.607000 0.000000 0.565000 0.000000 0.314158 0.000000
    158 -1.605469 0.000000 0.564453 0.000000 0.314158 0.000000
    159 -1.533000 0.000000 1.131000 -0.262473 -0.000006 1.570754
    160 -1.532227 0.000000 1.130859 -0.262470 -0.000006 1.570749
    161 0.000000 -0.001000 0.000000 0.000000 0.000000 0.000000
    162 3.867000 0.000000 0.228000 0.000000 0.000000 0.000000
    163 3.512001 -3.547000 -1.066000 0.000000 1.570796 0.000000
    164 3.456001 -3.517000 1.169000 0.000000 1.570796 0.000000
    165 6.233002 0.000000 0.000000 0.000000 0.000000 0.000000
    166 -0.171997 -0.106000 -0.902000 1.570713 1.029176 -3.134550
    167 6.241997 -6.380000 0.000000 -0.000048 -0.000419 -0.000743
    168 -3.106999 0.000000 0.669000 0.000000 0.000000 0.000000
    169 -3.106999 0.000000 0.741000 0.000000 0.000000 0.000000
    170 -3.252000 0.000000 0.540000 0.000000 0.000000 0.000000
    171 3.999434 -0.000528 -0.000332 0.067065 -0.000017 -0.000023
    172 3.999901 0.000038 0.001011 0.000006 -0.000001 -0.000001
    173 1.598000 0.000000 0.000000 0.000000 0.000000 0.000000
    174 -1.145525 0.000130 0.000668 0.000000 0.000000 0.000000
    175 2.299681 -2.499979 -0.599480 0.000014 0.000013 -0.000003
    176 -9.580589 -27.860225 -37.183615 0.000147 -0.000010 -0.000139
    177 -9.580679 -27.862110 -37.184673 0.812879 -0.123459 -0.568477
    178 0.649933 -0.548295 0.093651 -1.665913 -0.131399 -0.112062
    179 0.657077 0.008401 0.040371 -1.665945 -0.131407 -0.000013
    180 0.665776 0.747221 -0.029190 -1.665935 -0.131408 0.094976
    181 2.300139 -2.499414 0.600159 -0.000027 -0.000001 -0.000016
    182 -18.909335 -8.427074 0.006006 0.000054 -0.000014 0.000022
    183 2.762354 0.116951 1.523975 1.629482 0.064153 1.743800
    184 7.228323 7.928203 -3.925652 2.328713 0.123459 -0.568477
    185 0.650394 -0.547730 -0.092979 1.665913 0.131399 -0.112062
    186 0.657069 0.008399 -0.040379 1.665945 0.131407 -0.000013
    187 0.665772 0.747219 0.029182 1.665935 0.131408 0.094976
    188 -4.481003 -0.202000 0.000000 0.000000 0.000000 0.000000
    189 -5.516998 -0.291000 -0.001000 0.000000 0.000000 0.000000
    190 -0.857697 0.104070 0.104687 0.023536 0.163924 0.013632
    191 1.899121 0.000427 -0.000439 0.027386 -0.033311 0.477848
    192 1.799658 -0.000240 0.000231 0.027386 -0.033311 0.477848
    193 1.799658 -0.000240 0.000231 0.027386 -0.033311 0.477848
    194 1.799658 -0.000240 0.000231 0.027386 -0.033311 0.477848
    195 1.900312 -0.000137 -0.000517 0.027386 -0.033311 0.477848
    196 1.899436 -0.000320 -0.000151 -0.027386 0.033311 0.477848
    197 1.799664 -0.000233 -0.000233 -0.027386 0.033311 0.477848
    198 1.799664 -0.000233 -0.000233 -0.027386 0.033311 0.477848
    199 1.799664 -0.000233 -0.000233 -0.027386 0.033311 0.477848
    200 1.900729 0.000549 -0.000072 -0.027386 0.033311 0.477848
    201 0.599884 0.400188 -0.000027 0.000000 0.000000 0.000000
    202 0.599888 0.400187 0.000031 0.000000 0.000000 0.000000
    203 0.599503 0.400696 0.000234 0.000000 0.000000 0.000000
    204 0.600399 0.399632 -0.000466 0.000000 0.000000 -0.000095
  time 17
    0 0.000000 0.000000 0.000000 0.000000 0.000000 -1.570796
    1 -0.106000 0.000000 64.320000 0.000000 0.000000 0.000000
    2 0.000000 0.000000 0.000000 0.000000 0.000000 0.000000
    3 -0.904000 0.000000 -11.806000 0.000000 0.000000 0.000000
    4 0.000000 0.000000 -14.313999 0.000000 0.000000 0.000000
    5 3.533001 0.000000 0.000000 0.000000 0.000000 0.000000
    6 6.250000 0.000000 0.000000 0.000000 0.000000 0.000000
    7 9.568951 -0.019507 -1.944020 -0.000078 0.000000 -0.000050
    8 9.279879 -0.062477 1.940126 0.011655 0.012932 0.006876
    9 5.786820 0.002787 -0.004020 -0.084942 0.030075 -0.011890
    10 5.999492 -0.000592 -4.000343 0.000000 0.000000 0.000000
    11 5.787410 0.002582 0.000893 -0.000044 -0.000037 0.000114
    12 5.999492 -0.000592 4.000336 0.000000 0.000000 0.000000
    13 0.500225 0.000133 -0.000088 0.064608 0.000000 0.000000
    14 11.534559 0.004255 -0.001312 -0.000017 0.000009 0.027452
    15 -0.829338 0.893824 0.079659 -0.148839 0.047645 0.087266
    16 0.500225 0.000132 0.000076 0.000000 0.000024 0.000000
    17 11.532495 0.004432 -0.000089 0.000006 -0.000022 -0.000011
    18 -0.829586 0.894698 -0.079464 0.045377 -0.019621 0.087266
    19 10.599884 0.000105 -0.000553 0.096394 0.000000 0.000000
    20 0.119665 -0.275181 -0.000805 0.000000 0.000011 -0.013693
    21 11.042057 0.003717 0.000798 0.075943 0.000583 -0.045289
    22 -1.214832 0.203470 -0.477489 -0.135025 -0.078677 -0.001289
    23 10.599880 0.000105 0.000549 0.000000 0.000000 0.000000
    24 0.119663 -0.275181 0.000801 0.000024 -0.000011 0.000034
    25 11.041742 0.003171 -0.000571 -0.000003 -0.000013 0.000103
    26 -1.063377 0.077663 0.150230 0.045121 0.020046 -0.012850
    27 0.610302 -0.939470 0.070343 -0.000050 -0.000039 -0.000018
    28 0.639940 -0.199121 0.060188 -0.000051 -0.000016 -0.000004
    29 0.600155 1.080261 -0.339535 -0.000053 -0.000015 0.000027
    30 0.610207 0.400743 -0.010101 -0.000108 -0.000003 0.000003
    31 0.630809 -0.693997 -0.232343 0.000004 0.000017 -0.000067
    32 -0.792125 0.203736 0.461300 1.439074 -0.003453 -0.018305
    33 0.610300 -0.939469 -0.070351 0.000050 0.000003 -0.000018
    34 0.639937 -0.199121 -0.060200 0.000051 0.000005 -0.000016
    35 0.600157 1.080259 0.339531 0.000053 -0.000021 0.000003
    36 0.610205 0.400743 0.010086 0.000108 0.000003 -0.000009
    37 0.629883 -0.689453 0.230347 0.000000 0.000000 0.000000
    38 -0.626031 -0.069983 -0.080517 -1.447153 0.086151 0.021559
    39 2.621377 -0.002532 -0.001438 0.000015 -0.000019 -0.000023
    40 2.660837 0.000397 -0.000071 -0.000015 -0.000005 0.000051
    41 2.206394 0.003368 -0.006769 0.000010 0.000004 0.000012
    42 0.599952 0.959240 -0.300102 -0.174544 0.000000 0.000000
    43 2.557190 -0.005873 0.002453 -0.000030 0.000023 0.000037
    44 2.095024 -0.003873 -0.006100 -0.000007 -0.000002 0.000006
    45 0.999380 -0.000236 -1.209370 -0.000001 0.000000 0.000000
    46 -0.122639 -0.721856 0.661690 -0.486644 0.223964 0.243056
    47 2.622113 -0.000648 0.006647 -0.000036 0.000002 0.000003
    48 2.654002 0.004589 -0.000533 0.000030 0.000027 0.000022
    49 2.200016 0.001663 0.000836 0.000000 -0.000013 -0.000008
    50 0.599951 0.959244 0.300102 0.174544 0.000000 0.000000
    51 2.552663 -0.004291 0.000554 -0.000002 0.000009 0.000037
    52 2.097656 -0.000093 -0.000404 0.000000 0.000000 0.000000
    53 0.999374 -0.000237 1.209362 0.000000 0.000000 0.000001
    54 0.310846 -0.606445 -0.498005 0.308107 -0.197598 0.313976
    55 1.873069 -0.004741 -0.000994 -0.000007 0.000004 0.000036
    56 1.200941 0.399582 -0.000237 -0.009465 0.016087 0.007127
    57 0.000586 0.100342 -0.000319 -0.120035 -0.021926 -0.209617
    58 -0.161663 0.051712 0.194808 -2.941982 0.122408 -0.060194
    59 2.010092 -0.003202 -0.003377 0.000018 0.000013 0.000026
    60 0.000240 0.099802 -0.000395 -0.018823 0.010833 -0.239219
    61 -0.203197 0.048607 0.069150 -3.093332 0.033217 -0.046722
    62 1.180428 -0.006214 0.000780 -0.000026 0.000024 0.000009
    63 -0.000196 0.099625 -0.000034 0.000000 0.000000 -0.314102
    64 -0.088736 -0.688435 -0.145203 2.930407 -0.136130 0.513013
    65 1.707031 0.000721 -0.000195 0.000000 0.000000 0.000000
    66 -0.000580 0.100145 -0.000311 -0.010912 0.023129 -0.260841
    67 -0.146030 -0.232426 -0.014225 3.028455 -0.094299 0.113020
    68 1.290632 0.000362 -0.000032 0.000000 0.000000 0.000000
    69 -0.658121 -0.003575 0.072645 -0.142711 0.027792 -0.077299
    70 1.868080 -0.003049 0.006083 0.000003 -0.000045 0.000030
    71 1.200079 0.399944 -0.000093 0.009465 -0.016087 0.007127
    72 0.000591 0.100342 0.000319 0.120035 0.021926 -0.209617
    73 0.068077 0.002285 -0.080050 3.111376 -0.069366 -0.060847
    74 2.015780 -0.005083 0.006086 -0.000013 -0.000001 0.000069
    75 0.000229 0.099802 0.000395 0.018823 -0.010833 -0.239219
    76 -0.018673 -0.001009 0.047544 3.109244 0.002635 -0.106673
    77 1.178665 0.001595 0.000845 0.000018 -0.000012 0.000029
    78 -0.000198 0.099628 0.000034 0.000000 0.000000 -0.314102
    79 0.036892 -0.634449 0.266284 -2.801062 0.174301 0.490914
    80 1.708256 -0.002506 -0.004592 -0.000010 0.000023 0.000017
    81 -0.000576 0.100136 0.000311 0.010912 -0.023129 -0.260841
    82 -0.003952 -0.281811 0.115047 -3.059162 0.089004 0.167964
    83 1.289627 0.003949 0.000061 -0.000014 0.000003 0.000003
    84 -0.171528 -0.018148 -0.099873 0.013484 -0.062184 -0.011780
    85 0.919434 -0.000298 -0.000422 0.000000 0.000000 0.000000
    86 -0.342617 0.053404 -0.025571 -2.909301 -0.017248 0.075276
    87 1.100231 -0.000930 -0.002434 0.000009 0.000038 0.000010
    88 -0.384983 0.330998 0.006848 -3.087207 -0.018765 -0.184279
    89 0.678146 0.006192 -0.003905 -0.000006 -0.000031 0.000055
    90 -0.123848 0.072737 0.029507 2.898184 -0.060627 0.094834
    91 1.017166 -0.000154 -0.000252 -0.000035 -0.000014 0.000037
    92 -0.344986 0.123129 0.143151 2.994981 0.012396 0.059140
    93 -0.730988 0.177046 0.039141 -0.123731 0.076518 -0.084310
    94 0.925900 0.001298 -0.000896 0.000022 -0.000023 0.000021
    95 -0.124027 -0.052092 0.038496 3.077813 -0.008519 0.039229
    96 1.100430 -0.007458 0.000503 -0.000006 0.000006 -0.000014
    97 -0.330082 0.160641 0.042780 3.128073 0.034033 -0.171236
    98 0.675854 0.005438 0.003272 0.000014 0.000027 0.000010
    99 -0.019516 -0.016531 0.038578 -2.763781 0.050305 0.076828
    100 1.014985 0.001206 0.001121 -0.000006 0.000007 0.000018
    101 -0.155312 0.130643 -0.021921 -3.022466 0.022433 -0.024903
    102 -0.252209 0.061937 -0.024914 -0.007671 -0.063171 -0.044392
    103 -0.085991 0.185203 -0.015180 -2.937063 -0.113970 -0.138991
    104 -0.286537 0.179852 0.024264 -3.109353 -0.049645 -0.029915
    105 -0.019489 0.147084 0.079203 2.893815 0.038585 -0.060594
    106 -0.046482 0.251898 0.129548 3.016165 0.077112 -0.042864
    107 0.039120 -0.040298 0.047739 3.084219 0.030470 -0.037414
    108 -0.233757 0.066630 0.001754 -3.133086 0.040141 -0.065413
    109 0.044266 0.020128 0.001684 -2.778763 -0.118872 -0.040488
    110 0.071495 0.074127 -0.048302 -3.035917 -0.059482 0.104366
    111 0.019532 -3.488388 54.318064 -0.012629 -0.011938 -1.577426
    112 -8.418226 -27.551622 39.915281 2.331353 0.140548 -2.131916
    113 -1.142999 -0.001000 0.273999 0.000000 0.000000 1.570816
    114 -0.943998 0.000000 1.776996 0.000000 0.000000 0.000000
    115 2.039996 -0.296999 1.310997 0.000000 0.000000 -1.570817
    116 -0.653999 0.000000 -1.549997 0.000000 0.000000 0.000000
    117 4.078125 0.000000 -0.139893 0.000000 0.000000 0.000000
    118 1.636719 0.000000 -0.501953 0.000000 0.000000 0.000000
    119 2.437500 0.000000 0.764648 0.000000 0.000000 0.000000
    120 -0.898998 0.000000 -1.088998 0.000000 0.000000 0.000000
    121 2.025996 -0.001000 0.680999 0.000000 0.000000 1.570816
    122 0.000000 0.000000 0.000000 0.000000 0.000000 -1.570816
    123 0.711998 0.439999 -0.805998 0.000000 0.000000 1.570815
    124 -1.474998 0.000000 0.073000 0.000000 0.000000 1.570816
    125 1.889997 0.409999 0.284999 1.570815 0.000000 0.000000
    126 0.000000 0.000000 0.000000 0.000000 0.000000 0.000000
    127 -0.106000 0.000000 64.320000 0.000000 0.000000 0.000000
    128 0.000000 0.000000 0.000000 0.000000 0.000000 0.000000
    129 0.000000 0.000000 0.000000 0.000324 0.000551 -0.000036
    130 14.254586 -0.069829 0.247180 -0.012878 -0.011919 -0.006580
    131 0.106000 0.000000 -64.320000 0.000000 0.000000 0.000000
    132 0.000000 0.000000 0.000000 0.000000 0.000000 0.000000
    133 0.000000 0.000000 -4.867002 0.000000 0.000000 0.000000
    134 0.000000 0.000000 4.867000 0.000000 0.000000 0.000000
    135 4.000000 -6.500000 0.000000 0.000000 0.000000 0.000000
    136 -6.500000 0.000000 0.000000 0.000000 0.000000 0.000000
    137 1.000088 -0.000029 0.000000 0.000000 0.000000 0.000000
    138 17.162516 -0.000404 0.000000 0.000000 0.000000 0.000000
    139 9.999891 -0.000303 0.000000 0.000000 0.000000 0.000000
    140 1.000088 -0.000029 0.000000 0.000000 0.000000 0.000000
    141 17.162516 -0.000404 0.000000 0.000000 0.000000 0.000000
    142 9.499836 0.000212 0.000000 0.000000 0.000000 0.000000
    143 0.000000 0.000000 0.000000 0.000000 0.000000 0.000000
    144 17.749374 0.295515 0.000000 0.000000 0.000000 0.000000
    145 0.017889 0.299792 0.000000 0.000000 0.000000 0.000000
    146 12.283573 1.581456 -4.696000 1.462269 -0.086726 0.090185
    147 17.749376 0.295515 0.000000 0.000000 0.000000 0.000000
    148 0.017889 0.299792 0.000000 0.000000 0.000000 0.000000
    149 13.354000 0.000000 0.000000 0.000000 0.000000 0.000000
    150 4.530998 0.000000 0.000000 0.000000 0.000000 0.000000
    151 0.000000 0.000000 0.000000 0.000000 0.000000 0.000000
    152 5.413524 0.000347 0.000000 0.000000 0.000000 0.000000
    153 5.413524 0.000347 0.000000 0.000000 0.000000 0.000000
    154 4.662002 -5.366333 4.825191 1.569713 1.561305 -3.121213
    155 3.116966 -0.000443 0.000000 0.000000 0.000000 0.000000
    156 0.000000 0.000000 0.000000 0.000000 0.000000 0.000000
    157 -1.607000 0.000000 0.565000 0.000000 0.314158 0.000000
    158 -1.605469 0.000000 0.564453 0.000000 0.314158 0.000000
    159 -1.533000 0.000000 1.131000 -0.262473 -0.000006 1.570754
    160 -1.532227 0.000000 1.130859 -0.262470 -0.000006 1.570749
    161 0.000000 -0.001000 0.000000 0.000000 0.000000 0.000000
    162 3.867000 0.000000 0.228000 0.000000 0.000000 0.000000
    163 3.512001 -3.547000 -1.066000 0.000000 1.570796 0.000000
    164 3.456001 -3.517000 1.169000 0.000000 1.570796 0.000000
    165 6.233002 0.000000 0.000000 0.000000 0.000000 0.000000
    166 -0.171997 -0.106000 -0.902000 1.570713 1.029176 -3.134550
    167 6.241997 -6.380000 0.000000 -0.000036 -0.000324 -0.000551
    168 -3.106999 0.000000 0.669000 0.000000 0.000000 0.000000
    169 -3.106999 0.000000 0.741000 0.000000 0.000000 0.000000
    170 -3.252000 0.000000 0.540000 0.000000 0.000000 0.000000
    171 3.999434 -0.000528 -0.000332 0.048164 -0.000017 -0.000023
    172 3.999901 0.000038 0.001011 0.000006 -0.000001 -0.000001
    173 1.598000 0.000000 0.000000 0.000000 0.000000 0.000000
    174 -1.145525 0.000130 0.000668 0.000000 0.000000 0.000000
    175 2.299681 -2.499979 -0.599480 0.000014 0.000013 -0.000003
    176 -9.580589 -27.856319 -37.179709 0.000147 -0.000010 -0.000139
    177 -9.580679 -27.862110 -37.184673 0.812879 -0.123459 -0.568477
    178 0.649933 -0.548295 0.093651 -1.665913 -0.131399 -0.112062
    179 0.657077 0.008401 0.040371 -1.665945 -0.131407 -0.000013
    180 0.665776 0.747221 -0.029190 -1.665935 -0.131408 0.094976
    181 2.300139 -2.499414 0.600159 -0.000027 -0.000001 -0.000016
    182 -18.905429 -8.427074 0.006006 0.000054 -0.000014 0.000022
    183 2.762354 0.116951 1.523975 1.629482 0.064153 1.743800
    184 7.228323 7.928203 -3.925652 2.328713 0.123459 -0.568477
    185 0.650394 -0.547730 -0.092979 1.665913 0.131399 -0.112062
    186 0.657069 0.008399 -0.040379 1.665945 0.131407 -0.000013
    187 0.665772 0.747219 0.029182 1.665935 0.131408 0.094976
    188 -4.481003 -0.202000 0.000000 0.000000 0.000000 0.000000
    189 -5.516998 -0.291000 -0.001000 0.000000 0.000000 0.000000
    190 -0.857697 0.104070 0.104687 0.023536 0.163924 0.013632
    191 1.899121 0.000427 -0.000439 0.027386 -0.033311 0.477848
    192 1.799658 -0.000240 0.000231 0.027386 -0.033311 0.477848
    193 1.799658 -0.000240 0.000231 0.027386 -0.033311 0.477848
    194 1.799658 -0.000240 0.000231 0.027386 -0.033311 0.477848
    195 1.900312 -0.000137 -0.000517 0.027386 -0.033311 0.477848
    196 1.899436 -0.000320 -0.000151 -0.027386 0.033311 0.477848
    197 1.799664 -0.000233 -0.000233 -0.027386 0.033311 0.477848
    198 1.799664 -0.000233 -0.000233 -0.027386 0.033311 0.477848
    199 1.799664 -0.000233 -0.000233 -0.027386 0.033311 0.477848
    200 1.900729 0.000549 -0.000072 -0.027386 0.033311 0.477848
    201 0.599884 0.400188 -0.000027 0.000000 0.000000 0.000000
    202 0.599888 0.400187 0.000031 0.000000 0.000000 0.000000
    203 0.599503 0.400696 0.000234 0.000000 0.000000 0.000000
    204 0.600399 0.399632 -0.000466 0.000000 0.000000 -0.000095
  time 18
    0 0.000000 0.000000 0.000000 0.000000 0.000000 -1.570796
    1 -0.106000 0.000000 64.320000 0.000000 0.000000 0.000000
    2 0.000000 0.000000 0.000000 0.000000 0.000000 0.000000
    3 -0.904000 0.000000 -11.806000 0.000000 0.000000 0.000000
    4 0.000000 0.000000 -14.313999 0.000000 0.000000 0.000000
    5 3.533001 0.000000 0.000000 0.000000 0.000000 0.000000
    6 6.250000 0.000000 0.000000 0.000000 0.000000 0.000000
    7 9.568951 -0.019507 -1.944020 -0.000078 0.000000 -0.000050
    8 9.397070 -0.082009 1.979189 0.007507 0.008075 0.003270
    9 5.786820 0.002787 -0.004020 -0.060821 0.021311 -0.011447
    10 5.999492 -0.000592 -4.000343 0.000000 0.000000 0.000000
    11 5.791316 0.002582 0.004799 -0.000044 -0.000037 0.000114
    12 5.999492 -0.000592 4.000336 0.000000 0.000000 0.000000
    13 0.500225 0.000133 -0.000088 0.045879 0.000000 0.000000
    14 11.534559 0.004255 -0.001312 -0.000017 -0.000051 0.025541
    15 -0.829338 0.893824 0.079659 -0.148839 0.047645 0.087266
    16 0.500225 0.000132 0.000076 0.000000 0.000024 0.000000
    17 11.536401 0.004432 0.003817 0.000006 -0.000022 -0.000011
    18 -0.829586 0.894698 -0.079464 0.045377 -0.019621 0.087266
    19 10.599884 0.000105 -0.000553 0.070281 -0.000024 -0.000012
    20 0.119665 -0.275181 -0.000805 0.000000 0.000011 -0.012829
    21 11.042057 0.003717 0.004704 0.053862 0.000933 -0.033440
    22 -1.214832 0.203470 -0.477489 -0.135025 -0.078677 -0.001289
    23 10.599880 0.000105 0.000549 0.000000 0.000000 0.000000
    24 0.119663 -0.275181 0.000801 0.000012 -0.000011 0.000034
    25 11.041742 0.003171 -0.000571 -0.000003 -0.000013 0.000103
    26 -1.063377 0.077663 0.150230 0.045121 0.020046 -0.012850
    27 0.610302 -0.939470 0.070343 -0.000050 -0.000027 -0.000018
    28 0.639940 -0.199121 0.060188 -0.000051 -0.000016 -0.000004
    29 0.600155 1.080261 -0.339535 -0.000053 -0.000003 0.000015
    30 0.610207 0.400743 -0.010101 -0.000108 -0.000003 0.000003
    31 0.630809 -0.693997 -0.232343 0.000004 0.000017 -0.000067
    32 -0.792125 0.203736 0.461300 1.439074 -0.003453 -0.018305
    33 0.610300 -0.939469 -0.070351 0.000050 0.000003 -0.000018
    34 0.639937 -0.199121 -0.060200 0.000051 0.000005 -0.000016
    35 0.600157 1.080259 0.339531 0.000053 -0.000021 0.000003
    36 0.610205 0.400743 0.010086 0.000108 0.000003 -0.000009
    37 0.629883 -0.689453 0.230347 0.000000 0.000000 0.000000
    38 -0.626031 -0.069983 -0.080517 -1.447153 0.086151 0.021559
    39 2.621377 -0.002532 -0.001438 0.000015 -0.000019 -0.000023
    40 2.664743 0.000397 -0.000071 -0.000015 -0.000005 0.000051
    41 2.206394 0.003368 -0.006769 0.000010 0.000004 0.000012
    42 0.599952 0.959240 -0.300102 -0.174544 0.000000 0.000000
    43 2.553283 -0.005873 0.006359 -0.000001 0.000023 0.000037
    44 2.095024 -0.003873 -0.006100 -0.000007 -0.000002 0.000006
    45 0.999380 -0.000236 -1.209370 -0.000001 0.000000 0.000000
    46 -0.122639 -0.721856 0.661690 -0.486644 0.223964 0.243056
    47 2.622113 -0.000648 0.006647 -0.000019 0.000002 0.000003
    48 2.657909 0.004589 -0.000533 0.000030 0.000015 0.000022
    49 2.200016 0.001663 0.000836 0.000000 -0.000013 -0.000008
    50 0.599951 0.959244 0.300102 0.174544 0.000000 0.000000
    51 2.556570 -0.004291 0.000554 -0.000002 0.000009 0.000037
    52 2.097656 -0.000093 -0.000404 0.000000 0.000000 0.000000
    53 0.999374 -0.000237 1.209362 0.000000 0.000000 0.000001
    54 0.310846 -0.606445 -0.498005 0.308107 -0.197598 0.313976
    55 1.873069 -0.004741 -0.004901 -0.000007 0.000004 0.000036
    56 1.200941 0.399582 -0.000237 -0.009465 0.016087 0.007127
    57 0.000586 0.100342 -0.000319 -0.120035 -0.021926 -0.209617
    58 -0.161663 0.051712 0.194808 -2.941982 0.122408 -0.060194
    59 2.010092 -0.003202 -0.007284 0.000018 0.000013 0.000026
    60 0.000240 0.099802 -0.000395 -0.018823 0.010833 -0.239219
    61 -0.203197 0.048607 0.069150 -3.093332 0.033217 -0.046722
    62 1.180428 -0.006214 0.000780 -0.000026 0.000024 0.000009
    63 -0.000196 0.099625 -0.000034 0.000000 0.000000 -0.314102
    64 -0.088736 -0.688435 -0.145203 2.930407 -0.136130 0.513013
    65 1.707031 0.000721 -0.000195 0.000000 0.000000 0.000000
    66 -0.000580 0.100145 -0.000311 -0.010912 0.023129 -0.260841
    67 -0.146030 -0.232426 -0.014225 3.028455 -0.094299 0.113020
    68 1.290632 0.000362 -0.000032 0.000000 0.000000 0.000000
    69 -0.658121 -0.003575 0.072645 -0.142711 0.027792 -0.077299
    70 1.871986 -0.003049 0.006083 0.000003 -0.000033 0.000030
    71 1.200079 0.399944 -0.000093 0.009465 -0.016087 0.007127
    72 0.000591 0.100342 0.000319 0.120035 0.021926 -0.209617
    73 0.068077 0.002285 -0.080050 3.111376 -0.069366 -0.060847
    74 2.015780 -0.005083 0.002180 -0.000013 -0.000001 0.000069
    75 0.000229 0.099802 0.000395 0.018823 -0.010833 -0.239219
    76 -0.018673 -0.001009 0.047544 3.109244 0.002635 -0.106673
    77 1.178665 0.001595 0.000845 0.000018 -0.000012 0.000029
    78 -0.000198 0.099628 0.000034 0.000000 0.000000 -0.314102
    79 0.036892 -0.634449 0.266284 -2.801062 0.174301 0.490914
    80 1.704350 -0.002506 -0.004592 -0.000010 0.000023 0.000017
    81 -0.000576 0.100136 0.000311 0.010912 -0.023129 -0.260841
    82 -0.003952 -0.281811 0.115047 -3.059162 0.089004 0.167964
    83 1.289627 0.003949 0.000061 -0.000014 0.000003 0.000003
    84 -0.171528 -0.018148 -0.099873 0.013484 -0.062184 -0.011780
    85 0.919434 -0.000298 -0.000422 0.000000 0.000000 0.000000
    86 -0.342617 0.053404 -0.025571 -2.909301 -0.017248 0.075276
    87 1.100231 -0.000930 -0.002434 0.000009 0.000026 0.000010
    88 -0.384983 0.330998 0.006848 -3.087207 -0.018765 -0.184279
    89 0.678146 0.006192 -0.003905 -0.000006 -0.000031 0.000055
    90 -0.123848 0.072737 0.029507 2.898184 -0.060627 0.094834
    91 1.017166 -0.000154 -0.000252 -0.000035 -0.000014 0.000037
    92 -0.344986 0.123129 0.143151 2.994981 0.012396 0.059140
    93 -0.730988 0.177046 0.039141 -0.123731 0.076518 -0.084310
    94 0.925900 0.001298 -0.000896 0.000010 -0.000023 0.000021
    95 -0.124027 -0.052092 0.038496 3.077813 -0.008519 0.039229
    96 1.100430 -0.007458 0.000503 -0.000006 0.000006 0.000035
    97 -0.330082 0.160641 0.042780 3.128073 0.034033 -0.171236
    98 0.675854 0.005438 0.003272 0.000014 0.000015 0.000010
    99 -0.019516 -0.016531 0.038578 -2.763781 0.050305 0.076828
    100 1.014985 0.001206 0.001121 -0.000006 0.000007 0.000018
    101 -0.155312 0.130643 -0.021921 -3.022466 0.022433 -0.024903
    102 -0.252209 0.061937 -0.024914 -0.007671 -0.063171 -0.044392
    103 -0.085991 0.185203 -0.015180 -2.937063 -0.113970 -0.138991
    104 -0.286537 0.179852 0.024264 -3.109353 -0.049645 -0.029915
    105 -0.019489 0.147084 0.079203 2.893815 0.038585 -0.060594
    106 -0.046482 0.251898 0.129548 3.016165 0.077112 -0.042864
    107 0.039120 -0.040298 0.047739 3.084219 0.030470 -0.037414
    108 -0.233757 0.066630 0.001754 -3.133086 0.040141 -0.065413
    109 0.044266 0.020128 0.001684 -2.778763 -0.118872 -0.040488
    110 0.071495 0.074127 -0.048302 -3.035917 -0.059482 0.104366
    111 0.011719 -3.504013 54.333689 -0.007749 -0.007490 -1.573878
    112 -8.480728 -27.637562 40.032472 2.330518 0.134130 -2.135602
    113 -1.142999 -0.001000 0.273999 0.000000 0.000000 1.570816
    114 -0.943998 0.000000 1.776996 0.000000 0.000000 0.000000
    115 2.039996 -0.296999 1.310997 0.000000 0.000000 -1.570817
    116 -0.653999 0.000000 -1.549997 0.000000 0.000000 0.000000
    117 4.078125 0.000000 -0.139893 0.000000 0.000000 0.000000
    118 1.636719 0.000000 -0.501953 0.000000 0.000000 0.000000
    119 2.437500 0.000000 0.764648 0.000000 0.000000 0.000000
    120 -0.898998 0.000000 -1.088998 0.000000 0.000000 0.000000
    121 2.025996 -0.001000 0.680999 0.000000 0.000000 1.570816
    122 0.000000 0.000000 0.000000 0.000000 0.000000 -1.570816
    123 0.711998 0.439999 -0.805998 0.000000 0.000000 1.570815
    124 -1.474998 0.000000 0.073000 0.000000 0.000000 1.570816
    125 1.889997 0.409999 0.284999 1.570815 0.000000 0.000000
    126 0.000000 0.000000 0.000000 0.000000 0.000000 0.000000
    127 -0.106000 0.000000 64.320000 0.000000 0.000000 0.000000
    128 0.000000 0.000000 0.000000 0.000000 0.000000 0.000000
    129 0.000000 0.000000 0.000000 0.000204 0.000372 -0.000024
    130 14.266305 -0.038578 0.215929 -0.007904 -0.007518 -0.003125
    131 0.106000 0.000000 -64.320000 0.000000 0.000000 0.000000
    132 0.000000 0.000000 0.000000 0.000000 0.000000 0.000000
    133 0.000000 0.000000 -4.867002 0.000000 0.000000 0.000000
    134 0.000000 0.000000 4.867000 0.000000 0.000000 0.000000
    135 4.000000 -6.500000 0.000000 0.000000 0.000000 0.000000
    136 -6.500000 0.000000 0.000000 0.000000 0.000000 0.000000
    137 1.000088 -0.000029 0.000000 0.000000 0.000000 0.000000
    138 17.162516 -0.000404 0.000000 0.000000 0.000000 0.000000
    139 9.999891 -0.000303 0.000000 0.000000 0.000000 0.000000
    140 1.000088 -0.000029 0.000000 0.000000 0.000000 0.000000
    141 17.162516 -0.000404 0.000000 0.000000 0.000000 0.000000
    142 9.499836 0.000212 0.000000 0.000000 0.000000 0.000000
    143 0.000000 0.000000 0.000000 0.000000 0.000000 0.000000
    144 17.749374 0.295515 0.000000 0.000000 0.000000 0.000000
    145 0.017889 0.299792 0.000000 0.000000 0.000000 0.000000
    146 12.283573 1.581456 -4.696000 1.462269 -0.086726 0.090185
    147 17.749376 0.295515 0.000000 0.000000 0.000000 0.000000
    148 0.017889 0.299792 0.000000 0.000000 0.000000 0.000000
    149 13.354000 0.000000 0.000000 0.000000 0.000000 0.000000
    150 4.530998 0.000000 0.000000 0.000000 0.000000 0.000000
    151 0.000000 0.000000 0.000000 0.000000 0.000000 0.000000
    152 5.413524 0.000347 0.000000 0.000000 0.000000 0.000000
    153 5.413524 0.000347 0.000000 0.000000 0.000000 0.000000
    154 4.662002 -5.366333 4.825191 1.569713 1.561305 -3.121213
    155 3.116966 -0.000443 0.000000 0.000000 0.000000 0.000000
    156 0.000000 0.000000 0.000000 0.000000 0.000000 0.000000
    157 -1.607000 0.000000 0.565000 0.000000 0.314158 0.000000
    158 -1.605469 0.000000 0.564453 0.000000 0.314158 0.000000
    159 -1.533000 0.000000 1.131000 -0.262473 -0.000006 1.570754
    160 -1.532227 0.000000 1.130859 -0.262470 -0.000006 1.570749
    161 0.000000 -0.001000 0.000000 0.000000 0.000000 0.000000
    162 3.867000 0.000000 0.228000 0.000000 0.000000 0.000000
    163 3.512001 -3.547000 -1.066000 0.000000 1.570796 0.000000
    164 3.456001 -3.517000 1.169000 0.000000 1.570796 0.000000
    165 6.233002 0.000000 0.000000 0.000000 0.000000 0.000000
    166 -0.171997 -0.106000 -0.902000 1.570713 1.029176 -3.134550
    167 6.241997 -6.380000 0.000000 -0.000024 -0.000204 -0.000372
    168 -3.106999 0.000000 0.669000 0.000000 0.000000 0.000000
    169 -3.106999 0.000000 0.741000 0.000000 0.000000 0.000000
    170 -3.252000 0.000000 0.540000 0.000000 0.000000 0.000000
    171 3.999434 -0.000528 -0.000332 0.035126 -0.000017 -0.000023
    172 3.999901 0.000038 0.001011 0.000006 -0.000001 -0.000001
    173 1.598000 0.000000 0.000000 0.000000 0.000000 0.000000
    174 -1.145525 0.000130 0.000668 0.000000 0.000000 0.000000
    175 2.299681 -2.499979 -0.599480 0.000014 0.000013 -0.000003
    176 -9.580589 -27.856319 -37.179709 0.000147 -0.000010 -0.000139
    177 -9.580679 -27.862110 -37.184673 0.812879 -0.123459 -0.568477
    178 0.649933 -0.548295 0.093651 -1.665913 -0.131399 -0.112062
    179 0.657077 0.008401 0.040371 -1.665945 -0.131407 -0.000013
    180 0.665776 0.747221 -0.029190 -1.665935 -0.131408 0.094976
    181 2.300139 -2.499414 0.600159 -0.000027 -0.000001 -0.000016
    182 -18.909335 -8.423168 0.006006 0.000054 -0.000014 0.000022
    183 2.762354 0.116951 1.523975 1.629482 0.064153 1.743800
    184 7.228323 7.928203 -3.925652 2.328713 0.123459 -0.568477
    185 0.650394 -0.547730 -0.092979 1.665913 0.131399 -0.112062
    186 0.657069 0.008399 -0.040379 1.665945 0.131407 -0.000013
    187 0.665772 0.747219 0.029182 1.665935 0.131408 0.094976
    188 -4.481003 -0.202000 0.000000 0.000000 0.000000 0.000000
    189 -5.516998 -0.291000 -0.001000 0.000000 0.000000 0.000000
    190 -0.857697 0.104070 0.104687 0.023536 0.163924 0.013632
    191 1.899121 0.000427 -0.000439 0.027386 -0.033311 0.477848
    192 1.799658 -0.000240 0.000231 0.027386 -0.033311 0.477848
    193 1.799658 -0.000240 0.000231 0.027386 -0.033311 0.477848
    194 1.799658 -0.000240 0.000231 0.027386 -0.033311 0.477848
    195 1.900312 -0.000137 -0.000517 0.027386 -0.033311 0.477848
    196 1.899436 -0.000320 -0.000151 -0.027386 0.033311 0.477848
    197 1.799664 -0.000233 -0.000233 -0.027386 0.033311 0.477848
    198 1.799664 -0.000233 -0.000233 -0.027386 0.033311 0.477848
    199 1.799664 -0.000233 -0.000233 -0.027386 0.033311 0.477848
    200 1.900729 0.000549 -0.000072 -0.027386 0.033311 0.477848
    201 0.599884 0.400188 -0.000027 0.000000 0.000000 0.000000
    202 0.599888 0.400187 0.000031 0.000000 0.000000 0.000000
    203 0.599503 0.400696 0.000234 0.000000 0.000000 0.000000
    204 0.600399 0.399632 -0.000466 0.000000 0.000000 -0.000095
  time 19
    0 0.000000 0.000000 0.000000 0.000000 0.000000 -1.570796
    1 -0.106000 0.000000 64.320000 0.000000 0.000000 0.000000
    2 0.000000 0.000000 0.000000 0.000000 0.000000 0.000000
    3 -0.904000 0.000000 -11.806000 0.000000 0.000000 0.000000
    4 0.000000 0.000000 -14.313999 0.000000 0.000000 0.000000
    5 3.533001 0.000000 0.000000 0.000000 0.000000 0.000000
    6 6.250000 0.000000 0.000000 0.000000 0.000000 0.000000
    7 9.568951 -0.019507 -1.944020 -0.000078 0.000000 -0.000050
    8 9.518168 -0.062477 1.979189 0.003359 0.003109 -0.000146
    9 5.786820 0.002787 -0.004020 -0.039346 0.012944 -0.005317
    10 5.999492 -0.000592 -4.000343 0.000000 0.000000 0.000000
    11 5.787410 0.002582 0.000893 -0.000044 -0.000037 0.000114
    12 5.999492 -0.000592 4.000336 0.000000 0.000000 0.000000
    13 0.500225 0.000133 -0.000088 0.031290 0.000000 0.000000
    14 11.534559 0.004255 -0.001312 -0.000017 0.000009 0.011335
    15 -0.829338 0.893824 0.079659 -0.148839 0.047645 0.087266
    16 0.500225 0.000132 0.000076 0.000000 0.000012 0.000000
    17 11.532495 0.004432 -0.000089 0.000006 -0.000022 -0.000011
    18 -0.829586 0.894698 -0.079464 0.045377 -0.019621 0.087266
    19 10.599884 0.000105 -0.000553 0.044109 -0.000060 -0.000060
    20 0.119665 -0.275181 -0.000805 0.000000 0.000011 -0.006190
    21 11.042057 0.003717 0.000798 0.037152 -0.004668 -0.016540
    22 -1.214832 0.203470 -0.477489 -0.135025 -0.078677 -0.001289
    23 10.599880 0.000105 0.000549 0.000000 0.000000 0.000000
    24 0.123570 -0.275181 0.000801 0.000012 -0.000011 0.000034
    25 11.041742 0.003171 -0.000571 -0.000003 -0.000013 0.000062
    26 -1.063377 0.077663 0.150230 0.045121 0.020046 -0.012850
    27 0.610302 -0.939470 0.070343 -0.000050 -0.000027 -0.000018
    28 0.639940 -0.199121 0.060188 -0.000051 -0.000016 -0.000004
    29 0.600155 1.080261 -0.339535 -0.000053 -0.000003 0.000015
    30 0.610207 0.400743 -0.010101 -0.000108 -0.000003 0.000003
    31 0.634715 -0.693997 -0.232343 0.000004 0.000017 -0.000067
    32 -0.792125 0.203736 0.461300 1.439074 -0.003453 -0.018305
    33 0.610300 -0.939469 -0.070351 0.000050 0.000003 -0.000018
    34 0.639937 -0.199121 -0.060200 0.000051 0.000005 -0.000016
    35 0.600157 1.080259 0.339531 0.000053 -0.000021 0.000003
    36 0.610205 0.400743 0.010086 0.000108 0.000003 -0.000009
    37 0.629883 -0.689453 0.230347 0.000000 0.000000 0.000000
    38 -0.626031 -0.069983 -0.080517 -1.447153 0.086151 0.021559
    39 2.621377 -0.002532 -0.001438 0.000015 -0.000019 0.000018
    40 2.660837 0.000397 -0.000071 -0.000015 -0.000005 0.000051
    41 2.206394 0.003368 -0.002863 0.000010 0.000004 0.000012
    42 0.599952 0.959240 -0.300102 -0.174544 0.000000 0.000000
    43 2.557190 -0.005873 0.006359 -0.000001 0.000023 0.000037
    44 2.098930 -0.003873 -0.002193 -0.000007 -0.000002 0.000006
    45 0.999380 -0.000236 -1.209370 -0.000001 0.000000 0.000000
    46 -0.122639 -0.721856 0.661690 -0.486644 0.223964 0.243056
    47 2.622113 -0.000648 0.006647 -0.000019 0.000002 0.000003
    48 2.654002 0.004589 -0.000533 0.000030 0.000015 0.000022
    49 2.203922 0.001663 0.000836 0.000000 -0.000013 -0.000008
    50 0.599951 0.959244 0.300102 0.174544 0.000000 0.000000
    51 2.556570 -0.004291 0.000554 -0.000002 0.000009 0.000037
    52 2.097656 -0.000093 -0.000404 0.000000 0.000000 0.000000
    53 0.999374 -0.000237 1.209362 0.000000 0.000000 0.000001
    54 0.310846 -0.606445 -0.498005 0.308107 -0.197598 0.313976
    55 1.873069 -0.004741 -0.000994 -0.000007 0.000004 0.000036
    56 1.200941 0.399582 -0.000237 -0.009465 0.016087 0.007127
    57 0.000586 0.100342 -0.000319 -0.120035 -0.021926 -0.209617
    58 -0.161663 0.051712 0.194808 -2.941982 0.122408 -0.060194
    59 2.010092 -0.003202 -0.003377 0.000018 0.000013 0.000026
    60 0.000240 0.099802 -0.000395 -0.018823 0.010833 -0.239219
    61 -0.203197 0.048607 0.069150 -3.093332 0.033217 -0.046722
    62 1.180428 -0.006214 0.000780 -0.000026 0.000012 0.000009
    63 -0.000196 0.099625 -0.000034 0.000000 0.000000 -0.314102
    64 -0.088736 -0.688435 -0.145203 2.930407 -0.136130 0.513013
    65 1.707031 0.000721 -0.000195 0.000000 0.000000 0.000000
    66 -0.000580 0.100145 -0.000311 -0.010912 0.023129 -0.260841
    67 -0.146030 -0.232426 -0.014225 3.028455 -0.094299 0.113020
    68 1.290632 0.000362 -0.000032 0.000000 0.000000 0.000000
    69 -0.658121 -0.003575 0.072645 -0.142711 0.027792 -0.077299
    70 1.871986 -0.003049 0.002176 0.000003 -0.000033 0.000030
    71 1.200079 0.399944 -0.000093 0.009465 -0.016087 0.007127
    72 0.000591 0.100342 0.000319 0.120035 0.021926 -0.209617
    73 0.068077 0.002285 -0.080050 3.111376 -0.069366 -0.060847
    74 2.015780 -0.005083 0.002180 -0.000013 -0.000013 0.000069
    75 0.000229 0.099802 0.000395 0.018823 -0.010833 -0.239219
    76 -0.018673 -0.001009 0.047544 3.109244 0.002635 -0.106673
    77 1.178665 0.001595 0.000845 0.000018 -0.000012 0.000029
    78 -0.000198 0.099628 0.000034 0.000000 0.000000 -0.314102
    79 0.036892 -0.634449 0.266284 -2.801062 0.174301 0.490914
    80 1.704350 -0.002506 -0.004592 -0.000010 0.000023 0.000017
    81 -0.000576 0.100136 0.000311 0.010912 -0.023129 -0.260841
    82 -0.003952 -0.281811 0.115047 -3.059162 0.089004 0.167964
    83 1.289627 0.003949 0.000061 -0.000014 0.000003 0.000003
    84 -0.171528 -0.018148 -0.099873 0.013484 -0.062184 -0.011780
    85 0.919434 -0.000298 -0.000422 0.000000 0.000000 0.000000
    86 -0.342617 0.053404 -0.025571 -2.909301 -0.017248 0.075276
    87 1.100231 -0.000930 -0.002434 0.000009 0.000026 0.000010
    88 -0.384983 0.330998 0.006848 -3.087207 -0.018765 -0.184279
    89 0.678146 0.006192 0.000002 -0.000006 -0.000031 0.000055
    90 -0.123848 0.072737 0.029507 2.898184 -0.060627 0.094834
    91 1.017166 -0.000154 -0.000252 -0.000035 -0.000014 0.000037
    92 -0.344986 0.123129 0.143151 2.994981 0.012396 0.059140
    93 -0.730988 0.177046 0.039141 -0.123731 0.076518 -0.084310
    94 0.925900 0.001298 -0.000896 0.000010 -0.000023 0.000021
    95 -0.124027 -0.052092 0.038496 3.077813 -0.008519 0.039229
    96 1.100430 -0.007458 0.000503 -0.000006 0.000006 0.000035
    97 -0.330082 0.160641 0.042780 3.128073 0.034033 -0.171236
    98 0.675854 0.005438 0.003272 0.000014 0.000015 0.000010
    99 -0.019516 -0.016531 0.038578 -2.763781 0.050305 0.076828
    100 1.018891 0.001206 0.001121 -0.000006 0.000007 0.000018
    101 -0.155312 0.130643 -0.021921 -3.022466 0.022433 -0.024903
    102 -0.252209 0.061937 -0.024914 -0.007671 -0.063171 -0.044392
    103 -0.085991 0.185203 -0.015180 -2.937063 -0.113970 -0.138991
    104 -0.286537 0.179852 0.024264 -3.109353 -0.049645 -0.029915
    105 -0.019489 0.147084 0.079203 2.893815 0.038585 -0.060594
    106 -0.046482 0.251898 0.129548 3.016165 0.077112 -0.042864
    107 0.039120 -0.040298 0.047739 3.084219 0.030470 -0.037414
    108 -0.233757 0.066630 0.001754 -3.133086 0.040141 -0.065413
    109 0.044266 0.020128 0.001684 -2.778763 -0.118872 -0.040488
    110 0.071495 0.074127 -0.048302 -3.035917 -0.059482 0.104366
    111 0.000000 -3.476669 54.337596 -0.002966 -0.003183 -1.570796
    112 -8.484634 -27.735221 40.114505 2.329683 0.127805 -2.139197
    113 -1.142999 -0.001000 0.273999 0.000000 0.000000 1.570816
    114 -0.943998 0.000000 1.776996 0.000000 0.000000 0.000000
    115 2.039996 -0.296999 1.310997 0.000000 0.000000 -1.570817
    116 -0.653999 0.000000 -1.549997 0.000000 0.000000 0.000000
    117 4.078125 0.000000 -0.139893 0.000000 0.000000 0.000000
    118 1.636719 0.000000 -0.501953 0.000000 0.000000 0.000000
    119 2.437500 0.000000 0.764648 0.000000 0.000000 0.000000
    120 -0.898998 0.000000 -1.088998 0.000000 0.000000 0.000000
    121 2.025996 -0.001000 0.680999 0.000000 0.000000 1.570816
    122 0.000000 0.000000 0.000000 0.000000 0.000000 -1.570816
    123 0.711998 0.439999 -0.805998 0.000000 0.000000 1.570815
    124 -1.474998 0.000000 0.073000 0.000000 0.000000 1.570816
    125 1.889997 0.409999 0.284999 1.570815 0.000000 0.000000
    126 0.000000 0.000000 0.000000 0.000000 0.000000 0.000000
    127 -0.106000 0.000000 64.320000 0.000000 0.000000 0.000000
    128 0.000000 0.000000 0.000000 0.000000 0.000000 0.000000
    129 0.000000 0.000000 0.000000 0.000096 0.000192 -0.000012
    130 14.231148 0.000486 0.176865 -0.003103 -0.003212 0.000050
    131 0.106000 0.000000 -64.320000 0.000000 0.000000 0.000000
    132 0.000000 0.000000 0.000000 0.000000 0.000000 0.000000
    133 0.000000 0.000000 -4.867002 0.000000 0.000000 0.000000
    134 0.000000 0.000000 4.867000 0.000000 0.000000 0.000000
    135 4.000000 -6.500000 0.000000 0.000000 0.000000 0.000000
    136 -6.500000 0.000000 0.000000 0.000000 0.000000 0.000000
    137 1.000088 -0.000029 0.000000 0.000000 0.000000 0.000000
    138 17.162516 -0.000404 0.000000 0.000000 0.000000 0.000000
    139 9.999891 -0.000303 0.000000 0.000000 0.000000 0.000000
    140 1.000088 -0.000029 0.000000 0.000000 0.000000 0.000000
    141 17.162516 -0.000404 0.000000 0.000000 0.000000 0.000000
    142 9.499836 0.000212 0.000000 0.000000 0.000000 0.000000
    143 0.000000 0.000000 0.000000 0.000000 0.000000 0.000000
    144 17.749374 0.295515 0.000000 0.000000 0.000000 0.000000
    145 0.017889 0.299792 0.000000 0.000000 0.000000 0.000000
    146 12.283573 1.581456 -4.696000 1.462269 -0.086726 0.090185
    147 17.749376 0.295515 0.000000 0.000000 0.000000 0.000000
    148 0.017889 0.299792 0.000000 0.000000 0.000000 0.000000
    149 13.354000 0.000000 0.000000 0.000000 0.000000 0.000000
    150 4.530998 0.000000 0.000000 0.000000 0.000000 0.000000
    151 0.000000 0.000000 0.000000 0.000000 0.000000 0.000000
    152 5.413524 0.000347 0.000000 0.000000 0.000000 0.000000
    153 5.413524 0.000347 0.000000 0.000000 0.000000 0.000000
    154 4.662002 -5.366333 4.825191 1.569713 1.561305 -3.121213
    155 3.116966 -0.000443 0.000000 0.000000 0.000000 0.000000
    156 0.000000 0.000000 0.000000 0.000000 0.000000 0.000000
    157 -1.607000 0.000000 0.565000 0.000000 0.314158 0.000000
    158 -1.605469 0.000000 0.564453 0.000000 0.314158 0.000000
    159 -1.533000 0.000000 1.131000 -0.262473 -0.000006 1.570754
    160 -1.532227 0.000000 1.130859 -0.262470 -0.000006 1.570749
    161 0.000000 -0.001000 0.000000 0.000000 0.000000 0.000000
    162 3.867000 0.000000 0.228000 0.000000 0.000000 0.000000
    163 3.512001 -3.547000 -1.066000 0.000000 1.570796 0.000000
    164 3.456001 -3.517000 1.169000 0.000000 1.570796 0.000000
    165 6.233002 0.000000 0.000000 0.000000 0.000000 0.000000
    166 -0.171997 -0.106000 -0.902000 1.570713 1.029176 -3.134550
    167 6.241997 -6.380000 0.000000 -0.000012 -0.000096 -0.000192
    168 -3.106999 0.000000 0.669000 0.000000 0.000000 0.000000
    169 -3.106999 0.000000 0.741000 0.000000 0.000000 0.000000
    170 -3.252000 0.000000 0.540000 0.000000 0.000000 0.000000
    171 3.999434 -0.000528 -0.000332 0.022040 -0.000017 -0.000023
    172 3.999901 0.000038 0.001011 0.000006 -0.000001 -0.000001
    173 1.598000 0.000000 0.000000 0.000000 0.000000 0.000000
    174 -1.145525 0.000130 0.000668 0.000000 0.000000 0.000000
    175 2.299681 -2.499979 -0.599480 0.000014 0.000013 -0.000003
    176 -9.580589 -27.860225 -37.183615 0.000147 -0.000010 -0.000139
    177 -9.580679 -27.862110 -37.184673 0.812879 -0.123459 -0.568477
    178 0.649933 -0.548295 0.093651 -1.665913 -0.131399 -0.112062
    179 0.657077 0.008401 0.040371 -1.665945 -0.131407 -0.000013
    180 0.665776 0.747221 -0.029190 -1.665935 -0.131408 0.094976
    181 2.300139 -2.499414 0.600159 -0.000027 -0.000001 -0.000016
    182 -18.909335 -8.427074 0.002100 0.000054 -0.000014 0.000022
    183 2.762354 0.116951 1.523975 1.629482 0.064153 1.743800
    184 7.228323 7.928203 -3.925652 2.328713 0.123459 -0.568477
    185 0.650394 -0.547730 -0.092979 1.665913 0.131399 -0.112062
    186 0.657069 0.008399 -0.040379 1.665945 0.131407 -0.000013
    187 0.665772 0.747219 0.029182 1.665935 0.131408 0.094976
    188 -4.481003 -0.202000 0.000000 0.000000 0.000000 0.000000
    189 -5.516998 -0.291000 -0.001000 0.000000 0.000000 0.000000
    190 -0.857697 0.104070 0.104687 0.023536 0.163924 0.013632
    191 1.899121 0.000427 -0.000439 0.027386 -0.033311 0.477848
    192 1.799658 -0.000240 0.000231 0.027386 -0.033311 0.477848
    193 1.799658 -0.000240 0.000231 0.027386 -0.033311 0.477848
    194 1.799658 -0.000240 0.000231 0.027386 -0.033311 0.477848
    195 1.900312 -0.000137 -0.000517 0.027386 -0.033311 0.477848
    196 1.899436 -0.000320 -0.000151 -0.027386 0.033311 0.477848
    197 1.799664 -0.000233 -0.000233 -0.027386 0.033311 0.477848
    198 1.799664 -0.000233 -0.000233 -0.027386 0.033311 0.477848
    199 1.799664 -0.000233 -0.000233 -0.027386 0.033311 0.477848
    200 1.900729 0.000549 -0.000072 -0.027386 0.033311 0.477848
    201 0.599884 0.400188 -0.000027 0.000000 0.000000 0.000000
    202 0.599888 0.400187 0.000031 0.000000 0.000000 0.000000
    203 0.599503 0.400696 0.000234 0.000000 0.000000 0.000000
    204 0.600399 0.399632 -0.000466 0.000000 0.000000 -0.000095
  time 20
    0 0.000000 0.000000 0.000000 0.000000 0.000000 -1.570796
    1 -0.106000 0.000000 64.320000 0.000000 0.000000 0.000000
    2 0.000000 0.000000 0.000000 0.000000 0.000000 0.000000
    3 -0.904000 0.000000 -11.806000 0.000000 0.000000 0.000000
    4 0.000000 0.000000 -14.313999 0.000000 0.000000 0.000000
    5 3.533001 0.000000 0.000000 0.000000 0.000000 0.000000
    6 6.250000 0.000000 0.000000 0.000000 0.000000 0.000000
    7 9.568951 -0.019507 -1.944020 -0.000078 0.000000 -0.000050
    8 9.584576 -0.011694 1.963564 -0.000144 -0.001311 -0.001190
    9 5.786820 0.002787 -0.004020 -0.022257 0.006449 -0.000148
    10 5.999492 -0.000592 -4.000343 0.000000 0.000000 0.000000
    11 5.791316 0.002582 0.004799 -0.000044 -0.000037 0.000114
    12 5.999492 -0.000592 4.000336 0.000000 0.000000 0.000000
    13 0.500225 0.000133 -0.000088 0.016758 0.000000 0.000000
    14 11.534559 0.004255 -0.001312 -0.000017 0.000009 -0.000878
    15 -0.829338 0.893824 0.079659 -0.148839 0.047645 0.087266
    16 0.500225 0.000132 0.000076 0.000000 0.000012 0.000000
    17 11.536401 0.004432 -0.000089 0.000006 -0.000022 -0.000011
    18 -0.829586 0.894698 -0.079464 0.045377 -0.019621 0.087266
    19 10.599884 0.000105 -0.000553 0.023760 0.000000 0.000000
    20 0.119665 -0.275181 -0.000805 0.000000 0.000011 0.000478
    21 11.042057 0.003717 0.004704 0.023161 -0.007269 -0.003440
    22 -1.214832 0.203470 -0.477489 -0.135025 -0.078677 -0.001289
    23 10.599880 0.000105 0.000549 0.000000 0.000000 0.000000
    24 0.119663 -0.275181 0.000801 0.000012 -0.000011 0.000034
    25 11.041742 0.003171 -0.000571 -0.000003 -0.000013 0.000062
    26 -1.063377 0.077663 0.150230 0.045121 0.020046 -0.012850
    27 0.610302 -0.939470 0.070343 -0.000050 -0.000027 -0.000018
    28 0.639940 -0.199121 0.060188 -0.000051 -0.000016 -0.000004
    29 0.600155 1.080261 -0.339535 -0.000053 -0.000003 0.000015
    30 0.610207 0.400743 -0.010101 -0.000108 -0.000015 0.000003
    31 0.634715 -0.693997 -0.236250 0.000016 0.000017 -0.000067
    32 -0.792125 0.203736 0.461300 1.439074 -0.003453 -0.018305
    33 0.610300 -0.939469 -0.070351 0.000050 0.000015 -0.000018
    34 0.639937 -0.199121 -0.060200 0.000051 0.000005 -0.000016
    35 0.600157 1.080259 0.339531 0.000053 -0.000021 0.000015
    36 0.610205 0.400743 0.010086 0.000108 0.000003 0.000003
    37 0.629883 -0.689453 0.230347 0.000000 0.000000 0.000000
    38 -0.626031 -0.069983 -0.080517 -1.447153 0.086151 0.021559
    39 2.621377 -0.002532 -0.001438 0.000015 -0.000019 0.000018
    40 2.660837 0.000397 -0.000071 -0.000015 -0.000005 0.000051
    41 2.206394 0.003368 -0.002863 -0.000002 0.000004 0.000012
    42 0.599952 0.959240 -0.300102 -0.174544 0.000000 0.000000
    43 2.557190 -0.005873 0.002453 -0.000001 0.000023 0.000037
    44 2.095024 -0.003873 -0.006100 -0.000007 -0.000002 0.000006
    45 0.999380 -0.000236 -1.209370 -0.000001 0.000000 0.000000
    46 -0.122639 -0.721856 0.661690 -0.486644 0.223964 0.243056
    47 2.622113 -0.000648 0.006647 -0.000019 0.000002 0.000003
    48 2.657909 0.004589 -0.000533 0.000030 0.000015 0.000022
    49 2.203922 0.001663 0.000836 0.000000 -0.000013 -0.000008
    50 0.599951 0.959244 0.300102 0.174544 0.000000 0.000000
    51 2.556570 -0.004291 0.000554 -0.000002 0.000009 0.000037
    52 2.097656 -0.000093 -0.000404 0.000000 0.000000 0.000000
    53 0.999374 -0.000237 1.209362 0.000000 0.000000 0.000001
    54 0.310846 -0.606445 -0.498005 0.308107 -0.197598 0.313976
    55 1.873069 -0.004741 -0.000994 -0.000007 0.000004 0.000036
    56 1.200941 0.399582 -0.000237 -0.009465 0.016087 0.007127
    57 0.000586 0.100342 -0.000319 -0.120035 -0.021926 -0.209617
    58 -0.161663 0.051712 0.194808 -2.941982 0.122408 -0.060194
    59 2.010092 -0.003202 -0.003377 0.000018 0.000013 0.000026
    60 0.000240 0.099802 -0.000395 -0.018823 0.010833 -0.239219
    61 -0.203197 0.048607 0.069150 -3.093332 0.033217 -0.046722
    62 1.180428 -0.006214 0.000780 -0.000026 0.000012 0.000009
    63 -0.000196 0.099625 -0.000034 0.000000 0.000000 -0.314102
    64 -0.088736 -0.688435 -0.145203 2.930407 -0.136130 0.513013
    65 1.707031 0.000721 -0.000195 0.000000 0.000000 0.000000
    66 -0.000580 0.100145 -0.000311 -0.010912 0.023129 -0.260841
    67 -0.146030 -0.232426 -0.014225 3.028455 -0.094299 0.113020
    68 1.290632 0.000362 -0.000032 0.000000 0.000000 0.000000
    69 -0.658121 -0.003575 0.072645 -0.142711 0.027792 -0.077299
    70 1.868080 -0.003049 0.006083 0.000003 -0.000033 0.000030
    71 1.200079 0.399944 -0.000093 0.009465 -0.016087 0.007127
    72 0.000591 0.100342 0.000319 0.120035 0.021926 -0.209617
    73 0.068077 0.002285 -0.080050 3.111376 -0.069366 -0.060847
    74 2.015780 -0.005083 0.006086 -0.000013 -0.000013 0.000069
    75 0.000229 0.099802 0.000395 0.018823 -0.010833 -0.239219
    76 -0.018673 -0.001009 0.047544 3.109244 0.002635 -0.106673
    77 1.178665 0.001595 0.000845 0.000018 -0.000012 0.000029
    78 -0.000198 0.099628 0.000034 0.000000 0.000000 -0.314102
    79 0.036892 -0.634449 0.266284 -2.801062 0.174301 0.490914
    80 1.704350 -0.002506 -0.004592 -0.000010 0.000023 0.000046
    81 -0.000576 0.100136 0.000311 0.010912 -0.023129 -0.260841
    82 -0.003952 -0.281811 0.115047 -3.059162 0.089004 0.167964
    83 1.289627 0.003949 0.000061 -0.000014 0.000003 0.000003
    84 -0.171528 -0.018148 -0.099873 0.013484 -0.062184 -0.011780
    85 0.919434 -0.000298 -0.000422 0.000000 0.000000 0.000000
    86 -0.342617 0.053404 -0.025571 -2.909301 -0.017248 0.075276
    87 1.100231 -0.000930 -0.002434 0.000009 0.000026 0.000010
    88 -0.384983 0.330998 0.006848 -3.087207 -0.018765 -0.184279
    89 0.678146 0.006192 -0.003905 -0.000006 -0.000031 0.000055
    90 -0.123848 0.072737 0.029507 2.898184 -0.060627 0.094834
    91 1.017166 -0.000154 -0.000252 -0.000023 -0.000014 0.000037
    92 -0.344986 0.123129 0.143151 2.994981 0.012396 0.059140
    93 -0.730988 0.177046 0.039141 -0.123731 0.076518 -0.084310
    94 0.925900 0.001298 -0.000896 0.000010 -0.000011 0.000021
    95 -0.124027 -0.052092 0.038496 3.077813 -0.008519 0.039229
    96 1.100430 -0.007458 0.000503 -0.000006 0.000006 0.000035
    97 -0.330082 0.160641 0.042780 3.128073 0.034033 -0.171236
    98 0.675854 0.005438 0.003272 0.000014 0.000015 0.000010
    99 -0.019516 -0.016531 0.038578 -2.763781 0.050305 0.076828
    100 1.014985 0.001206 0.001121 -0.000006 0.000007 0.000018
    101 -0.155312 0.130643 -0.021921 -3.022466 0.022433 -0.024903
    102 -0.252209 0.061937 -0.024914 -0.007671 -0.063171 -0.044392
    103 -0.085991 0.185203 -0.015180 -2.937063 -0.113970 -0.138991
    104 -0.286537 0.179852 0.024264 -3.109353 -0.049645 -0.029915
    105 -0.019489 0.147084 0.079203 2.893815 0.038585 -0.060594
    106 -0.046482 0.251898 0.129548 3.016165 0.077112 -0.042864
    107 0.039120 -0.040298 0.047739 3.084219 0.030470 -0.037414
    108 -0.233757 0.066630 0.001754 -3.133086 0.040141 -0.065413
    109 0.044266 0.020128 0.001684 -2.778763 -0.118872 -0.040488
    110 0.071495 0.074127 -0.048302 -3.035917 -0.059482 0.104366
    111 0.007813 -3.445418 54.349315 0.001244 0.000281 -1.569769
    112 -8.453383 -27.797723 40.169195 2.329076 0.122131 -2.140211
    113 -1.142999 -0.001000 0.273999 0.000000 0.000000 1.570816
    114 -0.943998 0.000000 1.776996 0.000000 0.000000 0.000000
    115 2.039996 -0.296999 1.310997 0.000000 0.000000 -1.570817
    116 -0.653999 0.000000 -1.549997 0.000000 0.000000 0.000000
    117 4.078125 0.000000 -0.139893 0.000000 0.000000 0.000000
    118 1.636719 0.000000 -0.501953 0.000000 0.000000 0.000000
    119 2.437500 0.000000 0.764648 0.000000 0.000000 0.000000
    120 -0.898998 0.000000 -1.088998 0.000000 0.000000 0.000000
    121 2.025996 -0.001000 0.680999 0.000000 0.000000 1.570816
    122 0.000000 0.000000 0.000000 0.000000 0.000000 -1.570816
    123 0.711998 0.439999 -0.805998 0.000000 0.000000 1.570815
    124 -1.474998 0.000000 0.073000 0.000000 0.000000 1.570816
    125 1.889997 0.409999 0.284999 1.570815 0.000000 0.000000
    126 0.000000 0.000000 0.000000 0.000000 0.000000 0.000000
    127 -0.106000 0.000000 64.320000 0.000000 0.000000 0.000000
    128 0.000000 0.000000 0.000000 0.000000 0.000000 0.000000
    129 0.000000 0.000000 0.000000 0.000000 0.000000 0.000000
    130 14.192084 0.020018 0.153427 0.001271 0.000252 0.000984
    131 0.106000 0.000000 -64.320000 0.000000 0.000000 0.000000
    132 0.000000 0.000000 0.000000 0.000000 0.000000 0.000000
    133 0.000000 0.000000 -4.867002 0.000000 0.000000 0.000000
    134 0.000000 0.000000 4.867000 0.000000 0.000000 0.000000
    135 4.000000 -6.500000 0.000000 0.000000 0.000000 0.000000
    136 -6.500000 0.000000 0.000000 0.000000 0.000000 0.000000
    137 1.000088 -0.000029 0.000000 0.000000 0.000000 0.000000
    138 17.162516 -0.000404 0.000000 0.000000 0.000000 0.000000
    139 9.999891 -0.000303 0.000000 0.000000 0.000000 0.000000
    140 1.000088 -0.000029 0.000000 0.000000 0.000000 0.000000
    141 17.162516 -0.000404 0.000000 0.000000 0.000000 0.000000
    142 9.499836 0.000212 0.000000 0.000000 0.000000 0.000000
    143 0.000000 0.000000 0.000000 0.000000 0.000000 0.000000
    144 17.749374 0.295515 0.000000 0.000000 0.000000 0.000000
    145 0.017889 0.299792 0.000000 0.000000 0.000000 0.000000
    146 12.283573 1.581456 -4.696000 1.462269 -0.086726 0.090185
    147 17.749376 0.295515 0.000000 0.000000 0.000000 0.000000
    148 0.017889 0.299792 0.000000 0.000000 0.000000 0.000000
    149 13.354000 0.000000 0.000000 0.000000 0.000000 0.000000
    150 4.530998 0.000000 0.000000 0.000000 0.000000 0.000000
    151 0.000000 0.000000 0.000000 0.000000 0.000000 0.000000
    152 5.413524 0.000347 0.000000 0.000000 0.000000 0.000000
    153 5.413524 0.000347 0.000000 0.000000 0.000000 0.000000
    154 4.662002 -5.366333 4.825191 1.569713 1.561305 -3.121213
    155 3.116966 -0.000443 0.000000 0.000000 0.000000 0.000000
    156 0.000000 0.000000 0.000000 0.000000 0.000000 0.000000
    157 -1.607000 0.000000 0.565000 0.000000 0.314158 0.000000
    158 -1.605469 0.000000 0.564453 0.000000 0.314158 0.000000
    159 -1.533000 0.000000 1.131000 -0.262473 -0.000006 1.570754
    160 -1.532227 0.000000 1.130859 -0.262470 -0.000006 1.570749
    161 0.000000 -0.001000 0.000000 0.000000 0.000000 0.000000
    162 3.867000 0.000000 0.228000 0.000000 0.000000 0.000000
    163 3.512001 -3.547000 -1.066000 0.000000 1.570796 0.000000
    164 3.456001 -3.517000 1.169000 0.000000 1.570796 0.000000
    165 6.233002 0.000000 0.000000 0.000000 0.000000 0.000000
    166 -0.171997 -0.106000 -0.902000 1.570713 1.029176 -3.134550
    167 6.241997 -6.380000 0.000000 0.000000 0.000000 0.000000
    168 -3.106999 0.000000 0.669000 0.000000 0.000000 0.000000
    169 -3.106999 0.000000 0.741000 0.000000 0.000000 0.000000
    170 -3.252000 0.000000 0.540000 0.000000 0.000000 0.000000
    171 3.999434 -0.000528 -0.000332 0.013457 -0.000029 -0.000023
    172 3.999901 0.000038 0.001011 0.000006 -0.000001 -0.000001
    173 1.598000 0.000000 0.000000 0.000000 0.000000 0.000000
    174 -1.145525 0.000130 0.000668 0.000000 0.000000 0.000000
    175 2.299681 -2.499979 -0.599480 0.000014 0.000013 -0.000003
    176 -9.580589 -27.860225 -37.183615 0.000147 -0.000010 -0.000139
    177 -9.580679 -27.862110 -37.184673 0.812879 -0.123459 -0.568477
    178 0.649933 -0.548295 0.093651 -1.665913 -0.131399 -0.112062
    179 0.657077 0.008401 0.040371 -1.665945 -0.131407 -0.000013
    180 0.665776 0.747221 -0.029190 -1.665935 -0.131408 0.094976
    181 2.300139 -2.499414 0.600159 -0.000027 -0.000013 -0.000016
    182 -18.909335 -8.423168 0.006006 0.000054 -0.000014 0.000022
    183 2.762354 0.116951 1.523975 1.629482 0.064153 1.743800
    184 7.228323 7.928203 -3.925652 2.328713 0.123459 -0.568477
    185 0.650394 -0.547730 -0.092979 1.665913 0.131399 -0.112062
    186 0.657069 0.008399 -0.040379 1.665945 0.131407 -0.000013
    187 0.665772 0.747219 0.029182 1.665935 0.131408 0.094976
    188 -4.481003 -0.202000 0.000000 0.000000 0.000000 0.000000
    189 -5.516998 -0.291000 -0.001000 0.000000 0.000000 0.000000
    190 -0.857697 0.104070 0.104687 0.023536 0.163924 0.013632
    191 1.899121 0.000427 -0.000439 0.027386 -0.033311 0.477848
    192 1.799658 -0.000240 0.000231 0.027386 -0.033311 0.477848
    193 1.799658 -0.000240 0.000231 0.027386 -0.033311 0.477848
    194 1.799658 -0.000240 0.000231 0.027386 -0.033311 0.477848
    195 1.900312 -0.000137 -0.000517 0.027386 -0.033311 0.477848
    196 1.899436 -0.000320 -0.000151 -0.027386 0.033311 0.477848
    197 1.799664 -0.000233 -0.000233 -0.027386 0.033311 0.477848
    198 1.799664 -0.000233 -0.000233 -0.027386 0.033311 0.477848
    199 1.799664 -0.000233 -0.000233 -0.027386 0.033311 0.477848
    200 1.900729 0.000549 -0.000072 -0.027386 0.033311 0.477848
    201 0.599884 0.400188 -0.000027 0.000000 0.000000 0.000000
    202 0.599888 0.400187 0.000031 0.000000 0.000000 0.000000
    203 0.599503 0.400696 0.000234 0.000000 0.000000 0.000000
    204 0.600399 0.399632 -0.000466 0.000000 0.000000 -0.000095
  time 21
    0 0.000000 0.000000 0.000000 0.000000 0.000000 -1.570796
    1 -0.106000 0.000000 64.320000 0.000000 0.000000 0.000000
    2 0.000000 0.000000 0.000000 0.000000 0.000000 0.000000
    3 -0.904000 0.000000 -11.806000 0.000000 0.000000 0.000000
    4 0.000000 0.000000 -14.313999 0.000000 0.000000 0.000000
    5 3.533001 0.000000 0.000000 0.000000 0.000000 0.000000
    6 6.250000 0.000000 0.000000 0.000000 0.000000 0.000000
    7 9.568951 -0.019507 -1.944020 -0.000078 0.000000 -0.000050
    8 9.600202 -0.011694 1.940126 -0.000144 -0.000929 -0.000810
    9 5.786820 0.002787 -0.004020 -0.010007 0.002563 0.001255
    10 5.999492 -0.000592 -4.000343 0.000000 0.000000 0.000000
    11 5.791316 0.002582 0.000893 -0.000044 -0.000037 0.000114
    12 5.999492 -0.000592 4.000336 0.000000 0.000000 0.000000
    13 0.500225 0.000133 -0.000088 0.007492 0.000000 0.000000
    14 11.534559 0.004255 -0.001312 -0.000017 0.000009 -0.003453
    15 -0.829338 0.893824 0.079659 -0.148839 0.047645 0.087266
    16 0.500225 0.000132 0.000076 0.000000 0.000000 0.000000
    17 11.532495 0.004432 -0.000089 0.000006 -0.000022 -0.000011
    18 -0.829586 0.894698 -0.079464 0.045377 -0.019621 0.087266
    19 10.599884 0.000105 -0.000553 0.009881 0.000000 -0.000060
    20 0.119665 -0.275181 -0.000805 0.000000 0.000011 0.000329
    21 11.042057 0.003717 0.000798 0.011159 -0.004618 0.001165
    22 -1.214832 0.203470 -0.477489 -0.135025 -0.078677 -0.001289
    23 10.599880 0.000105 0.000549 0.000000 0.000000 0.000000
    24 0.119663 -0.275181 0.000801 0.000000 -0.000011 0.000034
    25 11.041742 0.003171 -0.000571 -0.000003 0.000016 0.000062
    26 -1.063377 0.077663 0.150230 0.045121 0.020046 -0.012850
    27 0.610302 -0.939470 0.070343 -0.000050 -0.000027 -0.000018
    28 0.639940 -0.199121 0.060188 -0.000051 -0.000016 -0.000004
    29 0.600155 1.080261 -0.339535 -0.000053 -0.000003 0.000015
    30 0.610207 0.400743 -0.010101 -0.000108 -0.000015 0.000003
    31 0.634715 -0.693997 -0.232343 0.000016 0.000017 -0.000067
    32 -0.792125 0.203736 0.461300 1.439074 -0.003453 -0.018305
    33 0.610300 -0.939469 -0.070351 0.000050 0.000015 -0.000018
    34 0.639937 -0.199121 -0.060200 0.000051 0.000017 -0.000016
    35 0.600157 1.080259 0.339531 0.000053 -0.000021 0.000015
    36 0.610205 0.400743 0.010086 0.000108 0.000003 0.000003
    37 0.629883 -0.689453 0.230347 0.000000 0.000000 0.000000
    38 -0.626031 -0.069983 -0.080517 -1.447153 0.086151 0.021559
    39 2.621377 -0.002532 -0.001438 0.000015 -0.000019 0.000018
    40 2.664743 0.000397 -0.000071 -0.000015 -0.000017 0.000051
    41 2.206394 0.003368 -0.002863 -0.000002 0.000004 0.000012
    42 0.599952 0.959240 -0.300102 -0.174544 0.000000 0.000000
    43 2.557190 -0.005873 0.006359 0.000013 0.000023 0.000037
    44 2.095024 -0.003873 -0.006100 -0.000007 -0.000002 0.000006
    45 0.999380 -0.000236 -1.209370 -0.000001 0.000000 0.000000
    46 -0.122639 -0.721856 0.661690 -0.486644 0.223964 0.243056
    47 2.622113 -0.000648 0.006647 -0.000019 0.000002 0.000003
    48 2.657909 0.004589 -0.000533 0.000018 0.000015 0.000022
    49 2.200016 0.001663 0.000836 0.000000 -0.000013 0.000047
    50 0.599951 0.959244 0.300102 0.174544 0.000000 0.000000
    51 2.552663 -0.004291 0.000554 -0.000002 0.000009 0.000037
    52 2.097656 -0.000093 -0.000404 0.000000 0.000000 0.000000
    53 0.999374 -0.000237 1.209362 0.000000 0.000000 0.000001
    54 0.310846 -0.606445 -0.498005 0.308107 -0.197598 0.313976
    55 1.873069 -0.004741 -0.000994 -0.000007 0.000004 0.000036
    56 1.200941 0.399582 -0.000237 -0.009465 0.016087 0.007127
    57 0.000586 0.100342 -0.000319 -0.120035 -0.021926 -0.209617
    58 -0.161663 0.051712 0.194808 -2.941982 0.122408 -0.060194
    59 2.010092 -0.003202 -0.003377 0.000018 0.000013 0.000026
    60 0.000240 0.099802 -0.000395 -0.018823 0.010833 -0.239219
    61 -0.203197 0.048607 0.069150 -3.093332 0.033217 -0.046722
    62 1.180428 -0.006214 0.000780 -0.000026 0.000012 0.000009
    63 -0.000196 0.099625 -0.000034 0.000000 0.000000 -0.314102
    64 -0.088736 -0.688435 -0.145203 2.930407 -0.136130 0.513013
    65 1.707031 0.000721 -0.000195 0.000000 0.000000 0.000000
    66 -0.000580 0.100145 -0.000311 -0.010912 0.023129 -0.260841
    67 -0.146030 -0.232426 -0.014225 3.028455 -0.094299 0.113020
    68 1.290632 0.000362 -0.000032 0.000000 0.000000 0.000000
    69 -0.658121 -0.003575 0.072645 -0.142711 0.027792 -0.077299
    70 1.871986 -0.003049 0.002176 0.000003 -0.000021 0.000030
    71 1.200079 0.399944 -0.000093 0.009465 -0.016087 0.007127
    72 0.000591 0.100342 0.000319 0.120035 0.021926 -0.209617
    73 0.068077 0.002285 -0.080050 3.111376 -0.069366 -0.060847
    74 2.015780 -0.005083 0.002180 -0.000013 -0.000013 0.000069
    75 0.000229 0.099802 0.000395 0.018823 -0.010833 -0.239219
    76 -0.018673 -0.001009 0.047544 3.109244 0.002635 -0.106673
    77 1.178665 0.001595 0.000845 0.000018 -0.000012 0.000029
    78 -0.000198 0.099628 0.000034 0.000000 0.000000 -0.314102
    79 0.036892 -0.634449 0.266284 -2.801062 0.174301 0.490914
    80 1.704350 -0.002506 -0.004592 -0.000010 0.000023 0.000046
    81 -0.000576 0.100136 0.000311 0.010912 -0.023129 -0.260841
    82 -0.003952 -0.281811 0.115047 -3.059162 0.089004 0.167964
    83 1.289627 0.003949 0.000061 -0.000014 0.000003 0.000003
    84 -0.171528 -0.018148 -0.099873 0.013484 -0.062184 -0.011780
    85 0.919434 -0.000298 -0.000422 0.000000 0.000000 0.000000
    86 -0.342617 0.053404 -0.025571 -2.909301 -0.017248 0.075276
    87 1.100231 -0.000930 -0.002434 0.000009 0.000026 0.000010
    88 -0.384983 0.330998 0.006848 -3.087207 -0.018765 -0.184279
    89 0.678146 0.006192 0.000002 -0.000018 -0.000019 0.000055
    90 -0.123848 0.072737 0.029507 2.898184 -0.060627 0.094834
    91 1.017166 -0.000154 -0.000252 -0.000023 -0.000014 0.000037
    92 -0.344986 0.123129 0.143151 2.994981 0.012396 0.059140
    93 -0.730988 0.177046 0.039141 -0.123731 0.076518 -0.084310
    94 0.925900 0.001298 -0.000896 -0.000002 -0.000011 0.000021
    95 -0.124027 -0.052092 0.038496 3.077813 -0.008519 0.039229
    96 1.100430 -0.007458 0.000503 -0.000006 0.000018 0.000035
    97 -0.330082 0.160641 0.042780 3.128073 0.034033 -0.171236
    98 0.675854 0.005438 0.003272 0.000014 0.000015 0.000010
    99 -0.019516 -0.016531 0.038578 -2.763781 0.050305 0.076828
    100 1.014985 0.001206 0.001121 0.000006 0.000007 0.000018
    101 -0.155312 0.130643 -0.021921 -3.022466 0.022433 -0.024903
    102 -0.252209 0.061937 -0.024914 -0.007671 -0.063171 -0.044392
    103 -0.085991 0.185203 -0.015180 -2.937063 -0.113970 -0.138991
    104 -0.286537 0.179852 0.024264 -3.109353 -0.049645 -0.029915
    105 -0.019489 0.147084 0.079203 2.893815 0.038585 -0.060594
    106 -0.046482 0.251898 0.129548 3.016165 0.077112 -0.042864
    107 0.039120 -0.040298 0.047739 3.084219 0.030470 -0.037414
    108 -0.233757 0.066630 0.001754 -3.133086 0.040141 -0.065413
    109 0.044266 0.020128 0.001684 -2.778763 -0.118872 -0.040488
    110 0.071495 0.074127 -0.048302 -3.035917 -0.059482 0.104366
    111 0.000000 -3.437605 54.333689 0.000765 0.000140 -1.570236
    112 -8.449477 -27.813349 40.145756 2.328924 0.122596 -2.139934
    113 -1.142999 -0.001000 0.273999 0.000000 0.000000 1.570816
    114 -0.943998 0.000000 1.776996 0.000000 0.000000 0.000000
    115 2.039996 -0.296999 1.310997 0.000000 0.000000 -1.570817
    116 -0.653999 0.000000 -1.549997 0.000000 0.000000 0.000000
    117 4.078125 0.000000 -0.139893 0.000000 0.000000 0.000000
    118 1.636719 0.000000 -0.501953 0.000000 0.000000 0.000000
    119 2.437500 0.000000 0.764648 0.000000 0.000000 0.000000
    120 -0.898998 0.000000 -1.088998 0.000000 0.000000 0.000000
    121 2.025996 -0.001000 0.680999 0.000000 0.000000 1.570816
    122 0.000000 0.000000 0.000000 0.000000 0.000000 -1.570816
    123 0.711998 0.439999 -0.805998 0.000000 0.000000 1.570815
    124 -1.474998 0.000000 0.073000 0.000000 0.000000 1.570816
    125 1.889997 0.409999 0.284999 1.570815 0.000000 0.000000
    126 0.000000 0.000000 0.000000 0.000000 0.000000 0.000000
    127 -0.106000 0.000000 64.320000 0.000000 0.000000 0.000000
    128 0.000000 0.000000 0.000000 0.000000 0.000000 0.000000
    129 0.000000 0.000000 0.000000 -0.000120 -0.000180 0.000000
    130 14.184272 0.000486 0.141708 0.000842 0.000159 0.000517
    131 0.106000 0.000000 -64.320000 0.000000 0.000000 0.000000
    132 0.000000 0.000000 0.000000 0.000000 0.000000 0.000000
    133 0.000000 0.000000 -4.867002 0.000000 0.000000 0.000000
    134 0.000000 0.000000 4.867000 0.000000 0.000000 0.000000
    135 4.000000 -6.500000 0.000000 0.000000 0.000000 0.000000
    136 -6.500000 0.000000 0.000000 0.000000 0.000000 0.000000
    137 1.000088 -0.000029 0.000000 0.000000 0.000000 0.000000
    138 17.162516 -0.000404 0.000000 0.000000 0.000000 0.000000
    139 9.999891 -0.000303 0.000000 0.000000 0.000000 0.000000
    140 1.000088 -0.000029 0.000000 0.000000 0.000000 0.000000
    141 17.162516 -0.000404 0.000000 0.000000 0.000000 0.000000
    142 9.499836 0.000212 0.000000 0.000000 0.000000 0.000000
    143 0.000000 0.000000 0.000000 0.000000 0.000000 0.000000
    144 17.749374 0.295515 0.000000 0.000000 0.000000 0.000000
    145 0.017889 0.299792 0.000000 0.000000 0.000000 0.000000
    146 12.283573 1.581456 -4.696000 1.462269 -0.086726 0.090185
    147 17.749376 0.295515 0.000000 0.000000 0.000000 0.000000
    148 0.017889 0.299792 0.000000 0.000000 0.000000 0.000000
    149 13.354000 0.000000 0.000000 0.000000 0.000000 0.000000
    150 4.530998 0.000000 0.000000 0.000000 0.000000 0.000000
    151 0.000000 0.000000 0.000000 0.000000 0.000000 0.000000
    152 5.413524 0.000347 0.000000 0.000000 0.000000 0.000000
    153 5.413524 0.000347 0.000000 0.000000 0.000000 0.000000
    154 4.662002 -5.366333 4.825191 1.569713 1.561305 -3.121213
    155 3.116966 -0.000443 0.000000 0.000000 0.000000 0.000000
    156 0.000000 0.000000 0.000000 0.000000 0.000000 0.000000
    157 -1.607000 0.000000 0.565000 0.000000 0.314158 0.000000
    158 -1.605469 0.000000 0.564453 0.000000 0.314158 0.000000
    159 -1.533000 0.000000 1.131000 -0.262473 -0.000006 1.570754
    160 -1.532227 0.000000 1.130859 -0.262470 -0.000006 1.570749
    161 0.000000 -0.001000 0.000000 0.000000 0.000000 0.000000
    162 3.867000 0.000000 0.228000 0.000000 0.000000 0.000000
    163 3.512001 -3.547000 -1.066000 0.000000 1.570796 0.000000
    164 3.456001 -3.517000 1.169000 0.000000 1.570796 0.000000
    165 6.233002 0.000000 0.000000 0.000000 0.000000 0.000000
    166 -0.171997 -0.106000 -0.902000 1.570713 1.029176 -3.134550
    167 6.241997 -6.380000 0.000000 0.000000 0.000120 0.000180
    168 -3.106999 0.000000 0.669000 0.000000 0.000000 0.000000
    169 -3.106999 0.000000 0.741000 0.000000 0.000000 0.000000
    170 -3.252000 0.000000 0.540000 0.000000 0.000000 0.000000
    171 3.999434 -0.000528 -0.000332 0.004874 -0.000053 -0.000023
    172 3.999901 0.000038 0.001011 0.000006 -0.000001 -0.000001
    173 1.598000 0.000000 0.000000 0.000000 0.000000 0.000000
    174 -1.145525 0.000130 0.000668 0.000000 0.000000 0.000000
    175 2.299681 -2.499979 -0.599480 0.000014 0.000013 -0.000003
    176 -9.580589 -27.856319 -37.179709 0.000147 -0.000010 -0.000139
    177 -9.580679 -27.862110 -37.184673 0.812879 -0.123459 -0.568477
    178 0.649933 -0.548295 0.093651 -1.665913 -0.131399 -0.112062
    179 0.657077 0.008401 0.040371 -1.665945 -0.131407 -0.000013
    180 0.665776 0.747221 -0.029190 -1.665935 -0.131408 0.094976
    181 2.300139 -2.499414 0.600159 -0.000027 -0.000013 -0.000016
    182 -18.905429 -8.423168 0.002100 0.000054 -0.000014 0.000022
    183 2.762354 0.116951 1.523975 1.629482 0.064153 1.743800
    184 7.228323 7.928203 -3.925652 2.328713 0.123459 -0.568477
    185 0.650394 -0.547730 -0.092979 1.665913 0.131399 -0.112062
    186 0.657069 0.008399 -0.040379 1.665945 0.131407 -0.000013
    187 0.665772 0.747219 0.029182 1.665935 0.131408 0.094976
    188 -4.481003 -0.202000 0.000000 0.000000 0.000000 0.000000
    189 -5.516998 -0.291000 -0.001000 0.000000 0.000000 0.000000
    190 -0.857697 0.104070 0.104687 0.023536 0.163924 0.013632
    191 1.899121 0.000427 -0.000439 0.027386 -0.033311 0.477848
    192 1.799658 -0.000240 0.000231 0.027386 -0.033311 0.477848
    193 1.799658 -0.000240 0.000231 0.027386 -0.033311 0.477848
    194 1.799658 -0.000240 0.000231 0.027386 -0.033311 0.477848
    195 1.900312 -0.000137 -0.000517 0.027386 -0.033311 0.477848
    196 1.899436 -0.000320 -0.000151 -0.027386 0.033311 0.477848
    197 1.799664 -0.000233 -0.000233 -0.027386 0.033311 0.477848
    198 1.799664 -0.000233 -0.000233 -0.027386 0.033311 0.477848
    199 1.799664 -0.000233 -0.000233 -0.027386 0.033311 0.477848
    200 1.900729 0.000549 -0.000072 -0.027386 0.033311 0.477848
    201 0.599884 0.400188 -0.000027 0.000000 0.000000 0.000000
    202 0.599888 0.400187 0.000031 0.000000 0.000000 0.000000
    203 0.599503 0.400696 0.000234 0.000000 0.000000 0.000000
    204 0.600399 0.399632 -0.000466 0.000000 0.000000 -0.000095
  time 22
    0 0.000000 0.000000 0.000000 0.000000 0.000000 -1.570796
    1 -0.106000 0.000000 64.320000 0.000000 0.000000 0.000000
    2 0.000000 0.000000 0.000000 0.000000 0.000000 0.000000
    3 -0.904000 0.000000 -11.806000 0.000000 0.000000 0.000000
    4 0.000000 0.000000 -14.313999 0.000000 0.000000 0.000000
    5 3.533001 0.000000 0.000000 0.000000 0.000000 0.000000
    6 6.250000 0.000000 0.000000 0.000000 0.000000 0.000000
    7 9.568951 -0.019507 -1.944020 -0.000078 0.000000 -0.000050
    8 9.580670 -0.011694 1.940126 -0.000052 -0.000438 -0.000526
    9 5.786820 0.002787 -0.004020 -0.002369 0.000606 0.000664
    10 5.999492 -0.000592 -4.000343 0.000000 0.000000 0.000000
    11 5.787410 0.002582 0.000893 -0.000044 -0.000037 0.000114
    12 5.999492 -0.000592 4.000336 0.000000 0.000000 0.000000
    13 0.500225 0.000133 -0.000088 0.001859 0.000000 0.000000
    14 11.534559 0.004255 -0.001312 -0.000017 0.000009 -0.001625
    15 -0.829338 0.893824 0.079659 -0.148839 0.047645 0.087266
    16 0.500225 0.000132 0.000076 0.000000 0.000000 0.000000
    17 11.532495 0.004432 -0.000089 0.000006 -0.000022 -0.000011
    18 -0.829586 0.894698 -0.079464 0.045377 -0.019621 0.087266
    19 10.599884 0.000105 -0.000553 0.002294 0.000000 -0.000060
    20 0.119665 -0.275181 -0.000805 0.000000 0.000011 0.000181
    21 11.042057 0.003717 0.000798 0.003003 -0.001518 0.000987
    22 -1.214832 0.203470 -0.477489 -0.135025 -0.078677 -0.001289
    23 10.599880 0.000105 0.000549 0.000000 0.000000 0.000000
    24 0.119663 -0.275181 0.000801 0.000000 -0.000011 0.000034
    25 11.041742 0.003171 -0.000571 -0.000003 0.000016 0.000062
    26 -1.063377 0.077663 0.150230 0.045121 0.020046 -0.012850
    27 0.610302 -0.939470 0.070343 -0.000050 -0.000027 -0.000018
    28 0.639940 -0.199121 0.060188 -0.000051 -0.000016 -0.000004
    29 0.600155 1.080261 -0.339535 -0.000053 -0.000003 0.000015
    30 0.610207 0.400743 -0.010101 -0.000108 -0.000015 0.000003
    31 0.634715 -0.693997 -0.236250 0.000016 0.000017 -0.000067
    32 -0.792125 0.203736 0.461300 1.439074 -0.003453 -0.018305
    33 0.610300 -0.939469 -0.070351 0.000050 0.000015 -0.000018
    34 0.639937 -0.199121 -0.060200 0.000051 0.000017 -0.000004
    35 0.600157 1.080259 0.339531 0.000053 -0.000021 0.000015
    36 0.610205 0.400743 0.010086 0.000108 0.000003 0.000003
    37 0.629883 -0.689453 0.230347 0.000000 0.000000 0.000000
    38 -0.626031 -0.069983 -0.080517 -1.447153 0.086151 0.021559
    39 2.621377 -0.002532 -0.001438 0.000015 -0.000019 0.000018
    40 2.660837 0.000397 -0.000071 -0.000015 -0.000017 0.000051
    41 2.206394 0.003368 -0.002863 -0.000002 -0.000025 0.000012
    42 0.599952 0.959240 -0.300102 -0.174544 0.000000 0.000000
    43 2.553283 -0.005873 0.002453 0.000013 0.000023 0.000037
    44 2.095024 -0.003873 -0.006100 -0.000007 -0.000002 0.000006
    45 0.999380 -0.000236 -1.209370 -0.000001 0.000000 0.000000
    46 -0.122639 -0.721856 0.661690 -0.486644 0.223964 0.243056
    47 2.622113 -0.000648 0.002741 -0.000019 0.000002 0.000003
    48 2.657909 0.004589 -0.000533 0.000018 0.000003 0.000022
    49 2.200016 0.001663 0.004743 0.000000 -0.000013 0.000047
    50 0.599951 0.959244 0.300102 0.174544 0.000000 0.000000
    51 2.556570 -0.004291 0.000554 -0.000002 0.000009 0.000037
    52 2.097656 -0.000093 -0.000404 0.000000 0.000000 0.000000
    53 0.999374 -0.000237 1.209362 0.000000 0.000000 0.000001
    54 0.310846 -0.606445 -0.498005 0.308107 -0.197598 0.313976
    55 1.873069 -0.004741 -0.004901 -0.000007 0.000004 0.000036
    56 1.200941 0.399582 -0.000237 -0.009465 0.016087 0.007127
    57 0.000586 0.100342 -0.000319 -0.120035 -0.021926 -0.209617
    58 -0.161663 0.051712 0.194808 -2.941982 0.122408 -0.060194
    59 2.010092 -0.003202 -0.007284 0.000018 0.000013 0.000026
    60 0.000240 0.099802 -0.000395 -0.018823 0.010833 -0.239219
    61 -0.203197 0.048607 0.069150 -3.093332 0.033217 -0.046722
    62 1.180428 -0.006214 0.000780 -0.000026 0.000012 0.000009
    63 -0.000196 0.099625 -0.000034 0.000000 0.000000 -0.314102
    64 -0.088736 -0.688435 -0.145203 2.930407 -0.136130 0.513013
    65 1.707031 0.000721 -0.000195 0.000000 0.000000 0.000000
    66 -0.000580 0.100145 -0.000311 -0.010912 0.023129 -0.260841
    67 -0.146030 -0.232426 -0.014225 3.028455 -0.094299 0.113020
    68 1.290632 0.000362 -0.000032 0.000000 0.000000 0.000000
    69 -0.658121 -0.003575 0.072645 -0.142711 0.027792 -0.077299
    70 1.871986 -0.003049 0.006083 0.000003 -0.000021 0.000030
    71 1.200079 0.399944 -0.000093 0.009465 -0.016087 0.007127
    72 0.000591 0.100342 0.000319 0.120035 0.021926 -0.209617
    73 0.068077 0.002285 -0.080050 3.111376 -0.069366 -0.060847
    74 2.015780 -0.005083 0.002180 -0.000013 -0.000013 0.000069
    75 0.000229 0.099802 0.000395 0.018823 -0.010833 -0.239219
    76 -0.018673 -0.001009 0.047544 3.109244 0.002635 -0.106673
    77 1.178665 0.001595 0.000845 0.000018 -0.000012 0.000004
    78 -0.000198 0.099628 0.000034 0.000000 0.000000 -0.314102
    79 0.036892 -0.634449 0.266284 -2.801062 0.174301 0.490914
    80 1.704350 -0.002506 -0.000686 -0.000010 0.000023 0.000046
    81 -0.000576 0.100136 0.000311 0.010912 -0.023129 -0.260841
    82 -0.003952 -0.281811 0.115047 -3.059162 0.089004 0.167964
    83 1.289627 0.003949 0.000061 -0.000014 0.000003 0.000003
    84 -0.171528 -0.018148 -0.099873 0.013484 -0.062184 -0.011780
    85 0.919434 -0.000298 -0.000422 0.000000 0.000000 0.000000
    86 -0.342617 0.053404 -0.025571 -2.909301 -0.017248 0.075276
    87 1.100231 -0.000930 -0.002434 0.000009 0.000026 0.000010
    88 -0.384983 0.330998 0.006848 -3.087207 -0.018765 -0.184279
    89 0.678146 0.006192 0.000002 -0.000018 -0.000019 0.000055
    90 -0.123848 0.072737 0.029507 2.898184 -0.060627 0.094834
    91 1.017166 -0.000154 -0.000252 -0.000023 -0.000014 0.000037
    92 -0.344986 0.123129 0.143151 2.994981 0.012396 0.059140
    93 -0.730988 0.177046 0.039141 -0.123731 0.076518 -0.084310
    94 0.925900 0.001298 -0.000896 -0.000002 -0.000011 0.000021
    95 -0.124027 -0.052092 0.038496 3.077813 -0.008519 0.039229
    96 1.100430 -0.007458 0.000503 -0.000006 0.000018 0.000035
    97 -0.330082 0.160641 0.042780 3.128073 0.034033 -0.171236
    98 0.675854 0.005438 0.003272 0.000014 0.000003 0.000010
    99 -0.019516 -0.016531 0.038578 -2.763781 0.050305 0.076828
    100 1.014985 0.001206 0.001121 0.000006 0.000007 0.000018
    101 -0.155312 0.130643 -0.021921 -3.022466 0.022433 -0.024903
    102 -0.252209 0.061937 -0.024914 -0.007671 -0.063171 -0.044392
    103 -0.085991 0.185203 -0.015180 -2.937063 -0.113970 -0.138991
    104 -0.286537 0.179852 0.024264 -3.109353 -0.049645 -0.029915
    105 -0.019489 0.147084 0.079203 2.893815 0.038585 -0.060594
    106 -0.046482 0.251898 0.129548 3.016165 0.077112 -0.042864
    107 0.039120 -0.040298 0.047739 3.084219 0.030470 -0.037414
    108 -0.233757 0.066630 0.001754 -3.133086 0.040141 -0.065413
    109 0.044266 0.020128 0.001684 -2.778763 -0.118872 -0.040488
    110 0.071495 0.074127 -0.048302 -3.035917 -0.059482 0.104366
    111 0.000000 -3.437605 54.333689 0.000383 0.000094 -1.570516
    112 -8.441664 -27.797723 40.141850 2.328848 0.122968 -2.139566
    113 -1.142999 -0.001000 0.273999 0.000000 0.000000 1.570816
    114 -0.943998 0.000000 1.776996 0.000000 0.000000 0.000000
    115 2.039996 -0.296999 1.310997 0.000000 0.000000 -1.570817
    116 -0.653999 0.000000 -1.549997 0.000000 0.000000 0.000000
    117 4.078125 0.000000 -0.139893 0.000000 0.000000 0.000000
    118 1.636719 0.000000 -0.501953 0.000000 0.000000 0.000000
    119 2.437500 0.000000 0.764648 0.000000 0.000000 0.000000
    120 -0.898998 0.000000 -1.088998 0.000000 0.000000 0.000000
    121 2.025996 -0.001000 0.680999 0.000000 0.000000 1.570816
    122 0.000000 0.000000 0.000000 0.000000 0.000000 -1.570816
    123 0.711998 0.439999 -0.805998 0.000000 0.000000 1.570815
    124 -1.474998 0.000000 0.073000 0.000000 0.000000 1.570816
    125 1.889997 0.409999 0.284999 1.570815 0.000000 0.000000
    126 0.000000 0.000000 0.000000 0.000000 0.000000 0.000000
    127 -0.106000 0.000000 64.320000 0.000000 0.000000 0.000000
    128 0.000000 0.000000 0.000000 0.000000 0.000000 0.000000
    129 0.000000 0.000000 0.000000 -0.000060 -0.000084 0.000000
    130 14.184272 0.000486 0.141708 0.000327 0.000112 0.000237
    131 0.106000 0.000000 -64.320000 0.000000 0.000000 0.000000
    132 0.000000 0.000000 0.000000 0.000000 0.000000 0.000000
    133 0.000000 0.000000 -4.867002 0.000000 0.000000 0.000000
    134 0.000000 0.000000 4.867000 0.000000 0.000000 0.000000
    135 4.000000 -6.500000 0.000000 0.000000 0.000000 0.000000
    136 -6.500000 0.000000 0.000000 0.000000 0.000000 0.000000
    137 1.000088 -0.000029 0.000000 0.000000 0.000000 0.000000
    138 17.162516 -0.000404 0.000000 0.000000 0.000000 0.000000
    139 9.999891 -0.000303 0.000000 0.000000 0.000000 0.000000
    140 1.000088 -0.000029 0.000000 0.000000 0.000000 0.000000
    141 17.162516 -0.000404 0.000000 0.000000 0.000000 0.000000
    142 9.499836 0.000212 0.000000 0.000000 0.000000 0.000000
    143 0.000000 0.000000 0.000000 0.000000 0.000000 0.000000
    144 17.749374 0.295515 0.000000 0.000000 0.000000 0.000000
    145 0.017889 0.299792 0.000000 0.000000 0.000000 0.000000
    146 12.283573 1.581456 -4.696000 1.462269 -0.086726 0.090185
    147 17.749376 0.295515 0.000000 0.000000 0.000000 0.000000
    148 0.017889 0.299792 0.000000 0.000000 0.000000 0.000000
    149 13.354000 0.000000 0.000000 0.000000 0.000000 0.000000
    150 4.530998 0.000000 0.000000 0.000000 0.000000 0.000000
    151 0.000000 0.000000 0.000000 0.000000 0.000000 0.000000
    152 5.413524 0.000347 0.000000 0.000000 0.000000 0.000000
    153 5.413524 0.000347 0.000000 0.000000 0.000000 0.000000
    154 4.662002 -5.366333 4.825191 1.569713 1.561305 -3.121213
    155 3.116966 -0.000443 0.000000 0.000000 0.000000 0.000000
    156 0.000000 0.000000 0.000000 0.000000 0.000000 0.000000
    157 -1.607000 0.000000 0.565000 0.000000 0.314158 0.000000
    158 -1.605469 0.000000 0.564453 0.000000 0.314158 0.000000
    159 -1.533000 0.000000 1.131000 -0.262473 -0.000006 1.570754
    160 -1.532227 0.000000 1.130859 -0.262470 -0.000006 1.570749
    161 0.000000 -0.001000 0.000000 0.000000 0.000000 0.000000
    162 3.867000 0.000000 0.228000 0.000000 0.000000 0.000000
    163 3.512001 -3.547000 -1.066000 0.000000 1.570796 0.000000
    164 3.456001 -3.517000 1.169000 0.000000 1.570796 0.000000
    165 6.233002 0.000000 0.000000 0.000000 0.000000 0.000000
    166 -0.171997 -0.106000 -0.902000 1.570713 1.029176 -3.134550
    167 6.241997 -6.380000 0.000000 0.000000 0.000060 0.000084
    168 -3.106999 0.000000 0.669000 0.000000 0.000000 0.000000
    169 -3.106999 0.000000 0.741000 0.000000 0.000000 0.000000
    170 -3.252000 0.000000 0.540000 0.000000 0.000000 0.000000
    171 3.999434 -0.000528 -0.000332 0.002388 -0.000029 -0.000023
    172 3.999901 0.000038 0.001011 0.000006 -0.000001 -0.000001
    173 1.598000 0.000000 0.000000 0.000000 0.000000 0.000000
    174 -1.145525 0.000130 0.000668 0.000000 0.000000 0.000000
    175 2.299681 -2.499979 -0.599480 0.000014 0.000013 -0.000003
    176 -9.580589 -27.860225 -37.179709 0.000147 -0.000010 -0.000139
    177 -9.580679 -27.862110 -37.184673 0.812879 -0.123459 -0.568477
    178 0.649933 -0.548295 0.093651 -1.665913 -0.131399 -0.112062
    179 0.657077 0.008401 0.040371 -1.665945 -0.131407 -0.000013
    180 0.665776 0.747221 -0.029190 -1.665935 -0.131408 0.094976
    181 2.300139 -2.499414 0.600159 -0.000027 -0.000013 -0.000016
    182 -18.905429 -8.423168 0.002100 0.000054 -0.000014 0.000022
    183 2.762354 0.116951 1.523975 1.629482 0.064153 1.743800
    184 7.228323 7.928203 -3.925652 2.328713 0.123459 -0.568477
    185 0.650394 -0.547730 -0.092979 1.665913 0.131399 -0.112062
    186 0.657069 0.008399 -0.040379 1.665945 0.131407 -0.000013
    187 0.665772 0.747219 0.029182 1.665935 0.131408 0.094976
    188 -4.481003 -0.202000 0.000000 0.000000 0.000000 0.000000
    189 -5.516998 -0.291000 -0.001000 0.000000 0.000000 0.000000
    190 -0.857697 0.104070 0.104687 0.023536 0.163924 0.013632
    191 1.899121 0.000427 -0.000439 0.027386 -0.033311 0.477848
    192 1.799658 -0.000240 0.000231 0.027386 -0.033311 0.477848
    193 1.799658 -0.000240 0.000231 0.027386 -0.033311 0.477848
    194 1.799658 -0.000240 0.000231 0.027386 -0.033311 0.477848
    195 1.900312 -0.000137 -0.000517 0.027386 -0.033311 0.477848
    196 1.899436 -0.000320 -0.000151 -0.027386 0.033311 0.477848
    197 1.799664 -0.000233 -0.000233 -0.027386 0.033311 0.477848
    198 1.799664 -0.000233 -0.000233 -0.027386 0.033311 0.477848
    199 1.799664 -0.000233 -0.000233 -0.027386 0.033311 0.477848
    200 1.900729 0.000549 -0.000072 -0.027386 0.033311 0.477848
    201 0.599884 0.400188 -0.000027 0.000000 0.000000 0.000000
    202 0.599888 0.400187 0.000031 0.000000 0.000000 0.000000
    203 0.599503 0.400696 0.000234 0.000000 0.000000 0.000000
    204 0.600399 0.399632 -0.000466 0.000000 0.000000 -0.000095
  time 23
    0 0.000000 0.000000 0.000000 0.000000 0.000000 -1.570796
    1 -0.106000 0.000000 64.320000 0.000000 0.000000 0.000000
    2 0.000000 0.000000 0.000000 0.000000 0.000000 0.000000
    3 -0.904000 0.000000 -11.806000 0.000000 0.000000 0.000000
    4 0.000000 0.000000 -14.313999 0.000000 0.000000 0.000000
    5 3.533001 0.000000 0.000000 0.000000 0.000000 0.000000
    6 6.250000 0.000000 0.000000 0.000000 0.000000 0.000000
    7 9.568951 -0.019507 -1.944020 -0.000078 0.000000 -0.000050
    8 9.568951 -0.011694 1.940126 0.000040 -0.000001 -0.000051
    9 5.786820 0.002787 -0.004020 0.000050 0.000039 0.000148
    10 5.999492 -0.000592 -4.000343 0.000000 0.000000 0.000000
    11 5.787410 0.002582 0.004799 -0.000044 -0.000037 0.000114
    12 5.999492 -0.000592 4.000336 0.000000 0.000000 0.000000
    13 0.500225 0.000133 -0.000088 0.000000 0.000000 0.000000
    14 11.534559 0.004255 -0.001312 -0.000017 0.000009 -0.000130
    15 -0.829338 0.893824 0.079659 -0.148839 0.047645 0.087266
    16 0.500225 0.000132 0.000076 0.000000 0.000000 0.000000
    17 11.532495 0.004432 -0.000089 0.000006 -0.000022 -0.000011
    18 -0.829586 0.894698 -0.079464 0.045377 -0.019621 0.087266
    19 10.599884 0.000105 -0.000553 0.000000 0.000000 0.000000
    20 0.119665 -0.275181 -0.000805 0.000000 0.000011 0.000002
    21 11.042057 0.003717 0.000798 -0.000114 -0.000017 0.000048
    22 -1.214832 0.203470 -0.477489 -0.135025 -0.078677 -0.001289
    23 10.599880 0.000105 0.000549 0.000000 0.000000 0.000000
    24 0.119663 -0.275181 0.000801 0.000000 -0.000011 0.000034
    25 11.041742 0.003171 -0.000571 -0.000003 0.000016 0.000062
    26 -1.063377 0.077663 0.150230 0.045121 0.020046 -0.012850
    27 0.610302 -0.939470 0.070343 0.000000 -0.000015 -0.000018
    28 0.639940 -0.199121 0.060188 -0.000051 -0.000016 -0.000004
    29 0.600155 1.080261 -0.339535 -0.000053 0.000009 0.000003
    30 0.610207 0.400743 -0.010101 0.000000 -0.000015 0.000003
    31 0.634715 -0.693997 -0.236250 0.000016 0.000017 -0.000067
    32 -0.792125 0.203736 0.461300 1.439074 -0.003453 -0.018305
    33 0.610300 -0.939469 -0.070351 0.000050 0.000015 -0.000018
    34 0.639937 -0.199121 -0.060200 0.000051 0.000017 -0.000004
    35 0.600157 1.080259 0.339531 0.000053 -0.000021 0.000015
    36 0.610205 0.400743 0.010086 0.000108 0.000003 0.000003
    37 0.629883 -0.689453 0.230347 0.000000 0.000000 0.000000
    38 -0.626031 -0.069983 -0.080517 -1.447153 0.086151 0.021559
    39 2.625284 -0.002532 -0.001438 0.000015 -0.000019 0.000018
    40 2.664743 0.000397 -0.000071 -0.000015 -0.000017 0.000051
    41 2.206394 0.003368 -0.002863 -0.000002 -0.000025 0.000012
    42 0.599952 0.959240 -0.300102 -0.174544 0.000000 0.000000
    43 2.557190 -0.005873 0.006359 0.000013 0.000023 0.000037
    44 2.095024 -0.003873 -0.006100 -0.000007 0.000020 0.000006
    45 0.999380 -0.000236 -1.209370 -0.000001 0.000000 0.000000
    46 -0.122639 -0.721856 0.661690 -0.486644 0.223964 0.243056
    47 2.622113 -0.000648 0.002741 -0.000019 0.000002 0.000003
    48 2.657909 0.004589 -0.000533 0.000018 0.000003 0.000022
    49 2.200016 0.001663 0.000836 0.000000 -0.000013 0.000047
    50 0.599951 0.959244 0.300102 0.174544 0.000000 0.000000
    51 2.556570 -0.004291 0.000554 -0.000002 0.000009 0.000037
    52 2.097656 -0.000093 -0.000404 0.000000 0.000000 0.000000
    53 0.999374 -0.000237 1.209362 0.000000 0.000000 0.000001
    54 0.310846 -0.606445 -0.498005 0.308107 -0.197598 0.313976
    55 1.873069 -0.004741 -0.004901 -0.000007 0.000004 0.000036
    56 1.200941 0.399582 -0.000237 -0.009465 0.016087 0.007127
    57 0.000586 0.100342 -0.000319 -0.120035 -0.021926 -0.209617
    58 -0.161663 0.051712 0.194808 -2.941982 0.122408 -0.060194
    59 2.010092 -0.003202 -0.003377 0.000018 0.000013 0.000026
    60 0.000240 0.099802 -0.000395 -0.018823 0.010833 -0.239219
    61 -0.203197 0.048607 0.069150 -3.093332 0.033217 -0.046722
    62 1.180428 -0.006214 0.000780 -0.000014 0.000000 0.000009
    63 -0.000196 0.099625 -0.000034 0.000000 0.000000 -0.314102
    64 -0.088736 -0.688435 -0.145203 2.930407 -0.136130 0.513013
    65 1.707031 0.000721 -0.000195 0.000000 0.000000 0.000000
    66 -0.000580 0.100145 -0.000311 -0.010912 0.023129 -0.260841
    67 -0.146030 -0.232426 -0.014225 3.028455 -0.094299 0.113020
    68 1.290632 0.000362 -0.000032 0.000000 0.000000 0.000000
    69 -0.658121 -0.003575 0.072645 -0.142711 0.027792 -0.077299
    70 1.868080 -0.003049 0.002176 0.000003 -0.000021 0.000030
    71 1.200079 0.399944 -0.000093 0.009465 -0.016087 0.007127
    72 0.000591 0.100342 0.000319 0.120035 0.021926 -0.209617
    73 0.068077 0.002285 -0.080050 3.111376 -0.069366 -0.060847
    74 2.015780 -0.005083 0.002180 -0.000013 -0.000013 0.000069
    75 0.000229 0.099802 0.000395 0.018823 -0.010833 -0.239219
    76 -0.018673 -0.001009 0.047544 3.109244 0.002635 -0.106673
    77 1.178665 0.001595 0.000845 0.000018 -0.000012 0.000004
    78 -0.000198 0.099628 0.000034 0.000000 0.000000 -0.314102
    79 0.036892 -0.634449 0.266284 -2.801062 0.174301 0.490914
    80 1.704350 -0.002506 -0.004592 -0.000010 0.000023 0.000046
    81 -0.000576 0.100136 0.000311 0.010912 -0.023129 -0.260841
    82 -0.003952 -0.281811 0.115047 -3.059162 0.089004 0.167964
    83 1.289627 0.003949 0.000061 -0.000014 0.000003 0.000003
    84 -0.171528 -0.018148 -0.099873 0.013484 -0.062184 -0.011780
    85 0.919434 -0.000298 -0.000422 0.000000 0.000000 0.000000
    86 -0.342617 0.053404 -0.025571 -2.909301 -0.017248 0.075276
    87 1.100231 -0.000930 -0.002434 0.000009 0.000014 0.000010
    88 -0.384983 0.330998 0.006848 -3.087207 -0.018765 -0.184279
    89 0.678146 0.006192 0.000002 -0.000018 -0.000019 0.000055
    90 -0.123848 0.072737 0.029507 2.898184 -0.060627 0.094834
    91 1.017166 -0.000154 -0.000252 -0.000023 -0.000014 0.000037
    92 -0.344986 0.123129 0.143151 2.994981 0.012396 0.059140
    93 -0.730988 0.177046 0.039141 -0.123731 0.076518 -0.084310
    94 0.925900 0.001298 -0.000896 -0.000002 -0.000011 0.000021
    95 -0.124027 -0.052092 0.038496 3.077813 -0.008519 0.039229
    96 1.100430 -0.007458 0.000503 -0.000006 0.000018 0.000035
    97 -0.330082 0.160641 0.042780 3.128073 0.034033 -0.171236
    98 0.675854 0.005438 0.003272 0.000014 0.000003 0.000010
    99 -0.019516 -0.016531 0.038578 -2.763781 0.050305 0.076828
    100 1.014985 0.001206 0.001121 0.000006 0.000007 0.000018
    101 -0.155312 0.130643 -0.021921 -3.022466 0.022433 -0.024903
    102 -0.252209 0.061937 -0.024914 -0.007671 -0.063171 -0.044392
    103 -0.085991 0.185203 -0.015180 -2.937063 -0.113970 -0.138991
    104 -0.286537 0.179852 0.024264 -3.109353 -0.049645 -0.029915
    105 -0.019489 0.147084 0.079203 2.893815 0.038585 -0.060594
    106 -0.046482 0.251898 0.129548 3.016165 0.077112 -0.042864
    107 0.039120 -0.040298 0.047739 3.084219 0.030470 -0.037414
    108 -0.233757 0.066630 0.001754 -3.133086 0.040141 -0.065413
    109 0.044266 0.020128 0.001684 -2.778763 -0.118872 -0.040488
    110 0.071495 0.074127 -0.048302 -3.035917 -0.059482 0.104366
    111 0.000000 -3.445418 54.337596 0.000000 0.000000 -1.570796
    112 -8.437757 -27.782098 40.134037 2.328620 0.123433 -2.139197
    113 -1.142999 -0.001000 0.273999 0.000000 0.000000 1.570816
    114 -0.943998 0.000000 1.776996 0.000000 0.000000 0.000000
    115 2.039996 -0.296999 1.310997 0.000000 0.000000 -1.570817
    116 -0.653999 0.000000 -1.549997 0.000000 0.000000 0.000000
    117 4.078125 0.000000 -0.139893 0.000000 0.000000 0.000000
    118 1.636719 0.000000 -0.501953 0.000000 0.000000 0.000000
    119 2.437500 0.000000 0.764648 0.000000 0.000000 0.000000
    120 -0.898998 0.000000 -1.088998 0.000000 0.000000 0.000000
    121 2.025996 -0.001000 0.680999 0.000000 0.000000 1.570816
    122 0.000000 0.000000 0.000000 0.000000 0.000000 -1.570816
    123 0.711998 0.439999 -0.805998 0.000000 0.000000 1.570815
    124 -1.474998 0.000000 0.073000 0.000000 0.000000 1.570816
    125 1.889997 0.409999 0.284999 1.570815 0.000000 0.000000
    126 0.000000 0.000000 0.000000 0.000000 0.000000 0.000000
    127 -0.106000 0.000000 64.320000 0.000000 0.000000 0.000000
    128 0.000000 0.000000 0.000000 0.000000 0.000000 0.000000
    129 0.000000 0.000000 0.000000 0.000000 0.000000 0.000000
    130 14.192084 0.000486 0.145614 -0.000101 0.000018 0.000050
    131 0.106000 0.000000 -64.320000 0.000000 0.000000 0.000000
    132 0.000000 0.000000 0.000000 0.000000 0.000000 0.000000
    133 0.000000 0.000000 -4.867002 0.000000 0.000000 0.000000
    134 0.000000 0.000000 4.867000 0.000000 0.000000 0.000000
    135 4.000000 -6.500000 0.000000 0.000000 0.000000 0.000000
    136 -6.500000 0.000000 0.000000 0.000000 0.000000 0.000000
    137 1.000088 -0.000029 0.000000 0.000000 0.000000 0.000000
    138 17.162516 -0.000404 0.000000 0.000000 0.000000 0.000000
    139 9.999891 -0.000303 0.000000 0.000000 0.000000 0.000000
    140 1.000088 -0.000029 0.000000 0.000000 0.000000 0.000000
    141 17.162516 -0.000404 0.000000 0.000000 0.000000 0.000000
    142 9.499836 0.000212 0.000000 0.000000 0.000000 0.000000
    143 0.000000 0.000000 0.000000 0.000000 0.000000 0.000000
    144 17.749374 0.295515 0.000000 0.000000 0.000000 0.000000
    145 0.017889 0.299792 0.000000 0.000000 0.000000 0.000000
    146 12.283573 1.581456 -4.696000 1.462269 -0.086726 0.090185
    147 17.749376 0.295515 0.000000 0.000000 0.000000 0.000000
    148 0.017889 0.299792 0.000000 0.000000 0.000000 0.000000
    149 13.354000 0.000000 0.000000 0.000000 0.000000 0.000000
    150 4.530998 0.000000 0.000000 0.000000 0.000000 0.000000
    151 0.000000 0.000000 0.000000 0.000000 0.000000 0.000000
    152 5.413524 0.000347 0.000000 0.000000 0.000000 0.000000
    153 5.413524 0.000347 0.000000 0.000000 0.000000 0.000000
    154 4.662002 -5.366333 4.825191 1.569713 1.561305 -3.121213
    155 3.116966 -0.000443 0.000000 0.000000 0.000000 0.000000
    156 0.000000 0.000000 0.000000 0.000000 0.000000 0.000000
    157 -1.607000 0.000000 0.565000 0.000000 0.314158 0.000000
    158 -1.605469 0.000000 0.564453 0.000000 0.314158 0.000000
    159 -1.533000 0.000000 1.131000 -0.262473 -0.000006 1.570754
    160 -1.532227 0.000000 1.130859 -0.262470 -0.000006 1.570749
    161 0.000000 -0.001000 0.000000 0.000000 0.000000 0.000000
    162 3.867000 0.000000 0.228000 0.000000 0.000000 0.000000
    163 3.512001 -3.547000 -1.066000 0.000000 1.570796 0.000000
    164 3.456001 -3.517000 1.169000 0.000000 1.570796 0.000000
    165 6.233002 0.000000 0.000000 0.000000 0.000000 0.000000
    166 -0.171997 -0.106000 -0.902000 1.570713 1.029176 -3.134550
    167 6.241997 -6.380000 0.000000 0.000000 0.000000 0.000000
    168 -3.106999 0.000000 0.669000 0.000000 0.000000 0.000000
    169 -3.106999 0.000000 0.741000 0.000000 0.000000 0.000000
    170 -3.252000 0.000000 0.540000 0.000000 0.000000 0.000000
    171 3.999434 -0.000528 -0.000332 -0.000004 -0.000017 -0.000023
    172 3.999901 0.000038 0.001011 0.000006 -0.000001 -0.000001
    173 1.598000 0.000000 0.000000 0.000000 0.000000 0.000000
    174 -1.145525 0.000130 0.000668 0.000000 0.000000 0.000000
    175 2.299681 -2.499979 -0.599480 0.000014 0.000013 -0.000003
    176 -9.580589 -27.856319 -37.179709 0.000147 -0.000010 -0.000139
    177 -9.580679 -27.862110 -37.184673 0.812879 -0.123459 -0.568477
    178 0.649933 -0.548295 0.093651 -1.665913 -0.131399 -0.112062
    179 0.657077 0.008401 0.040371 -1.665945 -0.131407 -0.000013
    180 0.665776 0.747221 -0.029190 -1.665935 -0.131408 0.094976
    181 2.300139 -2.499414 0.600159 0.000000 -0.000013 -0.000016
    182 -18.909335 -8.427074 0.006006 0.000054 -0.000014 0.000046
    183 2.762354 0.116951 1.523975 1.629482 0.064153 1.743800
    184 7.228323 7.928203 -3.925652 2.328713 0.123459 -0.568477
    185 0.650394 -0.547730 -0.092979 1.665913 0.131399 -0.112062
    186 0.657069 0.008399 -0.040379 1.665945 0.131407 -0.000013
    187 0.665772 0.747219 0.029182 1.665935 0.131408 0.094976
    188 -4.481003 -0.202000 0.000000 0.000000 0.000000 0.000000
    189 -5.516998 -0.291000 -0.001000 0.000000 0.000000 0.000000
    190 -0.857697 0.104070 0.104687 0.023536 0.163924 0.013632
    191 1.899121 0.000427 -0.000439 0.027386 -0.033311 0.477848
    192 1.799658 -0.000240 0.000231 0.027386 -0.033311 0.477848
    193 1.799658 -0.000240 0.000231 0.027386 -0.033311 0.477848
    194 1.799658 -0.000240 0.000231 0.027386 -0.033311 0.477848
    195 1.900312 -0.000137 -0.000517 0.027386 -0.033311 0.477848
    196 1.899436 -0.000320 -0.000151 -0.027386 0.033311 0.477848
    197 1.799664 -0.000233 -0.000233 -0.027386 0.033311 0.477848
    198 1.799664 -0.000233 -0.000233 -0.027386 0.033311 0.477848
    199 1.799664 -0.000233 -0.000233 -0.027386 0.033311 0.477848
    200 1.900729 0.000549 -0.000072 -0.027386 0.033311 0.477848
    201 0.599884 0.400188 -0.000027 0.000000 0.000000 0.000000
    202 0.599888 0.400187 0.000031 0.000000 0.000000 0.000000
    203 0.599503 0.400696 0.000234 0.000000 0.000000 0.000000
    204 0.600399 0.399632 -0.000466 0.000000 0.000000 -0.000095
end
